legal_articles,old_category,new_category,rule_applied
《出租汽车驾驶员从业资格管理规定》第十七条,交通运输,交通运输违规,重命名: 交通运输 -> 交通运输违规
《出租汽车客运经营资格证》,交通运输,交通运输违规,重命名: 交通运输 -> 交通运输违规
《上海市公共汽车和电车客运管理条例》第四十九条第一款第六项,交通运输,交通运输违规,重命名: 交通运输 -> 交通运输违规
《采集的车辆照片》,交通运输,交通运输违规,重命名: 交通运输 -> 交通运输违规
《城市道路管理条例》第四十二条,交通运输,交通运输违规,重命名: 交通运输 -> 交通运输违规
《机动车驾驶员培训备案表》,交通运输,交通运输违规,重命名: 交通运输 -> 交通运输违规
《机动车驾驶证》,交通运输,交通运输违规,重命名: 交通运输 -> 交通运输违规
《李钦全车辆在公路上擅自超限行驶（车货总质量超限）行政处罚决定书》,交通运输,交通运输违规,重命名: 交通运输 -> 交通运输违规
《广州市巡游出租汽车客运管理条例》第二十六条第（五）项,交通运输,交通运输违规,重命名: 交通运输 -> 交通运输违规
《浙江睡城市道路管理办法》第三十六条,交通运输,交通运输违规,重命名: 交通运输 -> 交通运输违规
《福州市客运出租汽车管理办法》第十八条第一项,交通运输,交通运输违规,重命名: 交通运输 -> 交通运输违规
《杭州市临安区人民政府关于划定禁止使用高排放非道路移动机械区域的通告》,交通运输,交通运输违规,重命名: 交通运输 -> 交通运输违规
《上海市公共汽车和电车客运管理条例》第三十条第三款第四项的规定,交通运输,交通运输违规,重命名: 交通运输 -> 交通运输违规
《2018年全省道路客运、货运行业安保工作第三方暗查结果通报（第一期）》,交通运输,交通运输违规,重命名: 交通运输 -> 交通运输违规
《福州市客运出租汽车管理办法》第二十四条第九项,交通运输,交通运输违规,重命名: 交通运输 -> 交通运输违规
《机动车驾驶培训许可证》,交通运输,交通运输违规,重命名: 交通运输 -> 交通运输违规
《上海市公共汽车和电车客运管理条例》第三十条第三款第一项的规定,交通运输,交通运输违规,重命名: 交通运输 -> 交通运输违规
《上海市公共汽车和电车客运管理条例》第三十条第三款第一项,交通运输,交通运输违规,重命名: 交通运输 -> 交通运输违规
《普通公路车辆路面动态检测技术监控现场检测信息单》,交通运输,交通运输违规,重命名: 交通运输 -> 交通运输违规
《吉林省城市公共客运管理条例》第四十六条第(八)项,交通运输,交通运输违规,重命名: 交通运输 -> 交通运输违规
《电镀、车辆配件生产项目自查评估报告》,交通运输,交通运输违规,重命名: 交通运输 -> 交通运输违规
《吉林省城市公共客运管理条例》第三十四条,交通运输,交通运输违规,重命名: 交通运输 -> 交通运输违规
《吉林省交通行政处罚裁量规则》第十三条,交通运输,交通运输违规,重命名: 交通运输 -> 交通运输违规
《古蔺东区客运站班车营收结算单》,交通运输,交通运输违规,重命名: 交通运输 -> 交通运输违规
《盐城大丰丰捷物流有限公司“2.28”一般高处坠落事故调查报告》,交通运输,交通运输违规,重命名: 交通运输 -> 交通运输违规
《盐城市大丰区人民政府关于盐城大丰丰捷物流有限公司“2.28”一般高处坠落事故调查报告的批复》,交通运输,交通运输违规,重命名: 交通运输 -> 交通运输违规
《上海市公共汽车和电车客运管理条例》第三十条第三款第三项的规定,交通运输,交通运输违规,重命名: 交通运输 -> 交通运输违规
《湖北省汽车客运站收费项目及标准表》,交通运输,交通运输违规,重命名: 交通运输 -> 交通运输违规
《北京市交通委员会关于暂停出租汽车在丰台区运营有关事宜的通知》,交通运输,交通运输违规,重命名: 交通运输 -> 交通运输违规
《海南经济特区机动车辆通行附加费征收管理条例》第九条的规定,交通运输,交通运输违规,重命名: 交通运输 -> 交通运输违规
《当事人驾驶证复印件》,交通运输,交通运输违规,重命名: 交通运输 -> 交通运输违规
《当事人驾驶证照片》,交通运输,交通运输违规,重命名: 交通运输 -> 交通运输违规
《江苏省苏南运河交通管理办法》第十三条,交通运输,交通运输违规,重命名: 交通运输 -> 交通运输违规
《江苏省内河交通管理条例》第三十条第二款,交通运输,交通运输违规,重命名: 交通运输 -> 交通运输违规
《汕头经济特区城市公共汽车交通条例》第二十九条,交通运输,交通运输违规,重命名: 交通运输 -> 交通运输违规
《汕头经济特区城市公共汽车交通条例》第三十三条第六项,交通运输,交通运输违规,重命名: 交通运输 -> 交通运输违规
《佛山市高明合顺气体有限公司车辆进出放行单》,交通运输,交通运输违规,重命名: 交通运输 -> 交通运输违规
《汕头经济特区城市公共汽车交通条例》第三十三条第一项至第六项,交通运输,交通运输违规,重命名: 交通运输 -> 交通运输违规
《温州市龙湾区综合行政执法局城市道路挖掘许可证》,交通运输,交通运输违规,重命名: 交通运输 -> 交通运输违规
《汕头经济特区出租汽车客运条例》,交通运输,交通运输违规,重命名: 交通运输 -> 交通运输违规
《余姚市人民政府关于余姚市红日机械有限公司“3.28”一般车辆伤害事故调查报告的批复》,交通运输,交通运输违规,重命名: 交通运输 -> 交通运输违规
《杭州市客运出租汽车管理条例》第二十一条第(八)项,交通运输,交通运输违规,重命名: 交通运输 -> 交通运输违规
《挖掘道路许可证》,交通运输,交通运输违规,重命名: 交通运输 -> 交通运输违规
《教学车辆证》,交通运输,交通运输违规,重命名: 交通运输 -> 交通运输违规
《整治公路货车违法超限超载行为专项行动方案》,交通运输,交通运输违规,重命名: 交通运输 -> 交通运输违规
《案件线索内部移交通知书》,交通运输,交通运输违规,重命名: 交通运输 -> 交通运输违规
《松原市“10.4”重大道路交通事故调查组调查报告》,交通运输,交通运输违规,重命名: 交通运输 -> 交通运输违规
《杭州市水上交通管理条例》第四十二条第（一）项,交通运输,交通运输违规,重命名: 交通运输 -> 交通运输违规
《现场车辆照片》,交通运输,交通运输违规,重命名: 交通运输 -> 交通运输违规
《杭州市水上交通管理条例》第二十一条第二款,交通运输,交通运输违规,重命名: 交通运输 -> 交通运输违规
《杭州市客运出租汽车管理条例》第十四条第(五)项,交通运输,交通运输违规,重命名: 交通运输 -> 交通运输违规
《杭州市客运出租汽车管理条例》第十七条第（五）项,交通运输,交通运输违规,重命名: 交通运输 -> 交通运输违规
《杭州市客运出租汽车管理条例》第二十三条第二款,交通运输,交通运输违规,重命名: 交通运输 -> 交通运输违规
《杭州市客运出租汽车管理条例》第二十一条第(十一)项,交通运输,交通运输违规,重命名: 交通运输 -> 交通运输违规
《海南经济特区机动车辆通行附加费征收管理条例》,交通运输,交通运输违规,重命名: 交通运输 -> 交通运输违规
《开县发展改革委开县交通局关于进一步规范我县境内农村公路班车客运票价的通知》,交通运输,交通运输违规,重命名: 交通运输 -> 交通运输违规
《广州市巡游出租汽车客运管理条例》第二十六条第（二）项,交通运输,交通运输违规,重命名: 交通运输 -> 交通运输违规
《出租汽车驾驶员从业资格管理规定》第四十三条,交通运输,交通运输违规,重命名: 交通运输 -> 交通运输违规
《出租汽车驾驶员从业资格管理规定》第四十三条第三项,交通运输,交通运输违规,重命名: 交通运输 -> 交通运输违规
《出租汽车驾驶员从业资格管理规定》第四十二条,交通运输,交通运输违规,重命名: 交通运输 -> 交通运输违规
《出租汽车驾驶员从业资格管理规定》第四十四条第一款第（一）项,交通运输,交通运输违规,重命名: 交通运输 -> 交通运输违规
《出租汽车驾驶员从业资格管理规定》第四十四条第（二）项,交通运输,交通运输违规,重命名: 交通运输 -> 交通运输违规
《出租汽车驾驶员从业资格管理规定》第四十条第一款第九项,交通运输,交通运输违规,重命名: 交通运输 -> 交通运输违规
《动态公路车辆自动衡器检定规程》,交通运输,交通运输违规,重命名: 交通运输 -> 交通运输违规
《物流管理服务合同》,交通运输,交通运输违规,重命名: 交通运输 -> 交通运输违规
《北京市交通委员会行政处罚决定书》,交通运输,交通运输违规,重命名: 交通运输 -> 交通运输违规
《杭州市客运出租汽车管理条例》第三十六条第(一)项,交通运输,交通运输违规,重命名: 交通运输 -> 交通运输违规
《杭州市客运出租汽车管理条例》第三十六条第(二)项,交通运输,交通运输违规,重命名: 交通运输 -> 交通运输违规
《班线客车经济责任考核合同》,交通运输,交通运输违规,重命名: 交通运输 -> 交通运输违规
《广州市治理车辆超限超载工作协调小组办公室关于抄告2021年6月份超限车辆在广州市违法情况的函》,交通运输,交通运输违规,重命名: 交通运输 -> 交通运输违规
《杭州市客运出租汽车管理条例》第三十条第一款第(九)项,交通运输,交通运输违规,重命名: 交通运输 -> 交通运输违规
《杭州市客运出租汽车管理条例》第三十条第一款第(二)项,交通运输,交通运输违规,重命名: 交通运输 -> 交通运输违规
《杭州市客运出租汽车管理条例》第三十条第一款第（五）项,交通运输,交通运输违规,重命名: 交通运输 -> 交通运输违规
《全国道路货运车辆公共监管与服务平台》,交通运输,交通运输违规,重命名: 交通运输 -> 交通运输违规
《南宁市城市轨道交通管理条例》第二十二条第一款第(二)项,交通运输,交通运输违规,重命名: 交通运输 -> 交通运输违规
《南宁市城市轨道交通管理条例》第二十二条第(二)项,交通运输,交通运输违规,重命名: 交通运输 -> 交通运输违规
《南宁市出租汽车客运管理条例》第二十二条第二项的规定,交通运输,交通运输违规,重命名: 交通运输 -> 交通运输违规
《南宁市临时占用挖掘城市道路管理办法》第五条第三款的规定,交通运输,交通运输违规,重命名: 交通运输 -> 交通运输违规
《南宁市临时占用挖掘城市道路管理办法》第五条第三款,交通运输,交通运输违规,重命名: 交通运输 -> 交通运输违规
《道路机动车辆生产企业及产品公告》,交通运输,交通运输违规,重命名: 交通运输 -> 交通运输违规
《班车客运定制服务操作指南》,交通运输,交通运输违规,重命名: 交通运输 -> 交通运输违规
《杭州市客运出租汽车管理条例》第三十条第一款第(七)项,交通运输,交通运输违规,重命名: 交通运输 -> 交通运输违规
《广州市巡游出租汽车客运管理条例》第二十六条第(二)项,交通运输,交通运输违规,重命名: 交通运输 -> 交通运输违规
《浙江省城市道路管理办法》第三十六条,交通运输,交通运输违规,重命名: 交通运输 -> 交通运输违规
《驾驶证复印件》,交通运输,交通运输违规,重命名: 交通运输 -> 交通运输违规
《浙 江省城市道路管理办法》第二十七条第（四）项,交通运输,交通运输违规,重命名: 交通运输 -> 交通运输违规
《城市道路管理条例》第四十二条的规定,交通运输,交通运输违规,重命名: 交通运输 -> 交通运输违规
《济南市莱芜区济莱高铁莱芜段林家隧道“8·13”一般车辆伤害事故调查报告》,交通运输,交通运输违规,重命名: 交通运输 -> 交通运输违规
《济南市客运出租汽车管理条例》第二十二条第(一)项,交通运输,交通运输违规,重命名: 交通运输 -> 交通运输违规
《浙江省城市道路管理办法》第二十七条第(五)项,交通运输,交通运输违规,重命名: 交通运输 -> 交通运输违规
《关于近期对客运车辆GPS抽查情况通报》,交通运输,交通运输违规,重命名: 交通运输 -> 交通运输违规
《泉州市营运车辆技术等级评定和二级维护备案记录表》,交通运输,交通运输违规,重命名: 交通运输 -> 交通运输违规
《关于进一步加强车辆超限超载集中治理工作的通知》,交通运输,交通运输违规,重命名: 交通运输 -> 交通运输违规
《关于道路客运行业暗查暗访情况的通报》,交通运输,交通运输违规,重命名: 交通运输 -> 交通运输违规
《关于赣江南昌段水域实施交通管制的航行通告》,交通运输,交通运输违规,重命名: 交通运输 -> 交通运输违规
《浙江省城市道路管理办法》第二十七条第(四)项,交通运输,交通运输违规,重命名: 交通运输 -> 交通运输违规
《浙江省城市道路管理办法》第二十七条第一款第（四）项,交通运输,交通运输违规,重命名: 交通运输 -> 交通运输违规
《关于鄱阳湖、赣江水域实施交通管制的航行通告》,交通运输,交通运输违规,重命名: 交通运输 -> 交通运输违规
《关在全国开展车辆超限超载治理工作的实施方案》,交通运输,交通运输违规,重命名: 交通运输 -> 交通运输违规
《河南省交通行政处罚裁量标准》,交通运输,交通运输违规,重命名: 交通运输 -> 交通运输违规
《广州市公共汽车电车客运管理条例》第三十一条第一款第（二）项,交通运输,交通运输违规,重命名: 交通运输 -> 交通运输违规
《浙江省城市道路管理办法》第二十七条第一项,交通运输,交通运输违规,重命名: 交通运输 -> 交通运输违规
《河北省治理货运车辆超限超载规定》第十九条第一项,交通运输,交通运输违规,重命名: 交通运输 -> 交通运输违规
《河北省治理货运车辆超限超载规定》第十九条第一款,交通运输,交通运输违规,重命名: 交通运输 -> 交通运输违规
《河北省治理货运车辆超限超载规定》第十九条的规定,交通运输,交通运输违规,重命名: 交通运输 -> 交通运输违规
《浙江省城市道路管理办法》第二十七条第一款第(一)项,交通运输,交通运输违规,重命名: 交通运输 -> 交通运输违规
《关于贵CT3995等9辆旅游客车长期非法从事省际客运班线经营的情况反映》,交通运输,交通运输违规,重命名: 交通运输 -> 交通运输违规
《关于调整全市道路客运票价的通知》,交通运输,交通运输违规,重命名: 交通运输 -> 交通运输违规
《关于西青区“12。21”较大道路交通事故源头倒查相关情况通报的函》,交通运输,交通运输违规,重命名: 交通运输 -> 交通运输违规
《浙江省城市道路管理办法》第三十六条“违反本办法第二十七条、第二十八条,交通运输,交通运输违规,重命名: 交通运输 -> 交通运输违规
《浙江省城市道路管理办法》第三十六条之规定,交通运输,交通运输违规,重命名: 交通运输 -> 交通运输违规
《关于开展道路客运打非治违工作的通知》,交通运输,交通运输违规,重命名: 交通运输 -> 交通运输违规
《浙江省城市道路管理办法》第三十六条的规定,交通运输,交通运输违规,重命名: 交通运输 -> 交通运输违规
《关于建立“两客一危一货重点车辆管控联合惩戒工作机制的通知》,交通运输,交通运输违规,重命名: 交通运输 -> 交通运输违规
《关于我县辖区货车违法超载有关情况通报》,交通运输,交通运输违规,重命名: 交通运输 -> 交通运输违规
《关于推进货车超限超载治理工作落实源头惩戒措施》,交通运输,交通运输违规,重命名: 交通运输 -> 交通运输违规
《严重超限超载车辆责任倒查情况表》,交通运输,交通运输违规,重命名: 交通运输 -> 交通运输违规
《浙江省城市道路管理办法》第三十六条：“违反本办法第二十七条、第二十八条,交通运输,交通运输违规,重命名: 交通运输 -> 交通运输违规
《关于核实确认疑似非法营运客车的通知》,交通运输,交通运输违规,重命名: 交通运输 -> 交通运输违规
《钦州市中心城区城市道路挖掘修复管理办法》第二十八条第(一)项、第(二)项,交通运输,交通运输违规,重命名: 交通运输 -> 交通运输违规
《关于治疗男性性功能障碍药物流通使用管理问题的通知》,交通运输,交通运输违规,重命名: 交通运输 -> 交通运输违规
《钦州市中心城区城市道路挖掘修复管理办法》第二十八条第（二）项,交通运输,交通运输违规,重命名: 交通运输 -> 交通运输违规
《福州市机动车驾驶员培训管理办法》第十六条第一款,交通运输,交通运输违规,重命名: 交通运输 -> 交通运输违规
《浙江省城市道路管理办法》第三十六条：“违反本办法第二十条,交通运输,交通运输违规,重命名: 交通运输 -> 交通运输违规
《浙江省城市道路管理办法》第二十七条,交通运输,交通运输违规,重命名: 交通运输 -> 交通运输违规
《浙江省城市道路管理办法》第二十七条第(一)项,交通运输,交通运输违规,重命名: 交通运输 -> 交通运输违规
《浙江省城市道路管理办法》第二十七条第(九)项,交通运输,交通运输违规,重命名: 交通运输 -> 交通运输违规
《关于移交“两客一危一重”车辆动态监管违规线索的函》,交通运输,交通运输违规,重命名: 交通运输 -> 交通运输违规
《钦州市中心城区城市道路挖掘修复管理办法》第十四条第(一)项、第(二)项,交通运输,交通运输违规,重命名: 交通运输 -> 交通运输违规
《钦州市中心城区城市道路挖掘修复管理办法》第十四条第（一）项,交通运输,交通运输违规,重命名: 交通运输 -> 交通运输违规
《河北省治理货运车辆超限超载规定》第十九条,交通运输,交通运输违规,重命名: 交通运输 -> 交通运输违规
《高速公路收费站出口采集的车辆称重数据、照片》,交通运输,交通运输违规,重命名: 交通运输 -> 交通运输违规
《非公路用旅游观光车辆产品数据表》,交通运输,交通运输违规,重命名: 交通运输 -> 交通运输违规
《河北省治理货运车辆超限超载规定》第三十条第一项,交通运输,交通运输违规,重命名: 交通运输 -> 交通运输违规
《公路违法行为告知书》,交通运输,交通运输违规,重命名: 交通运输 -> 交通运输违规
《公路车辆超限行为电子数据》,交通运输,交通运输违规,重命名: 交通运输 -> 交通运输违规
《公路超限检测单》,交通运输,交通运输违规,重命名: 交通运输 -> 交通运输违规
《公路货运车辆超限超载认定标准》,交通运输,交通运输违规,重命名: 交通运输 -> 交通运输违规
《重庆市道路运政行政处罚裁量基准》,交通运输,交通运输违规,重命名: 交通运输 -> 交通运输违规
《厦门经济特区轨道交通条例》第二十三条第一款,交通运输,交通运输违规,重命名: 交通运输 -> 交通运输违规
《厦门经济特区轨道交通条例》第二十三条第二款,交通运输,交通运输违规,重命名: 交通运输 -> 交通运输违规
《广东省交通综合行政执法信息系统》,交通运输,交通运输违规,重命名: 交通运输 -> 交通运输违规
《浙江省城市道路管理办法》,交通运输,交通运输违规,重命名: 交通运输 -> 交通运输违规
《巡游出租汽车驾驶员证》,交通运输,交通运输违规,重命名: 交通运输 -> 交通运输违规
《公路违法行为处理通知书》,交通运输,交通运输违规,重命名: 交通运输 -> 交通运输违规
《非法超限超载车辆信息抄送单》,交通运输,交通运输违规,重命名: 交通运输 -> 交通运输违规
《非现场治超车辆检测单》,交通运输,交通运输违规,重命名: 交通运输 -> 交通运输违规
《非道路柴油移动机械排放烟度限值及测量方法》,交通运输,交通运输违规,重命名: 交通运输 -> 交通运输违规
《非道路柴油移动机械排气烟度排放限值及测量方法》,交通运输,交通运输违规,重命名: 交通运输 -> 交通运输违规
《非道路柴油移动机械排气烟度限值及测量方法》,交通运输,交通运输违规,重命名: 交通运输 -> 交通运输违规
《非道路柴油移动机械排气烟度限制及测量方法》,交通运输,交通运输违规,重命名: 交通运输 -> 交通运输违规
《非道路移动机械柴油机械排气烟度限值及测量方法》,交通运输,交通运输违规,重命名: 交通运输 -> 交通运输违规
《非道路移动柴油机械排气烟度限值及测量方法》,交通运输,交通运输违规,重命名: 交通运输 -> 交通运输违规
《马万里车辆在公路上擅自超限行驶（车货总质量超限）行政处罚决定书》,交通运输,交通运输违规,重命名: 交通运输 -> 交通运输违规
《驾驶员身份证复印件》,交通运输,交通运输违规,重命名: 交通运输 -> 交通运输违规
《驾驶证》,交通运输,交通运输违规,重命名: 交通运输 -> 交通运输违规
《非现场执法系统车辆检测信息》,交通运输,交通运输违规,重命名: 交通运输 -> 交通运输违规
《兰溪市临时占用（挖掘）城市道路许可证》,交通运输,交通运输违规,重命名: 交通运输 -> 交通运输违规
《关于2021年2月份全市重点运营车辆动态监控工作情况的通报》,交通运输,交通运输违规,重命名: 交通运输 -> 交通运输违规
《关于2021年8月26日至9月7日驾培学校机动车驾驶员培训学时监控情况的函》,交通运输,交通运输违规,重命名: 交通运输 -> 交通运输违规
《河北省治理货运车辆超限超载规定》第三十条第一款的规定,交通运输,交通运输违规,重命名: 交通运输 -> 交通运输违规
《河北省治理货运车辆超限超载规定》第三十条第一款,交通运输,交通运输违规,重命名: 交通运输 -> 交通运输违规
《河北省治理货运车辆超限超载规定》第三十条的规定,交通运输,交通运输违规,重命名: 交通运输 -> 交通运输违规
《浙江省城市道路管理办法》第二十七条第一项的规定,交通运输,交通运输违规,重命名: 交通运输 -> 交通运输违规
《浙江省城市道路管理办法》第二十七条第九项,交通运输,交通运输违规,重命名: 交通运输 -> 交通运输违规
《河北省治理货运车辆超限超载规定》第三十条一款的规定,交通运输,交通运输违规,重命名: 交通运输 -> 交通运输违规
《浙江省城市道路管理办法》第二十七条第九项的规定,交通运输,交通运输违规,重命名: 交通运输 -> 交通运输违规
《浙江省城市道路管理办法》第二十七条第五项,交通运输,交通运输违规,重命名: 交通运输 -> 交通运输违规
《浙江省城市道路管理办法》第二十七条第（一）项,交通运输,交通运输违规,重命名: 交通运输 -> 交通运输违规
《关于在全国开展车辆超限超载治理工作的实施方案》,交通运输,交通运输违规,重命名: 交通运输 -> 交通运输违规
《关于同意南宁市轨道交通1号线百花岭至埌东客运站下行区间“1·22”侵限事故调查处理结案的批复》,交通运输,交通运输违规,重命名: 交通运输 -> 交通运输违规
《浙江省城市道路管理办法》第二十七条第（九）项,交通运输,交通运输违规,重命名: 交通运输 -> 交通运输违规
《浙江省城市道路管理办法》第二十七条第（五）项,交通运输,交通运输违规,重命名: 交通运输 -> 交通运输违规
《浙江省城市道路管理办法》第二十七条第（四）项,交通运输,交通运输违规,重命名: 交通运输 -> 交通运输违规
《浙江省城市道路管理办法》第二十八条第一项,交通运输,交通运输违规,重命名: 交通运输 -> 交通运输违规
《关于全国开展车辆超限超载治理工作的公告》,交通运输,交通运输违规,重命名: 交通运输 -> 交通运输违规
"《东明县人民政府关于同意五得利集团东明面粉有限公司“11·22""一般车辆伤害事故调查报告的批复》",交通运输,交通运输违规,重命名: 交通运输 -> 交通运输违规
《关于严肃查处无证驾驶违法行为的通知》,交通运输,交通运输违规,重命名: 交通运输 -> 交通运输违规
《关于2022年1月全省“两客一危”车辆联网联控工作情况的通报》,交通运输,交通运输违规,重命名: 交通运输 -> 交通运输违规
《关于2021年第二季度全国大客车通行情况及存在突出风险的通报》,交通运输,交通运输违规,重命名: 交通运输 -> 交通运输违规
《中华人民共和国机动车辆一致性证书》,交通运输,交通运输违规,重命名: 交通运输 -> 交通运输违规
《出租汽车驾驶员从业资格管理规定》第四十一条第(一)项,交通运输,交通运输违规,重命名: 交通运输 -> 交通运输违规
《福州市机动车驾驶员培训管理办法》第三十条第十项,交通运输,交通运输违规,重命名: 交通运输 -> 交通运输违规
《车辆证件复印件》,交通运输,交通运输违规,重命名: 交通运输 -> 交通运输违规
《车辆行驶证》,交通运输,交通运输违规,重命名: 交通运输 -> 交通运输违规
《城市道路管理条例》第十七条第一款,交通运输,交通运输违规,重命名: 交通运输 -> 交通运输违规
《车辆营运证》,交通运输,交通运输违规,重命名: 交通运输 -> 交通运输违规
《车辆维修备案记录卡》,交通运输,交通运输违规,重命名: 交通运输 -> 交通运输违规
《车辆称重检测单》,交通运输,交通运输违规,重命名: 交通运输 -> 交通运输违规
《车辆租赁框架协议》,交通运输,交通运输违规,重命名: 交通运输 -> 交通运输违规
《城市道路管理条例》第六条,交通运输,交通运输违规,重命名: 交通运输 -> 交通运输违规
《车辆相片》,交通运输,交通运输违规,重命名: 交通运输 -> 交通运输违规
《车辆相关证件复印件》,交通运输,交通运输违规,重命名: 交通运输 -> 交通运输违规
《车辆照片》,交通运输,交通运输违规,重命名: 交通运输 -> 交通运输违规
《城市道路管理条例》第二十四条,交通运输,交通运输违规,重命名: 交通运输 -> 交通运输违规
《城市道路管理条例》第二十九条,交通运输,交通运输违规,重命名: 交通运输 -> 交通运输违规
《车辆超限信息采集单》,交通运输,交通运输违规,重命名: 交通运输 -> 交通运输违规
《城市道路管理条例》第二十七条第（二）项,交通运输,交通运输违规,重命名: 交通运输 -> 交通运输违规
《城市道路管理条例》第二十七条第（一）项,交通运输,交通运输违规,重命名: 交通运输 -> 交通运输违规
《城市道路管理条例》第二十七条第二项,交通运输,交通运输违规,重命名: 交通运输 -> 交通运输违规
《车辆检测报告单》,交通运输,交通运输违规,重命名: 交通运输 -> 交通运输违规
《车辆挂靠单位协议书》,交通运输,交通运输违规,重命名: 交通运输 -> 交通运输违规
《车辆承包经营合同书》,交通运输,交通运输违规,重命名: 交通运输 -> 交通运输违规
《车辆定购合同》,交通运输,交通运输违规,重命名: 交通运输 -> 交通运输违规
《车辆回执单》,交通运输,交通运输违规,重命名: 交通运输 -> 交通运输违规
《车辆出厂公告型号参数》,交通运输,交通运输违规,重命名: 交通运输 -> 交通运输违规
《城市道路管理条例》第二十七条第七项的规定,交通运输,交通运输违规,重命名: 交通运输 -> 交通运输违规
《车辆使用权转让协议》,交通运输,交通运输违规,重命名: 交通运输 -> 交通运输违规
《城市道路管理条例》第二十七条第七项“第二十七条,交通运输,交通运输违规,重命名: 交通运输 -> 交通运输违规
《车辆交付记录卡》,交通运输,交通运输违规,重命名: 交通运输 -> 交通运输违规
《车辆二级维护管理制度》,交通运输,交通运输违规,重命名: 交通运输 -> 交通运输违规
《车辆一致性证书》,交通运输,交通运输违规,重命名: 交通运输 -> 交通运输违规
《城市道路管理条例》第二十七条第（七）项,交通运输,交通运输违规,重命名: 交通运输 -> 交通运输违规
南宁市出租汽车客运管理条例》第五十三条第一款第一项,交通运输,交通运输违规,重命名: 交通运输 -> 交通运输违规
《安阳市客运企业营运客车涉嫌违规运行情况抄告通知书》,交通运输,交通运输违规,重命名: 交通运输 -> 交通运输违规
《客运车辆生产任务考核责任书》,交通运输,交通运输违规,重命名: 交通运输 -> 交通运输违规
《临时占用城市道路许可证》,交通运输,交通运输违规,重命名: 交通运输 -> 交通运输违规
《中巴车辆二级维护保养维修协议书》,交通运输,交通运输违规,重命名: 交通运输 -> 交通运输违规
《中山市深湾超限检测站检测单》,交通运输,交通运输违规,重命名: 交通运输 -> 交通运输违规
《道路客运班线许可证明》,交通运输,交通运输违规,重命名: 交通运输 -> 交通运输违规
《道路客运班线经营行政许可决定书》,交通运输,交通运输违规,重命名: 交通运输 -> 交通运输违规
《道路客运班线经营信息表》,交通运输,交通运输违规,重命名: 交通运输 -> 交通运输违规
《道路客运数字化监测监管系统》,交通运输,交通运输违规,重命名: 交通运输 -> 交通运输违规
《城市道路管理条例》第四十二条第二十七条,交通运输,交通运输违规,重命名: 交通运输 -> 交通运输违规
《市际临时班车牌》,交通运输,交通运输违规,重命名: 交通运输 -> 交通运输违规
《定制公交服务合同》,交通运输,交通运输违规,重命名: 交通运输 -> 交通运输违规
《城市道路管理条例》第四十二条第一款：“违反本条例第二十七条,交通运输,交通运输违规,重命名: 交通运输 -> 交通运输违规
《城市道路管理条例》第四十二条第一款第（六）项,交通运输,交通运输违规,重命名: 交通运输 -> 交通运输违规
《城市道路管理条例》第四十二条第(二)项,交通运输,交通运输违规,重命名: 交通运输 -> 交通运输违规
《超限检测单》,交通运输,交通运输违规,重命名: 交通运输 -> 交通运输违规
《车辆预售合同》,交通运输,交通运输违规,重命名: 交通运输 -> 交通运输违规
《超限超载车辆信息检测单》,交通运输,交通运输违规,重命名: 交通运输 -> 交通运输违规
《超限车辆检测单》,交通运输,交通运输违规,重命名: 交通运输 -> 交通运输违规
《山东省汽车客运站检票记录》,交通运输,交通运输违规,重命名: 交通运输 -> 交通运输违规
《超限车辆行驶公路管理规定》,交通运输,交通运输违规,重命名: 交通运输 -> 交通运输违规
《城市道路管理条例》第四十二条“违反本条例第二十七条,交通运输,交通运输违规,重命名: 交通运输 -> 交通运输违规
《城市道路管理条例》第四十二条“……违反本条例第二十七条,交通运输,交通运输违规,重命名: 交通运输 -> 交通运输违规
《海南经济特区机动车辆通行附加费征收管理条,交通运输,交通运输违规,重命名: 交通运输 -> 交通运输违规
《城市道路管理条例》第四十二条:“违反本条例第二十七条,交通运输,交通运输违规,重命名: 交通运输 -> 交通运输违规
《辽宁省客运出租汽车管理条例》第二十四条,交通运输,交通运输违规,重命名: 交通运输 -> 交通运输违规
《小微型客车租赁经营服务管理办法》第七条,交通运输,交通运输违规,重命名: 交通运输 -> 交通运输违规
《超限超载车辆检测信息单》,交通运输,交通运输违规,重命名: 交通运输 -> 交通运输违规
《城市道路管理条例》第四十二条第二项,交通运输,交通运输违规,重命名: 交通运输 -> 交通运输违规
《城市道路管理条,交通运输,交通运输违规,重命名: 交通运输 -> 交通运输违规
当事人获得本次运营收入10.59元。刘建辉未取得《网络预约出租汽车驾驶员证》,交通运输,交通运输违规,重命名: 交通运输 -> 交通运输违规
《城市道路管理条例》第二十七条第(二)项的规定,交通运输,交通运输违规,重命名: 交通运输 -> 交通运输违规
《城市道路管理条例》第二十七条第(二)项,交通运输,交通运输违规,重命名: 交通运输 -> 交通运输违规
《城市道路管理条例》第二十七条第(七)项的规定,交通运输,交通运输违规,重命名: 交通运输 -> 交通运输违规
《城市道路管理条例》第二十七条第(七)项,交通运输,交通运输违规,重命名: 交通运输 -> 交通运输违规
《城市道路管理条例》第二十七条第(一)项的规定,交通运输,交通运输违规,重命名: 交通运输 -> 交通运输违规
《四川省机动车驾驶员培训管理办法》第二十五条第三款,交通运输,交通运输违规,重命名: 交通运输 -> 交通运输违规
《四川省机动车驾驶员培训管理办法》第二十四条第二款的规定,交通运输,交通运输违规,重命名: 交通运输 -> 交通运输违规
《城市道路管理条例》第二十七条第(一)项,交通运输,交通运输违规,重命名: 交通运输 -> 交通运输违规
《城市道路管理条例》第二十七条第(一)款,交通运输,交通运输违规,重命名: 交通运输 -> 交通运输违规
《安徽省交通行政处罚自由栽量权实施办法》,交通运输,交通运输违规,重命名: 交通运输 -> 交通运输违规
《城市道路管理条例》第二十七条的规定,交通运输,交通运输违规,重命名: 交通运输 -> 交通运输违规
《城市道路管理条例》第二十七条,交通运输,交通运输违规,重命名: 交通运输 -> 交通运输违规
《城市道路管理条例》第三十条,交通运输,交通运输违规,重命名: 交通运输 -> 交通运输违规
《城市道路管理条例》第三十六条,交通运输,交通运输违规,重命名: 交通运输 -> 交通运输违规
《城市道路管理条例》第二十七条第一款第(一)项,交通运输,交通运输违规,重命名: 交通运输 -> 交通运输违规
《城市道路管理条例》第三十五条,交通运输,交通运输违规,重命名: 交通运输 -> 交通运输违规
《宁波市出租汽车客运管理条例》第四十一条,交通运输,交通运输违规,重命名: 交通运输 -> 交通运输违规
《宁波市出租汽车客运管理条例》第二十一条第二款,交通运输,交通运输违规,重命名: 交通运输 -> 交通运输违规
《城市道路管理条例》第三十九条第一款第三项,交通运输,交通运输违规,重命名: 交通运输 -> 交通运输违规
《城市道路管理条例》,交通运输,交通运输违规,重命名: 交通运输 -> 交通运输违规
《宁夏回族自治区治理货运车辆超限超载办法》第十二条第一项,交通运输,交通运输违规,重命名: 交通运输 -> 交通运输违规
《宁夏回族自治区治理货运车辆超限超载办法》第二十八条,交通运输,交通运输违规,重命名: 交通运输 -> 交通运输违规
《城市道路管理办法》第四十二条:“违反本条例第二十七条,交通运输,交通运输违规,重命名: 交通运输 -> 交通运输违规
《城市公共汽车和电车客运管理规定》第十四条,交通运输,交通运输违规,重命名: 交通运输 -> 交通运输违规
《场（厂）内专用机动车辆产品合格证》,交通运输,交通运输违规,重命名: 交通运输 -> 交通运输违规
《国道308线高唐县段“3·18”较大道路交通事故调查报告》,交通运输,交通运输违规,重命名: 交通运输 -> 交通运输违规
《国有粮油仓储物流设施保护办法》第40号）第五条,交通运输,交通运输违规,重命名: 交通运输 -> 交通运输违规
《国有粮油仓储物流设施保护办法》,交通运输,交通运输违规,重命名: 交通运输 -> 交通运输违规
《中华人民共和国内河交通管理条例》第二十四条第一款,交通运输,交通运输违规,重命名: 交通运输 -> 交通运输违规
《青岛市网络预约出租汽车经营服务管理暂行办法》第四十二条第一款第二项,交通运输,交通运输违规,重命名: 交通运输 -> 交通运输违规
当事人获得本次运营收入10.04元。张宝珠未取得《网络预约出租汽车驾驶员证》,交通运输,交通运输违规,重命名: 交通运输 -> 交通运输违规
《城市道路管理条例》第二十七条第一款第(七)项之规定,交通运输,交通运输违规,重命名: 交通运输 -> 交通运输违规
《城市道路管理条例》第二十七条第一款第二项的规定,交通运输,交通运输违规,重命名: 交通运输 -> 交通运输违规
当事人获得本次运营收入11.15元。贾月龙未取得《网络预约出租汽车驾驶员证》,交通运输,交通运输违规,重命名: 交通运输 -> 交通运输违规
当事人获得本次运营收入13.06元。韩国柱已取得《网络预约出租汽车驾驶员证》,交通运输,交通运输违规,重命名: 交通运输 -> 交通运输违规
当事人获得本次运营收入2.9元。杜影柱未取得《网络预约出租汽车驾驶员证》,交通运输,交通运输违规,重命名: 交通运输 -> 交通运输违规
当事人获得本次运营收入21.8元。赵福华未取得《网络预约出租汽车驾驶员证》,交通运输,交通运输违规,重命名: 交通运输 -> 交通运输违规
当事人获得本次运营收入21.94元。付朝晖已取得《网络预约出租汽车驾驶员证》,交通运输,交通运输违规,重命名: 交通运输 -> 交通运输违规
当事人获得本次运营收入5.7元。华纯青未取得《网络预约出租汽车驾驶员证》,交通运输,交通运输违规,重命名: 交通运输 -> 交通运输违规
当事人获得本次运营收入9.73元。金明华未取得《网络预约出租汽车驾驶员证》,交通运输,交通运输违规,重命名: 交通运输 -> 交通运输违规
《福建省道路运政管理信息系统》,交通运输,交通运输违规,重命名: 交通运输 -> 交通运输违规
《浙江省公路条例》第三十四条第一款,交通运输,交通运输违规,重命名: 交通运输 -> 交通运输违规
《城市道路管理条例》第二十七条第一款第一项,交通运输,交通运输违规,重命名: 交通运输 -> 交通运输违规
《城市道路管理条例》第二十七条第七项,交通运输,交通运输违规,重命名: 交通运输 -> 交通运输违规
《城市道路管理条例》第二十七条第七款,交通运输,交通运输违规,重命名: 交通运输 -> 交通运输违规
《济南市客运出租汽车管理条例》第四十八条第(二)项,交通运输,交通运输违规,重命名: 交通运输 -> 交通运输违规
《城市道路管理条例》第二十七条第一项,交通运输,交通运输违规,重命名: 交通运输 -> 交通运输违规
《嘉善县善江公路项目有限责任公司非法占地项目测绘报告》,交通运输,交通运输违规,重命名: 交通运输 -> 交通运输违规
《网络预约出租汽车经营服务管理暂行办法》第三十五条第一款第(一)项的规定,交通运输,交通运输违规,重命名: 交通运输 -> 交通运输违规
《网络预约出租汽车经营服务管理暂行办法》第三十五条第一款第(二)项的规定,交通运输,交通运输违规,重命名: 交通运输 -> 交通运输违规
《网络预约出租汽车经营服务管理暂行办法》第十七条,交通运输,交通运输违规,重命名: 交通运输 -> 交通运输违规
《网络预约出租汽车经营服务管理规定》第三十五条的规定,交通运输,交通运输违规,重命名: 交通运输 -> 交通运输违规
《城市道路管理条例》第二十七条第一款第（七）项,交通运输,交通运输违规,重命名: 交通运输 -> 交通运输违规
《城市道路管理条例》第二十七条第一款第（一）项,交通运输,交通运输违规,重命名: 交通运输 -> 交通运输违规
《于都县公安局交通管理大队道路交通事故认定书》,交通运输,交通运输违规,重命名: 交通运输 -> 交通运输违规
《城市道路管理条例》第四十二条:违反本条例第二十七条,交通运输,交通运输违规,重命名: 交通运输 -> 交通运输违规
《交通执法现场录像》,交通运输,交通运输违规,重命名: 交通运输 -> 交通运输违规
《交通执法询问笔录》,交通运输,交通运输违规,重命名: 交通运输 -> 交通运输违规
《交通执法现场视频》,交通运输,交通运输违规,重命名: 交通运输 -> 交通运输违规
《网络预约出租车汽车驾驶员证》,交通运输,交通运输违规,重命名: 交通运输 -> 交通运输违规
《交通执法现场笔录》,交通运输,交通运输违规,重命名: 交通运输 -> 交通运输违规
《天河区“5？16”新塘街广州市建丰混凝土有限公司车辆伤害一般事故调查报告》,交通运输,交通运输违规,重命名: 交通运输 -> 交通运输违规
《交通执法执法现场照片》,交通运输,交通运输违规,重命名: 交通运输 -> 交通运输违规
《交通大提速！【祈福万景峰2期】双地铁口超抵一口价1.8万/m2！》,交通运输,交通运输违规,重命名: 交通运输 -> 交通运输违规
《交通12328办理单》,交通运输,交通运输违规,重命名: 交通运输 -> 交通运输违规
《网络预约出租汽车驾驶员证》,交通运输,交通运输违规,重命名: 交通运输 -> 交通运输违规
《天津市治理车辆非法超限超载规定》第五条第一款,交通运输,交通运输违规,重命名: 交通运输 -> 交通运输违规
"《五得利集团东明面粉有限公司“11·22""一般车辆伤害事故调查报告》",交通运输,交通运输违规,重命名: 交通运输 -> 交通运输违规
《阳江市关于开展在用超标电动自行车过渡期管理工作的通告》,交通运输,交通运输违规,重命名: 交通运输 -> 交通运输违规
《天津市治理车辆非法超限超载规定》第五条第二款,交通运输,交通运输违规,重命名: 交通运输 -> 交通运输违规
《天津市治理车辆非法超限超载规定》第五条第二款的规定,交通运输,交通运输违规,重命名: 交通运输 -> 交通运输违规
《绍兴市越城区人民政府关于“2021·11·21”交通亡人事故调查报告的批复》,交通运输,交通运输违规,重命名: 交通运输 -> 交通运输违规
《交通行政执法证》,交通运输,交通运输违规,重命名: 交通运输 -> 交通运输违规
《城市道路管理条例》第四十二条第二项的规定,交通运输,交通运输违规,重命名: 交通运输 -> 交通运输违规
《交通行政执法证件》,交通运输,交通运输违规,重命名: 交通运输 -> 交通运输违规
《省际班车线路牌》,交通运输,交通运输违规,重命名: 交通运输 -> 交通运输违规
《中华人民共和国计量检定规程（JJG907-2006）动态公路车辆自动衡器》,交通运输,交通运输违规,重命名: 交通运输 -> 交通运输违规
《贵州省城市公共交通条例》第三十一条第二款,交通运输,交通运输违规,重命名: 交通运输 -> 交通运输违规
《城市道路管理条例》第四十二条第六项,交通运输,交通运输违规,重命名: 交通运输 -> 交通运输违规
《城市道路管理条例》第四十二条第四项,交通运输,交通运输违规,重命名: 交通运输 -> 交通运输违规
《城市道路管理条例》第四十二条第（六）项,交通运输,交通运输违规,重命名: 交通运输 -> 交通运输违规
《城市道路管理条例法》第三十六条,交通运输,交通运输违规,重命名: 交通运输 -> 交通运输违规
《贵州省城市公共交通条例》第四十一条第(三)项,交通运输,交通运输违规,重命名: 交通运输 -> 交通运输违规
《贵州省城市公共交通条例》第四十一条第(八)项,交通运输,交通运输违规,重命名: 交通运输 -> 交通运输违规
《贵州省城市公共交通条例》第四十一条第(四)项,交通运输,交通运输违规,重命名: 交通运输 -> 交通运输违规
《交通违法行为通知书》,交通运输,交通运输违规,重命名: 交通运输 -> 交通运输违规
《交通规费征稽行政处罚自由裁量基准》,交通运输,交通运输违规,重命名: 交通运输 -> 交通运输违规
《大理市人民政府会议纪要关于下关交通饭店片区旧城改造项目泰安新城E幢楼相关问题协调会议纪要》,交通运输,交通运输违规,重命名: 交通运输 -> 交通运输违规
《聊城市人民政府关于国道308线高唐县段“3·18”较大道路交通事故调查报告的批复》,交通运输,交通运输违规,重命名: 交通运输 -> 交通运输违规
《省际临时班车牌》,交通运输,交通运输违规,重命名: 交通运输 -> 交通运输违规
《网络预约出租车驾驶员证》,交通运输,交通运输违规,重命名: 交通运输 -> 交通运输违规
《道路货运经营业户调查表》,交通运输,交通运输违规,重命名: 交通运输 -> 交通运输违规
《贵州省城市公共交通条例》第五十五条,交通运输,交通运输违规,重命名: 交通运输 -> 交通运输违规
《贵州省汽车客运站收费规则实施细则》,交通运输,交通运输违规,重命名: 交通运输 -> 交通运输违规
《中华人民共和国计量检定规程(JJG907-2006)动态公路车辆自动衡器》,交通运输,交通运输违规,重命名: 交通运输 -> 交通运输违规
《深圳经济特区道路交通安全违法行为处罚条例》第二十八条第一款,交通运输违规||安全生产,交通运输违规,双分类优先级: 交通运输违规||安全生产 -> 交通运输违规
《车辆安全装载手册》,交通运输违规||安全生产,交通运输违规,双分类优先级: 交通运输违规||安全生产 -> 交通运输违规
《关于移动湘潭经开区“9.21”较大道路交通事故责任单位湘潭市宏运出租车有限公司及法定代表人肖飞宇安全生产违法行为线索函》,交通运输违规||安全生产,交通运输违规,双分类优先级: 交通运输违规||安全生产 -> 交通运输违规
《道路交通安全违法行为处理通知书存档联》,交通运输违规||安全生产,交通运输违规,双分类优先级: 交通运输违规||安全生产 -> 交通运输违规
《乌海市应急管理局关于加强厂内车辆安全管理的通知》,交通运输违规||安全生产,交通运输违规,双分类优先级: 交通运输违规||安全生产 -> 交通运输违规
《场(厂)内专用机动车辆安全技术监察规程》,交通运输违规||安全生产,交通运输违规,双分类优先级: 交通运输违规||安全生产 -> 交通运输违规
《场(厂)内专用机动车辆安全技术监察规程》第（5）项,交通运输违规||安全生产,交通运输违规,双分类优先级: 交通运输违规||安全生产 -> 交通运输违规
《场(厂)内专用机动车辆安全操作规程和安全使用管理制度》,交通运输违规||安全生产,交通运输违规,双分类优先级: 交通运输违规||安全生产 -> 交通运输违规
《场(厂)车内专用机动车车辆安全技术监察规则》,交通运输违规||安全生产,交通运输违规,双分类优先级: 交通运输违规||安全生产 -> 交通运输违规
《场（厂）内专用机动车辆安全技术监察规程》,交通运输违规||安全生产,交通运输违规,双分类优先级: 交通运输违规||安全生产 -> 交通运输违规
《高速公路收费站出口执法人员检查数据、照片》,交通运输违规||安全生产,交通运输违规,双分类优先级: 交通运输违规||安全生产 -> 交通运输违规
《广西道路交通安全条例》第六十九第五款,交通运输违规||安全生产,交通运输违规,双分类优先级: 交通运输违规||安全生产 -> 交通运输违规
《重庆市道路交通安全条例》第三十四条第一款第（一）项,交通运输违规||安全生产,交通运输违规,双分类优先级: 交通运输违规||安全生产 -> 交通运输违规
《挂靠车辆安全目标责任协议书》,交通运输违规||安全生产,交通运输违规,双分类优先级: 交通运输违规||安全生产 -> 交通运输违规
《水泥产品生产许可证实施细则》,产品质量与安全,产品质量,重命名: 产品质量与安全 -> 产品质量
《CCC中国国家强制性产品认证证书》,产品质量与安全,产品质量,重命名: 产品质量与安全 -> 产品质量
《GMP认证证书》,产品质量与安全,产品质量,重命名: 产品质量与安全 -> 产品质量
《中国国家强制性产品认证证书》,产品质量与安全,产品质量,重命名: 产品质量与安全 -> 产品质量
第3部分:中心静脉导管》,产品质量与安全,产品质量,重命名: 产品质量与安全 -> 产品质量
《关于食用菌制品生产许可证有关问题的批复》,产品质量与安全,产品质量,重命名: 产品质量与安全 -> 产品质量
《危害分析与关键控制点(HACCP)体系认证证书(证书号:020HACCP2000059)》,产品质量与安全,产品质量,重命名: 产品质量与安全 -> 产品质量
《四川省工商行政管理局流通领域商品质量抽查检验结果异议处理通知书》,产品质量与安全,产品质量,重命名: 产品质量与安全 -> 产品质量
《起重机械首次检验报告》,产品质量与安全,产品质量,重命名: 产品质量与安全 -> 产品质量
《固液法白酒》,产品质量与安全,产品质量,重命名: 产品质量与安全 -> 产品质量
《起重机械安装改造重大维修监督检验报告》,产品质量与安全,产品质量,重命名: 产品质量与安全 -> 产品质量
《起重机械安装改造重大修理监督检验报告》,产品质量与安全,产品质量,重命名: 产品质量与安全 -> 产品质量
《资质认定计量认证证书附表》,产品质量与安全,产品质量,重命名: 产品质量与安全 -> 产品质量
<<中华人民共和国产品质量法>>第三十九条,产品质量与安全,产品质量,重命名: 产品质量与安全 -> 产品质量
《市场监管总局关于优化强制性产品认证目录的公告》,产品质量与安全,产品质量,重命名: 产品质量与安全 -> 产品质量
《自治区工商局关于印发2015年流通领域成品油质量抽检工作计划的通知》,产品质量与安全,产品质量,重命名: 产品质量与安全 -> 产品质量
《中国强制性产品认证证书》,产品质量与安全,产品质量,重命名: 产品质量与安全 -> 产品质量
《关于对产品质量不合格企业进行处理的通知》,产品质量与安全,产品质量,重命名: 产品质量与安全 -> 产品质量
《自治区工商局关于印发2014年流通领域成品油质量抽检工作计划的通知》,产品质量与安全,产品质量,重命名: 产品质量与安全 -> 产品质量
《浙江省酱卤肉制品产品质量监督检查评价规则》,产品质量与安全,产品质量,重命名: 产品质量与安全 -> 产品质量
《浙江省产品质量监督条例》第二十九条,产品质量与安全,产品质量,重命名: 产品质量与安全 -> 产品质量
《浙江省产品质量监督条例》,产品质量与安全,产品质量,重命名: 产品质量与安全 -> 产品质量
《浙江省产品质量监督抽查评价规则》,产品质量与安全,产品质量,重命名: 产品质量与安全 -> 产品质量
《给水用聚乙烯（PE）管材产品质量国家监督抽查实施方案（2016年第4批）》,产品质量与安全,产品质量,重命名: 产品质量与安全 -> 产品质量
《浙江省预拌混凝土产品质量监督检查评价规则》,产品质量与安全,产品质量,重命名: 产品质量与安全 -> 产品质量
《浙江省餐具洗涤剂产品质量监督检查评价规则》,产品质量与安全,产品质量,重命名: 产品质量与安全 -> 产品质量
《浙江省黄酒产品质量监督检查评价规则》,产品质量与安全,产品质量,重命名: 产品质量与安全 -> 产品质量
《关于核查处置不合格(问题)样品的通知》,产品质量与安全,产品质量,重命名: 产品质量与安全 -> 产品质量
《绵阳市市场监督管理局课业簿册产品质量监督抽查实施细则》,产品质量与安全,产品质量,重命名: 产品质量与安全 -> 产品质量
《关于申请组织对我市2016年新购班班通教室设备进行产品质量检查的函》,产品质量与安全,产品质量,重命名: 产品质量与安全 -> 产品质量
《中华人民共和国产品质量法》第四十九条,产品质量与安全,产品质量,重命名: 产品质量与安全 -> 产品质量
《中华人民共和国产品质量法》第五十条,产品质量与安全,产品质量,重命名: 产品质量与安全 -> 产品质量
《产品质量法》第四十四条,产品质量与安全,产品质量,重命名: 产品质量与安全 -> 产品质量
《海盐县质量技术监督局罚没收入缴款书》,产品质量与安全,产品质量,重命名: 产品质量与安全 -> 产品质量
《浙江省产品质量监督条例》第八条第四项,产品质量与安全,产品质量,重命名: 产品质量与安全 -> 产品质量
《关于对产品质量不合格企业进行后处理的通知》,产品质量与安全,产品质量,重命名: 产品质量与安全 -> 产品质量
《浙江省配电板产品质量监督抽查评价规则》,产品质量与安全,产品质量,重命名: 产品质量与安全 -> 产品质量
《七省一市质量技术监督行政处罚裁量基准制度》第十一条第（一）项,产品质量与安全,产品质量,重命名: 产品质量与安全 -> 产品质量
《关于实施〈中华人民共和国产品质量法〉若干问题的意见》,产品质量与安全,产品质量,重命名: 产品质量与安全 -> 产品质量
《关于对检验报告结果和抽查检验程序的异议》,产品质量与安全,产品质量,重命名: 产品质量与安全 -> 产品质量
《关于对质量不合格企业进行后处理的通知》,产品质量与安全,产品质量,重命名: 产品质量与安全 -> 产品质量
《关于对重点区域强化监督定点帮扶发现不合格车用油品相关问题进行督办的函》,产品质量与安全,产品质量,重命名: 产品质量与安全 -> 产品质量
《关于开展2019年第1批市级产品质量监督抽查的通知》,产品质量与安全,产品质量,重命名: 产品质量与安全 -> 产品质量
《生产许可证》,产品质量与安全,产品质量,重命名: 产品质量与安全 -> 产品质量
《生产许可证企业实地核查报告》,产品质量与安全,产品质量,重命名: 产品质量与安全 -> 产品质量
《聚乙烯（PE）管材产品质量国家监督抽查实施细则》,产品质量与安全,产品质量,重命名: 产品质量与安全 -> 产品质量
《关于更正检验报告“受检单位”的通知》,产品质量与安全,产品质量,重命名: 产品质量与安全 -> 产品质量
《浙江省卫生纸（含卫生纸原纸）产品质量监督抽查评价规则》,产品质量与安全,产品质量,重命名: 产品质量与安全 -> 产品质量
《上海市书包产品质量监督抽查实施细则》,产品质量与安全,产品质量,重命名: 产品质量与安全 -> 产品质量
《关于查处不合格商品的通知》,产品质量与安全,产品质量,重命名: 产品质量与安全 -> 产品质量
《浙江省人造革、合成革产品产品质量监督检查评价规则》,产品质量与安全,产品质量,重命名: 产品质量与安全 -> 产品质量
《浙江省产品质量监督检查抽样单》,产品质量与安全,产品质量,重命名: 产品质量与安全 -> 产品质量
《浙江省产品质量监督条例》第八条第（四）项、第（五）项,产品质量与安全,产品质量,重命名: 产品质量与安全 -> 产品质量
《结构正常使用性鉴定检验报告》,产品质量与安全,产品质量,重命名: 产品质量与安全 -> 产品质量
《贵州省老年鞋产品质量监督抽查实施细则（2022年版）》,产品质量与安全,产品质量,重命名: 产品质量与安全 -> 产品质量
《强制性产品认证目录描述与界定表》,产品质量与安全,产品质量,重命名: 产品质量与安全 -> 产品质量
《贵州省女式内衣产品质量监督抽查实施细则（2021年版）》,产品质量与安全,产品质量,重命名: 产品质量与安全 -> 产品质量
《浙江省毛针织品产品质量监督抽查评价规则》,产品质量与安全,产品质量,重命名: 产品质量与安全 -> 产品质量
《浙江省水泥产品质量监督抽查评价规则》,产品质量与安全,产品质量,重命名: 产品质量与安全 -> 产品质量
《浙江省水泥产品质量监督检查评价规则》,产品质量与安全,产品质量,重命名: 产品质量与安全 -> 产品质量
《浙江省汽车、摩托车车灯产品质量监督检查评价规则》,产品质量与安全,产品质量,重命名: 产品质量与安全 -> 产品质量
《浙江省滚动轴承及商品滚动体产品质量监督检查评价规则》,产品质量与安全,产品质量,重命名: 产品质量与安全 -> 产品质量
《浙江省玩具产品质量监督抽查评价规则》,产品质量与安全,产品质量,重命名: 产品质量与安全 -> 产品质量
《浙江省婴幼儿及儿童服装产品质量监督抽查评价规则》,产品质量与安全,产品质量,重命名: 产品质量与安全 -> 产品质量
《浙江省塑料购物袋、商品零售包装袋新产品质量监督抽查评价规则》,产品质量与安全,产品质量,重命名: 产品质量与安全 -> 产品质量
《浙江省珠宝玉石饰品产品质量监督检查评价规则》,产品质量与安全,产品质量,重命名: 产品质量与安全 -> 产品质量
《浙江省瓦楞纸箱产品质量监督检查评价规则》,产品质量与安全,产品质量,重命名: 产品质量与安全 -> 产品质量
《浙江省电动自行车产品质量监督抽查评价规则》,产品质量与安全,产品质量,重命名: 产品质量与安全 -> 产品质量
《浙江省电热毯产品质量监督检查评价规则》,产品质量与安全,产品质量,重命名: 产品质量与安全 -> 产品质量
《浙江省塑料电线电缆产品质量监督抽查评价规格-GZ383105塑料电线电缆188-2020》,产品质量与安全,产品质量,重命名: 产品质量与安全 -> 产品质量
《浙江省移动式空调器产品质量监督检查评价规则》,产品质量与安全,产品质量,重命名: 产品质量与安全 -> 产品质量
《浙江省羊绒衫产品质量监督检查评价规则》,产品质量与安全,产品质量,重命名: 产品质量与安全 -> 产品质量
《浙江省羽绒制品产品质量监督检查评价规则GZ194201羽绒制品188-2020》,产品质量与安全,产品质量,重命名: 产品质量与安全 -> 产品质量
《浙江省蛋糕产品质量监督检查评价规则》,产品质量与安全,产品质量,重命名: 产品质量与安全 -> 产品质量
《浙江省毛皮服装产品质量监督检查评价规则》,产品质量与安全,产品质量,重命名: 产品质量与安全 -> 产品质量
《西藏自治区产品质量监督抽查（风险监测）/复查抽样单》,产品质量与安全,产品质量,重命名: 产品质量与安全 -> 产品质量
《不合格产品分析及整改报告》,产品质量与安全,产品质量,重命名: 产品质量与安全 -> 产品质量
《不合格产品及其生产企业名单》,产品质量与安全,产品质量,重命名: 产品质量与安全 -> 产品质量
《关于产品质量监督抽检不合格的情况说明和整改报告》,产品质量与安全,产品质量,重命名: 产品质量与安全 -> 产品质量
《浙江省家用电冰箱（冷柜）产品质量监督检查评价规则》,产品质量与安全,产品质量,重命名: 产品质量与安全 -> 产品质量
《浙江省尿素水溶液（AUS32）产品质量监督检查评价规则》,产品质量与安全,产品质量,重命名: 产品质量与安全 -> 产品质量
《浙江省市场监督管理局2021年滚动轴承产品质量抽查结果通知书》,产品质量与安全,产品质量,重命名: 产品质量与安全 -> 产品质量
《浙江省床上用品产品质量监督抽查评价规则》,产品质量与安全,产品质量,重命名: 产品质量与安全 -> 产品质量
《浙江省房间空调器产品质量监督抽查评价规则》,产品质量与安全,产品质量,重命名: 产品质量与安全 -> 产品质量
《浙江省控制与保护开关电器产品质量监督抽查评价规则要求》,产品质量与安全,产品质量,重命名: 产品质量与安全 -> 产品质量
《不合格项整改报告》,产品质量与安全,产品质量,重命名: 产品质量与安全 -> 产品质量
《浙江省西服产品质量监督检查评价规则》,产品质量与安全,产品质量,重命名: 产品质量与安全 -> 产品质量
《浙江省日常防护型口罩产品质量监督抽查评价规则》,产品质量与安全,产品质量,重命名: 产品质量与安全 -> 产品质量
《不合格产品检验报告移交单》,产品质量与安全,产品质量,重命名: 产品质量与安全 -> 产品质量
《不合格产品召回通知》,产品质量与安全,产品质量,重命名: 产品质量与安全 -> 产品质量
《童车产品质量国家监督抽查实施细则》,产品质量与安全,产品质量,重命名: 产品质量与安全 -> 产品质量
《不合格产品召回记录表》,产品质量与安全,产品质量,重命名: 产品质量与安全 -> 产品质量
《额定电压450/750V及以下聚氯乙烯绝缘电缆电线和软线第2部分：固定布线用电缆电线》,产品质量与安全,产品质量,重命名: 产品质量与安全 -> 产品质量
《不合格产品召回计划表》,产品质量与安全,产品质量,重命名: 产品质量与安全 -> 产品质量
《竹木纤维纳米墙面板检验报告》,产品质量与安全,产品质量,重命名: 产品质量与安全 -> 产品质量
《西藏自治区产品质量监督检验所检验检测报告》,产品质量与安全,产品质量,重命名: 产品质量与安全 -> 产品质量
《不合格原因分析及整改报告》,产品质量与安全,产品质量,重命名: 产品质量与安全 -> 产品质量
《浙江省通用阀门产品质量监督检查评价规则》,产品质量与安全,产品质量,重命名: 产品质量与安全 -> 产品质量
《关于产品质量监督抽样不合格情况说明及整改情况的报告》,产品质量与安全,产品质量,重命名: 产品质量与安全 -> 产品质量
《关于2022年7月7日广州地铁8号线昌岗站5自动扶梯抽检不合格项目的情况说明报告》,产品质量与安全,产品质量,重命名: 产品质量与安全 -> 产品质量
《强制性产品认证管理规定》第五十四条第二项“违反本规定第二十四条,产品质量与安全,产品质量,重命名: 产品质量与安全 -> 产品质量
《强制性产品认证管理规定》第五十四条,产品质量与安全,产品质量,重命名: 产品质量与安全 -> 产品质量
《强制性产品认证管理规定》第二条,产品质量与安全,产品质量,重命名: 产品质量与安全 -> 产品质量
《强制性产品认证管理规定》第二十四条第二项,产品质量与安全,产品质量,重命名: 产品质量与安全 -> 产品质量
《自行车产品质量监督抽查实施规范》,产品质量与安全,产品质量,重命名: 产品质量与安全 -> 产品质量
《关于处理龟甲胶、鹿角胶掺杂掺假案件的函》,产品质量与安全,产品质量,重命名: 产品质量与安全 -> 产品质量
《关于委托对北京市住建委混凝土搅拌站原材料专项检查涉及我省生产企业不合格产品调查处理的函》,产品质量与安全,产品质量,重命名: 产品质量与安全 -> 产品质量
《强制性产品认证管理规定》第二十五条第一款的规定,产品质量与安全,产品质量,重命名: 产品质量与安全 -> 产品质量
《强制性产品认证管理规定》第二十五条第一款,产品质量与安全,产品质量,重命名: 产品质量与安全 -> 产品质量
《强制性产品认证管理规定》第二十九条,产品质量与安全,产品质量,重命名: 产品质量与安全 -> 产品质量
《强制性产品认证管理规定》第三十二条,产品质量与安全,产品质量,重命名: 产品质量与安全 -> 产品质量
《强制性产品认证管理规定》第2项,产品质量与安全,产品质量,重命名: 产品质量与安全 -> 产品质量
《强制性产品认证目录描述与界定表（2020年修订）》,产品质量与安全,产品质量,重命名: 产品质量与安全 -> 产品质量
《特香型白酒》,产品质量与安全,产品质量,重命名: 产品质量与安全 -> 产品质量
《童鞋产品质量国家监督抽查实施细则》,产品质量与安全,产品质量,重命名: 产品质量与安全 -> 产品质量
《强制性产品认证实施规则 信息技术设备》,产品质量与安全,产品质量,重命名: 产品质量与安全 -> 产品质量
《糕点出厂检验报告》,产品质量与安全,产品质量,重命名: 产品质量与安全 -> 产品质量
《贵州省皮鞋产品质量监督抽查实施细则（2021年版）》,产品质量与安全,产品质量,重命名: 产品质量与安全 -> 产品质量
《贵州省产品质量监督抽查实施细则溶解乙炔》,产品质量与安全,产品质量,重命名: 产品质量与安全 -> 产品质量
《质量管理体系认证规则》,产品质量与安全,产品质量,重命名: 产品质量与安全 -> 产品质量
《关于北京航天总医院抽验不合格产品的移送函》,产品质量与安全,产品质量,重命名: 产品质量与安全 -> 产品质量
《关于2020年强制性产品认证获证产品(电线电缆)认证有效性抽查不合格产品情况的函》,产品质量与安全,产品质量,重命名: 产品质量与安全 -> 产品质量
《计量检验不合格通报函》,产品质量与安全,产品质量,重命名: 产品质量与安全 -> 产品质量
《关于协助查询不合格一次性使用无菌医用口罩的协查通知》,产品质量与安全,产品质量,重命名: 产品质量与安全 -> 产品质量
《浓香型白酒》,产品质量与安全,产品质量,重命名: 产品质量与安全 -> 产品质量
《中华人民共和国认证认可条例》第六十七条,产品质量与安全,产品质量,重命名: 产品质量与安全 -> 产品质量
《西藏自治区产品质量监督抽查检验结论告知书回执》,产品质量与安全,产品质量,重命名: 产品质量与安全 -> 产品质量
《关于处理龟甲胶、鹿甲胶掺杂掺假案件的函》,产品质量与安全,产品质量,重命名: 产品质量与安全 -> 产品质量
《质量管理体系认证证书》,产品质量与安全,产品质量,重命名: 产品质量与安全 -> 产品质量
《衡水市市场监督管理局2023年纺织产品质量市级监督抽查方案》,产品质量与安全,产品质量,重命名: 产品质量与安全 -> 产品质量
《兰州市市场监督管理局关于全市消杀用品质量抽检情况的报告》,产品质量与安全,产品质量,重命名: 产品质量与安全 -> 产品质量
《东莞市市场监督管理局产品质量抽查检验结果送达书》,产品质量与安全,产品质量,重命名: 产品质量与安全 -> 产品质量
《强制性产品认证管理规定》第五十四条第(三)项,产品质量与安全,产品质量,重命名: 产品质量与安全 -> 产品质量
《质量技术监督扣押决定书》,产品质量与安全,产品质量,重命名: 产品质量与安全 -> 产品质量
《质量技术监督查封决定书》,产品质量与安全,产品质量,重命名: 产品质量与安全 -> 产品质量
《质量技术监督检验结果告知书》,产品质量与安全,产品质量,重命名: 产品质量与安全 -> 产品质量
《质量技术监督行政处罚告知书》,产品质量与安全,产品质量,重命名: 产品质量与安全 -> 产品质量
《质量技术监督行政处罚案件审理规定》第十二条第一款第三项,产品质量与安全,产品质量,重命名: 产品质量与安全 -> 产品质量
《莲芝消炎滴丸连锁药店渠道代理合作协议书（确定版）》,产品质量与安全,产品质量,重命名: 产品质量与安全 -> 产品质量
《浙江省皮革服装产品质量监督检查评价规则》,产品质量与安全,产品质量,重命名: 产品质量与安全 -> 产品质量
构成了销售不合格商品的行为。依据》,产品质量与安全,产品质量,重命名: 产品质量与安全 -> 产品质量
《产品质量法》第五十条,产品质量与安全,产品质量,重命名: 产品质量与安全 -> 产品质量
《产品质量法》第五十四条“产品标识不符合本法第二十七条,产品质量与安全,产品质量,重命名: 产品质量与安全 -> 产品质量
《产品质量法》第五十四条,产品质量与安全,产品质量,重命名: 产品质量与安全 -> 产品质量
《产品质量法》第五十三条、第五十五条,产品质量与安全,产品质量,重命名: 产品质量与安全 -> 产品质量
《产品质量法》第五十三条,产品质量与安全,产品质量,重命名: 产品质量与安全 -> 产品质量
《产品质量法》第二十六条、第三十三条,产品质量与安全,产品质量,重命名: 产品质量与安全 -> 产品质量
《产品质量法》第二十三条,产品质量与安全,产品质量,重命名: 产品质量与安全 -> 产品质量
《产品质量法》第二十七条第一款第（五）项,产品质量与安全,产品质量,重命名: 产品质量与安全 -> 产品质量
《福建省产品质量监督抽查实施细则 旅行箱包、背提包》,产品质量与安全,产品质量,重命名: 产品质量与安全 -> 产品质量
《福建省产品质量监督抽查实施细则 水泥产品》,产品质量与安全,产品质量,重命名: 产品质量与安全 -> 产品质量
《产品质量法》第二十七条第一款第（二）项,产品质量与安全,产品质量,重命名: 产品质量与安全 -> 产品质量
《产品质量法》第二十七条、第三十六条,产品质量与安全,产品质量,重命名: 产品质量与安全 -> 产品质量
《产品质量法》第二十七条,产品质量与安全,产品质量,重命名: 产品质量与安全 -> 产品质量
《产品质量法》第三十条、第三十七条,产品质量与安全,产品质量,重命名: 产品质量与安全 -> 产品质量
《产品质量法》第三十条,产品质量与安全,产品质量,重命名: 产品质量与安全 -> 产品质量
《产品质量法》第三十四条,产品质量与安全,产品质量,重命名: 产品质量与安全 -> 产品质量
《产品质量法》第三十六条,产品质量与安全,产品质量,重命名: 产品质量与安全 -> 产品质量
《产品质量法》第三十二条、第三十九条,产品质量与安全,产品质量,重命名: 产品质量与安全 -> 产品质量
《产品质量法》第三十二条,产品质量与安全,产品质量,重命名: 产品质量与安全 -> 产品质量
《产品质量法》第三十九条,产品质量与安全,产品质量,重命名: 产品质量与安全 -> 产品质量
《产品质量法》第七十二条,产品质量与安全,产品质量,重命名: 产品质量与安全 -> 产品质量
《辽宁省2020年日常防护口罩产品质量监督抽查实施细则》,产品质量与安全,产品质量,重命名: 产品质量与安全 -> 产品质量
《产品质量法》第十七条,产品质量与安全,产品质量,重命名: 产品质量与安全 -> 产品质量
《产品质量监督抽查异议通知书》,产品质量与安全,产品质量,重命名: 产品质量与安全 -> 产品质量
《产品质量监督抽查异议处理通知书》,产品质量与安全,产品质量,重命名: 产品质量与安全 -> 产品质量
《产品质量监督抽查异议处理结果通知书》,产品质量与安全,产品质量,重命名: 产品质量与安全 -> 产品质量
《产品质量监督抽查实施细则 陶瓷片密闭水嘴》,产品质量与安全,产品质量,重命名: 产品质量与安全 -> 产品质量
《产品质量监督抽查单》,产品质量与安全,产品质量,重命名: 产品质量与安全 -> 产品质量
《产品质量监督抽查不合格情况通知单》,产品质量与安全,产品质量,重命名: 产品质量与安全 -> 产品质量
《产品质量监督抽查不合格情况通知书》,产品质量与安全,产品质量,重命名: 产品质量与安全 -> 产品质量
《产品质量监督抽查不合格产品移送处理通知单》,产品质量与安全,产品质量,重命名: 产品质量与安全 -> 产品质量
《产品质量监督抽查不合格产品移送处理单》,产品质量与安全,产品质量,重命名: 产品质量与安全 -> 产品质量
《产品质量监督抽查不合格产品移送处理函》,产品质量与安全,产品质量,重命名: 产品质量与安全 -> 产品质量
《辽宁省2020年塑料购物袋产品质量监督抽查实施细则》,产品质量与安全,产品质量,重命名: 产品质量与安全 -> 产品质量
《辽宁省床上用品产品质量监督抽查实施细则》,产品质量与安全,产品质量,重命名: 产品质量与安全 -> 产品质量
《产品质量监督抽查不合格产品信息移送函》,产品质量与安全,产品质量,重命名: 产品质量与安全 -> 产品质量
《产品质量监督抽查/复查抽样单》,产品质量与安全,产品质量,重命名: 产品质量与安全 -> 产品质量
《产品质量法》第四十九条、第五十五条、第六十条,产品质量与安全,产品质量,重命名: 产品质量与安全 -> 产品质量
《产品质量法》第四十九条,产品质量与安全,产品质量,重命名: 产品质量与安全 -> 产品质量
《产品质量法》第十五条第一款第（二）项、第二十四条,产品质量与安全,产品质量,重命名: 产品质量与安全 -> 产品质量
《产品质量法》第十二条,产品质量与安全,产品质量,重命名: 产品质量与安全 -> 产品质量
《福建省产品质量抽查实施细则 陶瓷砖》,产品质量与安全,产品质量,重命名: 产品质量与安全 -> 产品质量
《产品质量法》第十九条、第二十六条,产品质量与安全,产品质量,重命名: 产品质量与安全 -> 产品质量
《产品质量法》第十三条第二款,产品质量与安全,产品质量,重命名: 产品质量与安全 -> 产品质量
《产品质量监督抽查/复查通知书》,产品质量与安全,产品质量,重命名: 产品质量与安全 -> 产品质量
《辽宁省泳装产品质量监督抽查实施细则》,产品质量与安全,产品质量,重命名: 产品质量与安全 -> 产品质量
《福建省产品质量监督抽查实施细则 蒸压加气混凝土砌块产品》,产品质量与安全,产品质量,重命名: 产品质量与安全 -> 产品质量
《福建省产品质量监督抽查实施细则 陶瓷砖》,产品质量与安全,产品质量,重命名: 产品质量与安全 -> 产品质量
《产品质量市级监督抽查不合格情况通知单NO.HSSC2023-010》,产品质量与安全,产品质量,重命名: 产品质量与安全 -> 产品质量
《产品质量复检检验报告》,产品质量与安全,产品质量,重命名: 产品质量与安全 -> 产品质量
《产品质量国家监督抽验责令整改通知书》,产品质量与安全,产品质量,重命名: 产品质量与安全 -> 产品质量
《产品质量国家监督抽检结果通知书》,产品质量与安全,产品质量,重命名: 产品质量与安全 -> 产品质量
《产品质量国家监督抽查通知书》,产品质量与安全,产品质量,重命名: 产品质量与安全 -> 产品质量
《产品质量国家监督抽查责令改正整改通知书》,产品质量与安全,产品质量,重命名: 产品质量与安全 -> 产品质量
《产品质量国家监督抽查结果通知书》,产品质量与安全,产品质量,重命名: 产品质量与安全 -> 产品质量
《产品质量国家监督抽查异议处理结论通知书》,产品质量与安全,产品质量,重命名: 产品质量与安全 -> 产品质量
《产品质量国家监督抽查不合格产品生产企业后处理规定》,产品质量与安全,产品质量,重命名: 产品质量与安全 -> 产品质量
《产品检验报告书》,产品质量与安全,产品质量,重命名: 产品质量与安全 -> 产品质量
《产品抽检不合格信息通报函》,产品质量与安全,产品质量,重命名: 产品质量与安全 -> 产品质量
《产品质量改进建议书》,产品质量与安全,产品质量,重命名: 产品质量与安全 -> 产品质量
《产品出厂检验报告》,产品质量与安全,产品质量,重命名: 产品质量与安全 -> 产品质量
《福建省产品质量监督抽查实施细则（塑料购物袋）》,产品质量与安全,产品质量,重命名: 产品质量与安全 -> 产品质量
《福建省产品质量监督抽查检验结果通知单》,产品质量与安全,产品质量,重命名: 产品质量与安全 -> 产品质量
《亚可多吉牦牛纯牛奶不合格产品召回记录》,产品质量与安全,产品质量,重命名: 产品质量与安全 -> 产品质量
《中华人民共和国产品质量法》第三十二条,产品质量与安全,产品质量,重命名: 产品质量与安全 -> 产品质量
《中华人民共和国产品质量法》第二十六条第一款,产品质量与安全,产品质量,重命名: 产品质量与安全 -> 产品质量
《中华人民共和国产品质量法》第二十六条第二款第(一)项、第四十九条,产品质量与安全,产品质量,重命名: 产品质量与安全 -> 产品质量
《中华人民共和国产品质量法》第十三条第一款,产品质量与安全,产品质量,重命名: 产品质量与安全 -> 产品质量
《中华人民共和国产品质量法》第十三条,产品质量与安全,产品质量,重命名: 产品质量与安全 -> 产品质量
《产品免于质量监督检查管理办法》,产品质量与安全,产品质量,重命名: 产品质量与安全 -> 产品质量
《磷肥产品质量国家监督抽查实施细则（2022年版）》,产品质量与安全,产品质量,重命名: 产品质量与安全 -> 产品质量
《产品质量案件移交单》,产品质量与安全,产品质量,重命名: 产品质量与安全 -> 产品质量
《产品质量检验抽样单》,产品质量与安全,产品质量,重命名: 产品质量与安全 -> 产品质量
《辽宁省流通领域商品质量监测抽样检验结果通知书》,产品质量与安全,产品质量,重命名: 产品质量与安全 -> 产品质量
《福建省产品质量监督抽查实施细则玩具》,产品质量与安全,产品质量,重命名: 产品质量与安全 -> 产品质量
《辽宁省车用乙醇汽油产品质量监督抽查实施细则》,产品质量与安全,产品质量,重命名: 产品质量与安全 -> 产品质量
《辽宁省防疫物资产品质量和市场秩序专项整治行动方案》,产品质量与安全,产品质量,重命名: 产品质量与安全 -> 产品质量
《产品质量法》第50条,产品质量与安全,产品质量,重命名: 产品质量与安全 -> 产品质量
《福建省产品质量监督抽查实施细则陶瓷砖产品》,产品质量与安全,产品质量,重命名: 产品质量与安全 -> 产品质量
《达检验报告》,产品质量与安全,产品质量,重命名: 产品质量与安全 -> 产品质量
《违反产品质量法行为处罚裁量基准》第二条第一款第（一）项,产品质量与安全,产品质量,重命名: 产品质量与安全 -> 产品质量
《产品质量法》第39条,产品质量与安全,产品质量,重命名: 产品质量与安全 -> 产品质量
《适用〈厦门经济特区产品质量监督管理条例〉行政处罚裁量意见》,产品质量与安全,产品质量,重命名: 产品质量与安全 -> 产品质量
《中华人民共国国产品质量法》第二十七条第一款第（三）项,产品质量与安全,产品质量,重命名: 产品质量与安全 -> 产品质量
《产品质量检验报告》,产品质量与安全,产品质量,重命名: 产品质量与安全 -> 产品质量
《中华人民共国国产品质量法》第五十四条,产品质量与安全,产品质量,重命名: 产品质量与安全 -> 产品质量
《中华人民国产品质量法》第十二条,产品质量与安全,产品质量,重命名: 产品质量与安全 -> 产品质量
《中国人民共和国产品质量法》第三十九条,产品质量与安全,产品质量,重命名: 产品质量与安全 -> 产品质量
《中国人民共和国产品质量法》第三十二条,产品质量与安全,产品质量,重命名: 产品质量与安全 -> 产品质量
《中国名牌产品管理办法》,产品质量与安全,产品质量,重命名: 产品质量与安全 -> 产品质量
《中国名牌产品管理办法》第二十七条,产品质量与安全,产品质量,重命名: 产品质量与安全 -> 产品质量
《中密度纤维板产品质量国家监督抽查实施细则》,产品质量与安全,产品质量,重命名: 产品质量与安全 -> 产品质量
《****年湖南省婴幼儿及儿童服装产品质量监督抽查实施细则》,产品质量与安全,产品质量,重命名: 产品质量与安全 -> 产品质量
《产品质量法》第1项,产品质量与安全,产品质量,重命名: 产品质量与安全 -> 产品质量
《产品质量法》,产品质量与安全,产品质量,重命名: 产品质量与安全 -> 产品质量
《产品质量检验结果通知书》,产品质量与安全,产品质量,重命名: 产品质量与安全 -> 产品质量
《产品质量法》第29条,产品质量与安全,产品质量,重命名: 产品质量与安全 -> 产品质量
《监督抽检问题样品后处理委托通知单》,产品质量与安全,产品质量,重命名: 产品质量与安全 -> 产品质量
《产品质量监督抽查抽样单》,产品质量与安全,产品质量,重命名: 产品质量与安全 -> 产品质量
《产品质量监督抽查检验报告》,产品质量与安全,产品质量,重命名: 产品质量与安全 -> 产品质量
《湖北省化肥产品质量监督抽查实施细则》,产品质量与安全,产品质量,重命名: 产品质量与安全 -> 产品质量
《佛山市2021年建筑用铝合金制品产品质量监督抽查实施方案》,产品质量与安全,产品质量,重命名: 产品质量与安全 -> 产品质量
《湖北省无规共聚聚丙烯（PP-R）管材产品质量监督抽查实施细则》,产品质量与安全,产品质量,重命名: 产品质量与安全 -> 产品质量
《湖北省聚乙烯（PE）管材产品质量监督抽查实施细则（2021年版）》,产品质量与安全,产品质量,重命名: 产品质量与安全 -> 产品质量
《2023年海西州产品质量州级监督抽查工作方案》,产品质量与安全,产品质量,重命名: 产品质量与安全 -> 产品质量
《2023年大连市汽油产品质量监督抽查实施细则》,产品质量与安全,产品质量,重命名: 产品质量与安全 -> 产品质量
《2022河北省袜子产品质量监督抽查实施细则》,产品质量与安全,产品质量,重命名: 产品质量与安全 -> 产品质量
《2022年预拌混凝土产品质量广西监督抽查实施细则》,产品质量与安全,产品质量,重命名: 产品质量与安全 -> 产品质量
《2022年青岛市城阳区课桌椅产品质量监督抽查实施细则》,产品质量与安全,产品质量,重命名: 产品质量与安全 -> 产品质量
《2022年湖南省电风扇(换气扇)产品质量监督抽查实施细则》,产品质量与安全,产品质量,重命名: 产品质量与安全 -> 产品质量
《2022年湖南省检查井盖产品质量监督抽查实施细则》,产品质量与安全,产品质量,重命名: 产品质量与安全 -> 产品质量
《湖北省产品质量监督抽查检验结果通知书》,产品质量与安全,产品质量,重命名: 产品质量与安全 -> 产品质量
《2022年广安市聚氯乙烯绝缘电线产品质量监督抽查实施细则》,产品质量与安全,产品质量,重命名: 产品质量与安全 -> 产品质量
《2022年北京市密封用填及胶粘剂产品质量监督抽查实施细则》,产品质量与安全,产品质量,重命名: 产品质量与安全 -> 产品质量
《2022年上海市金山区老视成镜产品质量监督抽查实施细则》,产品质量与安全,产品质量,重命名: 产品质量与安全 -> 产品质量
《热轧光圆钢筋产品质量监督抽查检验实施规范》,产品质量与安全,产品质量,重命名: 产品质量与安全 -> 产品质量
《2021年普通胶合板产品质量柳城县监督抽查实施细则》,产品质量与安全,产品质量,重命名: 产品质量与安全 -> 产品质量
《2021年北京市建筑用玻璃产品质量监督抽查实施细则》,产品质量与安全,产品质量,重命名: 产品质量与安全 -> 产品质量
《2021年云南省蒸压加气混凝土砌块产品质量监督抽查实施细则》,产品质量与安全,产品质量,重命名: 产品质量与安全 -> 产品质量
《2020年非医用口罩产品质量国家监督抽查方案》,产品质量与安全,产品质量,重命名: 产品质量与安全 -> 产品质量
《2020年重庆儿童及婴幼儿服装产品质量监督抽查实施细则》,产品质量与安全,产品质量,重命名: 产品质量与安全 -> 产品质量
《2020年迁安市杀虫剂产品质量监督抽查实施细则）判定为被抽查产品不合格。经天津市惠百检测技术服务有限公司对唐山市万瑞丰商贸有限公司提供的备样复检,产品质量与安全,产品质量,重命名: 产品质量与安全 -> 产品质量
《2020年湖南省陶瓷砖产品质量监督抽查实施细则》,产品质量与安全,产品质量,重命名: 产品质量与安全 -> 产品质量
《2020年河北省厨房机械产品质量省级监督抽查方案》,产品质量与安全,产品质量,重命名: 产品质量与安全 -> 产品质量
《2022年呼伦贝尔市瓶装液化石油气调压器产品质量监督抽查实施细则》,产品质量与安全,产品质量,重命名: 产品质量与安全 -> 产品质量
《2020年新疆维吾尔自治区车用汽油、车用柴油产品质量监督抽查实施细则》,产品质量与安全,产品质量,重命名: 产品质量与安全 -> 产品质量
《佛山市市场监督管理局产品质量监督抽查检验结果通知书》,产品质量与安全,产品质量,重命名: 产品质量与安全 -> 产品质量
《儿童家具产品质量国家监督抽查实施细则》,产品质量与安全,产品质量,重命名: 产品质量与安全 -> 产品质量
我们认为该公司其行为违反了《中华人民共和国产品质量法》第二十六条第（一）项,产品质量与安全,产品质量,重命名: 产品质量与安全 -> 产品质量
《车用汽油清净剂产品质量国家监督抽查实施细则(2022年版)》,产品质量与安全,产品质量,重命名: 产品质量与安全 -> 产品质量
依据《中华人民共和国产品质量法》第四十九条,产品质量与安全,产品质量,重命名: 产品质量与安全 -> 产品质量
《ISO9001:2015质量管理体系的认证规则》,产品质量与安全,产品质量,重命名: 产品质量与安全 -> 产品质量
《深圳市市场监督管理局 个护健康器具产品质量监督抽查实施规范》,产品质量与安全,产品质量,重命名: 产品质量与安全 -> 产品质量
《深圳市市场监督管理局个护健康器具产品质量监督抽查实施规范》,产品质量与安全,产品质量,重命名: 产品质量与安全 -> 产品质量
《深圳市市场监督管理局婴儿摇篮产品质量监督抽查实施规范》,产品质量与安全,产品质量,重命名: 产品质量与安全 -> 产品质量
《深圳市市场监督管理局服装产品质量监督抽查实施规范》,产品质量与安全,产品质量,重命名: 产品质量与安全 -> 产品质量
《福建省市场监督管理系统适用〈产品质量法〉行政处罚裁量基准》,产品质量与安全,产品质量,重命名: 产品质量与安全 -> 产品质量
《车用汽油清净剂产品质量国家监督抽查实施细则（2021年版）》,产品质量与安全,产品质量,重命名: 产品质量与安全 -> 产品质量
《关于移交监督抽查产品不合格材料的函》,产品质量与安全,产品质量,重命名: 产品质量与安全 -> 产品质量
《温州市质量技术监督局行政处罚裁量细则(修订)》第十七条第三款第一项,产品质量与安全,产品质量,重命名: 产品质量与安全 -> 产品质量
《公用管道检验报告》,产品质量与安全,产品质量,重命名: 产品质量与安全 -> 产品质量
《深圳经济特区产品质量管理条例》第二十三条第二款第（五）、（六）项,产品质量与安全,产品质量,重命名: 产品质量与安全 -> 产品质量
《深圳经济特区产品质量管理条例》第二十四条,产品质量与安全,产品质量,重命名: 产品质量与安全 -> 产品质量
《深圳经济特区产品质量管理条例》第二十四条第一款第（一）项,产品质量与安全,产品质量,重命名: 产品质量与安全 -> 产品质量
《深圳经济特区产品质量管理条例》第二十四条第（一）项,产品质量与安全,产品质量,重命名: 产品质量与安全 -> 产品质量
《深圳经济特区产品质量管理条例》第五十七条,产品质量与安全,产品质量,重命名: 产品质量与安全 -> 产品质量
《深圳经济特区产品质量管理条例》第五十八条,产品质量与安全,产品质量,重命名: 产品质量与安全 -> 产品质量
《CCGF-SZ-006-2021深圳市市场监督管理局服装产品质量监督抽查实施规范》,产品质量与安全,产品质量,重命名: 产品质量与安全 -> 产品质量
《清远市市场监督管理局2021年电动自行车产品质量监督抽查实施细则》,产品质量与安全,产品质量,重命名: 产品质量与安全 -> 产品质量
《深圳经济特区产品质量管理条例》,产品质量与安全,产品质量,重命名: 产品质量与安全 -> 产品质量
《中华人民共和国产品质量法》第五十二条,产品质量与安全,产品质量,重命名: 产品质量与安全 -> 产品质量
《2020年天津市电线电缆产品质量监督抽查实施方案》,产品质量与安全,产品质量,重命名: 产品质量与安全 -> 产品质量
《甘肃省产品质量监督管理条例》,产品质量与安全,产品质量,重命名: 产品质量与安全 -> 产品质量
《产品质量监督检查不合格产品生产企业移交处理通知书》,产品质量与安全,产品质量,重命名: 产品质量与安全 -> 产品质量
《产品质量监督抽检不合格情况通知单》,产品质量与安全,产品质量,重命名: 产品质量与安全 -> 产品质量
《产品质量监督抽检/复查抽样单》,产品质量与安全,产品质量,重命名: 产品质量与安全 -> 产品质量
《产品质量监督抽样结果通知单》,产品质量与安全,产品质量,重命名: 产品质量与安全 -> 产品质量
《产品质量监督抽查责令整改通知书》,产品质量与安全,产品质量,重命名: 产品质量与安全 -> 产品质量
《产品质量监督抽查责令改正通知书》,产品质量与安全,产品质量,重命名: 产品质量与安全 -> 产品质量
《产品质量监督抽查结果通知单》,产品质量与安全,产品质量,重命名: 产品质量与安全 -> 产品质量
《产品质量监督抽查结果通知书》,产品质量与安全,产品质量,重命名: 产品质量与安全 -> 产品质量
《产品质量监督抽查结果通报函》,产品质量与安全,产品质量,重命名: 产品质量与安全 -> 产品质量
《2014年流通领域成品油质量抽检方案》,产品质量与安全,产品质量,重命名: 产品质量与安全 -> 产品质量
《产品质量监督抽查结果告知书》,产品质量与安全,产品质量,重命名: 产品质量与安全 -> 产品质量
《产品质量监督检查不合格结果通知单》,产品质量与安全,产品质量,重命名: 产品质量与安全 -> 产品质量
《产品质量监督抽查管理暂行办法》,产品质量与安全,产品质量,重命名: 产品质量与安全 -> 产品质量
《田家庵产品质量监督抽查/复查检验结果通知单》,产品质量与安全,产品质量,重命名: 产品质量与安全 -> 产品质量
《产品质量监督抽查管理办法》第五十一条,产品质量与安全,产品质量,重命名: 产品质量与安全 -> 产品质量
《电动单梁起重机定期（首次）检验报告》,产品质量与安全,产品质量,重命名: 产品质量与安全 -> 产品质量
《电线电缆类产品质量监督抽查实施方案》,产品质量与安全,产品质量,重命名: 产品质量与安全 -> 产品质量
《2007年第3季度佛山市流通领域腐竹商品质量鉴监测抽查细则》,产品质量与安全,产品质量,重命名: 产品质量与安全 -> 产品质量
《产品质量监督抽查检验结论告知书》,产品质量与安全,产品质量,重命名: 产品质量与安全 -> 产品质量
《白山市工商行政管理局商品质量抽检结果告知书》,产品质量与安全,产品质量,重命名: 产品质量与安全 -> 产品质量
《皖西南产品质量监督检验中心检验报告》,产品质量与安全,产品质量,重命名: 产品质量与安全 -> 产品质量
《益丰大药房会员流程》,产品质量与安全,产品质量,重命名: 产品质量与安全 -> 产品质量
《产品质量监督抽查检验结果通知单》,产品质量与安全,产品质量,重命名: 产品质量与安全 -> 产品质量
《产品质量监督抽查检验结果通知书》,产品质量与安全,产品质量,重命名: 产品质量与安全 -> 产品质量
《甘肃省蒸压加气混凝土砌块产品质量省级监督抽查实施细则 蒸压加气混凝土砌块》,产品质量与安全,产品质量,重命名: 产品质量与安全 -> 产品质量
《2020年四川省非医用口罩产品质量省级监督抽查实施细则》,产品质量与安全,产品质量,重命名: 产品质量与安全 -> 产品质量
《产品质量监督检查后处理执法查处移送书》,产品质量与安全,产品质量,重命名: 产品质量与安全 -> 产品质量
《产品质量监督检查通知书》,产品质量与安全,产品质量,重命名: 产品质量与安全 -> 产品质量
《甘肃省产品质量监督管理条例》第二十六条,产品质量与安全,产品质量,重命名: 产品质量与安全 -> 产品质量
《甘肃省产品质量监督管理条例》第二十六条第一款第（二）项,产品质量与安全,产品质量,重命名: 产品质量与安全 -> 产品质量
《甘肃省产品质量监督管理条例》第八条第一款第（六）项,产品质量与安全,产品质量,重命名: 产品质量与安全 -> 产品质量
《2019老视成镜产品质量国家监督抽查方案》,产品质量与安全,产品质量,重命名: 产品质量与安全 -> 产品质量
《2019年除湿机产品质量国家监督抽查方案》,产品质量与安全,产品质量,重命名: 产品质量与安全 -> 产品质量
《2019年针织泳装产品质量国家监督抽查方案》,产品质量与安全,产品质量,重命名: 产品质量与安全 -> 产品质量
《2019年重庆市内燃机金属零部件产品质量监督抽查实施方案》,产品质量与安全,产品质量,重命名: 产品质量与安全 -> 产品质量
《2019年车用柴油产品质量广西监督抽查实施细则》,产品质量与安全,产品质量,重命名: 产品质量与安全 -> 产品质量
《2019年织物蒸汽机产品质量国家监督抽查方案》,产品质量与安全,产品质量,重命名: 产品质量与安全 -> 产品质量
《2019年电风扇产品质量国家监督抽查方案》,产品质量与安全,产品质量,重命名: 产品质量与安全 -> 产品质量
《甘肃省产品质量监督管理条例》第八条（六）项,产品质量与安全,产品质量,重命名: 产品质量与安全 -> 产品质量
《产品质量监督检查抽样单》,产品质量与安全,产品质量,重命名: 产品质量与安全 -> 产品质量
《2019年湖南省阀门产品质量监督抽查服务方案》,产品质量与安全,产品质量,重命名: 产品质量与安全 -> 产品质量
《2019年沈阳市市场监督管理局流通领域车用柴油商品质量抽检实施方案》,产品质量与安全,产品质量,重命名: 产品质量与安全 -> 产品质量
《2019年智能坐便产品质量国家监督抽查方案》,产品质量与安全,产品质量,重命名: 产品质量与安全 -> 产品质量
《2019年家用和类似用途剩余电流动作断路器产品质量国家监督抽查方案》,产品质量与安全,产品质量,重命名: 产品质量与安全 -> 产品质量
《2019年围巾披肩产品质量国家监督抽查方案》,产品质量与安全,产品质量,重命名: 产品质量与安全 -> 产品质量
《2019年便器压力冲洗阀产品质量国家监督抽查方案》,产品质量与安全,产品质量,重命名: 产品质量与安全 -> 产品质量
《2018皮革服装产品质量国家监督抽查方案》,产品质量与安全,产品质量,重命名: 产品质量与安全 -> 产品质量
《2018年瓦楞纸箱产品质量国家监督抽查方案》,产品质量与安全,产品质量,重命名: 产品质量与安全 -> 产品质量
《2018年塑料膜、袋等产品质量广西监督抽样实施细则》,产品质量与安全,产品质量,重命名: 产品质量与安全 -> 产品质量
《2018年塑料外壳式断路器产品质量国家监督抽检方案》,产品质量与安全,产品质量,重命名: 产品质量与安全 -> 产品质量
《产品质量省级监督抽查不合格情况通知单》,产品质量与安全,产品质量,重命名: 产品质量与安全 -> 产品质量
《产品质量监督检验结果通知书》,产品质量与安全,产品质量,重命名: 产品质量与安全 -> 产品质量
《2019年湖南省室内加热器、暖脚器产品质量监督抽查实施细则》,产品质量与安全,产品质量,重命名: 产品质量与安全 -> 产品质量
《混凝土配合比设计检验报告》,产品质量与安全,产品质量,重命名: 产品质量与安全 -> 产品质量
《中华人民共和产品质量法》第十三条,产品质量与安全,产品质量,重命名: 产品质量与安全 -> 产品质量
《关于移送产品质量监督抽查情况的函》,产品质量与安全,产品质量,重命名: 产品质量与安全 -> 产品质量
《中华人民共和国产品质量法》第五十五条、第五十三条,产品质量与安全,产品质量,重命名: 产品质量与安全 -> 产品质量
《中华人民共和国产品质量法》第五十五条“销售者销售本法第四十九条至第五十三条,产品质量与安全,产品质量,重命名: 产品质量与安全 -> 产品质量
《中华人民共和国产品质量法》第五十五条:“销售者销售本法第四十九条至第五十三条,产品质量与安全,产品质量,重命名: 产品质量与安全 -> 产品质量
《中华人民共和国产品质量法》第五十五条,产品质量与安全,产品质量,重命名: 产品质量与安全 -> 产品质量
《叉车定期检验报告》,产品质量与安全,产品质量,重命名: 产品质量与安全 -> 产品质量
《年冷轧带肋钢筋产品质量国家监督抽查实施细则》,产品质量与安全,产品质量,重命名: 产品质量与安全 -> 产品质量
《叉车定期（首次）检验报告》,产品质量与安全,产品质量,重命名: 产品质量与安全 -> 产品质量
《厦门经济特区产品质量监督管理条例》第三十六条的规定,产品质量与安全,产品质量,重命名: 产品质量与安全 -> 产品质量
《出境货物不合格通知单》,产品质量与安全,产品质量,重命名: 产品质量与安全 -> 产品质量
《重庆市纸巾纸产品质量监督抽查实施细则》,产品质量与安全,产品质量,重命名: 产品质量与安全 -> 产品质量
《中华人民共和国产品质量法》第五十三条,产品质量与安全,产品质量,重命名: 产品质量与安全 -> 产品质量
《卫生陶瓷产品质量河南省监督抽查实施细则》,产品质量与安全,产品质量,重命名: 产品质量与安全 -> 产品质量
《中华人民共和国产品质量法》第五十七条第一款,产品质量与安全,产品质量,重命名: 产品质量与安全 -> 产品质量
《南京市产品质量监督抽查不合格移交单》,产品质量与安全,产品质量,重命名: 产品质量与安全 -> 产品质量
《建筑用绝缘电工套管产品质量国家监督抽查实施细则》,产品质量与安全,产品质量,重命名: 产品质量与安全 -> 产品质量
《建筑门窗检验报告》,产品质量与安全,产品质量,重命名: 产品质量与安全 -> 产品质量
《快速检验报告》,产品质量与安全,产品质量,重命名: 产品质量与安全 -> 产品质量
《厦门市经济特区产品质量监督管理条例》第十三条第（一）款第（六）项,产品质量与安全,产品质量,重命名: 产品质量与安全 -> 产品质量
《厦门市经济特区产品质量监督管理条例》第三十六条,产品质量与安全,产品质量,重命名: 产品质量与安全 -> 产品质量
《原料米检验报告》,产品质量与安全,产品质量,重命名: 产品质量与安全 -> 产品质量
《中华人民共和国产品质量法》第四十九条的规定,产品质量与安全,产品质量,重命名: 产品质量与安全 -> 产品质量
《中华人民共和国产品质量法》第五十四条,产品质量与安全,产品质量,重命名: 产品质量与安全 -> 产品质量
《广东省市场监督管理局产品质量监督抽查结果通知书》,产品质量与安全,产品质量,重命名: 产品质量与安全 -> 产品质量
《广东省市场监督管理局2022年文体用品等5种产品质量监督抽查复检结论通知书》,产品质量与安全,产品质量,重命名: 产品质量与安全 -> 产品质量
《中华人民共和国产品质量法》第四十九条至第五十三条,产品质量与安全,产品质量,重命名: 产品质量与安全 -> 产品质量
《中华人民共和国产品质量法》第五十四条“产品标识不符合本法第二十七条,产品质量与安全,产品质量,重命名: 产品质量与安全 -> 产品质量
《中华人民共和国产品质量法》第四条,产品质量与安全,产品质量,重命名: 产品质量与安全 -> 产品质量
《中华人民共和国产品质量法》第五十六条,产品质量与安全,产品质量,重命名: 产品质量与安全 -> 产品质量
《中华人民共和国产品质量法释义》,产品质量与安全,产品质量,重命名: 产品质量与安全 -> 产品质量
《压力容器定期检验报告》,产品质量与安全,产品质量,重命名: 产品质量与安全 -> 产品质量
《压力容器定期检验结论报告》,产品质量与安全,产品质量,重命名: 产品质量与安全 -> 产品质量
《出厂检验报告》,产品质量与安全,产品质量,重命名: 产品质量与安全 -> 产品质量
《中华人民共和国产品质量法》第五十五条关于“销售者销售本法第四十九条至第五十三条,产品质量与安全,产品质量,重命名: 产品质量与安全 -> 产品质量
《原料入厂检验报告》,产品质量与安全,产品质量,重命名: 产品质量与安全 -> 产品质量
《水泥产品生产许可证企业实地核查办法》,产品质量与安全,产品质量,重命名: 产品质量与安全 -> 产品质量
《动物源产品中喹诺酮类残留量的测定液相色谱-串联质谱法》,产品质量与安全,产品质量,重命名: 产品质量与安全 -> 产品质量
《成品出厂检验报告》,产品质量与安全,产品质量,重命名: 产品质量与安全 -> 产品质量
《成品检验报告书》,产品质量与安全,产品质量,重命名: 产品质量与安全 -> 产品质量
《中华人民共和国产品质量法》第二十六条第一款及第二款第一项,产品质量与安全,产品质量,重命名: 产品质量与安全 -> 产品质量
《中华人民共和国产品质量法》第二十六条第一款及第二款第(一)项,产品质量与安全,产品质量,重命名: 产品质量与安全 -> 产品质量
《中华人民共和国产品质量法》第二十六条第一款、第二款第（一）项,产品质量与安全,产品质量,重命名: 产品质量与安全 -> 产品质量
《中华人民共和国产品质量法》第二十六条第一款“生产者应当对其生产的产品质量负责”和第二款第（一）项,产品质量与安全,产品质量,重命名: 产品质量与安全 -> 产品质量
《化州市工商行政管理局商品质量监测检验结果告知书》,产品质量与安全,产品质量,重命名: 产品质量与安全 -> 产品质量
《中华人民共和国产品质量法》第二十六条第(三)项,产品质量与安全,产品质量,重命名: 产品质量与安全 -> 产品质量
《中华人民共和国产品质量法》第二十六条第(一)项,产品质量与安全,产品质量,重命名: 产品质量与安全 -> 产品质量
《中华人民共和国产品质量法》第二十六条,产品质量与安全,产品质量,重命名: 产品质量与安全 -> 产品质量
《中华人民共和国产品质量法》第二十九条,产品质量与安全,产品质量,重命名: 产品质量与安全 -> 产品质量
《中华人民共和国产品质量法》第二十七条第（二）项,产品质量与安全,产品质量,重命名: 产品质量与安全 -> 产品质量
《中华人民共和国产品质量法》第二十七条第（二）款、第（四）款,产品质量与安全,产品质量,重命名: 产品质量与安全 -> 产品质量
《河北省产品质量监督条例》第二十一条第（二）项,产品质量与安全,产品质量,重命名: 产品质量与安全 -> 产品质量
《北京市产品质量监督检查不合格检验结果通报单》,产品质量与安全,产品质量,重命名: 产品质量与安全 -> 产品质量
《中华人民共和国产品质量法》第二十七条第三项,产品质量与安全,产品质量,重命名: 产品质量与安全 -> 产品质量
《中华人民共和国产品质量法》第二十七条第一款（四）项,产品质量与安全,产品质量,重命名: 产品质量与安全 -> 产品质量
《中华人民共和国产品质量法》第二十七条第一款第（五）项,产品质量与安全,产品质量,重命名: 产品质量与安全 -> 产品质量
《中华人民共和国产品质量法》第二十七条第一款第（二）项、第三十六条,产品质量与安全,产品质量,重命名: 产品质量与安全 -> 产品质量
《中华人民共和国产品质量法》第二十七条第一款第（二）项,产品质量与安全,产品质量,重命名: 产品质量与安全 -> 产品质量
《中华人民共和国产品质量法》第二十七条第一款第（三）项,产品质量与安全,产品质量,重命名: 产品质量与安全 -> 产品质量
《净含量计量检验报告》,产品质量与安全,产品质量,重命名: 产品质量与安全 -> 产品质量
《中华人民共和国产品质量法》第二十七条第一款第五项,产品质量与安全,产品质量,重命名: 产品质量与安全 -> 产品质量
《中华人民共和国产品质量法》第二十六条第一款第一项,产品质量与安全,产品质量,重命名: 产品质量与安全 -> 产品质量
《中华人民共和国产品质量法》第二十六条第一款第（一）项,产品质量与安全,产品质量,重命名: 产品质量与安全 -> 产品质量
《中华人民共和国产品质量法》第二十六条第三项,产品质量与安全,产品质量,重命名: 产品质量与安全 -> 产品质量
《成品油商品质量监测案件交办函》,产品质量与安全,产品质量,重命名: 产品质量与安全 -> 产品质量
《成都市产品质量监督条例》第二十八条第一款的规定：“违反本条例第十条,产品质量与安全,产品质量,重命名: 产品质量与安全 -> 产品质量
《成都市产品质量监督条例》第八条第二项,产品质量与安全,产品质量,重命名: 产品质量与安全 -> 产品质量
《成都市产品质量监督条例》第八条第（二）项,产品质量与安全,产品质量,重命名: 产品质量与安全 -> 产品质量
《成都市产品质量监督条例》第十条第二项,产品质量与安全,产品质量,重命名: 产品质量与安全 -> 产品质量
《中华人民共和国产品质量法》第五十七条,产品质量与安全,产品质量,重命名: 产品质量与安全 -> 产品质量
《中华人民共和国产品质量法》第五十一条,产品质量与安全,产品质量,重命名: 产品质量与安全 -> 产品质量
《中华人民共和国产品质量法》第二章第十七条,产品质量与安全,产品质量,重命名: 产品质量与安全 -> 产品质量
《中华人民共和国产品质量法》第二条,产品质量与安全,产品质量,重命名: 产品质量与安全 -> 产品质量
《中华人民共和国产品质量法》第二是六条第二款第（一）项,产品质量与安全,产品质量,重命名: 产品质量与安全 -> 产品质量
《中华人民共和国产品质量法》第二十六条第二款第（三）项和第三十二条,产品质量与安全,产品质量,重命名: 产品质量与安全 -> 产品质量
《中华人民共和国产品质量法》第二十六条第二款第（三）项、第三十二条、第三十九条,产品质量与安全,产品质量,重命名: 产品质量与安全 -> 产品质量
《中华人民共和国产品质量法》第二十六条第二款第（三）项,产品质量与安全,产品质量,重命名: 产品质量与安全 -> 产品质量
《中华人民共和国产品质量法》第二十六条第二款第（一）项、第四十九条,产品质量与安全,产品质量,重命名: 产品质量与安全 -> 产品质量
《中华人民共和国产品质量法》第二十六条第二款第（一）项,产品质量与安全,产品质量,重命名: 产品质量与安全 -> 产品质量
《中华人民共和国产品质量法》第二十六条第二款第一项的规定,产品质量与安全,产品质量,重命名: 产品质量与安全 -> 产品质量
《中华人民共和国产品质量法》第二十六条第二款第一项,产品质量与安全,产品质量,重命名: 产品质量与安全 -> 产品质量
《抽样检验报告》,产品质量与安全,产品质量,重命名: 产品质量与安全 -> 产品质量
《中华人民共和国产品质量法？？》第五十三条,产品质量与安全,产品质量,重命名: 产品质量与安全 -> 产品质量
《中华人民共和国产品质量法》第二十六条第二款第(三)项,产品质量与安全,产品质量,重命名: 产品质量与安全 -> 产品质量
《中华人民共和国产品质量法》第二十六条第二款第(一)项,产品质量与安全,产品质量,重命名: 产品质量与安全 -> 产品质量
《中华人民共和国产品质量法》第二十六条第二款,产品质量与安全,产品质量,重命名: 产品质量与安全 -> 产品质量
《中华人民共和国产品质量法［第三十九条,产品质量与安全,产品质量,重命名: 产品质量与安全 -> 产品质量
《中华人民共和国产品质量法》第二十七条第一款第二项,产品质量与安全,产品质量,重命名: 产品质量与安全 -> 产品质量
《中华人民共和国产品质量法》第五十条、第五十四条,产品质量与安全,产品质量,重命名: 产品质量与安全 -> 产品质量
《中华人民共和国产品质量法》第十二条,产品质量与安全,产品质量,重命名: 产品质量与安全 -> 产品质量
《中华人民共和国产品质量法》,产品质量与安全,产品质量,重命名: 产品质量与安全 -> 产品质量
《中华人民共和国产品质量法》第十三条第二款的规定,产品质量与安全,产品质量,重命名: 产品质量与安全 -> 产品质量
《中华人民共和国产品质量法》第十三条第二款及第六十二条,产品质量与安全,产品质量,重命名: 产品质量与安全 -> 产品质量
《中华人民共和国产品质量法》第十三条第二款及第二十六条第一款、第二款第一项,产品质量与安全,产品质量,重命名: 产品质量与安全 -> 产品质量
《中华人民共和国产品质量法》第十三条第二款、第四十九条,产品质量与安全,产品质量,重命名: 产品质量与安全 -> 产品质量
《中华人民共和国产品质量法》第十三条第二款、第三十二条,产品质量与安全,产品质量,重命名: 产品质量与安全 -> 产品质量
《中华人民共和国产品质量法》第十三条第二款,产品质量与安全,产品质量,重命名: 产品质量与安全 -> 产品质量
《中华人民共和国产品质量法》第十三条第一款的规定,产品质量与安全,产品质量,重命名: 产品质量与安全 -> 产品质量
《中华人民共和国产品质量法》第十三条第一款、第二款,产品质量与安全,产品质量,重命名: 产品质量与安全 -> 产品质量
《中华人民共和国产品质量法》第十三条第(二)项,产品质量与安全,产品质量,重命名: 产品质量与安全 -> 产品质量
《中华人民共和国产品质量法》第十三条的规定,产品质量与安全,产品质量,重命名: 产品质量与安全 -> 产品质量
《中华人民共和国产品质量法》第十三条和第三十六条,产品质量与安全,产品质量,重命名: 产品质量与安全 -> 产品质量
《中华人民共和国产品质量法》第十三条、第四十九条,产品质量与安全,产品质量,重命名: 产品质量与安全 -> 产品质量
《中华人民共和国产品质量法》第十三条、第二十六条第一项,产品质量与安全,产品质量,重命名: 产品质量与安全 -> 产品质量
《中华人民共和国产品质量法》第十三条、第二十六条第一款、第二款第一项,产品质量与安全,产品质量,重命名: 产品质量与安全 -> 产品质量
《中华人民共和国产品质量法》第十三条、第三十二条,产品质量与安全,产品质量,重命名: 产品质量与安全 -> 产品质量
《中华人民共和国产品质量法》第十三条第一款和第二款,产品质量与安全,产品质量,重命名: 产品质量与安全 -> 产品质量
《中华人民共和国产品质量法》第十二条、第三十九条,产品质量与安全,产品质量,重命名: 产品质量与安全 -> 产品质量
《中华人民共和国产品质量法》第十二条、第三十二条、第三十九条,产品质量与安全,产品质量,重命名: 产品质量与安全 -> 产品质量
《内部检验报告》,产品质量与安全,产品质量,重命名: 产品质量与安全 -> 产品质量
《中华人民共和国产品质量法》第四十九条之规定,产品质量与安全,产品质量,重命名: 产品质量与安全 -> 产品质量
《广西壮族自治区产品质量检验研究院检验报告》,产品质量与安全,产品质量,重命名: 产品质量与安全 -> 产品质量
《广西双健科技有限公司检验报告书》,产品质量与安全,产品质量,重命名: 产品质量与安全 -> 产品质量
《广州市虎头电池集团有限公司检验报告》,产品质量与安全,产品质量,重命名: 产品质量与安全 -> 产品质量
《中华人民共和国产品质量法》第四十九条、第六十条,产品质量与安全,产品质量,重命名: 产品质量与安全 -> 产品质量
《中华人民共和国产品质量法》第四十九条、第五十条,产品质量与安全,产品质量,重命名: 产品质量与安全 -> 产品质量
《中华人民共和国产品质量法》第四十九条、第五十五条,产品质量与安全,产品质量,重命名: 产品质量与安全 -> 产品质量
《广州市花都区市场监督管理局产品质量监督抽查责令整改通知书》,产品质量与安全,产品质量,重命名: 产品质量与安全 -> 产品质量
《中华人民共和国产品质量法》第十八条第一款第（四）项,产品质量与安全,产品质量,重命名: 产品质量与安全 -> 产品质量
《中华人民共和国产品质量法》第十八条第一款,产品质量与安全,产品质量,重命名: 产品质量与安全 -> 产品质量
《中华人民共和国产品质量法》第十二条及第三十九条,产品质量与安全,产品质量,重命名: 产品质量与安全 -> 产品质量
《中华人民共和国产品质量法》第十七条第二款、第三十二条,产品质量与安全,产品质量,重命名: 产品质量与安全 -> 产品质量
《中华人民共和国产品质量法》第十七条第二款,产品质量与安全,产品质量,重命名: 产品质量与安全 -> 产品质量
《中华人民共和国产品质量法》第五十条第一款,产品质量与安全,产品质量,重命名: 产品质量与安全 -> 产品质量
《中华人民共和国产品质量法》第五十条的规定,产品质量与安全,产品质量,重命名: 产品质量与安全 -> 产品质量
《陶瓷砖产品质量国家监督抽查实施细则》,产品质量与安全,产品质量,重命名: 产品质量与安全 -> 产品质量
《广西壮族自治区产品质量监督检验研究院检验报告》,产品质量与安全,产品质量,重命名: 产品质量与安全 -> 产品质量
《锅炉内部检验报告书》,产品质量与安全,产品质量,重命名: 产品质量与安全 -> 产品质量
《铁岭市口罩产品质量监督抽查实施细则》,产品质量与安全,产品质量,重命名: 产品质量与安全 -> 产品质量
《中华人民共和国产品质量法》第四十九条和第五十五条,产品质量与安全,产品质量,重命名: 产品质量与安全 -> 产品质量
《广东省流通领域商品质量监测结果通知书》,产品质量与安全,产品质量,重命名: 产品质量与安全 -> 产品质量
《广东省江门市质量计量监督检测所检验报告》,产品质量与安全,产品质量,重命名: 产品质量与安全 -> 产品质量
《中华人民共和国产品质量法》第五十条、第四十九条,产品质量与安全,产品质量,重命名: 产品质量与安全 -> 产品质量
《中华人民共和国产品质量法》第五十条、第六十条,产品质量与安全,产品质量,重命名: 产品质量与安全 -> 产品质量
《中华人民共和国产品质量法》第五条,产品质量与安全,产品质量,重命名: 产品质量与安全 -> 产品质量
《中华人民共和国产品质量法》第十七条,产品质量与安全,产品质量,重命名: 产品质量与安全 -> 产品质量
《中华人民共和国产品质量法》第六十条“有本法第五十七条,产品质量与安全,产品质量,重命名: 产品质量与安全 -> 产品质量
《中华人民共和国产品质量法》第六十条,产品质量与安全,产品质量,重命名: 产品质量与安全 -> 产品质量
《中华人民共和国产品质量法》第六十二条：“服务业的经营者将本法第四十九条至第五十二条,产品质量与安全,产品质量,重命名: 产品质量与安全 -> 产品质量
《中华人民共和国产品质量法》第六十二条,产品质量与安全,产品质量,重命名: 产品质量与安全 -> 产品质量
《广州市市场监督管理局木家具产品质量监督抽查实施细则》,产品质量与安全,产品质量,重命名: 产品质量与安全 -> 产品质量
《中华人民共和国产品质量法》第六十一条,产品质量与安全,产品质量,重命名: 产品质量与安全 -> 产品质量
《广州市市场监督管理局产品质量监督抽查结果通知书》,产品质量与安全,产品质量,重命名: 产品质量与安全 -> 产品质量
《中华人民共和国产品质量法》第五章第五十条,产品质量与安全,产品质量,重命名: 产品质量与安全 -> 产品质量
《中华人民共和国产品质量法》第五条第一款,产品质量与安全,产品质量,重命名: 产品质量与安全 -> 产品质量
《中华人民共和国产品质量法》第五条和第三十八条,产品质量与安全,产品质量,重命名: 产品质量与安全 -> 产品质量
《广州市市场监督管理局产品质量监督抽查/复查抽样单》,产品质量与安全,产品质量,重命名: 产品质量与安全 -> 产品质量
《广州市市场监督管理局产品质量抽查抽样单》,产品质量与安全,产品质量,重命名: 产品质量与安全 -> 产品质量
《广州市增城质量技术监督检测所计量器具检定/校准委托单》,产品质量与安全,产品质量,重命名: 产品质量与安全 -> 产品质量
《首次检验报告》,产品质量与安全,产品质量,重命名: 产品质量与安全 -> 产品质量
《额济纳旗隆畅加油站销售不合格成品油案》,产品质量与安全,产品质量,重命名: 产品质量与安全 -> 产品质量
《非医用口罩产品质量监督抽查实施细则》,产品质量与安全,产品质量,重命名: 产品质量与安全 -> 产品质量
《广州市增城质量技术监督检测所检定结果通知书》,产品质量与安全,产品质量,重命名: 产品质量与安全 -> 产品质量
《非产品样品质量评价书》,产品质量与安全,产品质量,重命名: 产品质量与安全 -> 产品质量
《中华人民共和国产品质量法》第五条和第三十七条,产品质量与安全,产品质量,重命名: 产品质量与安全 -> 产品质量
《青海省保罗药业有限公司》,产品质量与安全,产品质量,重命名: 产品质量与安全 -> 产品质量
《中华人民共和国产品质量法》第二十七条第一款,产品质量与安全,产品质量,重命名: 产品质量与安全 -> 产品质量
《中华人民共和国产品质量法》第二十七条第一款第（一）、（二）项,产品质量与安全,产品质量,重命名: 产品质量与安全 -> 产品质量
《重庆市儿童玩具产品质量监督抽查实施细则（2021年第四季度流通领域）》,产品质量与安全,产品质量,重命名: 产品质量与安全 -> 产品质量
《桥(门)式起重机(无监控系统)定期(首次)检验报告》,产品质量与安全,产品质量,重命名: 产品质量与安全 -> 产品质量
《桥式起重机定期检验结论报告》,产品质量与安全,产品质量,重命名: 产品质量与安全 -> 产品质量
《桥（门）式起重机定期检验报告》,产品质量与安全,产品质量,重命名: 产品质量与安全 -> 产品质量
《山东省电冰箱产品质量监督抽查实施细则》,产品质量与安全,产品质量,重命名: 产品质量与安全 -> 产品质量
《山东省儿童及婴幼儿服装产品质量监督抽查实施细则》,产品质量与安全,产品质量,重命名: 产品质量与安全 -> 产品质量
《桥（门）式起重机定期（首次）检验报告》,产品质量与安全,产品质量,重命名: 产品质量与安全 -> 产品质量
《检验报告(NO:FL23060600)》,产品质量与安全,产品质量,重命名: 产品质量与安全 -> 产品质量
《家用电动洗衣机产品质量国家监督抽查实施细则》,产品质量与安全,产品质量,重命名: 产品质量与安全 -> 产品质量
《定量包装商品净含量计量检验报告》,产品质量与安全,产品质量,重命名: 产品质量与安全 -> 产品质量
《定量包装商品净含量检验报告》,产品质量与安全,产品质量,重命名: 产品质量与安全 -> 产品质量
《桐乡市质量技术监督局行政处罚告知书》,产品质量与安全,产品质量,重命名: 产品质量与安全 -> 产品质量
《定量包装商品(小麦粉)净含量计量检验报告》,产品质量与安全,产品质量,重命名: 产品质量与安全 -> 产品质量
《检验报告NO:JX2015 1450W) 经查实,产品质量与安全,产品质量,重命名: 产品质量与安全 -> 产品质量
《安徽省老视成镜产品质量省级监督抽查细则(2022版)》,产品质量与安全,产品质量,重命名: 产品质量与安全 -> 产品质量
《检验报告No:2019SC05787》,产品质量与安全,产品质量,重命名: 产品质量与安全 -> 产品质量
《安徽省絮用纤维制品产品质量省级监督抽查实施细则（2022版）》,产品质量与安全,产品质量,重命名: 产品质量与安全 -> 产品质量
《检验报告》,产品质量与安全,产品质量,重命名: 产品质量与安全 -> 产品质量
《河南省2020年第2批锁具产品质量监督抽查实施方案》,产品质量与安全,产品质量,重命名: 产品质量与安全 -> 产品质量
《检验报告》第5项,产品质量与安全,产品质量,重命名: 产品质量与安全 -> 产品质量
《中华人名共和国产品质量法》第十五条,产品质量与安全,产品质量,重命名: 产品质量与安全 -> 产品质量
《检验报告书》,产品质量与安全,产品质量,重命名: 产品质量与安全 -> 产品质量
《定期检验报告》,产品质量与安全,产品质量,重命名: 产品质量与安全 -> 产品质量
《河北省市场监督管理局2019年省级产品质量省级监督抽查方案【第16包 鞋帽（毛巾）:毛巾】》,产品质量与安全,产品质量,重命名: 产品质量与安全 -> 产品质量
《中华人民共和产品质量法》第二十七条,产品质量与安全,产品质量,重命名: 产品质量与安全 -> 产品质量
《柳城县市场监督管理局关于开展2021年人造板产品质量监督抽查暨质量提升行动的通知》,产品质量与安全,产品质量,重命名: 产品质量与安全 -> 产品质量
《重庆市成人服装产品质量监督抽样实施细则(2021年)》,产品质量与安全,产品质量,重命名: 产品质量与安全 -> 产品质量
《重庆市卫生陶瓷（蹲便器）产品质量监督抽查实施细则（2022年）》,产品质量与安全,产品质量,重命名: 产品质量与安全 -> 产品质量
《中华人民共和国产品质量法》第二十七条第(2)(3)项,产品质量与安全,产品质量,重命名: 产品质量与安全 -> 产品质量
《重庆市产品质量监督管理条例》第四十九条,产品质量与安全,产品质量,重命名: 产品质量与安全 -> 产品质量
《重庆儿童玩具产品质量监督抽查实施细则（2021年第四季度流通领域）》,产品质量与安全,产品质量,重命名: 产品质量与安全 -> 产品质量
《郏县市场监督管理局监督抽查不合格产品情况通报》,产品质量与安全,产品质量,重命名: 产品质量与安全 -> 产品质量
《邵阳市工商行政管理局2012年度流通领域商品质量监测实施方案》,产品质量与安全,产品质量,重命名: 产品质量与安全 -> 产品质量
《遵义市产品质量检验检测院抽样工作单》,产品质量与安全,产品质量,重命名: 产品质量与安全 -> 产品质量
《台山市群康大药房有限公司联合合作协议》,产品质量与安全,产品质量,重命名: 产品质量与安全 -> 产品质量
《和产品质量法》第三十九条,产品质量与安全,产品质量,重命名: 产品质量与安全 -> 产品质量
《杭州市质量技术监督行政处罚裁量细则》,产品质量与安全,产品质量,重命名: 产品质量与安全 -> 产品质量
《商品质量抽查检验不合格结果通知书》,产品质量与安全,产品质量,重命名: 产品质量与安全 -> 产品质量
《商品质量检测不合格检验报告书》,产品质量与安全,产品质量,重命名: 产品质量与安全 -> 产品质量
《商品质量监测不合格结果通知书》,产品质量与安全,产品质量,重命名: 产品质量与安全 -> 产品质量
《商品质量监测检测不合格结果送达书》,产品质量与安全,产品质量,重命名: 产品质量与安全 -> 产品质量
《杭州市质量技术监督行政处罚裁量细则》第一部分总则第十二条第（三）项,产品质量与安全,产品质量,重命名: 产品质量与安全 -> 产品质量
《杭州市质量技术监督行政处罚裁量细则》第一部分总则第十四条第三款,产品质量与安全,产品质量,重命名: 产品质量与安全 -> 产品质量
《杭州市质量技术监督行政处罚裁量细则》第一部分总则第十四条第二项,产品质量与安全,产品质量,重命名: 产品质量与安全 -> 产品质量
《杭州市质量技术监督行政处罚裁量细则》第二部分分则第一章产品质量类第二条第(二)款裁量标准第2条,产品质量与安全,产品质量,重命名: 产品质量与安全 -> 产品质量
《杭州市质量技术监督行政处罚裁量细则》第二部分分则第一章产品质量类第二条第（二）款裁量标准第1条,产品质量与安全,产品质量,重命名: 产品质量与安全 -> 产品质量
《杭州市质量技术监督行政处罚裁量细则》第二部分第一章第二条,产品质量与安全,产品质量,重命名: 产品质量与安全 -> 产品质量
《杭州市质量技术监督行政处罚裁量细则》第二部分第一章第二项,产品质量与安全,产品质量,重命名: 产品质量与安全 -> 产品质量
《杭州市质量技术监督行政处罚裁量细则》第十四条第二款的规定,产品质量与安全,产品质量,重命名: 产品质量与安全 -> 产品质量
《安徽省床上用品产品质量省级监督抽查实施细则》,产品质量与安全,产品质量,重命名: 产品质量与安全 -> 产品质量
《检验报告单》,产品质量与安全,产品质量,重命名: 产品质量与安全 -> 产品质量
《四川省2020年磷肥产品质量省级抽查方案》,产品质量与安全,产品质量,重命名: 产品质量与安全 -> 产品质量
《四川省产品质量行政处罚裁量标准》,产品质量与安全,产品质量,重命名: 产品质量与安全 -> 产品质量
《复合膜袋产品质量国家监督抽查实施细则（2022年版）》,产品质量与安全,产品质量,重命名: 产品质量与安全 -> 产品质量
《河南省质量技术监督行政处罚裁量标准》第二章第一节第二条第二项,产品质量与安全,产品质量,重命名: 产品质量与安全 -> 产品质量
《复检检验报告》,产品质量与安全,产品质量,重命名: 产品质量与安全 -> 产品质量
《河南省质量技术监督行政处罚裁量标准（2017）版》,产品质量与安全,产品质量,重命名: 产品质量与安全 -> 产品质量
《外省转来产品质量不合格报告移交告知单》,产品质量与安全,产品质量,重命名: 产品质量与安全 -> 产品质量
《泾县隆鑫铸造有限公司产品质量证明书》,产品质量与安全,产品质量,重命名: 产品质量与安全 -> 产品质量
《流通领域产品质量监督抽查/复查抽样单》,产品质量与安全,产品质量,重命名: 产品质量与安全 -> 产品质量
《中华 人民共和国产品质量法》第十三条,产品质量与安全,产品质量,重命名: 产品质量与安全 -> 产品质量
《流通领域商品质量抽检检验办法》,产品质量与安全,产品质量,重命名: 产品质量与安全 -> 产品质量
《流通领域商品质量监 测抽样单》,产品质量与安全,产品质量,重命名: 产品质量与安全 -> 产品质量
《流通领域商品质量监测办法》,产品质量与安全,产品质量,重命名: 产品质量与安全 -> 产品质量
《流通领域商品质量监测抽样检测工作单》,产品质量与安全,产品质量,重命名: 产品质量与安全 -> 产品质量
《外省（市）移交产品质量监督抽查不合格情况通知单》,产品质量与安全,产品质量,重命名: 产品质量与安全 -> 产品质量
《济南市玩具（锂电池动力玩具）产品质量监督抽查实施细则》,产品质量与安全,产品质量,重命名: 产品质量与安全 -> 产品质量
《济南市聚氯乙烯(PE)管材产品质量监督抽查实施细则(2022年)》,产品质量与安全,产品质量,重命名: 产品质量与安全 -> 产品质量
《中人民共和国产品质量法》第四十九条,产品质量与安全,产品质量,重命名: 产品质量与安全 -> 产品质量
《大米出厂检验报告》,产品质量与安全,产品质量,重命名: 产品质量与安全 -> 产品质量
《关于编号为12J190071检验报告的更正说明》,产品质量与安全,产品质量,重命名: 产品质量与安全 -> 产品质量
《浙江省井盖及水箅产品质量监督检查评价规则》,产品质量与安全,产品质量,重命名: 产品质量与安全 -> 产品质量
《大米出厂检验报告单》,产品质量与安全,产品质量,重命名: 产品质量与安全 -> 产品质量
《大连市非医用口罩产品质量监督抽查实施细则》,产品质量与安全,产品质量,重命名: 产品质量与安全 -> 产品质量
《关于移送质量监督检测不合格情况的函》,产品质量与安全,产品质量,重命名: 产品质量与安全 -> 产品质量
《关于移送涉嫌假冒专利案件线索的函》,产品质量与安全,产品质量,重命名: 产品质量与安全 -> 产品质量
《在用车检验（测）报告》,产品质量与安全,产品质量,重命名: 产品质量与安全 -> 产品质量
《重庆市春秋装产品质量监督抽查实施细则》,产品质量与安全,产品质量,重命名: 产品质量与安全 -> 产品质量
《国家质量监督检验检疫总局关于实施若干问题的意见》,产品质量与安全,产品质量,重命名: 产品质量与安全 -> 产品质量
《国家新闻出版广电总局出版产品质量检测中心》,产品质量与安全,产品质量,重命名: 产品质量与安全 -> 产品质量
《四川省产品质量行政处罚裁量标准》第二条,产品质量与安全,产品质量,重命名: 产品质量与安全 -> 产品质量
《四川省冷热水用聚丙烯（PP-R）管材管件产品质量省级监督抽查实施细则》,产品质量与安全,产品质量,重命名: 产品质量与安全 -> 产品质量
《四川省蚕丝被产品质量省级监督抽查实施细则》,产品质量与安全,产品质量,重命名: 产品质量与安全 -> 产品质量
《检验报告更改通知单》,产品质量与安全,产品质量,重命名: 产品质量与安全 -> 产品质量
《检验报告（No：AH2021-SGC-00039）》,产品质量与安全,产品质量,重命名: 产品质量与安全 -> 产品质量
《检验报告：112市工1014》,产品质量与安全,产品质量,重命名: 产品质量与安全 -> 产品质量
《中华人名共和国产品质量法》第三十条,产品质量与安全,产品质量,重命名: 产品质量与安全 -> 产品质量
《内蒙古自治区工商行政管理局流通领域商品质量监督检验抽样工作单》,产品质量与安全,产品质量,重命名: 产品质量与安全 -> 产品质量
《检验报告：A2210420404101C》,产品质量与安全,产品质量,重命名: 产品质量与安全 -> 产品质量
《关于重新抽样检测的申请》,产品质量与安全,产品质量,重命名: 产品质量与安全 -> 产品质量
《检验检测报告》,产品质量与安全,产品质量,重命名: 产品质量与安全 -> 产品质量
《关于通报商品抽检不合格信息的函》,产品质量与安全,产品质量,重命名: 产品质量与安全 -> 产品质量
《检验结果不合格通知单》,产品质量与安全,产品质量,重命名: 产品质量与安全 -> 产品质量
《检验（测）报告》,产品质量与安全,产品质量,重命名: 产品质量与安全 -> 产品质量
《婴幼儿配方乳粉产品配方注册管理办法》第26号）第四十四条第二款,产品质量与安全,产品质量,重命名: 产品质量与安全 -> 产品质量
《中华人共和国产品质量法》第四十九条,产品质量与安全,产品质量,重命名: 产品质量与安全 -> 产品质量
《婴幼儿配方乳粉产品配方注册管理办法》,产品质量与安全,产品质量,重命名: 产品质量与安全 -> 产品质量
《关于移送2020年强制性产品认证获证产品(电线电缆)认证有效性抽查不合格产品情况的函》,产品质量与安全,产品质量,重命名: 产品质量与安全 -> 产品质量
《气瓶定期检验报告》,产品质量与安全,产品质量,重命名: 产品质量与安全 -> 产品质量
《太阳镜片产品质量国家监督抽检实施细则》,产品质量与安全,产品质量,重命名: 产品质量与安全 -> 产品质量
《天津市经济技术开发区儿童玩具产品质量监督抽查实施细则》,产品质量与安全,产品质量,重命名: 产品质量与安全 -> 产品质量
《固定式压力容器定期检验报告》,产品质量与安全,产品质量,重命名: 产品质量与安全 -> 产品质量
《国家家具产品质量监督检验中心产品质量监督抽查/复查抽样单》,产品质量与安全,产品质量,重命名: 产品质量与安全 -> 产品质量
《国家纺织制品质量监督检验中心》,产品质量与安全,产品质量,重命名: 产品质量与安全 -> 产品质量
《重庆市玩具产品质量监督抽查实施细则 （2023年版）》,产品质量与安全,产品质量,重命名: 产品质量与安全 -> 产品质量
《中华人民共和国产品质量法》第49条,产品质量与安全,产品质量,重命名: 产品质量与安全 -> 产品质量
《中华人民共和国产品质量法》第53条,产品质量与安全,产品质量,重命名: 产品质量与安全 -> 产品质量
《中华人民共和国产品质量法》第50条,产品质量与安全,产品质量,重命名: 产品质量与安全 -> 产品质量
《重庆市皮鞋产品质量监督抽查实施细则（2022年招标产品）》,产品质量与安全,产品质量,重命名: 产品质量与安全 -> 产品质量
《中华人民共和国产品质量法》第39条,产品质量与安全,产品质量,重命名: 产品质量与安全 -> 产品质量
《中华人民共和国产品质量法》第37条,产品质量与安全,产品质量,重命名: 产品质量与安全 -> 产品质量
《中华人民共和国产品质量法》第32条,产品质量与安全,产品质量,重命名: 产品质量与安全 -> 产品质量
《中华人民共和国产品质量法》第30条,产品质量与安全,产品质量,重命名: 产品质量与安全 -> 产品质量
《中华人民共和国产品质量法》第27条,产品质量与安全,产品质量,重命名: 产品质量与安全 -> 产品质量
《中华人民共和国产品质量法》第26条,产品质量与安全,产品质量,重命名: 产品质量与安全 -> 产品质量
《中华人民共和国产品质量法》第17条,产品质量与安全,产品质量,重命名: 产品质量与安全 -> 产品质量
《中华人民共和国产品质量法》第54条,产品质量与安全,产品质量,重命名: 产品质量与安全 -> 产品质量
《中华人民共和国产品质量法?》第五十条第一款的规定,产品质量与安全,产品质量,重命名: 产品质量与安全 -> 产品质量
《中华人民共和国产品质量法》第一十三条之第二项,产品质量与安全,产品质量,重命名: 产品质量与安全 -> 产品质量
《中华人民共和国产品质量法》第七十二条,产品质量与安全,产品质量,重命名: 产品质量与安全 -> 产品质量
《中华人民共和国产品质量法》第三十三条,产品质量与安全,产品质量,重命名: 产品质量与安全 -> 产品质量
《中华人民共和国产品质量法》第三十九条的规定,产品质量与安全,产品质量,重命名: 产品质量与安全 -> 产品质量
《中华人民共和国产品质量法》第三十七条、第四十条,产品质量与安全,产品质量,重命名: 产品质量与安全 -> 产品质量
《中华人民共和国产品质量法》第三十七条,产品质量与安全,产品质量,重命名: 产品质量与安全 -> 产品质量
《中华人民共和国产品质量法》第三十一条第一款,产品质量与安全,产品质量,重命名: 产品质量与安全 -> 产品质量
《中华人民共和国产品质量法》第三十一条和第三十七条,产品质量与安全,产品质量,重命名: 产品质量与安全 -> 产品质量
《中华人民共和国产品质量法》第三十一条,产品质量与安全,产品质量,重命名: 产品质量与安全 -> 产品质量
《中华人民共和国产品质量法》第七十二条“本法第四十九条至第五十四条、第六十二条、第六十三条,产品质量与安全,产品质量,重命名: 产品质量与安全 -> 产品质量
《中华人民共和国产品质量法》第一款,产品质量与安全,产品质量,重命名: 产品质量与安全 -> 产品质量
《中华人民共和国产品质量法》第三十九条之规定,产品质量与安全,产品质量,重命名: 产品质量与安全 -> 产品质量
《中华人民共和国产品质量法(2000修正)》第二十七条,产品质量与安全,产品质量,重命名: 产品质量与安全 -> 产品质量
《中华人民共和国产品质量法》第三十条、第三十一条,产品质量与安全,产品质量,重命名: 产品质量与安全 -> 产品质量
《新疆维吾尔自治区质量技术监督系统棉花质量监督行政处罚裁量基准》,产品质量与安全,产品质量,重命名: 产品质量与安全 -> 产品质量
《无规共聚聚丙烯（PP-R）管材产品质量国家监督抽查实施细则》,产品质量与安全,产品质量,重命名: 产品质量与安全 -> 产品质量
《昆明市产品质量监督抽查实施细则（复肥产品质量监督抽查实施细则（2021）》,产品质量与安全,产品质量,重命名: 产品质量与安全 -> 产品质量
《中华人民共和国产品质量法》第三十条和第三十七条,产品质量与安全,产品质量,重命名: 产品质量与安全 -> 产品质量
《中华人民共和国产品质量法》第二十一条第一款,产品质量与安全,产品质量,重命名: 产品质量与安全 -> 产品质量
《中华人民共和国产品质量法》第二十七条,产品质量与安全,产品质量,重命名: 产品质量与安全 -> 产品质量
《曲水县市场监督管理局产品质量监督抽查责令改正通知书》,产品质量与安全,产品质量,重命名: 产品质量与安全 -> 产品质量
《曹县产品质量监督检验所检验报告》,产品质量与安全,产品质量,重命名: 产品质量与安全 -> 产品质量
《最高人民法院、最高人民检察院关于办理生产、销售伪劣商品刑事案件具体应用法律若干问题的解释》,产品质量与安全,产品质量,重命名: 产品质量与安全 -> 产品质量
《有机产品认证管理办法》第三十一条,产品质量与安全,产品质量,重命名: 产品质量与安全 -> 产品质量
《有机产品认证管理办法》第三十四条,产品质量与安全,产品质量,重命名: 产品质量与安全 -> 产品质量
《木制家具产品质量国家监督抽查实施细则》,产品质量与安全,产品质量,重命名: 产品质量与安全 -> 产品质量
《机电产品进口管理办法》,产品质量与安全,产品质量,重命名: 产品质量与安全 -> 产品质量
《杭州市市政材料监测站有限公司检验检测报告》,产品质量与安全,产品质量,重命名: 产品质量与安全 -> 产品质量
《中华人民共和国产品质量法》第三十条,产品质量与安全,产品质量,重命名: 产品质量与安全 -> 产品质量
《北京市玩具产品质量监督抽查实施细则》,产品质量与安全,产品质量,重命名: 产品质量与安全 -> 产品质量
《中华人民共和国产品质量法》第三十四条,产品质量与安全,产品质量,重命名: 产品质量与安全 -> 产品质量
《中华人民共和国产品质量法》第三十六条、第二十七条第一款第（二）、（三）项,产品质量与安全,产品质量,重命名: 产品质量与安全 -> 产品质量
《中华人民共和国产品质量法》第三十二条、第三十九条,产品质量与安全,产品质量,重命名: 产品质量与安全 -> 产品质量
《中华人民共和国产品质量法》第三十二条之规定,产品质量与安全,产品质量,重命名: 产品质量与安全 -> 产品质量
《沈阳市质量技术监督局行政处罚自由裁量基准》,产品质量与安全,产品质量,重命名: 产品质量与安全 -> 产品质量
《中华人民共和国产品质量法》第三十二条和第三十九条,产品质量与安全,产品质量,重命名: 产品质量与安全 -> 产品质量
《中华人民共和国产品质量法》第三十二条的规定,产品质量与安全,产品质量,重命名: 产品质量与安全 -> 产品质量
《江西省质量技术监督行政处罚裁量基准制度（修订）》第七条第一款第一项,产品质量与安全,产品质量,重命名: 产品质量与安全 -> 产品质量
《江西省浸渍胶膜纸饰面人造板产品质量省级监督抽查实施细则（2023年版）》,产品质量与安全,产品质量,重命名: 产品质量与安全 -> 产品质量
《中华人民共和国产品质量法》第三十二条第一款,产品质量与安全,产品质量,重命名: 产品质量与安全 -> 产品质量
《中华人民共和国产品质量法》第三十五条,产品质量与安全,产品质量,重命名: 产品质量与安全 -> 产品质量
《抽检报告》,产品质量与安全,产品质量,重命名: 产品质量与安全 -> 产品质量
《抽检服务项目验收证明》,产品质量与安全,产品质量,重命名: 产品质量与安全 -> 产品质量
《中华人民共和国产品质量法》第三十五条之规定,产品质量与安全,产品质量,重命名: 产品质量与安全 -> 产品质量
《中华人民共和国产品质量法》第三十八条,产品质量与安全,产品质量,重命名: 产品质量与安全 -> 产品质量
《中华人民共和国产品质量法》第三十六条,产品质量与安全,产品质量,重命名: 产品质量与安全 -> 产品质量
《整装锅炉安装监督检验报告》,产品质量与安全,产品质量,重命名: 产品质量与安全 -> 产品质量
《斯坦德检测集团股份有限公司检验报告》,产品质量与安全,产品质量,重命名: 产品质量与安全 -> 产品质量
《2014年重庆晨报地产广告价格表》,价格/收费,虚假广告/虚假宣传,关键词覆盖: 广告 -> 虚假广告/虚假宣传
《安全标志及其使用导则》,侵犯商标/知识产权||安全生产,安全生产,双分类优先级: 侵犯商标/知识产权||安全生产 -> 安全生产
《安全生产警示标志类》,侵犯商标/知识产权||安全生产,安全生产,双分类优先级: 侵犯商标/知识产权||安全生产 -> 安全生产
《山东省安全生产行政处罚自由裁量基准（试行）》第十八安全警示标志类第263条,侵犯商标/知识产权||安全生产,安全生产,双分类优先级: 侵犯商标/知识产权||安全生产 -> 安全生产
《安全标志及使用导则》,侵犯商标/知识产权||安全生产,安全生产,双分类优先级: 侵犯商标/知识产权||安全生产 -> 安全生产
《环境标志产品技术要求水性涂料》,侵犯商标/知识产权||环境保护,环境保护,双分类优先级: 侵犯商标/知识产权||环境保护 -> 环境保护
《中国环境标志产品认证证书》,侵犯商标/知识产权||环境保护,环境保护,双分类优先级: 侵犯商标/知识产权||环境保护 -> 环境保护
《广播电视广告播出管理办法》第三十九条“违反本办法第八条、第九条,公共文化与传媒,虚假广告/虚假宣传,关键词覆盖: 广告 -> 虚假广告/虚假宣传
《广播电视广告播出管理办法》第八条第十项,公共文化与传媒,虚假广告/虚假宣传,关键词覆盖: 广告 -> 虚假广告/虚假宣传
《黄石市医疗广告审查证明》,卫生健康,虚假广告/虚假宣传,关键词覆盖: 广告 -> 虚假广告/虚假宣传
《黄石市医疗广告成品样件表》,卫生健康,虚假广告/虚假宣传,关键词覆盖: 广告 -> 虚假广告/虚假宣传
《医疗广告管理办法》第七条第（六）项,卫生健康,虚假广告/虚假宣传,关键词覆盖: 广告 -> 虚假广告/虚假宣传
《广东省医疗广告审查申请表》,卫生健康,虚假广告/虚假宣传,关键词覆盖: 广告 -> 虚假广告/虚假宣传
《医疗器械广告审查办法》第七条第一款,卫生健康,虚假广告/虚假宣传,关键词覆盖: 广告 -> 虚假广告/虚假宣传
《医疗器械广告审查办法》第二十四条,卫生健康,虚假广告/虚假宣传,关键词覆盖: 广告 -> 虚假广告/虚假宣传
《医疗器械广告审查表》,卫生健康,虚假广告/虚假宣传,关键词覆盖: 广告 -> 虚假广告/虚假宣传
《广东省医疗广告证明》,卫生健康,虚假广告/虚假宣传,关键词覆盖: 广告 -> 虚假广告/虚假宣传
《广东省医疗广告成品样件表》,卫生健康,虚假广告/虚假宣传,关键词覆盖: 广告 -> 虚假广告/虚假宣传
《广东省医疗广告审查证明》,卫生健康,虚假广告/虚假宣传,关键词覆盖: 广告 -> 虚假广告/虚假宣传
《医疗广告管理办法》第二十一条第一款,卫生健康,虚假广告/虚假宣传,关键词覆盖: 广告 -> 虚假广告/虚假宣传
《医疗广告管理办法》第二十二条,卫生健康,虚假广告/虚假宣传,关键词覆盖: 广告 -> 虚假广告/虚假宣传
《医疗广告管理办法》第二十二条的规定,卫生健康,虚假广告/虚假宣传,关键词覆盖: 广告 -> 虚假广告/虚假宣传
《医疗广告管理办法》第五条,卫生健康,虚假广告/虚假宣传,关键词覆盖: 广告 -> 虚假广告/虚假宣传
《医疗广告管理办法》第六条第一款、第十七条第一款,卫生健康,虚假广告/虚假宣传,关键词覆盖: 广告 -> 虚假广告/虚假宣传
《医疗广告管理办法》第六条第（五）项、第（八）项,卫生健康,虚假广告/虚假宣传,关键词覆盖: 广告 -> 虚假广告/虚假宣传
《医疗广告管理办法》第十三条,卫生健康,虚假广告/虚假宣传,关键词覆盖: 广告 -> 虚假广告/虚假宣传
《医疗广告管理办法》第十五条,卫生健康,虚假广告/虚假宣传,关键词覆盖: 广告 -> 虚假广告/虚假宣传
《医疗广告管理办法》第十五条第一款,卫生健康,虚假广告/虚假宣传,关键词覆盖: 广告 -> 虚假广告/虚假宣传
《医疗广告管理办法》第十八条,卫生健康,虚假广告/虚假宣传,关键词覆盖: 广告 -> 虚假广告/虚假宣传
《医疗广告管理办法》第十八条的规定,卫生健康,虚假广告/虚假宣传,关键词覆盖: 广告 -> 虚假广告/虚假宣传
《医疗广告管理办法》第十四条,卫生健康,虚假广告/虚假宣传,关键词覆盖: 广告 -> 虚假广告/虚假宣传
《医疗广告管理办法》第十四条、第十八条,卫生健康,虚假广告/虚假宣传,关键词覆盖: 广告 -> 虚假广告/虚假宣传
《医疗广告管理办法法》第十二条第三款,卫生健康,虚假广告/虚假宣传,关键词覆盖: 广告 -> 虚假广告/虚假宣传
《医疗广告证明》,卫生健康,虚假广告/虚假宣传,关键词覆盖: 广告 -> 虚假广告/虚假宣传
《医疗广告管理办法》第三条的规定,卫生健康,虚假广告/虚假宣传,关键词覆盖: 广告 -> 虚假广告/虚假宣传
《医疗广告管理办法》第三条、第十八条,卫生健康,虚假广告/虚假宣传,关键词覆盖: 广告 -> 虚假广告/虚假宣传
《医疗广告管理办法》第三条,卫生健康,虚假广告/虚假宣传,关键词覆盖: 广告 -> 虚假广告/虚假宣传
《医疗广告管理办法》第七条第（三）项,卫生健康,虚假广告/虚假宣传,关键词覆盖: 广告 -> 虚假广告/虚假宣传
《医疗广告审查申请表》,卫生健康,虚假广告/虚假宣传,关键词覆盖: 广告 -> 虚假广告/虚假宣传
《医疗广告审查证明》,卫生健康,虚假广告/虚假宣传,关键词覆盖: 广告 -> 虚假广告/虚假宣传
《医疗广告审核证明》,卫生健康,虚假广告/虚假宣传,关键词覆盖: 广告 -> 虚假广告/虚假宣传
《医疗广告成品样件》,卫生健康,虚假广告/虚假宣传,关键词覆盖: 广告 -> 虚假广告/虚假宣传
《医疗广告成品样件表》,卫生健康,虚假广告/虚假宣传,关键词覆盖: 广告 -> 虚假广告/虚假宣传
《医疗广告管理办法》,卫生健康,虚假广告/虚假宣传,关键词覆盖: 广告 -> 虚假广告/虚假宣传
《医疗广告管理办法》第七条,卫生健康,虚假广告/虚假宣传,关键词覆盖: 广告 -> 虚假广告/虚假宣传
《医疗广告管理办法》第七条的规定,卫生健康,虚假广告/虚假宣传,关键词覆盖: 广告 -> 虚假广告/虚假宣传
《医疗广告管理办法》第七条第一款,卫生健康,虚假广告/虚假宣传,关键词覆盖: 广告 -> 虚假广告/虚假宣传
《医疗广告管理办法》第七条第一款第（一）项,卫生健康,虚假广告/虚假宣传,关键词覆盖: 广告 -> 虚假广告/虚假宣传
《医疗广告管理办法》第七条第一款第（六）项,卫生健康,虚假广告/虚假宣传,关键词覆盖: 广告 -> 虚假广告/虚假宣传
《医疗广告管理办法》第七条第一项,卫生健康,虚假广告/虚假宣传,关键词覆盖: 广告 -> 虚假广告/虚假宣传
《医疗广告管理办法》第七条第六款,卫生健康,虚假广告/虚假宣传,关键词覆盖: 广告 -> 虚假广告/虚假宣传
《医疗广告管理办法》第七条第（一）、（六）项,卫生健康,虚假广告/虚假宣传,关键词覆盖: 广告 -> 虚假广告/虚假宣传
《医疗广告管理办法》第七条第（一）项,卫生健康,虚假广告/虚假宣传,关键词覆盖: 广告 -> 虚假广告/虚假宣传
《医疗广告管理办法》第七条第（一）项、第（二）项、第（三）项,卫生健康,虚假广告/虚假宣传,关键词覆盖: 广告 -> 虚假广告/虚假宣传
《医疗广告管理办法》第七条第（七）项,卫生健康,虚假广告/虚假宣传,关键词覆盖: 广告 -> 虚假广告/虚假宣传
《医疗广告管理办法》第七条第一款第一项,卫生健康,虚假广告/虚假宣传,关键词覆盖: 广告 -> 虚假广告/虚假宣传
《北京市医疗广告证明》,卫生健康,虚假广告/虚假宣传,关键词覆盖: 广告 -> 虚假广告/虚假宣传
《天津蓝玺冷链物流有限公司安全现状评价报告》,安全生产||交通运输违规,交通运输违规,双分类优先级: 安全生产||交通运输违规 -> 交通运输违规
《长江干线水上交通安全管理特别规定》第四条,安全生产||交通运输违规,交通运输违规,双分类优先级: 安全生产||交通运输违规 -> 交通运输违规
《长江干线水上交通安全管理特别规定》第二十五条第二款,安全生产||交通运输违规,交通运输违规,双分类优先级: 安全生产||交通运输违规 -> 交通运输违规
《交通行业安全生产条件调查第三季度数据填报》,安全生产||交通运输违规,交通运输违规,双分类优先级: 安全生产||交通运输违规 -> 交通运输违规
《中华人民共和国交通安全管理条例》第二十四条第三款,安全生产||交通运输违规,交通运输违规,双分类优先级: 安全生产||交通运输违规 -> 交通运输违规
《长江干线水上交通安全管理特别规定》第十五条,安全生产||交通运输违规,交通运输违规,双分类优先级: 安全生产||交通运输违规 -> 交通运输违规
《长江干线水上交通安全管理特别规定》第六条,安全生产||交通运输违规,交通运输违规,双分类优先级: 安全生产||交通运输违规 -> 交通运输违规
《长江干线水上交通安全管理特别规定》第三十六条第（二）项,安全生产||交通运输违规,交通运输违规,双分类优先级: 安全生产||交通运输违规 -> 交通运输违规
《长江干线水上交通安全管理特别规定》第二十五条第一款,安全生产||交通运输违规,交通运输违规,双分类优先级: 安全生产||交通运输违规 -> 交通运输违规
《长江干线水上交通安全管理特别规定》第二十六条第(三)项,安全生产||交通运输违规,交通运输违规,双分类优先级: 安全生产||交通运输违规 -> 交通运输违规
《交通行业安全生产条件调查第二季度数据填报》,安全生产||交通运输违规,交通运输违规,双分类优先级: 安全生产||交通运输违规 -> 交通运输违规
《长江干线水上交通安全管理特别规定》第十七条第(三)项,安全生产||交通运输违规,交通运输违规,双分类优先级: 安全生产||交通运输违规 -> 交通运输违规
《广州市交通系统安全生产监督检查记录》,安全生产||交通运输违规,交通运输违规,双分类优先级: 安全生产||交通运输违规 -> 交通运输违规
《广州市交通系统安全生产监督检查记录单》,安全生产||交通运输违规,交通运输违规,双分类优先级: 安全生产||交通运输违规 -> 交通运输违规
《徐州市水上交通安全管理条例》第五条第三项,安全生产||交通运输违规,交通运输违规,双分类优先级: 安全生产||交通运输违规 -> 交通运输违规
《浙江省交通建设工程质量和安全生产管理条例》第二十条,安全生产||交通运输违规,安全生产,关键词覆盖: 安全生产管理条例 -> 安全生产
《无锡市水上交通安全管理条例》第十二条第二款,安全生产||交通运输违规,交通运输违规,双分类优先级: 安全生产||交通运输违规 -> 交通运输违规
《消毒产品卫生安全评价规定》第十七条第六项,安全生产||医疗卫生,医疗卫生,双分类优先级: 安全生产||医疗卫生 -> 医疗卫生
《食具消毒柜安全和卫生要求》,安全生产||医疗卫生,医疗卫生,双分类优先级: 安全生产||医疗卫生 -> 医疗卫生
《消毒产品卫生安全评价规定》第四条第一款,安全生产||医疗卫生,医疗卫生,双分类优先级: 安全生产||医疗卫生 -> 医疗卫生
《泰安华天化工有限公司含氯消毒剂产品升级改造综合利用项目设立安全评价报告》,安全生产||医疗卫生,医疗卫生,双分类优先级: 安全生产||医疗卫生 -> 医疗卫生
《消毒产品卫生安全评价规定》第四条第一款、第十七条第一项,安全生产||医疗卫生,医疗卫生,双分类优先级: 安全生产||医疗卫生 -> 医疗卫生
《船舶开航前安全自查清单》,安全生产||海事安全,海事安全,双分类优先级: 安全生产||海事安全 -> 海事安全
《内河船舶最低安全配员证书》,安全生产||海事安全,海事安全,双分类优先级: 安全生产||海事安全 -> 海事安全
《杭州市船舶防涌潮、防洪、防台安全管理规定》第七条第一款,安全生产||海事安全,海事安全,双分类优先级: 安全生产||海事安全 -> 海事安全
《中华人民共和国船舶最低安全配员证书》,安全生产||海事安全,海事安全,双分类优先级: 安全生产||海事安全 -> 海事安全
《上海市安全生产事故隐患排查治理办法》第十六条第一款,安全生产||海事安全,海事安全,双分类优先级: 安全生产||海事安全 -> 海事安全
《中华人民共和国船舶最低安全配员规则》第七条,安全生产||海事安全,海事安全,双分类优先级: 安全生产||海事安全 -> 海事安全
《杭州市船舶防涌潮、防洪、防台安全管理规定》第十条,安全生产||海事安全,海事安全,双分类优先级: 安全生产||海事安全 -> 海事安全
《港口危险货物作业附征》,安全生产||海事安全,海事安全,双分类优先级: 安全生产||海事安全 -> 海事安全
《船舶最低安全配员证书》,安全生产||海事安全,海事安全,双分类优先级: 安全生产||海事安全 -> 海事安全
《中国籍船舶开航前安全自查清单》,安全生产||海事安全,海事安全,双分类优先级: 安全生产||海事安全 -> 海事安全
《海宁市深化安全生产“铁拳执法”百日大行动实施方案》,安全生产||海事安全,海事安全,双分类优先级: 安全生产||海事安全 -> 海事安全
《船舶最低安全配员证》,安全生产||海事安全,海事安全,双分类优先级: 安全生产||海事安全 -> 海事安全
《海盐县综合行政执法局安全生产执法检查通知书》,安全生产||海事安全,海事安全,双分类优先级: 安全生产||海事安全 -> 海事安全
《政府采购货物和服务招标投标管理办法》,工程建设/招投标,招投标,重命名: 工程建设/招投标 -> 招投标
《中华人民共和国招标投标法实施条,工程建设/招投标,招投标,重命名: 工程建设/招投标 -> 招投标
《关于环境标志产品政府采购实施的意见》,工程建设/招投标,招投标,重命名: 工程建设/招投标 -> 招投标
《中华人民共和国招标投标法》第五十三条,工程建设/招投标,招投标,重命名: 工程建设/招投标 -> 招投标
《广东省实施〈中华人民共和国政府采购法〉办法》第六十九条,工程建设/招投标,招投标,重命名: 工程建设/招投标 -> 招投标
《深圳经济特区政府采购条例实施细则》第七十五条第六项,工程建设/招投标,招投标,重命名: 工程建设/招投标 -> 招投标
《政府采购货物和服务招标管理办法》第六章第七十八条,工程建设/招投标,招投标,重命名: 工程建设/招投标 -> 招投标
《政府采购货物和服务招标投标管理办法》第87号)第七十六条,工程建设/招投标,招投标,重命名: 工程建设/招投标 -> 招投标
第七十一条中华人民共和国政府采购法实施条例》第六十八条,工程建设/招投标,招投标,重命名: 工程建设/招投标 -> 招投标
《政府采购货物和服务招标投标管理办法》第七十四条,工程建设/招投标,招投标,重命名: 工程建设/招投标 -> 招投标
《政府采购货物和服务招标管理办法》,工程建设/招投标,招投标,重命名: 工程建设/招投标 -> 招投标
《政府采购促进中小企业发展管理办法》第二条,工程建设/招投标,招投标,重命名: 工程建设/招投标 -> 招投标
《浙江省财政厅转发财政部关于2021年开展全国政府采购代理机构监督评价工作的通知》,工程建设/招投标,招投标,重命名: 工程建设/招投标 -> 招投标
《政府采购合同书》,工程建设/招投标,招投标,重命名: 工程建设/招投标 -> 招投标
《中华人民共和国招标投标法》第五十九条,工程建设/招投标,招投标,重命名: 工程建设/招投标 -> 招投标
《财政部关于2021年开展全国政府采购代理机构监督评价工作的通知》,工程建设/招投标,招投标,重命名: 工程建设/招投标 -> 招投标
《中华人民共和国招标投标法》第四十九条,工程建设/招投标,招投标,重命名: 工程建设/招投标 -> 招投标
《财政部关于2018年开展全国政府采购代理机构监督检查工作的通知》,工程建设/招投标,招投标,重命名: 工程建设/招投标 -> 招投标
《政府采购货物和服务招标投标管理办法》第87号)第七十八条第一款第十一项,工程建设/招投标,招投标,重命名: 工程建设/招投标 -> 招投标
《政府采购促进中小企业发展暂行办法》,工程建设/招投标,招投标,重命名: 工程建设/招投标 -> 招投标
违反《深圳经济特区政府采购条例》第五十七条第五项,工程建设/招投标,招投标,重命名: 工程建设/招投标 -> 招投标
《中华人民共和国招标投标法》第三十二条第一款,工程建设/招投标,招投标,重命名: 工程建设/招投标 -> 招投标
《中华人民共和国招标投标法》第五十四条,工程建设/招投标,招投标,重命名: 工程建设/招投标 -> 招投标
《中华人民共和国政府采购法实施条例》第七十四条第一款第(七)项,工程建设/招投标,招投标,重命名: 工程建设/招投标 -> 招投标
《中华人民共和国招标投标法》第五十三条的规定,工程建设/招投标,招投标,重命名: 工程建设/招投标 -> 招投标
《中华人民共和国招标投标法》第五十八条,工程建设/招投标,招投标,重命名: 工程建设/招投标 -> 招投标
《中华人民共和国招标投标法》第五十四条第二款,工程建设/招投标,招投标,重命名: 工程建设/招投标 -> 招投标
《中华人民共和国政府采购法实施条例》第七十四条,工程建设/招投标,招投标,重命名: 工程建设/招投标 -> 招投标
《中华人民共和国政府采购法实施条例》第16条,工程建设/招投标,招投标,重命名: 工程建设/招投标 -> 招投标
《中华人民共和国招标投标法》第五章第五十三条,工程建设/招投标,招投标,重命名: 工程建设/招投标 -> 招投标
《中华人民共和国政府采购法实施条例》,工程建设/招投标,招投标,重命名: 工程建设/招投标 -> 招投标
《中华人民共和国招标投标法》第十八条第二款,工程建设/招投标,招投标,重命名: 工程建设/招投标 -> 招投标
《中华人民共和国政府采购法》第五章第四十二条,工程建设/招投标,招投标,重命名: 工程建设/招投标 -> 招投标
《中华人民共和国招标投标法》第四十八条,工程建设/招投标,招投标,重命名: 工程建设/招投标 -> 招投标
《中华人民共和国招标投标法》,工程建设/招投标,招投标,重命名: 工程建设/招投标 -> 招投标
《中华人民共和国招标投标法》第四十六条,工程建设/招投标,招投标,重命名: 工程建设/招投标 -> 招投标
《中华人民共和国政府采购法》第二十五条第一款,工程建设/招投标,招投标,重命名: 工程建设/招投标 -> 招投标
《中华人民共和国政府采购法》第二十二条第二款,工程建设/招投标,招投标,重命名: 工程建设/招投标 -> 招投标
《中华人民共和国招标投标法》第四条,工程建设/招投标,招投标,重命名: 工程建设/招投标 -> 招投标
《中华人民共和国招标投标法实施条例》,工程建设/招投标,招投标,重命名: 工程建设/招投标 -> 招投标
《中华人民共和国招标投标法实施条例》第613号)第四十条第(一)项,工程建设/招投标,招投标,重命名: 工程建设/招投标 -> 招投标
《中华人民共和国招标投标法实施条例》第七十四条,工程建设/招投标,招投标,重命名: 工程建设/招投标 -> 招投标
《中华人民共和国招标投标法实施条例》第三十九条第一款,工程建设/招投标,招投标,重命名: 工程建设/招投标 -> 招投标
《中华人民共和国招标投标法》第五十三条之规定(第五十三条,工程建设/招投标,招投标,重命名: 工程建设/招投标 -> 招投标
《中华人民共和国政府采购法实施条例》（国务院第658号令）第二十条第一款第（二）项,工程建设/招投标,招投标,重命名: 工程建设/招投标 -> 招投标
《中华人民共和国政府采购法实施条例》（国务院第658号令）第二十条第一款第（六）项,工程建设/招投标,招投标,重命名: 工程建设/招投标 -> 招投标
《中华人民共和国政府采购法实施条例》第二十条第四项“以特定行政区域或者特定行政业绩、奖项作为加分条件或者中标、成交条件”的规定;第八款,工程建设/招投标,招投标,重命名: 工程建设/招投标 -> 招投标
《财政部工业和信息化部关于印发政府采购促进中小企业发展暂行办法的通知》,工程建设/招投标,招投标,重命名: 工程建设/招投标 -> 招投标
《招标投标法》第四十八条,工程建设/招投标,招投标,重命名: 工程建设/招投标 -> 招投标
《招标投标法》第五十四条,工程建设/招投标,招投标,重命名: 工程建设/招投标 -> 招投标
《中华人民共和国政府采购法实施条例》第七十四条第（七）项,工程建设/招投标,招投标,重命名: 工程建设/招投标 -> 招投标
《中华人民共和国招标投标法》第53条,工程建设/招投标,招投标,重命名: 工程建设/招投标 -> 招投标
《中华人民共和国招标投标法》第三十三条,工程建设/招投标,招投标,重命名: 工程建设/招投标 -> 招投标
《中华人民共和国招标投标法》第三十二条,工程建设/招投标,招投标,重命名: 工程建设/招投标 -> 招投标
《中华人民共和国招标投标法》第三十二条的规定,工程建设/招投标,招投标,重命名: 工程建设/招投标 -> 招投标
《中华人民共和国招标投标法》第三条,工程建设/招投标,招投标,重命名: 工程建设/招投标 -> 招投标
《中华人民共和国招标投标法》第三条、第四条,工程建设/招投标,招投标,重命名: 工程建设/招投标 -> 招投标
《中华人民共和国招标投标法》第三条之规定,工程建设/招投标,招投标,重命名: 工程建设/招投标 -> 招投标
《中华人民共和国招标投标法》第五十一条,工程建设/招投标,招投标,重命名: 工程建设/招投标 -> 招投标
《中华人民共和国政府采购法实施条例》第七十四条第七项,工程建设/招投标,招投标,重命名: 工程建设/招投标 -> 招投标
《中华人民共和国招标投标法实施条例》第三十二条第二款,工程建设/招投标,招投标,重命名: 工程建设/招投标 -> 招投标
《中华人民共和国政府采购法实施条例》第十五条第一款、第三十四条第四款、第六十八条,工程建设/招投标,招投标,重命名: 工程建设/招投标 -> 招投标
《中华人民共和国招标投标法实施条例》第五十九条,工程建设/招投标,招投标,重命名: 工程建设/招投标 -> 招投标
《中华人民共和国招标投标法实施条例》第八条,工程建设/招投标,招投标,重命名: 工程建设/招投标 -> 招投标
《中华人民共和国招标投标法实施条例》第四十第(四)项,工程建设/招投标,招投标,重命名: 工程建设/招投标 -> 招投标
《中华人民共和国政府采购实施条例》第七十四条,工程建设/招投标,招投标,重命名: 工程建设/招投标 -> 招投标
《中华人民共和国政府采购法》第七十七条第（三）项,工程建设/招投标,招投标,重命名: 工程建设/招投标 -> 招投标
《中华人民共和国招标投标法实施条例》第五十八条,工程建设/招投标,招投标,重命名: 工程建设/招投标 -> 招投标
《中华人民共和国政府采购法》,工程建设/招投标,招投标,重命名: 工程建设/招投标 -> 招投标
《中华人民共和国政府采购法》第七十七条第一款第（一）项,工程建设/招投标,招投标,重命名: 工程建设/招投标 -> 招投标
《中华人民共和国政府采购法》第七十七条第一款第一项,工程建设/招投标,招投标,重命名: 工程建设/招投标 -> 招投标
《中华人民共和国政府采购法》第20条,工程建设/招投标,招投标,重命名: 工程建设/招投标 -> 招投标
《中华人民共和国招标投标法实施条例》第四十条第（一）项,工程建设/招投标,招投标,重命名: 工程建设/招投标 -> 招投标
《财政部政府采购代理机构监督检查处理口径汇总表》,工程建设/招投标,招投标,重命名: 工程建设/招投标 -> 招投标
《中华人民共和国政府采购法》第七十一条,工程建设/招投标,招投标,重命名: 工程建设/招投标 -> 招投标
《中华人民共和国政府采购法》第七十一条第一款,工程建设/招投标,招投标,重命名: 工程建设/招投标 -> 招投标
《中华人民共和国政府采购法》第七十七条,工程建设/招投标,招投标,重命名: 工程建设/招投标 -> 招投标
属于《中华人民共和国招标投标法实施条,工程建设/招投标,招投标,重命名: 工程建设/招投标 -> 招投标
《中华人民共和国政府采购法》第七十七条第(一)项,工程建设/招投标,招投标,重命名: 工程建设/招投标 -> 招投标
《中华人民共和国政府采购法》第七十七条第一款,工程建设/招投标,招投标,重命名: 工程建设/招投标 -> 招投标
《中华人民共和国政府采购法》第七十七条第一款第(一)项,工程建设/招投标,招投标,重命名: 工程建设/招投标 -> 招投标
《中华人民共和国政府采购法》第77条,工程建设/招投标,招投标,重命名: 工程建设/招投标 -> 招投标
《中华人民共和国招标投标法实施条例》第四十条第四项,工程建设/招投标,招投标,重命名: 工程建设/招投标 -> 招投标
《中华人民共和国政府采购法》第七十七条第一项,工程建设/招投标,招投标,重命名: 工程建设/招投标 -> 招投标
《中华人民共和国政府采购法实施条例》第六十八条,工程建设/招投标,招投标,重命名: 工程建设/招投标 -> 招投标
《中华人民共和国政府采购法》第二十二条第一款第五项,工程建设/招投标,招投标,重命名: 工程建设/招投标 -> 招投标
《中华人民共和国招标投标法实施条例》第六十七条第一款,工程建设/招投标,招投标,重命名: 工程建设/招投标 -> 招投标
《中华人民共和国招标投标法实施条例》第四十条第二项,工程建设/招投标,招投标,重命名: 工程建设/招投标 -> 招投标
《中华人民共和国招标投标法实施条例》第六十七条的规定,工程建设/招投标,招投标,重命名: 工程建设/招投标 -> 招投标
《中华人民共和国招标投标法实施条例》第六十八条第一款,工程建设/招投标,招投标,重命名: 工程建设/招投标 -> 招投标
《中华人民共和国招标投标法实施条例》第四十二条第二款,工程建设/招投标,招投标,重命名: 工程建设/招投标 -> 招投标
《中华人民共和国招标投标法实施条例》第六十七条,工程建设/招投标,招投标,重命名: 工程建设/招投标 -> 招投标
《中华人民共和国招标投标法实施条例》第四十条,工程建设/招投标,招投标,重命名: 工程建设/招投标 -> 招投标
《中华人民共和国招标投标法实施条例》第四十条第(一)项、第六十七条第二款第(二)项,工程建设/招投标,招投标,重命名: 工程建设/招投标 -> 招投标
《中华人民共和国招标投标法实施条例》第四十条第一项,工程建设/招投标,招投标,重命名: 工程建设/招投标 -> 招投标
《中华人民共和国招标投标法实施条例》第四十条第二款,工程建设/招投标,招投标,重命名: 工程建设/招投标 -> 招投标
《汉中市中心国际项目广告代理服务合同》,市场秩序与竞争监管,虚假广告/虚假宣传,关键词覆盖: 广告 -> 虚假广告/虚假宣传
《郑州市户外广告设置管理条例》第二十三条,市场秩序与竞争监管,虚假广告/虚假宣传,关键词覆盖: 广告 -> 虚假广告/虚假宣传
《酒类广告管理办法》第八条,市场秩序与竞争监管,虚假广告/虚假宣传,关键词覆盖: 广告 -> 虚假广告/虚假宣传
《酒类广告管理办法》,市场秩序与竞争监管,虚假广告/虚假宣传,关键词覆盖: 广告 -> 虚假广告/虚假宣传
《酒类广告管理办法》第七条第（一）项,市场秩序与竞争监管,虚假广告/虚假宣传,关键词覆盖: 广告 -> 虚假广告/虚假宣传
《酒类广告管理办法》第十三条,市场秩序与竞争监管,虚假广告/虚假宣传,关键词覆盖: 广告 -> 虚假广告/虚假宣传
《重庆市户外广告管理条例》第二十三条,市场秩序与竞争监管,虚假广告/虚假宣传,关键词覆盖: 广告 -> 虚假广告/虚假宣传
《甘肃红柳广告》,市场秩序与竞争监管,虚假广告/虚假宣传,关键词覆盖: 广告 -> 虚假广告/虚假宣传
《重庆市户外广告管理条例》第二十六条,市场秩序与竞争监管,虚假广告/虚假宣传,关键词覆盖: 广告 -> 虚假广告/虚假宣传
《重庆市户外广告管理条例》,市场秩序与竞争监管,虚假广告/虚假宣传,关键词覆盖: 广告 -> 虚假广告/虚假宣传
《呼和浩特市户外广告管理条例》第十二条,市场秩序与竞争监管,虚假广告/虚假宣传,关键词覆盖: 广告 -> 虚假广告/虚假宣传
《重庆晚报广告订版单（自营）》,市场秩序与竞争监管,虚假广告/虚假宣传,关键词覆盖: 广告 -> 虚假广告/虚假宣传
《重庆市户外广告管理条例》第三十五条第（二）项,市场秩序与竞争监管,虚假广告/虚假宣传,关键词覆盖: 广告 -> 虚假广告/虚假宣传
《关于黄国任举报广东新大地生物科技股份有限公司发布违法广告的调查处理要求》,市场秩序与竞争监管,虚假广告/虚假宣传,关键词覆盖: 广告 -> 虚假广告/虚假宣传
《珠海公交传媒车身广告制作和发布合同》,市场秩序与竞争监管,虚假广告/虚假宣传,关键词覆盖: 广告 -> 虚假广告/虚假宣传
《酒类广告管理办法》第十三条违反本办法第七条、第八条、第九条,市场秩序与竞争监管,虚假广告/虚假宣传,关键词覆盖: 广告 -> 虚假广告/虚假宣传
《关于禁止商业贿赂行为的暂行规定》第九条第二款,市场秩序与竞争监管,不正当竞争/商业贿赂,关键词覆盖: 商业贿赂 -> 不正当竞争/商业贿赂
《关于禁止在广告中使用“免检”内容的通知》,市场秩序与竞争监管,虚假广告/虚假宣传,关键词覆盖: 广告 -> 虚假广告/虚假宣传
《关于禁止商业贿赂行为的暂行规定》第九条,市场秩序与竞争监管,不正当竞争/商业贿赂,关键词覆盖: 商业贿赂 -> 不正当竞争/商业贿赂
《关于禁止商业贿赂行为的暂行规定》第七条,市场秩序与竞争监管,不正当竞争/商业贿赂,关键词覆盖: 商业贿赂 -> 不正当竞争/商业贿赂
《关于禁止商业贿赂行为的暂行规定》第9条,市场秩序与竞争监管,不正当竞争/商业贿赂,关键词覆盖: 商业贿赂 -> 不正当竞争/商业贿赂
《宁波市户外广告管理条例》第二十三条第一款第（一）项,市场秩序与竞争监管,虚假广告/虚假宣传,关键词覆盖: 广告 -> 虚假广告/虚假宣传
《关于禁止商业贿赂行为的暂行规定》第2条第1款,市场秩序与竞争监管,不正当竞争/商业贿赂,关键词覆盖: 商业贿赂 -> 不正当竞争/商业贿赂
《关于禁止商业贿赂行为的暂行规定》第2条,市场秩序与竞争监管,不正当竞争/商业贿赂,关键词覆盖: 商业贿赂 -> 不正当竞争/商业贿赂
《关于禁止商业贿赂行为的暂行规定》,市场秩序与竞争监管,不正当竞争/商业贿赂,关键词覆盖: 商业贿赂 -> 不正当竞争/商业贿赂
《关于广告监管执法有关问题的指导意见(浙工商综〔2018〕10号)》,市场秩序与竞争监管,虚假广告/虚假宣传,关键词覆盖: 广告 -> 虚假广告/虚假宣传
《关于广告监管执法有关问题的指导意见》,市场秩序与竞争监管,虚假广告/虚假宣传,关键词覆盖: 广告 -> 虚假广告/虚假宣传
《金隅大成南山郡围挡广告喷绘画面制作合同》,市场秩序与竞争监管,虚假广告/虚假宣传,关键词覆盖: 广告 -> 虚假广告/虚假宣传
《邮政报刊亭灯箱广告项目合同》,市场秩序与竞争监管,虚假广告/虚假宣传,关键词覆盖: 广告 -> 虚假广告/虚假宣传
《关于禁止商业贿赂行为的暂行规定》第九条第一款,市场秩序与竞争监管,不正当竞争/商业贿赂,关键词覆盖: 商业贿赂 -> 不正当竞争/商业贿赂
《关于禁止商业贿赂行为的暂行规定》第四条,市场秩序与竞争监管,不正当竞争/商业贿赂,关键词覆盖: 商业贿赂 -> 不正当竞争/商业贿赂
《关于禁止商业贿赂行为的暂行规定》第六条,市场秩序与竞争监管,不正当竞争/商业贿赂,关键词覆盖: 商业贿赂 -> 不正当竞争/商业贿赂
《关于禁止商业贿赂行为的暂行规定》第八条,市场秩序与竞争监管,不正当竞争/商业贿赂,关键词覆盖: 商业贿赂 -> 不正当竞争/商业贿赂
《关于禁止商业贿赂行为的暂行规定》第五条第二款,市场秩序与竞争监管,不正当竞争/商业贿赂,关键词覆盖: 商业贿赂 -> 不正当竞争/商业贿赂
《关于禁止商业贿赂行为的暂行规定》第五条第三款,市场秩序与竞争监管,不正当竞争/商业贿赂,关键词覆盖: 商业贿赂 -> 不正当竞争/商业贿赂
《关于禁止商业贿赂行为的暂行规定》第二条第（三）款,市场秩序与竞争监管,不正当竞争/商业贿赂,关键词覆盖: 商业贿赂 -> 不正当竞争/商业贿赂
《关于禁止商业贿赂行为的暂行规定》第二条第二款、第三款,市场秩序与竞争监管,不正当竞争/商业贿赂,关键词覆盖: 商业贿赂 -> 不正当竞争/商业贿赂
《关于禁止商业贿赂行为的暂行规定》第二条第二款,市场秩序与竞争监管,不正当竞争/商业贿赂,关键词覆盖: 商业贿赂 -> 不正当竞争/商业贿赂
《宁波市户外广告管理条例》第十三条第一款,市场秩序与竞争监管,虚假广告/虚假宣传,关键词覆盖: 广告 -> 虚假广告/虚假宣传
《关于禁止商业贿赂行为的暂行规定》第二条第三款,市场秩序与竞争监管,不正当竞争/商业贿赂,关键词覆盖: 商业贿赂 -> 不正当竞争/商业贿赂
《关于禁止商业贿赂行为的暂行规定》第二条第一款,市场秩序与竞争监管,不正当竞争/商业贿赂,关键词覆盖: 商业贿赂 -> 不正当竞争/商业贿赂
《关于禁止商业贿赂行为的暂行规定》第二条,市场秩序与竞争监管,不正当竞争/商业贿赂,关键词覆盖: 商业贿赂 -> 不正当竞争/商业贿赂
《关于禁止商业贿赂行为的暂行规定》第二条、第八条,市场秩序与竞争监管,不正当竞争/商业贿赂,关键词覆盖: 商业贿赂 -> 不正当竞争/商业贿赂
《长春市工商行政管理局广告违法案件督办指令单》,市场秩序与竞争监管,虚假广告/虚假宣传,关键词覆盖: 广告 -> 虚假广告/虚假宣传
《关于禁止商业贿赂的暂行规定》第八条第一款,市场秩序与竞争监管,不正当竞争/商业贿赂,关键词覆盖: 商业贿赂 -> 不正当竞争/商业贿赂
《四川广电网络内江分公司800导视频道广告发布合作协议》,市场秩序与竞争监管,虚假广告/虚假宣传,关键词覆盖: 广告 -> 虚假广告/虚假宣传
《违法广告移送通知书》,市场秩序与竞争监管,虚假广告/虚假宣传,关键词覆盖: 广告 -> 虚假广告/虚假宣传
《违法广告查处通知书》,市场秩序与竞争监管,虚假广告/虚假宣传,关键词覆盖: 广告 -> 虚假广告/虚假宣传
《浅谈网站经营者违法广告费如何计算》,市场秩序与竞争监管,虚假广告/虚假宣传,关键词覆盖: 广告 -> 虚假广告/虚假宣传
《户外广告管埋规定》,市场秩序与竞争监管,虚假广告/虚假宣传,关键词覆盖: 广告 -> 虚假广告/虚假宣传
《户外广告管理规定》第五条,市场秩序与竞争监管,虚假广告/虚假宣传,关键词覆盖: 广告 -> 虚假广告/虚假宣传
《户外广告管理规定》第五条第一款第（一）项,市场秩序与竞争监管,虚假广告/虚假宣传,关键词覆盖: 广告 -> 虚假广告/虚假宣传
《户外广告管理规定》第五条第一款第（一）项的规定,市场秩序与竞争监管,虚假广告/虚假宣传,关键词覆盖: 广告 -> 虚假广告/虚假宣传
《户外广告管理规定》第十八条,市场秩序与竞争监管,虚假广告/虚假宣传,关键词覆盖: 广告 -> 虚假广告/虚假宣传
《户外广告设置张贴张挂宣传品许可证》,市场秩序与竞争监管,虚假广告/虚假宣传,关键词覆盖: 广告 -> 虚假广告/虚假宣传
《户外广告设置许可证》,市场秩序与竞争监管,虚假广告/虚假宣传,关键词覆盖: 广告 -> 虚假广告/虚假宣传
《公交广告发布业务合同》,市场秩序与竞争监管,虚假广告/虚假宣传,关键词覆盖: 广告 -> 虚假广告/虚假宣传
《户外广告牌画面制作安装合同》,市场秩序与竞争监管,虚假广告/虚假宣传,关键词覆盖: 广告 -> 虚假广告/虚假宣传
《公交候车亭广告发布合同》,市场秩序与竞争监管,虚假广告/虚假宣传,关键词覆盖: 广告 -> 虚假广告/虚假宣传
《洋世达 菩提印象项目广告代理合同》,市场秩序与竞争监管,虚假广告/虚假宣传,关键词覆盖: 广告 -> 虚假广告/虚假宣传
《印刷品广告管理办法》第三条,市场秩序与竞争监管,虚假广告/虚假宣传,关键词覆盖: 广告 -> 虚假广告/虚假宣传
《中华人民共和国广告》,市场秩序与竞争监管,虚假广告/虚假宣传,关键词覆盖: 广告 -> 虚假广告/虚假宣传
《揭阳日报社广告合同书》,市场秩序与竞争监管,虚假广告/虚假宣传,关键词覆盖: 广告 -> 虚假广告/虚假宣传
《平顶山市市场监督管理局广告案件交办书》,市场秩序与竞争监管,虚假广告/虚假宣传,关键词覆盖: 广告 -> 虚假广告/虚假宣传
《【中天珺府】东区公共自行车棚广告发布合同（三）》,市场秩序与竞争监管,虚假广告/虚假宣传,关键词覆盖: 广告 -> 虚假广告/虚假宣传
《【中天珺府】东区公共自行车棚广告发布合同（五）》,市场秩序与竞争监管,虚假广告/虚假宣传,关键词覆盖: 广告 -> 虚假广告/虚假宣传
《【中天珺府】东区公共自行车棚广告发布合同（四）》,市场秩序与竞争监管,虚假广告/虚假宣传,关键词覆盖: 广告 -> 虚假广告/虚假宣传
《科蒂公司与上海联柯广告有限公司年度创意服务协议》,市场秩序与竞争监管,虚假广告/虚假宣传,关键词覆盖: 广告 -> 虚假广告/虚假宣传
《户外灯箱广告租赁合同补充协议》,市场秩序与竞争监管,虚假广告/虚假宣传,关键词覆盖: 广告 -> 虚假广告/虚假宣传
《户外广告承揽合同》,市场秩序与竞争监管,虚假广告/虚假宣传,关键词覆盖: 广告 -> 虚假广告/虚假宣传
《户外广告业务合同》,市场秩序与竞争监管,虚假广告/虚假宣传,关键词覆盖: 广告 -> 虚假广告/虚假宣传
《广告管理条例》第三条的规定,市场秩序与竞争监管,虚假广告/虚假宣传,关键词覆盖: 广告 -> 虚假广告/虚假宣传
《广告管理条例》第三条、第八条第（五）项,市场秩序与竞争监管,虚假广告/虚假宣传,关键词覆盖: 广告 -> 虚假广告/虚假宣传
《广告管理条例》第三条、第八条第五项,市场秩序与竞争监管,虚假广告/虚假宣传,关键词覆盖: 广告 -> 虚假广告/虚假宣传
《广告管理条例》第三条、第八条,市场秩序与竞争监管,虚假广告/虚假宣传,关键词覆盖: 广告 -> 虚假广告/虚假宣传
《广告管理条例》第三条,市场秩序与竞争监管,虚假广告/虚假宣传,关键词覆盖: 广告 -> 虚假广告/虚假宣传
《广告管理条例》第8条第5项,市场秩序与竞争监管,虚假广告/虚假宣传,关键词覆盖: 广告 -> 虚假广告/虚假宣传
《广告管理条例》第3条,市场秩序与竞争监管,虚假广告/虚假宣传,关键词覆盖: 广告 -> 虚假广告/虚假宣传
《广告管理条例》,市场秩序与竞争监管,虚假广告/虚假宣传,关键词覆盖: 广告 -> 虚假广告/虚假宣传
《广告管 理条例》第三条,市场秩序与竞争监管,虚假广告/虚假宣传,关键词覆盖: 广告 -> 虚假广告/虚假宣传
《广告监督管理意见书》,市场秩序与竞争监管,虚假广告/虚假宣传,关键词覆盖: 广告 -> 虚假广告/虚假宣传
《广告物料制作安装合同》,市场秩序与竞争监管,虚假广告/虚假宣传,关键词覆盖: 广告 -> 虚假广告/虚假宣传
《广告案件交办通知书》,市场秩序与竞争监管,虚假广告/虚假宣传,关键词覆盖: 广告 -> 虚假广告/虚假宣传
《户外广告发布合同》,市场秩序与竞争监管,虚假广告/虚假宣传,关键词覆盖: 广告 -> 虚假广告/虚假宣传
《广告审查表》,市场秩序与竞争监管,虚假广告/虚假宣传,关键词覆盖: 广告 -> 虚假广告/虚假宣传
《广告委托代理发布合同》,市场秩序与竞争监管,虚假广告/虚假宣传,关键词覆盖: 广告 -> 虚假广告/虚假宣传
《公话亭广告制作发布合同》,市场秩序与竞争监管,虚假广告/虚假宣传,关键词覆盖: 广告 -> 虚假广告/虚假宣传
《广告合作协议书》,市场秩序与竞争监管,虚假广告/虚假宣传,关键词覆盖: 广告 -> 虚假广告/虚假宣传
《广告发播合同》,市场秩序与竞争监管,虚假广告/虚假宣传,关键词覆盖: 广告 -> 虚假广告/虚假宣传
《广告发布合同》,市场秩序与竞争监管,虚假广告/虚假宣传,关键词覆盖: 广告 -> 虚假广告/虚假宣传
《广告发布协议》,市场秩序与竞争监管,虚假广告/虚假宣传,关键词覆盖: 广告 -> 虚假广告/虚假宣传
《广告发布业务合同》,市场秩序与竞争监管,虚假广告/虚假宣传,关键词覆盖: 广告 -> 虚假广告/虚假宣传
《广告制作安装协议》,市场秩序与竞争监管,虚假广告/虚假宣传,关键词覆盖: 广告 -> 虚假广告/虚假宣传
《广告制作合同》,市场秩序与竞争监管,虚假广告/虚假宣传,关键词覆盖: 广告 -> 虚假广告/虚假宣传
《广告刊登合同》,市场秩序与竞争监管,虚假广告/虚假宣传,关键词覆盖: 广告 -> 虚假广告/虚假宣传
《广告传播策划服务合同》,市场秩序与竞争监管,虚假广告/虚假宣传,关键词覆盖: 广告 -> 虚假广告/虚假宣传
《广告业务合同》,市场秩序与竞争监管,虚假广告/虚假宣传,关键词覆盖: 广告 -> 虚假广告/虚假宣传
《成都齐心广告业务发布合同》,市场秩序与竞争监管,虚假广告/虚假宣传,关键词覆盖: 广告 -> 虚假广告/虚假宣传
《广告审查准予许可决定书》,市场秩序与竞争监管,虚假广告/虚假宣传,关键词覆盖: 广告 -> 虚假广告/虚假宣传
《广告管理条例》第三条第八条第五项,市场秩序与竞争监管,虚假广告/虚假宣传,关键词覆盖: 广告 -> 虚假广告/虚假宣传
《涉嫌违法广告查处通知书》,市场秩序与竞争监管,虚假广告/虚假宣传,关键词覆盖: 广告 -> 虚假广告/虚假宣传
《自贡导视广告业务合同》,市场秩序与竞争监管,虚假广告/虚假宣传,关键词覆盖: 广告 -> 虚假广告/虚假宣传
《中邮专递递广告》,市场秩序与竞争监管,虚假广告/虚假宣传,关键词覆盖: 广告 -> 虚假广告/虚假宣传
《中邮广告》,市场秩序与竞争监管,虚假广告/虚假宣传,关键词覆盖: 广告 -> 虚假广告/虚假宣传
《南宁市户外广告设置管理条例》第十条,市场秩序与竞争监管,虚假广告/虚假宣传,关键词覆盖: 广告 -> 虚假广告/虚假宣传
《贵州广告监测平台-案件信息表》,市场秩序与竞争监管,虚假广告/虚假宣传,关键词覆盖: 广告 -> 虚假广告/虚假宣传
《互联网广告管理暂行办法》第十二条第二款,市场秩序与竞争监管,虚假广告/虚假宣传,关键词覆盖: 广告 -> 虚假广告/虚假宣传
《互联网广告管理暂行办法》第三条第一款,市场秩序与竞争监管,虚假广告/虚假宣传,关键词覆盖: 广告 -> 虚假广告/虚假宣传
《互联网广告管理暂行办法》第三条,市场秩序与竞争监管,虚假广告/虚假宣传,关键词覆盖: 广告 -> 虚假广告/虚假宣传
《互联网广告管理暂行办法》,市场秩序与竞争监管,虚假广告/虚假宣传,关键词覆盖: 广告 -> 虚假广告/虚假宣传
《绵阳市广告监测平台-案件信息表》,市场秩序与竞争监管,虚假广告/虚假宣传,关键词覆盖: 广告 -> 虚假广告/虚假宣传
《网络广告发布合同》,市场秩序与竞争监管,虚假广告/虚假宣传,关键词覆盖: 广告 -> 虚假广告/虚假宣传
《新媒体广告发布合同》,市场秩序与竞争监管,虚假广告/虚假宣传,关键词覆盖: 广告 -> 虚假广告/虚假宣传
《印刷品广告管理办法》第十九条第一款,市场秩序与竞争监管,虚假广告/虚假宣传,关键词覆盖: 广告 -> 虚假广告/虚假宣传
《印刷品广告管理办法》第六条的规定,市场秩序与竞争监管,虚假广告/虚假宣传,关键词覆盖: 广告 -> 虚假广告/虚假宣传
《印刷品广告管理办法》第五条,市场秩序与竞争监管,虚假广告/虚假宣传,关键词覆盖: 广告 -> 虚假广告/虚假宣传
《印刷品广告管理办法》第3条,市场秩序与竞争监管,虚假广告/虚假宣传,关键词覆盖: 广告 -> 虚假广告/虚假宣传
《保利椰风半岛项目广告代理合同》,市场秩序与竞争监管,虚假广告/虚假宣传,关键词覆盖: 广告 -> 虚假广告/虚假宣传
《印刷品广告管理办法》第19条第1款,市场秩序与竞争监管,虚假广告/虚假宣传,关键词覆盖: 广告 -> 虚假广告/虚假宣传
《灯箱广告制作安装合同》,市场秩序与竞争监管,虚假广告/虚假宣传,关键词覆盖: 广告 -> 虚假广告/虚假宣传
《杭州市户外广告设施和招牌指示牌管理条例》第十九条第一款,市场秩序与竞争监管,虚假广告/虚假宣传,关键词覆盖: 广告 -> 虚假广告/虚假宣传
《杭州市户外广告设施和招牌指示牌管理条例》第十三条第二款,市场秩序与竞争监管,虚假广告/虚假宣传,关键词覆盖: 广告 -> 虚假广告/虚假宣传
《杭州市户外广告设施和招牌指示牌管理条例》第三十四条第一款,市场秩序与竞争监管,虚假广告/虚假宣传,关键词覆盖: 广告 -> 虚假广告/虚假宣传
《杭州市户外广告设施和招牌指示牌管理条例》第三十二条第二款,市场秩序与竞争监管,虚假广告/虚假宣传,关键词覆盖: 广告 -> 虚假广告/虚假宣传
《印刷品广告管理办法》,市场秩序与竞争监管,虚假广告/虚假宣传,关键词覆盖: 广告 -> 虚假广告/虚假宣传
《800导视频道广告发布合作补充协议》,市场秩序与竞争监管,虚假广告/虚假宣传,关键词覆盖: 广告 -> 虚假广告/虚假宣传
《保利地产车身广告制作清单》,市场秩序与竞争监管,虚假广告/虚假宣传,关键词覆盖: 广告 -> 虚假广告/虚假宣传
《广告管理条例》第八条第（一）项,市场秩序与竞争监管,虚假广告/虚假宣传,关键词覆盖: 广告 -> 虚假广告/虚假宣传
《广告管理条例》第十一条第一项,市场秩序与竞争监管,虚假广告/虚假宣传,关键词覆盖: 广告 -> 虚假广告/虚假宣传
《电视广告发布合同》,市场秩序与竞争监管,虚假广告/虚假宣传,关键词覆盖: 广告 -> 虚假广告/虚假宣传
《东莞市户外广告牌位经营权中标合同》,市场秩序与竞争监管,虚假广告/虚假宣传,关键词覆盖: 广告 -> 虚假广告/虚假宣传
《关于停止发布含有乱评比、乱排序等内容广告的通知》第一条,市场秩序与竞争监管,虚假广告/虚假宣传,关键词覆盖: 广告 -> 虚假广告/虚假宣传
《广告管理条例》第八条第（一）项的规定,市场秩序与竞争监管,虚假广告/虚假宣传,关键词覆盖: 广告 -> 虚假广告/虚假宣传
《关于发布违法广告但未收取广告费如何认定问题的答复》,市场秩序与竞争监管,虚假广告/虚假宣传,关键词覆盖: 广告 -> 虚假广告/虚假宣传
《关于7300次广告宣传的情况说明》,市场秩序与竞争监管,虚假广告/虚假宣传,关键词覆盖: 广告 -> 虚假广告/虚假宣传
《广告线索交办通知书》,市场秩序与竞争监管,虚假广告/虚假宣传,关键词覆盖: 广告 -> 虚假广告/虚假宣传
《广告管理条例施行细则》第十六条第一款,市场秩序与竞争监管,虚假广告/虚假宣传,关键词覆盖: 广告 -> 虚假广告/虚假宣传
《广告管理条例施行细则》第十七条,市场秩序与竞争监管,虚假广告/虚假宣传,关键词覆盖: 广告 -> 虚假广告/虚假宣传
《广告管理条例施行细则》第十七条第一款,市场秩序与竞争监管,虚假广告/虚假宣传,关键词覆盖: 广告 -> 虚假广告/虚假宣传
《广告管理条例施行细则》第十一条,市场秩序与竞争监管,虚假广告/虚假宣传,关键词覆盖: 广告 -> 虚假广告/虚假宣传
《关于”顶级“两字在广告中是否属“最高级”、“最佳”等用语的请示》,市场秩序与竞争监管,虚假广告/虚假宣传,关键词覆盖: 广告 -> 虚假广告/虚假宣传
《专题广告播出合同》,市场秩序与竞争监管,虚假广告/虚假宣传,关键词覆盖: 广告 -> 虚假广告/虚假宣传
《浙江省广告管理条例》第十八条,市场秩序与竞争监管,虚假广告/虚假宣传,关键词覆盖: 广告 -> 虚假广告/虚假宣传
《浙江省广告管理条例》第三十四条,市场秩序与竞争监管,虚假广告/虚假宣传,关键词覆盖: 广告 -> 虚假广告/虚假宣传
《关于在查处广告违法案件中如何确认广告费金额的通知》第四条,市场秩序与竞争监管,虚假广告/虚假宣传,关键词覆盖: 广告 -> 虚假广告/虚假宣传
《关于在查处广告违法案件中如何确认广告费金额的通知》,市场秩序与竞争监管,虚假广告/虚假宣传,关键词覆盖: 广告 -> 虚假广告/虚假宣传
《广告管理条例施行细则》第二十条、第二十一条,市场秩序与竞争监管,虚假广告/虚假宣传,关键词覆盖: 广告 -> 虚假广告/虚假宣传
《广告管理条例施行细则》第二十五条,市场秩序与竞争监管,虚假广告/虚假宣传,关键词覆盖: 广告 -> 虚假广告/虚假宣传
《广告管理条例》第十二条的规定,市场秩序与竞争监管,虚假广告/虚假宣传,关键词覆盖: 广告 -> 虚假广告/虚假宣传
《广告管理条例施行细则》第二十一条,市场秩序与竞争监管,虚假广告/虚假宣传,关键词覆盖: 广告 -> 虚假广告/虚假宣传
《广告管理条例实施细则》第27条,市场秩序与竞争监管,虚假广告/虚假宣传,关键词覆盖: 广告 -> 虚假广告/虚假宣传
《广告管理条例实施细则》第十七条,市场秩序与竞争监管,虚假广告/虚假宣传,关键词覆盖: 广告 -> 虚假广告/虚假宣传
《广告管理条例》第十二条,市场秩序与竞争监管,虚假广告/虚假宣传,关键词覆盖: 广告 -> 虚假广告/虚假宣传
《广告管理条例施行细则》第二十三条,市场秩序与竞争监管,虚假广告/虚假宣传,关键词覆盖: 广告 -> 虚假广告/虚假宣传
《广告管理条例》第十二条之规定,市场秩序与竞争监管,虚假广告/虚假宣传,关键词覆盖: 广告 -> 虚假广告/虚假宣传
《广告管理条例施行细则》第17条,市场秩序与竞争监管,虚假广告/虚假宣传,关键词覆盖: 广告 -> 虚假广告/虚假宣传
《广告管理条例施行细则》,市场秩序与竞争监管,虚假广告/虚假宣传,关键词覆盖: 广告 -> 虚假广告/虚假宣传
《广告管理条例实施细则》第17条第1款,市场秩序与竞争监管,虚假广告/虚假宣传,关键词覆盖: 广告 -> 虚假广告/虚假宣传
《液化石油气供应工程设计规范》,建设工程与房地产,建设工程,分类拆分: 建设工程与房地产 -> 建设工程
《南京市建设工程施工现场管理办法》第三十一条,建设工程与房地产,建设工程,分类拆分: 建设工程与房地产 -> 建设工程
《21162采煤工作面瓦斯抽采设计及施工安全技术措施》,建设工程与房地产,建设工程,分类拆分: 建设工程与房地产 -> 建设工程
《湖北省建设工程安全生产管理办法》第25条,建设工程与房地产,建设工程,分类拆分: 建设工程与房地产 -> 建设工程
《单位工程质量竣工验收记录》,建设工程与房地产,建设工程,分类拆分: 建设工程与房地产 -> 建设工程
《南京市建设工程施工现场管理办法》第二十条,建设工程与房地产,建设工程,分类拆分: 建设工程与房地产 -> 建设工程
《南京市建设工程施工现场管理办法》,建设工程与房地产,建设工程,分类拆分: 建设工程与房地产 -> 建设工程
《天津市建设工程安全管理条例》第十八条,建设工程与房地产,建设工程,分类拆分: 建设工程与房地产 -> 建设工程
《南京市建设工程施工现场管理办法》第四十五条,建设工程与房地产,建设工程,分类拆分: 建设工程与房地产 -> 建设工程
《天津市建设工程安全管理条例》第四十八条,建设工程与房地产,建设工程,分类拆分: 建设工程与房地产 -> 建设工程
《深圳市宝安区人民政府关于沙井街道后亭社区四海云创大厦项目工地“9·1”触电死亡事故调查报告的批复》,建设工程与房地产,建设工程,分类拆分: 建设工程与房地产 -> 建设工程
《天津市建设工程质量管理条例》,建设工程与房地产,建设工程,分类拆分: 建设工程与房地产 -> 建设工程
《天津市建设工程施工安全管理条例》第四十八条第三款,建设工程与房地产,建设工程,分类拆分: 建设工程与房地产 -> 建设工程
《淄博市人民政府关于中国石油化工股份有限公司齐鲁分公司“4·16”坍塌事故调查报告的批复》,建设工程与房地产,建设工程,分类拆分: 建设工程与房地产 -> 建设工程
《天津市建设工程施工安全管理条例》第四十八条第一款第三项,建设工程与房地产,建设工程,分类拆分: 建设工程与房地产 -> 建设工程
《天津市建设工程施工安全管理条例》第四十八条,建设工程与房地产,建设工程,分类拆分: 建设工程与房地产 -> 建设工程
《危险性较大分部分项工程安全管理规定》第二十条,建设工程与房地产,建设工程,分类拆分: 建设工程与房地产 -> 建设工程
《南京市建设工程施工现场管理办法》第十条,建设工程与房地产,建设工程,分类拆分: 建设工程与房地产 -> 建设工程
《半岛小筑房地产项目销售代理合同书》,建设工程与房地产,房地产/土地,分类拆分: 建设工程与房地产 -> 房地产/土地
《天津市建设工程质量管理条例》第十一条,建设工程与房地产,建设工程,分类拆分: 建设工程与房地产 -> 建设工程
《天津市建设工程质量管理条例》第三十六条:违反本条例第十条第二款、第十一条第二款、第十八条第二款,建设工程与房地产,建设工程,分类拆分: 建设工程与房地产 -> 建设工程
《四川大唐国际甘孜水电开发有限公司、长河坝水电站工程油料买卖合同补充协议书》,建设工程与房地产,建设工程,分类拆分: 建设工程与房地产 -> 建设工程
《天津市建设工程质量管理条例》第十四条,建设工程与房地产,建设工程,分类拆分: 建设工程与房地产 -> 建设工程
《城市房地产开发经营管理条例》第二十二条,建设工程与房地产,房地产/土地,分类拆分: 建设工程与房地产 -> 房地产/土地
《城市房地产开发经营管理条例》第三十六条,建设工程与房地产,房地产/土地,分类拆分: 建设工程与房地产 -> 房地产/土地
《外包（协）工程安全管理协议》,建设工程与房地产,建设工程,分类拆分: 建设工程与房地产 -> 建设工程
《40307胶带顺槽爆破卸压施工安全技术措施》,建设工程与房地产,建设工程,分类拆分: 建设工程与房地产 -> 建设工程
《城市房地产开发经营管理条例》第三十五条的规定,建设工程与房地产,房地产/土地,分类拆分: 建设工程与房地产 -> 房地产/土地
《外墙外保温工程合同书》,建设工程与房地产,建设工程,分类拆分: 建设工程与房地产 -> 建设工程
《4煤西部2#回风大巷管路安装工程安全技术措施》,建设工程与房地产,建设工程,分类拆分: 建设工程与房地产 -> 建设工程
《天津市建设工程质量管理条例》第十八条,建设工程与房地产,建设工程,分类拆分: 建设工程与房地产 -> 建设工程
《夜间建筑施工作业证明》,建设工程与房地产,建设工程,分类拆分: 建设工程与房地产 -> 建设工程
《夜间施工许可证》,建设工程与房地产,建设工程,分类拆分: 建设工程与房地产 -> 建设工程
《天津市建设工程质量管理条例》第三十六条,建设工程与房地产,建设工程,分类拆分: 建设工程与房地产 -> 建设工程
《35205辅运顺槽开口贯通施工安全技术措施》,建设工程与房地产,建设工程,分类拆分: 建设工程与房地产 -> 建设工程
《危险性较大的分部分工程安全管理规定》第十七条,建设工程与房地产,建设工程,分类拆分: 建设工程与房地产 -> 建设工程
《3314皮带顺槽开帮施工安全技术措施》,建设工程与房地产,建设工程,分类拆分: 建设工程与房地产 -> 建设工程
《危险性较大的 分部分项工程管理规定》第二十一条,建设工程与房地产,建设工程,分类拆分: 建设工程与房地产 -> 建设工程
《危险性较大分部分项工程安全管理规定》第三十四条第三款,建设工程与房地产,建设工程,分类拆分: 建设工程与房地产 -> 建设工程
《煤炭经营资格证》,建设工程与房地产,建设工程,分类拆分: 建设工程与房地产 -> 建设工程
《500千伏坪山站配套220千伏线路工程“8·30”触电死亡事故技术分析报告》,建设工程与房地产,建设工程,分类拆分: 建设工程与房地产 -> 建设工程
《危险性较大分部分项工程安全管理规定》第三十四条第三项,建设工程与房地产,建设工程,分类拆分: 建设工程与房地产 -> 建设工程
《南宁市建设工程施工管理若干规定》第四十条,建设工程与房地产,建设工程,分类拆分: 建设工程与房地产 -> 建设工程
《3015切眼探放3095老空水钻孔施工安全技术措施》,建设工程与房地产,建设工程,分类拆分: 建设工程与房地产 -> 建设工程
《3-1煤南翼大巷前期工程掘进作业规程》,建设工程与房地产,建设工程,分类拆分: 建设工程与房地产 -> 建设工程
《宁夏回族自治区土地管理条例》第二十七条、第三十八条,建设工程与房地产,房地产/土地,分类拆分: 建设工程与房地产 -> 房地产/土地
《濮院商贸中心1号楼工程门窗制作安装协议》,建设工程与房地产,建设工程,分类拆分: 建设工程与房地产 -> 建设工程
《宁夏回族自治区土地管理条例》第二十七条,建设工程与房地产,房地产/土地,分类拆分: 建设工程与房地产 -> 房地产/土地
《南宁市土地利用总体规划图（2006-2020）（2015年调整）》,建设工程与房地产,房地产/土地,分类拆分: 建设工程与房地产 -> 房地产/土地
《湛江市财鸿房地产开发有限公司财鸿景山小区二期竣工测绘(量)图》,建设工程与房地产,房地产/土地,分类拆分: 建设工程与房地产 -> 房地产/土地
《印件施工单》,建设工程与房地产,建设工程,分类拆分: 建设工程与房地产 -> 建设工程
《北屯火车站前基础设施-公园景观工程施工二标段》,建设工程与房地产,建设工程,分类拆分: 建设工程与房地产 -> 建设工程
《南宁市建设工程施工现场管理若干规定》第十四条第二项,建设工程与房地产,建设工程,分类拆分: 建设工程与房地产 -> 建设工程
《天津市建设工程施工安全管理条例》第五十一条第二项之规定,建设工程与房地产,建设工程,分类拆分: 建设工程与房地产 -> 建设工程
《天津市建设工程施工安全管理条例》第五十一条第二项的规定,建设工程与房地产,建设工程,分类拆分: 建设工程与房地产 -> 建设工程
《南宁市建设工程施工现场管理若干规定》第三十三条第(一)项,建设工程与房地产,建设工程,分类拆分: 建设工程与房地产 -> 建设工程
《南宁市建设工程施工现场管理若干规定》第三十三条第(一)项的规定,建设工程与房地产,建设工程,分类拆分: 建设工程与房地产 -> 建设工程
《南宁市建设工程施工现场管理若干规定》第十四条第一项,建设工程与房地产,建设工程,分类拆分: 建设工程与房地产 -> 建设工程
《天津市建设工程施工安全管理条例》第六章第五十一条第（二）项,建设工程与房地产,建设工程,分类拆分: 建设工程与房地产 -> 建设工程
《天水经济技术开发区管理委员会关于“开发新居”项目工程核准的批复》,建设工程与房地产,建设工程,分类拆分: 建设工程与房地产 -> 建设工程
《大连福乐家房地产开发有限公司2014年管理费用明细账》,建设工程与房地产,房地产/土地,分类拆分: 建设工程与房地产 -> 房地产/土地
《天津市建设工程施工安全管理条例》第十八条,建设工程与房地产,建设工程,分类拆分: 建设工程与房地产 -> 建设工程
《南宁市建设工程施工现场管理若干规定》第十四条第(二)项的规定,建设工程与房地产,建设工程,分类拆分: 建设工程与房地产 -> 建设工程
《南宁市建设工程施工现场管理若干规定》第十四条第(二)项,建设工程与房地产,建设工程,分类拆分: 建设工程与房地产 -> 建设工程
《南宁市建设工程施工现场管理若干规定》第三十三条第一项,建设工程与房地产,建设工程,分类拆分: 建设工程与房地产 -> 建设工程
《南宁市建设工程施工现场管理若干规定》第三十三条第二款,建设工程与房地产,建设工程,分类拆分: 建设工程与房地产 -> 建设工程
《南宁市建设工程施工现场管理若干规定》第三十三条第（一）项,建设工程与房地产,建设工程,分类拆分: 建设工程与房地产 -> 建设工程
《天津市建设工程施工安全管理条例》第十八条第一款,建设工程与房地产,建设工程,分类拆分: 建设工程与房地产 -> 建设工程
《南宁市建设工程施工现场管理若干规定》第十四条条第二项,建设工程与房地产,建设工程,分类拆分: 建设工程与房地产 -> 建设工程
《南宁市建设工程施工现场管理若干规定》第十二条第二款,建设工程与房地产,建设工程,分类拆分: 建设工程与房地产 -> 建设工程
《南宁市建设工程施工现场管理若干规定》第三十二条,建设工程与房地产,建设工程,分类拆分: 建设工程与房地产 -> 建设工程
《南宁市建设工程施工现场管理若干规定》第二十三条第（三）项,建设工程与房地产,建设工程,分类拆分: 建设工程与房地产 -> 建设工程
《涪陵区商品房预售（预租）许可证》,建设工程与房地产,建设工程,分类拆分: 建设工程与房地产 -> 建设工程
《天津市建设工程施工安全管理条例》第五十一条第二项,建设工程与房地产,建设工程,分类拆分: 建设工程与房地产 -> 建设工程
《漳州市住房和城乡建设局关于万兴隆玖龙府（一期）工程项目现场安全生产条件核查情况的函》,建设工程与房地产,建设工程,分类拆分: 建设工程与房地产 -> 建设工程
《天津市建设工程施工安全管理条例》第五十一条,建设工程与房地产,建设工程,分类拆分: 建设工程与房地产 -> 建设工程
《温州育英房地产开发有限公司2002年第一次股东大会决议》,建设工程与房地产,房地产/土地,分类拆分: 建设工程与房地产 -> 房地产/土地
《天津市建设工程文明施工管理规定》第八条第二款,建设工程与房地产,建设工程,分类拆分: 建设工程与房地产 -> 建设工程
《南宁市凤岭北片区路网工程(凤岭24号路)补勘岩土工程勘察布孔要求》,建设工程与房地产,建设工程,分类拆分: 建设工程与房地产 -> 建设工程
《天津市建设工程文明施工管理规定》第八条,建设工程与房地产,建设工程,分类拆分: 建设工程与房地产 -> 建设工程
《南宁市土地利用总体规划（2006-2020年）（2015年调整）》,建设工程与房地产,房地产/土地,分类拆分: 建设工程与房地产 -> 房地产/土地
《天津市建设工程文明施工管理规定》第十六条,建设工程与房地产,建设工程,分类拆分: 建设工程与房地产 -> 建设工程
《南宁市建设工程施工管理若干规定》第三十三条第（一）项,建设工程与房地产,建设工程,分类拆分: 建设工程与房地产 -> 建设工程
《南宁市建设工程施工管理若干规定》第三十三条,建设工程与房地产,建设工程,分类拆分: 建设工程与房地产 -> 建设工程
《南宁市建设工程施工现场管理若干规定》第四十条第一款的规定,建设工程与房地产,建设工程,分类拆分: 建设工程与房地产 -> 建设工程
《天津市建设工程施工安全管理条例》第二十一条,建设工程与房地产,建设工程,分类拆分: 建设工程与房地产 -> 建设工程
《天津市建设工程施工安全管理条例》第二十二条,建设工程与房地产,建设工程,分类拆分: 建设工程与房地产 -> 建设工程
《南宁市建设工程施工现场管理若干规定》第十四条第（二）项,建设工程与房地产,建设工程,分类拆分: 建设工程与房地产 -> 建设工程
《大理公馆三期(四组团)F片区61栋—配套幼儿园建设项目》,建设工程与房地产,建设工程,分类拆分: 建设工程与房地产 -> 建设工程
《南宁市建设工程施工现场管理若干规定》第三十三条,建设工程与房地产,建设工程,分类拆分: 建设工程与房地产 -> 建设工程
《嘉兴市南湖区大桥镇土地利用总体规划(2006-2020年)》,建设工程与房地产,房地产/土地,分类拆分: 建设工程与房地产 -> 房地产/土地
《北京市市政基础设施工程暗挖施工安全技术规程》,建设工程与房地产,建设工程,分类拆分: 建设工程与房地产 -> 建设工程
《天津市建设工程施工安全管理条例》第二十二条的规定,建设工程与房地产,建设工程,分类拆分: 建设工程与房地产 -> 建设工程
《天津市建设工程施工安全管理条例》第二章第二十二条,建设工程与房地产,建设工程,分类拆分: 建设工程与房地产 -> 建设工程
《500千伏坪山站配套220千伏线路工程“8·30”触电死亡事故调查报告》,建设工程与房地产,建设工程,分类拆分: 建设工程与房地产 -> 建设工程
《湖南省建筑工程开工安全生产条件审查制度》,建设工程与房地产,建设工程,分类拆分: 建设工程与房地产 -> 建设工程
《港北区土地利用现状图（F49G022025）》,建设工程与房地产,房地产/土地,分类拆分: 建设工程与房地产 -> 房地产/土地
《增城区水务小型农水工程验收签证》,建设工程与房地产,建设工程,分类拆分: 建设工程与房地产 -> 建设工程
《危险性较大的分部分项工程安全管理规定》第三十五条,建设工程与房地产,建设工程,分类拆分: 建设工程与房地产 -> 建设工程
《天津市建设工程质量管理条例》第十四条、第十八条,建设工程与房地产,建设工程,分类拆分: 建设工程与房地产 -> 建设工程
《危险性较大的分部分项工程安全管理规定》第十六条第一款,建设工程与房地产,建设工程,分类拆分: 建设工程与房地产 -> 建设工程
《北京市建设工程质量条例》第九十条第二款,建设工程与房地产,建设工程,分类拆分: 建设工程与房地产 -> 建设工程
《北京市建设工程质量条例》第二十一条,建设工程与房地产,建设工程,分类拆分: 建设工程与房地产 -> 建设工程
《北京市建设工程质量条例》第二十一条的规定,建设工程与房地产,建设工程,分类拆分: 建设工程与房地产 -> 建设工程
《北京市建设工程质量条例》第十一条,建设工程与房地产,建设工程,分类拆分: 建设工程与房地产 -> 建设工程
《北京市建设工程质量条例》第十一条的规定,建设工程与房地产,建设工程,分类拆分: 建设工程与房地产 -> 建设工程
《北京市建设工程质量条例》第十八条第二款,建设工程与房地产,建设工程,分类拆分: 建设工程与房地产 -> 建设工程
《北京市建设工程质量条例》第四十七条第二款的规定,建设工程与房地产,建设工程,分类拆分: 建设工程与房地产 -> 建设工程
《北京市建设工程质量条例》第四十三条第二款,建设工程与房地产,建设工程,分类拆分: 建设工程与房地产 -> 建设工程
《北京市建设工程质量条例》第四十四条第二款,建设工程与房地产,建设工程,分类拆分: 建设工程与房地产 -> 建设工程
《危险性较大的分部分项工程安全管理规定》第三十七条,建设工程与房地产,建设工程,分类拆分: 建设工程与房地产 -> 建设工程
《危险性较大的分部分项工程安全管理规定》第三十七条第(二)项,建设工程与房地产,建设工程,分类拆分: 建设工程与房地产 -> 建设工程
《北京市建设工程质量条例》第四十条第一款的规定,建设工程与房地产,建设工程,分类拆分: 建设工程与房地产 -> 建设工程
《危险性较大的分部分项工程安全管理规定》第三十七条第一款,建设工程与房地产,建设工程,分类拆分: 建设工程与房地产 -> 建设工程
《危险性较大的分部分项工程安全管理规定》第十六条的规定,建设工程与房地产,建设工程,分类拆分: 建设工程与房地产 -> 建设工程
《危险性较大的分部分项工程安全管理规定》第三十七条第三项,建设工程与房地产,建设工程,分类拆分: 建设工程与房地产 -> 建设工程
《危险性较大的分部分项工程安全管理规定》第十六条,建设工程与房地产,建设工程,分类拆分: 建设工程与房地产 -> 建设工程
《委托施工合同》,建设工程与房地产,建设工程,分类拆分: 建设工程与房地产 -> 建设工程
《北京市建设工程质量条例》第四十条第一款,建设工程与房地产,建设工程,分类拆分: 建设工程与房地产 -> 建设工程
《北京市建设工程质量条例》第九十条第一款,建设工程与房地产,建设工程,分类拆分: 建设工程与房地产 -> 建设工程
《北京市建设工程质量条例》第一款,建设工程与房地产,建设工程,分类拆分: 建设工程与房地产 -> 建设工程
《城市房地产开发经营管理条例》,建设工程与房地产,房地产/土地,分类拆分: 建设工程与房地产 -> 房地产/土地
《北京市建设工程施工现场管理办法》第二十六条第一款,建设工程与房地产,建设工程,分类拆分: 建设工程与房地产 -> 建设工程
《北京市建设工程施工现场管理办法》第十三条第一款,建设工程与房地产,建设工程,分类拆分: 建设工程与房地产 -> 建设工程
《宁夏红粉佳荣酒庄有限公司涉嫌未取得建设工程规划许可证进行建设测绘成果报告书》,建设工程与房地产,建设工程,分类拆分: 建设工程与房地产 -> 建设工程
《商品房销售管理办法》第三十四条,建设工程与房地产,建设工程,分类拆分: 建设工程与房地产 -> 建设工程
《商品房销售管理办法》第四十三条,建设工程与房地产,建设工程,分类拆分: 建设工程与房地产 -> 建设工程
《商品房预（销）售许可证》,建设工程与房地产,建设工程,分类拆分: 建设工程与房地产 -> 建设工程
《危险性较大的部分项工程安全管理规定》第十七条,建设工程与房地产,建设工程,分类拆分: 建设工程与房地产 -> 建设工程
《北京市建设工程质量条例》第七十五条第一款,建设工程与房地产,建设工程,分类拆分: 建设工程与房地产 -> 建设工程
《太平洋海洋工程（舟山）有限公司“4.22“高处坠落一般生产安全事故调查报告的批复》,建设工程与房地产,建设工程,分类拆分: 建设工程与房地产 -> 建设工程
《危险性较大的分部分项工程安全管理规定》第四项,建设工程与房地产,建设工程,分类拆分: 建设工程与房地产 -> 建设工程
《危险性较大的分部分项工程安全管理规定》第四章第十七项,建设工程与房地产,建设工程,分类拆分: 建设工程与房地产 -> 建设工程
《危险性较大的分部分项工程安全管理规定》第四章第十七条、第二十一条、第二十四条,建设工程与房地产,建设工程,分类拆分: 建设工程与房地产 -> 建设工程
《危险性较大的分部分项工程安全管理规定》第十四条,建设工程与房地产,建设工程,分类拆分: 建设工程与房地产 -> 建设工程
《北京市建设工程施工现场管理办法》第十三条第一款的规定,建设工程与房地产,建设工程,分类拆分: 建设工程与房地产 -> 建设工程
《北京市建设工程施工现场管理办法》第十八条第二款,建设工程与房地产,建设工程,分类拆分: 建设工程与房地产 -> 建设工程
《北京市建设工程施工现场管理办法》第十条,建设工程与房地产,建设工程,分类拆分: 建设工程与房地产 -> 建设工程
《北京市建设工程质量条例》,建设工程与房地产,建设工程,分类拆分: 建设工程与房地产 -> 建设工程
《危险性较大的分部分项工程管 理规定》第十七条,建设工程与房地产,建设工程,分类拆分: 建设工程与房地产 -> 建设工程
《危险性较大的分部分项工程安全管理规定》第十八条,建设工程与房地产,建设工程,分类拆分: 建设工程与房地产 -> 建设工程
《危险性较大的分部分项工程安全管理规定》第十八条的规定,建设工程与房地产,建设工程,分类拆分: 建设工程与房地产 -> 建设工程
《危险性较大的分部分项工程安全管理规定》第二十一条第一款,建设工程与房地产,建设工程,分类拆分: 建设工程与房地产 -> 建设工程
《危险性较大的分部分项工程安全管理规定》第二十一条的规定,建设工程与房地产,建设工程,分类拆分: 建设工程与房地产 -> 建设工程
《危险性较大的分部分项工程安全管理规定》第二十一条之规定,建设工程与房地产,建设工程,分类拆分: 建设工程与房地产 -> 建设工程
《北京市水利工程保护管理条例》第九条第一项,建设工程与房地产,建设工程,分类拆分: 建设工程与房地产 -> 建设工程
《北京市水利工程保护管理条例》第二十一条第一项的规定,建设工程与房地产,建设工程,分类拆分: 建设工程与房地产 -> 建设工程
《危险性较大的分部分项工程安全管理规定》第二十一条,建设工程与房地产,建设工程,分类拆分: 建设工程与房地产 -> 建设工程
《危险性较大的分部分项工程安全管理规定》第三十四条,建设工程与房地产,建设工程,分类拆分: 建设工程与房地产 -> 建设工程
《危险性较大的分部分项工程安全管理规定》第三十八条第（三）项,建设工程与房地产,建设工程,分类拆分: 建设工程与房地产 -> 建设工程
《危险性较大的分部分项工程安全管理规定》第三十三条第(二)项,建设工程与房地产,建设工程,分类拆分: 建设工程与房地产 -> 建设工程
《危险性较大的分部分项工程安全管理规定》第三十五条第（三）项,建设工程与房地产,建设工程,分类拆分: 建设工程与房地产 -> 建设工程
《危险性较大的分部分项工程安全管理规定》第三十五条第五项,建设工程与房地产,建设工程,分类拆分: 建设工程与房地产 -> 建设工程
《危险性较大的分部分项工程安全管理规定》第三十五条第三项、第五项,建设工程与房地产,建设工程,分类拆分: 建设工程与房地产 -> 建设工程
《危险性较大的分部分项工程安全管理规定》第三十五条第三项,建设工程与房地产,建设工程,分类拆分: 建设工程与房地产 -> 建设工程
《危险性较大的分部分项工程安全管理规定》第三十五条第(三)项,建设工程与房地产,建设工程,分类拆分: 建设工程与房地产 -> 建设工程
《危险性较大的分部分项工程安全管理规定》第三十二条和第三十四条第三项,建设工程与房地产,建设工程,分类拆分: 建设工程与房地产 -> 建设工程
《危险性较大的分部分项工程安全管理规定》第三十五条第（二）项,建设工程与房地产,建设工程,分类拆分: 建设工程与房地产 -> 建设工程
《危险性较大的分部分项工程安全管理规定》第三十七条第（二）（四）款,建设工程与房地产,建设工程,分类拆分: 建设工程与房地产 -> 建设工程
《危险性较大的分部分项工程安全管理规定》第二十一条第一款的规定,建设工程与房地产,建设工程,分类拆分: 建设工程与房地产 -> 建设工程
《危险性较大的分部分项工程安全管理规定》第三十七条第四项,建设工程与房地产,建设工程,分类拆分: 建设工程与房地产 -> 建设工程
《危险性较大的分部分项工程安全管理规定》第十二条第一款,建设工程与房地产,建设工程,分类拆分: 建设工程与房地产 -> 建设工程
《危险性较大的分部分项工程安全管理规定》第十二条的规定,建设工程与房地产,建设工程,分类拆分: 建设工程与房地产 -> 建设工程
《危险性较大的分部分项工程安全管理规定》第十九条,建设工程与房地产,建设工程,分类拆分: 建设工程与房地产 -> 建设工程
《危险性较大的分部分项工程安全管理规定》第十七条,建设工程与房地产,建设工程,分类拆分: 建设工程与房地产 -> 建设工程
《危险性较大的分部分项工程安全管理规定》第十七条第三款的规定,建设工程与房地产,建设工程,分类拆分: 建设工程与房地产 -> 建设工程
《危险性较大的分部分项工程安全管理规定》第三十七条第二项,建设工程与房地产,建设工程,分类拆分: 建设工程与房地产 -> 建设工程
《危险性较大的分部分项工程安全管理规定》第十七条第三款,建设工程与房地产,建设工程,分类拆分: 建设工程与房地产 -> 建设工程
《危险性较大的分部分项工程安全管理规定》第十七条的规定,建设工程与房地产,建设工程,分类拆分: 建设工程与房地产 -> 建设工程
《危险性较大的分部分项工程安全管理规定》第十一条,建设工程与房地产,建设工程,分类拆分: 建设工程与房地产 -> 建设工程
《危险性较大的分部分项工程安全管理规定》第六章第三十六条第三项,建设工程与房地产,建设工程,分类拆分: 建设工程与房地产 -> 建设工程
《危险性较大的分部分项工程安全管理规定》第六章第三十五条,建设工程与房地产,建设工程,分类拆分: 建设工程与房地产 -> 建设工程
《宁夏回族自治区土地管理条例》,建设工程与房地产,房地产/土地,分类拆分: 建设工程与房地产 -> 房地产/土地
《危险性较大的分部分项工程安全管理规定》第五条、第七条,建设工程与房地产,建设工程,分类拆分: 建设工程与房地产 -> 建设工程
《危险性较大的分部分项工程安全管理规定》第二十条第三款,建设工程与房地产,建设工程,分类拆分: 建设工程与房地产 -> 建设工程
《危险性较大的分部分项工程安全管理规定》第二十条,建设工程与房地产,建设工程,分类拆分: 建设工程与房地产 -> 建设工程
《危险性较大的分部分项工程安全管理规定》第二十四条的规定,建设工程与房地产,建设工程,分类拆分: 建设工程与房地产 -> 建设工程
《四川省工程建设项目招标代理办法》第三十一条第一款第五项,建设工程与房地产,建设工程,分类拆分: 建设工程与房地产 -> 建设工程
《危险性较大的分部分项工程安全管理规定》第二十四条,建设工程与房地产,建设工程,分类拆分: 建设工程与房地产 -> 建设工程
《四川天府新区公园城市建设局关于达威天府中心项目基坑工程等8个项目涉嫌违规作业移送依法查处的函》,建设工程与房地产,建设工程,分类拆分: 建设工程与房地产 -> 建设工程
《GB50171-2012电气装置安装工程盘、柜及二次回路接线施工及验收规范》,建设工程与房地产,建设工程,分类拆分: 建设工程与房地产 -> 建设工程
《北京市建设工程施工现场管理办法》第二十五条,建设工程与房地产,建设工程,分类拆分: 建设工程与房地产 -> 建设工程
《卸料平台专项施工方案》,建设工程与房地产,建设工程,分类拆分: 建设工程与房地产 -> 建设工程
《土地入股联营协议书》,建设工程与房地产,房地产/土地,分类拆分: 建设工程与房地产 -> 房地产/土地
《土地流转合同》,建设工程与房地产,房地产/土地,分类拆分: 建设工程与房地产 -> 房地产/土地
《土地租赁合同》,建设工程与房地产,房地产/土地,分类拆分: 建设工程与房地产 -> 房地产/土地
《土地行政处罚决定书》,建设工程与房地产,房地产/土地,分类拆分: 建设工程与房地产 -> 房地产/土地
《土地证》,建设工程与房地产,房地产/土地,分类拆分: 建设工程与房地产 -> 房地产/土地
《土地违法案件占地性质认定表》,建设工程与房地产,房地产/土地,分类拆分: 建设工程与房地产 -> 房地产/土地
《土地违法案件行政处罚决定书》,建设工程与房地产,房地产/土地,分类拆分: 建设工程与房地产 -> 房地产/土地
《吉林省土地管理条例》第三十一条,建设工程与房地产,房地产/土地,分类拆分: 建设工程与房地产 -> 房地产/土地
《吉林省土地管理条例》第二十一条,建设工程与房地产,房地产/土地,分类拆分: 建设工程与房地产 -> 房地产/土地
《土地使用证》,建设工程与房地产,房地产/土地,分类拆分: 建设工程与房地产 -> 房地产/土地
《北京市建设工程施工现场管理办法》,建设工程与房地产,建设工程,分类拆分: 建设工程与房地产 -> 建设工程
《危险性较大的分部分项工程安全管理规定》第16条,建设工程与房地产,建设工程,分类拆分: 建设工程与房地产 -> 建设工程
《吉林省建设工程质量管理办法》第二十五条,建设工程与房地产,建设工程,分类拆分: 建设工程与房地产 -> 建设工程
《吉林省建设工程质量管理办法》第二十五条第二款,建设工程与房地产,建设工程,分类拆分: 建设工程与房地产 -> 建设工程
《吉林省建设工程质量管理办法》第五十六条,建设工程与房地产,建设工程,分类拆分: 建设工程与房地产 -> 建设工程
《吉林省建设工程质量管理办法》第五十六条第一项,建设工程与房地产,建设工程,分类拆分: 建设工程与房地产 -> 建设工程
《吉林省建设工程质量管理办法》第六十条第一款,建设工程与房地产,建设工程,分类拆分: 建设工程与房地产 -> 建设工程
《吉林省建设工程质量管理办法》第六十条第二项的规定,建设工程与房地产,建设工程,分类拆分: 建设工程与房地产 -> 建设工程
《吉林省建设工程质量管理办法》第十一条,建设工程与房地产,建设工程,分类拆分: 建设工程与房地产 -> 建设工程
《宁波市人民政府关于镇海区“郦城云邸”建筑施工“3.13”塔吊倒塌较大事故调查报告的批复》,建设工程与房地产,建设工程,分类拆分: 建设工程与房地产 -> 建设工程
《吉林省土地管理条例》第五十九条,建设工程与房地产,房地产/土地,分类拆分: 建设工程与房地产 -> 房地产/土地
《宁波嘉辉汽车部件有限公司新建厂房(补办)建设工程规划检测测量报告》,建设工程与房地产,建设工程,分类拆分: 建设工程与房地产 -> 建设工程
《天津市建设工程质量管理条例》第四十二条违反本条例第十八条,建设工程与房地产,建设工程,分类拆分: 建设工程与房地产 -> 建设工程
《塑钢门窗施工合同》,建设工程与房地产,建设工程,分类拆分: 建设工程与房地产 -> 建设工程
《北京市建筑施工设备服务合同》,建设工程与房地产,建设工程,分类拆分: 建设工程与房地产 -> 建设工程
《北京市建设工程施工现场安全防护标准》,建设工程与房地产,建设工程,分类拆分: 建设工程与房地产 -> 建设工程
《GB50169-2016电气装置安装工程接地装置施工及验收规范》,建设工程与房地产,建设工程,分类拆分: 建设工程与房地产 -> 建设工程
《深圳市建设工程施工(单价)合同》,建设工程与房地产,建设工程,分类拆分: 建设工程与房地产 -> 建设工程
《深圳市建设工程施工合同》,建设工程与房地产,建设工程,分类拆分: 建设工程与房地产 -> 建设工程
《深圳市建设工程质量管理条例》第二十七条,建设工程与房地产,建设工程,分类拆分: 建设工程与房地产 -> 建设工程
《深圳市房地产市场监管办法》第七十三条第一款第(三)项,建设工程与房地产,房地产/土地,分类拆分: 建设工程与房地产 -> 房地产/土地
《危险性较大的分部分项工程安全管理对顶》第十八条、第二十四条,建设工程与房地产,建设工程,分类拆分: 建设工程与房地产 -> 建设工程
《天津市建设工程质量管理条例》第四十二条,建设工程与房地产,建设工程,分类拆分: 建设工程与房地产 -> 建设工程
《深圳市房屋拆除工程管理办法》,建设工程与房地产,建设工程,分类拆分: 建设工程与房地产 -> 建设工程
《合肥万隆恒瑞装饰工程有限公司收据》,建设工程与房地产,建设工程,分类拆分: 建设工程与房地产 -> 建设工程
《合肥市人民政府关于中铁六局集团有限公司“2·25”坍塌事故调查报告的批复》,建设工程与房地产,建设工程,分类拆分: 建设工程与房地产 -> 建设工程
《塔式起重机施工组织安拆装方案》,建设工程与房地产,建设工程,分类拆分: 建设工程与房地产 -> 建设工程
《国有土地使用权出让合同》,建设工程与房地产,房地产/土地,分类拆分: 建设工程与房地产 -> 房地产/土地
《国有土地使用权证》,建设工程与房地产,房地产/土地,分类拆分: 建设工程与房地产 -> 房地产/土地
《国有土地使用许可证》,建设工程与房地产,房地产/土地,分类拆分: 建设工程与房地产 -> 房地产/土地
《国有土地使用证》,建设工程与房地产,房地产/土地,分类拆分: 建设工程与房地产 -> 房地产/土地
《国有土地使用证书》,建设工程与房地产,房地产/土地,分类拆分: 建设工程与房地产 -> 房地产/土地
《天津市建设工程质量管理条例》第十条第二款,建设工程与房地产,建设工程,分类拆分: 建设工程与房地产 -> 建设工程
《危险性较大的分部分项工程安全管理规定》,建设工程与房地产,建设工程,分类拆分: 建设工程与房地产 -> 建设工程
《宁波南海化学有限公司60m3LNG气化站工程安全评估报告》,建设工程与房地产,建设工程,分类拆分: 建设工程与房地产 -> 建设工程
《天津河东天津铁厂有限公司炼铁厂三四高炉除尘管道加固施工“7·23”一般坍塌事故调查报告》,建设工程与房地产,建设工程,分类拆分: 建设工程与房地产 -> 建设工程
《北京市建设工程施工现场管理办法》第三十一条,建设工程与房地产,建设工程,分类拆分: 建设工程与房地产 -> 建设工程
《地铁暗挖隧道施工技术规程》,建设工程与房地产,建设工程,分类拆分: 建设工程与房地产 -> 建设工程
《危险性较大的分部分项工程安全管理规定》第37号)第十六条第一款,建设工程与房地产,建设工程,分类拆分: 建设工程与房地产 -> 建设工程
《印订施工单》,建设工程与房地产,建设工程,分类拆分: 建设工程与房地产 -> 建设工程
《宁夏回族自治区土地管理条例》第七十三条,建设工程与房地产,房地产/土地,分类拆分: 建设工程与房地产 -> 房地产/土地
《危险性较大的分部分项工程安全管理规定》第37号、根据住建部令第47号修正）第十六条第一款,建设工程与房地产,建设工程,分类拆分: 建设工程与房地产 -> 建设工程
《混凝土结构工程施工质量验收规范》第C.0.1条第3款,建设工程与房地产,建设工程,分类拆分: 建设工程与房地产 -> 建设工程
《混凝土结构工程施工质量验收规范》第5.2.1条第1款,建设工程与房地产,建设工程,分类拆分: 建设工程与房地产 -> 建设工程
《混凝土结构工程施工质量验收规范》,建设工程与房地产,建设工程,分类拆分: 建设工程与房地产 -> 建设工程
《混凝土结构工程施工规范》,建设工程与房地产,建设工程,分类拆分: 建设工程与房地产 -> 建设工程
《启东龙豪国际石材供货和安装工程合同》,建设工程与房地产,建设工程,分类拆分: 建设工程与房地产 -> 建设工程
《危险性较大的分部分项工程安全管理规定》第37号）第二十四条,建设工程与房地产,建设工程,分类拆分: 建设工程与房地产 -> 建设工程
《北京市建设工程施工现场管理办法》第二十三条第(二)项,建设工程与房地产,建设工程,分类拆分: 建设工程与房地产 -> 建设工程
《危险性较大的分部分项工程安全管理规定》第37号）第十七条第三款,建设工程与房地产,建设工程,分类拆分: 建设工程与房地产 -> 建设工程
《混凝土结构工程施工规范》第8.5.9条的规定,建设工程与房地产,建设工程,分类拆分: 建设工程与房地产 -> 建设工程
《地铁12号线土建施工05合同段“11·3”一般生产安全事故调查报告》,建设工程与房地产,建设工程,分类拆分: 建设工程与房地产 -> 建设工程
《E、F楼地上部分主体结构预算工程造价咨询报告书》,建设工程与房地产,建设工程,分类拆分: 建设工程与房地产 -> 建设工程
《深圳市龙华区人民政府关于对龙华街道龙华大道与东环二路交叉口供水管抢修工程“4·30”淹溺死亡事故调查报告的批复》,建设工程与房地产,建设工程,分类拆分: 建设工程与房地产 -> 建设工程
《北京市建设工程施工现场管理办法》第三十一条的规定,建设工程与房地产,建设工程,分类拆分: 建设工程与房地产 -> 建设工程
《北京市建设工程施工现场管理办法》第三十一条违反本办法第十三条,建设工程与房地产,建设工程,分类拆分: 建设工程与房地产 -> 建设工程
《北京市建设工程施工现场管理办法》第三十九条,建设工程与房地产,建设工程,分类拆分: 建设工程与房地产 -> 建设工程
《国务院办公厅关于促进房地产市场健康发展的通知》,建设工程与房地产,房地产/土地,分类拆分: 建设工程与房地产 -> 房地产/土地
《土地违法案件行政处罚听证告知书》,建设工程与房地产,房地产/土地,分类拆分: 建设工程与房地产 -> 房地产/土地
《土地违法案件行政处罚告知书》,建设工程与房地产,房地产/土地,分类拆分: 建设工程与房地产 -> 房地产/土地
《土方工程承包合同》,建设工程与房地产,建设工程,分类拆分: 建设工程与房地产 -> 建设工程
《基坑工程设计总说明(四)》第九条第1项,建设工程与房地产,建设工程,分类拆分: 建设工程与房地产 -> 建设工程
《宁波中建钢结构工程有限公司建设工程修测测量成果报告书》,建设工程与房地产,建设工程,分类拆分: 建设工程与房地产 -> 建设工程
《危险性较大的分部分项工程安全管理规定》第37号)第三十七条,建设工程与房地产,建设工程,分类拆分: 建设工程与房地产 -> 建设工程
《北京市建设工程施工现场管理办法》第三十六条,建设工程与房地产,建设工程,分类拆分: 建设工程与房地产 -> 建设工程
《宁夏回族自治区土地管理条例》第三十八条第一款,建设工程与房地产,房地产/土地,分类拆分: 建设工程与房地产 -> 房地产/土地
《宁夏回族自治区土地管理条例》第三十八条,建设工程与房地产,房地产/土地,分类拆分: 建设工程与房地产 -> 房地产/土地
《地下防水工程质量验收规范》,建设工程与房地产,建设工程,分类拆分: 建设工程与房地产 -> 建设工程
《宁夏回族自治区土地管理条例》第七十三条第一款第(二)项,建设工程与房地产,房地产/土地,分类拆分: 建设工程与房地产 -> 房地产/土地
《城市房地产管理法》,建设工程与房地产,房地产/土地,分类拆分: 建设工程与房地产 -> 房地产/土地
《北京市商品房现房买卖合同》,建设工程与房地产,建设工程,分类拆分: 建设工程与房地产 -> 建设工程
《建设工程安全生产管理条例》第五十七条第三项,建设工程与房地产,安全生产,关键词覆盖: 安全生产管理条例 -> 安全生产
《建设工程安全生产管理条例》第五十七条第三款,建设工程与房地产,安全生产,关键词覆盖: 安全生产管理条例 -> 安全生产
《建设工程安全生产管理条例》第五十七条第/款第四项,建设工程与房地产,安全生产,关键词覆盖: 安全生产管理条例 -> 安全生产
《建设工程安全生产管理条例》第五十七条第(二)、(三)、(四)款,建设工程与房地产,安全生产,关键词覆盖: 安全生产管理条例 -> 安全生产
《建设工程安全生产管理条例》第五十七条第(一)、(四)款之规定,建设工程与房地产,安全生产,关键词覆盖: 安全生产管理条例 -> 安全生产
《建设工程安全生产管理条例》第五十七条,建设工程与房地产,安全生产,关键词覆盖: 安全生产管理条例 -> 安全生产
《建设工程安全生产管理条例》第二十八条第一款,建设工程与房地产,安全生产,关键词覆盖: 安全生产管理条例 -> 安全生产
《建设工程安全生产管理条例》第二十八条,建设工程与房地产,安全生产,关键词覆盖: 安全生产管理条例 -> 安全生产
《镇雄县土地利用现状图(2009年)》,建设工程与房地产,房地产/土地,分类拆分: 建设工程与房地产 -> 房地产/土地
《建设工程安全生产管理条例》第二十五条,建设工程与房地产,安全生产,关键词覆盖: 安全生产管理条例 -> 安全生产
《建设工程安全生产管理条例》第二十三条第二款,建设工程与房地产,安全生产,关键词覆盖: 安全生产管理条例 -> 安全生产
《建设工程安全生产管理条例》第二十三条第三款,建设工程与房地产,安全生产,关键词覆盖: 安全生产管理条例 -> 安全生产
《建设工程安全生产管理条例》第二十三条第一款,建设工程与房地产,安全生产,关键词覆盖: 安全生产管理条例 -> 安全生产
《建设工程安全生产管理条例》第二十三条,建设工程与房地产,安全生产,关键词覆盖: 安全生产管理条例 -> 安全生产
《建设工程安全生产管理条例》第二十七条,建设工程与房地产,安全生产,关键词覆盖: 安全生产管理条例 -> 安全生产
《建设工程安全生产管理条例》第二十一条第二款,建设工程与房地产,安全生产,关键词覆盖: 安全生产管理条例 -> 安全生产
《建设工程安全生产管理条例》第五十七条第二款,建设工程与房地产,安全生产,关键词覆盖: 安全生产管理条例 -> 安全生产
《建设工程安全生产管理条例》第五十七第（二）、（三）项,建设工程与房地产,安全生产,关键词覆盖: 安全生产管理条例 -> 安全生产
《建设工程安全生产管理条例》第六十二条第(一)项,建设工程与房地产,安全生产,关键词覆盖: 安全生产管理条例 -> 安全生产
《建设工程安全生产管理条例》第六十二条第(二)项,建设工程与房地产,安全生产,关键词覆盖: 安全生产管理条例 -> 安全生产
《建设工程建筑许可证》,建设工程与房地产,建设工程,分类拆分: 建设工程与房地产 -> 建设工程
《建设工程安全隐患整改通知书》,建设工程与房地产,建设工程,分类拆分: 建设工程与房地产 -> 建设工程
《建设工程安全管理条例》第三十七条第一款,建设工程与房地产,建设工程,分类拆分: 建设工程与房地产 -> 建设工程
《建设工程安全生产管理条例》第十四条,建设工程与房地产,安全生产,关键词覆盖: 安全生产管理条例 -> 安全生产
《防水工程施工合同》,建设工程与房地产,建设工程,分类拆分: 建设工程与房地产 -> 建设工程
《闲置土地认定书》,建设工程与房地产,房地产/土地,分类拆分: 建设工程与房地产 -> 房地产/土地
《门窗工程施工协议书》,建设工程与房地产,建设工程,分类拆分: 建设工程与房地产 -> 建设工程
《建设工程安全生产管理条例》第十四条第二款,建设工程与房地产,安全生产,关键词覆盖: 安全生产管理条例 -> 安全生产
《建设工程安全生产管理条例》第二十一条、第二十七条、第三十六条、第三十七条,建设工程与房地产,安全生产,关键词覆盖: 安全生产管理条例 -> 安全生产
《建设工程安全生产管理条例》第六十四条,建设工程与房地产,安全生产,关键词覆盖: 安全生产管理条例 -> 安全生产
《建设工程安全生产管理条例》第六十四条第一款第（二）项,建设工程与房地产,安全生产,关键词覆盖: 安全生产管理条例 -> 安全生产
《建设工程安全生产管理条例》第六十四条第一款第(二)项,建设工程与房地产,安全生产,关键词覆盖: 安全生产管理条例 -> 安全生产
《建设工程安全生产管理条例》第六十四条第(二)项,建设工程与房地产,安全生产,关键词覆盖: 安全生产管理条例 -> 安全生产
《长沙市夜间施工许可证》,建设工程与房地产,建设工程,分类拆分: 建设工程与房地产 -> 建设工程
《建设工程安全生产管理条例》第六十四条和第六十七条,建设工程与房地产,安全生产,关键词覆盖: 安全生产管理条例 -> 安全生产
《建设工程安全生产管理条例》第六十二条第一项,建设工程与房地产,安全生产,关键词覆盖: 安全生产管理条例 -> 安全生产
《建设工程安全生产管理条例》第六十二条第一款第二项,建设工程与房地产,安全生产,关键词覆盖: 安全生产管理条例 -> 安全生产
《建设工程安全生产管理条例》第六十二条第一款第(三)项,建设工程与房地产,安全生产,关键词覆盖: 安全生产管理条例 -> 安全生产
《建设工程安全生产管理条例》第六十四条第二项,建设工程与房地产,安全生产,关键词覆盖: 安全生产管理条例 -> 安全生产
《建设工程安全生产管理条例》第二十一条,建设工程与房地产,安全生产,关键词覆盖: 安全生产管理条例 -> 安全生产
《建设工程安全生产管理条例》第三十条第二款,建设工程与房地产,安全生产,关键词覆盖: 安全生产管理条例 -> 安全生产
《钢结构工程承包合同》,建设工程与房地产,建设工程,分类拆分: 建设工程与房地产 -> 建设工程
《钢筋班组劳务施工协议》,建设工程与房地产,建设工程,分类拆分: 建设工程与房地产 -> 建设工程
《金湾南水河南省第一防腐工程有限公司“4·7”一般物体打击事故调查报告》,建设工程与房地产,建设工程,分类拆分: 建设工程与房地产 -> 建设工程
《金华市建设工程测绘技术报告书》,建设工程与房地产,建设工程,分类拆分: 建设工程与房地产 -> 建设工程
《重庆鹏川房地产开发有限公司验资报告》,建设工程与房地产,房地产/土地,分类拆分: 建设工程与房地产 -> 房地产/土地
《重庆移动阻燃软电缆工程框架采购合同（框架＋订单）》,建设工程与房地产,建设工程,分类拆分: 建设工程与房地产 -> 建设工程
《重庆房地产分析》,建设工程与房地产,房地产/土地,分类拆分: 建设工程与房地产 -> 房地产/土地
《重庆市电信有限公司综合大楼外装饰工程施工合同》,建设工程与房地产,建设工程,分类拆分: 建设工程与房地产 -> 建设工程
《建筑装饰装修工程质量验收规范》,建设工程与房地产,建设工程,分类拆分: 建设工程与房地产 -> 建设工程
《钢结构工程施工协议书》,建设工程与房地产,建设工程,分类拆分: 建设工程与房地产 -> 建设工程
《建筑装饰装修工程质量验收标准》,建设工程与房地产,建设工程,分类拆分: 建设工程与房地产 -> 建设工程
《建筑装饰工程施工合同》,建设工程与房地产,建设工程,分类拆分: 建设工程与房地产 -> 建设工程
《建筑节能工程施工质量验收规范》,建设工程与房地产,建设工程,分类拆分: 建设工程与房地产 -> 建设工程
《建筑节能工程施工质量验收标准》,建设工程与房地产,建设工程,分类拆分: 建设工程与房地产 -> 建设工程
《建筑节能工程施工质量验收标准》第6.2.2条第1款第1项,建设工程与房地产,建设工程,分类拆分: 建设工程与房地产 -> 建设工程
《建筑装饰装修工程质量验收标准》第6.1.3条第2项,建设工程与房地产,建设工程,分类拆分: 建设工程与房地产 -> 建设工程
《建设工程施工停工（局部）整改通知书》,建设工程与房地产,建设工程,分类拆分: 建设工程与房地产 -> 建设工程
《钢结构工程施工承包合同》,建设工程与房地产,建设工程,分类拆分: 建设工程与房地产 -> 建设工程
《建设工程 质量管理条例》第五十六条第（四）项、第（六）项,建设工程与房地产,建设工程,分类拆分: 建设工程与房地产 -> 建设工程
《建设工程安全生产管理条例》第三十条第一款,建设工程与房地产,安全生产,关键词覆盖: 安全生产管理条例 -> 安全生产
《建设工程安全生产管理条例》第三十条,建设工程与房地产,安全生产,关键词覆盖: 安全生产管理条例 -> 安全生产
《建设工程安全生产管理条例》第三十五条第三款,建设工程与房地产,安全生产,关键词覆盖: 安全生产管理条例 -> 安全生产
《建设工程安全生产管理条例》第三十五条,建设工程与房地产,安全生产,关键词覆盖: 安全生产管理条例 -> 安全生产
《建设工程安全生产管理条例》第三十七条,建设工程与房地产,安全生产,关键词覆盖: 安全生产管理条例 -> 安全生产
《铝合金门窗工程技术规范》,建设工程与房地产,建设工程,分类拆分: 建设工程与房地产 -> 建设工程
《建设工程安全生产管理条例》第393号）第二十八条,建设工程与房地产,安全生产,关键词覆盖: 安全生产管理条例 -> 安全生产
《建设工程安全生产管理条例》第22条,建设工程与房地产,安全生产,关键词覆盖: 安全生产管理条例 -> 安全生产
《建设工程安全生产管理条例》,建设工程与房地产,安全生产,关键词覆盖: 安全生产管理条例 -> 安全生产
《建设安装工程施工承包补充协议》,建设工程与房地产,建设工程,分类拆分: 建设工程与房地产 -> 建设工程
《铁路建设工程监理规范》,建设工程与房地产,建设工程,分类拆分: 建设工程与房地产 -> 建设工程
《建设工程安全产生管理条例》第二十五条,建设工程与房地产,建设工程,分类拆分: 建设工程与房地产 -> 建设工程
《建设工程委托监理合同》,建设工程与房地产,建设工程,分类拆分: 建设工程与房地产 -> 建设工程
《建设工程夜间施工证明》,建设工程与房地产,建设工程,分类拆分: 建设工程与房地产 -> 建设工程
《建设工程勘察质量管理办法》第十二条,建设工程与房地产,建设工程,分类拆分: 建设工程与房地产 -> 建设工程
《建设工程勘察设计管理条例》第二十五条,建设工程与房地产,建设工程,分类拆分: 建设工程与房地产 -> 建设工程
《建设工程勘察设计管理条例(2017修订)》,建设工程与房地产,建设工程,分类拆分: 建设工程与房地产 -> 建设工程
《建设工程勘察合同》,建设工程与房地产,建设工程,分类拆分: 建设工程与房地产 -> 建设工程
《建设工程划许可证》,建设工程与房地产,建设工程,分类拆分: 建设工程与房地产 -> 建设工程
《建设工程分包协议书》,建设工程与房地产,建设工程,分类拆分: 建设工程与房地产 -> 建设工程
《建设工程安全生产管理条,建设工程与房地产,建设工程,分类拆分: 建设工程与房地产 -> 建设工程
《建设工程施工发包与承包违法行为认定查处管理办法》第八条第一项,建设工程与房地产,建设工程,分类拆分: 建设工程与房地产 -> 建设工程
《建设工程施工发包与承包违法行为认定查处管理办法》第十二条,建设工程与房地产,建设工程,分类拆分: 建设工程与房地产 -> 建设工程
《建设工程施工合同》,建设工程与房地产,建设工程,分类拆分: 建设工程与房地产 -> 建设工程
《建设工程质量管理条例》第七条第二款、第十三条,建设工程与房地产,建设工程,分类拆分: 建设工程与房地产 -> 建设工程
《建设工程质量管理条例》第七条第二款,建设工程与房地产,建设工程,分类拆分: 建设工程与房地产 -> 建设工程
《建设工程质量管理条例》第七条,建设工程与房地产,建设工程,分类拆分: 建设工程与房地产 -> 建设工程
《黑龙江省建设工程安全生产管理办法》第十三条,建设工程与房地产,建设工程,分类拆分: 建设工程与房地产 -> 建设工程
《黑龙江省建设工程安全生产管理办法》第二十九条第二款,建设工程与房地产,建设工程,分类拆分: 建设工程与房地产 -> 建设工程
《建设工程质量管理条例》第七十八条第一款,建设工程与房地产,建设工程,分类拆分: 建设工程与房地产 -> 建设工程
《建设工程质量管理条例》第七十三条,建设工程与房地产,建设工程,分类拆分: 建设工程与房地产 -> 建设工程
《黑龙江省土地管理条例》第二十五条,建设工程与房地产,房地产/土地,分类拆分: 建设工程与房地产 -> 房地产/土地
《黑龙江省土地管理条例》,建设工程与房地产,房地产/土地,分类拆分: 建设工程与房地产 -> 房地产/土地
《建设工程质量管理条例》第七章第四十九条,建设工程与房地产,建设工程,分类拆分: 建设工程与房地产 -> 建设工程
《建设工程质量管理条例》第七十三条的规定,建设工程与房地产,建设工程,分类拆分: 建设工程与房地产 -> 建设工程
《高照街道土地利用总体规划（2006年-2020年）》,建设工程与房地产,房地产/土地,分类拆分: 建设工程与房地产 -> 房地产/土地
《高炉炉体水系统施工、打压、冲洗方案》,建设工程与房地产,建设工程,分类拆分: 建设工程与房地产 -> 建设工程
《建设工程质量管理条例》第58条第1款,建设工程与房地产,建设工程,分类拆分: 建设工程与房地产 -> 建设工程
《建设工程质量管理条例》第57条,建设工程与房地产,建设工程,分类拆分: 建设工程与房地产 -> 建设工程
《建设工程质量管理条例》第279号）第五十七条,建设工程与房地产,建设工程,分类拆分: 建设工程与房地产 -> 建设工程
《建设工程质量管理条例》第279号)第五十七条,建设工程与房地产,建设工程,分类拆分: 建设工程与房地产 -> 建设工程
《建设工程质量管理条例》,建设工程与房地产,建设工程,分类拆分: 建设工程与房地产 -> 建设工程
《建设工程质量管理条例(2019修订)》,建设工程与房地产,建设工程,分类拆分: 建设工程与房地产 -> 建设工程
《建设工程质量管理条例》第三十一条,建设工程与房地产,建设工程,分类拆分: 建设工程与房地产 -> 建设工程
《建设工程质量管理条例》第二十九条,建设工程与房地产,建设工程,分类拆分: 建设工程与房地产 -> 建设工程
《建设工程质量管理条例》第二十八条第一款,建设工程与房地产,建设工程,分类拆分: 建设工程与房地产 -> 建设工程
(《建设工程质量管理条例》第五十七条,建设工程与房地产,建设工程,分类拆分: 建设工程与房地产 -> 建设工程
依《建筑工程施工许可管理办法》第十二条,建设工程与房地产,建设工程,分类拆分: 建设工程与房地产 -> 建设工程
《龙湾中心城区土地利用总体规划（2006-2020年）》,建设工程与房地产,房地产/土地,分类拆分: 建设工程与房地产 -> 房地产/土地
《龙湾中心城区土地利用总体规划(2006-2020年)》,建设工程与房地产,房地产/土地,分类拆分: 建设工程与房地产 -> 房地产/土地
《建设工程质量管理条例》第二十八条的规定,建设工程与房地产,建设工程,分类拆分: 建设工程与房地产 -> 建设工程
《建设工程质量管理条例》第二十八条,建设工程与房地产,建设工程,分类拆分: 建设工程与房地产 -> 建设工程
《龙泉市人民政府关于同意台风后电网补强项目（花桥118线与泗源114线）联络工程“9.14”触电事故调查报告的批复》,建设工程与房地产,建设工程,分类拆分: 建设工程与房地产 -> 建设工程
《建设工程质量管理条例》第三十六条,建设工程与房地产,建设工程,分类拆分: 建设工程与房地产 -> 建设工程
《龙岩市住房和城乡建设局龙岩市市场监督管理局关于龙岩市房地产市场专项执法检查结果的通报》,建设工程与房地产,房地产/土地,分类拆分: 建设工程与房地产 -> 房地产/土地
《建设工程质量管理条例》第二十五条第二款,建设工程与房地产,建设工程,分类拆分: 建设工程与房地产 -> 建设工程
《建设工程质量管理条例》第二十五条第三款的规定,建设工程与房地产,建设工程,分类拆分: 建设工程与房地产 -> 建设工程
《建设工程质量管理条例》第二十五条第三款之规定,建设工程与房地产,建设工程,分类拆分: 建设工程与房地产 -> 建设工程
《建设工程质量管理条例》第二十五条第三款,建设工程与房地产,建设工程,分类拆分: 建设工程与房地产 -> 建设工程
《建设工程质量管理条例》第二十五条、第六十二条,建设工程与房地产,建设工程,分类拆分: 建设工程与房地产 -> 建设工程
《建设工程质量管理条例》第二十五条,建设工程与房地产,建设工程,分类拆分: 建设工程与房地产 -> 建设工程
《建设工程质量管理条例》第二十九条的规定,建设工程与房地产,建设工程,分类拆分: 建设工程与房地产 -> 建设工程
《建设工程质量管理条例》第二十九条、第三十一条,建设工程与房地产,建设工程,分类拆分: 建设工程与房地产 -> 建设工程
《建设工程质量竣工验收结论意见》,建设工程与房地产,建设工程,分类拆分: 建设工程与房地产 -> 建设工程
《建设工程质量检测管理办法》第十八条的规定,建设工程与房地产,建设工程,分类拆分: 建设工程与房地产 -> 建设工程
《建设工程竣工规划条件核实测量报告书》,建设工程与房地产,建设工程,分类拆分: 建设工程与房地产 -> 建设工程
《建设工程竣工规划条件核实测量报告》,建设工程与房地产,建设工程,分类拆分: 建设工程与房地产 -> 建设工程
《建设工程监理旁站管理规定》第二十八条,建设工程与房地产,建设工程,分类拆分: 建设工程与房地产 -> 建设工程
《建设工程特征造价参考指标一览表》,建设工程与房地产,建设工程,分类拆分: 建设工程与房地产 -> 建设工程
《建设工程测量技术报告书》,建设工程与房地产,建设工程,分类拆分: 建设工程与房地产 -> 建设工程
《建设工程智联检测管理办法》第二十九条的第三款、第七款,建设工程与房地产,建设工程,分类拆分: 建设工程与房地产 -> 建设工程
《建设工程施工违法侵蚀等违法行为认定查处管理办法(试行)》第七条第三项,建设工程与房地产,建设工程,分类拆分: 建设工程与房地产 -> 建设工程
《建设工程施工转包违法分包等违法行为认定查处管理办法》第九条第一款,建设工程与房地产,建设工程,分类拆分: 建设工程与房地产 -> 建设工程
《建设工程施工许可证管理办法》第十二条,建设工程与房地产,建设工程,分类拆分: 建设工程与房地产 -> 建设工程
《建设工程施工许可证》,建设工程与房地产,建设工程,分类拆分: 建设工程与房地产 -> 建设工程
《建设工程规划竣工测量报告》,建设工程与房地产,建设工程,分类拆分: 建设工程与房地产 -> 建设工程
《建设工程施工许可管理办法》第十二条和第十五条,建设工程与房地产,建设工程,分类拆分: 建设工程与房地产 -> 建设工程
《陕西省建设工程质量和安全生产管理条例》第十五条,建设工程与房地产,安全生产,关键词覆盖: 安全生产管理条例 -> 安全生产
《陕西省建设工程质量和安全生产管理条例》第三十六条,建设工程与房地产,安全生产,关键词覆盖: 安全生产管理条例 -> 安全生产
《建设工程施工许可管理办法》第三条第一款,建设工程与房地产,建设工程,分类拆分: 建设工程与房地产 -> 建设工程
《建设工程施工许可管理办法》第三条的规定,建设工程与房地产,建设工程,分类拆分: 建设工程与房地产 -> 建设工程
《建设工程施工许可管理办法》第三条,建设工程与房地产,建设工程,分类拆分: 建设工程与房地产 -> 建设工程
《建设工程施工现场安全防护标准》,建设工程与房地产,建设工程,分类拆分: 建设工程与房地产 -> 建设工程
《建设工程施工现场安全资料管理规程》,建设工程与房地产,建设工程,分类拆分: 建设工程与房地产 -> 建设工程
《建设工程施工承包合同》,建设工程与房地产,建设工程,分类拆分: 建设工程与房地产 -> 建设工程
《建设工程施工安全隐患限期整改通知书》,建设工程与房地产,建设工程,分类拆分: 建设工程与房地产 -> 建设工程
《建设工程施工安全隐患整改完成报告》,建设工程与房地产,建设工程,分类拆分: 建设工程与房地产 -> 建设工程
《建设工程施工许可管理办法》第十二条,建设工程与房地产,建设工程,分类拆分: 建设工程与房地产 -> 建设工程
《建设工程质量检测管理办法》第十八条第一款,建设工程与房地产,建设工程,分类拆分: 建设工程与房地产 -> 建设工程
《隐蔽工程验收记录》,建设工程与房地产,建设工程,分类拆分: 建设工程与房地产 -> 建设工程
《建设工程规划许可 证》,建设工程与房地产,建设工程,分类拆分: 建设工程与房地产 -> 建设工程
《建设工程质量检测管理办法》第十八条,建设工程与房地产,建设工程,分类拆分: 建设工程与房地产 -> 建设工程
《建设工程质量检测管理办法》第二十九条第（六）项,建设工程与房地产,建设工程,分类拆分: 建设工程与房地产 -> 建设工程
《建设工程质量检测管理办法》第二十九条第一项,建设工程与房地产,建设工程,分类拆分: 建设工程与房地产 -> 建设工程
《建设工程质量检测管理办法》第三十条,建设工程与房地产,建设工程,分类拆分: 建设工程与房地产 -> 建设工程
《建设工程质量检测管理办法》第三十一条,建设工程与房地产,建设工程,分类拆分: 建设工程与房地产 -> 建设工程
《建设工程质量安全整改通知书》,建设工程与房地产,建设工程,分类拆分: 建设工程与房地产 -> 建设工程
《建设工程评标报告》,建设工程与房地产,建设工程,分类拆分: 建设工程与房地产 -> 建设工程
《建设工程设计方案通知书》,建设工程与房地产,建设工程,分类拆分: 建设工程与房地产 -> 建设工程
《建设工程设计合同》,建设工程与房地产,建设工程,分类拆分: 建设工程与房地产 -> 建设工程
《建设工程规划许可证核准信息一览表》,建设工程与房地产,建设工程,分类拆分: 建设工程与房地产 -> 建设工程
《集体土地建设用地使用证》,建设工程与房地产,房地产/土地,分类拆分: 建设工程与房地产 -> 房地产/土地
《建设工程规划许可证》,建设工程与房地产,建设工程,分类拆分: 建设工程与房地产 -> 建设工程
《青岛市建筑工程管理办法》第二十五条第五项,建设工程与房地产,建设工程,分类拆分: 建设工程与房地产 -> 建设工程
《青岛市建筑工程管理办法》第二十二条,建设工程与房地产,建设工程,分类拆分: 建设工程与房地产 -> 建设工程
《青岛市建筑工程管理办法》,建设工程与房地产,建设工程,分类拆分: 建设工程与房地产 -> 建设工程
《青岛市建筑工程文明施工管理若干规定》第四条,建设工程与房地产,建设工程,分类拆分: 建设工程与房地产 -> 建设工程
《建设工程规划许可》,建设工程与房地产,建设工程,分类拆分: 建设工程与房地产 -> 建设工程
《青岛市房屋建筑拆除工程管理办法》第三十二条第二款,建设工程与房地产,建设工程,分类拆分: 建设工程与房地产 -> 建设工程
《建设工程质量管理条例》第二十八条第一款的规定,建设工程与房地产,建设工程,分类拆分: 建设工程与房地产 -> 建设工程
《建筑电气照明装置施工与验收规范》,建设工程与房地产,建设工程,分类拆分: 建设工程与房地产 -> 建设工程
《建筑电气工程施工质量验收规范》第18.1.1条第1款,建设工程与房地产,建设工程,分类拆分: 建设工程与房地产 -> 建设工程
《建筑工程质量管理条例》第六十四条,建设工程与房地产,建设工程,分类拆分: 建设工程与房地产 -> 建设工程
《遵义市红花岗区土地利用现状图（2021年）》,建设工程与房地产,房地产/土地,分类拆分: 建设工程与房地产 -> 房地产/土地
《遵义市红花岗区土地利用总体规划图（2006-2020年）》,建设工程与房地产,房地产/土地,分类拆分: 建设工程与房地产 -> 房地产/土地
《建筑工程质量管理条例》第六十五条,建设工程与房地产,建设工程,分类拆分: 建设工程与房地产 -> 建设工程
《建筑工程质量管理条例》第六十二条,建设工程与房地产,建设工程,分类拆分: 建设工程与房地产 -> 建设工程
《建筑工程质量管理条例》第五十七条,建设工程与房地产,建设工程,分类拆分: 建设工程与房地产 -> 建设工程
《建筑工程质量管理条例》第二十五条,建设工程与房地产,建设工程,分类拆分: 建设工程与房地产 -> 建设工程
《建筑工程质量管理条例》第九条,建设工程与房地产,建设工程,分类拆分: 建设工程与房地产 -> 建设工程
《建筑工程质量管理条例》第七条第二款,建设工程与房地产,建设工程,分类拆分: 建设工程与房地产 -> 建设工程
《建筑工程许可证》,建设工程与房地产,建设工程,分类拆分: 建设工程与房地产 -> 建设工程
《建筑工程规划许可证》,建设工程与房地产,建设工程,分类拆分: 建设工程与房地产 -> 建设工程
《建筑工程规划竣工测量报告》,建设工程与房地产,建设工程,分类拆分: 建设工程与房地产 -> 建设工程
《建筑工程服务合同》,建设工程与房地产,建设工程,分类拆分: 建设工程与房地产 -> 建设工程
《建筑工程施工转包违法分包等违法行为认定查处管理办法》第六条和第七条第三款、第四款、第六款,建设工程与房地产,建设工程,分类拆分: 建设工程与房地产 -> 建设工程
《建筑工程施工转包违法分包等违法行为认定查处管理办法(试行)》第七条,建设工程与房地产,建设工程,分类拆分: 建设工程与房地产 -> 建设工程
《建筑工程施工质量验收统一标准》,建设工程与房地产,建设工程,分类拆分: 建设工程与房地产 -> 建设工程
《建筑工程施工许可管理办法质量管理办法》第三条,建设工程与房地产,建设工程,分类拆分: 建设工程与房地产 -> 建设工程
《建筑工程施工许可管理办法第十二条》,建设工程与房地产,建设工程,分类拆分: 建设工程与房地产 -> 建设工程
《建筑工程质量管理条例》第十三条,建设工程与房地产,建设工程,分类拆分: 建设工程与房地产 -> 建设工程
《建筑工程质量管理条例》第十六条第3款,建设工程与房地产,建设工程,分类拆分: 建设工程与房地产 -> 建设工程
《郁山古镇管网改造工程》,建设工程与房地产,建设工程,分类拆分: 建设工程与房地产 -> 建设工程
《建筑工程资质等级证书》,建设工程与房地产,建设工程,分类拆分: 建设工程与房地产 -> 建设工程
《建筑施工企业安全生产许可证》,建设工程与房地产,建设工程,分类拆分: 建设工程与房地产 -> 建设工程
《建筑施工企业安全生产管理机构设置及专职安全生产管理人员配备办法》第四条的规定,建设工程与房地产,建设工程,分类拆分: 建设工程与房地产 -> 建设工程
《建筑施工企业安全生产管理机构设置及专职安全生产管理人员配备办法》第十四条第（二）项,建设工程与房地产,建设工程,分类拆分: 建设工程与房地产 -> 建设工程
《建筑施工企业安全生产管理机构设置及专职安全生产管理人员配备办法》第十四条第二款,建设工程与房地产,建设工程,分类拆分: 建设工程与房地产 -> 建设工程
《建筑施工企业安全生产管理机构设置及专职安全生产管理人员配备办法》第十四条第(二)项,建设工程与房地产,建设工程,分类拆分: 建设工程与房地产 -> 建设工程
《建筑施工企业安全生产管理机构设置及专职安全生产管理人员配备办法》第十四条第(一)项,建设工程与房地产,建设工程,分类拆分: 建设工程与房地产 -> 建设工程
《建筑施工企业安全生产管理机构设置及专职安全生产管理人员配备办法》第十四条,建设工程与房地产,建设工程,分类拆分: 建设工程与房地产 -> 建设工程
《建筑施工企业安全生产管理机构设置及专职安全生产管理人员配备办法》,建设工程与房地产,建设工程,分类拆分: 建设工程与房地产 -> 建设工程
《建筑施工企业主要负责人、项目负责人和专职安全生产管理人员安全生产管理规定》第十八条,建设工程与房地产,建设工程,分类拆分: 建设工程与房地产 -> 建设工程
《建筑施工企业主要负责人、项目负责人和专职安全生产管理人员安全生产管理规定》第十九条,建设工程与房地产,建设工程,分类拆分: 建设工程与房地产 -> 建设工程
《建筑工程施工许可管理办法》第十五条,建设工程与房地产,建设工程,分类拆分: 建设工程与房地产 -> 建设工程
《建筑施工企业主要负责人、项目负责人和专职安全生产管理人员安全生产管理规定》第二十条的规定,建设工程与房地产,建设工程,分类拆分: 建设工程与房地产 -> 建设工程
《郑州市市政工程设施管理条例》第九条,建设工程与房地产,建设工程,分类拆分: 建设工程与房地产 -> 建设工程
《建筑施工企业主要负责人、项目负责人和专职安全生产管理人员安全生产管理规定》第三十二条,建设工程与房地产,建设工程,分类拆分: 建设工程与房地产 -> 建设工程
《建筑施工企业主要负责人、项目负责人和专职安全生产管理人员安全生产管理规定》第一十八条,建设工程与房地产,建设工程,分类拆分: 建设工程与房地产 -> 建设工程
《建筑施工企业主要负责人、项目负责人和专职安全生产管理人员安全生产管理规定》,建设工程与房地产,建设工程,分类拆分: 建设工程与房地产 -> 建设工程
《建筑施工企业主要负责人、项目负责人和专职安全生产管理,建设工程与房地产,建设工程,分类拆分: 建设工程与房地产 -> 建设工程
《建筑工程预防高处坠落事故若干规定》第十一条,建设工程与房地产,建设工程,分类拆分: 建设工程与房地产 -> 建设工程
《建筑工程预防高处坠落事故若干规定》,建设工程与房地产,建设工程,分类拆分: 建设工程与房地产 -> 建设工程
《建筑工程造价书》,建设工程与房地产,建设工程,分类拆分: 建设工程与房地产 -> 建设工程
《建筑施工企业主要负责人、项目负责人和专职安全生产管理人员安全生产管理规定》第二十条,建设工程与房地产,建设工程,分类拆分: 建设工程与房地产 -> 建设工程
《建筑工程施工许可管理办法》第二条的规定,建设工程与房地产,建设工程,分类拆分: 建设工程与房地产 -> 建设工程
《建筑工程施工许可管理办法》第二条、第三条第二款,建设工程与房地产,建设工程,分类拆分: 建设工程与房地产 -> 建设工程
《建筑工程施工许可管理办法》第二条、第三条,建设工程与房地产,建设工程,分类拆分: 建设工程与房地产 -> 建设工程
《建筑工程施工许可管理办法》第二条,建设工程与房地产,建设工程,分类拆分: 建设工程与房地产 -> 建设工程
《建筑工程施工许可管理办法》第二、第三条,建设工程与房地产,建设工程,分类拆分: 建设工程与房地产 -> 建设工程
《建筑工程施工许可管理办法》第三条,建设工程与房地产,建设工程,分类拆分: 建设工程与房地产 -> 建设工程
《建筑工程施工许可管理办法》第三条第一款的规定,建设工程与房地产,建设工程,分类拆分: 建设工程与房地产 -> 建设工程
《建筑工程施工许可管理办法》第三条第一款之规定,建设工程与房地产,建设工程,分类拆分: 建设工程与房地产 -> 建设工程
《建筑工程施工许可管理办法》第三条第一款“第三条,建设工程与房地产,建设工程,分类拆分: 建设工程与房地产 -> 建设工程
《建筑工程施工许可管理办法》第二条第一款,建设工程与房地产,建设工程,分类拆分: 建设工程与房地产 -> 建设工程
《建筑工程施工许可管理办法》第三条第一款,建设工程与房地产,建设工程,分类拆分: 建设工程与房地产 -> 建设工程
《建筑工程施工许可管理办法》第三条的规定,建设工程与房地产,建设工程,分类拆分: 建设工程与房地产 -> 建设工程
《建筑工程施工许可管理办法》第三条之规定,建设工程与房地产,建设工程,分类拆分: 建设工程与房地产 -> 建设工程
《建筑工程施工许可管理办法》第三条、（住建部第18号令）第十二条,建设工程与房地产,建设工程,分类拆分: 建设工程与房地产 -> 建设工程
《建筑工程施工许可管理办法》第三条、第十二条,建设工程与房地产,建设工程,分类拆分: 建设工程与房地产 -> 建设工程
《建筑工程施工许可管理办法》第91号令）第3条,建设工程与房地产,建设工程,分类拆分: 建设工程与房地产 -> 建设工程
《建筑施工企业安全生产许可证动态监管暂行办法》第十四条,建设工程与房地产,建设工程,分类拆分: 建设工程与房地产 -> 建设工程
《建筑工程施工许可管理办法》第二条第一款、第三条第一款,建设工程与房地产,建设工程,分类拆分: 建设工程与房地产 -> 建设工程
《建筑工程施工许可管理办法》第十二条第一款,建设工程与房地产,建设工程,分类拆分: 建设工程与房地产 -> 建设工程
《建筑工程施工许可管理办法》第十二条的规定,建设工程与房地产,建设工程,分类拆分: 建设工程与房地产 -> 建设工程
《建筑工程施工许可管理办法》第十二条和第十五条,建设工程与房地产,建设工程,分类拆分: 建设工程与房地产 -> 建设工程
《建筑工程施工许可管理办法》第十二条及第十五条,建设工程与房地产,建设工程,分类拆分: 建设工程与房地产 -> 建设工程
《建筑工程施工许可管理办法》第十二条以及第十五条,建设工程与房地产,建设工程,分类拆分: 建设工程与房地产 -> 建设工程
《建筑工程施工许可管理办法》第二条第一款、第三条,建设工程与房地产,建设工程,分类拆分: 建设工程与房地产 -> 建设工程
《建筑工程施工许可管理办法》第十二条、第十五条第一款,建设工程与房地产,建设工程,分类拆分: 建设工程与房地产 -> 建设工程
《建筑工程施工许可管理办法》第十二条、第十五条,建设工程与房地产,建设工程,分类拆分: 建设工程与房地产 -> 建设工程
《建筑工程施工许可管理办法》第十二条“第十二条,建设工程与房地产,建设工程,分类拆分: 建设工程与房地产 -> 建设工程
《建筑工程施工许可管理办法》第二条第一款及第三条第一款,建设工程与房地产,建设工程,分类拆分: 建设工程与房地产 -> 建设工程
《重庆市商品房预售（预租）许可证》,建设工程与房地产,建设工程,分类拆分: 建设工程与房地产 -> 建设工程
《建筑施工企业安全生产许可证管理规定》,建设工程与房地产,建设工程,分类拆分: 建设工程与房地产 -> 建设工程
《建筑施工企业安全生产许可证管理规定》第128号）第二十三条,建设工程与房地产,建设工程,分类拆分: 建设工程与房地产 -> 建设工程
《建筑施工扣件式钢管脚手架安全技术规范》,建设工程与房地产,建设工程,分类拆分: 建设工程与房地产 -> 建设工程
《建筑施工扣件式钢管脚手架安全技术规范》第6.8.4条的规定,建设工程与房地产,建设工程,分类拆分: 建设工程与房地产 -> 建设工程
《建筑施工扣件式钢管脚手架安全技术规范》第6.7.2条第二款,建设工程与房地产,建设工程,分类拆分: 建设工程与房地产 -> 建设工程
《建筑施工扣件式钢管脚手架安全技术规范》第6.3.6条第一款,建设工程与房地产,建设工程,分类拆分: 建设工程与房地产 -> 建设工程
《建筑施工扣件式钢管脚手架安全技术规范》第6.2.4条的规定,建设工程与房地产,建设工程,分类拆分: 建设工程与房地产 -> 建设工程
《建筑施工工具式脚手架安全技术规范》,建设工程与房地产,建设工程,分类拆分: 建设工程与房地产 -> 建设工程
《建筑施工安全检查标准》,建设工程与房地产,建设工程,分类拆分: 建设工程与房地产 -> 建设工程
《建筑施工场界噪声限值》,建设工程与房地产,建设工程,分类拆分: 建设工程与房地产 -> 建设工程
《建筑施工场地噪声记录表》,建设工程与房地产,建设工程,分类拆分: 建设工程与房地产 -> 建设工程
《建筑施工土石方工程安全技术规范》,建设工程与房地产,建设工程,分类拆分: 建设工程与房地产 -> 建设工程
《重庆市建设工程安全管理办法》第二十一条之规定,建设工程与房地产,建设工程,分类拆分: 建设工程与房地产 -> 建设工程
《重庆市建设工程安全管理办法》第289号）第二十七条,建设工程与房地产,建设工程,分类拆分: 建设工程与房地产 -> 建设工程
《重庆市建设工程安全管理办法》,建设工程与房地产,建设工程,分类拆分: 建设工程与房地产 -> 建设工程
《重庆市建设工程安全生产管理办法》第四十二条第（四）项,建设工程与房地产,建设工程,分类拆分: 建设工程与房地产 -> 建设工程
《重庆市建设工程安全生产管理办法》第四十二条第三款,建设工程与房地产,建设工程,分类拆分: 建设工程与房地产 -> 建设工程
《重庆市建设工程安全生产管理办法》第四十二条第(四)项,建设工程与房地产,建设工程,分类拆分: 建设工程与房地产 -> 建设工程
《建筑施工扣件式钢管脚手架安全技术规范》第7.3.13条第1项,建设工程与房地产,建设工程,分类拆分: 建设工程与房地产 -> 建设工程
《建筑电气工程施工质量验收规范》,建设工程与房地产,建设工程,分类拆分: 建设工程与房地产 -> 建设工程
《建筑深基坑工程施工安全技术规范》,建设工程与房地产,建设工程,分类拆分: 建设工程与房地产 -> 建设工程
《建筑机械施工安全》,建设工程与房地产,建设工程,分类拆分: 建设工程与房地产 -> 建设工程
《建筑施工高处作业安全技术规范》,建设工程与房地产,建设工程,分类拆分: 建设工程与房地产 -> 建设工程
《建筑施工起重吊装安全技术规范》,建设工程与房地产,建设工程,分类拆分: 建设工程与房地产 -> 建设工程
《建筑施工脚手架安全技术统一标准》,建设工程与房地产,建设工程,分类拆分: 建设工程与房地产 -> 建设工程
《建筑施工碗扣式脚手架安全技术规范》,建设工程与房地产,建设工程,分类拆分: 建设工程与房地产 -> 建设工程
《建筑施工现场高处作业安全技术规范》,建设工程与房地产,建设工程,分类拆分: 建设工程与房地产 -> 建设工程
《建筑施工特种作业操作资格证》,建设工程与房地产,建设工程,分类拆分: 建设工程与房地产 -> 建设工程
《建筑施工特种作业人员管理规定》第四条,建设工程与房地产,建设工程,分类拆分: 建设工程与房地产 -> 建设工程
《建筑施工承插型盘扣式钢管脚手架安全技术标准》,建设工程与房地产,建设工程,分类拆分: 建设工程与房地产 -> 建设工程
《建筑施工承插型盘扣式钢管支架安全技术规程》,建设工程与房地产,建设工程,分类拆分: 建设工程与房地产 -> 建设工程
《重庆市建设工程安全生产管理办法》第四十二条,建设工程与房地产,建设工程,分类拆分: 建设工程与房地产 -> 建设工程
《重庆市建设工程安全生产管理办法》第四十一条第（四）项,建设工程与房地产,建设工程,分类拆分: 建设工程与房地产 -> 建设工程
《建筑施工作业劳动防护用品配备及使用标准》,建设工程与房地产,建设工程,分类拆分: 建设工程与房地产 -> 建设工程
《建筑施工作业劳动防护用品的配备及使用标准》,建设工程与房地产,建设工程,分类拆分: 建设工程与房地产 -> 建设工程
《建筑施工企业安全生产许可证管理规定》第四条第（六）项,建设工程与房地产,建设工程,分类拆分: 建设工程与房地产 -> 建设工程
《建筑施工企业安全生产许可证管理规定》第四条第（三）项,建设工程与房地产,建设工程,分类拆分: 建设工程与房地产 -> 建设工程
《建筑施工企业安全生产许可证管理规定》第四条第（一）项,建设工程与房地产,建设工程,分类拆分: 建设工程与房地产 -> 建设工程
《建筑施工企业安全生产许可证管理规定》第四条第六项、第十项和第十五条,建设工程与房地产,建设工程,分类拆分: 建设工程与房地产 -> 建设工程
《建筑施工企业安全生产许可证管理规定》第四条第三项和第十五条,建设工程与房地产,建设工程,分类拆分: 建设工程与房地产 -> 建设工程
《建筑施工企业安全生产许可证管理规定》第四条第一项和第十五条,建设工程与房地产,建设工程,分类拆分: 建设工程与房地产 -> 建设工程
《建筑施工企业安全生产许可证管理规定》第四条第(二)(六)(八)(九)(十一)项,建设工程与房地产,建设工程,分类拆分: 建设工程与房地产 -> 建设工程
《建筑施工企业安全生产许可证管理规定》第四条第(三)项,建设工程与房地产,建设工程,分类拆分: 建设工程与房地产 -> 建设工程
《建筑施工企业安全生产许可证管理规定》第四条第(一)项,建设工程与房地产,建设工程,分类拆分: 建设工程与房地产 -> 建设工程
《建筑施工企业安全生产许可证管理规定》第四条、第十五条,建设工程与房地产,建设工程,分类拆分: 建设工程与房地产 -> 建设工程
《建筑施工企业安全生产许可证管理规定》第四条,建设工程与房地产,建设工程,分类拆分: 建设工程与房地产 -> 建设工程
《建筑施工企业安全生产许可证管理规定》第二十三条和第二十八条,建设工程与房地产,建设工程,分类拆分: 建设工程与房地产 -> 建设工程
《重庆市城市房地产开发经营管理条例》第四十五条,建设工程与房地产,房地产/土地,分类拆分: 建设工程与房地产 -> 房地产/土地
《重庆市城市房地产开发经营管理条例》第十五条,建设工程与房地产,房地产/土地,分类拆分: 建设工程与房地产 -> 房地产/土地
《重庆市城市房地产开发经营管理条例》第二十六条,建设工程与房地产,房地产/土地,分类拆分: 建设工程与房地产 -> 房地产/土地
《建筑施工企业安全生产许可证管理规定》第二十三条,建设工程与房地产,建设工程,分类拆分: 建设工程与房地产 -> 建设工程
《建筑施工企业安全生产许可证管理规定》第四条第(六)项,建设工程与房地产,建设工程,分类拆分: 建设工程与房地产 -> 建设工程
《重庆市建设工程安全生产管理办法》第四十一条（二）、（六）项,建设工程与房地产,建设工程,分类拆分: 建设工程与房地产 -> 建设工程
《重庆市建设工程安全安全生产管理办法》第四十二条第四项,建设工程与房地产,建设工程,分类拆分: 建设工程与房地产 -> 建设工程
《重庆市建设工程安全生产管理办法》第289号）第二十八条,建设工程与房地产,建设工程,分类拆分: 建设工程与房地产 -> 建设工程
《重庆市建设工程安全生产管理办法》第四十一条第（六）项,建设工程与房地产,建设工程,分类拆分: 建设工程与房地产 -> 建设工程
《重庆市建设工程安全生产管理办法》第四十一条第（二）项,建设工程与房地产,建设工程,分类拆分: 建设工程与房地产 -> 建设工程
《重庆市建设工程安全生产管理办法》第四十一条第（一）项,建设工程与房地产,建设工程,分类拆分: 建设工程与房地产 -> 建设工程
《重庆市建设工程安全生产管理办法》第四十一条第四项的规定,建设工程与房地产,建设工程,分类拆分: 建设工程与房地产 -> 建设工程
《重庆市建设工程安全生产管理办法》第四十一条第四项,建设工程与房地产,建设工程,分类拆分: 建设工程与房地产 -> 建设工程
《重庆市建设工程安全生产管理办法》第十八条第三款、第十九条,建设工程与房地产,建设工程,分类拆分: 建设工程与房地产 -> 建设工程
《重庆市建设工程安全生产管理办法》第十八条第三款,建设工程与房地产,建设工程,分类拆分: 建设工程与房地产 -> 建设工程
《重庆市建设工程安全生产管理办法》第十八条、第十九条,建设工程与房地产,建设工程,分类拆分: 建设工程与房地产 -> 建设工程
《重庆市建设工程安全生产管理办法》第十八条,建设工程与房地产,建设工程,分类拆分: 建设工程与房地产 -> 建设工程
《重庆市建设工程安全生产管理办法》第十九条,建设工程与房地产,建设工程,分类拆分: 建设工程与房地产 -> 建设工程
《重庆市建设工程安全生产管理办法》,建设工程与房地产,建设工程,分类拆分: 建设工程与房地产 -> 建设工程
《重庆市建设工程安全生产管理办法》第十七条、第十八条、第二十一条,建设工程与房地产,建设工程,分类拆分: 建设工程与房地产 -> 建设工程
《重庆市建设工程安全生产管理办法》第十七条,建设工程与房地产,建设工程,分类拆分: 建设工程与房地产 -> 建设工程
《重庆市建设工程安全生产管理办法》第二十四条,建设工程与房地产,建设工程,分类拆分: 建设工程与房地产 -> 建设工程
《重庆市建设工程安全生产管理办法》第二十八条,建设工程与房地产,建设工程,分类拆分: 建设工程与房地产 -> 建设工程
《重庆市建设工程安全生产管理办法》第二十五条,建设工程与房地产,建设工程,分类拆分: 建设工程与房地产 -> 建设工程
《重庆市建设工程安全生产管理办法》第二十七条,建设工程与房地产,建设工程,分类拆分: 建设工程与房地产 -> 建设工程
《重庆市建设工程安全生产管理办法》第二十一条第二款,建设工程与房地产,建设工程,分类拆分: 建设工程与房地产 -> 建设工程
《重庆市建设工程安全生产管理办法》第二十一条,建设工程与房地产,建设工程,分类拆分: 建设工程与房地产 -> 建设工程
《重庆市建设工程安全生产管理办法》第三十九条,建设工程与房地产,建设工程,分类拆分: 建设工程与房地产 -> 建设工程
《重庆市建设工程安全生产管理办法》第十七条、第十八条,建设工程与房地产,建设工程,分类拆分: 建设工程与房地产 -> 建设工程
《建设工程质量管理条例》第五十七条,建设工程与房地产,建设工程,分类拆分: 建设工程与房地产 -> 建设工程
《昆明市建设工程项目施工现场安全监督管理办法》第三十三条,建设工程与房地产,建设工程,分类拆分: 建设工程与房地产 -> 建设工程
《无锡市建设工程文明施工管理办法》第四十六条第一款第六项,建设工程与房地产,建设工程,分类拆分: 建设工程与房地产 -> 建设工程
《无锡市建设工程文明施工管理办法》第二十九条第一款,建设工程与房地产,建设工程,分类拆分: 建设工程与房地产 -> 建设工程
《无锡市建设工程安全生产管理条例》第五十条第一款第一项,建设工程与房地产,安全生产,关键词覆盖: 安全生产管理条例 -> 安全生产
《无锡市建设工程安全生产管理条例》第二十八条第二款,建设工程与房地产,安全生产,关键词覆盖: 安全生产管理条例 -> 安全生产
《旋挖钻孔工程劳务分包施工合同》,建设工程与房地产,建设工程,分类拆分: 建设工程与房地产 -> 建设工程
《施工许可证》,建设工程与房地产,建设工程,分类拆分: 建设工程与房地产 -> 建设工程
《施工脚手架通用规范》,建设工程与房地产,建设工程,分类拆分: 建设工程与房地产 -> 建设工程
《施工组织设计（工程方案）》,建设工程与房地产,建设工程,分类拆分: 建设工程与房地产 -> 建设工程
《施工组织设计方案》,建设工程与房地产,建设工程,分类拆分: 建设工程与房地产 -> 建设工程
《施工组织设计/﹝专项﹞施工方案》,建设工程与房地产,建设工程,分类拆分: 建设工程与房地产 -> 建设工程
《施工班组增加工程现场签证单》,建设工程与房地产,建设工程,分类拆分: 建设工程与房地产 -> 建设工程
《施工现场高处作业安全操作规章制度》,建设工程与房地产,建设工程,分类拆分: 建设工程与房地产 -> 建设工程
《施工现场安全隐患限期整改通知单》,建设工程与房地产,建设工程,分类拆分: 建设工程与房地产 -> 建设工程
《施工现场关键岗位人员变更申请表》,建设工程与房地产,建设工程,分类拆分: 建设工程与房地产 -> 建设工程
《施工现场临时用电安全技术规范》,建设工程与房地产,建设工程,分类拆分: 建设工程与房地产 -> 建设工程
《施工现场临时用电安全技术规范》第8.3.8条第一款,建设工程与房地产,建设工程,分类拆分: 建设工程与房地产 -> 建设工程
《昆明市建设工程项目施工现场安全监督管理办法》第二十条第一款,建设工程与房地产,建设工程,分类拆分: 建设工程与房地产 -> 建设工程
《沟槽开挖专项施工组织设计方案》,建设工程与房地产,建设工程,分类拆分: 建设工程与房地产 -> 建设工程
《晋城市房屋市政工程生产安全重大隐患解除督办通知书》,建设工程与房地产,建设工程,分类拆分: 建设工程与房地产 -> 建设工程
《普陀区土地利用总体规划（2006年-2020年）（2013年调整完善版）》,建设工程与房地产,房地产/土地,分类拆分: 建设工程与房地产 -> 房地产/土地
《建筑工程施工许可管理办法》第十二条以及第十五条以及自由裁量的规定,建设工程与房地产,建设工程,分类拆分: 建设工程与房地产 -> 建设工程
《汽车加油站设计与施工规范》,建设工程与房地产,建设工程,分类拆分: 建设工程与房地产 -> 建设工程
《沂水创新山水水泥有限公司原材料钢板库改混凝土库施工合同》,建设工程与房地产,建设工程,分类拆分: 建设工程与房地产 -> 建设工程
《沂水创新山水水泥有限公司原材料钢板库改混凝土库施工安全协议》,建设工程与房地产,建设工程,分类拆分: 建设工程与房地产 -> 建设工程
《沂水创新山水水泥有限公司原材料钢板库改混凝土库施工方案》,建设工程与房地产,建设工程,分类拆分: 建设工程与房地产 -> 建设工程
《天津市建设工程施工安全管理条例》第四十八条第三项,建设工程与房地产,建设工程,分类拆分: 建设工程与房地产 -> 建设工程
《天津市建设工程文明施工管理规定》第二十九条,建设工程与房地产,建设工程,分类拆分: 建设工程与房地产 -> 建设工程
《施工现场临时用电安全技术规范》第8.2.10条第一款,建设工程与房地产,建设工程,分类拆分: 建设工程与房地产 -> 建设工程
《木工班组劳务施工协议》,建设工程与房地产,建设工程,分类拆分: 建设工程与房地产 -> 建设工程
《危险性较大的分部分项工程安全管理规定》第二十九条第(一)项、第(二)项,建设工程与房地产,建设工程,分类拆分: 建设工程与房地产 -> 建设工程
《危险性较大的分部分项工程安全管理规定》第三十五条第一款第(二)项,建设工程与房地产,建设工程,分类拆分: 建设工程与房地产 -> 建设工程
《曲靖市建设工程施工现场管理条例》第二章施工管理第十三条,建设工程与房地产,建设工程,分类拆分: 建设工程与房地产 -> 建设工程
《北京市建设工程质量条例》第八十七条第(一)项,建设工程与房地产,建设工程,分类拆分: 建设工程与房地产 -> 建设工程
《北京市建设工程质量条例》第八十一条第一款第(一)项,建设工程与房地产,建设工程,分类拆分: 建设工程与房地产 -> 建设工程
《北京市建设工程质量条例》第八十一条第(一)项,建设工程与房地产,建设工程,分类拆分: 建设工程与房地产 -> 建设工程
《北京市建设工程质量条例》第九十三条第一款,建设工程与房地产,建设工程,分类拆分: 建设工程与房地产 -> 建设工程
《沈腾 分包工程质量评定表（申请进度表）》,建设工程与房地产,建设工程,分类拆分: 建设工程与房地产 -> 建设工程
《施工方案》,建设工程与房地产,建设工程,分类拆分: 建设工程与房地产 -> 建设工程
《施工承包协议合同书》,建设工程与房地产,建设工程,分类拆分: 建设工程与房地产 -> 建设工程
《施工图设计文件》,建设工程与房地产,建设工程,分类拆分: 建设工程与房地产 -> 建设工程
《施工合同》,建设工程与房地产,建设工程,分类拆分: 建设工程与房地产 -> 建设工程
《施工单位资格报审表》,建设工程与房地产,建设工程,分类拆分: 建设工程与房地产 -> 建设工程
《施工单位工程质量管理人员配备表》,建设工程与房地产,建设工程,分类拆分: 建设工程与房地产 -> 建设工程
《新疆西水东引二期六标工程项目主洞明挖段及主洞钻爆段工程专业分包施工合同》,建设工程与房地产,建设工程,分类拆分: 建设工程与房地产 -> 建设工程
《新建商业服务业设施项目(湖北金控大厦)“7·24”一般高坠事故调查报告》,建设工程与房地产,建设工程,分类拆分: 建设工程与房地产 -> 建设工程
《新塍镇土地利用总体规划（2006年-2020年）》,建设工程与房地产,房地产/土地,分类拆分: 建设工程与房地产 -> 房地产/土地
《改管施工单》,建设工程与房地产,建设工程,分类拆分: 建设工程与房地产 -> 建设工程
《揭东区应急管理局办公楼装修装饰工程》,建设工程与房地产,建设工程,分类拆分: 建设工程与房地产 -> 建设工程
《河南华夏建安工程有限公司“8?8” 一般生产安全事故调查报告》,建设工程与房地产,建设工程,分类拆分: 建设工程与房地产 -> 建设工程
《河南华夏建安工程有限公司“8?8”一般生产安全事故调查报告》,建设工程与房地产,建设工程,分类拆分: 建设工程与房地产 -> 建设工程
《河南省城市房地产开发经营管理条例》第三十九条,建设工程与房地产,房地产/土地,分类拆分: 建设工程与房地产 -> 房地产/土地
《河南省城市房地产开发经营管理条例》第二十七条、第三十九条,建设工程与房地产,房地产/土地,分类拆分: 建设工程与房地产 -> 房地产/土地
《河南省城市房地产开发经营管理条例》第二十七条第三款,建设工程与房地产,房地产/土地,分类拆分: 建设工程与房地产 -> 房地产/土地
《河南省城市房地产开发经营管理条例》第二十八条第二款,建设工程与房地产,房地产/土地,分类拆分: 建设工程与房地产 -> 房地产/土地
《河南省城市房地产开发经营管理条例》第四十一条第一款,建设工程与房地产,房地产/土地,分类拆分: 建设工程与房地产 -> 房地产/土地
《拱墅区二调土地利用现状图》,建设工程与房地产,房地产/土地,分类拆分: 建设工程与房地产 -> 房地产/土地
《房屋建筑和市政基础设施工程设计文件审查合格书》,建设工程与房地产,建设工程,分类拆分: 建设工程与房地产 -> 建设工程
《房屋建筑和市政基础设施工程竣工验收备案管理办法》第四条,建设工程与房地产,建设工程,分类拆分: 建设工程与房地产 -> 建设工程
《河北省建设工程安全生产监督管理规定》第三十九条,建设工程与房地产,建设工程,分类拆分: 建设工程与房地产 -> 建设工程
《建筑工程施工许可管理办法》第十条、第十三条,建设工程与房地产,建设工程,分类拆分: 建设工程与房地产 -> 建设工程
《施工现场临时用电安全技术规范》第8.1.11条第二款,建设工程与房地产,建设工程,分类拆分: 建设工程与房地产 -> 建设工程
《施工现场临时用电安全技术规范》第7.2.1条第一款,建设工程与房地产,建设工程,分类拆分: 建设工程与房地产 -> 建设工程
《施工现场临时用电安全技术规范》第6.1.4条第12项,建设工程与房地产,建设工程,分类拆分: 建设工程与房地产 -> 建设工程
《施工现场临时用电安全技术规范》第5.2.1条第1款,建设工程与房地产,建设工程,分类拆分: 建设工程与房地产 -> 建设工程
《施工现场临时用电安全技术规范》第5.1.11条第一款第三项,建设工程与房地产,建设工程,分类拆分: 建设工程与房地产 -> 建设工程
《建筑施工企业主要负责人、项,建设工程与房地产,建设工程,分类拆分: 建设工程与房地产 -> 建设工程
《广东省建设工程质量管理条例》第四十六条的规定,建设工程与房地产,建设工程,分类拆分: 建设工程与房地产 -> 建设工程
《广东省建设工程质量管理条例》第四十六条,建设工程与房地产,建设工程,分类拆分: 建设工程与房地产 -> 建设工程
《桐庐县临时建设项目审批批复函》,建设工程与房地产,建设工程,分类拆分: 建设工程与房地产 -> 建设工程
《柳江区成团镇土地利用现状局部图》,建设工程与房地产,房地产/土地,分类拆分: 建设工程与房地产 -> 房地产/土地
《林州市宏森建设工程有限公司章程》,建设工程与房地产,建设工程,分类拆分: 建设工程与房地产 -> 建设工程
《杭州建设工程渣土管理办法》第十二条,建设工程与房地产,建设工程,分类拆分: 建设工程与房地产 -> 建设工程
《危险性较大的部分项工程安全管理规定》第三十五条,建设工程与房地产,建设工程,分类拆分: 建设工程与房地产 -> 建设工程
《危险性较大的分部分项工程安全管理规定》第三十五条第(二)项,建设工程与房地产,建设工程,分类拆分: 建设工程与房地产 -> 建设工程
《危险性较大的分部分项工程安全管理规定》第三十七条第(一)项,建设工程与房地产,建设工程,分类拆分: 建设工程与房地产 -> 建设工程
《杭州市建设工程渣土管理办法》第十四条,建设工程与房地产,建设工程,分类拆分: 建设工程与房地产 -> 建设工程
《杭州市建设工程渣土管理办法》第十二条,建设工程与房地产,建设工程,分类拆分: 建设工程与房地产 -> 建设工程
《杭州市建设工程渣土管理办法》第二十二条第（二）项,建设工程与房地产,建设工程,分类拆分: 建设工程与房地产 -> 建设工程
《杭州市建设工程渣土管理办法》第二十二条第(四)项,建设工程与房地产,建设工程,分类拆分: 建设工程与房地产 -> 建设工程
《杭州市建设工程渣土管理办法》第二十三条,建设工程与房地产,建设工程,分类拆分: 建设工程与房地产 -> 建设工程
《杭州市建设工程施工安全管理条例》第四十九条,建设工程与房地产,建设工程,分类拆分: 建设工程与房地产 -> 建设工程
《杭州市建设工程施工安全管理条例》第三十三条第（二）项,建设工程与房地产,建设工程,分类拆分: 建设工程与房地产 -> 建设工程
《上海市建设工程材料管理条例》第二十五条第一款第(一)项,建设工程与房地产,建设工程,分类拆分: 建设工程与房地产 -> 建设工程
《危险性较大分部分项工程安全管理规定》第二十九条第四款,建设工程与房地产,建设工程,分类拆分: 建设工程与房地产 -> 建设工程
《水利水电工程施工安全管理导则》,建设工程与房地产,建设工程,分类拆分: 建设工程与房地产 -> 建设工程
《水利水电工程施工合同》,建设工程与房地产,建设工程,分类拆分: 建设工程与房地产 -> 建设工程
《水利工程质量事故处理暂行规定》,建设工程与房地产,建设工程,分类拆分: 建设工程与房地产 -> 建设工程
《水利工程施工监理规范》,建设工程与房地产,建设工程,分类拆分: 建设工程与房地产 -> 建设工程
《水利工程建设监理规定》第十条第二款,建设工程与房地产,建设工程,分类拆分: 建设工程与房地产 -> 建设工程
《水利工程建设监理规定》第三十条第一款,建设工程与房地产,建设工程,分类拆分: 建设工程与房地产 -> 建设工程
《水利工程建设安全生产管理规定》,建设工程与房地产,建设工程,分类拆分: 建设工程与房地产 -> 建设工程
第八工程局有限公司涉嫌未根据《生产建设项,建设工程与房地产,建设工程,分类拆分: 建设工程与房地产 -> 建设工程
第二建筑工程有限公司签订《委托施工合同》,建设工程与房地产,建设工程,分类拆分: 建设工程与房地产 -> 建设工程
第二建筑工程有限公司未按照《危险性较大的分部分项,建设工程与房地产,建设工程,分类拆分: 建设工程与房地产 -> 建设工程
《建设工程质量检测管理办法》第四十七条第三项,建设工程与房地产,建设工程,分类拆分: 建设工程与房地产 -> 建设工程
第一建设工程有限责任公司涉嫌未根据《生产建设项,建设工程与房地产,建设工程,分类拆分: 建设工程与房地产 -> 建设工程
第37号令》危险性较大的分部分项工程安全管理规定第三十五条第二款,建设工程与房地产,建设工程,分类拆分: 建设工程与房地产 -> 建设工程
现依据《建筑工程施工许可管理办法》第十二条,建设工程与房地产,建设工程,分类拆分: 建设工程与房地产 -> 建设工程
《武汉市建设工程文明施工管理办法》第十四条第一款及第十五条,建设工程与房地产,建设工程,分类拆分: 建设工程与房地产 -> 建设工程
《武汉市建设工程文明施工管理办法》第六条,建设工程与房地产,建设工程,分类拆分: 建设工程与房地产 -> 建设工程
《武汉市建设工程安全生产管理办法》第五条,建设工程与房地产,建设工程,分类拆分: 建设工程与房地产 -> 建设工程
《武汉市建设工程安全生产管理办法》,建设工程与房地产,建设工程,分类拆分: 建设工程与房地产 -> 建设工程
《建设工程质量管理条例》第六十二条,建设工程与房地产,建设工程,分类拆分: 建设工程与房地产 -> 建设工程
《建设工程质量管理条例》第五十六条第四款,建设工程与房地产,建设工程,分类拆分: 建设工程与房地产 -> 建设工程
《建设工程质量管理条例》第五十六条第一款第(四)项,建设工程与房地产,建设工程,分类拆分: 建设工程与房地产 -> 建设工程
《建设工程质量管理条例》第五十八条,建设工程与房地产,建设工程,分类拆分: 建设工程与房地产 -> 建设工程
第37号令》危险性较大的分部分项工程安全管理规定第十七条,建设工程与房地产,建设工程,分类拆分: 建设工程与房地产 -> 建设工程
《房屋建筑和市政基础设施工程竣工验收备案管理办法》第五条,建设工程与房地产,建设工程,分类拆分: 建设工程与房地产 -> 建设工程
《杭州市建设工程文明施工管理规定》第十六条第一款,建设工程与房地产,建设工程,分类拆分: 建设工程与房地产 -> 建设工程
《杭州市建设工程文明施工管理规定》,建设工程与房地产,建设工程,分类拆分: 建设工程与房地产 -> 建设工程
《房地产开发企业资质管理规定》第二十四条,建设工程与房地产,房地产/土地,分类拆分: 建设工程与房地产 -> 房地产/土地
《成都市建设施工现场管理条例》第四十五条第一款的规定,建设工程与房地产,建设工程,分类拆分: 建设工程与房地产 -> 建设工程
《成都市建设施工现场管理条例》第四十五条第一款,建设工程与房地产,建设工程,分类拆分: 建设工程与房地产 -> 建设工程
《建设项目安全设施“三同时”监督管理办法》第三十条第一款,建设工程与房地产,建设工程,分类拆分: 建设工程与房地产 -> 建设工程
《建设工程质量管理条例》第六十四条,建设工程与房地产,建设工程,分类拆分: 建设工程与房地产 -> 建设工程
《建设工程质量管理条例》第六十四条的规定,建设工程与房地产,建设工程,分类拆分: 建设工程与房地产 -> 建设工程
《建设工程质量管理条例》第六十五条,建设工程与房地产,建设工程,分类拆分: 建设工程与房地产 -> 建设工程
《建设工程质量管理条例》第六十二条第一款的规定,建设工程与房地产,建设工程,分类拆分: 建设工程与房地产 -> 建设工程
《建设工程质量管理条例》第六十二条第一款,建设工程与房地产,建设工程,分类拆分: 建设工程与房地产 -> 建设工程
《房地产开发企业资质管理规定》第十九条,建设工程与房地产,房地产/土地,分类拆分: 建设工程与房地产 -> 房地产/土地
《建设工程质量管理条例》第六十九条第一款的规定,建设工程与房地产,建设工程,分类拆分: 建设工程与房地产 -> 建设工程
《建设工程质量管理条例》第五十六条第八项,建设工程与房地产,建设工程,分类拆分: 建设工程与房地产 -> 建设工程
《建设工程质量管理条例》第五十六条第(六)项之规定,建设工程与房地产,建设工程,分类拆分: 建设工程与房地产 -> 建设工程
《建设工程质量管理条例》第五十六条,建设工程与房地产,建设工程,分类拆分: 建设工程与房地产 -> 建设工程
《建设工程质量管理条例》第五十八条第一项,建设工程与房地产,建设工程,分类拆分: 建设工程与房地产 -> 建设工程
《建设工程质量管理条例》第五十八条第(一)项,建设工程与房地产,建设工程,分类拆分: 建设工程与房地产 -> 建设工程
《建设工程质量管理条,建设工程与房地产,建设工程,分类拆分: 建设工程与房地产 -> 建设工程
《杭州市建设工程文明施工管理规定》第三十三条第七项,建设工程与房地产,建设工程,分类拆分: 建设工程与房地产 -> 建设工程
《机电安装工程承包合同》,建设工程与房地产,建设工程,分类拆分: 建设工程与房地产 -> 建设工程
《杭州市临时建设工程规划许可证》,建设工程与房地产,建设工程,分类拆分: 建设工程与房地产 -> 建设工程
《杭州市工程建设管理行政处罚裁量规则》,建设工程与房地产,建设工程,分类拆分: 建设工程与房地产 -> 建设工程
《中华人民共和国建筑施工场界噪声值》,建设工程与房地产,建设工程,分类拆分: 建设工程与房地产 -> 建设工程
《中华人民共和国建筑施工场界噪声排放标准》,建设工程与房地产,建设工程,分类拆分: 建设工程与房地产 -> 建设工程
《中华人民共和国建筑施工场界噪声限值》,建设工程与房地产,建设工程,分类拆分: 建设工程与房地产 -> 建设工程
《中华人民共和国建筑法》第六十七条第一款、建设工程质量管理条例》第六十二条第一款,建设工程与房地产,建设工程,分类拆分: 建设工程与房地产 -> 建设工程
《重庆市建设工程安全生产管理办法》第四十二条第三项,建设工程与房地产,建设工程,分类拆分: 建设工程与房地产 -> 建设工程
《中华人民共和国房地产开发企业资质证书》,建设工程与房地产,房地产/土地,分类拆分: 建设工程与房地产 -> 房地产/土地
《江苏省房屋建筑和市政基础设施工程危险性较大的分部分项工程安全管理实施细则》,建设工程与房地产,建设工程,分类拆分: 建设工程与房地产 -> 建设工程
《江苏省房屋建筑和市政基础设施工程质量监督管理办法》,建设工程与房地产,建设工程,分类拆分: 建设工程与房地产 -> 建设工程
《杭州五洲国际广场膜结构工程最终报价汇总表》,建设工程与房地产,建设工程,分类拆分: 建设工程与房地产 -> 建设工程
《江苏省房屋建筑和市政基础设施工程质量监督管理办法》第89号）第十九条,建设工程与房地产,建设工程,分类拆分: 建设工程与房地产 -> 建设工程
《江苏省房屋建筑和市政基础设施工程质量监督管理办法》第二十五条第(四)项,建设工程与房地产,建设工程,分类拆分: 建设工程与房地产 -> 建设工程
《江苏省房屋建筑和市政基础设施工程质量监督管理办法》第二十五条第一项、第二项,建设工程与房地产,建设工程,分类拆分: 建设工程与房地产 -> 建设工程
《江苏省房屋建筑和市政基础设施工程质量监督管理办法》第十九条,建设工程与房地产,建设工程,分类拆分: 建设工程与房地产 -> 建设工程
《江苏省房屋建筑和市政基础设施工程质量监督管理办法》第十九条第(五)项,建设工程与房地产,建设工程,分类拆分: 建设工程与房地产 -> 建设工程
《江苏省房屋建筑和市政基础设施工程质量监督管理办法》第十九条第一项,建设工程与房地产,建设工程,分类拆分: 建设工程与房地产 -> 建设工程
《江苏省房屋建筑和市政基础设施工程质量监督管理办法》第十九条第（一）项,建设工程与房地产,建设工程,分类拆分: 建设工程与房地产 -> 建设工程
《江西省人民防空工程管理办法》第三十三条,建设工程与房地产,建设工程,分类拆分: 建设工程与房地产 -> 建设工程
《江西省人民防空工程管理办法》第二十七条,建设工程与房地产,建设工程,分类拆分: 建设工程与房地产 -> 建设工程
《江西省住房和城乡建设厅“关于通报建筑施工生产安全事故的函》,建设工程与房地产,建设工程,分类拆分: 建设工程与房地产 -> 建设工程
《杭州市土地利用总体规划（2006—2020年）》,建设工程与房地产,房地产/土地,分类拆分: 建设工程与房地产 -> 房地产/土地
《江苏省房屋建筑和市政基础设施工程质量监督管理办法》第二十五条,建设工程与房地产,建设工程,分类拆分: 建设工程与房地产 -> 建设工程
《房屋建筑和市政基础设施工程施工图设计文件审查管理办法》第十五条,建设工程与房地产,建设工程,分类拆分: 建设工程与房地产 -> 建设工程
《房屋建筑和市政基础设施工程施工图设计文件审查管理办法》第十一条,建设工程与房地产,建设工程,分类拆分: 建设工程与房地产 -> 建设工程
《房屋建筑和市政基础设施工程施工图设计文件审查管理办法》第二十四条,建设工程与房地产,建设工程,分类拆分: 建设工程与房地产 -> 建设工程
《建设工程质量管理条例》第十三条的规定,建设工程与房地产,建设工程,分类拆分: 建设工程与房地产 -> 建设工程
《建设工程质量管理条例》第十三条、第十六条,建设工程与房地产,建设工程,分类拆分: 建设工程与房地产 -> 建设工程
《建设工程质量管理条例》第十三条,建设工程与房地产,建设工程,分类拆分: 建设工程与房地产 -> 建设工程
《建设工程质量管理条例》第十一条第二款的规定,建设工程与房地产,建设工程,分类拆分: 建设工程与房地产 -> 建设工程
《建设工程质量管理条例》第十一条第二款和第五十六条第四款,建设工程与房地产,建设工程,分类拆分: 建设工程与房地产 -> 建设工程
《建设工程质量管理条例》第十一条第二款之规定,建设工程与房地产,建设工程,分类拆分: 建设工程与房地产 -> 建设工程
《建设工程质量管理条例》第十一条第二款,建设工程与房地产,建设工程,分类拆分: 建设工程与房地产 -> 建设工程
《建设工程质量管理条例》第十一条,建设工程与房地产,建设工程,分类拆分: 建设工程与房地产 -> 建设工程
《建设工程质量管理条例》第十九条第一款,建设工程与房地产,建设工程,分类拆分: 建设工程与房地产 -> 建设工程
《建设工程质量管理条例》第六十四条、第七十三条,建设工程与房地产,建设工程,分类拆分: 建设工程与房地产 -> 建设工程
《建设工程质量管理条例》第六十六条,建设工程与房地产,建设工程,分类拆分: 建设工程与房地产 -> 建设工程
《建设工程质量管理条例》第六十条,建设工程与房地产,建设工程,分类拆分: 建设工程与房地产 -> 建设工程
《建设工程质量管理条例》第六十二条第一款之规定,建设工程与房地产,建设工程,分类拆分: 建设工程与房地产 -> 建设工程
《建设工程质量管理条例》第十五条第二款之规定,建设工程与房地产,建设工程,分类拆分: 建设工程与房地产 -> 建设工程
《建设工程质量管理条例》第十六条,建设工程与房地产,建设工程,分类拆分: 建设工程与房地产 -> 建设工程
《建设项目安全设施“三同时”监督管理办法》第七条,建设工程与房地产,建设工程,分类拆分: 建设工程与房地产 -> 建设工程
《建设项目安全设施“三同时”监督管理办法》第36号）第九条、第十条第一款、第十六条、第二十三条第一款,建设工程与房地产,建设工程,分类拆分: 建设工程与房地产 -> 建设工程
《建设项目安全设施“三同时”监督管理办法》第36号）第三十条第（一）项、第（二）项、第（四）项,建设工程与房地产,建设工程,分类拆分: 建设工程与房地产 -> 建设工程
《建设项目安全设施“三同时”监督管理办法》第36号,建设工程与房地产,建设工程,分类拆分: 建设工程与房地产 -> 建设工程
《建设项目安全设施“三同时”监督管理办法》,建设工程与房地产,建设工程,分类拆分: 建设工程与房地产 -> 建设工程
《建设项目安全设施‘三同时’监督管理办法》第二十三条第一款,建设工程与房地产,建设工程,分类拆分: 建设工程与房地产 -> 建设工程
《建设施工起重吊装安全技术规范》,建设工程与房地产,建设工程,分类拆分: 建设工程与房地产 -> 建设工程
《建设工程项目劳务承包责任书》,建设工程与房地产,建设工程,分类拆分: 建设工程与房地产 -> 建设工程
《建设工程造价评估报告书》,建设工程与房地产,建设工程,分类拆分: 建设工程与房地产 -> 建设工程
《建设工程造价咨询合同》,建设工程与房地产,建设工程,分类拆分: 建设工程与房地产 -> 建设工程
《建设工程质量管理条例》第四十九条第一款,建设工程与房地产,建设工程,分类拆分: 建设工程与房地产 -> 建设工程
《建设工程质量管理条例》第四十九条,建设工程与房地产,建设工程,分类拆分: 建设工程与房地产 -> 建设工程
《建设工程质量管理条例》第十六条第二款,建设工程与房地产,建设工程,分类拆分: 建设工程与房地产 -> 建设工程
《建设工程质量管理条例》第十六条第三款,建设工程与房地产,建设工程,分类拆分: 建设工程与房地产 -> 建设工程
《建设工程质量管理条例》第十六条第一款的规定,建设工程与房地产,建设工程,分类拆分: 建设工程与房地产 -> 建设工程
《建设工程质量管理条例》第十六条第一款,建设工程与房地产,建设工程,分类拆分: 建设工程与房地产 -> 建设工程
《建设工程质量管理条例》第十六条的规定,建设工程与房地产,建设工程,分类拆分: 建设工程与房地产 -> 建设工程
《建设工程质量管理条例》第十六条之规定,建设工程与房地产,建设工程,分类拆分: 建设工程与房地产 -> 建设工程
《建设工程质量管理条例》第四十九条第一款之规定,建设工程与房地产,建设工程,分类拆分: 建设工程与房地产 -> 建设工程
《建设项目安全设施“三同时”监督管理办法》第七条第(一)项、第(二)项、第(三)项和第(四)项,建设工程与房地产,建设工程,分类拆分: 建设工程与房地产 -> 建设工程
《建设工程质量管理条例》第五十八条第一款的规定,建设工程与房地产,建设工程,分类拆分: 建设工程与房地产 -> 建设工程
《建设工程质量管理条例》第五十八条第一款,建设工程与房地产,建设工程,分类拆分: 建设工程与房地产 -> 建设工程
《建设工程质量管理条例》第五十八条第1款,建设工程与房地产,建设工程,分类拆分: 建设工程与房地产 -> 建设工程
《建设工程质量管理条例》第五十五条,建设工程与房地产,建设工程,分类拆分: 建设工程与房地产 -> 建设工程
《建设工程质量管理条例》第五十七条和第七十三条,建设工程与房地产,建设工程,分类拆分: 建设工程与房地产 -> 建设工程
《建设工程质量管理条例》第五十七条及第七十三条,建设工程与房地产,建设工程,分类拆分: 建设工程与房地产 -> 建设工程
《建设工程质量管理条例》第五十七条)的规定,建设工程与房地产,建设工程,分类拆分: 建设工程与房地产 -> 建设工程
《建设工程质量管理条例》第五十八条第一项、第七十三条,建设工程与房地产,建设工程,分类拆分: 建设工程与房地产 -> 建设工程
《建设工程质量管理条例》第五十八条第（一）款,建设工程与房地产,建设工程,分类拆分: 建设工程与房地产 -> 建设工程
《建设工程质量管理条例》第六十三条第一项,建设工程与房地产,建设工程,分类拆分: 建设工程与房地产 -> 建设工程
《建设工程质量管理条例》第六十七条第（一）项,建设工程与房地产,建设工程,分类拆分: 建设工程与房地产 -> 建设工程
《建设工程质量管理条例》第六十七条第(二)项,建设工程与房地产,建设工程,分类拆分: 建设工程与房地产 -> 建设工程
《建设工程质量管理条例》第六十一条,建设工程与房地产,建设工程,分类拆分: 建设工程与房地产 -> 建设工程
《建设工程质量管理条例》第五十六条第（四）项、第（六）项,建设工程与房地产,建设工程,分类拆分: 建设工程与房地产 -> 建设工程
《建设工程质量管理条例》第五十六条第（八）项,建设工程与房地产,建设工程,分类拆分: 建设工程与房地产 -> 建设工程
《建设工程质量管理条例》第五十六条第六项,建设工程与房地产,建设工程,分类拆分: 建设工程与房地产 -> 建设工程
《建设工程质量管理条例》第五十六条第六款,建设工程与房地产,建设工程,分类拆分: 建设工程与房地产 -> 建设工程
《建设工程质量管理条例》第五十六条第(四)、(六)项,建设工程与房地产,建设工程,分类拆分: 建设工程与房地产 -> 建设工程
《建设工程质量管理条例》第五十六条第(六)项,建设工程与房地产,建设工程,分类拆分: 建设工程与房地产 -> 建设工程
《建设工程质量管理条例》第五十六条、第五十八条,建设工程与房地产,建设工程,分类拆分: 建设工程与房地产 -> 建设工程
《建设工程质量管理条例》第五十八条第（一）项,建设工程与房地产,建设工程,分类拆分: 建设工程与房地产 -> 建设工程
《建筑工程施工许可管理办法》第91号令）第10条、13条)的规定,建设工程与房地产,建设工程,分类拆分: 建设工程与房地产 -> 建设工程
《建设项目安全设施“三同时”监督管理办法》第七条第(六)项,建设工程与房地产,建设工程,分类拆分: 建设工程与房地产 -> 建设工程
《建设项目安全设施“三同时”监督管理办法》第三十条,建设工程与房地产,建设工程,分类拆分: 建设工程与房地产 -> 建设工程
《注册监理工程师管理规定》,建设工程与房地产,建设工程,分类拆分: 建设工程与房地产 -> 建设工程
《注册监理工程师管理规定》第三十一条第七款,建设工程与房地产,建设工程,分类拆分: 建设工程与房地产 -> 建设工程
《注册监理工程师管理规定》第二十六条、第三十一条,建设工程与房地产,建设工程,分类拆分: 建设工程与房地产 -> 建设工程
《注册监理工程师管理规定》第二十六条、第三十一条的规定,建设工程与房地产,建设工程,分类拆分: 建设工程与房地产 -> 建设工程
《房地产全程策划及顾问合同》,建设工程与房地产,房地产/土地,分类拆分: 建设工程与房地产 -> 房地产/土地
《房地产借款合同》,建设工程与房地产,房地产/土地,分类拆分: 建设工程与房地产 -> 房地产/土地
《房地产估价机构管理办法》第三十三条第四款,建设工程与房地产,房地产/土地,分类拆分: 建设工程与房地产 -> 房地产/土地
《房地产估价报告》,建设工程与房地产,房地产/土地,分类拆分: 建设工程与房地产 -> 房地产/土地
《房地产价值咨询报告》,建设工程与房地产,房地产/土地,分类拆分: 建设工程与房地产 -> 房地产/土地
《房地产他项权证》,建设工程与房地产,房地产/土地,分类拆分: 建设工程与房地产 -> 房地产/土地
《注册建造师执业工程规模标准》,建设工程与房地产,建设工程,分类拆分: 建设工程与房地产 -> 建设工程
《洪合镇土地利用总体规划（2006-2020年）》,建设工程与房地产,房地产/土地,分类拆分: 建设工程与房地产 -> 房地产/土地
《中信地产海南公司三亚吉阳镇项目建设工程设计合同》,建设工程与房地产,建设工程,分类拆分: 建设工程与房地产 -> 建设工程
《济南市钢城区人民政府关于对〈钢城区“6?2”莱芜钢铁集团建筑安装工程有限公司一般起重伤害事故调查报告〉的批复》,建设工程与房地产,建设工程,分类拆分: 建设工程与房地产 -> 建设工程
《浏阳市北盛镇土地利用总体规划(2006—2020年)》,建设工程与房地产,房地产/土地,分类拆分: 建设工程与房地产 -> 房地产/土地
《浏阳市沿溪镇土地利用总体规划(2006—2020年)》,建设工程与房地产,房地产/土地,分类拆分: 建设工程与房地产 -> 房地产/土地
《浙江海龙新型建材有限公司FC轻质复合墙板生产线技改工程》,建设工程与房地产,建设工程,分类拆分: 建设工程与房地产 -> 建设工程
《成都市房屋建筑和市政基础设施工程施工安全监督管理规定》第十七条第一款,建设工程与房地产,建设工程,分类拆分: 建设工程与房地产 -> 建设工程
《成都市房屋建筑和市政基础设施工程施工安全监督管理规定》第九条,建设工程与房地产,建设工程,分类拆分: 建设工程与房地产 -> 建设工程
《成都市建设施工现场管理条例》第四十四条第二款,建设工程与房地产,建设工程,分类拆分: 建设工程与房地产 -> 建设工程
《成都市建设施工现场管理条例》第四十五条第二款,建设工程与房地产,建设工程,分类拆分: 建设工程与房地产 -> 建设工程
《成都市建设施工现场管理条例》第四十五条第三款:“违反本条例第三十五条,建设工程与房地产,建设工程,分类拆分: 建设工程与房地产 -> 建设工程
《济南市夜间建筑施工审批表》,建设工程与房地产,建设工程,分类拆分: 建设工程与房地产 -> 建设工程
《注册安全工程师管理规定》第六条第（一）款,建设工程与房地产,建设工程,分类拆分: 建设工程与房地产 -> 建设工程
《房地产开发企业资质管理规定》第三条第二款的规定,建设工程与房地产,房地产/土地,分类拆分: 建设工程与房地产 -> 房地产/土地
《房屋建筑和市政基础设施工程施工图设计文件审查管理办法》第二十四条第（七）项,建设工程与房地产,建设工程,分类拆分: 建设工程与房地产 -> 建设工程
《房屋建筑和市政基础设施工程施工分包管理办法》第十八条,建设工程与房地产,建设工程,分类拆分: 建设工程与房地产 -> 建设工程
《房屋建筑和市政基础设施工程施工分包管理办法》第九条,建设工程与房地产,建设工程,分类拆分: 建设工程与房地产 -> 建设工程
《房屋市政工程生产安全重大事故隐患判定标准(2022版)》第四条,建设工程与房地产,建设工程,分类拆分: 建设工程与房地产 -> 建设工程
《房屋市政工程生产安全重大事故隐患判定标准(2022版)》,建设工程与房地产,建设工程,分类拆分: 建设工程与房地产 -> 建设工程
《房屋市政工程生产安全重大事故隐患判定标准(2022)版》第八条第(一)项,建设工程与房地产,建设工程,分类拆分: 建设工程与房地产 -> 建设工程
《房屋市政工程生产安全重大事故隐患判定标准(2022)版》,建设工程与房地产,建设工程,分类拆分: 建设工程与房地产 -> 建设工程
《房屋土地权属调查报告书》,建设工程与房地产,房地产/土地,分类拆分: 建设工程与房地产 -> 房地产/土地
《房地产（土地）估价合同》,建设工程与房地产,房地产/土地,分类拆分: 建设工程与房地产 -> 房地产/土地
《房地产开发企业资质管理规定》,建设工程与房地产,房地产/土地,分类拆分: 建设工程与房地产 -> 房地产/土地
《房地产重置成本价值咨询报告》,建设工程与房地产,房地产/土地,分类拆分: 建设工程与房地产 -> 房地产/土地
《房地产经纪管理办法》第二十五条第五项,建设工程与房地产,房地产/土地,分类拆分: 建设工程与房地产 -> 房地产/土地
《房地产经纪管理办法》第三十三条第（三）项,建设工程与房地产,房地产/土地,分类拆分: 建设工程与房地产 -> 房地产/土地
《房地产测绘成果报告书》,建设工程与房地产,房地产/土地,分类拆分: 建设工程与房地产 -> 房地产/土地
《房地产权证》,建设工程与房地产,房地产/土地,分类拆分: 建设工程与房地产 -> 房地产/土地
《房地产开发资质等级证书》,建设工程与房地产,房地产/土地,分类拆分: 建设工程与房地产 -> 房地产/土地
《房地产开发企业资质证书》,建设工程与房地产,房地产/土地,分类拆分: 建设工程与房地产 -> 房地产/土地
《房地产开发企业资质管理规定》第十五条,建设工程与房地产,房地产/土地,分类拆分: 建设工程与房地产 -> 房地产/土地
《房地产开发企业资质管理规定》第六条,建设工程与房地产,房地产/土地,分类拆分: 建设工程与房地产 -> 房地产/土地
《房地产联合开发协议》,建设工程与房地产,房地产/土地,分类拆分: 建设工程与房地产 -> 房地产/土地
《建设项目安全设施“三同时”监督管理办法》第七条第十条,建设工程与房地产,建设工程,分类拆分: 建设工程与房地产 -> 建设工程
《成都市建设施工现场管理条例》第四十五条第一款:“违反本条例第二十条、第二十二条第二款,建设工程与房地产,建设工程,分类拆分: 建设工程与房地产 -> 建设工程
《成都市建设施工现场管理条例》第三十五条,建设工程与房地产,建设工程,分类拆分: 建设工程与房地产 -> 建设工程
《浙江省建筑施工安全管理规范》,建设工程与房地产,建设工程,分类拆分: 建设工程与房地产 -> 建设工程
《浙江省建设工程规划核实确认书》,建设工程与房地产,建设工程,分类拆分: 建设工程与房地产 -> 建设工程
《专项施工方案》,建设工程与房地产,建设工程,分类拆分: 建设工程与房地产 -> 建设工程
《建设项目安全设施三同时监督管理办法》第十五条第（一）项,建设工程与房地产,建设工程,分类拆分: 建设工程与房地产 -> 建设工程
《建设项目安全设施三同时监督管理办法》,建设工程与房地产,建设工程,分类拆分: 建设工程与房地产 -> 建设工程
《建设项目安全设施“三同时”监督管理暂行办法》第十条第一款,建设工程与房地产,建设工程,分类拆分: 建设工程与房地产 -> 建设工程
《建设项目安全设施“三同时”监督管理暂行办法》第三十条第(一)项,建设工程与房地产,建设工程,分类拆分: 建设工程与房地产 -> 建设工程
《建设项目安全设施“三同时”监督管理暂行办法》,建设工程与房地产,建设工程,分类拆分: 建设工程与房地产 -> 建设工程
《建设项目安全设施“三同时”监督管理办法》第四条,建设工程与房地产,建设工程,分类拆分: 建设工程与房地产 -> 建设工程
《浙江省工程领域行政处罚裁量基准》,建设工程与房地产,建设工程,分类拆分: 建设工程与房地产 -> 建设工程
《建设项目安全设施“三同时”监督管理办法》第十条第一款,建设工程与房地产,建设工程,分类拆分: 建设工程与房地产 -> 建设工程
《建设项目安全设施“三同时”监督管理办法》第十条的规定,建设工程与房地产,建设工程,分类拆分: 建设工程与房地产 -> 建设工程
《建设项目安全设施“三同时”监督管理办法》第十四条第一款第二项,建设工程与房地产,建设工程,分类拆分: 建设工程与房地产 -> 建设工程
《建设项目安全设施“三同时”监督管理办法》第十六条,建设工程与房地产,建设工程,分类拆分: 建设工程与房地产 -> 建设工程
《建设项目安全设施“三同时”监督管理办法》第二十九条,建设工程与房地产,建设工程,分类拆分: 建设工程与房地产 -> 建设工程
《建设项目安全设施“三同时”监督管理办法》第二十三条第一款,建设工程与房地产,建设工程,分类拆分: 建设工程与房地产 -> 建设工程
《建设项目安全设施“三同时”监督管理办法》第三十条第（一）项,建设工程与房地产,建设工程,分类拆分: 建设工程与房地产 -> 建设工程
《建设项目安全设施“三同时”监督管理办法》第三十条第四项,建设工程与房地产,建设工程,分类拆分: 建设工程与房地产 -> 建设工程
《建设项目安全设施“三同时”监督管理办法》第三十条第一项,建设工程与房地产,建设工程,分类拆分: 建设工程与房地产 -> 建设工程
《建设项目安全设施“三同时”监督管理办法》第三十条第一款的规定,建设工程与房地产,建设工程,分类拆分: 建设工程与房地产 -> 建设工程
《成都市建设施工现场管理条例》第三十四条,建设工程与房地产,建设工程,分类拆分: 建设工程与房地产 -> 建设工程
《东莞市建设工程企业不良行为责令限期改正暨扣分通知书》,建设工程与房地产,建设工程,分类拆分: 建设工程与房地产 -> 建设工程
《建设项目管理条例》第二十八条,建设工程与房地产,建设工程,分类拆分: 建设工程与房地产 -> 建设工程
《成都市建设施工现场管理条例》第三十三条第三项,建设工程与房地产,建设工程,分类拆分: 建设工程与房地产 -> 建设工程
《成都市建设施工现场管理条例》第三十三条第一项,建设工程与房地产,建设工程,分类拆分: 建设工程与房地产 -> 建设工程
《成都市建设施工现场管理条例》第三十一条第一款,建设工程与房地产,建设工程,分类拆分: 建设工程与房地产 -> 建设工程
《成都市市政工程设施管理条例》第五十八条“违反本条例第二十二条,建设工程与房地产,建设工程,分类拆分: 建设工程与房地产 -> 建设工程
《成都市市政工程设施管理条例》第五十八条:“违反本条例第二十二条,建设工程与房地产,建设工程,分类拆分: 建设工程与房地产 -> 建设工程
《成都市市政工程设施管理条例》第五十七条,建设工程与房地产,建设工程,分类拆分: 建设工程与房地产 -> 建设工程
《成都市市政工程设施管理条例》第二十条第一项,建设工程与房地产,建设工程,分类拆分: 建设工程与房地产 -> 建设工程
《成都市市政工程设施管理条例》第二十条,建设工程与房地产,建设工程,分类拆分: 建设工程与房地产 -> 建设工程
《成都市市政工程设施管理条例》第二十二条第二项,建设工程与房地产,建设工程,分类拆分: 建设工程与房地产 -> 建设工程
《成都市市政工程设施管理条例》第二十二条第一款第二项,建设工程与房地产,建设工程,分类拆分: 建设工程与房地产 -> 建设工程
《东莞市建设工程安全生产、文明施工不良行为责令改正通知书》,建设工程与房地产,建设工程,分类拆分: 建设工程与房地产 -> 建设工程
《两江行政办公楼装修改建工程》,建设工程与房地产,建设工程,分类拆分: 建设工程与房地产 -> 建设工程
《成团镇土地利用总体规划2010-2020年》,建设工程与房地产,房地产/土地,分类拆分: 建设工程与房地产 -> 房地产/土地
《德城区“11·20”佰利·金湖湾四期建设项目一般高处坠落事故调查报告》,建设工程与房地产,建设工程,分类拆分: 建设工程与房地产 -> 建设工程
《彩钢房制作安装工程施工合同》,建设工程与房地产,建设工程,分类拆分: 建设工程与房地产 -> 建设工程
《建设项目选址意见书》,建设工程与房地产,建设工程,分类拆分: 建设工程与房地产 -> 建设工程
《建设项目试生产方案》,建设工程与房地产,建设工程,分类拆分: 建设工程与房地产 -> 建设工程
《建设项目设施“三同时”监督管理暂行办法》第十六条,建设工程与房地产,建设工程,分类拆分: 建设工程与房地产 -> 建设工程
《建设项目设施“三同时”监督管理暂行办法》第三十条第（一）项,建设工程与房地产,建设工程,分类拆分: 建设工程与房地产 -> 建设工程
《建设项目设施“三同时”监督管理办法》第十五条第一项,建设工程与房地产,建设工程,分类拆分: 建设工程与房地产 -> 建设工程
《建设项目管理条例》第二十条,建设工程与房地产,建设工程,分类拆分: 建设工程与房地产 -> 建设工程
《东部进风大巷探放水孔施工安全技术措施》,建设工程与房地产,建设工程,分类拆分: 建设工程与房地产 -> 建设工程
《建筑工程施工许可管理办法》第3条,建设工程与房地产,建设工程,分类拆分: 建设工程与房地产 -> 建设工程
《重庆市建设工程安全生产管理办法》第二十八条第一款,建设工程与房地产,建设工程,分类拆分: 建设工程与房地产 -> 建设工程
《建筑工程施工许可管理办法》第18号）第二条,建设工程与房地产,建设工程,分类拆分: 建设工程与房地产 -> 建设工程
《余姚市土地利用总体规划（2006-2020年）2014调整完善版》,建设工程与房地产,房地产/土地,分类拆分: 建设工程与房地产 -> 房地产/土地
《余姚市中心城区土地利用总体规划（2006-2020）》,建设工程与房地产,房地产/土地,分类拆分: 建设工程与房地产 -> 房地产/土地
《余姚市三七市镇土地利用总体规划（2006-2020年）》,建设工程与房地产,房地产/土地,分类拆分: 建设工程与房地产 -> 房地产/土地
《住房城乡建设部办公厅关于实施<危险性较大的分部分项工程安全管理规定〉有关问题的通知》,建设工程与房地产,建设工程,分类拆分: 建设工程与房地产 -> 建设工程
《住房和城乡建设部工程建设行政处罚裁量基准》,建设工程与房地产,建设工程,分类拆分: 建设工程与房地产 -> 建设工程
《住房和城乡建设部关于印发建筑工程施工发包与承包违法行为认定查处管理办法的通知》,建设工程与房地产,建设工程,分类拆分: 建设工程与房地产 -> 建设工程
《住宅涂料工程施工合同》,建设工程与房地产,建设工程,分类拆分: 建设工程与房地产 -> 建设工程
《山东省房屋建筑和市政工程质量监督管理办法》第五十条第四项,建设工程与房地产,建设工程,分类拆分: 建设工程与房地产 -> 建设工程
《山东省房屋建筑和市政工程质量监督管理办法》第十二条,建设工程与房地产,建设工程,分类拆分: 建设工程与房地产 -> 建设工程
《山东省房屋建筑和市政工程质量监督管理办法》第十二条第二款,建设工程与房地产,建设工程,分类拆分: 建设工程与房地产 -> 建设工程
《山东省房屋建筑和市政工程质量监督管理办法》第四十九条,建设工程与房地产,建设工程,分类拆分: 建设工程与房地产 -> 建设工程
《山东省房屋建筑和市政工程质量监督管理办法》第四十九条(一),建设工程与房地产,建设工程,分类拆分: 建设工程与房地产 -> 建设工程
《山东省房屋建筑和市政工程质量监督管理办法》第四十九条之规定,建设工程与房地产,建设工程,分类拆分: 建设工程与房地产 -> 建设工程
《山东省房屋建筑和市政工程质量监督管理办法》第五十条第四款,建设工程与房地产,建设工程,分类拆分: 建设工程与房地产 -> 建设工程
《山东省房屋建筑和市政工程质量监督管理办法》第四十九条第(四)项,建设工程与房地产,建设工程,分类拆分: 建设工程与房地产 -> 建设工程
《山东省房屋建筑和市政工程质量监督管理办法》第四十六条第一项,建设工程与房地产,建设工程,分类拆分: 建设工程与房地产 -> 建设工程
《山东省房屋建筑和市政工程质量监督管理办法》第四十六条（一）之规定,建设工程与房地产,建设工程,分类拆分: 建设工程与房地产 -> 建设工程
《上海市建设工程材料管理条例》第二十七条,建设工程与房地产,建设工程,分类拆分: 建设工程与房地产 -> 建设工程
《上海市建设工程材料管理条例》第十三条第一款的规定,建设工程与房地产,建设工程,分类拆分: 建设工程与房地产 -> 建设工程
《上海市建设工程材料管理条例》第十五条第一款,建设工程与房地产,建设工程,分类拆分: 建设工程与房地产 -> 建设工程
《上海市房地产权证》,建设工程与房地产,房地产/土地,分类拆分: 建设工程与房地产 -> 房地产/土地
《联饶镇光明农场棚户区职工宿舍楼建设项目》,建设工程与房地产,建设工程,分类拆分: 建设工程与房地产 -> 建设工程
《山东鹏润新材料有限公司年产1.65万吨功能精细化学品及硅烷偶联剂(一期工程I期)项目安全设施竣工验收安全评价报告》,建设工程与房地产,建设工程,分类拆分: 建设工程与房地产 -> 建设工程
《山西煤层气（天然气）管道工程站场球阀买卖合同》,建设工程与房地产,建设工程,分类拆分: 建设工程与房地产 -> 建设工程
《山西省人民防空工程建设条例》第十一条,建设工程与房地产,建设工程,分类拆分: 建设工程与房地产 -> 建设工程
《岩土工程施工勘察纲要》,建设工程与房地产,建设工程,分类拆分: 建设工程与房地产 -> 建设工程
《崇贤至东湖路连接线一期工程TJ02标支架现浇箱梁安全专项施工方案（K4+189.6-K8+150）》,建设工程与房地产,建设工程,分类拆分: 建设工程与房地产 -> 建设工程
《脚手架拆除施工方案》,建设工程与房地产,建设工程,分类拆分: 建设工程与房地产 -> 建设工程
《山东省房屋建筑和市政工程质量监督管理办法》第四十九条第三项,建设工程与房地产,建设工程,分类拆分: 建设工程与房地产 -> 建设工程
《佛山万科凌越商务中心桩基础工程劳务分包合同》,建设工程与房地产,建设工程,分类拆分: 建设工程与房地产 -> 建设工程
《山东省房屋建筑和市政工程质量监督管理办法》第五十条之规定,建设工程与房地产,建设工程,分类拆分: 建设工程与房地产 -> 建设工程
《山东省房屋建筑和市政工程质量监督管理办法》第五十条(三),建设工程与房地产,建设工程,分类拆分: 建设工程与房地产 -> 建设工程
《福建省建设工程监理文件管理规程》,建设工程与房地产,建设工程,分类拆分: 建设工程与房地产 -> 建设工程
《福建省建设工程质量检测机构资质证书》,建设工程与房地产,建设工程,分类拆分: 建设工程与房地产 -> 建设工程
<<工程建设推荐产品证书>>,建设工程与房地产,建设工程,分类拆分: 建设工程与房地产 -> 建设工程
《竖井滑模施工专项措施》,建设工程与房地产,建设工程,分类拆分: 建设工程与房地产 -> 建设工程
《预售许可证》,建设工程与房地产,建设工程,分类拆分: 建设工程与房地产 -> 建设工程
《第五师双河市关于对〈新疆双河工程建设有限责任公司“8·5”一般高处坠落事故调查报告〉的批复》,建设工程与房地产,建设工程,分类拆分: 建设工程与房地产 -> 建设工程
《第六督查组关于督查中发现建筑施工领域较大隐患的通报》,建设工程与房地产,建设工程,分类拆分: 建设工程与房地产 -> 建设工程
《绍兴市上虞区人民政府办公室关于江与城二期建安工程“5·29”高处坠落事故调查报告的批复》,建设工程与房地产,建设工程,分类拆分: 建设工程与房地产 -> 建设工程
《重庆市企业投资项目备案证》,建设工程与房地产,建设工程,分类拆分: 建设工程与房地产 -> 建设工程
《车间租赁合同》,建设工程与房地产,建设工程,分类拆分: 建设工程与房地产 -> 建设工程
《网站建设项目合同书》,建设工程与房地产,建设工程,分类拆分: 建设工程与房地产 -> 建设工程
《竣工验收备案表》,建设工程与房地产,建设工程,分类拆分: 建设工程与房地产 -> 建设工程
《山东省建设项目备案证明》,建设工程与房地产,建设工程,分类拆分: 建设工程与房地产 -> 建设工程
《山东省房屋建筑和市政工程施工许可管理办法》第五条,建设工程与房地产,建设工程,分类拆分: 建设工程与房地产 -> 建设工程
《山东省房屋建筑和市政工程施工许可管理办法》第十三条,建设工程与房地产,建设工程,分类拆分: 建设工程与房地产 -> 建设工程
《山东省房屋建筑和市政工程质量监督管理办法》,建设工程与房地产,建设工程,分类拆分: 建设工程与房地产 -> 建设工程
《山东省房屋建筑和市政工程质量监督管理办法》第21条,建设工程与房地产,建设工程,分类拆分: 建设工程与房地产 -> 建设工程
《山东省房屋建筑和市政工程质量监督管理办法》第三十三条,建设工程与房地产,建设工程,分类拆分: 建设工程与房地产 -> 建设工程
《山东省房屋建筑和市政工程质量监督管理办法》第三十五条第二款,建设工程与房地产,建设工程,分类拆分: 建设工程与房地产 -> 建设工程
《山东省房屋建筑和市政工程质量监督管理办法》第二十一条第一款,建设工程与房地产,建设工程,分类拆分: 建设工程与房地产 -> 建设工程
《山东省房屋建筑和市政工程质量监督管理办法》第二十三条,建设工程与房地产,建设工程,分类拆分: 建设工程与房地产 -> 建设工程
《山东省房屋建筑和市政工程质量监督管理办法》第二十三条第一款,建设工程与房地产,建设工程,分类拆分: 建设工程与房地产 -> 建设工程
《山东省房屋建筑和市政工程质量监督管理办法》第二十五条第二款,建设工程与房地产,建设工程,分类拆分: 建设工程与房地产 -> 建设工程
《山东省房屋建筑和市政工程质量监督管理办法》第二十八条,建设工程与房地产,建设工程,分类拆分: 建设工程与房地产 -> 建设工程
《山东省房屋建筑和市政工程质量监督管理办法》第五十五条第三项,建设工程与房地产,建设工程,分类拆分: 建设工程与房地产 -> 建设工程
《使用人防工程协议书》,建设工程与房地产,建设工程,分类拆分: 建设工程与房地产 -> 建设工程
《山东省房屋建筑和市政工程质量监督管理办法》第五十条,建设工程与房地产,建设工程,分类拆分: 建设工程与房地产 -> 建设工程
《自动化仪表工程施工及质量验收规范》,建设工程与房地产,建设工程,分类拆分: 建设工程与房地产 -> 建设工程
《山东房屋建筑和市政工程质量监督管理办法》第四十九条第三款、第四款,建设工程与房地产,建设工程,分类拆分: 建设工程与房地产 -> 建设工程
《自动喷水灭火系统施工及验收规范》,建设工程与房地产,建设工程,分类拆分: 建设工程与房地产 -> 建设工程
《工程竣工验收备案表》,建设工程与房地产,建设工程,分类拆分: 建设工程与房地产 -> 建设工程
《工程竣工验收报告》,建设工程与房地产,建设工程,分类拆分: 建设工程与房地产 -> 建设工程
《工程结算书》,建设工程与房地产,建设工程,分类拆分: 建设工程与房地产 -> 建设工程
《工程结算定案表》,建设工程与房地产,建设工程,分类拆分: 建设工程与房地产 -> 建设工程
《工程规划许可证》,建设工程与房地产,建设工程,分类拆分: 建设工程与房地产 -> 建设工程
《工程设计资质证书》,建设工程与房地产,建设工程,分类拆分: 建设工程与房地产 -> 建设工程
《工程质量安全整改通知书》,建设工程与房地产,建设工程,分类拆分: 建设工程与房地产 -> 建设工程
《工程质量监督手续》,建设工程与房地产,建设工程,分类拆分: 建设工程与房地产 -> 建设工程
《工程造价咨询企业管理办法》第十九条第三款,建设工程与房地产,建设工程,分类拆分: 建设工程与房地产 -> 建设工程
《工程造价咨询报告书》,建设工程与房地产,建设工程,分类拆分: 建设工程与房地产 -> 建设工程
《工程造价咨询评估报告书》,建设工程与房地产,建设工程,分类拆分: 建设工程与房地产 -> 建设工程
《工程预算书》,建设工程与房地产,建设工程,分类拆分: 建设工程与房地产 -> 建设工程
《浙江省建设用地许可证》,建设工程与房地产,建设工程,分类拆分: 建设工程与房地产 -> 建设工程
《工程材料、构配件、设备报审表》,建设工程与房地产,建设工程,分类拆分: 建设工程与房地产 -> 建设工程
《江苏省投资项目备案证》,建设工程与房地产,建设工程,分类拆分: 建设工程与房地产 -> 建设工程
《设计施工说明(一)》第二条第3项,建设工程与房地产,建设工程,分类拆分: 建设工程与房地产 -> 建设工程
《设计施工说明(二)》,建设工程与房地产,建设工程,分类拆分: 建设工程与房地产 -> 建设工程
《设计施工说明(二)》第四条第2项,建设工程与房地产,建设工程,分类拆分: 建设工程与房地产 -> 建设工程
《责令停止土地违法行为通知书》,建设工程与房地产,房地产/土地,分类拆分: 建设工程与房地产 -> 房地产/土地
《责令停止施工通知书》,建设工程与房地产,建设工程,分类拆分: 建设工程与房地产 -> 建设工程
《云南省水利工程管理条例》第三十六条第四项,建设工程与房地产,建设工程,分类拆分: 建设工程与房地产 -> 建设工程
《云南省建筑施工现场管理规定》第十八条,建设工程与房地产,建设工程,分类拆分: 建设工程与房地产 -> 建设工程
《云南省建筑施工现场管理规定》第九条,建设工程与房地产,建设工程,分类拆分: 建设工程与房地产 -> 建设工程
《投资项目备案证》,建设工程与房地产,建设工程,分类拆分: 建设工程与房地产 -> 建设工程
《房屋预售许可证》,建设工程与房地产,建设工程,分类拆分: 建设工程与房地产 -> 建设工程
《建设规划许可证》,建设工程与房地产,建设工程,分类拆分: 建设工程与房地产 -> 建设工程
《乳制品智能化生产项目建设工程施工合同》,建设工程与房地产,建设工程,分类拆分: 建设工程与房地产 -> 建设工程
《建设用地规范许可证》,建设工程与房地产,建设工程,分类拆分: 建设工程与房地产 -> 建设工程
《设计施工说明(一)》,建设工程与房地产,建设工程,分类拆分: 建设工程与房地产 -> 建设工程
《工程暂停令》,建设工程与房地产,建设工程,分类拆分: 建设工程与房地产 -> 建设工程
《工程施工合同》,建设工程与房地产,建设工程,分类拆分: 建设工程与房地产 -> 建设工程
《工程施工劳务分包合同》,建设工程与房地产,建设工程,分类拆分: 建设工程与房地产 -> 建设工程
《舟山市普陀区土地利用总体规划(2006年-2020年)2013年修改版》,建设工程与房地产,房地产/土地,分类拆分: 建设工程与房地产 -> 房地产/土地
《从化综合服务功能片区土地利用总体规划（2013-2020年）调整完善方案》,建设工程与房地产,房地产/土地,分类拆分: 建设工程与房地产 -> 房地产/土地
《仁怀宝翔行宝马4S店建设项目》,建设工程与房地产,建设工程,分类拆分: 建设工程与房地产 -> 建设工程
《人防工程改造许可》,建设工程与房地产,建设工程,分类拆分: 建设工程与房地产 -> 建设工程
《人防工程使用证》,建设工程与房地产,建设工程,分类拆分: 建设工程与房地产 -> 建设工程
《航空维修与工程》,建设工程与房地产,建设工程,分类拆分: 建设工程与房地产 -> 建设工程
《人民防空工程建设管理规定》,建设工程与房地产,建设工程,分类拆分: 建设工程与房地产 -> 建设工程
《艾普电器（嘉兴）有限公司建设项目》,建设工程与房地产,建设工程,分类拆分: 建设工程与房地产 -> 建设工程
《人工挖孔桩安全施工方案》,建设工程与房地产,建设工程,分类拆分: 建设工程与房地产 -> 建设工程
《苏州市建筑施工安全监督管理办法》第十八条,建设工程与房地产,建设工程,分类拆分: 建设工程与房地产 -> 建设工程
《苏州市建筑施工安全监督管理办法》第四十一条,建设工程与房地产,建设工程,分类拆分: 建设工程与房地产 -> 建设工程
《苹果园站公共区装修施工图设计说明（四）》,建设工程与房地产,建设工程,分类拆分: 建设工程与房地产 -> 建设工程
《莒县城阳街道城南片区古城南苑工地“12.6”一般高处坠落事故调查报告》,建设工程与房地产,建设工程,分类拆分: 建设工程与房地产 -> 建设工程
《萝北县团结镇人民政府_团结镇东风村建设集体经济增收项目》,建设工程与房地产,建设工程,分类拆分: 建设工程与房地产 -> 建设工程
《落地式脚手架安全专项施工方案》,建设工程与房地产,建设工程,分类拆分: 建设工程与房地产 -> 建设工程
《薄膜设备安装工程承包合同》,建设工程与房地产,建设工程,分类拆分: 建设工程与房地产 -> 建设工程
《衡山县永明长石瓷泥有限公司一工区露天开采工程初步设计说明书》,建设工程与房地产,建设工程,分类拆分: 建设工程与房地产 -> 建设工程
《工地陈华情况说明》,建设工程与房地产,建设工程,分类拆分: 建设工程与房地产 -> 建设工程
《衢应急〔2021〕23号关于对衢州碧桂园江湾半岛工程“11.29”高处坠落事故调查报告予以批复的请示》,建设工程与房地产,建设工程,分类拆分: 建设工程与房地产 -> 建设工程
《装配式混凝土结构工程安全专项施工方案》,建设工程与房地产,建设工程,分类拆分: 建设工程与房地产 -> 建设工程
《装饰装修工程结构安全评估报告》,建设工程与房地产,建设工程,分类拆分: 建设工程与房地产 -> 建设工程
《装饰装修工程质量验收标准》,建设工程与房地产,建设工程,分类拆分: 建设工程与房地产 -> 建设工程
《西三采区轨道巷修复施工安全技术措施》,建设工程与房地产,建设工程,分类拆分: 建设工程与房地产 -> 建设工程
《工程内部分包协议书》,建设工程与房地产,建设工程,分类拆分: 建设工程与房地产 -> 建设工程
《工程图纸》,建设工程与房地产,建设工程,分类拆分: 建设工程与房地产 -> 建设工程
《工程建设项目招标范围和规模标准规定》第七条,建设工程与房地产,建设工程,分类拆分: 建设工程与房地产 -> 建设工程
《工程建设项目招标范围和规模标准规定》第三条第一项、第七条第三项,建设工程与房地产,建设工程,分类拆分: 建设工程与房地产 -> 建设工程
《工程承包合同》,建设工程与房地产,建设工程,分类拆分: 建设工程与房地产 -> 建设工程
《工程承包合同书》,建设工程与房地产,建设工程,分类拆分: 建设工程与房地产 -> 建设工程
《自动喷水灭火系统施工及验收规范》第3.2.7条第5项,建设工程与房地产,建设工程,分类拆分: 建设工程与房地产 -> 建设工程
《建设用地规划许可证》,建设工程与房地产,建设工程,分类拆分: 建设工程与房地产 -> 建设工程
《屋面钢结构工程补充协议1》,建设工程与房地产,建设工程,分类拆分: 建设工程与房地产 -> 建设工程
《屋面工程质量验收规范》,建设工程与房地产,建设工程,分类拆分: 建设工程与房地产 -> 建设工程
《中华人民共和国土地管理实施条例》第四十二条,建设工程与房地产,房地产/土地,分类拆分: 建设工程与房地产 -> 房地产/土地
《中华人民共和国土地管理条例》第四十二条,建设工程与房地产,房地产/土地,分类拆分: 建设工程与房地产 -> 房地产/土地
《关于进一步规范房地产交易与收费管理的通知》,建设工程与房地产,房地产/土地,分类拆分: 建设工程与房地产 -> 房地产/土地
《关于贵阳至南宁高速铁路(环江段)GNZQ-2标段工程项目临时用地的批复》,建设工程与房地产,建设工程,分类拆分: 建设工程与房地产 -> 建设工程
《关于衢州碧桂园?江湾半岛工程“11?29”高处坠落事故调查报告的批复》,建设工程与房地产,建设工程,分类拆分: 建设工程与房地产 -> 建设工程
《关于莒县城阳街道城南片区古城南苑工地“12.6”一般高处坠落事故调查报告的批复》,建设工程与房地产,建设工程,分类拆分: 建设工程与房地产 -> 建设工程
《关于立即开展春节前滨海新区建设工程安全隐患排查整治工作》,建设工程与房地产,建设工程,分类拆分: 建设工程与房地产 -> 建设工程
《关于移送涉嫌未取得规划许可证擅自进行建设的项目移交函》,建设工程与房地产,建设工程,分类拆分: 建设工程与房地产 -> 建设工程
《关于移交广东石油化工学院化工类应用人才培养实践基地建设工程现场搅拌砂浆违规线索函》,建设工程与房地产,建设工程,分类拆分: 建设工程与房地产 -> 建设工程
《关于浙江九州建设工程有限公司安全生产条件复核情况的报告》,建设工程与房地产,建设工程,分类拆分: 建设工程与房地产 -> 建设工程
《关于浙江中库科技有限公司建设项目办理不动产权证的办前联合公告》第004号,建设工程与房地产,建设工程,分类拆分: 建设工程与房地产 -> 建设工程
《关于浙江中库科技有限公司建设项目办理不动产权证的办前联合公告》,建设工程与房地产,建设工程,分类拆分: 建设工程与房地产 -> 建设工程
《关于换证期间煤炭经营资格证延续使用的函》,建设工程与房地产,建设工程,分类拆分: 建设工程与房地产 -> 建设工程
《中华人民共和国土地管理实施条例》第5条,建设工程与房地产,房地产/土地,分类拆分: 建设工程与房地产 -> 房地产/土地
《关于开展工程渣土领域专项整治的通知》,建设工程与房地产,建设工程,分类拆分: 建设工程与房地产 -> 建设工程
《关于建设工程有关问题推送的函》,建设工程与房地产,建设工程,分类拆分: 建设工程与房地产 -> 建设工程
《关于广西路建工程集团有限责任公司单位涉嫌非法占用农用地罪的检察建议书》,建设工程与房地产,建设工程,分类拆分: 建设工程与房地产 -> 建设工程
《关于广东石油化工学院建设工程项目违规搅拌砂浆有关情况的说明》,建设工程与房地产,建设工程,分类拆分: 建设工程与房地产 -> 建设工程
《关于广东省管网改造工程斗门分输站项目用地及报建情况的复函》,建设工程与房地产,建设工程,分类拆分: 建设工程与房地产 -> 建设工程
《关于市中心城区建设项目违法违规案件线索移交函》,建设工程与房地产,建设工程,分类拆分: 建设工程与房地产 -> 建设工程
《关于寿宁城区建筑工程造价指标的复函》,建设工程与房地产,建设工程,分类拆分: 建设工程与房地产 -> 建设工程
《关于对衡水亿力工程橡胶机械制造有限公司等单位涉嫌损毁备份样品调查的报告》,建设工程与房地产,建设工程,分类拆分: 建设工程与房地产 -> 建设工程
《关于对汕尾市统宇建设工程有限公司安全生产条件核查情况的报告》,建设工程与房地产,建设工程,分类拆分: 建设工程与房地产 -> 建设工程
《关于对建筑施工安全事故责任单位及人员进行行政处罚的函》,建设工程与房地产,建设工程,分类拆分: 建设工程与房地产 -> 建设工程
《关于对嘉峪关源发工程机械有限公司等100户未履行年报公示义务企业确认开展经营活动的公告》,建设工程与房地产,建设工程,分类拆分: 建设工程与房地产 -> 建设工程
《关于对中王帝印建筑工程有限公司中梁百悦公馆项目部“1？6”触电死亡一般事故调查报告的批复》,建设工程与房地产,建设工程,分类拆分: 建设工程与房地产 -> 建设工程
《关于对中王帝印建筑工程有限公司中梁百悦公馆项目部“1?6”触电死亡一般事故调查报告的批复》,建设工程与房地产,建设工程,分类拆分: 建设工程与房地产 -> 建设工程
《关于宁阳城开·林溪郡(一标段)项目违法分包的函》第七建设集团有限公司施工的宁阳城开·林溪郡(一标段)项,建设工程与房地产,建设工程,分类拆分: 建设工程与房地产 -> 建设工程
《关于开展工程渣土专项整治活动的通知》,建设工程与房地产,建设工程,分类拆分: 建设工程与房地产 -> 建设工程
《关于限期禁止施工现场搅拌砂浆的通知》,建设工程与房地产,建设工程,分类拆分: 建设工程与房地产 -> 建设工程
《中华人民共和国土地管理实施条例》第42条,建设工程与房地产,房地产/土地,分类拆分: 建设工程与房地产 -> 房地产/土地
《关于龙华街道龙华大道与东环二路交叉口供水管抢修工程“4·30”淹溺死亡事故的调查报告》,建设工程与房地产,建设工程,分类拆分: 建设工程与房地产 -> 建设工程
《北京市住房和城乡建设委员会关于进一步规范北京市房屋建筑和市政基础设施工程施工发包承包活动的通知》,建设工程与房地产,建设工程,分类拆分: 建设工程与房地产 -> 建设工程
《北京市住房和城乡建设委员会关于对北京杰宝房地产开发有限责任公司涉嫌违法违规问题调查处理的函》,建设工程与房地产,房地产/土地,分类拆分: 建设工程与房地产 -> 房地产/土地
《北京市人防防空工程和普通地下室安全使用管理办法》第五条第一款第(二)项,建设工程与房地产,建设工程,分类拆分: 建设工程与房地产 -> 建设工程
《北京市人防防空工程和普通地下室安全使用管理办法》第二十一条第一款第(二)项,建设工程与房地产,建设工程,分类拆分: 建设工程与房地产 -> 建设工程
《北京市人民防空工程和普通地下室安全使用管理办法》第十五条第一款,建设工程与房地产,建设工程,分类拆分: 建设工程与房地产 -> 建设工程
《北京市人民防空工程和普通地下室安全使用管理办法》第五条第（一）项,建设工程与房地产,建设工程,分类拆分: 建设工程与房地产 -> 建设工程
《北京市人民防空工程和普通地下室安全使用管理办法》第五条第(二)项,建设工程与房地产,建设工程,分类拆分: 建设工程与房地产 -> 建设工程
《北京市人民防空工程和普通地下室安全使用管理办法》第二十四条,建设工程与房地产,建设工程,分类拆分: 建设工程与房地产 -> 建设工程
《北京市人民防空工程和普通地下室安全使用管理办法》,建设工程与房地产,建设工程,分类拆分: 建设工程与房地产 -> 建设工程
《北京市人民政府关于外地建筑企业来京施工管理暂行规定》第三条,建设工程与房地产,建设工程,分类拆分: 建设工程与房地产 -> 建设工程
《北京市人民政府关于外地建筑企业来京施工管理暂行规定》第七条,建设工程与房地产,建设工程,分类拆分: 建设工程与房地产 -> 建设工程
《北京地铁十四号线工程施工图设计》,建设工程与房地产,建设工程,分类拆分: 建设工程与房地产 -> 建设工程
《北京地铁17号线工程土建施工05合同段勇士营站附属结构围护桩工程专业分包合同》,建设工程与房地产,建设工程,分类拆分: 建设工程与房地产 -> 建设工程
《独立洗煤企业煤炭经营资格证》,建设工程与房地产,建设工程,分类拆分: 建设工程与房地产 -> 建设工程
《勘察设计施工总承包合同》,建设工程与房地产,建设工程,分类拆分: 建设工程与房地产 -> 建设工程
《王恒军班组（进度款）第一期工程形象进度确认单》,建设工程与房地产,建设工程,分类拆分: 建设工程与房地产 -> 建设工程
《王江泾镇土地利用总体规划（2006-2020年）》,建设工程与房地产,房地产/土地,分类拆分: 建设工程与房地产 -> 房地产/土地
《王江泾镇土地利用总体规划（2006年-2020年）》,建设工程与房地产,房地产/土地,分类拆分: 建设工程与房地产 -> 房地产/土地
《王江泾镇土地利用总体规划（2016-2020年）》,建设工程与房地产,房地产/土地,分类拆分: 建设工程与房地产 -> 房地产/土地
《甘肃省建设工程质量和建设工程安全生产管理条例》第三十一条,建设工程与房地产,安全生产,关键词覆盖: 安全生产管理条例 -> 安全生产
《甘肃省建设工程质量和建设工程安全生产管理条例》第三十二条,建设工程与房地产,安全生产,关键词覆盖: 安全生产管理条例 -> 安全生产
《甘肃省建设工程质量和建设工程安全生产管理条例》第三十条第一款,建设工程与房地产,安全生产,关键词覆盖: 安全生产管理条例 -> 安全生产
《甘肃省建设工程质量和建设工程安全生产管理条例》第二十一条第三款,建设工程与房地产,安全生产,关键词覆盖: 安全生产管理条例 -> 安全生产
《甘肃省建设工程质量和建设工程安全生产管理条例》第五十条,建设工程与房地产,安全生产,关键词覆盖: 安全生产管理条例 -> 安全生产
《甘肃省建设工程质量和建设工程安全生产管理条例》第四十九条第一款,建设工程与房地产,安全生产,关键词覆盖: 安全生产管理条例 -> 安全生产
《2011年下半年吉林省建筑工程质量安全成本指标》,建设工程与房地产,建设工程,分类拆分: 建设工程与房地产 -> 建设工程
《准予连续施工作业决定书》,建设工程与房地产,建设工程,分类拆分: 建设工程与房地产 -> 建设工程
《生产建设项目水土保持技术标准》,建设工程与房地产,建设工程,分类拆分: 建设工程与房地产 -> 建设工程
《中华人民共和国国有土地使用证》,建设工程与房地产,房地产/土地,分类拆分: 建设工程与房地产 -> 房地产/土地
《关于宁阳城开·林溪郡(一标段)项目违法分包的函》,建设工程与房地产,建设工程,分类拆分: 建设工程与房地产 -> 建设工程
《关于宁波南海化学有限公司60m3LNG气化站工程项目安全对策措施确认意见》,建设工程与房地产,建设工程,分类拆分: 建设工程与房地产 -> 建设工程
《关于商请确定金鹰中心A、B地下一层连通及改造办理施工许可证相关问题的函》,建设工程与房地产,建设工程,分类拆分: 建设工程与房地产 -> 建设工程
《公路桥涵施工技术规范》,建设工程与房地产,建设工程,分类拆分: 建设工程与房地产 -> 建设工程
《公路工程质量检验评定标准第一册 土建工程》,建设工程与房地产,建设工程,分类拆分: 建设工程与房地产 -> 建设工程
《公路工程质量检测评定标准第一册土建工程》,建设工程与房地产,建设工程,分类拆分: 建设工程与房地产 -> 建设工程
《公路工程施工监理规范》,建设工程与房地产,建设工程,分类拆分: 建设工程与房地产 -> 建设工程
《公路工程基桩检测技术规程》,建设工程与房地产,建设工程,分类拆分: 建设工程与房地产 -> 建设工程
《公路工程交工验收证书》,建设工程与房地产,建设工程,分类拆分: 建设工程与房地产 -> 建设工程
《安徽省建设工程安全生产管理办法》第二十三条第(一)项和第(七)项,建设工程与房地产,建设工程,分类拆分: 建设工程与房地产 -> 建设工程
《安徽省建设工程安全生产管理办法》第二十三条第(二)、(七)、(八)项,建设工程与房地产,建设工程,分类拆分: 建设工程与房地产 -> 建设工程
《安徽省建设工程质量管理办法》第三十五条第二款,建设工程与房地产,建设工程,分类拆分: 建设工程与房地产 -> 建设工程
《安徽省建设工程质量管理办法》第五十五条,建设工程与房地产,建设工程,分类拆分: 建设工程与房地产 -> 建设工程
《安徽省建设工程质量管理办法》第五十五条第（三）项,建设工程与房地产,建设工程,分类拆分: 建设工程与房地产 -> 建设工程
《公路水运工程质量监督管理规定》第十四条,建设工程与房地产,建设工程,分类拆分: 建设工程与房地产 -> 建设工程
《安徽省建设工程质量管理办法》第四十二条第一款,建设工程与房地产,建设工程,分类拆分: 建设工程与房地产 -> 建设工程
《硫酸罐灌顶施工方案》,建设工程与房地产,建设工程,分类拆分: 建设工程与房地产 -> 建设工程
《中华人民共和国城镇国有土地使用权出让和转让暂行条例》,建设工程与房地产,房地产/土地,分类拆分: 建设工程与房地产 -> 房地产/土地
《宜宾市建设工程规划验收合格证》,建设工程与房地产,建设工程,分类拆分: 建设工程与房地产 -> 建设工程
《“新发地国际商贸城”一期一、二标段工程建筑施工协议》,建设工程与房地产,建设工程,分类拆分: 建设工程与房地产 -> 建设工程
《海南经济特区土地管理条例》第七十九条第一项,建设工程与房地产,房地产/土地,分类拆分: 建设工程与房地产 -> 房地产/土地
《海南省经济特区土地管理条例》第五十五条、第五十七条,建设工程与房地产,房地产/土地,分类拆分: 建设工程与房地产 -> 房地产/土地
《室内装饰装修材料 胶粘剂中有害物质限量》,建设工程与房地产,建设工程,分类拆分: 建设工程与房地产 -> 建设工程
《1448巷道施工设计》,建设工程与房地产,建设工程,分类拆分: 建设工程与房地产 -> 建设工程
《1303底板抽放巷防突风门施工设计及安全技术措施》,建设工程与房地产,建设工程,分类拆分: 建设工程与房地产 -> 建设工程
《11206探煤巷钻孔施工安全技术措施》,建设工程与房地产,建设工程,分类拆分: 建设工程与房地产 -> 建设工程
《111502采煤工作面措施巷施工安全技术措施》,建设工程与房地产,建设工程,分类拆分: 建设工程与房地产 -> 建设工程
《11074采面改造巷施工安全技术措施》,建设工程与房地产,建设工程,分类拆分: 建设工程与房地产 -> 建设工程
《信息化楼宇（小区）建设项目协议》,建设工程与房地产,建设工程,分类拆分: 建设工程与房地产 -> 建设工程
《六横镇土地利用总体规划图[2006-2020年][2013年修改版]》,建设工程与房地产,房地产/土地,分类拆分: 建设工程与房地产 -> 房地产/土地
《兰州市市政工程设施管理办法》第三十五条,建设工程与房地产,建设工程,分类拆分: 建设工程与房地产 -> 建设工程
《兰州市市政工程设施管理办法》第三十五条的规定,建设工程与房地产,建设工程,分类拆分: 建设工程与房地产 -> 建设工程
《关于商请对南京龙海土地开发有限公司违法建设行为进行处理的函》,建设工程与房地产,房地产/土地,分类拆分: 建设工程与房地产 -> 房地产/土地
《关于印发海宁市硖石至斜桥公路工程（主线部分）、硖尖公路谈桥至尖山段工程（主线部分）交工质量鉴定报告的函》,建设工程与房地产,建设工程,分类拆分: 建设工程与房地产 -> 建设工程
《电气装置安全工程接地装置施工及验收规范》,建设工程与房地产,建设工程,分类拆分: 建设工程与房地产 -> 建设工程
《电气装置安全工程接地装置施工及验收规范》第2项,建设工程与房地产,建设工程,分类拆分: 建设工程与房地产 -> 建设工程
《电气装置安装工程 接地装置施工及验收规范》,建设工程与房地产,建设工程,分类拆分: 建设工程与房地产 -> 建设工程
《电气装置安装工程接地装置施工及验收规范》,建设工程与房地产,建设工程,分类拆分: 建设工程与房地产 -> 建设工程
《关于出让土地交付时间的说明》,建设工程与房地产,房地产/土地,分类拆分: 建设工程与房地产 -> 房地产/土地
《关于全面加强建筑工地安全生产管理的紧急通知》,建设工程与房地产,建设工程,分类拆分: 建设工程与房地产 -> 建设工程
《关于全省工程质量检测机构动态核查情况的通报》,建设工程与房地产,建设工程,分类拆分: 建设工程与房地产 -> 建设工程
《番禺区大石街土地利用总体规划局部图(2013—2020年)》,建设工程与房地产,房地产/土地,分类拆分: 建设工程与房地产 -> 房地产/土地
《番禺区新造镇土地利用总体规划局部图(2013—2020年)》,建设工程与房地产,房地产/土地,分类拆分: 建设工程与房地产 -> 房地产/土地
《番禺区洛浦街土地利用总体规划局部图（2013—2020年）》,建设工程与房地产,房地产/土地,分类拆分: 建设工程与房地产 -> 房地产/土地
《番禺区石楼镇土地利用总体规划局部图（2013—2020）》,建设工程与房地产,房地产/土地,分类拆分: 建设工程与房地产 -> 房地产/土地
《关于依法调查衡水亿力工程橡胶机械制造有限公司等单位涉嫌损毁备份样品的转办函》,建设工程与房地产,建设工程,分类拆分: 建设工程与房地产 -> 建设工程
《白山市人民政府关于白山市江源区昌泰房地产开发有限责任公司“5.27”触电事故调查报告的批复》,建设工程与房地产,房地产/土地,分类拆分: 建设工程与房地产 -> 房地产/土地
《关于二次网及换热站工程款的说明》,建设工程与房地产,建设工程,分类拆分: 建设工程与房地产 -> 建设工程
《关于乌鲁木齐蓝海星艺建筑装饰工程有限公司_其他违法案件的协查函》,建设工程与房地产,建设工程,分类拆分: 建设工程与房地产 -> 建设工程
《关于乌鲁木齐万鑫远杰建筑装饰工程有限公司_其他违法案件的协查函》,建设工程与房地产,建设工程,分类拆分: 建设工程与房地产 -> 建设工程
《关于临海市恒磁电机有限公司食堂工程补办的现场踏勘意见》,建设工程与房地产,建设工程,分类拆分: 建设工程与房地产 -> 建设工程
《关于临海市宏盛网业有限公司2#、4#厂房补办建设工程规划许可证处罚的函》,建设工程与房地产,建设工程,分类拆分: 建设工程与房地产 -> 建设工程
《监理工程师回复单》,建设工程与房地产,建设工程,分类拆分: 建设工程与房地产 -> 建设工程
《监理工程师通知单》,建设工程与房地产,建设工程,分类拆分: 建设工程与房地产 -> 建设工程
《省道236连霍高速至国道310段改建工程竹川道班建设三方合同》,建设工程与房地产,建设工程,分类拆分: 建设工程与房地产 -> 建设工程
《150507工作面切眼施工补充安全技术措施》,建设工程与房地产,建设工程,分类拆分: 建设工程与房地产 -> 建设工程
《关于2020年全市工程勘察设计质量及市场行为抽查情况的通报》,建设工程与房地产,建设工程,分类拆分: 建设工程与房地产 -> 建设工程
《兰州新区第三初级中学标准化考点建设项目》,建设工程与房地产,建设工程,分类拆分: 建设工程与房地产 -> 建设工程
《关于土地违法案件查处没收地上建筑物处置管理的通知》,建设工程与房地产,房地产/土地,分类拆分: 建设工程与房地产 -> 房地产/土地
《义乌市苏溪镇土地利用现状局部图》,建设工程与房地产,房地产/土地,分类拆分: 建设工程与房地产 -> 房地产/土地
《11206回风巷掘进工作面探放水设计及施工安全技术措施》,建设工程与房地产,建设工程,分类拆分: 建设工程与房地产 -> 建设工程
《临时建设工程规划许可证》,建设工程与房地产,建设工程,分类拆分: 建设工程与房地产 -> 建设工程
《建筑基坑工程监测技术规范》,建设工程与房地产,建设工程,分类拆分: 建设工程与房地产 -> 建设工程
《广州市违法建设查处条例》第十五条第一款第（三）项,建设工程与房地产,建设工程,分类拆分: 建设工程与房地产 -> 建设工程
《建筑基坑工程监测技术标准》,建设工程与房地产,建设工程,分类拆分: 建设工程与房地产 -> 建设工程
《建筑地基基础工程施工质量验收规范》,建设工程与房地产,建设工程,分类拆分: 建设工程与房地产 -> 建设工程
《延安市新区工程建设领域不良行为记录和黑名单管理办法》,建设工程与房地产,建设工程,分类拆分: 建设工程与房地产 -> 建设工程
《广西盛凯建筑装饰工程有限公司盛隆新区烧结项目部2019年“10.31”生产安全事故调查报告》,建设工程与房地产,建设工程,分类拆分: 建设工程与房地产 -> 建设工程
《广州市施工现场延长作业时间证明》,建设工程与房地产,建设工程,分类拆分: 建设工程与房地产 -> 建设工程
《广州市施工场地延长作业时间证明》,建设工程与房地产,建设工程,分类拆分: 建设工程与房地产 -> 建设工程
《广州市建筑施工延长时间证明》,建设工程与房地产,建设工程,分类拆分: 建设工程与房地产 -> 建设工程
《广州市建筑施工延长时间作业证明》,建设工程与房地产,建设工程,分类拆分: 建设工程与房地产 -> 建设工程
《建筑基坑支护工程技术规程》,建设工程与房地产,建设工程,分类拆分: 建设工程与房地产 -> 建设工程
《建筑工程建筑面积计算规范》,建设工程与房地产,建设工程,分类拆分: 建设工程与房地产 -> 建设工程
《建筑工程安全隐患整改通知书》,建设工程与房地产,建设工程,分类拆分: 建设工程与房地产 -> 建设工程
《建筑工程安全生产管理条例》第十四条第二款,建设工程与房地产,安全生产,关键词覆盖: 安全生产管理条例 -> 安全生产
《建筑工程安全生产管理条例》第五十七条第(二)项,建设工程与房地产,安全生产,关键词覆盖: 安全生产管理条例 -> 安全生产
《建筑工程安全生产管理条例》第二十八条,建设工程与房地产,安全生产,关键词覆盖: 安全生产管理条例 -> 安全生产
《建筑工程冬期施工规程》,建设工程与房地产,建设工程,分类拆分: 建设工程与房地产 -> 建设工程
《建筑工程中标通知书》,建设工程与房地产,建设工程,分类拆分: 建设工程与房地产 -> 建设工程
《建筑安装工程结算书》,建设工程与房地产,建设工程,分类拆分: 建设工程与房地产 -> 建设工程
《广州市建筑施工延长作业时间证明》第十九条第一款,建设工程与房地产,建设工程,分类拆分: 建设工程与房地产 -> 建设工程
《广州市建筑施工延长作业时间证明》第三十一条,建设工程与房地产,建设工程,分类拆分: 建设工程与房地产 -> 建设工程
《广州市建筑施工延长作业时间证明》,建设工程与房地产,建设工程,分类拆分: 建设工程与房地产 -> 建设工程
《广州市建筑工程延长作业时间证明》,建设工程与房地产,建设工程,分类拆分: 建设工程与房地产 -> 建设工程
《义乌市土地利用总体规划局部图》,建设工程与房地产,房地产/土地,分类拆分: 建设工程与房地产 -> 房地产/土地
《广东省建设工程标准施工合同》,建设工程与房地产,建设工程,分类拆分: 建设工程与房地产 -> 建设工程
《广东省建设工程质量管理条例》第八条第一款,建设工程与房地产,建设工程,分类拆分: 建设工程与房地产 -> 建设工程
《广东省建设工程质量管理条例》第十一条第(一)项的规定,建设工程与房地产,建设工程,分类拆分: 建设工程与房地产 -> 建设工程
《通风与空调工程施工质量验收规范》,建设工程与房地产,建设工程,分类拆分: 建设工程与房地产 -> 建设工程
《广东省建设工程质量管理条例》第十一条第(五)项,建设工程与房地产,建设工程,分类拆分: 建设工程与房地产 -> 建设工程
《广东省建设工程质量管理条例》第十一条第七项,建设工程与房地产,建设工程,分类拆分: 建设工程与房地产 -> 建设工程
《广东省建设工程质量管理条例》第十一条第五项,建设工程与房地产,建设工程,分类拆分: 建设工程与房地产 -> 建设工程
《广东省建设工程质量管理条例》第十九条第一款,建设工程与房地产,建设工程,分类拆分: 建设工程与房地产 -> 建设工程
《广东省建设工程质量管理条例》第十条第六项的规定,建设工程与房地产,建设工程,分类拆分: 建设工程与房地产 -> 建设工程
《广东省建设工程质量管理条例》第四十九条第三项,建设工程与房地产,建设工程,分类拆分: 建设工程与房地产 -> 建设工程
《广东省建设工程造价管理规定》第三十一条第二款,建设工程与房地产,建设工程,分类拆分: 建设工程与房地产 -> 建设工程
《违反土地管理规定行为处分办法》第15号)第十条、第十九条,建设工程与房地产,房地产/土地,分类拆分: 建设工程与房地产 -> 房地产/土地
《辽宁省建设工程费用标准》,建设工程与房地产,建设工程,分类拆分: 建设工程与房地产 -> 建设工程
《广东省住房和城乡建设系统行政处罚自由裁量基准(工程建设及建筑业类)》,建设工程与房地产,建设工程,分类拆分: 建设工程与房地产 -> 建设工程
《辽宁省建设工程质量条例》第四十条第四款,建设工程与房地产,建设工程,分类拆分: 建设工程与房地产 -> 建设工程
《辽宁省建设工程质量条例》第十八条,建设工程与房地产,建设工程,分类拆分: 建设工程与房地产 -> 建设工程
《广州市天河区水务工程质量安全检查表》,建设工程与房地产,建设工程,分类拆分: 建设工程与房地产 -> 建设工程
《广州市增城区水务局关于对广州（新塘）至汕尾铁路新塘特大桥、塘美特大桥跨官湖河桥梁工程的复函》,建设工程与房地产,建设工程,分类拆分: 建设工程与房地产 -> 建设工程
《边坡支护施工合同》,建设工程与房地产,建设工程,分类拆分: 建设工程与房地产 -> 建设工程
《广东省土地利用总体规划实施管理规定》,建设工程与房地产,房地产/土地,分类拆分: 建设工程与房地产 -> 房地产/土地
《辽宁省建设工程安全生产管理规定》第十一条第(三、六)项,建设工程与房地产,建设工程,分类拆分: 建设工程与房地产 -> 建设工程
《辽宁省建设工程安全生产管理规定》第十八条,建设工程与房地产,建设工程,分类拆分: 建设工程与房地产 -> 建设工程
《辽宁省建设工程安全生产管理规定》第十八条第三项,建设工程与房地产,建设工程,分类拆分: 建设工程与房地产 -> 建设工程
《辽宁省建设工程安全生产规定》第十一条,建设工程与房地产,建设工程,分类拆分: 建设工程与房地产 -> 建设工程
《辽宁省建设工程质量条例》,建设工程与房地产,建设工程,分类拆分: 建设工程与房地产 -> 建设工程
《辽宁省建设工程质量条例》第三十八条,建设工程与房地产,建设工程,分类拆分: 建设工程与房地产 -> 建设工程
《辽宁省建设工程质量条例》第三十八条之规定,建设工程与房地产,建设工程,分类拆分: 建设工程与房地产 -> 建设工程
《辽宁省建设工程质量条例》第十一条,建设工程与房地产,建设工程,分类拆分: 建设工程与房地产 -> 建设工程
《辽宁省建设工程质量条例》第十六条,建设工程与房地产,建设工程,分类拆分: 建设工程与房地产 -> 建设工程
《建筑工程施工(局部)停工整改通知书(建设单位)》,建设工程与房地产,建设工程,分类拆分: 建设工程与房地产 -> 建设工程
《违反土地管理规定行为处分办法》,建设工程与房地产,房地产/土地,分类拆分: 建设工程与房地产 -> 房地产/土地
《建筑工程施工许可管理办法》第18号)第二条,建设工程与房地产,建设工程,分类拆分: 建设工程与房地产 -> 建设工程
《平凉电厂热电联产节能改造实现城区集中供热工程设计合同》,建设工程与房地产,建设工程,分类拆分: 建设工程与房地产 -> 建设工程
《城市房地产开发经营管理条例》第十八条,建设工程与房地产,房地产/土地,分类拆分: 建设工程与房地产 -> 房地产/土地
《建筑工程施工发包与承包违法行为认定查处管理办法》第八条(三),建设工程与房地产,建设工程,分类拆分: 建设工程与房地产 -> 建设工程
《建筑工程施工许可管理办法》第18号)第十五条,建设工程与房地产,建设工程,分类拆分: 建设工程与房地产 -> 建设工程
《建筑工程施工许可管理办法》第18号)第十二条,建设工程与房地产,建设工程,分类拆分: 建设工程与房地产 -> 建设工程
《建筑工程施工发包与承包违法行为认定查处管理办法》第八条第(三)项,建设工程与房地产,建设工程,分类拆分: 建设工程与房地产 -> 建设工程
《市政工程设施管理条例》第二条,建设工程与房地产,建设工程,分类拆分: 建设工程与房地产 -> 建设工程
《建筑工程施工许可管理办法》第18号)第三条第一款,建设工程与房地产,建设工程,分类拆分: 建设工程与房地产 -> 建设工程
《建筑工程施工许可管理办法》第12条,建设工程与房地产,建设工程,分类拆分: 建设工程与房地产 -> 建设工程
《巫山县庙堂水库工程》,建设工程与房地产,建设工程,分类拆分: 建设工程与房地产 -> 建设工程
《巷道钻探施工合同》,建设工程与房地产,建设工程,分类拆分: 建设工程与房地产 -> 建设工程
《云南省固定资产投资项目备案证》,建设工程与房地产,建设工程,分类拆分: 建设工程与房地产 -> 建设工程
《建筑工程施工许可延》,建设工程与房地产,建设工程,分类拆分: 建设工程与房地产 -> 建设工程
《建筑工程施工许》,建设工程与房地产,建设工程,分类拆分: 建设工程与房地产 -> 建设工程
《市政公用工程施工总承包企业资质等级标准》,建设工程与房地产,建设工程,分类拆分: 建设工程与房地产 -> 建设工程
《建筑工程施工现场管理规定》第二十四条,建设工程与房地产,建设工程,分类拆分: 建设工程与房地产 -> 建设工程
《市政公用工程施工总承包企业资质证书》,建设工程与房地产,建设工程,分类拆分: 建设工程与房地产 -> 建设工程
《建筑工程施工现场管理规定》第三十四条第一款第（四）项,建设工程与房地产,建设工程,分类拆分: 建设工程与房地产 -> 建设工程
《建筑工程施工发包与承包违法行为认定查处管理办法》第十五条,建设工程与房地产,建设工程,分类拆分: 建设工程与房地产 -> 建设工程
《建筑工程施工发包与承包违法行为认定查处管理办法》第十二条第（六）项,建设工程与房地产,建设工程,分类拆分: 建设工程与房地产 -> 建设工程
《建筑工程施工发包与承包违法行为认定查处管理办法》第八条第一款第四项,建设工程与房地产,建设工程,分类拆分: 建设工程与房地产 -> 建设工程
《建筑工程施工发包与承包违法行为认定查处管理办法》第六条第(五)项,建设工程与房地产,建设工程,分类拆分: 建设工程与房地产 -> 建设工程
《建筑工程施工发包与承包违法行为认定查处管理办法》第十二条,建设工程与房地产,建设工程,分类拆分: 建设工程与房地产 -> 建设工程
《建筑工程施工发包与承包违法行为认定查处管理办法》第十二条第五项,建设工程与房地产,建设工程,分类拆分: 建设工程与房地产 -> 建设工程
《建筑工程施工许可管理办法》,建设工程与房地产,建设工程,分类拆分: 建设工程与房地产 -> 建设工程
《建筑工程施工发包与承包违法行为认定查处管理办法》第十二条(六)项,建设工程与房地产,建设工程,分类拆分: 建设工程与房地产 -> 建设工程
《建筑工程施工合同》,建设工程与房地产,建设工程,分类拆分: 建设工程与房地产 -> 建设工程
《建筑工程施工现场安全资料管理规程》,建设工程与房地产,建设工程,分类拆分: 建设工程与房地产 -> 建设工程
《中岭隧道专项施工方案》,建设工程与房地产,建设工程,分类拆分: 建设工程与房地产 -> 建设工程
《中山火炬高技术产业开发区土地利用总体规划(2010-2020年)》,建设工程与房地产,房地产/土地,分类拆分: 建设工程与房地产 -> 房地产/土地
《中山市建设项目监督审查意见书》,建设工程与房地产,建设工程,分类拆分: 建设工程与房地产 -> 建设工程
《中山市建设项目监督审查意见》,建设工程与房地产,建设工程,分类拆分: 建设工程与房地产 -> 建设工程
《中山市建设工程规划许可证》,建设工程与房地产,建设工程,分类拆分: 建设工程与房地产 -> 建设工程
《中山市建设工程放线技术报告》,建设工程与房地产,建设工程,分类拆分: 建设工程与房地产 -> 建设工程
《贵港市港北区港城镇土地利用总体规划图（2010－2020年）（2015年调整）》,建设工程与房地产,房地产/土地,分类拆分: 建设工程与房地产 -> 房地产/土地
《中国水利水电第三工程局安全技术管理办法》,建设工程与房地产,建设工程,分类拆分: 建设工程与房地产 -> 建设工程
《贵阳浪潮大数据产业园M01厂房、M04值班宿舍、M05门卫、M06门卫工程电气工程施工方案》,建设工程与房地产,建设工程,分类拆分: 建设工程与房地产 -> 建设工程
《山东省建筑市场管理条例》第五十条(一),建设工程与房地产,建设工程,分类拆分: 建设工程与房地产 -> 建设工程
《建筑工程施工发包与承包违法行为认定查处管理办法》,建设工程与房地产,建设工程,分类拆分: 建设工程与房地产 -> 建设工程
《建筑工程施工发包与承包违法行为认定查处管理办法》第八条,建设工程与房地产,建设工程,分类拆分: 建设工程与房地产 -> 建设工程
《年产1500吨溴素回收再利用工程安全设施设计专篇》,建设工程与房地产,建设工程,分类拆分: 建设工程与房地产 -> 建设工程
《广东省住房和城乡建设厅关于印发房屋市政工程危险性较大的分部分项工程安全管理实施细则的通知》,建设工程与房地产,建设工程,分类拆分: 建设工程与房地产 -> 建设工程
《广东正恒资产土地房地产评估有限公司评估报告》,建设工程与房地产,房地产/土地,分类拆分: 建设工程与房地产 -> 房地产/土地
《建筑工程施工法宝与承包违法行为认定查处管理办法》第八条,建设工程与房地产,建设工程,分类拆分: 建设工程与房地产 -> 建设工程
《建筑工程施工法宝与承包违法行为认定查处管理办法》第十五条,建设工程与房地产,建设工程,分类拆分: 建设工程与房地产 -> 建设工程
《回填许可证》,建设工程与房地产,建设工程,分类拆分: 建设工程与房地产 -> 建设工程
《占地地类认定表》,建设工程与房地产,建设工程,分类拆分: 建设工程与房地产 -> 建设工程
《全省公共资源交易领域突出问题专项整治问题线索转办单》,建设工程与房地产,建设工程,分类拆分: 建设工程与房地产 -> 建设工程
《年产10000吨改性工程塑料及PLA可降角塑料应用技术研发中心一期建设项目》,建设工程与房地产,建设工程,分类拆分: 建设工程与房地产 -> 建设工程
《年产10000万平方米IXPE建设项目(12#厂房)落地式卸料平台专项施工方案》,建设工程与房地产,建设工程,分类拆分: 建设工程与房地产 -> 建设工程
《建筑工程施工整改完成报告(施工单位)》,建设工程与房地产,建设工程,分类拆分: 建设工程与房地产 -> 建设工程
《建筑工程施工整改通知书(施工单位)》,建设工程与房地产,建设工程,分类拆分: 建设工程与房地产 -> 建设工程
《宁波市户外广告设置登记证》,无照经营/登记问题,虚假广告/虚假宣传,关键词覆盖: 广告 -> 虚假广告/虚假宣传
《杭州市户外广告设置登记证》,无照经营/登记问题,虚假广告/虚假宣传,关键词覆盖: 广告 -> 虚假广告/虚假宣传
《户外广告发布登记证》,无照经营/登记问题,虚假广告/虚假宣传,关键词覆盖: 广告 -> 虚假广告/虚假宣传
《户外广告设置登记证》,无照经营/登记问题,虚假广告/虚假宣传,关键词覆盖: 广告 -> 虚假广告/虚假宣传
《广告经营许可证》,无照经营/登记问题,虚假广告/虚假宣传,关键词覆盖: 广告 -> 虚假广告/虚假宣传
《广告经营许可证管理办法》第二十条第四项,无照经营/登记问题,虚假广告/虚假宣传,关键词覆盖: 广告 -> 虚假广告/虚假宣传
《广告经营许可证管理办法》第十条第二款,无照经营/登记问题,虚假广告/虚假宣传,关键词覆盖: 广告 -> 虚假广告/虚假宣传
《广告经营许可证管理办法》第十条第二款的规定,无照经营/登记问题,虚假广告/虚假宣传,关键词覆盖: 广告 -> 虚假广告/虚假宣传
《广告经营许可证管理办法》第二十条第（三）项,无照经营/登记问题,虚假广告/虚假宣传,关键词覆盖: 广告 -> 虚假广告/虚假宣传
《广告经营许可证管理办法》第二十条第三项,无照经营/登记问题,虚假广告/虚假宣传,关键词覆盖: 广告 -> 虚假广告/虚假宣传
《固定印刷品广告登记证》,无照经营/登记问题,虚假广告/虚假宣传,关键词覆盖: 广告 -> 虚假广告/虚假宣传
《固定形式印刷品广告登记证》,无照经营/登记问题,虚假广告/虚假宣传,关键词覆盖: 广告 -> 虚假广告/虚假宣传
《烟草广告管理暂行办法》第五条第一款的规定,烟草,虚假广告/虚假宣传,关键词覆盖: 广告 -> 虚假广告/虚假宣传
《烟草广告管理暂行办法》第十二条,烟草,虚假广告/虚假宣传,关键词覆盖: 广告 -> 虚假广告/虚假宣传
《电梯轿厢广告投放合同》,特种设备,虚假广告/虚假宣传,关键词覆盖: 广告 -> 虚假广告/虚假宣传
《户外广告媒体设置市容许可证》,环境保护,虚假广告/虚假宣传,关键词覆盖: 广告 -> 虚假广告/虚假宣传
《计算机信息网络国际联网安全保护管理办法》第十二条,网络/数据安全||安全生产,网络/数据安全,双分类优先级: 网络/数据安全||安全生产 -> 网络/数据安全
《计算机信息网络国际联网安全保护管理办法》第十二条、第二十三条,网络/数据安全||安全生产,网络/数据安全,双分类优先级: 网络/数据安全||安全生产 -> 网络/数据安全
《计算机信息网络国际联网安全保护管理办法》第十一条、第十二条第一款、第二十三条,网络/数据安全||安全生产,网络/数据安全,双分类优先级: 网络/数据安全||安全生产 -> 网络/数据安全
《计算机信息网络国际联网安全保护管理办法》第十条、第十一条,网络/数据安全||安全生产,网络/数据安全,双分类优先级: 网络/数据安全||安全生产 -> 网络/数据安全
《计算机信息网络国际联网安全保护管理办法》第十条第(一)项,网络/数据安全||安全生产,网络/数据安全,双分类优先级: 网络/数据安全||安全生产 -> 网络/数据安全
《计算机信息网络国际联网安全保护管理办法》第十条第(二)项,网络/数据安全||安全生产,网络/数据安全,双分类优先级: 网络/数据安全||安全生产 -> 网络/数据安全
《计算机信息网络国际联网安全保护管理办法》第十条第(二)项、第二十一条第(二)项,网络/数据安全||安全生产,网络/数据安全,双分类优先级: 网络/数据安全||安全生产 -> 网络/数据安全
《计算机信息网络国际联网安全保护管理办法》第十一条、第十二条和第二十三条,网络/数据安全||安全生产,网络/数据安全,双分类优先级: 网络/数据安全||安全生产 -> 网络/数据安全
《计算机信息网络国际联网安全保护管理办法》第十条第（一）项,网络/数据安全||安全生产,网络/数据安全,双分类优先级: 网络/数据安全||安全生产 -> 网络/数据安全
《计算机信息网络国际联网安全保护管理办法》第十一条、第十二条,网络/数据安全||安全生产,网络/数据安全,双分类优先级: 网络/数据安全||安全生产 -> 网络/数据安全
《计算机信息网络国际联网安全保护管理办法》第十一条、第二十三条,网络/数据安全||安全生产,网络/数据安全,双分类优先级: 网络/数据安全||安全生产 -> 网络/数据安全
《计算机信息网络国际联网安全保护管理办法》第十一条,网络/数据安全||安全生产,网络/数据安全,双分类优先级: 网络/数据安全||安全生产 -> 网络/数据安全
《计算机信息网络国际联网安全保护管理办法》第二十一条第（一）项,网络/数据安全||安全生产,网络/数据安全,双分类优先级: 网络/数据安全||安全生产 -> 网络/数据安全
《计算机信息网络国际联网安全保护管理办法》第二十一条第二项,网络/数据安全||安全生产,网络/数据安全,双分类优先级: 网络/数据安全||安全生产 -> 网络/数据安全
《计算机信息网络国际联网安全保护管理办法》第二十一条第(一)项,网络/数据安全||安全生产,网络/数据安全,双分类优先级: 网络/数据安全||安全生产 -> 网络/数据安全
《计算机信息网络国际联网安全保护管理办法》,网络/数据安全||安全生产,网络/数据安全,双分类优先级: 网络/数据安全||安全生产 -> 网络/数据安全
《计算机信息网络国际互联网安全保护管理办法》第十一条、第十二条、第二十三条,网络/数据安全||安全生产,网络/数据安全,双分类优先级: 网络/数据安全||安全生产 -> 网络/数据安全
《计算机信息网络国际联网安全保护管理办法》第十一条、第十二条、第十三条,网络/数据安全||安全生产,网络/数据安全,双分类优先级: 网络/数据安全||安全生产 -> 网络/数据安全
《计算机信息网络国际联网安全保护管理办法》第十条第（二）项、第二十一条第（二）项,网络/数据安全||安全生产,网络/数据安全,双分类优先级: 网络/数据安全||安全生产 -> 网络/数据安全
《计算机信息网络国际联网安全保护管理办法》第二十三条,网络/数据安全||安全生产,网络/数据安全,双分类优先级: 网络/数据安全||安全生产 -> 网络/数据安全
《计算机信息网络国际联网安全保护管理办法》第十条第（二）项、第二十一条第(二)项,网络/数据安全||安全生产,网络/数据安全,双分类优先级: 网络/数据安全||安全生产 -> 网络/数据安全
《计算机信息网络国际联网安全管理办法》第十二条,网络/数据安全||安全生产,网络/数据安全,双分类优先级: 网络/数据安全||安全生产 -> 网络/数据安全
《商业贿赂、虚假宣传和不正当有奖销售行为处罚裁量基准》,虚假广告/虚假宣传||不正当竞争/商业贿赂,不正当竞争/商业贿赂,关键词覆盖: 商业贿赂 -> 不正当竞争/商业贿赂
《广告工程结算单》,虚假广告/虚假宣传||建设工程,虚假广告/虚假宣传,关键词覆盖: 广告 -> 虚假广告/虚假宣传
《南省黄海工程机械有限公司广告发布合同》,虚假广告/虚假宣传||建设工程,虚假广告/虚假宣传,关键词覆盖: 广告 -> 虚假广告/虚假宣传
《房地产广告发布暂行规定》第10条,虚假广告/虚假宣传||房地产/土地,虚假广告/虚假宣传,关键词覆盖: 广告 -> 虚假广告/虚假宣传
《房地产广告发布规定》第四条第（一）项,虚假广告/虚假宣传||房地产/土地,虚假广告/虚假宣传,关键词覆盖: 广告 -> 虚假广告/虚假宣传
《房地产广告发布暂行规定》第六条第一款第（二）项和第（三）项,虚假广告/虚假宣传||房地产/土地,虚假广告/虚假宣传,关键词覆盖: 广告 -> 虚假广告/虚假宣传
《房地产广告发布暂行规定》第六条第（一）项的规定,虚假广告/虚假宣传||房地产/土地,虚假广告/虚假宣传,关键词覆盖: 广告 -> 虚假广告/虚假宣传
《房地产广告发布暂行规定》第六条第（三）项,虚假广告/虚假宣传||房地产/土地,虚假广告/虚假宣传,关键词覆盖: 广告 -> 虚假广告/虚假宣传
《房地产广告发布暂行规定》第六条（三）项,虚假广告/虚假宣传||房地产/土地,虚假广告/虚假宣传,关键词覆盖: 广告 -> 虚假广告/虚假宣传
《房地产广告发布暂行规定》第十五条之规定,虚假广告/虚假宣传||房地产/土地,虚假广告/虚假宣传,关键词覆盖: 广告 -> 虚假广告/虚假宣传
《房地产广告发布暂行规定》第十八条,虚假广告/虚假宣传||房地产/土地,虚假广告/虚假宣传,关键词覆盖: 广告 -> 虚假广告/虚假宣传
《房地产广告发布暂行规定》第六条第一款第（三）项,虚假广告/虚假宣传||房地产/土地,虚假广告/虚假宣传,关键词覆盖: 广告 -> 虚假广告/虚假宣传
《房地产广告发布暂行规定》第十六条,虚假广告/虚假宣传||房地产/土地,虚假广告/虚假宣传,关键词覆盖: 广告 -> 虚假广告/虚假宣传
《房地产广告发布暂行规定》第十六款,虚假广告/虚假宣传||房地产/土地,虚假广告/虚假宣传,关键词覆盖: 广告 -> 虚假广告/虚假宣传
《房地产广告发布暂行规定》第十四条,虚假广告/虚假宣传||房地产/土地,虚假广告/虚假宣传,关键词覆盖: 广告 -> 虚假广告/虚假宣传
《房地产广告发布暂行规定》第十条,虚假广告/虚假宣传||房地产/土地,虚假广告/虚假宣传,关键词覆盖: 广告 -> 虚假广告/虚假宣传
《房地产广告发布暂行规定》第十条第一款,虚假广告/虚假宣传||房地产/土地,虚假广告/虚假宣传,关键词覆盖: 广告 -> 虚假广告/虚假宣传
《房地产广告发布暂行规定》第十条第一款、第十一条,虚假广告/虚假宣传||房地产/土地,虚假广告/虚假宣传,关键词覆盖: 广告 -> 虚假广告/虚假宣传
《房地产广告发布暂行规定》第六条第一款第三项,虚假广告/虚假宣传||房地产/土地,虚假广告/虚假宣传,关键词覆盖: 广告 -> 虚假广告/虚假宣传
《房地产广告发布暂行规定》第六条之规定,虚假广告/虚假宣传||房地产/土地,虚假广告/虚假宣传,关键词覆盖: 广告 -> 虚假广告/虚假宣传
《房地产广告发布暂行规定》第4条,虚假广告/虚假宣传||房地产/土地,虚假广告/虚假宣传,关键词覆盖: 广告 -> 虚假广告/虚假宣传
《房地产广告发布暂行规定》第4条第（1）项,虚假广告/虚假宣传||房地产/土地,虚假广告/虚假宣传,关键词覆盖: 广告 -> 虚假广告/虚假宣传
《房地产广告发布暂行规定》,虚假广告/虚假宣传||房地产/土地,虚假广告/虚假宣传,关键词覆盖: 广告 -> 虚假广告/虚假宣传
《房地产广告发布暂行规定》第6条,虚假广告/虚假宣传||房地产/土地,虚假广告/虚假宣传,关键词覆盖: 广告 -> 虚假广告/虚假宣传
《房地产广告发布暂行规定》第七条,虚假广告/虚假宣传||房地产/土地,虚假广告/虚假宣传,关键词覆盖: 广告 -> 虚假广告/虚假宣传
《房地产广告发布暂行规定》第九条,虚假广告/虚假宣传||房地产/土地,虚假广告/虚假宣传,关键词覆盖: 广告 -> 虚假广告/虚假宣传
《房地产广告发布暂行规定》第九条的规定,虚假广告/虚假宣传||房地产/土地,虚假广告/虚假宣传,关键词覆盖: 广告 -> 虚假广告/虚假宣传
《房地产广告发布暂行管理规定》,虚假广告/虚假宣传||房地产/土地,虚假广告/虚假宣传,关键词覆盖: 广告 -> 虚假广告/虚假宣传
《房地产广告发布暂行规定》第二十一条,虚假广告/虚假宣传||房地产/土地,虚假广告/虚假宣传,关键词覆盖: 广告 -> 虚假广告/虚假宣传
《房地产广告发布暂行规定》第五条第一款第（四）项,虚假广告/虚假宣传||房地产/土地,虚假广告/虚假宣传,关键词覆盖: 广告 -> 虚假广告/虚假宣传
《房地产广告发布暂行规定》第六条,虚假广告/虚假宣传||房地产/土地,虚假广告/虚假宣传,关键词覆盖: 广告 -> 虚假广告/虚假宣传
《房地产广告发布暂行规定》第六条、第十四条、第十五条第十九条,虚假广告/虚假宣传||房地产/土地,虚假广告/虚假宣传,关键词覆盖: 广告 -> 虚假广告/虚假宣传
《房地产广告暂行规定》第六条,虚假广告/虚假宣传||房地产/土地,虚假广告/虚假宣传,关键词覆盖: 广告 -> 虚假广告/虚假宣传
《房地产广告发布暂行规定》第四条第一款第（四）项,虚假广告/虚假宣传||房地产/土地,虚假广告/虚假宣传,关键词覆盖: 广告 -> 虚假广告/虚假宣传
《房地产广告发布暂行规定》第十条第一款、第十二条,虚假广告/虚假宣传||房地产/土地,虚假广告/虚假宣传,关键词覆盖: 广告 -> 虚假广告/虚假宣传
《房地产广告发布暂行规定》第四条第（四）项,虚假广告/虚假宣传||房地产/土地,虚假广告/虚假宣传,关键词覆盖: 广告 -> 虚假广告/虚假宣传
《房地产广告发布规定》第四条第一款第（一）项,虚假广告/虚假宣传||房地产/土地,虚假广告/虚假宣传,关键词覆盖: 广告 -> 虚假广告/虚假宣传
《房地产广告发布规定》第四条,虚假广告/虚假宣传||房地产/土地,虚假广告/虚假宣传,关键词覆盖: 广告 -> 虚假广告/虚假宣传
《房地产广告发布规定》第十八条,虚假广告/虚假宣传||房地产/土地,虚假广告/虚假宣传,关键词覆盖: 广告 -> 虚假广告/虚假宣传
《房地产广告发布暂行规定》第21条,虚假广告/虚假宣传||房地产/土地,虚假广告/虚假宣传,关键词覆盖: 广告 -> 虚假广告/虚假宣传
《房地产广告发布规定》第十五条,虚假广告/虚假宣传||房地产/土地,虚假广告/虚假宣传,关键词覆盖: 广告 -> 虚假广告/虚假宣传
《房地产广告发布规定》第八条,虚假广告/虚假宣传||房地产/土地,虚假广告/虚假宣传,关键词覆盖: 广告 -> 虚假广告/虚假宣传
《房地产广告发布规定》第五条第（四）项,虚假广告/虚假宣传||房地产/土地,虚假广告/虚假宣传,关键词覆盖: 广告 -> 虚假广告/虚假宣传
《房地产广告发布规定》第五条第四款,虚假广告/虚假宣传||房地产/土地,虚假广告/虚假宣传,关键词覆盖: 广告 -> 虚假广告/虚假宣传
《房地产广告发布规定》第五条第一款第(四)项,虚假广告/虚假宣传||房地产/土地,虚假广告/虚假宣传,关键词覆盖: 广告 -> 虚假广告/虚假宣传
《房地产广告发布规定》第五条第(四)项,虚假广告/虚假宣传||房地产/土地,虚假广告/虚假宣传,关键词覆盖: 广告 -> 虚假广告/虚假宣传
《房地产广告发布规定》第五条、第一款第四项,虚假广告/虚假宣传||房地产/土地,虚假广告/虚假宣传,关键词覆盖: 广告 -> 虚假广告/虚假宣传
《房地产广告发布规定》第二条,虚假广告/虚假宣传||房地产/土地,虚假广告/虚假宣传,关键词覆盖: 广告 -> 虚假广告/虚假宣传
《房地产广告发布暂行规定》第四条第四项,虚假广告/虚假宣传||房地产/土地,虚假广告/虚假宣传,关键词覆盖: 广告 -> 虚假广告/虚假宣传
《房地产广告发布规定》第二十一条,虚假广告/虚假宣传||房地产/土地,虚假广告/虚假宣传,关键词覆盖: 广告 -> 虚假广告/虚假宣传
《房地产广告发布暂行规定》第十条第一款之规定,虚假广告/虚假宣传||房地产/土地,虚假广告/虚假宣传,关键词覆盖: 广告 -> 虚假广告/虚假宣传
《房地产广告发布规定》第七条第三项,虚假广告/虚假宣传||房地产/土地,虚假广告/虚假宣传,关键词覆盖: 广告 -> 虚假广告/虚假宣传
《房地产广告发布规定》,虚假广告/虚假宣传||房地产/土地,虚假广告/虚假宣传,关键词覆盖: 广告 -> 虚假广告/虚假宣传
《房地产广告发布规定》第七条,虚假广告/虚假宣传||房地产/土地,虚假广告/虚假宣传,关键词覆盖: 广告 -> 虚假广告/虚假宣传
《房地产广告发布规定》第七条第(一)项、第(三)项及第十条,虚假广告/虚假宣传||房地产/土地,虚假广告/虚假宣传,关键词覆盖: 广告 -> 虚假广告/虚假宣传
《房地产广告发布规定》第七条第一款第（三）项,虚假广告/虚假宣传||房地产/土地,虚假广告/虚假宣传,关键词覆盖: 广告 -> 虚假广告/虚假宣传
《农药广告审查证明》,食品药品,虚假广告/虚假宣传,关键词覆盖: 广告 -> 虚假广告/虚假宣传
《北京市食品药品监督管理局关于医疗器械广告协查的复函》,食品药品,虚假广告/虚假宣传,关键词覆盖: 广告 -> 虚假广告/虚假宣传
《化妆品广告管理办法》第十四条,食品药品,虚假广告/虚假宣传,关键词覆盖: 广告 -> 虚假广告/虚假宣传
《化妆品广告管理办法》第十三条、第十四条,食品药品,虚假广告/虚假宣传,关键词覆盖: 广告 -> 虚假广告/虚假宣传
《化妆品广告管理办法》第八条第（三）项的规定,食品药品,虚假广告/虚假宣传,关键词覆盖: 广告 -> 虚假广告/虚假宣传
《化妆品广告管理办法》第八条第（一）项及第（二）项,食品药品,虚假广告/虚假宣传,关键词覆盖: 广告 -> 虚假广告/虚假宣传
《化妆品广告管理办法》第八条第（一）、（二）、（五）、（六）项,食品药品,虚假广告/虚假宣传,关键词覆盖: 广告 -> 虚假广告/虚假宣传
《化妆品广告管理办法》第八条第三款,食品药品,虚假广告/虚假宣传,关键词覆盖: 广告 -> 虚假广告/虚假宣传
《化妆品广告管理办法》,食品药品,虚假广告/虚假宣传,关键词覆盖: 广告 -> 虚假广告/虚假宣传
《化妆品广告管理办案》第八条第（五）项,食品药品,虚假广告/虚假宣传,关键词覆盖: 广告 -> 虚假广告/虚假宣传
《药品广告审查发布标准》第四条,食品药品,虚假广告/虚假宣传,关键词覆盖: 广告 -> 虚假广告/虚假宣传
《药品广告审查表》,食品药品,虚假广告/虚假宣传,关键词覆盖: 广告 -> 虚假广告/虚假宣传
《药品广告审查证明》,食品药品,虚假广告/虚假宣传,关键词覆盖: 广告 -> 虚假广告/虚假宣传
《药品广告审查发布标准》第十条,食品药品,虚假广告/虚假宣传,关键词覆盖: 广告 -> 虚假广告/虚假宣传
《药品广告审查发布标准》第十八条第四款,食品药品,虚假广告/虚假宣传,关键词覆盖: 广告 -> 虚假广告/虚假宣传
《药品广告审查发布标准》第十二条第二项,食品药品,虚假广告/虚假宣传,关键词覆盖: 广告 -> 虚假广告/虚假宣传
《药品、医疗器械、保健食品、特殊医学用途配方食品广告审查管理暂行办法》,食品药品,虚假广告/虚假宣传,关键词覆盖: 广告 -> 虚假广告/虚假宣传
《药品、医疗器械、保健食品、特殊医学用途配方食品广告审查管理暂行办法》第二十八条“违反本办法第十一条第六项至第八项,食品药品,虚假广告/虚假宣传,关键词覆盖: 广告 -> 虚假广告/虚假宣传
《药品、医疗器械、保健食品、特殊医学用途配方食品广告审查管理暂行办法》第二十条,食品药品,虚假广告/虚假宣传,关键词覆盖: 广告 -> 虚假广告/虚假宣传
《药品广告审查发布标准》,食品药品,虚假广告/虚假宣传,关键词覆盖: 广告 -> 虚假广告/虚假宣传
《药品广告审查发布标准》第27号）第十二条第（四）项,食品药品,虚假广告/虚假宣传,关键词覆盖: 广告 -> 虚假广告/虚假宣传
《药品广告审查发布标准》第七条、第八条,食品药品,虚假广告/虚假宣传,关键词覆盖: 广告 -> 虚假广告/虚假宣传
《药品广告审查发布标准》第七条第一款、第八条第二款、第十条第（五）项,食品药品,虚假广告/虚假宣传,关键词覆盖: 广告 -> 虚假广告/虚假宣传
《药品广告审查发布标准》第七条第一款的规定,食品药品,虚假广告/虚假宣传,关键词覆盖: 广告 -> 虚假广告/虚假宣传
《药品广告审查发布标准》第十三条第一款,食品药品,虚假广告/虚假宣传,关键词覆盖: 广告 -> 虚假广告/虚假宣传
《药品广告审查发布标准》第十二条第一款第（二）项,食品药品,虚假广告/虚假宣传,关键词覆盖: 广告 -> 虚假广告/虚假宣传
《保健食品广告审查暂行规定》,食品药品,虚假广告/虚假宣传,关键词覆盖: 广告 -> 虚假广告/虚假宣传
《违法保健食品广告移送通知书》,食品药品,虚假广告/虚假宣传,关键词覆盖: 广告 -> 虚假广告/虚假宣传
《食品广告发布暂行规定》第7条,食品药品,虚假广告/虚假宣传,关键词覆盖: 广告 -> 虚假广告/虚假宣传
《食品广告发布暂行规定》第15条,食品药品,虚假广告/虚假宣传,关键词覆盖: 广告 -> 虚假广告/虚假宣传
《食品广告发布暂行规定》,食品药品,虚假广告/虚假宣传,关键词覆盖: 广告 -> 虚假广告/虚假宣传
《食品广告发布暂行规定》第9条,食品药品,虚假广告/虚假宣传,关键词覆盖: 广告 -> 虚假广告/虚假宣传
《食品广告发布暂行规定》第七条及第十三条的规定,食品药品,虚假广告/虚假宣传,关键词覆盖: 广告 -> 虚假广告/虚假宣传
《食品广告发布暂行规定》第七条的规定,食品药品,虚假广告/虚假宣传,关键词覆盖: 广告 -> 虚假广告/虚假宣传
《食品广告发布暂行规定》第七条和第十三条的规定,食品药品,虚假广告/虚假宣传,关键词覆盖: 广告 -> 虚假广告/虚假宣传
《食品广告发布暂行规定》第四条的规定,食品药品,虚假广告/虚假宣传,关键词覆盖: 广告 -> 虚假广告/虚假宣传
《食品广告发布暂行规定》第十条,食品药品,虚假广告/虚假宣传,关键词覆盖: 广告 -> 虚假广告/虚假宣传
《食品广告发布暂行规定》第十五条,食品药品,虚假广告/虚假宣传,关键词覆盖: 广告 -> 虚假广告/虚假宣传
《食品广告发布暂行规定》第十三条的规定,食品药品,虚假广告/虚假宣传,关键词覆盖: 广告 -> 虚假广告/虚假宣传
《食品广告发布暂行规定》第十三条之规定,食品药品,虚假广告/虚假宣传,关键词覆盖: 广告 -> 虚假广告/虚假宣传
《食品广告发布暂行规定》第十三条,食品药品,虚假广告/虚假宣传,关键词覆盖: 广告 -> 虚假广告/虚假宣传
《食品广告发布暂行规定》第九条的规定,食品药品,虚假广告/虚假宣传,关键词覆盖: 广告 -> 虚假广告/虚假宣传
《食品广告发布暂行规定》第三条,食品药品,虚假广告/虚假宣传,关键词覆盖: 广告 -> 虚假广告/虚假宣传
