legal_articles,legal_violation_categories,violation_keywords,is_generic,before_legal_categories,reason_ai,original_big_category,remove_reason
<<中华人民共和国公司法>>,市场主体与登记治理,ai,True,<泛类型>,违反公司设立登记等公司法规定。,无照经营/登记问题,(6-5) 公司法本身太泛 | 匹配模式: '<<中华人民共和国公司法>>' | 法条: <<中华人民共和国公司法>>
<<中华人民共和国公司法>>第七条第三款,市场主体与登记治理,ai,True,<泛类型>,公司登记虚假信息相关规定。,无照经营/登记问题,(6-7) 泛型法条被AI分为具体分类'市场主体与登记治理'，应删除 | 原标记: <泛类型> | 法条: <<中华人民共和国公司法>>第七条第三款
<<中华人民共和国公司法>>第三十六条,市场主体与登记治理,ai,True,<泛类型>,公司登记事项变更、登记义务相关。,无照经营/登记问题,(6-7) 泛型法条被AI分为具体分类'市场主体与登记治理'，应删除 | 原标记: <泛类型> | 法条: <<中华人民共和国公司法>>第三十六条
<<中华人民共和国公司法>>第二十五条第一款,市场主体与登记治理,ai,True,<泛类型>,公司设立登记事项违规，属登记问题。,无照经营/登记问题,(6-7) 泛型法条被AI分为具体分类'市场主体与登记治理'，应删除 | 原标记: <泛类型> | 法条: <<中华人民共和国公司法>>第二十五条第一款
<<中华人民共和国公司法>>第二百一十一条第二款,财税与金融监管,ai,True,<泛类型>,该条款规范公司财务会计行为。,会计/账务,(6-7) 泛型法条被AI分为具体分类'财税与金融监管'，应删除 | 原标记: <泛类型> | 法条: <<中华人民共和国公司法>>第二百一十一条第二款
<<中华人民共和国公司法>>第二百零一条,市场主体与登记治理,ai,True,<泛类型>,仅给出条号无具体内容，无法判断。,其他违法行为,(6-7) 泛型法条被AI分为具体分类'市场主体与登记治理'，应删除 | 原标记: <泛类型> | 法条: <<中华人民共和国公司法>>第二百零一条
<<公司法>>第二百一十二条第二款,财税与金融监管,ai,True,<泛类型>,公司法该条多涉及账务责任。,会计/账务,(6-7) 泛型法条被AI分为具体分类'财税与金融监管'，应删除 | 原标记: <泛类型> | 法条: <<公司法>>第二百一十二条第二款
<<家居空气净化竹炭 使用说明>>,产品质量与安全,ai,True,<泛类型>,涉及产品说明和使用要求内容。,产品质量,(6-7) 泛型法条被AI分为具体分类'产品质量与安全'，应删除 | 原标记: <泛类型> | 法条: <<家居空气净化竹炭 使用说明>>
<<工商行政管理机关行政处罚程序规定>>第十六条、第十七条,其他,ai,True,<泛类型>,仅为程序规定条款，无法细分类型。,其他违法行为,(6-5) 程序性，不含实体违规 | 匹配模式: '行政处罚程序' | 法条: <<工商行政管理机关行政处罚程序规定>>第十六条、第十七条
<<竹炭座垫 产品功效>>,市场秩序与竞争监管,ai,True,<泛类型>,宣传竹炭座垫功效涉嫌夸大疗效。,虚假广告/虚假宣传,(6-7) 泛型法条被AI分为具体分类'市场秩序与竞争监管'，应删除 | 原标记: <泛类型> | 法条: <<竹炭座垫 产品功效>>
《(租房)协议书》,建设工程与房地产,ai,True,<泛类型>,与房屋租赁协议内容直接相关。,房地产/土地,(6-7) 泛型法条被AI分为具体分类'建设工程与房地产'，应删除 | 原标记: <泛类型> | 法条: 《(租房)协议书》
《***人******政处罚法》第七十二条第一款第(一)项规定可以每日按罚款数额的百分之三加处罚款,其他,ai,True,<泛类型>,仅提及加处罚款规则，无法判断具体领域。,其他违法行为,(6-5) 处罚措施描述 | 匹配模式: '可以每日按罚款数额的百分之三加处罚款' | 法条: 《***人******政处罚法》第七十二条第一款第(一)项规定可以每日按罚款数额的百分之三加处罚款
《***人民共和国行政处罚法》第七十二条第一款第(一)项规定可以每日按罚款数额的百分之三加处罚款,其他,ai,True,<泛类型>,仅见加处罚款规则，无法细分领域。,其他违法行为,(6-5) 处罚措施描述 | 匹配模式: '可以每日按罚款数额的百分之三加处罚款' | 法条: 《***人民共和国行政处罚法》第七十二条第一款第(一)项规定可以每日按罚款数额的百分之三加处罚款
《***人民共和国行政处罚法》第七十二条第一款第（一）项规定可以每日按罚款数额的百分之三加处罚款,其他,ai,True,<泛类型>,仅提及行罚法条款，无具体领域信息。,其他违法行为,(6-5) 处罚措施描述 | 匹配模式: '可以每日按罚款数额的百分之三加处罚款' | 法条: 《***人民共和国行政处罚法》第七十二条第一款第（一）项规定可以每日按罚款数额的百分之三加处罚款
《***公路条例》第五十三条第一款第(三)项的规定,交通运输,ai,True,<泛类型>,属公路领域管理义务违法。,交通运输违规,(6-7) 泛型法条被AI分为具体分类'交通运输'，应删除 | 原标记: <泛类型> | 法条: 《***公路条例》第五十三条第一款第(三)项的规定
《0.62%四氟甲醚菊酯电热蚊香液》,产品质量与安全,ai,True,<泛类型>,涉及具体产品名称，引发质量监管。,产品质量,(6-7) 泛型法条被AI分为具体分类'产品质量与安全'，应删除 | 原标记: <泛类型> | 法条: 《0.62%四氟甲醚菊酯电热蚊香液》
《100102回风巷掘进工作面作业规程》,安全生产,ai,True,<泛类型>,《作业规程》属矿山作业安全管理。,安全生产,(6-7) 泛型法条被AI分为具体分类'安全生产'，应删除 | 原标记: <泛类型> | 法条: 《100102回风巷掘进工作面作业规程》
《1020D回采作业规程》,安全生产,ai,True,<泛类型>,《回采作业规程》属矿山安全生产规范。,安全生产,(6-7) 泛型法条被AI分为具体分类'安全生产'，应删除 | 原标记: <泛类型> | 法条: 《1020D回采作业规程》
《1021上下运掘进工作面作业规程》,安全生产,ai,True,<泛类型>,煤矿掘进作业规程，属安全生产管理。,安全生产,(6-7) 泛型法条被AI分为具体分类'安全生产'，应删除 | 原标记: <泛类型> | 法条: 《1021上下运掘进工作面作业规程》
《1026回风巷（炮掘）作业规程》,安全生产,ai,True,<泛类型>,《作业规程》属矿山安全生产管理。,安全生产,(6-7) 泛型法条被AI分为具体分类'安全生产'，应删除 | 原标记: <泛类型> | 法条: 《1026回风巷（炮掘）作业规程》
《10503综采工作面作业规程》,安全生产,ai,True,<泛类型>,矿井综采作业规程，属安全生产管理。,安全生产,(6-7) 泛型法条被AI分为具体分类'安全生产'，应删除 | 原标记: <泛类型> | 法条: 《10503综采工作面作业规程》
《10700回采工作面作业规程》,安全生产,ai,True,<泛类型>,矿井回采作业规程属安全生产管理。,安全生产,(6-7) 泛型法条被AI分为具体分类'安全生产'，应删除 | 原标记: <泛类型> | 法条: 《10700回采工作面作业规程》
《10709中面作业规程》,安全生产,ai,True,<泛类型>,《作业规程》通常规范作业安全行为。,安全生产,(6-7) 泛型法条被AI分为具体分类'安全生产'，应删除 | 原标记: <泛类型> | 法条: 《10709中面作业规程》
《10KV及以下变电所设计规范》,建设工程与房地产,ai,True,<泛类型>,《变电所设计规范》属工程设计规范。,建设工程,(6-7) 泛型法条被AI分为具体分类'建设工程与房地产'，应删除 | 原标记: <泛类型> | 法条: 《10KV及以下变电所设计规范》
《11012采面作业规程》,安全生产,ai,True,<泛类型>,《采面作业规程》属安全生产规范。,安全生产,(6-7) 泛型法条被AI分为具体分类'安全生产'，应删除 | 原标记: <泛类型> | 法条: 《11012采面作业规程》
《11121回风顺槽掘进工作面第九循环（K0+650.4m-K0+770.4）物探、地质、探放水钻孔资料》,安全生产,ai,True,<泛类型>,矿井掘进物探地质探放水，属生产安全。,安全生产,(6-7) 泛型法条被AI分为具体分类'安全生产'，应删除 | 原标记: <泛类型> | 法条: 《11121回风顺槽掘进工作面第九循环（K0+650.4m-K0+770.4）物探、地质、探放水钻孔...
《111501复采回风巷掘进作业规程》,安全生产,ai,True,<泛类型>,矿井掘进作业规程，属生产安全。,安全生产,(6-7) 泛型法条被AI分为具体分类'安全生产'，应删除 | 原标记: <泛类型> | 法条: 《111501复采回风巷掘进作业规程》
《1121采煤工作面作业规程》,安全生产,ai,True,<泛类型>,采煤作业规程属矿山安全管理。,安全生产,(6-7) 泛型法条被AI分为具体分类'安全生产'，应删除 | 原标记: <泛类型> | 法条: 《1121采煤工作面作业规程》
《113上05综采工作面作业规程》,安全生产,ai,True,<泛类型>,《作业规程》属矿山安全生产管理。,安全生产,(6-7) 泛型法条被AI分为具体分类'安全生产'，应删除 | 原标记: <泛类型> | 法条: 《113上05综采工作面作业规程》
《113下07运顺探放老空水方案设计》,安全生产,ai,True,<泛类型>,矿井探放老空水专项安全技术方案设计。,安全生产,(6-7) 泛型法条被AI分为具体分类'安全生产'，应删除 | 原标记: <泛类型> | 法条: 《113下07运顺探放老空水方案设计》
《11503采煤工作面作业规程》,安全生产,ai,True,<泛类型>,煤矿采煤作业规程属生产安全管理。,安全生产,(6-7) 泛型法条被AI分为具体分类'安全生产'，应删除 | 原标记: <泛类型> | 法条: 《11503采煤工作面作业规程》
《11505综采工作面作业规程》,安全生产,ai,True,<泛类型>,矿山综采作业规程属安全生产管理。,安全生产,(6-7) 泛型法条被AI分为具体分类'安全生产'，应删除 | 原标记: <泛类型> | 法条: 《11505综采工作面作业规程》
《11602采煤工作面作业规程》,安全生产,ai,True,<泛类型>,矿井采煤作业规程，属安全生产管理。,安全生产,(6-7) 泛型法条被AI分为具体分类'安全生产'，应删除 | 原标记: <泛类型> | 法条: 《11602采煤工作面作业规程》
《1200泄水巷掘进工作面作业规程》,安全生产,ai,True,<泛类型>,《作业规程》属矿山安全生产规范。,安全生产,(6-7) 泛型法条被AI分为具体分类'安全生产'，应删除 | 原标记: <泛类型> | 法条: 《1200泄水巷掘进工作面作业规程》
《1303工作面回采作业规程》,安全生产,ai,True,<泛类型>,煤矿回采作业规程，属安全生产管理。,安全生产,(6-7) 泛型法条被AI分为具体分类'安全生产'，应删除 | 原标记: <泛类型> | 法条: 《1303工作面回采作业规程》
《1305综采工作面作业规程》,安全生产,ai,True,<泛类型>,矿井综采工作面作业规程属安全生产规范。,安全生产,(6-7) 泛型法条被AI分为具体分类'安全生产'，应删除 | 原标记: <泛类型> | 法条: 《1305综采工作面作业规程》
《1308综放工作面作业规程》,安全生产,ai,True,<泛类型>,《作业规程》属矿山安全生产规范。,安全生产,(6-7) 泛型法条被AI分为具体分类'安全生产'，应删除 | 原标记: <泛类型> | 法条: 《1308综放工作面作业规程》
《1319综放工作面作业规程》,安全生产,ai,True,<泛类型>,矿山作业规程属生产安全管理。,安全生产,(6-7) 泛型法条被AI分为具体分类'安全生产'，应删除 | 原标记: <泛类型> | 法条: 《1319综放工作面作业规程》
《132621(外)综采工作面回采作业规程》,安全生产,ai,True,<泛类型>,矿山作业规程属生产安全管理规范。,安全生产,(6-7) 泛型法条被AI分为具体分类'安全生产'，应删除 | 原标记: <泛类型> | 法条: 《132621(外)综采工作面回采作业规程》
《1345东翼边界石门揭18煤专项防突设计》,安全生产,ai,True,<泛类型>,煤矿专项防突安全设计相关规定。,安全生产,(6-7) 泛型法条被AI分为具体分类'安全生产'，应删除 | 原标记: <泛类型> | 法条: 《1345东翼边界石门揭18煤专项防突设计》
《1404回风巷掘进工作面作业规程》,安全生产,ai,True,<泛类型>,矿井掘进作业规程，属生产安全管理。,安全生产,(6-7) 泛型法条被AI分为具体分类'安全生产'，应删除 | 原标记: <泛类型> | 法条: 《1404回风巷掘进工作面作业规程》
《15242上顺槽掘进工作面煤与瓦斯突出事故逃生、救援演习实施过程》,安全生产,ai,True,<泛类型>,涉及煤矿瓦斯事故逃生救援演习。,安全生产,(6-7) 泛型法条被AI分为具体分类'安全生产'，应删除 | 原标记: <泛类型> | 法条: 《15242上顺槽掘进工作面煤与瓦斯突出事故逃生、救援演习实施过程》
《1545风巷断面支护图》,建设工程与房地产,ai,True,<泛类型>,涉及巷道支护工程设计图纸相关。,建设工程,(6-7) 泛型法条被AI分为具体分类'建设工程与房地产'，应删除 | 原标记: <泛类型> | 法条: 《1545风巷断面支护图》
《154户拟吊销企业名单》,市场主体与登记治理,ai,True,<泛类型>,拟吊销企业多因长期停业未经营。,未开业/自行停业,(6-7) 泛型法条被AI分为具体分类'市场主体与登记治理'，应删除 | 原标记: <泛类型> | 法条: 《154户拟吊销企业名单》
《15G367-1》,建设工程与房地产,ai,True,<泛类型>,“15G367-1”系建筑结构施工图集规范。,建设工程,(6-7) 泛型法条被AI分为具体分类'建设工程与房地产'，应删除 | 原标记: <泛类型> | 法条: 《15G367-1》
《16G101-1》,建设工程与房地产,ai,True,<泛类型>,16G101-1为建筑结构施工规范图集。,建设工程,(6-7) 泛型法条被AI分为具体分类'建设工程与房地产'，应删除 | 原标记: <泛类型> | 法条: 《16G101-1》
《172402运料石门掘进工作面作业规程》,安全生产,ai,True,<泛类型>,矿山作业规程，属生产安全管理。,安全生产,(6-7) 泛型法条被AI分为具体分类'安全生产'，应删除 | 原标记: <泛类型> | 法条: 《172402运料石门掘进工作面作业规程》
《172404综放工作面回采作业规程》,安全生产,ai,True,<泛类型>,《作业规程》属矿山安全生产规范。,安全生产,(6-7) 泛型法条被AI分为具体分类'安全生产'，应删除 | 原标记: <泛类型> | 法条: 《172404综放工作面回采作业规程》
《174401里综采工作面回采作业规程》,安全生产,ai,True,<泛类型>,矿山作业规程，属生产安全管理。,安全生产,(6-7) 泛型法条被AI分为具体分类'安全生产'，应删除 | 原标记: <泛类型> | 法条: 《174401里综采工作面回采作业规程》
《1905回采工作面作业规程》,安全生产,ai,True,<泛类型>,矿井回采作业规程，属生产安全管理。,安全生产,(6-7) 泛型法条被AI分为具体分类'安全生产'，应删除 | 原标记: <泛类型> | 法条: 《1905回采工作面作业规程》
《2008北京商品合同》,市场秩序与竞争监管,ai,True,<泛类型>,《合同》规范商品交易秩序。,消费者权益/市场秩序,(6-7) 泛型法条被AI分为具体分类'市场秩序与竞争监管'，应删除 | 原标记: <泛类型> | 法条: 《2008北京商品合同》
《2009中国最具投资潜力商业地产项目》,*商业地产评选活动*,ai,True,<泛类型>,《最具投资潜力商业地产项目》评选活动。,*商业地产评选活动*,(6-6) AI分类含星号'*商业地产评选活动*'，分类不确定 | 法条: 《2009中国最具投资潜力商业地产项目》
《2009年西安杨森产品特殊陈列协议书》,市场秩序与竞争监管,ai,True,<泛类型>,医药企业与医院特殊陈列协议涉商业促销。,不正当竞争/商业贿赂,(6-7) 泛型法条被AI分为具体分类'市场秩序与竞争监管'，应删除 | 原标记: <泛类型> | 法条: 《2009年西安杨森产品特殊陈列协议书》
《2012年北京市流通领域商品质量检测-成人服装抽样细则》,产品质量与安全,ai,True,<泛类型>,《商品质量检测》成人服装抽检规范相关。,产品质量,(6-7) 泛型法条被AI分为具体分类'产品质量与安全'，应删除 | 原标记: <泛类型> | 法条: 《2012年北京市流通领域商品质量检测-成人服装抽样细则》
《2013年朝阳市汽、柴油商品质量监督抽查实施方案》,产品质量与安全,ai,True,<泛类型>,涉及汽柴油商品质量监督抽查。,产品质量,(6-7) 泛型法条被AI分为具体分类'产品质量与安全'，应删除 | 原标记: <泛类型> | 法条: 《2013年朝阳市汽、柴油商品质量监督抽查实施方案》
《2014年度奥马冰箱区域代理协议》,市场秩序与竞争监管,ai,True,<泛类型>,商品区域代理协议，涉市场经营秩序。,消费者权益/市场秩序,(6-7) 泛型法条被AI分为具体分类'市场秩序与竞争监管'，应删除 | 原标记: <泛类型> | 法条: 《2014年度奥马冰箱区域代理协议》
《2014年汽车用品商品质量检验结果通知书》,产品质量与安全,ai,True,<泛类型>,涉及汽车用品商品质量检验结果。,产品质量,(6-7) 泛型法条被AI分为具体分类'产品质量与安全'，应删除 | 原标记: <泛类型> | 法条: 《2014年汽车用品商品质量检验结果通知书》
《2015年度企业年度报告书》,市场主体与登记治理,ai,True,<泛类型>,《企业年度报告书》属信息公示义务。,企业信息公示,(6-5) 报告书类 | 匹配模式: '年度报告' | 法条: 《2015年度企业年度报告书》
《2015年流通环节商品质量抽样取证检验结果通知书》,产品质量与安全,ai,True,<泛类型>,商品质量抽检不合格，属产品质量问题。,产品质量,(6-7) 泛型法条被AI分为具体分类'产品质量与安全'，应删除 | 原标记: <泛类型> | 法条: 《2015年流通环节商品质量抽样取证检验结果通知书》
《2015年销售费用三栏式明细账账页》,财税与金融监管,ai,True,<泛类型>,涉及销售费用明细账账页管理规范。,会计/账务,(6-7) 泛型法条被AI分为具体分类'财税与金融监管'，应删除 | 原标记: <泛类型> | 法条: 《2015年销售费用三栏式明细账账页》
《2016年年度报告》,市场主体与登记治理,ai,True,<泛类型>,《年度报告》属于企业公示信息。,企业信息公示,(6-5) 报告书类 | 匹配模式: '年度报告' | 法条: 《2016年年度报告》
《2017年3月份考勤表》,劳动保障,ai,True,<泛类型>,考勤表涉及考勤管理与用工制度。,劳动保障/用工,(6-7) 泛型法条被AI分为具体分类'劳动保障'，应删除 | 原标记: <泛类型> | 法条: 《2017年3月份考勤表》
《2017年4月份员工名册》,劳动保障,ai,True,<泛类型>,《员工名册》涉及用工与劳动管理。,劳动保障/用工,(6-7) 泛型法条被AI分为具体分类'劳动保障'，应删除 | 原标记: <泛类型> | 法条: 《2017年4月份员工名册》
《2017年年度报告》,市场主体与登记治理,ai,True,<泛类型>,《年度报告》属企业信息公示义务。,企业信息公示,(6-5) 报告书类 | 匹配模式: '年度报告' | 法条: 《2017年年度报告》
《2017年度企业报告书》,市场主体与登记治理,ai,True,<泛类型>,《企业年度报告书》属于信息公示义务。,企业信息公示,(6-7) 泛型法条被AI分为具体分类'市场主体与登记治理'，应删除 | 原标记: <泛类型> | 法条: 《2017年度企业报告书》
《2017年清理长期停业未经营企业工作方案》,市场主体与登记治理,ai,True,<泛类型>,规范长期停业未经营企业清理。,未开业/自行停业,(6-7) 泛型法条被AI分为具体分类'市场主体与登记治理'，应删除 | 原标记: <泛类型> | 法条: 《2017年清理长期停业未经营企业工作方案》
《2017年第四季度成品油质量监督抽查实施细则》,产品质量与安全,ai,True,<泛类型>,成品油质量监督抽查，属产品质量。,产品质量,(6-7) 泛型法条被AI分为具体分类'产品质量与安全'，应删除 | 原标记: <泛类型> | 法条: 《2017年第四季度成品油质量监督抽查实施细则》
《2018-2019连续两年未年报企业名单电话记录簿》,市场主体与登记治理,ai,True,<泛类型>,涉及企业连续两年未年报情形。,企业信息公示,(6-7) 泛型法条被AI分为具体分类'市场主体与登记治理'，应删除 | 原标记: <泛类型> | 法条: 《2018-2019连续两年未年报企业名单电话记录簿》
《2018.5-2022.3融园商铺电费结算汇总》,市场秩序与竞争监管,ai,True,<泛类型>,《电费结算汇总》体现电价收费问题。,价格/收费,(6-7) 泛型法条被AI分为具体分类'市场秩序与竞争监管'，应删除 | 原标记: <泛类型> | 法条: 《2018.5-2022.3融园商铺电费结算汇总》
《2018年年度报告》,市场主体与登记治理,ai,True,<泛类型>,《年度报告》属于企业信息公示义务。,企业信息公示,(6-5) 报告书类 | 匹配模式: '年度报告' | 法条: 《2018年年度报告》
《2018年至今购销情况说明》,财税与金融监管,ai,True,<泛类型>,涉及购销情况说明属财务账务内容。,会计/账务,(6-7) 泛型法条被AI分为具体分类'财税与金融监管'，应删除 | 原标记: <泛类型> | 法条: 《2018年至今购销情况说明》
《2019年休闲装监督抽查实施规范》,产品质量与安全,ai,True,<泛类型>,监督抽查休闲装质量，属产品质量。,产品质量,(6-7) 泛型法条被AI分为具体分类'产品质量与安全'，应删除 | 原标记: <泛类型> | 法条: 《2019年休闲装监督抽查实施规范》
《2019年年度报告》,市场主体与登记治理,ai,True,<泛类型>,涉及年度报告信息公示义务。,企业信息公示,(6-5) 报告书类 | 匹配模式: '年度报告' | 法条: 《2019年年度报告》
《2019年度摆臂、积放段、斜带机、加速段设备购销合同》,建设工程与房地产,ai,True,<泛类型>,涉及设备购销合同，属工程采购。,工程建设/招投标,(6-7) 泛型法条被AI分为具体分类'建设工程与房地产'，应删除 | 原标记: <泛类型> | 法条: 《2019年度摆臂、积放段、斜带机、加速段设备购销合同》
《2019年辽宁省成品油市场监督检查工作实施方案》,安全生产,ai,True,<泛类型>,成品油属危化品，涉及安全监管。,安全生产/危化品,(6-7) 泛型法条被AI分为具体分类'安全生产'，应删除 | 原标记: <泛类型> | 法条: 《2019年辽宁省成品油市场监督检查工作实施方案》
《2020年-2022年取水量台账表》,环境保护,ai,True,<泛类型>,取水量台账涉及水资源取用管理。,水资源,(6-7) 泛型法条被AI分为具体分类'环境保护'，应删除 | 原标记: <泛类型> | 法条: 《2020年-2022年取水量台账表》
《2020年双随机检查盲样考核结果表》,统计相关,ai,True,<泛类型>,双随机检查盲样考核，属统计监督。,统计相关,(6-7) 泛型法条被AI分为具体分类'统计相关'，应删除 | 原标记: <泛类型> | 法条: 《2020年双随机检查盲样考核结果表》
《2020年各季度上网电量及时均上网电量》,统计相关,ai,True,<泛类型>,与电力统计数据及统计管理相关。,统计相关,(6-7) 泛型法条被AI分为具体分类'统计相关'，应删除 | 原标记: <泛类型> | 法条: 《2020年各季度上网电量及时均上网电量》
《2020年度销售明细》,财税与金融监管,ai,True,<泛类型>,《销售明细》属财务会计资料。,会计/账务,(6-7) 泛型法条被AI分为具体分类'财税与金融监管'，应删除 | 原标记: <泛类型> | 法条: 《2020年度销售明细》
《2020年收费明细表》,市场秩序与竞争监管,ai,True,<泛类型>,以收费明细表为核心内容。,价格/收费,(6-7) 泛型法条被AI分为具体分类'市场秩序与竞争监管'，应删除 | 原标记: <泛类型> | 法条: 《2020年收费明细表》
《2020年管理评审输入报告(1)内、外部审核结果的汇报》,*企业管理评审*,ai,True,<泛类型>,仅为管理评审报告标题，无执法内容。,*企业管理评审*,(6-6) AI分类含星号'*企业管理评审*'，分类不确定 | 法条: 《2020年管理评审输入报告(1)内、外部审核结果的汇报》
《2020年装配51&52组第37周计划》,*企业内部计划管理*,ai,True,<泛类型>,《装配…周计划》属内部生产计划管理。,*企业内部计划管理*,(6-6) AI分类含星号'*企业内部计划管理*'，分类不确定 | 法条: 《2020年装配51&52组第37周计划》
《2021.05.01-2022.03.28与2023.04.01-2023.05.31考勤汇总表》,劳动保障,ai,True,<泛类型>,与职工考勤汇总表相关，用工管理问题。,劳动保障/用工,(6-7) 泛型法条被AI分为具体分类'劳动保障'，应删除 | 原标记: <泛类型> | 法条: 《2021.05.01-2022.03.28与2023.04.01-2023.05.31考勤汇总表》
《2021年各季度上网电量及时均上网电量》,*电力行业管理*,ai,True,<泛类型>,《上网电量》电力运行管理规范相关。,*电力行业管理*,(6-6) AI分类含星号'*电力行业管理*'，分类不确定 | 法条: 《2021年各季度上网电量及时均上网电量》
《2021年度企业年度报告书》,市场主体与登记治理,ai,True,<泛类型>,涉及企业年度报告信息公示问题。,企业信息公示,(6-5) 报告书类 | 匹配模式: '年度报告' | 法条: 《2021年度企业年度报告书》
《2021年至2023年产品销售成本明细账账页》,财税与金融监管,ai,True,<泛类型>,涉及产品销售成本明细账页管理。,会计/账务,(6-7) 泛型法条被AI分为具体分类'财税与金融监管'，应删除 | 原标记: <泛类型> | 法条: 《2021年至2023年产品销售成本明细账账页》
《2021年至2023年原材料明细账账页》,财税与金融监管,ai,True,<泛类型>,涉及原材料明细账账页管理问题。,会计/账务,(6-7) 泛型法条被AI分为具体分类'财税与金融监管'，应删除 | 原标记: <泛类型> | 法条: 《2021年至2023年原材料明细账账页》
《2021年至2023年生产成本明细账账页》,财税与金融监管,ai,True,<泛类型>,涉及生产成本明细账及账页管理。,会计/账务,(6-7) 泛型法条被AI分为具体分类'财税与金融监管'，应删除 | 原标记: <泛类型> | 法条: 《2021年至2023年生产成本明细账账页》
《2022.03.29-2023.03.31考勤汇总表》,劳动保障,ai,True,<泛类型>,考勤汇总涉及劳动用工与考勤管理。,劳动保障/用工,(6-7) 泛型法条被AI分为具体分类'劳动保障'，应删除 | 原标记: <泛类型> | 法条: 《2022.03.29-2023.03.31考勤汇总表》
《2022年从化区市场监督管理局年报、核查函投递反馈表》,市场主体与登记治理,ai,True,<泛类型>,涉及年报及核查函投递反馈事项。,企业信息公示,(6-7) 泛型法条被AI分为具体分类'市场主体与登记治理'，应删除 | 原标记: <泛类型> | 法条: 《2022年从化区市场监督管理局年报、核查函投递反馈表》
《2022年全市机动车停放服务收费专项整治行动工作方案》,市场秩序与竞争监管,ai,True,<泛类型>,《机动车停放服务收费》属收费监管。,价格/收费,(6-7) 泛型法条被AI分为具体分类'市场秩序与竞争监管'，应删除 | 原标记: <泛类型> | 法条: 《2022年全市机动车停放服务收费专项整治行动工作方案》
《2022年半年度报告》,其他,ai,True,<泛类型>,仅出现报告名称，无法判断具体内容。,其他违法行为,(6-5) 报告书类 | 匹配模式: '年度报告' | 法条: 《2022年半年度报告》
《2022年惠州市创兴达建材有限公司取水统计月数据》,环境保护,ai,True,<泛类型>,涉及企业取水统计及用水管理。,水资源,(6-7) 泛型法条被AI分为具体分类'环境保护'，应删除 | 原标记: <泛类型> | 法条: 《2022年惠州市创兴达建材有限公司取水统计月数据》
《2022年邯郸市建筑用绝缘电工套管产品监督抽查规范》,产品质量与安全,ai,True,<泛类型>,针对产品监督抽查与质量要求规范。,产品质量,(6-7) 泛型法条被AI分为具体分类'产品质量与安全'，应删除 | 原标记: <泛类型> | 法条: 《2022年邯郸市建筑用绝缘电工套管产品监督抽查规范》
《2023年度防灭火专项设计》,消防安全,ai,True,<泛类型>,防灭火专项设计直接涉及消防规范。,消防安全,(6-7) 泛型法条被AI分为具体分类'消防安全'，应删除 | 原标记: <泛类型> | 法条: 《2023年度防灭火专项设计》
《2023年第三季度储量小结》,粮食/储备粮管理,ai,True,<泛类型>,标题含“储量小结”涉及粮食储备管理。,粮食/储备粮管理,(6-7) 泛型法条被AI分为具体分类'粮食/储备粮管理'，应删除 | 原标记: <泛类型> | 法条: 《2023年第三季度储量小结》
《20316主运、辅运顺槽掘进工作面作业规程》,安全生产,ai,True,<泛类型>,矿井掘进作业规程，属安全生产管理。,安全生产,(6-7) 泛型法条被AI分为具体分类'安全生产'，应删除 | 原标记: <泛类型> | 法条: 《20316主运、辅运顺槽掘进工作面作业规程》
《20316主运顺槽掘进工作面作业规程》,安全生产,ai,True,<泛类型>,《作业规程》属矿山安全生产管理。,安全生产,(6-7) 泛型法条被AI分为具体分类'安全生产'，应删除 | 原标记: <泛类型> | 法条: 《20316主运顺槽掘进工作面作业规程》
《21310综采工作面回采作业规程》,安全生产,ai,True,<泛类型>,《回采作业规程》属矿山安全管理规范。,安全生产,(6-7) 泛型法条被AI分为具体分类'安全生产'，应删除 | 原标记: <泛类型> | 法条: 《21310综采工作面回采作业规程》
《221513综采工作面作业规程》,安全生产,ai,True,<泛类型>,矿井综采工作面作业规程属安全生产。,安全生产,(6-7) 泛型法条被AI分为具体分类'安全生产'，应删除 | 原标记: <泛类型> | 法条: 《221513综采工作面作业规程》
《221517综采工作面作业规程》,安全生产,ai,True,<泛类型>,矿井综采工作面作业规程属安全生产管理。,安全生产,(6-7) 泛型法条被AI分为具体分类'安全生产'，应删除 | 原标记: <泛类型> | 法条: 《221517综采工作面作业规程》
《2305综放工作面作业规程》,安全生产,ai,True,<泛类型>,作业规程属生产安全操作规范。,安全生产,(6-7) 泛型法条被AI分为具体分类'安全生产'，应删除 | 原标记: <泛类型> | 法条: 《2305综放工作面作业规程》
《27316上顺槽掘进作业规程》,安全生产,ai,True,<泛类型>,矿井掘进作业规程，属生产安全管理。,安全生产,(6-7) 泛型法条被AI分为具体分类'安全生产'，应删除 | 原标记: <泛类型> | 法条: 《27316上顺槽掘进作业规程》
《27316上顺槽措施巷作业规程》,安全生产,ai,True,<泛类型>,《作业规程》属矿井作业安全管理。,安全生产,(6-7) 泛型法条被AI分为具体分类'安全生产'，应删除 | 原标记: <泛类型> | 法条: 《27316上顺槽措施巷作业规程》
《27316下顺槽措施巷作业规程》,安全生产,ai,True,<泛类型>,煤矿作业规程，属生产安全管理。,安全生产,(6-7) 泛型法条被AI分为具体分类'安全生产'，应删除 | 原标记: <泛类型> | 法条: 《27316下顺槽措施巷作业规程》
《28、29频道合作协议》,公共文化与传媒,ai,True,<泛类型>,《频道合作协议》属广播电视传媒领域。,公共文化与传媒,(6-7) 泛型法条被AI分为具体分类'公共文化与传媒'，应删除 | 原标记: <泛类型> | 法条: 《28、29频道合作协议》
《30218综采工作面作业规程》,安全生产,ai,True,<泛类型>,矿井综采作业规程属安全生产管理。,安全生产,(6-7) 泛型法条被AI分为具体分类'安全生产'，应删除 | 原标记: <泛类型> | 法条: 《30218综采工作面作业规程》
《3131综放工作面作业规程》,安全生产,ai,True,<泛类型>,矿山作业规程，属生产安全管理。,安全生产,(6-7) 泛型法条被AI分为具体分类'安全生产'，应删除 | 原标记: <泛类型> | 法条: 《3131综放工作面作业规程》
《3199采煤工作面作业规程》,安全生产,ai,True,<泛类型>,采煤作业规程属矿山安全生产规范。,安全生产,(6-7) 泛型法条被AI分为具体分类'安全生产'，应删除 | 原标记: <泛类型> | 法条: 《3199采煤工作面作业规程》
《3202综采工作面作业规程》,安全生产,ai,True,<泛类型>,矿山作业规程属生产安全管理规范。,安全生产,(6-7) 泛型法条被AI分为具体分类'安全生产'，应删除 | 原标记: <泛类型> | 法条: 《3202综采工作面作业规程》
《3204回撤通道掘进工作面作业规程》,安全生产,ai,True,<泛类型>,矿井作业规程属生产安全管理。,安全生产,(6-7) 泛型法条被AI分为具体分类'安全生产'，应删除 | 原标记: <泛类型> | 法条: 《3204回撤通道掘进工作面作业规程》
《32K13综采工作面外切眼安装作业规程》,安全生产,ai,True,<泛类型>,矿井作业规程属安全生产管理。,安全生产,(6-7) 泛型法条被AI分为具体分类'安全生产'，应删除 | 原标记: <泛类型> | 法条: 《32K13综采工作面外切眼安装作业规程》
《32K13综采工作面超前支护强度验算及防倒措施》,安全生产,ai,True,<泛类型>,煤矿支护强度、防倒措施属安全生产。,安全生产,(6-7) 泛型法条被AI分为具体分类'安全生产'，应删除 | 原标记: <泛类型> | 法条: 《32K13综采工作面超前支护强度验算及防倒措施》
《3308综放工作面作业规程》,安全生产,ai,True,<泛类型>,《作业规程》属矿山安全生产规范。,安全生产,(6-7) 泛型法条被AI分为具体分类'安全生产'，应删除 | 原标记: <泛类型> | 法条: 《3308综放工作面作业规程》
《3309综放工作面回采作业规程》,安全生产,ai,True,<泛类型>,矿山回采作业规程属生产安全规范。,安全生产,(6-7) 泛型法条被AI分为具体分类'安全生产'，应删除 | 原标记: <泛类型> | 法条: 《3309综放工作面回采作业规程》
《3401综采工作面回采作业规程》,安全生产,ai,True,<泛类型>,煤矿综采作业规程属安全生产规范。,安全生产,(6-7) 泛型法条被AI分为具体分类'安全生产'，应删除 | 原标记: <泛类型> | 法条: 《3401综采工作面回采作业规程》
《3403工作面水文地质情况评估报告》,安全生产,ai,True,<泛类型>,矿井工作面水文地质评估属安全生产管理。,安全生产,(6-7) 泛型法条被AI分为具体分类'安全生产'，应删除 | 原标记: <泛类型> | 法条: 《3403工作面水文地质情况评估报告》
《3404采煤工作面作业规程》,安全生产,ai,True,<泛类型>,采煤作业规程属矿山安全生产管理。,安全生产,(6-7) 泛型法条被AI分为具体分类'安全生产'，应删除 | 原标记: <泛类型> | 法条: 《3404采煤工作面作业规程》
《401106回采工作面作业规程》,安全生产,ai,True,<泛类型>,矿井回采作业规程属安全生产管理。,安全生产,(6-7) 泛型法条被AI分为具体分类'安全生产'，应删除 | 原标记: <泛类型> | 法条: 《401106回采工作面作业规程》
《401110回风顺槽掘进工作面作业规程》,安全生产,ai,True,<泛类型>,矿井掘进作业规程，属生产安全管理。,安全生产,(6-7) 泛型法条被AI分为具体分类'安全生产'，应删除 | 原标记: <泛类型> | 法条: 《401110回风顺槽掘进工作面作业规程》
《401盘区冲击地压防治专项设计》,安全生产,ai,True,<泛类型>,《冲击地压防治专项设计》属矿山安全管理。,安全生产,(6-7) 泛型法条被AI分为具体分类'安全生产'，应删除 | 原标记: <泛类型> | 法条: 《401盘区冲击地压防治专项设计》
《402101工作面掘进期间冲击危险性评价及防冲设计》,安全生产,ai,True,<泛类型>,煤矿工作面防冲击危险设计属安监。,安全生产,(6-7) 泛型法条被AI分为具体分类'安全生产'，应删除 | 原标记: <泛类型> | 法条: 《402101工作面掘进期间冲击危险性评价及防冲设计》
《402101掘进工作面作业规程》,安全生产,ai,True,<泛类型>,矿山掘进作业规程，属生产安全规范。,安全生产,(6-7) 泛型法条被AI分为具体分类'安全生产'，应删除 | 原标记: <泛类型> | 法条: 《402101掘进工作面作业规程》
《40307工作面回风顺槽掘进作业规程》,安全生产,ai,True,<泛类型>,矿井掘进作业规程，属安全生产规范。,安全生产,(6-7) 泛型法条被AI分为具体分类'安全生产'，应删除 | 原标记: <泛类型> | 法条: 《40307工作面回风顺槽掘进作业规程》
《40307胶带顺槽掘进工作面作业规程》,安全生产,ai,True,<泛类型>,矿山作业规程与生产安全直接相关。,安全生产,(6-7) 泛型法条被AI分为具体分类'安全生产'，应删除 | 原标记: <泛类型> | 法条: 《40307胶带顺槽掘进工作面作业规程》
《40307运顺爆破卸压记录台账》,安全生产,ai,True,<泛类型>,涉及爆破作业台账，属危化安全管理。,安全生产/危化品,(6-7) 泛型法条被AI分为具体分类'安全生产'，应删除 | 原标记: <泛类型> | 法条: 《40307运顺爆破卸压记录台账》
《4110综放工作面作业规程》,安全生产,ai,True,<泛类型>,系矿井作业规程，属生产安全管理。,安全生产,(6-7) 泛型法条被AI分为具体分类'安全生产'，应删除 | 原标记: <泛类型> | 法条: 《4110综放工作面作业规程》
《4302综放工作面采煤作业规程》,安全生产,ai,True,<泛类型>,矿山采煤作业规程，属生产安全规范。,安全生产,(6-7) 泛型法条被AI分为具体分类'安全生产'，应删除 | 原标记: <泛类型> | 法条: 《4302综放工作面采煤作业规程》
《4316综放工作面作业规程》,安全生产,ai,True,<泛类型>,矿井作业规程属生产安全管理。,安全生产,(6-7) 泛型法条被AI分为具体分类'安全生产'，应删除 | 原标记: <泛类型> | 法条: 《4316综放工作面作业规程》
《50106回撤通道掘进工作面作业规程》,安全生产,ai,True,<泛类型>,矿井作业规程属生产安全管理。,安全生产,(6-7) 泛型法条被AI分为具体分类'安全生产'，应删除 | 原标记: <泛类型> | 法条: 《50106回撤通道掘进工作面作业规程》
《504主运顺槽掘进工作面扩帮作业规程》,安全生产,ai,True,<泛类型>,矿井掘进作业规程，属生产安全规范。,安全生产,(6-7) 泛型法条被AI分为具体分类'安全生产'，应删除 | 原标记: <泛类型> | 法条: 《504主运顺槽掘进工作面扩帮作业规程》
《5108上分层回风顺槽作业规程》,安全生产,ai,True,<泛类型>,矿井作业规程，属生产安全管理。,安全生产,(6-7) 泛型法条被AI分为具体分类'安全生产'，应删除 | 原标记: <泛类型> | 法条: 《5108上分层回风顺槽作业规程》
《5108主运顺槽掘进作业规程》,安全生产,ai,True,<泛类型>,矿井掘进作业规程，属生产安全管理。,安全生产,(6-7) 泛型法条被AI分为具体分类'安全生产'，应删除 | 原标记: <泛类型> | 法条: 《5108主运顺槽掘进作业规程》
《51101综采工作面作业规程》,安全生产,ai,True,<泛类型>,矿山综采作业规程属安全生产管理。,安全生产,(6-7) 泛型法条被AI分为具体分类'安全生产'，应删除 | 原标记: <泛类型> | 法条: 《51101综采工作面作业规程》
《51203综采工作面防灭火措施》,安全生产,ai,True,<泛类型>,煤矿综采工作面防灭火安全管理措施。,安全生产,(6-7) 泛型法条被AI分为具体分类'安全生产'，应删除 | 原标记: <泛类型> | 法条: 《51203综采工作面防灭火措施》
《513外段工作面停产线外错防冲专项措施》,安全生产,ai,True,<泛类型>,矿山工作面停产防冲专项安全措施相关。,安全生产,(6-7) 泛型法条被AI分为具体分类'安全生产'，应删除 | 原标记: <泛类型> | 法条: 《513外段工作面停产线外错防冲专项措施》
《56902运料道掘进工作面作业规程》,安全生产,ai,True,<泛类型>,煤矿作业规程，属生产安全规范。,安全生产,(6-7) 泛型法条被AI分为具体分类'安全生产'，应删除 | 原标记: <泛类型> | 法条: 《56902运料道掘进工作面作业规程》
《58同城网络服务通用条款》,网络/数据安全,ai,True,<泛类型>,系网络平台服务条款，属网络规范。,网络/数据安全,(6-7) 泛型法条被AI分为具体分类'网络/数据安全'，应删除 | 原标记: <泛类型> | 法条: 《58同城网络服务通用条款》
《60306采煤工作面作业规程》第四节第七项、,安全生产,ai,True,<泛类型>,矿山采煤作业规程，典型安全生产。,安全生产,(6-7) 泛型法条被AI分为具体分类'安全生产'，应删除 | 原标记: <泛类型> | 法条: 《60306采煤工作面作业规程》第四节第七项、
《6105作业规程》,安全生产,ai,True,<泛类型>,作业规程属安全操作规范。,安全生产,(6-7) 泛型法条被AI分为具体分类'安全生产'，应删除 | 原标记: <泛类型> | 法条: 《6105作业规程》
《61701回风巷掘进工作面作业规程》,安全生产,ai,True,<泛类型>,矿井掘进作业规程，属生产安全管理。,安全生产,(6-7) 泛型法条被AI分为具体分类'安全生产'，应删除 | 原标记: <泛类型> | 法条: 《61701回风巷掘进工作面作业规程》
《6分卡资费》,市场秩序与竞争监管,ai,True,<泛类型>,《资费》涉及收费标准与价格管理。,价格/收费,(6-7) 泛型法条被AI分为具体分类'市场秩序与竞争监管'，应删除 | 原标记: <泛类型> | 法条: 《6分卡资费》
《7317综采工作面作业规程》,安全生产,ai,True,<泛类型>,矿井综采作业规程，属生产安全管理。,安全生产,(6-7) 泛型法条被AI分为具体分类'安全生产'，应删除 | 原标记: <泛类型> | 法条: 《7317综采工作面作业规程》
《8101运中巷掘进工作面作业规程》,安全生产,ai,True,<泛类型>,矿井掘进作业规程，属生产安全管理。,安全生产,(6-7) 泛型法条被AI分为具体分类'安全生产'，应删除 | 原标记: <泛类型> | 法条: 《8101运中巷掘进工作面作业规程》
《8302东工作面作业规程》,安全生产,ai,True,<泛类型>,《作业规程》属矿山安全操作规范。,安全生产,(6-7) 泛型法条被AI分为具体分类'安全生产'，应删除 | 原标记: <泛类型> | 法条: 《8302东工作面作业规程》
《8310工作面联络巷作业规程》,安全生产,ai,True,<泛类型>,矿山作业规程属安全生产规范。,安全生产,(6-7) 泛型法条被AI分为具体分类'安全生产'，应删除 | 原标记: <泛类型> | 法条: 《8310工作面联络巷作业规程》
《8310综采工作面作业规程》,安全生产,ai,True,<泛类型>,《作业规程》属矿山安全生产管理。,安全生产,(6-7) 泛型法条被AI分为具体分类'安全生产'，应删除 | 原标记: <泛类型> | 法条: 《8310综采工作面作业规程》
《8805采煤工作面作业规程》,安全生产,ai,True,<泛类型>,采煤工作面作业规程属安全生产管理。,安全生产,(6-7) 泛型法条被AI分为具体分类'安全生产'，应删除 | 原标记: <泛类型> | 法条: 《8805采煤工作面作业规程》
《916上03工作面作业规程》,安全生产,ai,True,<泛类型>,《作业规程》体现矿山安全生产管理。,安全生产,(6-7) 泛型法条被AI分为具体分类'安全生产'，应删除 | 原标记: <泛类型> | 法条: 《916上03工作面作业规程》
《9704低抽巷作业规程》,安全生产,ai,True,<泛类型>,《作业规程》属矿山安全生产管理。,安全生产,(6-7) 泛型法条被AI分为具体分类'安全生产'，应删除 | 原标记: <泛类型> | 法条: 《9704低抽巷作业规程》
《9800皮带巷作业规程》,安全生产,ai,True,<泛类型>,矿山皮带巷作业规程属安全生产管理。,安全生产,(6-7) 泛型法条被AI分为具体分类'安全生产'，应删除 | 原标记: <泛类型> | 法条: 《9800皮带巷作业规程》
《AAA级信用单位》,*信用评价管理*,ai,True,<泛类型>,涉及AAA级信用单位信用管理规范。,*信用评价管理*,(6-6) AI分类含星号'*信用评价管理*'，分类不确定 | 法条: 《AAA级信用单位》
《C8315轨顺回迎掘进作业规程》,安全生产,ai,True,<泛类型>,矿山掘进作业规程，属安全生产管理。,安全生产,(6-7) 泛型法条被AI分为具体分类'安全生产'，应删除 | 原标记: <泛类型> | 法条: 《C8315轨顺回迎掘进作业规程》
《CCC中国国家强制性产品》,产品质量与安全,ai,True,<泛类型>,涉及国家强制性产品认证CCC制度。,产品质量,(6-7) 泛型法条被AI分为具体分类'产品质量与安全'，应删除 | 原标记: <泛类型> | 法条: 《CCC中国国家强制性产品》
《DB 31/2016-2021》,安全生产,ai,True,<泛类型>,地方安全生产技术标准，属安全生产。,安全生产,(6-7) 泛型法条被AI分为具体分类'安全生产'，应删除 | 原标记: <泛类型> | 法条: 《DB 31/2016-2021》
《DB50/T15-2001小曲酒》,产品质量与安全,ai,True,<泛类型>,酒类地方标准，属食品安全监管。,食品药品,(6-7) 泛型法条被AI分为具体分类'产品质量与安全'，应删除 | 原标记: <泛类型> | 法条: 《DB50/T15-2001小曲酒》
《DCS联锁解投管理制度》,安全生产,ai,True,<泛类型>,涉及联锁解投管理，属生产安全规程。,安全生产,(6-7) 泛型法条被AI分为具体分类'安全生产'，应删除 | 原标记: <泛类型> | 法条: 《DCS联锁解投管理制度》
《EPC总承包合同》,建设工程与房地产,ai,True,<泛类型>,EPC总承包合同系工程建设领域合同。,建设工程,(6-7) 泛型法条被AI分为具体分类'建设工程与房地产'，应删除 | 原标记: <泛类型> | 法条: 《EPC总承包合同》
《GB/T 22106-2008 非发酵豆制品》,产品质量与安全,ai,True,<泛类型>,食品国家标准豆制品质量规范。,食品药品,(6-7) 泛型法条被AI分为具体分类'产品质量与安全'，应删除 | 原标记: <泛类型> | 法条: 《GB/T 22106-2008 非发酵豆制品》
《GB/T 33271-2016 机织婴幼儿服装》,产品质量与安全,ai,True,<泛类型>,机织婴幼儿服装属产品质量标准。,产品质量,(6-7) 泛型法条被AI分为具体分类'产品质量与安全'，应删除 | 原标记: <泛类型> | 法条: 《GB/T 33271-2016 机织婴幼儿服装》
《GB/T8878-2009》,产品质量与安全,ai,True,<泛类型>,GB/T8878-2009为产品质量国家标准。,产品质量,(6-7) 泛型法条被AI分为具体分类'产品质量与安全'，应删除 | 原标记: <泛类型> | 法条: 《GB/T8878-2009》
《GB/T8878-2014》,产品质量与安全,ai,True,<泛类型>,《GB/T8878-2014》为产品质量国家标准。,产品质量,(6-7) 泛型法条被AI分为具体分类'产品质量与安全'，应删除 | 原标记: <泛类型> | 法条: 《GB/T8878-2014》
《GB18401-2003B类》,产品质量与安全,ai,True,<泛类型>,GB18401为纺织产品国家安全质量标准。,产品质量,(6-7) 泛型法条被AI分为具体分类'产品质量与安全'，应删除 | 原标记: <泛类型> | 法条: 《GB18401-2003B类》
《GB19147-2013》,计量/器具,ai,True,<泛类型>,GB19147为车用燃气计量国家标准。,计量/器具,(6-7) 泛型法条被AI分为具体分类'计量/器具'，应删除 | 原标记: <泛类型> | 法条: 《GB19147-2013》
《GB5296.4-1998》,产品质量与安全,ai,True,<泛类型>,GB5296属产品使用说明标准规范。,产品质量,(6-7) 泛型法条被AI分为具体分类'产品质量与安全'，应删除 | 原标记: <泛类型> | 法条: 《GB5296.4-1998》
《GB7718-2011》,产品质量与安全,ai,True,<泛类型>,GB7718系预包装食品标签国家标准,食品药品,(6-7) 泛型法条被AI分为具体分类'产品质量与安全'，应删除 | 原标记: <泛类型> | 法条: 《GB7718-2011》
《GPS管理和使用规定》,交通运输,ai,True,<泛类型>,GPS管理使用多涉及道路运输监管。,交通运输违规,(6-7) 泛型法条被AI分为具体分类'交通运输'，应删除 | 原标记: <泛类型> | 法条: 《GPS管理和使用规定》
《GZ19210102皮凉鞋370-2015》,产品质量与安全,ai,True,<泛类型>,鞋类产品标准，属于产品质量规范。,产品质量,(6-7) 泛型法条被AI分为具体分类'产品质量与安全'，应删除 | 原标记: <泛类型> | 法条: 《GZ19210102皮凉鞋370-2015》
《IT经理世界》,公共文化与传媒,ai,True,<泛类型>,《IT经理世界》属出版传媒领域。,公共文化与传媒,(6-7) 泛型法条被AI分为具体分类'公共文化与传媒'，应删除 | 原标记: <泛类型> | 法条: 《IT经理世界》
《I时代报》,公共文化与传媒,ai,True,<泛类型>,系报纸出版发行相关领域。,公共文化与传媒,(6-7) 泛型法条被AI分为具体分类'公共文化与传媒'，应删除 | 原标记: <泛类型> | 法条: 《I时代报》
《JJG14-2016非自行指示秤》,计量/器具,ai,True,<泛类型>,JJG为计量检定规程，属计量器具监管。,计量/器具,(6-7) 泛型法条被AI分为具体分类'计量/器具'，应删除 | 原标记: <泛类型> | 法条: 《JJG14-2016非自行指示秤》
《JJG52-2013弹性元件式一般压力表、压力真空表和真空表检定规程》,计量/器具,ai,True,<泛类型>,压力表检定规程属计量器具规范。,计量/器具,(6-7) 泛型法条被AI分为具体分类'计量/器具'，应删除 | 原标记: <泛类型> | 法条: 《JJG52-2013弹性元件式一般压力表、压力真空表和真空表检定规程》
《JJG52-2013弹性元件式一般压力表、压力真空表和真空表检定规程》第7.5项,计量/器具,ai,True,<泛类型>,涉及压力表检定规程，属计量器具。,计量/器具,(6-7) 泛型法条被AI分为具体分类'计量/器具'，应删除 | 原标记: <泛类型> | 法条: 《JJG52-2013弹性元件式一般压力表、压力真空表和真空表检定规程》第7.5项
《QB/T2174-2006》,产品质量与安全,ai,True,<泛类型>,QB/T 为轻工行业产品质量标准。,产品质量,(6-7) 泛型法条被AI分为具体分类'产品质量与安全'，应删除 | 原标记: <泛类型> | 法条: 《QB/T2174-2006》
《QB/T2174-95》,产品质量与安全,ai,True,<泛类型>,QB/T属轻工产品行业标准，指向产品质量。,产品质量,(6-7) 泛型法条被AI分为具体分类'产品质量与安全'，应删除 | 原标记: <泛类型> | 法条: 《QB/T2174-95》
《SB/T10003-1992广式香肠》,产品质量与安全,ai,True,<泛类型>,执行广式香肠产品标准，属产品质量规范。,产品质量,(6-7) 泛型法条被AI分为具体分类'产品质量与安全'，应删除 | 原标记: <泛类型> | 法条: 《SB/T10003-1992广式香肠》
《{美肌门诊}在线营业|新年气象,市场秩序与竞争监管,ai,True,<泛类型>,“美肌门诊在线营业新年气象”涉嫌宣传营销。,虚假广告/虚假宣传,(6-7) 泛型法条被AI分为具体分类'市场秩序与竞争监管'，应删除 | 原标记: <泛类型> | 法条: 《{美肌门诊}在线营业|新年气象
《“一超四罚”工作联系单》,交通运输,ai,True,<泛类型>,“一超四罚”系超限超载治理制度。,交通运输违规,(6-7) 泛型法条被AI分为具体分类'交通运输'，应删除 | 原标记: <泛类型> | 法条: 《“一超四罚”工作联系单》
《“京东ＪＤ.ＣＯＭ”开放平台店铺（商家ＩＤ165194）服务协议》,网络市场交易/市场秩序,ai,True,<泛类型>,电商平台店铺服务协议，属网购秩序。,网络市场交易/市场秩序,(6-7) 泛型法条被AI分为具体分类'网络市场交易/市场秩序'，应删除 | 原标记: <泛类型> | 法条: 《“京东ＪＤ.ＣＯＭ”开放平台店铺（商家ＩＤ165194）服务协议》
《“土家”双蛇藤茶酒（配制酒）》,产品质量与安全,ai,True,<泛类型>,《配制酒》属食品酒类管理。,食品药品,(6-7) 泛型法条被AI分为具体分类'产品质量与安全'，应删除 | 原标记: <泛类型> | 法条: 《“土家”双蛇藤茶酒（配制酒）》
《“金宏豪庭”9#开盘方案》,建设工程与房地产,ai,True,<泛类型>,《开盘方案》涉及商品房销售管理。,房地产/土地,(6-7) 泛型法条被AI分为具体分类'建设工程与房地产'，应删除 | 原标记: <泛类型> | 法条: 《“金宏豪庭”9#开盘方案》
《“雨季三防”实施方案》,安全生产,ai,True,<泛类型>,"""雨季三防""属防汛防灾等安全生产管理。",安全生产,(6-7) 泛型法条被AI分为具体分类'安全生产'，应删除 | 原标记: <泛类型> | 法条: 《“雨季三防”实施方案》
《〈西南网景〉网站服务订单》,网络市场交易/市场秩序,ai,True,<泛类型>,《网站服务订单》指向网络服务交易规范。,网络市场交易/市场秩序,(6-7) 泛型法条被AI分为具体分类'网络市场交易/市场秩序'，应删除 | 原标记: <泛类型> | 法条: 《〈西南网景〉网站服务订单》
《〈郎酒核心分销商协议〉补充协议》,市场秩序与竞争监管,ai,True,<泛类型>,经销分销协议调整，属市场秩序监管。,消费者权益/市场秩序,(6-7) 泛型法条被AI分为具体分类'市场秩序与竞争监管'，应删除 | 原标记: <泛类型> | 法条: 《〈郎酒核心分销商协议〉补充协议》
《一房一价表》,建设工程与房地产,ai,True,<泛类型>,《一房一价表》系商品房价格管理。,房地产/土地,(6-7) 泛型法条被AI分为具体分类'建设工程与房地产'，应删除 | 原标记: <泛类型> | 法条: 《一房一价表》
《一次性使用无菌血管内导管第3部分:中心静脉导管》,卫生健康,ai,True,<泛类型>,医疗器械标准涉及临床用导管规范。,医疗卫生,(6-7) 泛型法条被AI分为具体分类'卫生健康'，应删除 | 原标记: <泛类型> | 法条: 《一次性使用无菌血管内导管第3部分:中心静脉导管》
《一次性使用血液灌流器》,卫生健康,ai,True,<泛类型>,一次性血液灌流医疗器械管理相关。,医疗卫生,(6-7) 泛型法条被AI分为具体分类'卫生健康'，应删除 | 原标记: <泛类型> | 法条: 《一次性使用血液灌流器》
《一次性非医用平面口罩》,产品质量与安全,ai,True,<泛类型>,涉及一次性非医用口罩质量标准。,产品质量,(6-7) 泛型法条被AI分为具体分类'产品质量与安全'，应删除 | 原标记: <泛类型> | 法条: 《一次性非医用平面口罩》
《一盘区大巷煤柱条带膏体充填回收工作面作业规程》,安全生产,ai,True,<泛类型>,煤矿作业规程，属生产安全规范。,安全生产,(6-7) 泛型法条被AI分为具体分类'安全生产'，应删除 | 原标记: <泛类型> | 法条: 《一盘区大巷煤柱条带膏体充填回收工作面作业规程》
《一盘区西翼进风巷掘进作业规程》,安全生产,ai,True,<泛类型>,矿井掘进作业规程，属生产安全管理。,安全生产,(6-7) 泛型法条被AI分为具体分类'安全生产'，应删除 | 原标记: <泛类型> | 法条: 《一盘区西翼进风巷掘进作业规程》
《一采区-200m标高回风石门掘进工作面作业规程》,安全生产,ai,True,<泛类型>,矿井作业规程，属生产安全管理。,安全生产,(6-7) 泛型法条被AI分为具体分类'安全生产'，应删除 | 原标记: <泛类型> | 法条: 《一采区-200m标高回风石门掘进工作面作业规程》
《万盛老城区控制性详细规划及城市设计》,建设工程与房地产,ai,True,<泛类型>,《控制性详细规划》属土地利用管理。,房地产/土地,(6-7) 泛型法条被AI分为具体分类'建设工程与房地产'，应删除 | 原标记: <泛类型> | 法条: 《万盛老城区控制性详细规划及城市设计》
《万科城前期物业服务协议》,建设工程与房地产,ai,True,<泛类型>,《物业服务协议》属房地产领域合同。,房地产/土地,(6-7) 泛型法条被AI分为具体分类'建设工程与房地产'，应删除 | 原标记: <泛类型> | 法条: 《万科城前期物业服务协议》
《万科城物业服务中心物业收费公示栏》,市场秩序与竞争监管,ai,True,<泛类型>,涉及物业收费标准及公示内容。,价格/收费,(6-7) 泛型法条被AI分为具体分类'市场秩序与竞争监管'，应删除 | 原标记: <泛类型> | 法条: 《万科城物业服务中心物业收费公示栏》
《三亚市崖州区旅游和文化广电体育局关于南山景区内违章建筑报备的函》,建设工程与房地产,ai,True,<泛类型>,涉及景区内违章建筑报备问题。,建设工程,(6-7) 泛型法条被AI分为具体分类'建设工程与房地产'，应删除 | 原标记: <泛类型> | 法条: 《三亚市崖州区旅游和文化广电体育局关于南山景区内违章建筑报备的函》
《三明市统计行政处罚自由裁量权实施办法》,统计相关,ai,True,<泛类型>,针对统计行政处罚自由裁量。,统计相关,(6-5) 程序性 | 匹配模式: '行政处罚自由裁量权' | 法条: 《三明市统计行政处罚自由裁量权实施办法》
《三都水族自治县粮食贸易有限责任公司关于食用油销售与召回的情况说明》,粮食/储备粮管理,ai,True,<泛类型>,粮食公司食用油销售及召回事项相关。,粮食/储备粮管理,(6-7) 泛型法条被AI分为具体分类'粮食/储备粮管理'，应删除 | 原标记: <泛类型> | 法条: 《三都水族自治县粮食贸易有限责任公司关于食用油销售与召回的情况说明》
《上市公司信息披露管理办法》,金融/账户,ai,True,<泛类型>,证券监管信息披露规则，属资本市场领域。,金融/账户,(6-7) 泛型法条被AI分为具体分类'金融/账户'，应删除 | 原标记: <泛类型> | 法条: 《上市公司信息披露管理办法》
《上市公司信息披露管理办法》第二条、第二十一条,金融/账户,ai,True,<泛类型>,涉上市公司信息披露管理，属证券监管】,金融/账户,(6-7) 泛型法条被AI分为具体分类'金融/账户'，应删除 | 原标记: <泛类型> | 法条: 《上市公司信息披露管理办法》第二条、第二十一条
《上市公司信息披露管理办法》第五十九条,金融/账户,ai,True,<泛类型>,证券监管信息披露违法，属资本市场违规。,金融/账户,(6-7) 泛型法条被AI分为具体分类'金融/账户'，应删除 | 原标记: <泛类型> | 法条: 《上市公司信息披露管理办法》第五十九条
《上市公司现场检查办法》,金融/账户,ai,True,<泛类型>,《上市公司现场检查办法》属证券监管领域。,金融/账户,(6-7) 泛型法条被AI分为具体分类'金融/账户'，应删除 | 原标记: <泛类型> | 法条: 《上市公司现场检查办法》
《上市公司重大资产重组管理办法》第四条及,金融/账户,ai,True,<泛类型>,涉及上市公司重大资产重组监管规定。,金融/账户,(6-7) 泛型法条被AI分为具体分类'金融/账户'，应删除 | 原标记: <泛类型> | 法条: 《上市公司重大资产重组管理办法》第四条及
《上海世博会中国馆机电安装及综合管理专业分包协议书》,建设工程与房地产,ai,True,<泛类型>,涉及世博会馆机电安装专业分包协议。,建设工程,(6-7) 泛型法条被AI分为具体分类'建设工程与房地产'，应删除 | 原标记: <泛类型> | 法条: 《上海世博会中国馆机电安装及综合管理专业分包协议书》
《上海劳达斯洁具有限公司供货协议》,消费者权益/市场秩序,ai,True,<泛类型>,供货协议合同争议，涉买卖关系。,消费者权益纠纷,(6-7) 泛型法条被AI分为具体分类'消费者权益/市场秩序'，应删除 | 原标记: <泛类型> | 法条: 《上海劳达斯洁具有限公司供货协议》
《上海市停车场(库)管理办法》第三十三条第一款第二项,交通运输,ai,True,<泛类型>,涉停车场管理，属城市交通领域。,交通运输违规,(6-7) 泛型法条被AI分为具体分类'交通运输'，应删除 | 原标记: <泛类型> | 法条: 《上海市停车场(库)管理办法》第三十三条第一款第二项
《上海市停车场(库)管理办法》第十五条第六项,交通运输,ai,True,<泛类型>,停车场管理办法属城市交通管理事项。,交通运输违规,(6-7) 泛型法条被AI分为具体分类'交通运输'，应删除 | 原标记: <泛类型> | 法条: 《上海市停车场(库)管理办法》第十五条第六项
《上海市停车场(库)管理办法》第十四条的规定,交通运输,ai,True,<泛类型>,停车场管理办法属城市交通管理范畴。,交通运输违规,(6-7) 泛型法条被AI分为具体分类'交通运输'，应删除 | 原标记: <泛类型> | 法条: 《上海市停车场(库)管理办法》第十四条的规定
《上海市停车场（库）管理办法》第三十三条第一款第二项,交通运输,ai,True,<泛类型>,停车场管理属城市交通运输管理。,交通运输违规,(6-7) 泛型法条被AI分为具体分类'交通运输'，应删除 | 原标记: <泛类型> | 法条: 《上海市停车场（库）管理办法》第三十三条第一款第二项
《上海市停车场（库）管理办法》第十五条第一项,交通运输,ai,True,<泛类型>,属停车场管理规定，属交通领域。,交通运输违规,(6-7) 泛型法条被AI分为具体分类'交通运输'，应删除 | 原标记: <泛类型> | 法条: 《上海市停车场（库）管理办法》第十五条第一项
《上海市公共场所控制吸烟条例》,*公共场所控烟*,ai,True,<泛类型>,依据上海市公共场所控制吸烟条例。,*公共场所控烟*,(6-6) AI分类含星号'*公共场所控烟*'，分类不确定 | 法条: 《上海市公共场所控制吸烟条例》
《上海市公共汽车和电车乘坐规则》,交通运输,ai,True,<泛类型>,城市公交乘车管理规则，属交通运输。,交通运输违规,(6-7) 泛型法条被AI分为具体分类'交通运输'，应删除 | 原标记: <泛类型> | 法条: 《上海市公共汽车和电车乘坐规则》
《上海市公路管理条例》第三十五条第一款,交通运输,ai,True,<泛类型>,属地方公路管理规范，交通领域。,交通运输违规,(6-7) 泛型法条被AI分为具体分类'交通运输'，应删除 | 原标记: <泛类型> | 法条: 《上海市公路管理条例》第三十五条第一款
《上海市公路管理条例》第二十九条第一款第十一项,交通运输,ai,True,<泛类型>,《上海市公路管理条例》属公路管理领域。,交通运输违规,(6-7) 泛型法条被AI分为具体分类'交通运输'，应删除 | 原标记: <泛类型> | 法条: 《上海市公路管理条例》第二十九条第一款第十一项
《上海市公路管理条例》第五十一条第一款,交通运输,ai,True,<泛类型>,依据《公路管理条例》，属公路管理领域。,交通运输违规,(6-7) 泛型法条被AI分为具体分类'交通运输'，应删除 | 原标记: <泛类型> | 法条: 《上海市公路管理条例》第五十一条第一款
《上海市公路管理条例》第五十四条,交通运输,ai,True,<泛类型>,属公路管理领域违法，归交通运输。,交通运输违规,(6-7) 泛型法条被AI分为具体分类'交通运输'，应删除 | 原标记: <泛类型> | 法条: 《上海市公路管理条例》第五十四条
《上海市出租汽车管理条例》第十八条第一款第一项,交通运输,ai,True,<泛类型>,出租汽车管理条例属道路运输管理。,交通运输违规,(6-7) 泛型法条被AI分为具体分类'交通运输'，应删除 | 原标记: <泛类型> | 法条: 《上海市出租汽车管理条例》第十八条第一款第一项
"《上海市出租汽车管理条例》第十八条第一款第一项,",交通运输,ai,True,<泛类型>,出租汽车管理条例属交通运输管理。,交通运输违规,"(6-7) 泛型法条被AI分为具体分类'交通运输'，应删除 | 原标记: <泛类型> | 法条: 《上海市出租汽车管理条例》第十八条第一款第一项,"
《上海市出租汽车管理条例》第十八条第一款第一项的规定,交通运输,ai,True,<泛类型>,出租汽车管理条例属于道路运输监管。,交通运输违规,(6-7) 泛型法条被AI分为具体分类'交通运输'，应删除 | 原标记: <泛类型> | 法条: 《上海市出租汽车管理条例》第十八条第一款第一项的规定
《上海市出租汽车管理条例》第十四条第四款,交通运输,ai,True,<泛类型>,出租汽车管理条例属道路运输监管。,交通运输违规,(6-7) 泛型法条被AI分为具体分类'交通运输'，应删除 | 原标记: <泛类型> | 法条: 《上海市出租汽车管理条例》第十四条第四款
《上海市出租汽车管理条例》第四十九条第一款,交通运输,ai,True,<泛类型>,《出租汽车管理条例》属道路运输监管。,交通运输违规,(6-7) 泛型法条被AI分为具体分类'交通运输'，应删除 | 原标记: <泛类型> | 法条: 《上海市出租汽车管理条例》第四十九条第一款
《上海市出租汽车管理条例》第四十四条第一款第三项,交通运输,ai,True,<泛类型>,出租汽车管理条例直接属交通运输领域。,交通运输违规,(6-7) 泛型法条被AI分为具体分类'交通运输'，应删除 | 原标记: <泛类型> | 法条: 《上海市出租汽车管理条例》第四十四条第一款第三项
《上海市出租汽车管理条例》第四十四条第一款第三项,交通运输,ai,True,<泛类型>,出租汽车管理条例属道路运输管理。,交通运输违规,(6-7) 泛型法条被AI分为具体分类'交通运输'，应删除 | 原标记: <泛类型> | 法条: 《上海市出租汽车管理条例》第四十四条第一款第三项
《上海市嘉定区市场监督管理局限期提供材料通知书》,*行政检查材料*,ai,True,<泛类型>,仅为限期提供材料程序文书。,*行政检查材料*,(6-6) AI分类含星号'*行政检查材料*'，分类不确定 | 法条: 《上海市嘉定区市场监督管理局限期提供材料通知书》
《上海市定价目录》,市场秩序与竞争监管,ai,True,<泛类型>,依据定价目录，属于价格管理。,价格/收费,(6-7) 泛型法条被AI分为具体分类'市场秩序与竞争监管'，应删除 | 原标记: <泛类型> | 法条: 《上海市定价目录》
《上海市市场监督管理行政处罚程序规定》第十三条,其他,ai,True,<泛类型>,仅给出条文标题，无法判断具体类型。,其他违法行为,(6-5) 程序性，不含实体违规 | 匹配模式: '行政处罚程序' | 法条: 《上海市市场监督管理行政处罚程序规定》第十三条
《上海市河道管理条例》第三十五条第一项,环境保护,ai,True,<泛类型>,河道管理条例属水域水资源管理。,水资源,(6-7) 泛型法条被AI分为具体分类'环境保护'，应删除 | 原标记: <泛类型> | 法条: 《上海市河道管理条例》第三十五条第一项
《上海市河道管理条例》第二十七条第一款,环境保护,ai,True,<泛类型>,《河道管理条例》属水域水资源管理。,水资源,(6-7) 泛型法条被AI分为具体分类'环境保护'，应删除 | 原标记: <泛类型> | 法条: 《上海市河道管理条例》第二十七条第一款
《上海市河道管理条例》第十八条,环境保护,ai,True,<泛类型>,河道管理条例内容，属水域水资源管理】,水资源,(6-7) 泛型法条被AI分为具体分类'环境保护'，应删除 | 原标记: <泛类型> | 法条: 《上海市河道管理条例》第十八条
《上海市河道管理条例》第四十三条,环境保护,ai,True,<泛类型>,河道管理条例涉及水域及水资源管理。,水资源,(6-7) 泛型法条被AI分为具体分类'环境保护'，应删除 | 原标记: <泛类型> | 法条: 《上海市河道管理条例》第四十三条
《上海市河道管理条例》第四十五条,水资源*,ai,True,<泛类型>,河道管理属水域水资源管理。,水资源*,(6-6) AI分类含星号'水资源*'，分类不确定 | 法条: 《上海市河道管理条例》第四十五条
《上海市河道管理条例》第四十四条,环境保护,ai,True,<泛类型>,河道管理条例属水域水资源管理。,水资源,(6-7) 泛型法条被AI分为具体分类'环境保护'，应删除 | 原标记: <泛类型> | 法条: 《上海市河道管理条例》第四十四条
《上海市自费出国留学中介服务合同》,市场秩序与竞争监管,ai,True,<泛类型>,规范中介服务合同，属消费合同管理。,消费者权益/市场秩序,(6-7) 泛型法条被AI分为具体分类'市场秩序与竞争监管'，应删除 | 原标记: <泛类型> | 法条: 《上海市自费出国留学中介服务合同》
《上海市静安区市场监督管理局检测/鉴定结果告知书》,产品质量与安全,ai,True,<泛类型>,检测/鉴定结果通常针对产品质量问题。,产品质量,(6-7) 泛型法条被AI分为具体分类'产品质量与安全'，应删除 | 原标记: <泛类型> | 法条: 《上海市静安区市场监督管理局检测/鉴定结果告知书》
《上海福华医院》,卫生健康,ai,True,<泛类型>,《上海福华医院》系医疗机构相关。,医疗卫生,(6-7) 泛型法条被AI分为具体分类'卫生健康'，应删除 | 原标记: <泛类型> | 法条: 《上海福华医院》
《不动产权证》,建设工程与房地产,ai,True,<泛类型>,涉及不动产权证属不动产登记。,房地产/土地,(6-7) 泛型法条被AI分为具体分类'建设工程与房地产'，应删除 | 原标记: <泛类型> | 法条: 《不动产权证》
《不动产权证书》,建设工程与房地产,ai,True,<泛类型>,《不动产权证书》直接涉及不动产登记。,房地产/土地,(6-7) 泛型法条被AI分为具体分类'建设工程与房地产'，应删除 | 原标记: <泛类型> | 法条: 《不动产权证书》
《不符合规定产品核查函》,产品质量与安全,ai,True,<泛类型>,《不符合规定产品核查函》直指产品质量问题。,产品质量,(6-7) 泛型法条被AI分为具体分类'产品质量与安全'，应删除 | 原标记: <泛类型> | 法条: 《不符合规定产品核查函》
《不锈钢真空杯》,产品质量与安全,ai,True,<泛类型>,《不锈钢真空杯》属产品质量标准规范。,产品质量,(6-7) 泛型法条被AI分为具体分类'产品质量与安全'，应删除 | 原标记: <泛类型> | 法条: 《不锈钢真空杯》
《专利法实施细则》第八十四条,侵犯商标/知识产权,ai,True,<泛类型>,依据专利法实施细则，属专利权管理。,侵犯商标/知识产权,(6-7) 泛型法条被AI分为具体分类'侵犯商标/知识产权'，应删除 | 原标记: <泛类型> | 法条: 《专利法实施细则》第八十四条
《专利法实施细则》第八十四条第一款,侵犯商标/知识产权,ai,True,<泛类型>,依据专利法细则，属专利及知识产权监管。,侵犯商标/知识产权,(6-7) 泛型法条被AI分为具体分类'侵犯商标/知识产权'，应删除 | 原标记: <泛类型> | 法条: 《专利法实施细则》第八十四条第一款
《专利行政执法办法》第三十一条,侵犯商标/知识产权,ai,True,<泛类型>,专利行政执法本质属知识产权管理。,侵犯商标/知识产权,(6-7) 泛型法条被AI分为具体分类'侵犯商标/知识产权'，应删除 | 原标记: <泛类型> | 法条: 《专利行政执法办法》第三十一条
《专利行政执法办法》第十一条,侵犯商标/知识产权,ai,True,<泛类型>,依据专利行政执法规定，属专利违规。,侵犯商标/知识产权,(6-7) 泛型法条被AI分为具体分类'侵犯商标/知识产权'，应删除 | 原标记: <泛类型> | 法条: 《专利行政执法办法》第十一条
《专利行政执法办法》第十条第五款,侵犯商标/知识产权,ai,True,<泛类型>,依据专利执法规定，属专利权纠纷。,侵犯商标/知识产权,(6-7) 泛型法条被AI分为具体分类'侵犯商标/知识产权'，应删除 | 原标记: <泛类型> | 法条: 《专利行政执法办法》第十条第五款
《专利行政执法办法》第四十七条第一款,侵犯商标/知识产权,ai,True,<泛类型>,依据专利执法办法，属专利知识产权。,侵犯商标/知识产权,(6-7) 泛型法条被AI分为具体分类'侵犯商标/知识产权'，应删除 | 原标记: <泛类型> | 法条: 《专利行政执法办法》第四十七条第一款
《世界时装之苑》,公共文化与传媒,ai,True,<泛类型>,杂志期刊名称，属文化传媒领域。,公共文化与传媒,(6-7) 泛型法条被AI分为具体分类'公共文化与传媒'，应删除 | 原标记: <泛类型> | 法条: 《世界时装之苑》
《东一采区设计说明书》,安全生产,ai,True,<泛类型>,《采区设计说明书》属矿山安全生产管理规范。,安全生产,(6-7) 泛型法条被AI分为具体分类'安全生产'，应删除 | 原标记: <泛类型> | 法条: 《东一采区设计说明书》
《东一采区设计说明书》第2项,安全生产,ai,True,<泛类型>,采区设计属矿山安全生产规范。,安全生产,(6-7) 泛型法条被AI分为具体分类'安全生产'，应删除 | 原标记: <泛类型> | 法条: 《东一采区设计说明书》第2项
《东南快报》,公共文化与传媒,ai,True,<泛类型>,《东南快报》属新闻媒体领域。,公共文化与传媒,(6-7) 泛型法条被AI分为具体分类'公共文化与传媒'，应删除 | 原标记: <泛类型> | 法条: 《东南快报》
《东南早报》,公共文化与传媒,ai,True,<泛类型>,《东南早报》属新闻传媒领域。,公共文化与传媒,(6-7) 泛型法条被AI分为具体分类'公共文化与传媒'，应删除 | 原标记: <泛类型> | 法条: 《东南早报》
《东方航空》,交通运输,ai,True,<泛类型>,航空公司相关，属交通运输领域。,交通运输违规,(6-7) 泛型法条被AI分为具体分类'交通运输'，应删除 | 原标记: <泛类型> | 法条: 《东方航空》
《东港区人民政府关于同意日照市东港区理想之城南区项目“4·1”一般高处坠落事故结案的批复》,安全生产,ai,True,<泛类型>,一般高处坠落事故，属生产安全。,安全生产,(6-7) 泛型法条被AI分为具体分类'安全生产'，应删除 | 原标记: <泛类型> | 法条: 《东港区人民政府关于同意日照市东港区理想之城南区项目“4·1”一般高处坠落事故结案的批复》
《东莞导视频道排期表》,公共文化与传媒,ai,True,<泛类型>,涉及媒体频道节目排期管理。,公共文化与传媒,(6-7) 泛型法条被AI分为具体分类'公共文化与传媒'，应删除 | 原标记: <泛类型> | 法条: 《东莞导视频道排期表》
《东莞市四丰检测技术有限公司监测报告》,环境保护,ai,True,<泛类型>,监测报告通常用于环境监测与排污监管。,环境保护,(6-7) 泛型法条被AI分为具体分类'环境保护'，应删除 | 原标记: <泛类型> | 法条: 《东莞市四丰检测技术有限公司监测报告》
《东莞市工商局处理网络投诉举报工作指引》,市场秩序与竞争监管,ai,True,<泛类型>,规范网络投诉举报，维护消费秩序。,消费者权益/市场秩序,(6-7) 泛型法条被AI分为具体分类'市场秩序与竞争监管'，应删除 | 原标记: <泛类型> | 法条: 《东莞市工商局处理网络投诉举报工作指引》
《东莞市市场监督管理局关于提醒企业履行2021年度年报公示义务的公告》,市场主体与登记治理,ai,True,<泛类型>,涉及企业年度报告公示义务问题。,企业信息公示,(6-7) 泛型法条被AI分为具体分类'市场主体与登记治理'，应删除 | 原标记: <泛类型> | 法条: 《东莞市市场监督管理局关于提醒企业履行2021年度年报公示义务的公告》
《东莞市市场监督管理局行政处罚裁量权适用规则》第十六条第一款第（一）、（二）项,市场秩序与竞争监管,ai,True,<泛类型>,规制市场监管处罚裁量，属市场秩序。,消费者权益/市场秩序,(6-5) 程序性 | 匹配模式: '行政处罚裁量权' | 法条: 《东莞市市场监督管理局行政处罚裁量权适用规则》第十六条第一款第（一）、（二）项
《东莞日报》,公共文化与传媒,ai,True,<泛类型>,《东莞日报》属新闻传媒管理领域。,公共文化与传媒,(6-7) 泛型法条被AI分为具体分类'公共文化与传媒'，应删除 | 原标记: <泛类型> | 法条: 《东莞日报》
《东营市优待老年人规定》,*老年人权益保护,ai,True,<泛类型>,依据优待老年人地方性规定。,*老年人权益保护,(6-6) AI分类含星号'*老年人权益保护'，分类不确定 | 法条: 《东营市优待老年人规定》
《东营市国鑫化工有限责任公司发货明细表》,财税与金融监管,ai,True,<泛类型>,发货明细表属企业财务票据。,会计/账务,(6-7) 泛型法条被AI分为具体分类'财税与金融监管'，应删除 | 原标记: <泛类型> | 法条: 《东营市国鑫化工有限责任公司发货明细表》
《严重违法失信企业名单管理暂行办法》第五条第一款第一项,市场主体与登记治理,ai,True,<泛类型>,违反企业信息公示与年报相关规定。,企业信息公示,(6-7) 泛型法条被AI分为具体分类'市场主体与登记治理'，应删除 | 原标记: <泛类型> | 法条: 《严重违法失信企业名单管理暂行办法》第五条第一款第一项
《个人信用信息基层数据库管理暂行规定》第三十九条第（六）项,财税与金融监管,ai,True,<泛类型>,涉及个人信用信息及征信管理规定。,金融/信贷违规,(6-7) 泛型法条被AI分为具体分类'财税与金融监管'，应删除 | 原标记: <泛类型> | 法条: 《个人信用信息基层数据库管理暂行规定》第三十九条第（六）项
《个人信用信息基础数据库管理暂行办法》,财税与金融监管,ai,True,<泛类型>,规范征信及信用信息管理行为。,金融/信贷违规,(6-7) 泛型法条被AI分为具体分类'财税与金融监管'，应删除 | 原标记: <泛类型> | 法条: 《个人信用信息基础数据库管理暂行办法》
《个人信用信息基础数据库管理暂行办法》第3号）第三十九条,财税与金融监管,ai,True,<泛类型>,个人信用信息基础数据库属信贷管理领域。,金融/信贷违规,(6-7) 泛型法条被AI分为具体分类'财税与金融监管'，应删除 | 原标记: <泛类型> | 法条: 《个人信用信息基础数据库管理暂行办法》第3号）第三十九条
《个人信用信息基础数据库管理暂行办法》第三十九条,财税与金融监管,ai,True,<泛类型>,个人征信管理属金融信贷活动。,金融/信贷违规,(6-7) 泛型法条被AI分为具体分类'财税与金融监管'，应删除 | 原标记: <泛类型> | 法条: 《个人信用信息基础数据库管理暂行办法》第三十九条
《个人信用信息基础数据库管理暂行办法》第三十九条第六款,财税与金融监管,ai,True,<泛类型>,信用信息数据库管理违反属金融信贷。,金融/信贷违规,(6-7) 泛型法条被AI分为具体分类'财税与金融监管'，应删除 | 原标记: <泛类型> | 法条: 《个人信用信息基础数据库管理暂行办法》第三十九条第六款
《个人信用信息基础数据库管理暂行办法》第二十九条,财税与金融监管,ai,True,<泛类型>,涉及征信数据库管理属金融信贷监管。,金融/信贷违规,(6-7) 泛型法条被AI分为具体分类'财税与金融监管'，应删除 | 原标记: <泛类型> | 法条: 《个人信用信息基础数据库管理暂行办法》第二十九条
《个人信用信息基础数据管理暂行办法》第三十九条,财税与金融监管,ai,True,<泛类型>,规制个人信用信息管理，属信贷领域。,金融/信贷违规,(6-7) 泛型法条被AI分为具体分类'财税与金融监管'，应删除 | 原标记: <泛类型> | 法条: 《个人信用信息基础数据管理暂行办法》第三十九条
《个人信贷业务借据》,财税与金融监管,ai,True,<泛类型>,《个人信贷业务借据》属信贷管理规范。,金融/信贷违规,(6-7) 泛型法条被AI分为具体分类'财税与金融监管'，应删除 | 原标记: <泛类型> | 法条: 《个人信贷业务借据》
《个人借款合同》,财税与金融监管,ai,True,<泛类型>,《个人借款合同》属信贷关系规范。,金融/信贷违规,(6-7) 泛型法条被AI分为具体分类'财税与金融监管'，应删除 | 原标记: <泛类型> | 法条: 《个人借款合同》
《个人借款合同》第二十条第（二）项中规定“本合同项,财税与金融监管,ai,True,<泛类型>,个人借款合同纠纷属信贷管理范围。,金融/信贷违规,(6-7) 泛型法条被AI分为具体分类'财税与金融监管'，应删除 | 原标记: <泛类型> | 法条: 《个人借款合同》第二十条第（二）项中规定“本合同项
《个人活期存款分户账明细记录》,金融/账户,ai,True,<泛类型>,《个人活期存款分户账》属银行账户管理。,金融/账户,(6-7) 泛型法条被AI分为具体分类'金融/账户'，应删除 | 原标记: <泛类型> | 法条: 《个人活期存款分户账明细记录》
《个人独资企业法》,市场主体与登记治理,ai,True,<泛类型>,个人独资企业登记设立相关规定。,无照经营/登记问题,(6-7) 泛型法条被AI分为具体分类'市场主体与登记治理'，应删除 | 原标记: <泛类型> | 法条: 《个人独资企业法》
《个人独资企业法》第36条,市场主体与登记治理,ai,True,<泛类型>,条文规范登记备案等设立事项。,无照经营/登记问题,(6-7) 泛型法条被AI分为具体分类'市场主体与登记治理'，应删除 | 原标记: <泛类型> | 法条: 《个人独资企业法》第36条
《个人独资企业法》第三十七条第二款,财税与金融监管,ai,True,<泛类型>,条文规范企业会计账簿行为。,会计/账务,(6-7) 泛型法条被AI分为具体分类'财税与金融监管'，应删除 | 原标记: <泛类型> | 法条: 《个人独资企业法》第三十七条第二款
《个人独资企业法》第三十六条,市场主体与登记治理,ai,True,<泛类型>,涉及个人独资企业登记设立及管理问题。,无照经营/登记问题,(6-7) 泛型法条被AI分为具体分类'市场主体与登记治理'，应删除 | 原标记: <泛类型> | 法条: 《个人独资企业法》第三十六条
《个人独资企业法》第三十六条,市场主体与登记治理,ai,True,<泛类型>,该条规定未登记设立及变更责任。,无照经营/登记问题,(6-7) 泛型法条被AI分为具体分类'市场主体与登记治理'，应删除 | 原标记: <泛类型> | 法条: 《个人独资企业法》第三十六条
《个人独资企业法》第三十六条和,市场主体与登记治理,ai,True,<泛类型>,违反个人独资企业登记管理规定。,无照经营/登记问题,(6-7) 泛型法条被AI分为具体分类'市场主体与登记治理'，应删除 | 原标记: <泛类型> | 法条: 《个人独资企业法》第三十六条和
《个人独资企业法》第八条第一款第(四)项,市场主体与登记治理,ai,True,<泛类型>,条款涉及企业登记设立情形。,无照经营/登记问题,(6-7) 泛型法条被AI分为具体分类'市场主体与登记治理'，应删除 | 原标记: <泛类型> | 法条: 《个人独资企业法》第八条第一款第(四)项
《个人独资企业管理办法》第四十四条,市场主体与登记治理,ai,True,<泛类型>,个人独资企业设立登记管理相关规定。,无照经营/登记问题,(6-7) 泛型法条被AI分为具体分类'市场主体与登记治理'，应删除 | 原标记: <泛类型> | 法条: 《个人独资企业管理办法》第四十四条
《个人独资企业营业执照》,市场主体与登记治理,ai,True,<泛类型>,涉及个人独资企业营业执照管理问题。,无照经营/登记问题,(6-7) 泛型法条被AI分为具体分类'市场主体与登记治理'，应删除 | 原标记: <泛类型> | 法条: 《个人独资企业营业执照》
《个人独资企业营业执照（副本）》,市场主体与登记治理,ai,True,<泛类型>,《个人独资企业营业执照》属登记许可管理。,无照经营/登记问题,(6-7) 泛型法条被AI分为具体分类'市场主体与登记治理'，应删除 | 原标记: <泛类型> | 法条: 《个人独资企业营业执照（副本）》
《个人独资营业执照》,市场主体与登记治理,ai,True,<泛类型>,涉及个人独资营业执照登记管理。,无照经营/登记问题,(6-7) 泛型法条被AI分为具体分类'市场主体与登记治理'，应删除 | 原标记: <泛类型> | 法条: 《个人独资营业执照》
《个人防护装备配备规范第1部分:总则》,安全生产,ai,True,<泛类型>,《个人防护装备配备规范》属安全生产规范。,安全生产,(6-7) 泛型法条被AI分为具体分类'安全生产'，应删除 | 原标记: <泛类型> | 法条: 《个人防护装备配备规范第1部分:总则》
《个体工商户营业执照》,市场主体与登记治理,ai,True,<泛类型>,涉及个体工商户营业执照管理问题。,无照经营/登记问题,(6-7) 泛型法条被AI分为具体分类'市场主体与登记治理'，应删除 | 原标记: <泛类型> | 法条: 《个体工商户营业执照》
《个体工商营业执照》,市场主体与登记治理,ai,True,<泛类型>,涉及个体工商营业执照登记管理。,无照经营/登记问题,(6-7) 泛型法条被AI分为具体分类'市场主体与登记治理'，应删除 | 原标记: <泛类型> | 法条: 《个体工商营业执照》
《个体防护装备选用规范》,安全生产,ai,True,<泛类型>,个体防护装备属职业健康防护规范。,职业卫生/健康,(6-7) 泛型法条被AI分为具体分类'安全生产'，应删除 | 原标记: <泛类型> | 法条: 《个体防护装备选用规范》
《个体防护装备配备规范》第1部分:总则(GB***00.1-2020)封面、第3.1项,安全生产,ai,True,<泛类型>,规范个体防护装备配备，属职业健康。,职业卫生/健康,(6-7) 泛型法条被AI分为具体分类'安全生产'，应删除 | 原标记: <泛类型> | 法条: 《个体防护装备配备规范》第1部分:总则(GB***00.1-2020)封面、第3.1项
《个体防护装备配备规范第1部分 总则》,安全生产,ai,True,<泛类型>,个体防护装备属职业健康防护规范。,职业卫生/健康,(6-7) 泛型法条被AI分为具体分类'安全生产'，应删除 | 原标记: <泛类型> | 法条: 《个体防护装备配备规范第1部分 总则》
《个体防护装备配备规范第2部分:石油、化工、天然气》,安全生产,ai,True,<泛类型>,涉石油化工天然气个体防护安全规范。,安全生产/危化品,(6-7) 泛型法条被AI分为具体分类'安全生产'，应删除 | 原标记: <泛类型> | 法条: 《个体防护装备配备规范第2部分:石油、化工、天然气》
《中企动力域名合同》,消费者权益/市场秩序,ai,True,<泛类型>,《域名合同》属合同消费争议范畴。,消费者权益纠纷,(6-7) 泛型法条被AI分为具体分类'消费者权益/市场秩序'，应删除 | 原标记: <泛类型> | 法条: 《中企动力域名合同》
《中共中央办公厅、国务院办公厅〈关于严格控制评比活动有关问题的通知〉》,公共文化与传媒,ai,True,<泛类型>,涉及评比活动管理，属公共文化领域。,公共文化与传媒,(6-7) 泛型法条被AI分为具体分类'公共文化与传媒'，应删除 | 原标记: <泛类型> | 法条: 《中共中央办公厅、国务院办公厅〈关于严格控制评比活动有关问题的通知〉》
《中共中央办公厅国务院办公厅关于转发财政部的通知》,*财政预算管理*,ai,True,<泛类型>,涉及财政部规范财政预算管理通知。,*财政预算管理*,(6-6) AI分类含星号'*财政预算管理*'，分类不确定 | 法条: 《中共中央办公厅国务院办公厅关于转发财政部的通知》
《中共叶县县委常委会会议纪要》,*党纪政务处理*,ai,True,<泛类型>,中共县委常委会纪要属党纪政务事项。,*党纪政务处理*,(6-6) AI分类含星号'*党纪政务处理*'，分类不确定 | 法条: 《中共叶县县委常委会会议纪要》
《中共浙江省委办公厅浙江省人民政府办公厅关于建立完善耕地保护共同责任机制扎实做好耕地保护工作的通知》,建设工程与房地产,ai,True,<泛类型>,涉及耕地保护管理，属土地领域。,房地产/土地,(6-7) 泛型法条被AI分为具体分类'建设工程与房地产'，应删除 | 原标记: <泛类型> | 法条: 《中共浙江省委办公厅浙江省人民政府办公厅关于建立完善耕地保护共同责任机制扎实做好耕地保护工作的通知》
《中共霞浦县委专题会议纪要》,*党内会议纪要管理*,ai,True,<泛类型>,涉及中共县委专题会议纪要内容管理。,*党内会议纪要管理*,(6-6) AI分类含星号'*党内会议纪要管理*'，分类不确定 | 法条: 《中共霞浦县委专题会议纪要》
《中医传统疗法——小儿推拿:改善宝宝体质,卫生健康,ai,True,<泛类型>,涉及中医治疗小儿推拿医疗行为。,医疗卫生,(6-7) 泛型法条被AI分为具体分类'卫生健康'，应删除 | 原标记: <泛类型> | 法条: 《中医传统疗法——小儿推拿:改善宝宝体质
《中华 人民共和国行政强制法》第四十五条,*行政强制措施适用*,ai,True,<泛类型>,依据行政强制法规范强制措施适用。,*行政强制措施适用*,(6-6) AI分类含星号'*行政强制措施适用*'，分类不确定 | 法条: 《中华 人民共和国行政强制法》第四十五条
《中华人名共和国统计法》第四十二条,统计相关,ai,True,<泛类型>,依据《统计法》直接归入统计管理。,统计相关,(6-7) 泛型法条被AI分为具体分类'统计相关'，应删除 | 原标记: <泛类型> | 法条: 《中华人名共和国统计法》第四十二条
《中华人民共和公司法》第十二条、,市场主体与登记治理,ai,True,<泛类型>,《公司法》第十二条涉登记事项约束。,无照经营/登记问题,(6-7) 泛型法条被AI分为具体分类'市场主体与登记治理'，应删除 | 原标记: <泛类型> | 法条: 《中华人民共和公司法》第十二条、
《中华人民共和囯公司法》,市场主体与登记治理,ai,True,<泛类型>,公司设立登记事项，一般属登记问题。,无照经营/登记问题,(6-7) 泛型法条被AI分为具体分类'市场主体与登记治理'，应删除 | 原标记: <泛类型> | 法条: 《中华人民共和囯公司法》
《中华人民共和囯公司法》第二百一十一条,市场主体与登记治理,ai,True,<泛类型>,公司法条款多涉登记和信息公示义务。,企业信息公示,(6-7) 泛型法条被AI分为具体分类'市场主体与登记治理'，应删除 | 原标记: <泛类型> | 法条: 《中华人民共和囯公司法》第二百一十一条
《中华人民共和国 海关行政处罚实施条例》第六十条,海关/进出口,ai,True,<泛类型>,依据海关行政处罚条例，属进出口监管。,海关/进出口,(6-7) 泛型法条被AI分为具体分类'海关/进出口'，应删除 | 原标记: <泛类型> | 法条: 《中华人民共和国 海关行政处罚实施条例》第六十条
《中华人民共和国不动产权证书》,房地产/土地,ai,True,<泛类型>,涉及不动产权证书，属不动产登记。,房地产/土地,(6-7) 泛型法条被AI分为具体分类'房地产/土地'，应删除 | 原标记: <泛类型> | 法条: 《中华人民共和国不动产权证书》
《中华人民共和国专利法》,侵犯商标/知识产权,ai,True,<泛类型>,依据专利法，典型属知识产权侵权。,侵犯商标/知识产权,(6-7) 泛型法条被AI分为具体分类'侵犯商标/知识产权'，应删除 | 原标记: <泛类型> | 法条: 《中华人民共和国专利法》
《中华人民共和国专利法》第六十三条,侵犯商标/知识产权,ai,True,<泛类型>,依据专利法条款，属专利侵权行为。,侵犯商标/知识产权,(6-7) 泛型法条被AI分为具体分类'侵犯商标/知识产权'，应删除 | 原标记: <泛类型> | 法条: 《中华人民共和国专利法》第六十三条
《中华人民共和国专利法》第六十三条、,侵犯商标/知识产权,ai,True,<泛类型>,依据专利法条款，属专利侵权行为。,侵犯商标/知识产权,(6-7) 泛型法条被AI分为具体分类'侵犯商标/知识产权'，应删除 | 原标记: <泛类型> | 法条: 《中华人民共和国专利法》第六十三条、
《中华人民共和国专利法》第六十八条,侵犯商标/知识产权,ai,True,<泛类型>,适用专利法条款，属专利侵权行为。,侵犯商标/知识产权,(6-7) 泛型法条被AI分为具体分类'侵犯商标/知识产权'，应删除 | 原标记: <泛类型> | 法条: 《中华人民共和国专利法》第六十八条
《中华人民共和国专利法》第十一条第一款,侵犯商标/知识产权,ai,True,<泛类型>,专利权属知识产权保护范畴。,侵犯商标/知识产权,(6-7) 泛型法条被AI分为具体分类'侵犯商标/知识产权'，应删除 | 原标记: <泛类型> | 法条: 《中华人民共和国专利法》第十一条第一款
《中华人民共和国专利法实施细则》第八十四条,侵犯商标/知识产权,ai,True,<泛类型>,依据专利法实施细则，属专利管理。,侵犯商标/知识产权,(6-7) 泛型法条被AI分为具体分类'侵犯商标/知识产权'，应删除 | 原标记: <泛类型> | 法条: 《中华人民共和国专利法实施细则》第八十四条
《中华人民共和国专利法实施细则》第八十四条第一款第（三）项“下列行为属于专利法第六十三条,侵犯商标/知识产权,ai,True,<泛类型>,根据专利法及其实施细则属专利侵权行为。,侵犯商标/知识产权,(6-7) 泛型法条被AI分为具体分类'侵犯商标/知识产权'，应删除 | 原标记: <泛类型> | 法条: 《中华人民共和国专利法实施细则》第八十四条第一款第（三）项“下列行为属于专利法第六十三条
《中华人民共和国专利法实施细则（2010年修订）》第八十三条第一款规定：“专利权人依照专利法第十七条,侵犯商标/知识产权,ai,True,<泛类型>,依据专利法条款，属专利权管理范畴。,侵犯商标/知识产权,(6-7) 泛型法条被AI分为具体分类'侵犯商标/知识产权'，应删除 | 原标记: <泛类型> | 法条: 《中华人民共和国专利法实施细则（2010年修订）》第八十三条第一款规定：“专利权人依照专利法第十七条
《中华人民共和国个人独资企业法》,市场主体与登记治理,ai,True,<泛类型>,涉及个人独资企业设立登记管理。,无照经营/登记问题,(6-7) 泛型法条被AI分为具体分类'市场主体与登记治理'，应删除 | 原标记: <泛类型> | 法条: 《中华人民共和国个人独资企业法》
《中华人民共和国个人独资企业法》第15条,市场主体与登记治理,ai,True,<泛类型>,《个人独资企业法》主要规制登记设立问题。,无照经营/登记问题,(6-7) 泛型法条被AI分为具体分类'市场主体与登记治理'，应删除 | 原标记: <泛类型> | 法条: 《中华人民共和国个人独资企业法》第15条
《中华人民共和国个人独资企业法》第37条第2款,市场主体与登记治理,ai,True,<泛类型>,涉及未登记备案或登记瑕疵情形。,无照经营/登记问题,(6-7) 泛型法条被AI分为具体分类'市场主体与登记治理'，应删除 | 原标记: <泛类型> | 法条: 《中华人民共和国个人独资企业法》第37条第2款
《中华人民共和国个人独资企业法》第三十七条第二款,财税与金融监管,ai,True,<泛类型>,该条规定未依期缴纳税费处理。,会计/账务,(6-7) 泛型法条被AI分为具体分类'财税与金融监管'，应删除 | 原标记: <泛类型> | 法条: 《中华人民共和国个人独资企业法》第三十七条第二款
《中华人民共和国个人独资企业法》第三十六条,*个人独资设立管理*,ai,True,<泛类型>,针对个人独资企业法设立管理情形。,*个人独资设立管理*,(6-6) AI分类含星号'*个人独资设立管理*'，分类不确定 | 法条: 《中华人民共和国个人独资企业法》第三十六条
《中华人民共和国个人独资企业法》第三十六条,市场主体与登记治理,ai,True,<泛类型>,个人独资企业登记注册相关法律责任。,无照经营/登记问题,(6-7) 泛型法条被AI分为具体分类'市场主体与登记治理'，应删除 | 原标记: <泛类型> | 法条: 《中华人民共和国个人独资企业法》第三十六条
"《中华人民共和国个人独资企业法》第三十六条,",市场主体与登记治理,ai,True,<泛类型>,个人独资企业法属市场主体登记管理。,无照经营/登记问题,"(6-7) 泛型法条被AI分为具体分类'市场主体与登记治理'，应删除 | 原标记: <泛类型> | 法条: 《中华人民共和国个人独资企业法》第三十六条,"
《中华人民共和国个人独资企业法》第三十六条、,市场主体与登记治理,ai,True,<泛类型>,违反个人独资企业设立登记管理。,无照经营/登记问题,(6-7) 泛型法条被AI分为具体分类'市场主体与登记治理'，应删除 | 原标记: <泛类型> | 法条: 《中华人民共和国个人独资企业法》第三十六条、
《中华人民共和国个人独资企业法》第三十六条和,市场主体与登记治理,ai,True,<泛类型>,个人独资企业法多涉及登记设立问题。,无照经营/登记问题,(6-7) 泛型法条被AI分为具体分类'市场主体与登记治理'，应删除 | 原标记: <泛类型> | 法条: 《中华人民共和国个人独资企业法》第三十六条和
《中华人民共和国个人独资企业法》第十五条,市场主体与登记治理,ai,True,<泛类型>,个人独资企业登记管理事项，属登记问题。,无照经营/登记问题,(6-7) 泛型法条被AI分为具体分类'市场主体与登记治理'，应删除 | 原标记: <泛类型> | 法条: 《中华人民共和国个人独资企业法》第十五条
《中华人民共和国人民币管理条例》,金融/账户,ai,True,<泛类型>,涉及人民币管理，属金融领域管理。,金融/账户,(6-7) 泛型法条被AI分为具体分类'金融/账户'，应删除 | 原标记: <泛类型> | 法条: 《中华人民共和国人民币管理条例》
《中华人民共和国人民币管理条例》第二十二条,金融/账户,ai,True,<泛类型>,人民币管理属金融领域账户管理。,金融/账户,(6-7) 泛型法条被AI分为具体分类'金融/账户'，应删除 | 原标记: <泛类型> | 法条: 《中华人民共和国人民币管理条例》第二十二条
《中华人民共和国人民币管理条例》第四十一条,金融/账户,ai,True,<泛类型>,人民币管理条例属货币及账户管理。,金融/账户,(6-7) 泛型法条被AI分为具体分类'金融/账户'，应删除 | 原标记: <泛类型> | 法条: 《中华人民共和国人民币管理条例》第四十一条
《中华人民共和国人民币管理条例》第四十一条、四十四条,金融/账户,ai,True,<泛类型>,人民币管理属金融领域管理规定。,金融/账户,(6-7) 泛型法条被AI分为具体分类'金融/账户'，应删除 | 原标记: <泛类型> | 法条: 《中华人民共和国人民币管理条例》第四十一条、四十四条
《中华人民共和国人民币管理条例》第四十四条,金融/账户,ai,True,<泛类型>,《人民币管理条例》属货币及账户管理。,金融/账户,(6-7) 泛型法条被AI分为具体分类'金融/账户'，应删除 | 原标记: <泛类型> | 法条: 《中华人民共和国人民币管理条例》第四十四条
《中华人民共和国价 2020年6月30日我局接举报,市场秩序与竞争监管,ai,True,<泛类型>,标题含“价”，推定涉价格管理。,价格/收费,(6-7) 泛型法条被AI分为具体分类'市场秩序与竞争监管'，应删除 | 原标记: <泛类型> | 法条: 《中华人民共和国价 2020年6月30日我局接举报
《中华人民共和国企业法人管理条例》第十七条,*企业法人管理*,ai,True,<泛类型>,依据企业法人管理条例一般条款。,*企业法人管理*,(6-6) AI分类含星号'*企业法人管理*'，分类不确定 | 法条: 《中华人民共和国企业法人管理条例》第十七条
《中华人民共和国企业法人管理条例施行细则》第六十三条第一款第(二)项,未年检登记,ai,True,<泛类型>,企业法人未按规定年检登记情形。,未年检登记,(6-7) 泛型法条被AI分为具体分类'未年检登记'，应删除 | 原标记: <泛类型> | 法条: 《中华人民共和国企业法人管理条例施行细则》第六十三条第一款第(二)项
《中华人民共和国会计法》,财税与金融监管,ai,True,<泛类型>,直接依据《会计法》属会计违法。,会计/账务,(6-7) 泛型法条被AI分为具体分类'财税与金融监管'，应删除 | 原标记: <泛类型> | 法条: 《中华人民共和国会计法》
《中华人民共和国会计法》第九条、第二十五条,财税与金融监管,ai,True,<泛类型>,依据会计法规范会计行为。,会计/账务,(6-7) 泛型法条被AI分为具体分类'财税与金融监管'，应删除 | 原标记: <泛类型> | 法条: 《中华人民共和国会计法》第九条、第二十五条
《中华人民共和国会计法》第二十七条,财税与金融监管,ai,True,<泛类型>,依据《会计法》属于会计行为规范。,会计/账务,(6-7) 泛型法条被AI分为具体分类'财税与金融监管'，应删除 | 原标记: <泛类型> | 法条: 《中华人民共和国会计法》第二十七条
《中华人民共和国会计法》第二十三条,财税与金融监管,ai,True,<泛类型>,依据会计法条款，属会计行为规范。,会计/账务,(6-7) 泛型法条被AI分为具体分类'财税与金融监管'，应删除 | 原标记: <泛类型> | 法条: 《中华人民共和国会计法》第二十三条
《中华人民共和国会计法》第二十五条,财税与金融监管,ai,True,<泛类型>,《会计法》条文直接对应会计行为。,会计/账务,(6-7) 泛型法条被AI分为具体分类'财税与金融监管'，应删除 | 原标记: <泛类型> | 法条: 《中华人民共和国会计法》第二十五条
《中华人民共和国会计法》第四十二条第一款规定,财税与金融监管,ai,True,<泛类型>,《会计法》条款直接对应会计违规。,会计/账务,(6-7) 泛型法条被AI分为具体分类'财税与金融监管'，应删除 | 原标记: <泛类型> | 法条: 《中华人民共和国会计法》第四十二条第一款规定
《中华人民共和国传染病防治法》第七十三条第（二）项,卫生健康,ai,True,<泛类型>,传染病防治法条款，属医疗卫生领域。,医疗卫生,(6-7) 泛型法条被AI分为具体分类'卫生健康'，应删除 | 原标记: <泛类型> | 法条: 《中华人民共和国传染病防治法》第七十三条第（二）项
《中华人民共和国传染病防治法》第七十九条和,卫生健康,ai,True,<泛类型>,适用传染病防治法，属公共卫生管理。,医疗卫生,(6-7) 泛型法条被AI分为具体分类'卫生健康'，应删除 | 原标记: <泛类型> | 法条: 《中华人民共和国传染病防治法》第七十九条和
《中华人民共和国传染病防治法》第七条第二款、,卫生健康,ai,True,<泛类型>,涉及传染病防治法，属公共卫生管理。,医疗卫生,(6-7) 泛型法条被AI分为具体分类'卫生健康'，应删除 | 原标记: <泛类型> | 法条: 《中华人民共和国传染病防治法》第七条第二款、
《中华人民共和国传染病防治法》第二十九条第一款,卫生健康,ai,True,<泛类型>,传染病防治属典型公共卫生管理。,医疗卫生,(6-7) 泛型法条被AI分为具体分类'卫生健康'，应删除 | 原标记: <泛类型> | 法条: 《中华人民共和国传染病防治法》第二十九条第一款
《中华人民共和国传染病防治法》第二十九条第一款;,卫生健康,ai,True,<泛类型>,传染病防治法属公共卫生管理。,医疗卫生,(6-7) 泛型法条被AI分为具体分类'卫生健康'，应删除 | 原标记: <泛类型> | 法条: 《中华人民共和国传染病防治法》第二十九条第一款;
《中华人民共和国传染病防治法》第二十九条第一款的规定和,卫生健康,ai,True,<泛类型>,依据传染病防治法规定，属医疗卫生领域。,医疗卫生,(6-7) 泛型法条被AI分为具体分类'卫生健康'，应删除 | 原标记: <泛类型> | 法条: 《中华人民共和国传染病防治法》第二十九条第一款的规定和
《中华人民共和国传染病防治法》第二十九条第二款,卫生健康,ai,True,<泛类型>,传染病防治法属公共卫生管理。,医疗卫生,(6-7) 泛型法条被AI分为具体分类'卫生健康'，应删除 | 原标记: <泛类型> | 法条: 《中华人民共和国传染病防治法》第二十九条第二款
《中华人民共和国传染病防治法》第六十九条第(一)项、,卫生健康,ai,True,<泛类型>,依据传染病防治法，属公共卫生管理。,医疗卫生,(6-7) 泛型法条被AI分为具体分类'卫生健康'，应删除 | 原标记: <泛类型> | 法条: 《中华人民共和国传染病防治法》第六十九条第(一)项、
《中华人民共和国住房和城乡建设部第37号令》,建设工程与房地产,ai,True,<泛类型>,《住建部第37号令》属工程领域规范。,建设工程,(6-7) 泛型法条被AI分为具体分类'建设工程与房地产'，应删除 | 原标记: <泛类型> | 法条: 《中华人民共和国住房和城乡建设部第37号令》
《中华人民共和国公司公司法》第二百一十一条第一款,财税与金融监管,ai,True,<泛类型>,公司法该条主要规制财务会计责任。,会计/账务,(6-7) 泛型法条被AI分为具体分类'财税与金融监管'，应删除 | 原标记: <泛类型> | 法条: 《中华人民共和国公司公司法》第二百一十一条第一款
《中华人民共和国公司法》第12条,市场主体与登记治理,ai,True,<泛类型>,公司法第12条规范公司登记注册事项。,无照经营/登记问题,(6-7) 泛型法条被AI分为具体分类'市场主体与登记治理'，应删除 | 原标记: <泛类型> | 法条: 《中华人民共和国公司法》第12条
《中华人民共和国公司法》第12条,市场主体与登记治理,ai,True,<泛类型>,公司登记名称、地址、经营范围等违规。,无照经营/登记问题,(6-7) 泛型法条被AI分为具体分类'市场主体与登记治理'，应删除 | 原标记: <泛类型> | 法条: 《中华人民共和国公司法》第12条
《中华人民共和国公司法》第14条,市场主体与登记治理,ai,True,<泛类型>,公司法第14条涉及公司登记问题。,无照经营/登记问题,(6-7) 泛型法条被AI分为具体分类'市场主体与登记治理'，应删除 | 原标记: <泛类型> | 法条: 《中华人民共和国公司法》第14条
《中华人民共和国公司法》第199条,财税与金融监管,ai,True,<泛类型>,第199条系对公司财务会计违法的处罚。,会计/账务,(6-7) 泛型法条被AI分为具体分类'财税与金融监管'，应删除 | 原标记: <泛类型> | 法条: 《中华人民共和国公司法》第199条
《中华人民共和国公司法》第201条,财税与金融监管,ai,True,<泛类型>,《公司法》第201条规范财务会计行为。,会计/账务,(6-7) 泛型法条被AI分为具体分类'财税与金融监管'，应删除 | 原标记: <泛类型> | 法条: 《中华人民共和国公司法》第201条
《中华人民共和国公司法》第212条第2款,财税与金融监管,ai,True,<泛类型>,公司法212条2款涉及财务会计责任。,会计/账务,(6-7) 泛型法条被AI分为具体分类'财税与金融监管'，应删除 | 原标记: <泛类型> | 法条: 《中华人民共和国公司法》第212条第2款
《中华人民共和国公司法》第212条第2款,财税与金融监管,ai,True,<泛类型>,该条款主要规范公司账簿保管。,会计/账务,(6-7) 泛型法条被AI分为具体分类'财税与金融监管'，应删除 | 原标记: <泛类型> | 法条: 《中华人民共和国公司法》第212条第2款
《中华人民共和国公司法》第34条,财税与金融监管,ai,True,<泛类型>,公司法第34条涉及财务会计相关。,会计/账务,(6-7) 泛型法条被AI分为具体分类'财税与金融监管'，应删除 | 原标记: <泛类型> | 法条: 《中华人民共和国公司法》第34条
《中华人民共和国公司法》第36条,市场主体与登记治理,ai,True,<泛类型>,公司法第36条涉及公司登记事项。,无照经营/登记问题,(6-7) 泛型法条被AI分为具体分类'市场主体与登记治理'，应删除 | 原标记: <泛类型> | 法条: 《中华人民共和国公司法》第36条
"《中华人民共和国公司法》第36条,",财税与金融监管,ai,True,<泛类型>,公司法第36条涉及会计账簿保管。,会计/账务,"(6-7) 泛型法条被AI分为具体分类'财税与金融监管'，应删除 | 原标记: <泛类型> | 法条: 《中华人民共和国公司法》第36条,"
《中华人民共和国公司法》第7条,市场主体与登记治理,ai,True,<泛类型>,公司法第7条涉及公司登记管理。,无照经营/登记问题,(6-7) 泛型法条被AI分为具体分类'市场主体与登记治理'，应删除 | 原标记: <泛类型> | 法条: 《中华人民共和国公司法》第7条
"《中华人民共和国公司法》第7条,",市场主体与登记治理,ai,True,<泛类型>,公司法第7条涉及公司登记设立。,无照经营/登记问题,"(6-7) 泛型法条被AI分为具体分类'市场主体与登记治理'，应删除 | 原标记: <泛类型> | 法条: 《中华人民共和国公司法》第7条,"
《中华人民共和国公司法》第7条第3款,市场主体与登记治理,ai,True,<泛类型>,涉及公司登记管理及违法登记情形。,无照经营/登记问题,(6-7) 泛型法条被AI分为具体分类'市场主体与登记治理'，应删除 | 原标记: <泛类型> | 法条: 《中华人民共和国公司法》第7条第3款
《中华人民共和国公司法》第一佰八十条,财税与金融监管,ai,True,<泛类型>,公司法第一百八十条多涉财务账务。,会计/账务,(6-7) 泛型法条被AI分为具体分类'财税与金融监管'，应删除 | 原标记: <泛类型> | 法条: 《中华人民共和国公司法》第一佰八十条
《中华人民共和国公司法》第一百七十四条,财税与金融监管,ai,True,<泛类型>,《公司法》该条多规财务会计责任。,会计/账务,(6-7) 泛型法条被AI分为具体分类'财税与金融监管'，应删除 | 原标记: <泛类型> | 法条: 《中华人民共和国公司法》第一百七十四条
《中华人民共和国公司法》第一百九十九条,财税与金融监管,ai,True,<泛类型>,该条规范公司账簿、会计资料行为。,会计/账务,(6-7) 泛型法条被AI分为具体分类'财税与金融监管'，应删除 | 原标记: <泛类型> | 法条: 《中华人民共和国公司法》第一百九十九条
《中华人民共和国公司法》第一百九十八条,*公司法责任处罚*,ai,True,<泛类型>,仅指公司法责任条，无具体领域。,*公司法责任处罚*,(6-6) AI分类含星号'*公司法责任处罚*'，分类不确定 | 法条: 《中华人民共和国公司法》第一百九十八条
《中华人民共和国公司法》第一百四十七条第一款第（四）项,*任职资格违法*,ai,True,<泛类型>,规定限制任职情形，属任职资格问题。,*任职资格违法*,(6-6) AI分类含星号'*任职资格违法*'，分类不确定 | 法条: 《中华人民共和国公司法》第一百四十七条第一款第（四）项
《中华人民共和国公司法》第七条,市场主体与登记治理,ai,True,<泛类型>,公司法第七条规定公司设立登记条件。,无照经营/登记问题,(6-7) 泛型法条被AI分为具体分类'市场主体与登记治理'，应删除 | 原标记: <泛类型> | 法条: 《中华人民共和国公司法》第七条
《中华人民共和国公司法》第七条第一款,市场主体与登记治理,ai,True,<泛类型>,公司登记设立违法，属登记问题。,无照经营/登记问题,(6-7) 泛型法条被AI分为具体分类'市场主体与登记治理'，应删除 | 原标记: <泛类型> | 法条: 《中华人民共和国公司法》第七条第一款
《中华人民共和国公司法》第七条第三款,市场主体与登记治理,ai,True,<泛类型>,涉及公司登记注册、营业资格事项。,无照经营/登记问题,(6-7) 泛型法条被AI分为具体分类'市场主体与登记治理'，应删除 | 原标记: <泛类型> | 法条: 《中华人民共和国公司法》第七条第三款
《中华人民共和国公司法》第七条第三款&ldquo;公司营业执照记载的事项,市场主体与登记治理,ai,True,<泛类型>,涉及公司营业执照记载事项管理。,无照经营/登记问题,(6-7) 泛型法条被AI分为具体分类'市场主体与登记治理'，应删除 | 原标记: <泛类型> | 法条: 《中华人民共和国公司法》第七条第三款&ldquo;公司营业执照记载的事项
《中华人民共和国公司法》第七条第三款“公司营业执照记载的事项,市场主体与登记治理,ai,True,<泛类型>,涉及营业执照记载事项管理规定。,无照经营/登记问题,(6-7) 泛型法条被AI分为具体分类'市场主体与登记治理'，应删除 | 原标记: <泛类型> | 法条: 《中华人民共和国公司法》第七条第三款“公司营业执照记载的事项
《中华人民共和国公司法》第七条第三款、,市场主体与登记治理,ai,True,<泛类型>,《公司法》第七条涉及公司登记事项。,无照经营/登记问题,(6-7) 泛型法条被AI分为具体分类'市场主体与登记治理'，应删除 | 原标记: <泛类型> | 法条: 《中华人民共和国公司法》第七条第三款、
《中华人民共和国公司法》第七条第三款、第十二条,市场主体与登记治理,ai,True,<泛类型>,涉及公司登记设立法律规范。,无照经营/登记问题,(6-7) 泛型法条被AI分为具体分类'市场主体与登记治理'，应删除 | 原标记: <泛类型> | 法条: 《中华人民共和国公司法》第七条第三款、第十二条
《中华人民共和国公司法》第七条第三款、第十二条和,市场主体与登记治理,ai,True,<泛类型>,违反公司法设立登记管理规定。,无照经营/登记问题,(6-7) 泛型法条被AI分为具体分类'市场主体与登记治理'，应删除 | 原标记: <泛类型> | 法条: 《中华人民共和国公司法》第七条第三款、第十二条和
《中华人民共和国公司法》第七条第三款规定的公司营业执照记载的事项,市场主体与登记治理,ai,True,<泛类型>,涉及公司营业执照记载事项规范。,无照经营/登记问题,(6-7) 泛型法条被AI分为具体分类'市场主体与登记治理'，应删除 | 原标记: <泛类型> | 法条: 《中华人民共和国公司法》第七条第三款规定的公司营业执照记载的事项
《中华人民共和国公司法》第三十六条,市场主体与登记治理,ai,True,<泛类型>,公司法第三十六条属公司登记管理。,无照经营/登记问题,(6-7) 泛型法条被AI分为具体分类'市场主体与登记治理'，应删除 | 原标记: <泛类型> | 法条: 《中华人民共和国公司法》第三十六条
《中华人民共和国公司法》第三十四条,财税与金融监管,ai,True,<泛类型>,涉及股东查阅财务会计报表等权利。,会计/账务,(6-7) 泛型法条被AI分为具体分类'财税与金融监管'，应删除 | 原标记: <泛类型> | 法条: 《中华人民共和国公司法》第三十四条
《中华人民共和国公司法》第二十八条,市场主体与登记治理,ai,True,<泛类型>,公司法第二十八条主要规范出资登记。,无照经营/登记问题,(6-7) 泛型法条被AI分为具体分类'市场主体与登记治理'，应删除 | 原标记: <泛类型> | 法条: 《中华人民共和国公司法》第二十八条
《中华人民共和国公司法》第二百一十一条,股东利润分配,ai,True,<泛类型>,公司法该条多涉及财务会计责任。,会计/账务,(6-7) 泛型法条被AI分为具体分类'股东利润分配'，应删除 | 原标记: <泛类型> | 法条: 《中华人民共和国公司法》第二百一十一条
《中华人民共和国公司法》第二百一十一条,股东利润分配,ai,True,<泛类型>,公司法该条主要规制财务会计责任。,会计/账务,(6-7) 泛型法条被AI分为具体分类'股东利润分配'，应删除 | 原标记: <泛类型> | 法条: 《中华人民共和国公司法》第二百一十一条
《中华人民共和国公司法》第二百一十一条、第一款、第一项,财税与金融监管,ai,True,<泛类型>,公司法该条多涉账簿会计问题。,会计/账务,(6-7) 泛型法条被AI分为具体分类'财税与金融监管'，应删除 | 原标记: <泛类型> | 法条: 《中华人民共和国公司法》第二百一十一条、第一款、第一项
《中华人民共和国公司法》第二百一十一条第一款,市场主体与登记治理,ai,True,<泛类型>,公司法该条多涉及登记公示义务。,企业信息公示,(6-7) 泛型法条被AI分为具体分类'市场主体与登记治理'，应删除 | 原标记: <泛类型> | 法条: 《中华人民共和国公司法》第二百一十一条第一款
"《中华人民共和国公司法》第二百一十一条第一款,",*公司法类违法*,ai,True,<泛类型>,直接依据公司法第二百一十一条适用。,*公司法类违法*,"(6-6) AI分类含星号'*公司法类违法*'，分类不确定 | 法条: 《中华人民共和国公司法》第二百一十一条第一款,"
《中华人民共和国公司法》第二百一十一条第一款;,财税与金融监管,ai,True,<泛类型>,公司法该条多涉会计账务责任。,会计/账务,(6-7) 泛型法条被AI分为具体分类'财税与金融监管'，应删除 | 原标记: <泛类型> | 法条: 《中华人民共和国公司法》第二百一十一条第一款;
《中华人民共和国公司法》第二百一十一条第二款,市场主体与登记治理,ai,True,<泛类型>,《公司法》登记管理相关违法。,无照经营/登记问题,(6-7) 泛型法条被AI分为具体分类'市场主体与登记治理'，应删除 | 原标记: <泛类型> | 法条: 《中华人民共和国公司法》第二百一十一条第二款
《中华人民共和国公司法》第二百一十一条：“第二百一十一条,*公司登记管理*,ai,True,<泛类型>,依据公司法第二百一十一条公司类违法。,*公司登记管理*,(6-6) AI分类含星号'*公司登记管理*'，分类不确定 | 法条: 《中华人民共和国公司法》第二百一十一条：“第二百一十一条
《中华人民共和国公司法》第二百一十一第一款,财税与金融监管,ai,True,<泛类型>,公司法该条规范公司财务会计行为。,会计/账务,(6-7) 泛型法条被AI分为具体分类'财税与金融监管'，应删除 | 原标记: <泛类型> | 法条: 《中华人民共和国公司法》第二百一十一第一款
《中华人民共和国公司法》第二百一十二条第二款,财税与金融监管,ai,True,<泛类型>,公司法该条主要规范公司财务账务。,会计/账务,(6-7) 泛型法条被AI分为具体分类'财税与金融监管'，应删除 | 原标记: <泛类型> | 法条: 《中华人民共和国公司法》第二百一十二条第二款
《中华人民共和国公司法》第二百一十二条第二款,财税与金融监管,ai,True,<泛类型>,公司法该条主要规范公司财务会计。,会计/账务,(6-7) 泛型法条被AI分为具体分类'财税与金融监管'，应删除 | 原标记: <泛类型> | 法条: 《中华人民共和国公司法》第二百一十二条第二款
《中华人民共和国公司法》第二百一十八条第（一）款,财税与金融监管,ai,True,<泛类型>,公司法该款多涉财务会计违法。,会计/账务,(6-7) 泛型法条被AI分为具体分类'财税与金融监管'，应删除 | 原标记: <泛类型> | 法条: 《中华人民共和国公司法》第二百一十八条第（一）款
《中华人民共和国公司法》第二百一十条第二款,财税与金融监管,ai,True,<泛类型>,公司法相关，多涉财务账务违法】,会计/账务,(6-7) 泛型法条被AI分为具体分类'财税与金融监管'，应删除 | 原标记: <泛类型> | 法条: 《中华人民共和国公司法》第二百一十条第二款
《中华人民共和国公司法》第二百二十一条,财税与金融监管,ai,True,<泛类型>,公司法第二百二十一条规范会计账簿。,会计/账务,(6-7) 泛型法条被AI分为具体分类'财税与金融监管'，应删除 | 原标记: <泛类型> | 法条: 《中华人民共和国公司法》第二百二十一条
《中华人民共和国公司法》第二百二十一条第一款,财税与金融监管,ai,True,<泛类型>,该条规范公司财务会计处理行为。,会计/账务,(6-7) 泛型法条被AI分为具体分类'财税与金融监管'，应删除 | 原标记: <泛类型> | 法条: 《中华人民共和国公司法》第二百二十一条第一款
《中华人民共和国公司法》第二百零八条第一款,*公司法责任处罚*,ai,True,<泛类型>,依据公司法第二百零八条责任规定。,*公司法责任处罚*,(6-6) AI分类含星号'*公司法责任处罚*'，分类不确定 | 法条: 《中华人民共和国公司法》第二百零八条第一款
《中华人民共和国公司法》第五十条第一款,财税与金融监管,ai,True,<泛类型>,涉及公司法出资及财务制度。,会计/账务,(6-7) 泛型法条被AI分为具体分类'财税与金融监管'，应删除 | 原标记: <泛类型> | 法条: 《中华人民共和国公司法》第五十条第一款
《中华人民共和国公司法》第六条第一款,市场主体与登记治理,ai,True,<泛类型>,《公司法》注册登记义务相关。,无照经营/登记问题,(6-7) 泛型法条被AI分为具体分类'市场主体与登记治理'，应删除 | 原标记: <泛类型> | 法条: 《中华人民共和国公司法》第六条第一款
《中华人民共和国公司法》第十一条第三款,市场主体与登记治理,ai,True,<泛类型>,涉及公司登记注册法律规范。,无照经营/登记问题,(6-7) 泛型法条被AI分为具体分类'市场主体与登记治理'，应删除 | 原标记: <泛类型> | 法条: 《中华人民共和国公司法》第十一条第三款
《中华人民共和国公司法》第十一条第二款及,市场主体与登记治理,ai,True,<泛类型>,公司法第十一条侧重公司登记事项。,无照经营/登记问题,(6-7) 泛型法条被AI分为具体分类'市场主体与登记治理'，应删除 | 原标记: <泛类型> | 法条: 《中华人民共和国公司法》第十一条第二款及
《中华人民共和国公司法》第十二条,市场主体与登记治理,ai,True,<泛类型>,公司设立登记规范相关条款。,无照经营/登记问题,(6-7) 泛型法条被AI分为具体分类'市场主体与登记治理'，应删除 | 原标记: <泛类型> | 法条: 《中华人民共和国公司法》第十二条
《中华人民共和国公司法》第十二条第一款,市场主体与登记治理,ai,True,<泛类型>,公司设立登记事项违规归入登记问题。,无照经营/登记问题,(6-7) 泛型法条被AI分为具体分类'市场主体与登记治理'，应删除 | 原标记: <泛类型> | 法条: 《中华人民共和国公司法》第十二条第一款
《中华人民共和国公司法》第十二条第一款,市场主体与登记治理,ai,True,<泛类型>,《公司法》涉及公司设立登记问题。,无照经营/登记问题,(6-7) 泛型法条被AI分为具体分类'市场主体与登记治理'，应删除 | 原标记: <泛类型> | 法条: 《中华人民共和国公司法》第十二条第一款
《中华人民共和国公司法》第十二条第一款、第二百一十一条第二款,市场主体与登记治理,ai,True,<泛类型>,公司法涉及设立登记等登记违规。,无照经营/登记问题,(6-7) 泛型法条被AI分为具体分类'市场主体与登记治理'，应删除 | 原标记: <泛类型> | 法条: 《中华人民共和国公司法》第十二条第一款、第二百一十一条第二款
《中华人民共和国公司法》第十四条,市场主体与登记治理,ai,True,<泛类型>,公司法第十四条规范公司登记设立。,无照经营/登记问题,(6-7) 泛型法条被AI分为具体分类'市场主体与登记治理'，应删除 | 原标记: <泛类型> | 法条: 《中华人民共和国公司法》第十四条
《中华人民共和国公司法》第十四条的规定依据,市场主体与登记治理,ai,True,<泛类型>,公司法第十四条涉及公司登记事项。,无照经营/登记问题,(6-7) 泛型法条被AI分为具体分类'市场主体与登记治理'，应删除 | 原标记: <泛类型> | 法条: 《中华人民共和国公司法》第十四条的规定依据
《中华人民共和国公司法》第十四条第一款,市场主体与登记治理,ai,True,<泛类型>,公司法设立登记事项相关违规。,无照经营/登记问题,(6-7) 泛型法条被AI分为具体分类'市场主体与登记治理'，应删除 | 原标记: <泛类型> | 法条: 《中华人民共和国公司法》第十四条第一款
"《中华人民共和国公司法》第十四条第一款,",市场主体与登记治理,ai,True,<泛类型>,《公司法》设立登记主体违法。,无照经营/登记问题,"(6-7) 泛型法条被AI分为具体分类'市场主体与登记治理'，应删除 | 原标记: <泛类型> | 法条: 《中华人民共和国公司法》第十四条第一款,"
《中华人民共和国公司法》第十四条第一款的规定依据,市场主体与登记治理,ai,True,<泛类型>,《公司法》公司设立登记相关违法。,无照经营/登记问题,(6-7) 泛型法条被AI分为具体分类'市场主体与登记治理'，应删除 | 原标记: <泛类型> | 法条: 《中华人民共和国公司法》第十四条第一款的规定依据
《中华人民共和国公司法〔2018修正〕》第二百一十一条第一款,财税与金融监管,ai,True,<泛类型>,公司法该条多涉账簿资料责任。,会计/账务,(6-7) 泛型法条被AI分为具体分类'财税与金融监管'，应删除 | 原标记: <泛类型> | 法条: 《中华人民共和国公司法〔2018修正〕》第二百一十一条第一款
《中华人民共和国公司法〔2019修正〕》第二百一十一条第一款,财税与金融监管,ai,True,<泛类型>,条文针对未依法制作会计报表等行为。,会计/账务,(6-7) 泛型法条被AI分为具体分类'财税与金融监管'，应删除 | 原标记: <泛类型> | 法条: 《中华人民共和国公司法〔2019修正〕》第二百一十一条第一款
《中华人民共和国公司法（２０１８年）》第二百一十一条第一款,市场主体与登记治理,ai,True,<泛类型>,公司法处罚多涉登记、公示义务。,企业信息公示,(6-7) 泛型法条被AI分为具体分类'市场主体与登记治理'，应删除 | 原标记: <泛类型> | 法条: 《中华人民共和国公司法（２０１８年）》第二百一十一条第一款
《中华人民共和国公路管理条例》第二条：本条,交通运输,ai,True,<泛类型>,依据《公路管理条例》属公路管理领域。,交通运输违规,(6-7) 泛型法条被AI分为具体分类'交通运输'，应删除 | 原标记: <泛类型> | 法条: 《中华人民共和国公路管理条例》第二条：本条
《中华人民共和国内河避碰规则》,海事安全,ai,True,<泛类型>,内河航行避碰规则，属水上交通安全。,海事安全,(6-7) 泛型法条被AI分为具体分类'海事安全'，应删除 | 原标记: <泛类型> | 法条: 《中华人民共和国内河避碰规则》
《中华人民共和国内河避碰规则》(2003修订本)第八条,海事安全,ai,True,<泛类型>,涉及内河航行避碰规则，属水上安全。,海事安全,(6-7) 泛型法条被AI分为具体分类'海事安全'，应删除 | 原标记: <泛类型> | 法条: 《中华人民共和国内河避碰规则》(2003修订本)第八条
《中华人民共和国内河避碰规则》(修订本)第八条,海事安全,ai,True,<泛类型>,内河船舶避碰规则，属水上交通安全。,海事安全,(6-7) 泛型法条被AI分为具体分类'海事安全'，应删除 | 原标记: <泛类型> | 法条: 《中华人民共和国内河避碰规则》(修订本)第八条
《中华人民共和国内河避碰规则》(修订本)第十一条第一款,海事安全,ai,True,<泛类型>,内河船舶避碰规则，属航行安全。,海事安全,(6-7) 泛型法条被AI分为具体分类'海事安全'，应删除 | 原标记: <泛类型> | 法条: 《中华人民共和国内河避碰规则》(修订本)第十一条第一款
《中华人民共和国内河避碰规则》第四十六条,海事安全,ai,True,<泛类型>,内河航行避碰规则，属水上交通安全。,海事安全,(6-7) 泛型法条被AI分为具体分类'海事安全'，应删除 | 原标记: <泛类型> | 法条: 《中华人民共和国内河避碰规则》第四十六条
《中华人民共和国刑法》第一百四十条,*走私制售伪劣产品*,ai,True,<泛类型>,刑法第一百四十条规制走私伪劣产品。,*走私制售伪劣产品*,(6-6) AI分类含星号'*走私制售伪劣产品*'，分类不确定 | 法条: 《中华人民共和国刑法》第一百四十条
《中华人民共和国刑法》第三百四十二条,环境保护,ai,True,<泛类型>,条文规制破坏土地环境行为。,环境保护,(6-7) 泛型法条被AI分为具体分类'环境保护'，应删除 | 原标记: <泛类型> | 法条: 《中华人民共和国刑法》第三百四十二条
《中华人民共和国劳动合同法》第三十一条第一款,劳动保障,ai,True,<泛类型>,依据劳动合同法条款，属用工管理问题。,劳动保障/用工,(6-7) 泛型法条被AI分为具体分类'劳动保障'，应删除 | 原标记: <泛类型> | 法条: 《中华人民共和国劳动合同法》第三十一条第一款
《中华人民共和国劳动合同法》第三十条,劳动保障,ai,True,<泛类型>,引用劳动合同法条文，属用工管理。,劳动保障/用工,(6-7) 泛型法条被AI分为具体分类'劳动保障'，应删除 | 原标记: <泛类型> | 法条: 《中华人民共和国劳动合同法》第三十条
《中华人民共和国劳动合同法》第三十条第一款,劳动保障,ai,True,<泛类型>,依据劳动合同法用工规定。,劳动保障/用工,(6-7) 泛型法条被AI分为具体分类'劳动保障'，应删除 | 原标记: <泛类型> | 法条: 《中华人民共和国劳动合同法》第三十条第一款
《中华人民共和国劳动合同法》第三十条第一款,劳动保障,ai,True,<泛类型>,《劳动合同法》条款，属劳动用工。,劳动保障/用工,(6-7) 泛型法条被AI分为具体分类'劳动保障'，应删除 | 原标记: <泛类型> | 法条: 《中华人民共和国劳动合同法》第三十条第一款
《中华人民共和国劳动合同法》第九条,劳动保障,ai,True,<泛类型>,依据劳动合同法条文，属用工管理。,劳动保障/用工,(6-7) 泛型法条被AI分为具体分类'劳动保障'，应删除 | 原标记: <泛类型> | 法条: 《中华人民共和国劳动合同法》第九条
《中华人民共和国劳动合同法》第八十五条第一项,劳动保障,ai,True,<泛类型>,适用劳动合同法条款，属用工管理。,劳动保障/用工,(6-7) 泛型法条被AI分为具体分类'劳动保障'，应删除 | 原标记: <泛类型> | 法条: 《中华人民共和国劳动合同法》第八十五条第一项
《中华人民共和国劳动合同法》第八十四条,劳动保障,ai,True,<泛类型>,劳动合同法条款，属用工管理。,劳动保障/用工,(6-7) 泛型法条被AI分为具体分类'劳动保障'，应删除 | 原标记: <泛类型> | 法条: 《中华人民共和国劳动合同法》第八十四条
《中华人民共和国劳动合同法》第八十四条第二款,劳动保障,ai,True,<泛类型>,依据劳动合同法条款，属用工管理。,劳动保障/用工,(6-7) 泛型法条被AI分为具体分类'劳动保障'，应删除 | 原标记: <泛类型> | 法条: 《中华人民共和国劳动合同法》第八十四条第二款
《中华人民共和国劳动合同法》第十六条、第三十条,劳动保障,ai,True,<泛类型>,依据劳动合同法条款，属用工管理违规。,劳动保障/用工,(6-7) 泛型法条被AI分为具体分类'劳动保障'，应删除 | 原标记: <泛类型> | 法条: 《中华人民共和国劳动合同法》第十六条、第三十条
《中华人民共和国劳动合同法》第四十六条,劳动保障,ai,True,<泛类型>,依据劳动合同法条款，属用工管理。,劳动保障/用工,(6-7) 泛型法条被AI分为具体分类'劳动保障'，应删除 | 原标记: <泛类型> | 法条: 《中华人民共和国劳动合同法》第四十六条
《中华人民共和国劳动合同法》第四条,劳动保障,ai,True,<泛类型>,《劳动合同法》直接对应劳动用工。,劳动保障/用工,(6-7) 泛型法条被AI分为具体分类'劳动保障'，应删除 | 原标记: <泛类型> | 法条: 《中华人民共和国劳动合同法》第四条
《中华人民共和国劳动法》,劳动保障,ai,True,<泛类型>,依据《劳动法》属劳动用工管理。,劳动保障/用工,(6-7) 泛型法条被AI分为具体分类'劳动保障'，应删除 | 原标记: <泛类型> | 法条: 《中华人民共和国劳动法》
《中华人民共和国劳动法》第85条,劳动保障,ai,True,<泛类型>,依据《劳动法》用工报酬等规定。,劳动保障/用工,(6-7) 泛型法条被AI分为具体分类'劳动保障'，应删除 | 原标记: <泛类型> | 法条: 《中华人民共和国劳动法》第85条
《中华人民共和国劳动法》第七十二条,劳动保障,ai,True,<泛类型>,引用《劳动法》条款，属劳动保障。,劳动保障/用工,(6-7) 泛型法条被AI分为具体分类'劳动保障'，应删除 | 原标记: <泛类型> | 法条: 《中华人民共和国劳动法》第七十二条
《中华人民共和国劳动法》第七十二条、第十六条、第五十条,劳动保障,ai,True,<泛类型>,依据劳动法用工与报酬条款。,劳动保障/用工,(6-7) 泛型法条被AI分为具体分类'劳动保障'，应删除 | 原标记: <泛类型> | 法条: 《中华人民共和国劳动法》第七十二条、第十六条、第五十条
《中华人民共和国劳动法》第三十八条、第四十一条,劳动保障,ai,True,<泛类型>,依据劳动法关于工作时间制度。,劳动保障/用工,(6-7) 泛型法条被AI分为具体分类'劳动保障'，应删除 | 原标记: <泛类型> | 法条: 《中华人民共和国劳动法》第三十八条、第四十一条
《中华人民共和国劳动法》第三十六条、第三十八条、第四十一条,劳动保障,ai,True,<泛类型>,引用劳动法工作时间加班规定。,劳动保障/用工,(6-7) 泛型法条被AI分为具体分类'劳动保障'，应删除 | 原标记: <泛类型> | 法条: 《中华人民共和国劳动法》第三十六条、第三十八条、第四十一条
《中华人民共和国劳动法》第三十六条、第四十一条、第四十三条,劳动保障,ai,True,<泛类型>,依据劳动法工时加班规定相关。,劳动保障/用工,(6-7) 泛型法条被AI分为具体分类'劳动保障'，应删除 | 原标记: <泛类型> | 法条: 《中华人民共和国劳动法》第三十六条、第四十一条、第四十三条
《中华人民共和国劳动法》第九十一条,劳动保障,ai,True,<泛类型>,系劳动法条款，属用工管理。,劳动保障/用工,(6-7) 泛型法条被AI分为具体分类'劳动保障'，应删除 | 原标记: <泛类型> | 法条: 《中华人民共和国劳动法》第九十一条
《中华人民共和国劳动法》第九十一条和,劳动保障,ai,True,<泛类型>,引用劳动法条款，属劳动用工类。,劳动保障/用工,(6-7) 泛型法条被AI分为具体分类'劳动保障'，应删除 | 原标记: <泛类型> | 法条: 《中华人民共和国劳动法》第九十一条和
《中华人民共和国劳动法》第九十一条第(一)项、,劳动保障,ai,True,<泛类型>,适用劳动法第九十一条属用工管理。,劳动保障/用工,(6-7) 泛型法条被AI分为具体分类'劳动保障'，应删除 | 原标记: <泛类型> | 法条: 《中华人民共和国劳动法》第九十一条第(一)项、
《中华人民共和国劳动法》第九十五条,劳动保障,ai,True,<泛类型>,《劳动法》条款对应用工管理。,劳动保障/用工,(6-7) 泛型法条被AI分为具体分类'劳动保障'，应删除 | 原标记: <泛类型> | 法条: 《中华人民共和国劳动法》第九十五条
《中华人民共和国劳动法》第九十五条、,劳动保障,ai,True,<泛类型>,依据劳动法第九十五条属劳动用工管理。,劳动保障/用工,(6-7) 泛型法条被AI分为具体分类'劳动保障'，应删除 | 原标记: <泛类型> | 法条: 《中华人民共和国劳动法》第九十五条、
《中华人民共和国劳动法》第九十四条,劳动保障,ai,True,<泛类型>,适用劳动法规定，属劳动用工管理。,劳动保障/用工,(6-7) 泛型法条被AI分为具体分类'劳动保障'，应删除 | 原标记: <泛类型> | 法条: 《中华人民共和国劳动法》第九十四条
"《中华人民共和国劳动法》第九十四条,",劳动保障,ai,True,<泛类型>,依据劳动法条款，属劳动用工管理。,劳动保障/用工,"(6-7) 泛型法条被AI分为具体分类'劳动保障'，应删除 | 原标记: <泛类型> | 法条: 《中华人民共和国劳动法》第九十四条,"
《中华人民共和国劳动法》第九十四条、,劳动保障,ai,True,<泛类型>,《劳动法》第九十四条属劳动用工管理,劳动保障/用工,(6-7) 泛型法条被AI分为具体分类'劳动保障'，应删除 | 原标记: <泛类型> | 法条: 《中华人民共和国劳动法》第九十四条、
《中华人民共和国劳动法》第九十条,劳动保障,ai,True,<泛类型>,劳动法条款直接对应用工管理。,劳动保障/用工,(6-7) 泛型法条被AI分为具体分类'劳动保障'，应删除 | 原标记: <泛类型> | 法条: 《中华人民共和国劳动法》第九十条
《中华人民共和国劳动法》第九十条、,劳动保障,ai,True,<泛类型>,《劳动法》第九十条属劳动用工管理。,劳动保障/用工,(6-7) 泛型法条被AI分为具体分类'劳动保障'，应删除 | 原标记: <泛类型> | 法条: 《中华人民共和国劳动法》第九十条、
《中华人民共和国劳动法》第九十条及,劳动保障,ai,True,<泛类型>,依据劳动法相关条款判定劳动用工问题。,劳动保障/用工,(6-7) 泛型法条被AI分为具体分类'劳动保障'，应删除 | 原标记: <泛类型> | 法条: 《中华人民共和国劳动法》第九十条及
《中华人民共和国劳动法》第九十条和,劳动保障,ai,True,<泛类型>,提及《劳动法》第九十条，属用工管理。,劳动保障/用工,(6-7) 泛型法条被AI分为具体分类'劳动保障'，应删除 | 原标记: <泛类型> | 法条: 《中华人民共和国劳动法》第九十条和
《中华人民共和国劳动法》第五十条,劳动保障,ai,True,<泛类型>,依据劳动法支付工资条款。,劳动保障/用工,(6-7) 泛型法条被AI分为具体分类'劳动保障'，应删除 | 原标记: <泛类型> | 法条: 《中华人民共和国劳动法》第五十条
《中华人民共和国劳动法》第五十条、,劳动保障,ai,True,<泛类型>,引用劳动法第五十条，属用工管理。,劳动保障/用工,(6-7) 泛型法条被AI分为具体分类'劳动保障'，应删除 | 原标记: <泛类型> | 法条: 《中华人民共和国劳动法》第五十条、
《中华人民共和国劳动法》第五十条、劳动部,劳动保障,ai,True,<泛类型>,依据劳动法第五十条，属用工管理。,劳动保障/用工,(6-7) 泛型法条被AI分为具体分类'劳动保障'，应删除 | 原标记: <泛类型> | 法条: 《中华人民共和国劳动法》第五十条、劳动部
《中华人民共和国劳动法》第五十条、第七十二条、,劳动保障,ai,True,<泛类型>,直接援引劳动法第五十条、第七十二条。,劳动保障/用工,(6-7) 泛型法条被AI分为具体分类'劳动保障'，应删除 | 原标记: <泛类型> | 法条: 《中华人民共和国劳动法》第五十条、第七十二条、
《中华人民共和国劳动法》第五十条和,劳动保障,ai,True,<泛类型>,《劳动法》第五十条系劳动用工规范。,劳动保障/用工,(6-7) 泛型法条被AI分为具体分类'劳动保障'，应删除 | 原标记: <泛类型> | 法条: 《中华人民共和国劳动法》第五十条和
《中华人民共和国劳动法》第五十条规定,劳动保障,ai,True,<泛类型>,依据劳动法第50条，属劳动用工事项。,劳动保障/用工,(6-7) 泛型法条被AI分为具体分类'劳动保障'，应删除 | 原标记: <泛类型> | 法条: 《中华人民共和国劳动法》第五十条规定
《中华人民共和国劳动法》第六十五条,劳动保障,ai,True,<泛类型>,依据劳动法条款，属劳动用工管理。,劳动保障/用工,(6-7) 泛型法条被AI分为具体分类'劳动保障'，应删除 | 原标记: <泛类型> | 法条: 《中华人民共和国劳动法》第六十五条
《中华人民共和国劳动法》第六十五条、,劳动保障,ai,True,<泛类型>,依据劳动法条款，属用工管理问题。,劳动保障/用工,(6-7) 泛型法条被AI分为具体分类'劳动保障'，应删除 | 原标记: <泛类型> | 法条: 《中华人民共和国劳动法》第六十五条、
《中华人民共和国劳动法》第六十五条和,劳动保障,ai,True,<泛类型>,引用《劳动法》第六十五条，属用工管理。,劳动保障/用工,(6-7) 泛型法条被AI分为具体分类'劳动保障'，应删除 | 原标记: <泛类型> | 法条: 《中华人民共和国劳动法》第六十五条和
《中华人民共和国劳动法》第十五条、,劳动保障,ai,True,<泛类型>,依据劳动法第十五条用工规定。,劳动保障/用工,(6-7) 泛型法条被AI分为具体分类'劳动保障'，应删除 | 原标记: <泛类型> | 法条: 《中华人民共和国劳动法》第十五条、
《中华人民共和国劳动法》第十五条第一款,劳动保障,ai,True,<泛类型>,《劳动法》用工条款，属劳动用工管理。,劳动保障/用工,(6-7) 泛型法条被AI分为具体分类'劳动保障'，应删除 | 原标记: <泛类型> | 法条: 《中华人民共和国劳动法》第十五条第一款
《中华人民共和国劳动法》第十五条第一款的规定;违反了,劳动保障,ai,True,<泛类型>,违反劳动法用工管理规定。,劳动保障/用工,(6-7) 泛型法条被AI分为具体分类'劳动保障'，应删除 | 原标记: <泛类型> | 法条: 《中华人民共和国劳动法》第十五条第一款的规定;违反了
《中华人民共和国劳动法》第四十一条,劳动保障,ai,True,<泛类型>,适用劳动法加班工时等用工管理。,劳动保障/用工,(6-7) 泛型法条被AI分为具体分类'劳动保障'，应删除 | 原标记: <泛类型> | 法条: 《中华人民共和国劳动法》第四十一条
《中华人民共和国劳动法》第四十一条,劳动保障,ai,True,<泛类型>,依据劳动法加班工作时长规定。,劳动保障/用工,(6-7) 泛型法条被AI分为具体分类'劳动保障'，应删除 | 原标记: <泛类型> | 法条: 《中华人民共和国劳动法》第四十一条
《中华人民共和国劳动法》第四十一条、第四十三条及,劳动保障,ai,True,<泛类型>,援引劳动法第四十一、四十三条用工问题。,劳动保障/用工,(6-7) 泛型法条被AI分为具体分类'劳动保障'，应删除 | 原标记: <泛类型> | 法条: 《中华人民共和国劳动法》第四十一条、第四十三条及
《中华人民共和国劳动法》第四十一条的规定,劳动保障,ai,True,<泛类型>,《劳动法》第四十一条属用工管理规范。,劳动保障/用工,(6-7) 泛型法条被AI分为具体分类'劳动保障'，应删除 | 原标记: <泛类型> | 法条: 《中华人民共和国劳动法》第四十一条的规定
《中华人民共和国劳动法》第四十一条规定,劳动保障,ai,True,<泛类型>,依据劳动法第四十一条，用工管理问题。,劳动保障/用工,(6-7) 泛型法条被AI分为具体分类'劳动保障'，应删除 | 原标记: <泛类型> | 法条: 《中华人民共和国劳动法》第四十一条规定
"《中华人民共和国劳动法》第四十一条规定,根据",劳动保障,ai,True,<泛类型>,引用劳动法第四十一条，加班用工相关。,劳动保障/用工,"(6-7) 泛型法条被AI分为具体分类'劳动保障'，应删除 | 原标记: <泛类型> | 法条: 《中华人民共和国劳动法》第四十一条规定,根据"
《中华人民共和国劳动法》第四十三条,劳动保障,ai,True,<泛类型>,劳动法条文，规范用工劳动保障。,劳动保障/用工,(6-7) 泛型法条被AI分为具体分类'劳动保障'，应删除 | 原标记: <泛类型> | 法条: 《中华人民共和国劳动法》第四十三条
《中华人民共和国劳动法》第四十三条处理依据：,劳动保障,ai,True,<泛类型>,依据劳动法内容，属劳动用工管理。,劳动保障/用工,(6-7) 泛型法条被AI分为具体分类'劳动保障'，应删除 | 原标记: <泛类型> | 法条: 《中华人民共和国劳动法》第四十三条处理依据：
《中华人民共和国劳动法》第四十三条被认定为较轻违法行为处理依据：,劳动保障,ai,True,<泛类型>,依据劳动法条款，属用工管理问题。,劳动保障/用工,(6-7) 泛型法条被AI分为具体分类'劳动保障'，应删除 | 原标记: <泛类型> | 法条: 《中华人民共和国劳动法》第四十三条被认定为较轻违法行为处理依据：
《中华人民共和国医师法》第二十四条第一款,卫生健康,ai,True,<泛类型>,《医师法》属医疗卫生领域规范。,医疗卫生,(6-7) 泛型法条被AI分为具体分类'卫生健康'，应删除 | 原标记: <泛类型> | 法条: 《中华人民共和国医师法》第二十四条第一款
《中华人民共和国医师法》第五十六条第(二)项的规定,卫生健康,ai,True,<泛类型>,依据医师法条款，属医疗活动监管。,医疗卫生,(6-7) 泛型法条被AI分为具体分类'卫生健康'，应删除 | 原标记: <泛类型> | 法条: 《中华人民共和国医师法》第五十六条第(二)项的规定
《中华人民共和国反不正竟争法》第九条,市场秩序与竞争监管,ai,True,<泛类型>,第九条规范经营者商业贿赂行为。,不正当竞争/商业贿赂,(6-7) 泛型法条被AI分为具体分类'市场秩序与竞争监管'，应删除 | 原标记: <泛类型> | 法条: 《中华人民共和国反不正竟争法》第九条
《中华人民共和国反不正竟争法》第二十四条,市场秩序与竞争监管,ai,True,<泛类型>,适用反不正当竞争法条文范畴。,不正当竞争/商业贿赂,(6-7) 泛型法条被AI分为具体分类'市场秩序与竞争监管'，应删除 | 原标记: <泛类型> | 法条: 《中华人民共和国反不正竟争法》第二十四条
《中华人民共和国合伙企业法》,*合伙企业管理*,ai,True,<泛类型>,《合伙企业法》专门规范合伙企业行为。,*合伙企业管理*,(6-6) AI分类含星号'*合伙企业管理*'，分类不确定 | 法条: 《中华人民共和国合伙企业法》
《中华人民共和国合伙企业法》第十一条第二款,市场主体与登记治理,ai,True,<泛类型>,合伙企业登记设立事项相关规定。,无照经营/登记问题,(6-7) 泛型法条被AI分为具体分类'市场主体与登记治理'，应删除 | 原标记: <泛类型> | 法条: 《中华人民共和国合伙企业法》第十一条第二款
《中华人民共和国合伙企业法》第十三条,*合伙企业管理*,ai,True,<泛类型>,引用合伙企业法条文，属合伙管理。,*合伙企业管理*,(6-6) AI分类含星号'*合伙企业管理*'，分类不确定 | 法条: 《中华人民共和国合伙企业法》第十三条
《中华人民共和国合同法》,消费者权益/市场秩序,ai,True,<泛类型>,《合同法》多涉合同履行与消费者权益。,消费者权益纠纷,(6-7) 泛型法条被AI分为具体分类'消费者权益/市场秩序'，应删除 | 原标记: <泛类型> | 法条: 《中华人民共和国合同法》
《中华人民共和国合同法》第一百一十七条,消费者权益/市场秩序,ai,True,<泛类型>,合同法条文一般调整合同纠纷。,消费者权益纠纷,(6-7) 泛型法条被AI分为具体分类'消费者权益/市场秩序'，应删除 | 原标记: <泛类型> | 法条: 《中华人民共和国合同法》第一百一十七条
《中华人民共和国合同法》第一百二十一条,消费者权益/市场秩序,ai,True,<泛类型>,合同法条文，多涉合同民事纠纷。,消费者权益纠纷,(6-7) 泛型法条被AI分为具体分类'消费者权益/市场秩序'，应删除 | 原标记: <泛类型> | 法条: 《中华人民共和国合同法》第一百二十一条
《中华人民共和国合同法》第三十九条,消费者权益/市场秩序,ai,True,<泛类型>,格式条款审查义务，多涉及消费者权益。,消费者权益纠纷,(6-7) 泛型法条被AI分为具体分类'消费者权益/市场秩序'，应删除 | 原标记: <泛类型> | 法条: 《中华人民共和国合同法》第三十九条
《中华人民共和国合同法》第三十九条第一款规定“采用格式条款,市场秩序与竞争监管,ai,True,<泛类型>,格式条款多涉格式合同与消费者权益。,消费者权益/市场秩序,(6-7) 泛型法条被AI分为具体分类'市场秩序与竞争监管'，应删除 | 原标记: <泛类型> | 法条: 《中华人民共和国合同法》第三十九条第一款规定“采用格式条款
《中华人民共和国合同法》第三十九条第二款“格式条款,消费者权益/市场秩序,ai,True,<泛类型>,合同格式条款通常涉及消费者权益。,消费者权益纠纷,(6-7) 泛型法条被AI分为具体分类'消费者权益/市场秩序'，应删除 | 原标记: <泛类型> | 法条: 《中华人民共和国合同法》第三十九条第二款“格式条款
《中华人民共和国合同法》第三十九条第二款规定：“格式条款,消费者权益/市场秩序,ai,True,<泛类型>,涉及格式条款效力，属消费者合同保障。,消费者权益纠纷,(6-7) 泛型法条被AI分为具体分类'消费者权益/市场秩序'，应删除 | 原标记: <泛类型> | 法条: 《中华人民共和国合同法》第三十九条第二款规定：“格式条款
《中华人民共和国合同法》第三十九条第二款：“格式条款,消费者权益/市场秩序,ai,True,<泛类型>,合同格式条款规制，多涉消费者权益。,消费者权益纠纷,(6-7) 泛型法条被AI分为具体分类'消费者权益/市场秩序'，应删除 | 原标记: <泛类型> | 法条: 《中华人民共和国合同法》第三十九条第二款：“格式条款
《中华人民共和国合同法》第二百七十二条第二款,消费者权益/市场秩序,ai,True,<泛类型>,合同履行争议，本质属民事纠纷。,消费者权益纠纷,(6-7) 泛型法条被AI分为具体分类'消费者权益/市场秩序'，应删除 | 原标记: <泛类型> | 法条: 《中华人民共和国合同法》第二百七十二条第二款
《中华人民共和国合同法》第五条,消费者权益/市场秩序,ai,True,<泛类型>,合同法一般涉及民事合同与消费者权益。,消费者权益纠纷,(6-7) 泛型法条被AI分为具体分类'消费者权益/市场秩序'，应删除 | 原标记: <泛类型> | 法条: 《中华人民共和国合同法》第五条
《中华人民共和国合同法》第五条、第三十九条,消费者权益/市场秩序,ai,True,<泛类型>,合同格式条款与消费者保护相关。,消费者权益纠纷,(6-7) 泛型法条被AI分为具体分类'消费者权益/市场秩序'，应删除 | 原标记: <泛类型> | 法条: 《中华人民共和国合同法》第五条、第三十九条
《中华人民共和国合同法》第十四条、第十五条,消费者权益/市场秩序,ai,True,<泛类型>,合同订立效力问题，属民事交易纠纷。,消费者权益纠纷,(6-7) 泛型法条被AI分为具体分类'消费者权益/市场秩序'，应删除 | 原标记: <泛类型> | 法条: 《中华人民共和国合同法》第十四条、第十五条
《中华人民共和国商务部公告2007年第23号》,海关/进出口,ai,True,<泛类型>,商务部公告属进出口管理规范。,海关/进出口,(6-7) 泛型法条被AI分为具体分类'海关/进出口'，应删除 | 原标记: <泛类型> | 法条: 《中华人民共和国商务部公告2007年第23号》
《中华人民共和国国内贸易行业标准 糖果 胶基糖果》,产品质量与安全,ai,True,<泛类型>,《糖果 胶基糖果》属食品质量标准。,食品药品,(6-7) 泛型法条被AI分为具体分类'产品质量与安全'，应删除 | 原标记: <泛类型> | 法条: 《中华人民共和国国内贸易行业标准 糖果 胶基糖果》
《中华人民共和国国境卫生检疫法》第七条、,卫生健康,ai,True,<泛类型>,国境卫生检疫法属口岸公共卫生管理。,医疗卫生,(6-7) 泛型法条被AI分为具体分类'卫生健康'，应删除 | 原标记: <泛类型> | 法条: 《中华人民共和国国境卫生检疫法》第七条、
《中华人民共和国国境卫生检疫法》第二十条第(一)项,卫生健康,ai,True,<泛类型>,国境卫生检疫法属卫生检疫领域。,医疗卫生,(6-7) 泛型法条被AI分为具体分类'卫生健康'，应删除 | 原标记: <泛类型> | 法条: 《中华人民共和国国境卫生检疫法》第二十条第(一)项
《中华人民共和国国境卫生检疫法实施细则》第一百零九条第二项,卫生健康,ai,True,<泛类型>,依据国境卫生检疫法，属卫生检疫。,医疗卫生,(6-7) 泛型法条被AI分为具体分类'卫生健康'，应删除 | 原标记: <泛类型> | 法条: 《中华人民共和国国境卫生检疫法实施细则》第一百零九条第二项
《中华人民共和国国境卫生检疫法实施细则》第一百零九条第（四）项,卫生健康,ai,True,<泛类型>,涉国境检疫与卫生防疫管理。,医疗卫生,(6-7) 泛型法条被AI分为具体分类'卫生健康'，应删除 | 原标记: <泛类型> | 法条: 《中华人民共和国国境卫生检疫法实施细则》第一百零九条第（四）项
《中华人民共和国国家计量检定规程(JJG907-2006)》,计量/器具,ai,True,<泛类型>,系国家计量检定规程，属计量监管。,计量/器具,(6-7) 泛型法条被AI分为具体分类'计量/器具'，应删除 | 原标记: <泛类型> | 法条: 《中华人民共和国国家计量检定规程(JJG907-2006)》
《中华人民共和国国家计量检定规程》,计量/器具,ai,True,<泛类型>,依据计量检定规程，属计量管理问题。,计量/器具,(6-7) 泛型法条被AI分为具体分类'计量/器具'，应删除 | 原标记: <泛类型> | 法条: 《中华人民共和国国家计量检定规程》
《中华人民共和国国家计量检定规程（JJG 907-2006）》,计量/器具,ai,True,<泛类型>,依据计量检定规程，属计量管理问题。,计量/器具,(6-7) 泛型法条被AI分为具体分类'计量/器具'，应删除 | 原标记: <泛类型> | 法条: 《中华人民共和国国家计量检定规程（JJG 907-2006）》
《中华人民共和国国家计量检定规程（JJG907-2006)》,计量/器具,ai,True,<泛类型>,依据国家计量检定规程，属计量管理问题。,计量/器具,(6-7) 泛型法条被AI分为具体分类'计量/器具'，应删除 | 原标记: <泛类型> | 法条: 《中华人民共和国国家计量检定规程（JJG907-2006)》
《中华人民共和国国家计量检定规程（JJG907-2006）》,计量/器具,ai,True,<泛类型>,依据国家计量检定规程，属计量管理。,计量/器具,(6-7) 泛型法条被AI分为具体分类'计量/器具'，应删除 | 原标记: <泛类型> | 法条: 《中华人民共和国国家计量检定规程（JJG907-2006）》
《中华人民共和国国籍法》,*国籍管理违法*,ai,True,<泛类型>,适用《中华人民共和国国籍法》相关规定。,*国籍管理违法*,(6-6) AI分类含星号'*国籍管理违法*'，分类不确定 | 法条: 《中华人民共和国国籍法》
《中华人民共和国在林法》,环境保护,ai,True,<泛类型>,涉及《森林法》保护森林资源。,环境保护,(6-7) 泛型法条被AI分为具体分类'环境保护'，应删除 | 原标记: <泛类型> | 法条: 《中华人民共和国在林法》
《中华人民共和国在林法实 施条倒》第四十三条第一款,环境保护,ai,True,<泛类型>,依据《森林法》一般归属环保类。,环境保护,(6-7) 泛型法条被AI分为具体分类'环境保护'，应删除 | 原标记: <泛类型> | 法条: 《中华人民共和国在林法实 施条倒》第四十三条第一款
《中华人民共和国城市规划法》,建设工程与房地产,ai,True,<泛类型>,依据城市规划法，属规划用地管理。,房地产/土地,(6-7) 泛型法条被AI分为具体分类'建设工程与房地产'，应删除 | 原标记: <泛类型> | 法条: 《中华人民共和国城市规划法》
《中华人民共和国城市规划法》第三十二条,建设工程与房地产,ai,True,<泛类型>,《城市规划法》规范建设活动。,建设工程,(6-7) 泛型法条被AI分为具体分类'建设工程与房地产'，应删除 | 原标记: <泛类型> | 法条: 《中华人民共和国城市规划法》第三十二条
《中华人民共和国城市规划法》第三十二条、,建设工程与房地产,ai,True,<泛类型>,《城市规划法》第三十二条针对违法建设行为。,建设工程,(6-7) 泛型法条被AI分为具体分类'建设工程与房地产'，应删除 | 原标记: <泛类型> | 法条: 《中华人民共和国城市规划法》第三十二条、
《中华人民共和国城市规划法》第四十条,建设工程与房地产,ai,True,<泛类型>,城市规划法多规制建设用地使用。,房地产/土地,(6-7) 泛型法条被AI分为具体分类'建设工程与房地产'，应删除 | 原标记: <泛类型> | 法条: 《中华人民共和国城市规划法》第四十条
《中华人民共和国外商投资企业批准证书》,海关/进出口,ai,True,<泛类型>,涉及外商投资企业批准及对外贸易。,海关/进出口,(6-7) 泛型法条被AI分为具体分类'海关/进出口'，应删除 | 原标记: <泛类型> | 法条: 《中华人民共和国外商投资企业批准证书》
《中华人民共和国实行水效标识的产品目录》,环境保护,ai,True,<泛类型>,水效标识目录涉及用水及水资源管理。,水资源,(6-7) 泛型法条被AI分为具体分类'环境保护'，应删除 | 原标记: <泛类型> | 法条: 《中华人民共和国实行水效标识的产品目录》
《中华人民共和国尘肺病防治条例》第二十三条第一项,安全生产,ai,True,<泛类型>,尘肺病属职业病防治范畴。,职业卫生/健康,(6-7) 泛型法条被AI分为具体分类'安全生产'，应删除 | 原标记: <泛类型> | 法条: 《中华人民共和国尘肺病防治条例》第二十三条第一项
《中华人民共和国居民身份证》,*居民身份证管理*,ai,True,<泛类型>,适用《居民身份证法》相关规定。,*居民身份证管理*,(6-6) AI分类含星号'*居民身份证管理*'，分类不确定 | 法条: 《中华人民共和国居民身份证》
《中华人民共和国工会法》,劳动保障,ai,True,<泛类型>,《工会法》调整劳动关系与用工问题。,劳动保障/用工,(6-7) 泛型法条被AI分为具体分类'劳动保障'，应删除 | 原标记: <泛类型> | 法条: 《中华人民共和国工会法》
《中华人民共和国建 筑法》第七条第一款,建设工程与房地产,ai,True,<泛类型>,《建筑法》规定建设工程活动。,建设工程,(6-7) 泛型法条被AI分为具体分类'建设工程与房地产'，应删除 | 原标记: <泛类型> | 法条: 《中华人民共和国建 筑法》第七条第一款
《中华人民共和国建筑法》,建设工程与房地产,ai,True,<泛类型>,依据建筑法调整建设活动行为。,建设工程,(6-7) 泛型法条被AI分为具体分类'建设工程与房地产'，应删除 | 原标记: <泛类型> | 法条: 《中华人民共和国建筑法》
《中华人民共和国建筑法》第46号)第七条,建设工程与房地产,ai,True,<泛类型>,《建筑法》属工程建设领域规范。,建设工程,(6-7) 泛型法条被AI分为具体分类'建设工程与房地产'，应删除 | 原标记: <泛类型> | 法条: 《中华人民共和国建筑法》第46号)第七条
《中华人民共和国建筑法》第46号)第七条的规定,建设工程与房地产,ai,True,<泛类型>,引用《建筑法》条款，属建设工程。,建设工程,(6-7) 泛型法条被AI分为具体分类'建设工程与房地产'，应删除 | 原标记: <泛类型> | 法条: 《中华人民共和国建筑法》第46号)第七条的规定
《中华人民共和国建筑法》第46号)第七条第一款,建设工程与房地产,ai,True,<泛类型>,《建筑法》条款，属工程建设管理。,建设工程,(6-7) 泛型法条被AI分为具体分类'建设工程与房地产'，应删除 | 原标记: <泛类型> | 法条: 《中华人民共和国建筑法》第46号)第七条第一款
《中华人民共和国建筑法》第46号)第六十四条,建设工程与房地产,ai,True,<泛类型>,《建筑法》条款，属建设活动管理。,建设工程,(6-7) 泛型法条被AI分为具体分类'建设工程与房地产'，应删除 | 原标记: <泛类型> | 法条: 《中华人民共和国建筑法》第46号)第六十四条
《中华人民共和国建筑法》第46号)第六十四条、,建设工程与房地产,ai,True,<泛类型>,引用《建筑法》，属施工建设领域。,建设工程,(6-7) 泛型法条被AI分为具体分类'建设工程与房地产'，应删除 | 原标记: <泛类型> | 法条: 《中华人民共和国建筑法》第46号)第六十四条、
《中华人民共和国建筑法》第46号)第六十四条及,建设工程与房地产,ai,True,<泛类型>,《建筑法》第六十四条属建设工程类违法。,建设工程,(6-7) 泛型法条被AI分为具体分类'建设工程与房地产'，应删除 | 原标记: <泛类型> | 法条: 《中华人民共和国建筑法》第46号)第六十四条及
《中华人民共和国建筑法》第46号）第七条第一款,建设工程与房地产,ai,True,<泛类型>,引用《建筑法》条款，属建设活动。,建设工程,(6-7) 泛型法条被AI分为具体分类'建设工程与房地产'，应删除 | 原标记: <泛类型> | 法条: 《中华人民共和国建筑法》第46号）第七条第一款
《中华人民共和国建筑法》第46号）第六十四条、,建设工程与房地产,ai,True,<泛类型>,依据《建筑法》条款，属建设活动监管。,建设工程,(6-7) 泛型法条被AI分为具体分类'建设工程与房地产'，应删除 | 原标记: <泛类型> | 法条: 《中华人民共和国建筑法》第46号）第六十四条、
《中华人民共和国建筑法》第64条、,建设工程与房地产,ai,True,<泛类型>,《建筑法》第64条属建设工程领域。,建设工程,(6-7) 泛型法条被AI分为具体分类'建设工程与房地产'，应删除 | 原标记: <泛类型> | 法条: 《中华人民共和国建筑法》第64条、
《中华人民共和国建筑法》第64条和,建设工程与房地产,ai,True,<泛类型>,依据建筑法第六十四条，属建设管理。,建设工程,(6-7) 泛型法条被AI分为具体分类'建设工程与房地产'，应删除 | 原标记: <泛类型> | 法条: 《中华人民共和国建筑法》第64条和
《中华人民共和国建筑法》第7条和,建设工程与房地产,ai,True,<泛类型>,引用《建筑法》第7条，属建设行为。,建设工程,(6-7) 泛型法条被AI分为具体分类'建设工程与房地产'，应删除 | 原标记: <泛类型> | 法条: 《中华人民共和国建筑法》第7条和
《中华人民共和国建筑法》第七十一条,建设工程与房地产,ai,True,<泛类型>,适用《建筑法》第七十一条，属建设工程。,建设工程,(6-7) 泛型法条被AI分为具体分类'建设工程与房地产'，应删除 | 原标记: <泛类型> | 法条: 《中华人民共和国建筑法》第七十一条
《中华人民共和国建筑法》第七十一条第一款;,建设工程与房地产,ai,True,<泛类型>,依据《建筑法》条款，属建设工程。,建设工程,(6-7) 泛型法条被AI分为具体分类'建设工程与房地产'，应删除 | 原标记: <泛类型> | 法条: 《中华人民共和国建筑法》第七十一条第一款;
《中华人民共和国建筑法》第七十一条第一款、,建设工程与房地产,ai,True,<泛类型>,《建筑法》直接对应建设工程领域。,建设工程,(6-7) 泛型法条被AI分为具体分类'建设工程与房地产'，应删除 | 原标记: <泛类型> | 法条: 《中华人民共和国建筑法》第七十一条第一款、
《中华人民共和国建筑法》第七十六条,建设工程与房地产,ai,True,<泛类型>,《建筑法》属建设工程领域。,建设工程,(6-7) 泛型法条被AI分为具体分类'建设工程与房地产'，应删除 | 原标记: <泛类型> | 法条: 《中华人民共和国建筑法》第七十六条
《中华人民共和国建筑法》第七十四条和国务院,建设工程与房地产,ai,True,<泛类型>,《建筑法》第七十四条直接指向建设工程。,建设工程,(6-7) 泛型法条被AI分为具体分类'建设工程与房地产'，应删除 | 原标记: <泛类型> | 法条: 《中华人民共和国建筑法》第七十四条和国务院
《中华人民共和国建筑法》第七条,建设工程与房地产,ai,True,<泛类型>,《建筑法》属工程建设领域规范。,建设工程,(6-7) 泛型法条被AI分为具体分类'建设工程与房地产'，应删除 | 原标记: <泛类型> | 法条: 《中华人民共和国建筑法》第七条
《中华人民共和国建筑法》第七条,建设工程与房地产,ai,True,<泛类型>,《建筑法》直接规制建设活动。,建设工程,(6-7) 泛型法条被AI分为具体分类'建设工程与房地产'，应删除 | 原标记: <泛类型> | 法条: 《中华人民共和国建筑法》第七条
《中华人民共和国建筑法》第七条、,建设工程与房地产,ai,True,<泛类型>,直接依据《建筑法》条款内容。,建设工程,(6-7) 泛型法条被AI分为具体分类'建设工程与房地产'，应删除 | 原标记: <泛类型> | 法条: 《中华人民共和国建筑法》第七条、
《中华人民共和国建筑法》第七条及,建设工程与房地产,ai,True,<泛类型>,依据《建筑法》条款，属建设活动。,建设工程,(6-7) 泛型法条被AI分为具体分类'建设工程与房地产'，应删除 | 原标记: <泛类型> | 法条: 《中华人民共和国建筑法》第七条及
《中华人民共和国建筑法》第七条和,建设工程与房地产,ai,True,<泛类型>,直接援引《建筑法》条款相关。,建设工程,(6-7) 泛型法条被AI分为具体分类'建设工程与房地产'，应删除 | 原标记: <泛类型> | 法条: 《中华人民共和国建筑法》第七条和
《中华人民共和国建筑法》第七条和第六十四条,建设工程与房地产,ai,True,<泛类型>,《建筑法》属建设工程领域规制。,建设工程,(6-7) 泛型法条被AI分为具体分类'建设工程与房地产'，应删除 | 原标记: <泛类型> | 法条: 《中华人民共和国建筑法》第七条和第六十四条
《中华人民共和国建筑法》第七条的规定,建设工程与房地产,ai,True,<泛类型>,依据建筑法内容，属建设活动管理。,建设工程,(6-7) 泛型法条被AI分为具体分类'建设工程与房地产'，应删除 | 原标记: <泛类型> | 法条: 《中华人民共和国建筑法》第七条的规定
《中华人民共和国建筑法》第七条第一款,建设工程与房地产,ai,True,<泛类型>,依据建筑法规定，属建设工程管理。,建设工程,(6-7) 泛型法条被AI分为具体分类'建设工程与房地产'，应删除 | 原标记: <泛类型> | 法条: 《中华人民共和国建筑法》第七条第一款
《中华人民共和国建筑法》第七条第一款,建设工程与房地产,ai,True,<泛类型>,依据建筑法属建设活动管理范围。,建设工程,(6-7) 泛型法条被AI分为具体分类'建设工程与房地产'，应删除 | 原标记: <泛类型> | 法条: 《中华人民共和国建筑法》第七条第一款
《中华人民共和国建筑法》第七条第一款)的规定,建设工程与房地产,ai,True,<泛类型>,《建筑法》条文直接对应建设工程。,建设工程,(6-7) 泛型法条被AI分为具体分类'建设工程与房地产'，应删除 | 原标记: <泛类型> | 法条: 《中华人民共和国建筑法》第七条第一款)的规定
"《中华人民共和国建筑法》第七条第一款,",建设工程与房地产,ai,True,<泛类型>,援引《建筑法》条款，属建设工程。,建设工程,"(6-7) 泛型法条被AI分为具体分类'建设工程与房地产'，应删除 | 原标记: <泛类型> | 法条: 《中华人民共和国建筑法》第七条第一款,"
《中华人民共和国建筑法》第七条第一款、,建设工程与房地产,ai,True,<泛类型>,《建筑法》第七条属工程建设管理。,建设工程,(6-7) 泛型法条被AI分为具体分类'建设工程与房地产'，应删除 | 原标记: <泛类型> | 法条: 《中华人民共和国建筑法》第七条第一款、
《中华人民共和国建筑法》第七条第一款和,建设工程与房地产,ai,True,<泛类型>,《建筑法》直接调整建设活动。,建设工程,(6-7) 泛型法条被AI分为具体分类'建设工程与房地产'，应删除 | 原标记: <泛类型> | 法条: 《中华人民共和国建筑法》第七条第一款和
《中华人民共和国建筑法》第七条第一款的规定,建设工程与房地产,ai,True,<泛类型>,依据《建筑法》属建筑活动管理。,建设工程,(6-7) 泛型法条被AI分为具体分类'建设工程与房地产'，应删除 | 原标记: <泛类型> | 法条: 《中华人民共和国建筑法》第七条第一款的规定
《中华人民共和国建筑法》第三十九条、,建设工程与房地产,ai,True,<泛类型>,依据《建筑法》第三十九条属建设工程。,建设工程,(6-7) 泛型法条被AI分为具体分类'建设工程与房地产'，应删除 | 原标记: <泛类型> | 法条: 《中华人民共和国建筑法》第三十九条、
《中华人民共和国建筑法》第三十九条第二款、,建设工程与房地产,ai,True,<泛类型>,《建筑法》第三十九条属建设活动规范。,建设工程,(6-7) 泛型法条被AI分为具体分类'建设工程与房地产'，应删除 | 原标记: <泛类型> | 法条: 《中华人民共和国建筑法》第三十九条第二款、
《中华人民共和国建筑法》第三十二条第一款和,建设工程与房地产,ai,True,<泛类型>,引用《建筑法》规范建设活动。,建设工程,(6-7) 泛型法条被AI分为具体分类'建设工程与房地产'，应删除 | 原标记: <泛类型> | 法条: 《中华人民共和国建筑法》第三十二条第一款和
《中华人民共和国建筑法》第二十九条和,建设工程与房地产,ai,True,<泛类型>,依据《建筑法》条款，属施工建设行为。,建设工程,(6-7) 泛型法条被AI分为具体分类'建设工程与房地产'，应删除 | 原标记: <泛类型> | 法条: 《中华人民共和国建筑法》第二十九条和
《中华人民共和国建筑法》第二十九条的规定,建设工程与房地产,ai,True,<泛类型>,依据建筑法条款，属施工管理类行为。,建设工程,(6-7) 泛型法条被AI分为具体分类'建设工程与房地产'，应删除 | 原标记: <泛类型> | 法条: 《中华人民共和国建筑法》第二十九条的规定
《中华人民共和国建筑法》第二十九条第一款和,建设工程与房地产,ai,True,<泛类型>,《建筑法》直接规制建设活动。,建设工程,(6-7) 泛型法条被AI分为具体分类'建设工程与房地产'，应删除 | 原标记: <泛类型> | 法条: 《中华人民共和国建筑法》第二十九条第一款和
《中华人民共和国建筑法》第二十九条第三款、,建设工程与房地产,ai,True,<泛类型>,依据《建筑法》条款，属施工管理。,建设工程,(6-7) 泛型法条被AI分为具体分类'建设工程与房地产'，应删除 | 原标记: <泛类型> | 法条: 《中华人民共和国建筑法》第二十九条第三款、
《中华人民共和国建筑法》第二十八条,建设工程与房地产,ai,True,<泛类型>,依据《建筑法》条款，属建设工程管理事项。,建设工程,(6-7) 泛型法条被AI分为具体分类'建设工程与房地产'，应删除 | 原标记: <泛类型> | 法条: 《中华人民共和国建筑法》第二十八条
《中华人民共和国建筑法》第二十八条、,建设工程与房地产,ai,True,<泛类型>,依据《建筑法》条款明确属建设活动。,建设工程,(6-7) 泛型法条被AI分为具体分类'建设工程与房地产'，应删除 | 原标记: <泛类型> | 法条: 《中华人民共和国建筑法》第二十八条、
《中华人民共和国建筑法》第二十八条及,建设工程与房地产,ai,True,<泛类型>,依据建筑法第二十八条属建设活动。】,建设工程,(6-7) 泛型法条被AI分为具体分类'建设工程与房地产'，应删除 | 原标记: <泛类型> | 法条: 《中华人民共和国建筑法》第二十八条及
《中华人民共和国建筑法》第二十六条、,建设工程与房地产,ai,True,<泛类型>,《建筑法》第二十六条直接对应建设工程。,建设工程,(6-7) 泛型法条被AI分为具体分类'建设工程与房地产'，应删除 | 原标记: <泛类型> | 法条: 《中华人民共和国建筑法》第二十六条、
《中华人民共和国建筑法》第二十六条第二款、,建设工程与房地产,ai,True,<泛类型>,依据《建筑法》条款，属建设活动。,建设工程,(6-7) 泛型法条被AI分为具体分类'建设工程与房地产'，应删除 | 原标记: <泛类型> | 法条: 《中华人民共和国建筑法》第二十六条第二款、
《中华人民共和国建筑法》第二十六条第二款及,建设工程与房地产,ai,True,<泛类型>,依据《建筑法》直接涉及施工行为。,建设工程,(6-7) 泛型法条被AI分为具体分类'建设工程与房地产'，应删除 | 原标记: <泛类型> | 法条: 《中华人民共和国建筑法》第二十六条第二款及
《中华人民共和国建筑法》第二十四条、,建设工程与房地产,ai,True,<泛类型>,依据《建筑法》条款，属施工建设管理。,建设工程,(6-7) 泛型法条被AI分为具体分类'建设工程与房地产'，应删除 | 原标记: <泛类型> | 法条: 《中华人民共和国建筑法》第二十四条、
《中华人民共和国建筑法》第五十八条第二款,建设工程与房地产,ai,True,<泛类型>,依据《建筑法》属建筑活动管理。,建设工程,(6-7) 泛型法条被AI分为具体分类'建设工程与房地产'，应删除 | 原标记: <泛类型> | 法条: 《中华人民共和国建筑法》第五十八条第二款
《中华人民共和国建筑法》第五十八条第二款、,建设工程与房地产,ai,True,<泛类型>,依据《建筑法》规定属建设活动管理。,建设工程,(6-7) 泛型法条被AI分为具体分类'建设工程与房地产'，应删除 | 原标记: <泛类型> | 法条: 《中华人民共和国建筑法》第五十八条第二款、
《中华人民共和国建筑法》第五十八条第二款和,建设工程与房地产,ai,True,<泛类型>,依据《建筑法》属施工建设领域。,建设工程,(6-7) 泛型法条被AI分为具体分类'建设工程与房地产'，应删除 | 原标记: <泛类型> | 法条: 《中华人民共和国建筑法》第五十八条第二款和
《中华人民共和国建筑法》第六十一条第二款以及,建设工程与房地产,ai,True,<泛类型>,引用《建筑法》直接对应建设工程。,建设工程,(6-7) 泛型法条被AI分为具体分类'建设工程与房地产'，应删除 | 原标记: <泛类型> | 法条: 《中华人民共和国建筑法》第六十一条第二款以及
《中华人民共和国建筑法》第六十一条第二款和国务院,建设工程与房地产,ai,True,<泛类型>,《建筑法》直接规制建设活动。,建设工程,(6-7) 泛型法条被AI分为具体分类'建设工程与房地产'，应删除 | 原标记: <泛类型> | 法条: 《中华人民共和国建筑法》第六十一条第二款和国务院
《中华人民共和国建筑法》第六十七条,建设工程与房地产,ai,True,<泛类型>,适用《建筑法》第六十七条，属建设工程。,建设工程,(6-7) 泛型法条被AI分为具体分类'建设工程与房地产'，应删除 | 原标记: <泛类型> | 法条: 《中华人民共和国建筑法》第六十七条
《中华人民共和国建筑法》第六十七条和,建设工程与房地产,ai,True,<泛类型>,《建筑法》第六十七条属建设工程领域。,建设工程,(6-7) 泛型法条被AI分为具体分类'建设工程与房地产'，应删除 | 原标记: <泛类型> | 法条: 《中华人民共和国建筑法》第六十七条和
《中华人民共和国建筑法》第六十七条第一款,建设工程与房地产,ai,True,<泛类型>,依据建筑法条文，属建设活动管理】,建设工程,(6-7) 泛型法条被AI分为具体分类'建设工程与房地产'，应删除 | 原标记: <泛类型> | 法条: 《中华人民共和国建筑法》第六十七条第一款
《中华人民共和国建筑法》第六十七条第一款、,建设工程与房地产,ai,True,<泛类型>,适用《建筑法》第六十七条，属建设工程。,建设工程,(6-7) 泛型法条被AI分为具体分类'建设工程与房地产'，应删除 | 原标记: <泛类型> | 法条: 《中华人民共和国建筑法》第六十七条第一款、
《中华人民共和国建筑法》第六十五条;,建设工程与房地产,ai,True,<泛类型>,依据《建筑法》属于建设工程管理。,建设工程,(6-7) 泛型法条被AI分为具体分类'建设工程与房地产'，应删除 | 原标记: <泛类型> | 法条: 《中华人民共和国建筑法》第六十五条;
《中华人民共和国建筑法》第六十五条、,建设工程与房地产,ai,True,<泛类型>,依据《建筑法》第六十五条属建设工程。,建设工程,(6-7) 泛型法条被AI分为具体分类'建设工程与房地产'，应删除 | 原标记: <泛类型> | 法条: 《中华人民共和国建筑法》第六十五条、
《中华人民共和国建筑法》第六十六条、,建设工程与房地产,ai,True,<泛类型>,引用《建筑法》第六十六条，属建设工程。,建设工程,(6-7) 泛型法条被AI分为具体分类'建设工程与房地产'，应删除 | 原标记: <泛类型> | 法条: 《中华人民共和国建筑法》第六十六条、
《中华人民共和国建筑法》第六十四条,建设工程与房地产,ai,True,<泛类型>,依据《建筑法》条款，属建设工程管理。,建设工程,(6-7) 泛型法条被AI分为具体分类'建设工程与房地产'，应删除 | 原标记: <泛类型> | 法条: 《中华人民共和国建筑法》第六十四条
《中华人民共和国建筑法》第六十四条,建设工程与房地产,ai,True,<泛类型>,依据《建筑法》属施工建设管理问题。,建设工程,(6-7) 泛型法条被AI分为具体分类'建设工程与房地产'，应删除 | 原标记: <泛类型> | 法条: 《中华人民共和国建筑法》第六十四条
《中华人民共和国建筑法》第六十四条、,建设工程与房地产,ai,True,<泛类型>,依据《建筑法》第六十四条属工程建设类。,建设工程,(6-7) 泛型法条被AI分为具体分类'建设工程与房地产'，应删除 | 原标记: <泛类型> | 法条: 《中华人民共和国建筑法》第六十四条、
《中华人民共和国建筑法》第六十四条及,建设工程与房地产,ai,True,<泛类型>,依据建筑法第六十四条，属建设活动违法】,建设工程,(6-7) 泛型法条被AI分为具体分类'建设工程与房地产'，应删除 | 原标记: <泛类型> | 法条: 《中华人民共和国建筑法》第六十四条及
《中华人民共和国建筑法》第六十四条和,建设工程与房地产,ai,True,<泛类型>,《建筑法》第六十四条直接对应建设工程。,建设工程,(6-7) 泛型法条被AI分为具体分类'建设工程与房地产'，应删除 | 原标记: <泛类型> | 法条: 《中华人民共和国建筑法》第六十四条和
《中华人民共和国建筑法》第六十四条第一款、,建设工程与房地产,ai,True,<泛类型>,《建筑法》第六十四条直接适用。,建设工程,(6-7) 泛型法条被AI分为具体分类'建设工程与房地产'，应删除 | 原标记: <泛类型> | 法条: 《中华人民共和国建筑法》第六十四条第一款、
《中华人民共和国建筑法》第十四条,建设工程与房地产,ai,True,<泛类型>,建筑法规范施工许可等建设活动。,建设工程,(6-7) 泛型法条被AI分为具体分类'建设工程与房地产'，应删除 | 原标记: <泛类型> | 法条: 《中华人民共和国建筑法》第十四条
《中华人民共和国建筑法》第四十四条第一款,建设工程与房地产,ai,True,<泛类型>,依据建筑法条款，属施工管理行为。,建设工程,(6-7) 泛型法条被AI分为具体分类'建设工程与房地产'，应删除 | 原标记: <泛类型> | 法条: 《中华人民共和国建筑法》第四十四条第一款
《中华人民共和国建筑法》第四十四条第一款;,建设工程与房地产,ai,True,<泛类型>,《建筑法》条款直接对应建设工程。,建设工程,(6-7) 泛型法条被AI分为具体分类'建设工程与房地产'，应删除 | 原标记: <泛类型> | 法条: 《中华人民共和国建筑法》第四十四条第一款;
《中华人民共和国建筑法》第四十四条第一款、,建设工程与房地产,ai,True,<泛类型>,引用《建筑法》第四十四条，属建设活动。,建设工程,(6-7) 泛型法条被AI分为具体分类'建设工程与房地产'，应删除 | 原标记: <泛类型> | 法条: 《中华人民共和国建筑法》第四十四条第一款、
《中华人民共和国建筑法》第四十四条第一款及,建设工程与房地产,ai,True,<泛类型>,《建筑法》第四十四条直接对应建设工程。,建设工程,(6-7) 泛型法条被AI分为具体分类'建设工程与房地产'，应删除 | 原标记: <泛类型> | 法条: 《中华人民共和国建筑法》第四十四条第一款及
《中华人民共和国建筑法第第七条的规定,建设工程与房地产,ai,True,<泛类型>,依据《建筑法》规范建筑活动。,建设工程,(6-7) 泛型法条被AI分为具体分类'建设工程与房地产'，应删除 | 原标记: <泛类型> | 法条: 《中华人民共和国建筑法第第七条的规定
《中华人民共和国征收教育费附加暂行规定》,财税与金融监管,ai,True,<泛类型>,教育费附加为随税征收的政府性收费。,税收违规,(6-7) 泛型法条被AI分为具体分类'财税与金融监管'，应删除 | 原标记: <泛类型> | 法条: 《中华人民共和国征收教育费附加暂行规定》
《中华人民共和国征收教育费附加暂行规定》第二条、第三条,财税与金融监管,ai,True,<泛类型>,教育费附加属随同税费征收范畴。,税收违规,(6-7) 泛型法条被AI分为具体分类'财税与金融监管'，应删除 | 原标记: <泛类型> | 法条: 《中华人民共和国征收教育费附加暂行规定》第二条、第三条
《中华人民共和国征收教育费附加的暂行规定》第二条,财税与金融监管,ai,True,<泛类型>,教育费附加属税费征收范畴。,税收违规,(6-7) 泛型法条被AI分为具体分类'财税与金融监管'，应删除 | 原标记: <泛类型> | 法条: 《中华人民共和国征收教育费附加的暂行规定》第二条
《中华人民共和国征收管理办法》第六十三条第一款,财税与金融监管,ai,True,<泛类型>,征收管理办法为税费征收管理规范。,税收违规,(6-7) 泛型法条被AI分为具体分类'财税与金融监管'，应删除 | 原标记: <泛类型> | 法条: 《中华人民共和国征收管理办法》第六十三条第一款
《中华人民共和国征收管理法》,财税与金融监管,ai,True,<泛类型>,《征收管理法》规范税收征收管理。,税收违规,(6-7) 泛型法条被AI分为具体分类'财税与金融监管'，应删除 | 原标记: <泛类型> | 法条: 《中华人民共和国征收管理法》
《中华人民共和国征收管理法》第二十五条第一款,财税与金融监管,ai,True,<泛类型>,依据征收管理法条款，属税收管理。,税收违规,(6-7) 泛型法条被AI分为具体分类'财税与金融监管'，应删除 | 原标记: <泛类型> | 法条: 《中华人民共和国征收管理法》第二十五条第一款
《中华人民共和国征收管理法》第六十三条第一款,财税与金融监管,ai,True,<泛类型>,依据征收管理法条款，属税收违法行为。,税收违规,(6-7) 泛型法条被AI分为具体分类'财税与金融监管'，应删除 | 原标记: <泛类型> | 法条: 《中华人民共和国征收管理法》第六十三条第一款
《中华人民共和国征收管理法》第六十三条第一款及,财税与金融监管,ai,True,<泛类型>,征收管理法适用，属税收管理违法。,税收违规,(6-7) 泛型法条被AI分为具体分类'财税与金融监管'，应删除 | 原标记: <泛类型> | 法条: 《中华人民共和国征收管理法》第六十三条第一款及
《中华人民共和国征收管理法》第六十九条,财税与金融监管,ai,True,<泛类型>,《征收管理法》直接对应税收管理行为。,税收违规,(6-7) 泛型法条被AI分为具体分类'财税与金融监管'，应删除 | 原标记: <泛类型> | 法条: 《中华人民共和国征收管理法》第六十九条
《中华人民共和国征收管理法》第六十二条,财税与金融监管,ai,True,<泛类型>,《征收管理法》系税收征管法律。,税收违规,(6-7) 泛型法条被AI分为具体分类'财税与金融监管'，应删除 | 原标记: <泛类型> | 法条: 《中华人民共和国征收管理法》第六十二条
《中华人民共和国征收管理法》第六十四条第一款,财税与金融监管,ai,True,<泛类型>,征收管理法属税收征管领域。,税收违规,(6-7) 泛型法条被AI分为具体分类'财税与金融监管'，应删除 | 原标记: <泛类型> | 法条: 《中华人民共和国征收管理法》第六十四条第一款
《中华人民共和国征收管理法》第六十四条第二款,财税与金融监管,ai,True,<泛类型>,《征收管理法》属税收征管领域。,税收违规,(6-7) 泛型法条被AI分为具体分类'财税与金融监管'，应删除 | 原标记: <泛类型> | 法条: 《中华人民共和国征收管理法》第六十四条第二款
《中华人民共和国担保法》,财税与金融监管,ai,True,<泛类型>,担保法规范保证抵押等债权担保行为。,金融/信贷违规,(6-7) 泛型法条被AI分为具体分类'财税与金融监管'，应删除 | 原标记: <泛类型> | 法条: 《中华人民共和国担保法》
《中华人民共和国拍卖法》,市场秩序与竞争监管,ai,True,<泛类型>,拍卖法调整市场交易秩序及竞买行为。,消费者权益/市场秩序,(6-7) 泛型法条被AI分为具体分类'市场秩序与竞争监管'，应删除 | 原标记: <泛类型> | 法条: 《中华人民共和国拍卖法》
《中华人民共和国招标法实施条例》第三十二条,建设工程与房地产,ai,True,<泛类型>,《招标法实施条例》属招投标领域。,工程建设/招投标,(6-7) 泛型法条被AI分为具体分类'建设工程与房地产'，应删除 | 原标记: <泛类型> | 法条: 《中华人民共和国招标法实施条例》第三十二条
《中华人民共和国旅游法》,市场秩序与竞争监管,ai,True,<泛类型>,旅游法核心调整旅游消费及市场秩序。,消费者权益/市场秩序,(6-7) 泛型法条被AI分为具体分类'市场秩序与竞争监管'，应删除 | 原标记: <泛类型> | 法条: 《中华人民共和国旅游法》
《中华人民共和国旅游法》第九十七条第(一)项,市场秩序与竞争监管,ai,True,<泛类型>,旅游法规范旅游经营行为及游客权益。,消费者权益/市场秩序,(6-7) 泛型法条被AI分为具体分类'市场秩序与竞争监管'，应删除 | 原标记: <泛类型> | 法条: 《中华人民共和国旅游法》第九十七条第(一)项
《中华人民共和国未成年人保护法》第一百二十五条,*未成年人保护违法*,ai,True,<泛类型>,直接援引未成年人保护法处罚条款。,*未成年人保护违法*,(6-6) AI分类含星号'*未成年人保护违法*'，分类不确定 | 法条: 《中华人民共和国未成年人保护法》第一百二十五条
《中华人民共和国未成年人保护法》第五十九条第一款,*未成年人保护*,ai,True,<泛类型>,依据未成年人保护法条款内容。,*未成年人保护*,(6-6) AI分类含星号'*未成年人保护*'，分类不确定 | 法条: 《中华人民共和国未成年人保护法》第五十九条第一款
《中华人民共和国未成年人保护法》第五十八条,*未成年人保护*,ai,True,<泛类型>,适用未成年人保护法第五十八条情形。,*未成年人保护*,(6-6) AI分类含星号'*未成年人保护*'，分类不确定 | 法条: 《中华人民共和国未成年人保护法》第五十八条
《中华人民共和国未成年人保护法》第六十一条第一款,*未成年人保护*,ai,True,<泛类型>,直接依据未成年人保护法条款。,*未成年人保护*,(6-6) AI分类含星号'*未成年人保护*'，分类不确定 | 法条: 《中华人民共和国未成年人保护法》第六十一条第一款
《中华人民共和国机动车整车出厂合格证》,产品质量与安全,ai,True,<泛类型>,《合格证》系车辆产品质量证明文件。,产品质量,(6-7) 泛型法条被AI分为具体分类'产品质量与安全'，应删除 | 原标记: <泛类型> | 法条: 《中华人民共和国机动车整车出厂合格证》
《中华人民共和国机动车行驶证》,交通运输,ai,True,<泛类型>,涉及机动车行驶证管理与使用。,交通运输违规,(6-7) 泛型法条被AI分为具体分类'交通运输'，应删除 | 原标记: <泛类型> | 法条: 《中华人民共和国机动车行驶证》
《中华人民共和国母婴保健法实施办法》第三十五条第一款,卫生健康,ai,True,<泛类型>,母婴保健法规属医疗卫生管理范围。,医疗卫生,(6-7) 泛型法条被AI分为具体分类'卫生健康'，应删除 | 原标记: <泛类型> | 法条: 《中华人民共和国母婴保健法实施办法》第三十五条第一款
《中华人民共和国母婴保健法实施办法》第四十条,卫生健康,ai,True,<泛类型>,母婴保健法规属于医疗卫生管理。,医疗卫生,(6-7) 泛型法条被AI分为具体分类'卫生健康'，应删除 | 原标记: <泛类型> | 法条: 《中华人民共和国母婴保健法实施办法》第四十条
《中华人民共和国民事诉讼法》第二百二十七条,*民事诉讼程序*,ai,True,<泛类型>,依据民事诉讼法条款，属诉讼程序规范。,*民事诉讼程序*,(6-6) AI分类含星号'*民事诉讼程序*'，分类不确定 | 法条: 《中华人民共和国民事诉讼法》第二百二十七条
《中华人民共和国民事诉讼法》第二百五十三条,*民事执行妨害行为*,ai,True,<泛类型>,涉拒执拒配合执行等妨害民事执行。,*民事执行妨害行为*,(6-6) AI分类含星号'*民事执行妨害行为*'，分类不确定 | 法条: 《中华人民共和国民事诉讼法》第二百五十三条
《中华人民共和国水产行业标准》,*渔业水产管理*,ai,True,<泛类型>,涉及水产行业标准规范。,*渔业水产管理*,(6-6) AI分类含星号'*渔业水产管理*'，分类不确定 | 法条: 《中华人民共和国水产行业标准》
《中华人民共和国水染防治法》第七十五条第二款,环境保护,ai,True,<泛类型>,水污染防治法条款，属环境保护类。,环境保护,(6-7) 泛型法条被AI分为具体分类'环境保护'，应删除 | 原标记: <泛类型> | 法条: 《中华人民共和国水染防治法》第七十五条第二款
《中华人民共和国水法(2016)》第六十九条第一款第一项,环境保护,ai,True,<泛类型>,依据水法条款，属水资源管理违法。,水资源,(6-7) 泛型法条被AI分为具体分类'环境保护'，应删除 | 原标记: <泛类型> | 法条: 《中华人民共和国水法(2016)》第六十九条第一款第一项
《中华人民共和国水法》,环境保护,ai,True,<泛类型>,《水法》直接规范水资源管理。,水资源,(6-7) 泛型法条被AI分为具体分类'环境保护'，应删除 | 原标记: <泛类型> | 法条: 《中华人民共和国水法》
《中华人民共和国水法》办法第三十六条第三项,环境保护,ai,True,<泛类型>,《水法》条款，属水资源管理行为。,水资源,(6-7) 泛型法条被AI分为具体分类'环境保护'，应删除 | 原标记: <泛类型> | 法条: 《中华人民共和国水法》办法第三十六条第三项
《中华人民共和国水法》第48条,环境保护,ai,True,<泛类型>,依据《水法》属水资源管理。,水资源,(6-7) 泛型法条被AI分为具体分类'环境保护'，应删除 | 原标记: <泛类型> | 法条: 《中华人民共和国水法》第48条
《中华人民共和国水法》第65条、国务院,环境保护,ai,True,<泛类型>,直接适用《水法》第65条规定。,水资源,(6-7) 泛型法条被AI分为具体分类'环境保护'，应删除 | 原标记: <泛类型> | 法条: 《中华人民共和国水法》第65条、国务院
《中华人民共和国水法》第七条,环境保护,ai,True,<泛类型>,依据《水法》属水资源管理领域。,水资源,(6-7) 泛型法条被AI分为具体分类'环境保护'，应删除 | 原标记: <泛类型> | 法条: 《中华人民共和国水法》第七条
《中华人民共和国水法》第三十八条,环境保护,ai,True,<泛类型>,依据《水法》条文，属水资源管理。,水资源,(6-7) 泛型法条被AI分为具体分类'环境保护'，应删除 | 原标记: <泛类型> | 法条: 《中华人民共和国水法》第三十八条
《中华人民共和国水法》第三十八条第一款的规定,环境保护,ai,True,<泛类型>,依据《水法》条款，属水资源管理。,水资源,(6-7) 泛型法条被AI分为具体分类'环境保护'，应删除 | 原标记: <泛类型> | 法条: 《中华人民共和国水法》第三十八条第一款的规定
《中华人民共和国水法》第三十四条第二款,环境保护,ai,True,<泛类型>,依据《水法》属水资源管理范围。,水资源,(6-7) 泛型法条被AI分为具体分类'环境保护'，应删除 | 原标记: <泛类型> | 法条: 《中华人民共和国水法》第三十四条第二款
《中华人民共和国水法》第六十七条第二款,环境保护,ai,True,<泛类型>,依据《水法》条款，属水资源管理。,水资源,(6-7) 泛型法条被AI分为具体分类'环境保护'，应删除 | 原标记: <泛类型> | 法条: 《中华人民共和国水法》第六十七条第二款
《中华人民共和国水法》第六十七第二款,环境保护,ai,True,<泛类型>,《水法》属水资源管理领域。,水资源,(6-7) 泛型法条被AI分为具体分类'环境保护'，应删除 | 原标记: <泛类型> | 法条: 《中华人民共和国水法》第六十七第二款
《中华人民共和国水法》第六十九条,环境保护,ai,True,<泛类型>,依据《水法》属水资源管理领域。,水资源,(6-7) 泛型法条被AI分为具体分类'环境保护'，应删除 | 原标记: <泛类型> | 法条: 《中华人民共和国水法》第六十九条
《中华人民共和国水法》第六十九条和,环境保护,ai,True,<泛类型>,《水法》第六十九条涉及水资源管理。,水资源,(6-7) 泛型法条被AI分为具体分类'环境保护'，应删除 | 原标记: <泛类型> | 法条: 《中华人民共和国水法》第六十九条和
《中华人民共和国水法》第六十九条的规定,环境保护,ai,True,<泛类型>,依据《水法》属水资源管理类违法。,水资源,(6-7) 泛型法条被AI分为具体分类'环境保护'，应删除 | 原标记: <泛类型> | 法条: 《中华人民共和国水法》第六十九条的规定
《中华人民共和国水法》第六十九条第(一)项,环境保护,ai,True,<泛类型>,依据《水法》条款，属水资源管理。,水资源,(6-7) 泛型法条被AI分为具体分类'环境保护'，应删除 | 原标记: <泛类型> | 法条: 《中华人民共和国水法》第六十九条第(一)项
《中华人民共和国水法》第六十九条第(一)项的规定,环境保护,ai,True,<泛类型>,依据《水法》条款，属水资源管理。,水资源,(6-7) 泛型法条被AI分为具体分类'环境保护'，应删除 | 原标记: <泛类型> | 法条: 《中华人民共和国水法》第六十九条第(一)项的规定
《中华人民共和国水法》第六十九条第(二)项,环境保护,ai,True,<泛类型>,《水法》属水资源管理法律依据。,水资源,(6-7) 泛型法条被AI分为具体分类'环境保护'，应删除 | 原标记: <泛类型> | 法条: 《中华人民共和国水法》第六十九条第(二)项
《中华人民共和国水法》第六十九条第(二)项之规定,环境保护,ai,True,<泛类型>,《水法》调整水资源利用管理行为。,水资源,(6-7) 泛型法条被AI分为具体分类'环境保护'，应删除 | 原标记: <泛类型> | 法条: 《中华人民共和国水法》第六十九条第(二)项之规定
《中华人民共和国水法》第六十九条第一款,环境保护,ai,True,<泛类型>,《水法》直接规范水资源管理行为。,水资源,(6-7) 泛型法条被AI分为具体分类'环境保护'，应删除 | 原标记: <泛类型> | 法条: 《中华人民共和国水法》第六十九条第一款
《中华人民共和国水法》第六十九条第一款、,环境保护,ai,True,<泛类型>,《水法》第六十九条系水资源管理。,水资源,(6-7) 泛型法条被AI分为具体分类'环境保护'，应删除 | 原标记: <泛类型> | 法条: 《中华人民共和国水法》第六十九条第一款、
《中华人民共和国水法》第六十九条第一款第(一)项,环境保护,ai,True,<泛类型>,《水法》属水资源管理范畴。,水资源,(6-7) 泛型法条被AI分为具体分类'环境保护'，应删除 | 原标记: <泛类型> | 法条: 《中华人民共和国水法》第六十九条第一款第(一)项
《中华人民共和国水法》第六十九条第一款第一项,环境保护,ai,True,<泛类型>,根据《水法》条款，属水资源管理。,水资源,(6-7) 泛型法条被AI分为具体分类'环境保护'，应删除 | 原标记: <泛类型> | 法条: 《中华人民共和国水法》第六十九条第一款第一项
《中华人民共和国水法》第六十九条第一项,环境保护,ai,True,<泛类型>,依据《水法》条款，属水事违法。,水资源,(6-7) 泛型法条被AI分为具体分类'环境保护'，应删除 | 原标记: <泛类型> | 法条: 《中华人民共和国水法》第六十九条第一项
《中华人民共和国水法》第六十九条第一项的规定,环境保护,ai,True,<泛类型>,依据《水法》属水资源管理违法。,水资源,(6-7) 泛型法条被AI分为具体分类'环境保护'，应删除 | 原标记: <泛类型> | 法条: 《中华人民共和国水法》第六十九条第一项的规定
《中华人民共和国水法》第六十九条第二款,环境保护,ai,True,<泛类型>,依据《水法》属水资源管理。,水资源,(6-7) 泛型法条被AI分为具体分类'环境保护'，应删除 | 原标记: <泛类型> | 法条: 《中华人民共和国水法》第六十九条第二款
《中华人民共和国水法》第六十九条第二款、,环境保护,ai,True,<泛类型>,依据《水法》条款，属水事违法。,水资源,(6-7) 泛型法条被AI分为具体分类'环境保护'，应删除 | 原标记: <泛类型> | 法条: 《中华人民共和国水法》第六十九条第二款、
《中华人民共和国水法》第六十九条第二项,环境保护,ai,True,<泛类型>,《水法》规定属水资源管理范畴。,水资源,(6-7) 泛型法条被AI分为具体分类'环境保护'，应删除 | 原标记: <泛类型> | 法条: 《中华人民共和国水法》第六十九条第二项
《中华人民共和国水法》第六十九条第二项,环境保护,ai,True,<泛类型>,依据《水法》条款，属水资源管理。,水资源,(6-7) 泛型法条被AI分为具体分类'环境保护'，应删除 | 原标记: <泛类型> | 法条: 《中华人民共和国水法》第六十九条第二项
《中华人民共和国水法》第六十九条第二项的规定,环境保护,ai,True,<泛类型>,依据《水法》属水资源管理事项。,水资源,(6-7) 泛型法条被AI分为具体分类'环境保护'，应删除 | 原标记: <泛类型> | 法条: 《中华人民共和国水法》第六十九条第二项的规定
《中华人民共和国水法》第六十九条第（一）项,环境保护,ai,True,<泛类型>,依据《水法》条款，属水资源管理违法。,水资源,(6-7) 泛型法条被AI分为具体分类'环境保护'，应删除 | 原标记: <泛类型> | 法条: 《中华人民共和国水法》第六十九条第（一）项
《中华人民共和国水法》第六十九条第（二）项,环境保护,ai,True,<泛类型>,《水法》规范水资源利用与保护。,水资源,(6-7) 泛型法条被AI分为具体分类'环境保护'，应删除 | 原标记: <泛类型> | 法条: 《中华人民共和国水法》第六十九条第（二）项
《中华人民共和国水法》第六十九第二款,环境保护,ai,True,<泛类型>,依据《水法》属水资源管理领域。,水资源,(6-7) 泛型法条被AI分为具体分类'环境保护'，应删除 | 原标记: <泛类型> | 法条: 《中华人民共和国水法》第六十九第二款
《中华人民共和国水法》第六十六条,环境保护,ai,True,<泛类型>,依据水法条款，属水资源管理。,水资源,(6-7) 泛型法条被AI分为具体分类'环境保护'，应删除 | 原标记: <泛类型> | 法条: 《中华人民共和国水法》第六十六条
《中华人民共和国水法》第四十九、六十九条,环境保护,ai,True,<泛类型>,依据《水法》条款，属水资源管理。,水资源,(6-7) 泛型法条被AI分为具体分类'环境保护'，应删除 | 原标记: <泛类型> | 法条: 《中华人民共和国水法》第四十九、六十九条
《中华人民共和国水法》第四十九条,环境保护,ai,True,<泛类型>,依据《水法》属水资源管理领域。,水资源,(6-7) 泛型法条被AI分为具体分类'环境保护'，应删除 | 原标记: <泛类型> | 法条: 《中华人民共和国水法》第四十九条
《中华人民共和国水法》第四十九条第一款,环境保护,ai,True,<泛类型>,依据《水法》条款，典型涉水资源。,水资源,(6-7) 泛型法条被AI分为具体分类'环境保护'，应删除 | 原标记: <泛类型> | 法条: 《中华人民共和国水法》第四十九条第一款
《中华人民共和国水法》第四十九条第一款和,环境保护,ai,True,<泛类型>,直接援引《水法》第四十九条第一款。,水资源,(6-7) 泛型法条被AI分为具体分类'环境保护'，应删除 | 原标记: <泛类型> | 法条: 《中华人民共和国水法》第四十九条第一款和
《中华人民共和国水法》第四十九条第一款的规定,环境保护,ai,True,<泛类型>,《水法》为水资源管理基本法。,水资源,(6-7) 泛型法条被AI分为具体分类'环境保护'，应删除 | 原标记: <泛类型> | 法条: 《中华人民共和国水法》第四十九条第一款的规定
《中华人民共和国水法》第四十八条,环境保护,ai,True,<泛类型>,依据《水法》调整水资源管理行为。,水资源,(6-7) 泛型法条被AI分为具体分类'环境保护'，应删除 | 原标记: <泛类型> | 法条: 《中华人民共和国水法》第四十八条
《中华人民共和国水法》第四十八条、六十九条,环境保护,ai,True,<泛类型>,《水法》直接规范水资源管理行为。,水资源,(6-7) 泛型法条被AI分为具体分类'环境保护'，应删除 | 原标记: <泛类型> | 法条: 《中华人民共和国水法》第四十八条、六十九条
《中华人民共和国水法》第四十八条、第四十九条,环境保护,ai,True,<泛类型>,《水法》系水资源管理基本法。,水资源,(6-7) 泛型法条被AI分为具体分类'环境保护'，应删除 | 原标记: <泛类型> | 法条: 《中华人民共和国水法》第四十八条、第四十九条
《中华人民共和国水法》第四十八条之规定,环境保护,ai,True,<泛类型>,适用《水法》用水取水等管理。,水资源,(6-7) 泛型法条被AI分为具体分类'环境保护'，应删除 | 原标记: <泛类型> | 法条: 《中华人民共和国水法》第四十八条之规定
《中华人民共和国水法》第四十八条的规定,环境保护,ai,True,<泛类型>,依据《水法》属水资源管理。,水资源,(6-7) 泛型法条被AI分为具体分类'环境保护'，应删除 | 原标记: <泛类型> | 法条: 《中华人民共和国水法》第四十八条的规定
《中华人民共和国水法》第四十八条第一款,环境保护,ai,True,<泛类型>,依据《水法》条款，属水事违法行为。,水资源,(6-7) 泛型法条被AI分为具体分类'环境保护'，应删除 | 原标记: <泛类型> | 法条: 《中华人民共和国水法》第四十八条第一款
《中华人民共和国水法》第四十八条第一款、,环境保护,ai,True,<泛类型>,依据《水法》条款，属水资源管理。,水资源,(6-7) 泛型法条被AI分为具体分类'环境保护'，应删除 | 原标记: <泛类型> | 法条: 《中华人民共和国水法》第四十八条第一款、
《中华人民共和国水法》第四十八条第一款之规定,环境保护,ai,True,<泛类型>,《水法》规范水资源管理使用。,水资源,(6-7) 泛型法条被AI分为具体分类'环境保护'，应删除 | 原标记: <泛类型> | 法条: 《中华人民共和国水法》第四十八条第一款之规定
《中华人民共和国水法》第四十八条第一款的规定,环境保护,ai,True,<泛类型>,依据《水法》属水资源管理违法。,水资源,(6-7) 泛型法条被AI分为具体分类'环境保护'，应删除 | 原标记: <泛类型> | 法条: 《中华人民共和国水法》第四十八条第一款的规定
《中华人民共和国水法》第四十八条第二款,环境保护,ai,True,<泛类型>,依据水法条款，属水资源管理违法。,水资源,(6-7) 泛型法条被AI分为具体分类'环境保护'，应删除 | 原标记: <泛类型> | 法条: 《中华人民共和国水法》第四十八条第二款
《中华人民共和国水法》第四十八条规定,环境保护,ai,True,<泛类型>,《水法》属水资源管理法律。,水资源,(6-7) 泛型法条被AI分为具体分类'环境保护'，应删除 | 原标记: <泛类型> | 法条: 《中华人民共和国水法》第四十八条规定
《中华人民共和国注册会计师法》,财税与金融监管,ai,True,<泛类型>,涉及注册会计师执业监管与会计事项。,会计/账务,(6-7) 泛型法条被AI分为具体分类'财税与金融监管'，应删除 | 原标记: <泛类型> | 法条: 《中华人民共和国注册会计师法》
《中华人民共和国注册会计师法》第三十一条,财税与金融监管,ai,True,<泛类型>,注册会计师法属会计执业规范。,会计/账务,(6-7) 泛型法条被AI分为具体分类'财税与金融监管'，应删除 | 原标记: <泛类型> | 法条: 《中华人民共和国注册会计师法》第三十一条
《中华人民共和国注册会计师法》第三十九条“会计师事务所违反本法第二十条、第二十一条,财税与金融监管,ai,True,<泛类型>,注册会计师法属会计执业规范。,会计/账务,(6-7) 泛型法条被AI分为具体分类'财税与金融监管'，应删除 | 原标记: <泛类型> | 法条: 《中华人民共和国注册会计师法》第三十九条“会计师事务所违反本法第二十条、第二十一条
《中华人民共和国注册会计师法》第二十一条第一款、第三十一条,财税与金融监管,ai,True,<泛类型>,适用《注册会计师法》属会计执业违法。,会计/账务,(6-7) 泛型法条被AI分为具体分类'财税与金融监管'，应删除 | 原标记: <泛类型> | 法条: 《中华人民共和国注册会计师法》第二十一条第一款、第三十一条
《中华人民共和国海关总署公告》,海关/进出口,ai,True,<泛类型>,依据海关总署公告，属进出口监管。,海关/进出口,(6-7) 泛型法条被AI分为具体分类'海关/进出口'，应删除 | 原标记: <泛类型> | 法条: 《中华人民共和国海关总署公告》
《中华人民共和国海关稽查条例》第七条,海关/进出口,ai,True,<泛类型>,依据海关稽查条例，属海关领域。,海关/进出口,(6-7) 泛型法条被AI分为具体分类'海关/进出口'，应删除 | 原标记: <泛类型> | 法条: 《中华人民共和国海关稽查条例》第七条
《中华人民共和国海关行政处罚实施条例》,海关/进出口,ai,True,<泛类型>,依据海关行政处罚实施条例，属海关监管。,海关/进出口,(6-7) 泛型法条被AI分为具体分类'海关/进出口'，应删除 | 原标记: <泛类型> | 法条: 《中华人民共和国海关行政处罚实施条例》
《中华人民共和国海关行政处罚实施条例》第七条第(三)项,海关/进出口,ai,True,<泛类型>,根据海关行政处罚条例条款内容判定。,海关/进出口,(6-7) 泛型法条被AI分为具体分类'海关/进出口'，应删除 | 原标记: <泛类型> | 法条: 《中华人民共和国海关行政处罚实施条例》第七条第(三)项
《中华人民共和国海关行政处罚实施条例》第九条第一款(三)项,海关/进出口,ai,True,<泛类型>,适用海关行政处罚条例，属进出口。,海关/进出口,(6-7) 泛型法条被AI分为具体分类'海关/进出口'，应删除 | 原标记: <泛类型> | 法条: 《中华人民共和国海关行政处罚实施条例》第九条第一款(三)项
"《中华人民共和国海关行政处罚实施条例》第九条第一款(三)项,",海关/进出口,ai,True,<泛类型>,适用海关行政处罚条例，属进出口。,海关/进出口,"(6-7) 泛型法条被AI分为具体分类'海关/进出口'，应删除 | 原标记: <泛类型> | 法条: 《中华人民共和国海关行政处罚实施条例》第九条第一款(三)项,"
《中华人民共和国海关行政处罚实施条例》第九条第一款第三项之规定,海关/进出口,ai,True,<泛类型>,依据海关行政处罚条例属进出口违规。,海关/进出口,(6-7) 泛型法条被AI分为具体分类'海关/进出口'，应删除 | 原标记: <泛类型> | 法条: 《中华人民共和国海关行政处罚实施条例》第九条第一款第三项之规定
《中华人民共和国海关行政处罚实施条例》第五十六条之规定,海关/进出口,ai,True,<泛类型>,依据海关行政处罚实施条例，属海关领域。,海关/进出口,(6-7) 泛型法条被AI分为具体分类'海关/进出口'，应删除 | 原标记: <泛类型> | 法条: 《中华人民共和国海关行政处罚实施条例》第五十六条之规定
"《中华人民共和国海关行政处罚实施条例》第五十六条之规定,决定追缴等值价款",海关/进出口,ai,True,<泛类型>,依据海关行政处罚条例适用。,海关/进出口,"(6-7) 泛型法条被AI分为具体分类'海关/进出口'，应删除 | 原标记: <泛类型> | 法条: 《中华人民共和国海关行政处罚实施条例》第五十六条之规定,决定追缴等值价款"
《中华人民共和国海关行政处罚实施条例》第十五条第(一)款,海关/进出口,ai,True,<泛类型>,该条款系海关行政处罚专门规定。,海关/进出口,(6-7) 泛型法条被AI分为具体分类'海关/进出口'，应删除 | 原标记: <泛类型> | 法条: 《中华人民共和国海关行政处罚实施条例》第十五条第(一)款
《中华人民共和国海关行政处罚实施条例》第十五条第(一)项,海关/进出口,ai,True,<泛类型>,适用海关行政处罚条例，属进出口。,海关/进出口,(6-7) 泛型法条被AI分为具体分类'海关/进出口'，应删除 | 原标记: <泛类型> | 法条: 《中华人民共和国海关行政处罚实施条例》第十五条第(一)项
《中华人民共和国海关行政处罚实施条例》第十五条第(一)项、第(四)项、第十六条之规定,海关/进出口,ai,True,<泛类型>,依据海关行政处罚实施条例条款。,海关/进出口,(6-7) 泛型法条被AI分为具体分类'海关/进出口'，应删除 | 原标记: <泛类型> | 法条: 《中华人民共和国海关行政处罚实施条例》第十五条第(一)项、第(四)项、第十六条之规定
《中华人民共和国海关行政处罚实施条例》第十五条第(三)项,海关/进出口,ai,True,<泛类型>,适用海关行政处罚实施条例情形。,海关/进出口,(6-7) 泛型法条被AI分为具体分类'海关/进出口'，应删除 | 原标记: <泛类型> | 法条: 《中华人民共和国海关行政处罚实施条例》第十五条第(三)项
《中华人民共和国海关行政处罚实施条例》第十五条第(二)项,海关/进出口,ai,True,<泛类型>,依据海关行政处罚条例属进出口违规。,海关/进出口,(6-7) 泛型法条被AI分为具体分类'海关/进出口'，应删除 | 原标记: <泛类型> | 法条: 《中华人民共和国海关行政处罚实施条例》第十五条第(二)项
《中华人民共和国海关行政处罚实施条例》第十五条第(五)项,海关/进出口,ai,True,<泛类型>,适用海关行政处罚条例属进出口违规。,海关/进出口,(6-7) 泛型法条被AI分为具体分类'海关/进出口'，应删除 | 原标记: <泛类型> | 法条: 《中华人民共和国海关行政处罚实施条例》第十五条第(五)项
《中华人民共和国海关行政处罚实施条例》第十五条第(四)项、第十六条之规定,海关/进出口,ai,True,<泛类型>,直接依据海关行政处罚实施条例相关条款。,海关/进出口,(6-7) 泛型法条被AI分为具体分类'海关/进出口'，应删除 | 原标记: <泛类型> | 法条: 《中华人民共和国海关行政处罚实施条例》第十五条第(四)项、第十六条之规定
《中华人民共和国海关行政处罚实施条例》第十五条第(四)项之规定,海关/进出口,ai,True,<泛类型>,依据海关行政处罚条例条款。,海关/进出口,(6-7) 泛型法条被AI分为具体分类'海关/进出口'，应删除 | 原标记: <泛类型> | 法条: 《中华人民共和国海关行政处罚实施条例》第十五条第(四)项之规定
《中华人民共和国海关行政处罚实施条例》第十五条第一项,海关/进出口,ai,True,<泛类型>,适用海关行政处罚条例第十五条。,海关/进出口,(6-7) 泛型法条被AI分为具体分类'海关/进出口'，应删除 | 原标记: <泛类型> | 法条: 《中华人民共和国海关行政处罚实施条例》第十五条第一项
《中华人民共和国海关行政处罚实施条例》第十五条第五项、第十六条规定,海关/进出口,ai,True,<泛类型>,适用海关行政处罚实施条例。,海关/进出口,(6-7) 泛型法条被AI分为具体分类'海关/进出口'，应删除 | 原标记: <泛类型> | 法条: 《中华人民共和国海关行政处罚实施条例》第十五条第五项、第十六条规定
《中华人民共和国海关行政处罚实施条例》第十五条第四项,海关/进出口,ai,True,<泛类型>,依据海关行政处罚条例，属进出口违规。,海关/进出口,(6-7) 泛型法条被AI分为具体分类'海关/进出口'，应删除 | 原标记: <泛类型> | 法条: 《中华人民共和国海关行政处罚实施条例》第十五条第四项
《中华人民共和国海关行政处罚实施条例》第十五条第四项、第十六条的规定,海关/进出口,ai,True,<泛类型>,依据海关行政处罚条例属进出口违规。,海关/进出口,(6-7) 泛型法条被AI分为具体分类'海关/进出口'，应删除 | 原标记: <泛类型> | 法条: 《中华人民共和国海关行政处罚实施条例》第十五条第四项、第十六条的规定
《中华人民共和国海关行政处罚实施条例》第十五条第（四）项,海关/进出口,ai,True,<泛类型>,依据海关行政处罚条例属进出口监管。,海关/进出口,(6-7) 泛型法条被AI分为具体分类'海关/进出口'，应删除 | 原标记: <泛类型> | 法条: 《中华人民共和国海关行政处罚实施条例》第十五条第（四）项
《中华人民共和国海关行政处罚实施条例》第十八条第一款(三)项之规定,海关/进出口,ai,True,<泛类型>,适用海关行政处罚条例，属海关监管类。,海关/进出口,(6-7) 泛型法条被AI分为具体分类'海关/进出口'，应删除 | 原标记: <泛类型> | 法条: 《中华人民共和国海关行政处罚实施条例》第十八条第一款(三)项之规定
《中华人民共和国海关行政处罚实施条例》第十八条第一款第(七)项,海关/进出口,ai,True,<泛类型>,依据海关行政处罚条例属口岸监管。,海关/进出口,(6-7) 泛型法条被AI分为具体分类'海关/进出口'，应删除 | 原标记: <泛类型> | 法条: 《中华人民共和国海关行政处罚实施条例》第十八条第一款第(七)项
《中华人民共和国海关行政处罚实施条例》第十八条第一款第(三)项,海关/进出口,ai,True,<泛类型>,适用海关行政处罚实施条例条款。,海关/进出口,(6-7) 泛型法条被AI分为具体分类'海关/进出口'，应删除 | 原标记: <泛类型> | 法条: 《中华人民共和国海关行政处罚实施条例》第十八条第一款第(三)项
《中华人民共和国海关行政处罚实施条例》第十八条第五项,海关/进出口,ai,True,<泛类型>,适用海关行政处罚条例，属海关领域。,海关/进出口,(6-7) 泛型法条被AI分为具体分类'海关/进出口'，应删除 | 原标记: <泛类型> | 法条: 《中华人民共和国海关行政处罚实施条例》第十八条第五项
《中华人民共和国海关行政处罚实施条例》第十八条第（一）、（四）项,海关/进出口,ai,True,<泛类型>,适用海关行政处罚实施条例相关条款。,海关/进出口,(6-7) 泛型法条被AI分为具体分类'海关/进出口'，应删除 | 原标记: <泛类型> | 法条: 《中华人民共和国海关行政处罚实施条例》第十八条第（一）、（四）项
《中华人民共和国海关行政处罚裁量基准(二)》,海关/进出口,ai,True,<泛类型>,《海关行政处罚裁量基准》明确属海关领域。,海关/进出口,(6-7) 泛型法条被AI分为具体分类'海关/进出口'，应删除 | 原标记: <泛类型> | 法条: 《中华人民共和国海关行政处罚裁量基准(二)》
《中华人民共和国海关进口货物报关单》,海关/进出口,ai,True,<泛类型>,《海关进口货物报关单》属进出口监管。,海关/进出口,(6-7) 泛型法条被AI分为具体分类'海关/进出口'，应删除 | 原标记: <泛类型> | 法条: 《中华人民共和国海关进口货物报关单》
《中华人民共和国海域使用管理法》第三条第二款,*海域使用管理*,ai,True,<泛类型>,依据海域使用管理法条款内容。,*海域使用管理*,(6-6) AI分类含星号'*海域使用管理*'，分类不确定 | 法条: 《中华人民共和国海域使用管理法》第三条第二款
《中华人民共和国海域使用管理法》第四十二条,环境保护,ai,True,<泛类型>,海域使用管理法属海域/水域管理。,水资源,(6-7) 泛型法条被AI分为具体分类'环境保护'，应删除 | 原标记: <泛类型> | 法条: 《中华人民共和国海域使用管理法》第四十二条
《中华人民共和国消法》第二十四条第一款,市场秩序与竞争监管,ai,True,<泛类型>,依据消法条款，规范经营消费秩序。,消费者权益/市场秩序,(6-7) 泛型法条被AI分为具体分类'市场秩序与竞争监管'，应删除 | 原标记: <泛类型> | 法条: 《中华人民共和国消法》第二十四条第一款
《中华人民共和国消法》第六十条第一款第四项,市场秩序与竞争监管,ai,True,<泛类型>,违反消法属消费者权益与市场秩序问题。,消费者权益/市场秩序,(6-7) 泛型法条被AI分为具体分类'市场秩序与竞争监管'，应删除 | 原标记: <泛类型> | 法条: 《中华人民共和国消法》第六十条第一款第四项
《中华人民共和国清洁生产促进法》第三十九条,环境保护,ai,True,<泛类型>,清洁生产法属于环境保护领域。,环境保护,(6-7) 泛型法条被AI分为具体分类'环境保护'，应删除 | 原标记: <泛类型> | 法条: 《中华人民共和国清洁生产促进法》第三十九条
《中华人民共和国清洁生产促进法》第二十七第四款,环境保护,ai,True,<泛类型>,清洁生产促进法属环保领域规范。,环境保护,(6-7) 泛型法条被AI分为具体分类'环境保护'，应删除 | 原标记: <泛类型> | 法条: 《中华人民共和国清洁生产促进法》第二十七第四款
《中华人民共和国物业服务企业资质证书》,建设工程与房地产,ai,True,<泛类型>,《物业服务企业资质证书》属物业管理领域。,房地产/土地,(6-7) 泛型法条被AI分为具体分类'建设工程与房地产'，应删除 | 原标记: <泛类型> | 法条: 《中华人民共和国物业服务企业资质证书》
《中华人民共和国电信条例》第七十一条款关于“违反本条例第四十一条,网络/数据安全,ai,True,<泛类型>,电信经营行为违规，属通信网络管理】,网络/数据安全,(6-7) 泛型法条被AI分为具体分类'网络/数据安全'，应删除 | 原标记: <泛类型> | 法条: 《中华人民共和国电信条例》第七十一条款关于“违反本条例第四十一条
《中华人民共和国电信条例》第四十一条第一款第(一)项,网络/数据安全,ai,True,<泛类型>,依据电信条例规范电信业务与网络行为。,网络/数据安全,(6-7) 泛型法条被AI分为具体分类'网络/数据安全'，应删除 | 原标记: <泛类型> | 法条: 《中华人民共和国电信条例》第四十一条第一款第(一)项
《中华人民共和国电信条例》第四十六条,网络/数据安全,ai,True,<泛类型>,电信管理规范，多涉网络数据安全。,网络/数据安全,(6-7) 泛型法条被AI分为具体分类'网络/数据安全'，应删除 | 原标记: <泛类型> | 法条: 《中华人民共和国电信条例》第四十六条
《中华人民共和国电子商务法》,网络市场交易/市场秩序,ai,True,<泛类型>,《电子商务法》主要规范电商交易秩序。,网络市场交易/市场秩序,(6-7) 泛型法条被AI分为具体分类'网络市场交易/市场秩序'，应删除 | 原标记: <泛类型> | 法条: 《中华人民共和国电子商务法》
《中华人民共和国电子商务法》第七十六条第一款第（一）项,市场秩序与竞争监管,ai,True,<泛类型>,电商法规范平台经营行为与市场秩序。,消费者权益/市场秩序,(6-7) 泛型法条被AI分为具体分类'市场秩序与竞争监管'，应删除 | 原标记: <泛类型> | 法条: 《中华人民共和国电子商务法》第七十六条第一款第（一）项
《中华人民共和国电子商务法》第八十条第（四）项,市场秩序与竞争监管,ai,True,<泛类型>,《电商法》属规范电商交易秩序。,消费者权益/市场秩序,(6-7) 泛型法条被AI分为具体分类'市场秩序与竞争监管'，应删除 | 原标记: <泛类型> | 法条: 《中华人民共和国电子商务法》第八十条第（四）项
《中华人民共和国电子商务法》第十五条第一款,网络市场交易/市场秩序,ai,True,<泛类型>,电商法调整网络交易及平台秩序。,网络市场交易/市场秩序,(6-7) 泛型法条被AI分为具体分类'网络市场交易/市场秩序'，应删除 | 原标记: <泛类型> | 法条: 《中华人民共和国电子商务法》第十五条第一款
《中华人民共和国电影产业促进法》第三十二条第二款,公共文化与传媒,ai,True,<泛类型>,电影产业法属文化影视传媒领域。,公共文化与传媒,(6-7) 泛型法条被AI分为具体分类'公共文化与传媒'，应删除 | 原标记: <泛类型> | 法条: 《中华人民共和国电影产业促进法》第三十二条第二款
《中华人民共和国电影产业促进法》第五十一条第二款,公共文化与传媒,ai,True,<泛类型>,《电影产业促进法》属文化传媒领域。,公共文化与传媒,(6-7) 泛型法条被AI分为具体分类'公共文化与传媒'，应删除 | 原标记: <泛类型> | 法条: 《中华人民共和国电影产业促进法》第五十一条第二款
《中华人民共和国私营企业暂行条例》第四十一条第一款第(二)项,市场主体与登记治理,ai,True,<泛类型>,该条款规范私企自行停业歇业情形。,未开业/自行停业,(6-7) 泛型法条被AI分为具体分类'市场主体与登记治理'，应删除 | 原标记: <泛类型> | 法条: 《中华人民共和国私营企业暂行条例》第四十一条第一款第(二)项
《中华人民共和国私营企业暂行条例施行办法》第三十一条,市场主体与登记治理,ai,True,<泛类型>,私营企业登记管理相关规定。,无照经营/登记问题,(6-7) 泛型法条被AI分为具体分类'市场主体与登记治理'，应删除 | 原标记: <泛类型> | 法条: 《中华人民共和国私营企业暂行条例施行办法》第三十一条
《中华人民共和国组织机构代码证(副本)》,未年检登记,ai,True,<泛类型>,《组织机构代码证》多涉代码年检登记问题。,未年检登记,(6-7) 泛型法条被AI分为具体分类'未年检登记'，应删除 | 原标记: <泛类型> | 法条: 《中华人民共和国组织机构代码证(副本)》
《中华人民共和国组织机构代码证》,市场主体与登记治理,ai,True,<泛类型>,组织机构代码证属企业登记管理。,企业信息公示,(6-7) 泛型法条被AI分为具体分类'市场主体与登记治理'，应删除 | 原标记: <泛类型> | 法条: 《中华人民共和国组织机构代码证》
《中华人民共和国经济合同法》,市场秩序与竞争监管,ai,True,<泛类型>,调整经济合同关系，属市场交易秩序。,消费者权益/市场秩序,(6-7) 泛型法条被AI分为具体分类'市场秩序与竞争监管'，应删除 | 原标记: <泛类型> | 法条: 《中华人民共和国经济合同法》
《中华人民共和国网络完全法》第二十一条、第五十九条第一款,网络/数据安全,ai,True,<泛类型>,引用《网络安全法》条款内容。,网络/数据安全,(6-7) 泛型法条被AI分为具体分类'网络/数据安全'，应删除 | 原标记: <泛类型> | 法条: 《中华人民共和国网络完全法》第二十一条、第五十九条第一款
《中华人民共和国老年人权益保障法》,*老年人权益保障*,ai,True,<泛类型>,依据老年人权益保障法内容判定。,*老年人权益保障*,(6-6) AI分类含星号'*老年人权益保障*'，分类不确定 | 法条: 《中华人民共和国老年人权益保障法》
《中华人民共和国职业防治法》第七十一条第（四）项,安全生产,ai,True,<泛类型>,依据职业病防治法条款内容。,职业卫生/健康,(6-7) 泛型法条被AI分为具体分类'安全生产'，应删除 | 原标记: <泛类型> | 法条: 《中华人民共和国职业防治法》第七十一条第（四）项
《中华人民共和国职业防治法》第三十五条第一款,安全生产,ai,True,<泛类型>,依据职业病防治法条款内容。,职业卫生/健康,(6-7) 泛型法条被AI分为具体分类'安全生产'，应删除 | 原标记: <泛类型> | 法条: 《中华人民共和国职业防治法》第三十五条第一款
《中华人民共和国航标条例》第十七条第(七)项,海事安全,ai,True,<泛类型>,航标条例属水上通航安全管理。,海事安全,(6-7) 泛型法条被AI分为具体分类'海事安全'，应删除 | 原标记: <泛类型> | 法条: 《中华人民共和国航标条例》第十七条第(七)项
《中华人民共和国航标条例》第十七条第(六)项,海事安全,ai,True,<泛类型>,《航标条例》属航海安全管理规范。,海事安全,(6-7) 泛型法条被AI分为具体分类'海事安全'，应删除 | 原标记: <泛类型> | 法条: 《中华人民共和国航标条例》第十七条第(六)项
《中华人民共和国航标条例》第十五条第(五)项,海事安全,ai,True,<泛类型>,《航标条例》属水上通航安全管理。,海事安全,(6-7) 泛型法条被AI分为具体分类'海事安全'，应删除 | 原标记: <泛类型> | 法条: 《中华人民共和国航标条例》第十五条第(五)项
《中华人民共和国航道法》第三十九条第一款,交通运输,ai,True,<泛类型>,航道法属水上交通领域管理。,交通运输违规,(6-7) 泛型法条被AI分为具体分类'交通运输'，应删除 | 原标记: <泛类型> | 法条: 《中华人民共和国航道法》第三十九条第一款
《中华人民共和国航道法》第三十五条第（四）项,交通运输,ai,True,<泛类型>,航道法规范通航行为，属交通运输领域。,交通运输违规,(6-7) 泛型法条被AI分为具体分类'交通运输'，应删除 | 原标记: <泛类型> | 法条: 《中华人民共和国航道法》第三十五条第（四）项
《中华人民共和国航道法》第二十八条第一款,交通运输,ai,True,<泛类型>,《航道法》属水路交通管理法规。,交通运输违规,(6-7) 泛型法条被AI分为具体分类'交通运输'，应删除 | 原标记: <泛类型> | 法条: 《中华人民共和国航道法》第二十八条第一款
《中华人民共和国航道法》第四十二条第（四）项,交通运输,ai,True,<泛类型>,《航道法》属水路交通管理规范。,交通运输违规,(6-7) 泛型法条被AI分为具体分类'交通运输'，应删除 | 原标记: <泛类型> | 法条: 《中华人民共和国航道法》第四十二条第（四）项
《中华人民共和国节约能源法》第七十三条第三款,*节能减排管理*,ai,True,<泛类型>,依据节约能源法条款，属节能管理。,*节能减排管理*,(6-6) AI分类含星号'*节能减排管理*'，分类不确定 | 法条: 《中华人民共和国节约能源法》第七十三条第三款
《中华人民共和国节约能源法》第十七条,环境保护,ai,True,<泛类型>,节约能源法属生态环境管理范畴。,环境保护,(6-7) 泛型法条被AI分为具体分类'环境保护'，应删除 | 原标记: <泛类型> | 法条: 《中华人民共和国节约能源法》第十七条
《中华人民共和国节约能源法》第十九条第三款,环境保护,ai,True,<泛类型>,节约能源法属环境和能源管理领域。,环境保护,(6-7) 泛型法条被AI分为具体分类'环境保护'，应删除 | 原标记: <泛类型> | 法条: 《中华人民共和国节约能源法》第十九条第三款
《中华人民共和国节约能源法释义》,*节能减排管理*,ai,True,<泛类型>,依据节约能源法，属节能监管范围。,*节能减排管理*,(6-6) AI分类含星号'*节能减排管理*'，分类不确定 | 法条: 《中华人民共和国节约能源法释义》
《中华人民共和国草原法》,*草原保护管理*,ai,True,<泛类型>,依据《草原法》属草原资源保护管理。,*草原保护管理*,(6-6) AI分类含星号'*草原保护管理*'，分类不确定 | 法条: 《中华人民共和国草原法》
《中华人民共和国草原法》第三十八条,*草原保护管理*,ai,True,<泛类型>,适用《草原法》第三十八条草原管理。,*草原保护管理*,(6-6) AI分类含星号'*草原保护管理*'，分类不确定 | 法条: 《中华人民共和国草原法》第三十八条
《中华人民共和国草原法》第六十五条,环境保护,ai,True,<泛类型>,草原法调整草原生态环境保护。,环境保护,(6-7) 泛型法条被AI分为具体分类'环境保护'，应删除 | 原标记: <泛类型> | 法条: 《中华人民共和国草原法》第六十五条
《中华人民共和国药典》,产品质量与安全,ai,True,<泛类型>,《药典》为药品标准规范。,食品药品,(6-7) 泛型法条被AI分为具体分类'产品质量与安全'，应删除 | 原标记: <泛类型> | 法条: 《中华人民共和国药典》
《中华人民共和国著作权法》、本条,侵犯商标/知识产权,ai,True,<泛类型>,依据著作权法，属知识产权违法。,侵犯商标/知识产权,(6-7) 泛型法条被AI分为具体分类'侵犯商标/知识产权'，应删除 | 原标记: <泛类型> | 法条: 《中华人民共和国著作权法》、本条
《中华人民共和国著作权法》第二十六条第一款,侵犯商标/知识产权,ai,True,<泛类型>,依据著作权法条款，属版权侵权。,侵犯商标/知识产权,(6-7) 泛型法条被AI分为具体分类'侵犯商标/知识产权'，应删除 | 原标记: <泛类型> | 法条: 《中华人民共和国著作权法》第二十六条第一款
《中华人民共和国著作权法》第五十三条第(一)项,侵犯商标/知识产权,ai,True,<泛类型>,《著作权法》适用，属知识产权侵权。,侵犯商标/知识产权,(6-7) 泛型法条被AI分为具体分类'侵犯商标/知识产权'，应删除 | 原标记: <泛类型> | 法条: 《中华人民共和国著作权法》第五十三条第(一)项
《中华人民共和国著作权法》第五十三条第一款,侵犯商标/知识产权,ai,True,<泛类型>,适用著作权法条款，属知识产权。,侵犯商标/知识产权,(6-7) 泛型法条被AI分为具体分类'侵犯商标/知识产权'，应删除 | 原标记: <泛类型> | 法条: 《中华人民共和国著作权法》第五十三条第一款
《中华人民共和国著作权法》第五十三条第一项,侵犯商标/知识产权,ai,True,<泛类型>,依据著作权法条款，属知识产权。,侵犯商标/知识产权,(6-7) 泛型法条被AI分为具体分类'侵犯商标/知识产权'，应删除 | 原标记: <泛类型> | 法条: 《中华人民共和国著作权法》第五十三条第一项
《中华人民共和国著作权法》第十条第一款第五项、,侵犯商标/知识产权,ai,True,<泛类型>,涉及著作权法权利归属与保护。,侵犯商标/知识产权,(6-7) 泛型法条被AI分为具体分类'侵犯商标/知识产权'，应删除 | 原标记: <泛类型> | 法条: 《中华人民共和国著作权法》第十条第一款第五项、
《中华人民共和国著作权法》第四十八条,侵犯商标/知识产权,ai,True,<泛类型>,依据著作权法条款，属知识产权侵权。,侵犯商标/知识产权,(6-7) 泛型法条被AI分为具体分类'侵犯商标/知识产权'，应删除 | 原标记: <泛类型> | 法条: 《中华人民共和国著作权法》第四十八条
《中华人民共和国行业标准 鲜鸡蛋》,产品质量与安全,ai,True,<泛类型>,《鲜鸡蛋》为产品质量行业标准。,产品质量,(6-7) 泛型法条被AI分为具体分类'产品质量与安全'，应删除 | 原标记: <泛类型> | 法条: 《中华人民共和国行业标准 鲜鸡蛋》
《中华人民共和国行政处罚法》第63号）第五十一条第（一）项,*行政处罚程序*,ai,True,<泛类型>,依据《行政处罚法》程序性条款。,*行政处罚程序*,(6-6) AI分类含星号'*行政处罚程序*'，分类不确定 | 法条: 《中华人民共和国行政处罚法》第63号）第五十一条第（一）项
《中华人民共和国行政处罚法》第七十二条第一款的规定每日按罚款数额的3%加处罚款,其他,ai,True,<泛类型>,仅为行政处罚法加处罚款规定，无法具体对应行业领域。,其他违法行为,(6-5) 处罚措施描述 | 匹配模式: '加处罚款' | 法条: 《中华人民共和国行政处罚法》第七十二条第一款的规定每日按罚款数额的3%加处罚款
"《中华人民共和国行政处罚法》第七十二条第一款第(一)项规定,每日按罚款数额的百分之三加处罚款,加处罚款的数额不超出罚款",其他,ai,True,<泛类型>,仅援引行政处罚法加处罚款规则。,其他违法行为,"(6-5) 处罚措施描述 | 匹配模式: '加处罚款,加处罚款的数额不超出罚款' | 法条: 《中华人民共和国行政处罚法》第七十二条第一款第(一)项规定,每日按罚款数额的百分之三加处罚款,加处罚..."
《中华人民共和国行政处罚法》第七十二条第一款第(一)项规定可以每日按罚款数额的百分之三加处罚款,其他,ai,True,<泛类型>,仅引用行政处罚法加处罚款条款，无法确定具体领域。,其他违法行为,(6-5) 处罚措施描述 | 匹配模式: '可以每日按罚款数额的百分之三加处罚款' | 法条: 《中华人民共和国行政处罚法》第七十二条第一款第(一)项规定可以每日按罚款数额的百分之三加处罚款
"《中华人民共和国行政处罚法》第七十二条第一款第(一)项规定可以每日按罚款数额的百分之三加处罚款,加处罚款",其他,ai,True,<泛类型>,仅提及加处罚款计算规则，无法对应具体领域。,其他违法行为,"(6-5) 处罚措施描述 | 匹配模式: '可以每日按罚款数额的百分之三加处罚款,加处罚款' | 法条: 《中华人民共和国行政处罚法》第七十二条第一款第(一)项规定可以每日按罚款数额的百分之三加处罚款,加处..."
《中华人民共和国行政处罚法》第七十二条第一款第(一)项规定每日可按罚款数额的百分之三加处罚款,其他,ai,True,<泛类型>,仅为罚款加处罚款计算规则描述。,其他违法行为,(6-5) 处罚措施描述 | 匹配模式: '加处罚款' | 法条: 《中华人民共和国行政处罚法》第七十二条第一款第(一)项规定每日可按罚款数额的百分之三加处罚款
《中华人民共和国行政处罚法》第七十二条第一款第(一)项规定每日按罚款数额的百分之三加处罚款,其他,ai,True,<泛类型>,仅见行政处罚法程序性条款，无法细分。,其他违法行为,(6-5) 处罚措施描述 | 匹配模式: '加处罚款' | 法条: 《中华人民共和国行政处罚法》第七十二条第一款第(一)项规定每日按罚款数额的百分之三加处罚款
"《中华人民共和国行政处罚法》第七十二条第一款第一项的规定,每日按罚款数额的3%加处罚款",其他,ai,True,<泛类型>,仅见罚款加处罚款规则，无法细分行业。,其他违法行为,"(6-5) 处罚措施描述 | 匹配模式: '加处罚款' | 法条: 《中华人民共和国行政处罚法》第七十二条第一款第一项的规定,每日按罚款数额的3%加处罚款"
《中华人民共和国行政处罚法》第七十二条第一款第一项的规定每日按罚款数额的3%加处罚款,其他,ai,True,<泛类型>,仅见罚款加处罚款条款，无法细分类型。,其他违法行为,(6-5) 处罚措施描述 | 匹配模式: '加处罚款' | 法条: 《中华人民共和国行政处罚法》第七十二条第一款第一项的规定每日按罚款数额的3%加处罚款
《中华人民共和国行政处罚法》第七十二条第一款第一项规定每日按罚款数额的3%加处罚款,其他,ai,True,<泛类型>,仅见处罚加罚规则，无法细分领域。,其他违法行为,(6-5) 处罚措施描述 | 匹配模式: '加处罚款' | 法条: 《中华人民共和国行政处罚法》第七十二条第一款第一项规定每日按罚款数额的3%加处罚款
《中华人民共和国行政处罚法》第七十二条第一款第（一）项规定可以每日按罚款数额的百分之三加处罚款,其他,ai,True,<泛类型>,仅援引行罚法条款，无法细分类型。,其他违法行为,(6-5) 处罚措施描述 | 匹配模式: '可以每日按罚款数额的百分之三加处罚款' | 法条: 《中华人民共和国行政处罚法》第七十二条第一款第（一）项规定可以每日按罚款数额的百分之三加处罚款
《中华人民共和国行政处罚法》第七十二条第一款第（一）项规定可以每日按罚款数额的百分之三加处罚款,其他,ai,True,<泛类型>,仅援引行政处罚法加处罚款条款，无法对应具体领域。,其他违法行为,(6-5) 处罚措施描述 | 匹配模式: '可以每日按罚款数额的百分之三加处罚款' | 法条: 《中华人民共和国行政处罚法》第七十二条第一款第（一）项规定可以每日按罚款数额的百分之三加处罚款
《中华人民共和国行政处罚法》第七十二条第一款第（一）项规定每日按罚款数额的百分之三加处罚款,其他,ai,True,<泛类型>,仅见行政处罚加处罚款规则条款。,其他违法行为,(6-5) 处罚措施描述 | 匹配模式: '加处罚款' | 法条: 《中华人民共和国行政处罚法》第七十二条第一款第（一）项规定每日按罚款数额的百分之三加处罚款
《中华人民共和国行政处罚法》第七十二条第一项规定:每日按罚款数额的3%加处罚款至等同罚款,其他,ai,True,<泛类型>,仅涉罚款加处罚款规则，无法细分行业。,其他违法行为,(6-5) 处罚措施描述 | 匹配模式: '加处罚款至等同罚款' | 法条: 《中华人民共和国行政处罚法》第七十二条第一项规定:每日按罚款数额的3%加处罚款至等同罚款
《中华人民共和国行政处罚法》第七十二条第一项规定每日按罚款数额的3%加处罚款,其他,ai,True,<泛类型>,仅见处罚加罚规则，无法细分领域。,其他违法行为,(6-5) 处罚措施描述 | 匹配模式: '加处罚款' | 法条: 《中华人民共和国行政处罚法》第七十二条第一项规定每日按罚款数额的3%加处罚款
《中华人民共和国行政处罚法》第三十二条第一项处以罚款,其他,ai,True,<泛类型>,仅提及处罚法条，缺乏具体情节。,其他违法行为,(6-5) 处罚措施描述 | 匹配模式: '处以罚款' | 法条: 《中华人民共和国行政处罚法》第三十二条第一项处以罚款
《中华人民共和国行政处罚法》第二十七条第一款,*从轻减轻处罚*,ai,True,<泛类型>,条文规定从轻减轻情形。,*从轻减轻处罚*,(6-6) AI分类含星号'*从轻减轻处罚*'，分类不确定 | 法条: 《中华人民共和国行政处罚法》第二十七条第一款
《中华人民共和国行政处罚法》第二十七条第一款,*行政处罚裁量*,ai,True,<泛类型>,条文仅规范处罚裁量程序。,*行政处罚裁量*,(6-6) AI分类含星号'*行政处罚裁量*'，分类不确定 | 法条: 《中华人民共和国行政处罚法》第二十七条第一款
《中华人民共和国行政处罚法》第二十七条第一款第（一）项与,*行政处罚程序*,ai,True,<泛类型>,仅提及行政处罚法条，属程序规范。,*行政处罚程序*,(6-6) AI分类含星号'*行政处罚程序*'，分类不确定 | 法条: 《中华人民共和国行政处罚法》第二十七条第一款第（一）项与
《中华人民共和国行政处罚法》第二十七条第一项处以罚款,其他,ai,True,<泛类型>,仅出现行政处罚法条款，无法细化。,其他违法行为,(6-5) 处罚措施描述 | 匹配模式: '处以罚款' | 法条: 《中华人民共和国行政处罚法》第二十七条第一项处以罚款
《中华人民共和国行政处罚法》第二十三条、第二十七条第一款,*行政处罚程序*,ai,True,<泛类型>,条文仅规定处罚程序规则。,*行政处罚程序*,(6-6) AI分类含星号'*行政处罚程序*'，分类不确定 | 法条: 《中华人民共和国行政处罚法》第二十三条、第二十七条第一款
《中华人民共和国行政处罚法》第二十八条的规定,*行政处罚适用*,ai,True,<泛类型>,仅提及行政处罚法适用条款。,*行政处罚适用*,(6-6) AI分类含星号'*行政处罚适用*'，分类不确定 | 法条: 《中华人民共和国行政处罚法》第二十八条的规定
"《中华人民共和国行政处罚法》第二十八条第一款,",*行政处罚程序类*,ai,True,<泛类型>,仅涉行政处罚法程序规定。,*行政处罚程序类*,"(6-6) AI分类含星号'*行政处罚程序类*'，分类不确定 | 法条: 《中华人民共和国行政处罚法》第二十八条第一款,"
《中华人民共和国行政处罚法》第五十一条的规定采取下列措施:(一)每日将按罚款数额的3%加处罚款,其他,ai,True,<泛类型>,仅体现加处罚款制度，无法细化领域。,其他违法行为,(6-5) 处罚措施描述 | 匹配模式: '加处罚款' | 法条: 《中华人民共和国行政处罚法》第五十一条的规定采取下列措施:(一)每日将按罚款数额的3%加处罚款
《中华人民共和国行政处罚法》第五十一条的规定采取下列措施：（一）每日将按罚款数额的3%加处罚款,金融/账户,ai,True,<泛类型>,逾期未缴罚款按日加收滞纳金。,金融/账户,(6-5) 处罚措施描述 | 匹配模式: '加处罚款' | 法条: 《中华人民共和国行政处罚法》第五十一条的规定采取下列措施：（一）每日将按罚款数额的3%加处罚款
"《中华人民共和国行政处罚法》第五十一条第(一)项之规定,每日按罚款数额的百分之三加处罚款",其他,ai,True,<泛类型>,仅为罚款加处罚款规则，无法对应具体领域。,其他违法行为,"(6-5) 处罚措施描述 | 匹配模式: '加处罚款' | 法条: 《中华人民共和国行政处罚法》第五十一条第(一)项之规定,每日按罚款数额的百分之三加处罚款"
《中华人民共和国行政处罚法》第五十一条第(一)项规定可以每日按罚款数额的3%加处罚款,其他,ai,True,<泛类型>,仅涉及行罚通则，加收罚款规则。,其他违法行为,(6-5) 处罚措施描述 | 匹配模式: '可以每日按罚款数额的3%加处罚款' | 法条: 《中华人民共和国行政处罚法》第五十一条第(一)项规定可以每日按罚款数额的3%加处罚款
《中华人民共和国行政处罚法》第五十一条第(一)项规定可以每日按罚款数额的百分之三加处罚款,其他,ai,True,<泛类型>,仅涉及处罚方式未指向具体领域。,其他违法行为,(6-5) 处罚措施描述 | 匹配模式: '可以每日按罚款数额的百分之三加处罚款' | 法条: 《中华人民共和国行政处罚法》第五十一条第(一)项规定可以每日按罚款数额的百分之三加处罚款
《中华人民共和国行政处罚法》第五十一条第(一)项规定可以每日按罚款数额的百分之三加处罚款,其他,ai,True,<泛类型>,仅引用行政处罚法条款，无法细分。,其他违法行为,(6-5) 处罚措施描述 | 匹配模式: '可以每日按罚款数额的百分之三加处罚款' | 法条: 《中华人民共和国行政处罚法》第五十一条第(一)项规定可以每日按罚款数额的百分之三加处罚款
《中华人民共和国行政处罚法》第五十一条第(一)项规定每日按罚款数额的3%加处罚款,其他,ai,True,<泛类型>,仅见加处罚款条款，无法细分类别。,其他违法行为,(6-5) 处罚措施描述 | 匹配模式: '加处罚款' | 法条: 《中华人民共和国行政处罚法》第五十一条第(一)项规定每日按罚款数额的3%加处罚款
《中华人民共和国行政处罚法》第五十一条第(一)项规定每日按罚款数额的3%加处罚款,其他,ai,True,<泛类型>,仅见加处罚款条款，无法对应具体领域。,其他违法行为,(6-5) 处罚措施描述 | 匹配模式: '加处罚款' | 法条: 《中华人民共和国行政处罚法》第五十一条第(一)项规定每日按罚款数额的3%加处罚款
《中华人民共和国行政处罚法》第五十一条第(一)项规定每日按罚款数额的百分之三加处罚款,其他,ai,True,<泛类型>,仅涉及罚款加处罚机制无法细分类型,其他违法行为,(6-5) 处罚措施描述 | 匹配模式: '加处罚款' | 法条: 《中华人民共和国行政处罚法》第五十一条第(一)项规定每日按罚款数额的百分之三加处罚款
《中华人民共和国行政处罚法》第五十一条第(一)项规定每日按罚款数额的百分之三加处罚款,其他,ai,True,<泛类型>,仅见处罚加重条款，无法细分领域。,其他违法行为,(6-5) 处罚措施描述 | 匹配模式: '加处罚款' | 法条: 《中华人民共和国行政处罚法》第五十一条第(一)项规定每日按罚款数额的百分之三加处罚款
《中华人民共和国行政处罚法》第五十一条第一条规定每日按罚款数额3%加处罚款（加处罚款最高数额为罚款,其他,ai,True,<泛类型>,仅涉行政处罚通则，无具体领域。,其他违法行为,(6-5) 处罚措施描述 | 匹配模式: '加处罚款（加处罚款最高数额为罚款' | 法条: 《中华人民共和国行政处罚法》第五十一条第一条规定每日按罚款数额3%加处罚款（加处罚款最高数额为罚款
《中华人民共和国行政处罚法》第五十一条第一款,*行政处罚裁量*,ai,True,<泛类型>,条文仅规范处罚裁量、程序适用。,*行政处罚裁量*,(6-6) AI分类含星号'*行政处罚裁量*'，分类不确定 | 法条: 《中华人民共和国行政处罚法》第五十一条第一款
《中华人民共和国行政处罚法》第五十一条第一款第（一）项的规定;每日按照罚款数额百分之三加处罚款,其他,ai,True,<泛类型>,仅涉及加处罚款计息规则，无法细化分类。,其他违法行为,(6-5) 处罚措施描述 | 匹配模式: '加处罚款' | 法条: 《中华人民共和国行政处罚法》第五十一条第一款第（一）项的规定;每日按照罚款数额百分之三加处罚款
《中华人民共和国行政处罚法》第五十一条第一款第（一）项规定每日按罚款数额的3%加处罚款,其他,ai,True,<泛类型>,仅依据行政处罚法通则，无法细分。,其他违法行为,(6-5) 处罚措施描述 | 匹配模式: '加处罚款' | 法条: 《中华人民共和国行政处罚法》第五十一条第一款第（一）项规定每日按罚款数额的3%加处罚款
《中华人民共和国行政处罚法》第五十一条第一项“到期不缴纳罚款的每日按罚款数额百分之三加处罚款,其他,ai,True,<泛类型>,条文属通用加处罚款规定，泛指。,其他违法行为,(6-5) 处罚措施描述 | 匹配模式: '加处罚款' | 法条: 《中华人民共和国行政处罚法》第五十一条第一项“到期不缴纳罚款的每日按罚款数额百分之三加处罚款
《中华人民共和国行政处罚法》第五十一条第一项之规定每日按罚款数额的3%加处罚款,其他,ai,True,<泛类型>,仅涉及加处罚款计算，无具体领域。,其他违法行为,(6-5) 处罚措施描述 | 匹配模式: '加处罚款' | 法条: 《中华人民共和国行政处罚法》第五十一条第一项之规定每日按罚款数额的3%加处罚款
《中华人民共和国行政处罚法》第五十一条第一项规定每日按罚款数额的3%加处罚款,其他,ai,True,<泛类型>,仅涉及处罚加罚比例规定，无法细分。,其他违法行为,(6-5) 处罚措施描述 | 匹配模式: '加处罚款' | 法条: 《中华人民共和国行政处罚法》第五十一条第一项规定每日按罚款数额的3%加处罚款
《中华人民共和国行政处罚法》第五十一条第一项规定每日按罚款数额的3%加处罚款,其他,ai,True,<泛类型>,仅见加处罚款条款，无法细分行业。,其他违法行为,(6-5) 处罚措施描述 | 匹配模式: '加处罚款' | 法条: 《中华人民共和国行政处罚法》第五十一条第一项规定每日按罚款数额的3%加处罚款
《中华人民共和国行政处罚法》第五十一条第一项规定每日按罚款数额的3%加处罚款（加处罚款最高数额为罚款,其他,ai,True,<泛类型>,仅涉及加处罚款比例无法对应具体领域。,其他违法行为,(6-5) 处罚措施描述 | 匹配模式: '加处罚款（加处罚款最高数额为罚款' | 法条: 《中华人民共和国行政处罚法》第五十一条第一项规定每日按罚款数额的3%加处罚款（加处罚款最高数额为罚款
《中华人民共和国行政处罚法》第五十一条第一项规定每日按罚款数额的3％加处罚款,其他,ai,True,<泛类型>,仅见加处罚款条款，无法细分领域。,其他违法行为,(6-5) 处罚措施描述 | 匹配模式: '加处罚款' | 法条: 《中华人民共和国行政处罚法》第五十一条第一项规定每日按罚款数额的3％加处罚款
《中华人民共和国行政处罚法》第五十一条第一项规定每日按罚款数额的3％加处罚款,其他,ai,True,<泛类型>,仅涉及行政处罚通则条款，信息不足。,其他违法行为,(6-5) 处罚措施描述 | 匹配模式: '加处罚款' | 法条: 《中华人民共和国行政处罚法》第五十一条第一项规定每日按罚款数额的3％加处罚款
《中华人民共和国行政处罚法》第五十一条第一项规定每日按罚款数额的百分之三加处罚款,其他,ai,True,<泛类型>,仅涉加处罚款规则，无法细分领域。,其他违法行为,(6-5) 处罚措施描述 | 匹配模式: '加处罚款' | 法条: 《中华人民共和国行政处罚法》第五十一条第一项规定每日按罚款数额的百分之三加处罚款
《中华人民共和国行政处罚法》第五十一条第（一）项和,*程序裁量减免处罚*,ai,True,<泛类型>,仅提及行罚法第五十一条第一项减免情形。,*程序裁量减免处罚*,(6-6) AI分类含星号'*程序裁量减免处罚*'，分类不确定 | 法条: 《中华人民共和国行政处罚法》第五十一条第（一）项和
《中华人民共和国行政处罚法》第五十一条第（一）项的规定每日按罚款数额的百分之三加处罚款,其他,ai,True,<泛类型>,仅提行政处罚加处罚款规定，无法具体分类。,其他违法行为,(6-5) 处罚措施描述 | 匹配模式: '加处罚款' | 法条: 《中华人民共和国行政处罚法》第五十一条第（一）项的规定每日按罚款数额的百分之三加处罚款
《中华人民共和国行政处罚法》第五十一条第（一）项规定可以每日按罚款数额的3%加处罚款,其他,ai,True,<泛类型>,仅引用行政处罚法条款，无法细分。,其他违法行为,(6-5) 处罚措施描述 | 匹配模式: '可以每日按罚款数额的3%加处罚款' | 法条: 《中华人民共和国行政处罚法》第五十一条第（一）项规定可以每日按罚款数额的3%加处罚款
《中华人民共和国行政处罚法》第五十一条第（一）项规定可以每日按罚款数额的3%加处罚款,*行政处罚执行*,ai,True,<泛类型>,涉及按日连续加处罚款执行。,*行政处罚执行*,(6-5) 处罚措施描述 | 匹配模式: '可以每日按罚款数额的3%加处罚款' | 法条: 《中华人民共和国行政处罚法》第五十一条第（一）项规定可以每日按罚款数额的3%加处罚款
《中华人民共和国行政处罚法》第五十一条第（一）项规定可以每日按罚款数额的百分之三加处罚款,其他,ai,True,<泛类型>,仅引用行政处罚法程序性条款，无法细分。,其他违法行为,(6-5) 处罚措施描述 | 匹配模式: '可以每日按罚款数额的百分之三加处罚款' | 法条: 《中华人民共和国行政处罚法》第五十一条第（一）项规定可以每日按罚款数额的百分之三加处罚款
《中华人民共和国行政处罚法》第五十一条第（一）项规定每日按罚款数额的3%加处罚款,其他,ai,True,<泛类型>,仅为加处罚款计算条款，无法细分。,其他违法行为,(6-5) 处罚措施描述 | 匹配模式: '加处罚款' | 法条: 《中华人民共和国行政处罚法》第五十一条第（一）项规定每日按罚款数额的3%加处罚款
《中华人民共和国行政处罚法》第五十一条第（一）项规定每日按罚款数额的3％加处罚款,其他,ai,True,<泛类型>,仅涉加处罚款规定，无法对应具体领域。,其他违法行为,(6-5) 处罚措施描述 | 匹配模式: '加处罚款' | 法条: 《中华人民共和国行政处罚法》第五十一条第（一）项规定每日按罚款数额的3％加处罚款
《中华人民共和国行政处罚法》第五十一条规定每日按罚款金额总数的3%加处罚款,其他,ai,True,<泛类型>,仅涉及罚款加处罚方式，无法细分行业。,其他违法行为,(6-5) 处罚措施描述 | 匹配模式: '加处罚款' | 法条: 《中华人民共和国行政处罚法》第五十一条规定每日按罚款金额总数的3%加处罚款
《中华人民共和国行政处罚法》第五章第三十一条,*行政处罚原则*,ai,True,<泛类型>,条文规定不予处罚等原则性内容。,*行政处罚原则*,(6-6) AI分类含星号'*行政处罚原则*'，分类不确定 | 法条: 《中华人民共和国行政处罚法》第五章第三十一条
《中华人民共和国行政处罚法》第六十七条第三款,*行政处罚程序*,ai,True,<泛类型>,条文仅规定处罚程序适用规则。,*行政处罚程序*,(6-6) AI分类含星号'*行政处罚程序*'，分类不确定 | 法条: 《中华人民共和国行政处罚法》第六十七条第三款
《中华人民共和国行政复议法》第九条及第十二条,*行政复议程序*,ai,True,<泛类型>,涉及行政复议法适用与程序规范。,*行政复议程序*,(6-6) AI分类含星号'*行政复议程序*'，分类不确定 | 法条: 《中华人民共和国行政复议法》第九条及第十二条
《中华人民共和国行政强制法》第二十五条第一款,*行政强制程序*,ai,True,<泛类型>,依据行政强制法程序规定。,*行政强制程序*,(6-6) AI分类含星号'*行政强制程序*'，分类不确定 | 法条: 《中华人民共和国行政强制法》第二十五条第一款
《中华人民共和国行政强制法》第二十八条第一款第(五)项,*行政强制程序*,ai,True,<泛类型>,系行政强制措施适用程序规范。,*行政强制程序*,(6-6) AI分类含星号'*行政强制程序*'，分类不确定 | 法条: 《中华人民共和国行政强制法》第二十八条第一款第(五)项
《中华人民共和国行政强制法》第五十三条,*行政强制程序*,ai,True,<泛类型>,仅指行政强制法程序性规定。,*行政强制程序*,(6-6) AI分类含星号'*行政强制程序*'，分类不确定 | 法条: 《中华人民共和国行政强制法》第五十三条
《中华人民共和国行政强制法》第五十四条,*行政强制措施程序*,ai,True,<泛类型>,直接依据行政强制法程序规范。,*行政强制措施程序*,(6-6) AI分类含星号'*行政强制措施程序*'，分类不确定 | 法条: 《中华人民共和国行政强制法》第五十四条
《中华人民共和国行政强制法》第四十五条第二款,*行政强制程序*,ai,True,<泛类型>,条文属行政强制措施程序规范。,*行政强制程序*,(6-6) AI分类含星号'*行政强制程序*'，分类不确定 | 法条: 《中华人民共和国行政强制法》第四十五条第二款
《中华人民共和国行政强制法》第四十五条第二款,*行政强制措施程序*,ai,True,<泛类型>,涉及行政强制措施适用程序规范。,*行政强制措施程序*,(6-6) AI分类含星号'*行政强制措施程序*'，分类不确定 | 法条: 《中华人民共和国行政强制法》第四十五条第二款
《中华人民共和国行政强制法》第四十五条第二款之规定,*行政强制措施程序*,ai,True,<泛类型>,依据行政强制法条款，属强制程序。,*行政强制措施程序*,(6-6) AI分类含星号'*行政强制措施程序*'，分类不确定 | 法条: 《中华人民共和国行政强制法》第四十五条第二款之规定
《中华人民共和国行政诉讼法》第四十六条,*行政诉讼程序类*,ai,True,<泛类型>,规范行政诉讼权限程序内容。,*行政诉讼程序类*,(6-6) AI分类含星号'*行政诉讼程序类*'，分类不确定 | 法条: 《中华人民共和国行政诉讼法》第四十六条
《中华人民共和国行政诉讼法》第四十六条第一款,*行政诉讼程序*,ai,True,<泛类型>,规范起诉条件属诉讼程序事项。,*行政诉讼程序*,(6-6) AI分类含星号'*行政诉讼程序*'，分类不确定 | 法条: 《中华人民共和国行政诉讼法》第四十六条第一款
《中华人民共和国计算机信息网络国际联网管理暂行规定实施办法》第二十一条第一款、第二十二条第五款,网络/数据安全,ai,True,<泛类型>,依据联网管理暂行规定，属网络管理。,网络/数据安全,(6-7) 泛型法条被AI分为具体分类'网络/数据安全'，应删除 | 原标记: <泛类型> | 法条: 《中华人民共和国计算机信息网络国际联网管理暂行规定实施办法》第二十一条第一款、第二十二条第五款
《中华人民共和国计量法》第九条,计量/器具,ai,True,<泛类型>,依据计量法条文，属计量管理。,计量/器具,(6-7) 泛型法条被AI分为具体分类'计量/器具'，应删除 | 原标记: <泛类型> | 法条: 《中华人民共和国计量法》第九条
《中华人民共和国计量法》第九条第一款,计量/器具,ai,True,<泛类型>,依据计量法条文，属计量管理问题。,计量/器具,(6-7) 泛型法条被AI分为具体分类'计量/器具'，应删除 | 原标记: <泛类型> | 法条: 《中华人民共和国计量法》第九条第一款
《中华人民共和国计量法》第九条规定,计量/器具,ai,True,<泛类型>,依据《计量法》内容属计量管理。,计量/器具,(6-7) 泛型法条被AI分为具体分类'计量/器具'，应删除 | 原标记: <泛类型> | 法条: 《中华人民共和国计量法》第九条规定
《中华人民共和国计量法》第二十五条,计量/器具,ai,True,<泛类型>,适用《计量法》条款，属计量管理。,计量/器具,(6-7) 泛型法条被AI分为具体分类'计量/器具'，应删除 | 原标记: <泛类型> | 法条: 《中华人民共和国计量法》第二十五条
《中华人民共和国计量法》第二十五条和,计量/器具,ai,True,<泛类型>,依据《计量法》第二十五条规定。,计量/器具,(6-7) 泛型法条被AI分为具体分类'计量/器具'，应删除 | 原标记: <泛类型> | 法条: 《中华人民共和国计量法》第二十五条和
《中华人民共和国计量法》第二十六条,计量/器具,ai,True,<泛类型>,依据计量法条款，属计量管理类。,计量/器具,(6-7) 泛型法条被AI分为具体分类'计量/器具'，应删除 | 原标记: <泛类型> | 法条: 《中华人民共和国计量法》第二十六条
《中华人民共和国计量法》第二十六条,计量/器具,ai,True,<泛类型>,《计量法》违法，属计量管理。,计量/器具,(6-7) 泛型法条被AI分为具体分类'计量/器具'，应删除 | 原标记: <泛类型> | 法条: 《中华人民共和国计量法》第二十六条
《中华人民共和国计量法》第十六条的规定根据,计量/器具,ai,True,<泛类型>,依据《计量法》第十六条，属计量领域。,计量/器具,(6-7) 泛型法条被AI分为具体分类'计量/器具'，应删除 | 原标记: <泛类型> | 法条: 《中华人民共和国计量法》第十六条的规定根据
《中华人民共和国计量法实施细则?》第四十三条,计量/器具,ai,True,<泛类型>,依据计量法实施细则，属计量违法。,计量/器具,(6-7) 泛型法条被AI分为具体分类'计量/器具'，应删除 | 原标记: <泛类型> | 法条: 《中华人民共和国计量法实施细则?》第四十三条
《中华人民共和国计量法实施细则》,计量/器具,ai,True,<泛类型>,《计量法实施细则》直接对应计量监管。,计量/器具,(6-7) 泛型法条被AI分为具体分类'计量/器具'，应删除 | 原标记: <泛类型> | 法条: 《中华人民共和国计量法实施细则》
《中华人民共和国计量法实施细则》第二十二条,计量/器具,ai,True,<泛类型>,依据计量法实施细则，属计量管理。,计量/器具,(6-7) 泛型法条被AI分为具体分类'计量/器具'，应删除 | 原标记: <泛类型> | 法条: 《中华人民共和国计量法实施细则》第二十二条
《中华人民共和国计量法实施细则》第五十一条,计量/器具,ai,True,<泛类型>,《计量法实施细则》属计量管理事项。,计量/器具,(6-7) 泛型法条被AI分为具体分类'计量/器具'，应删除 | 原标记: <泛类型> | 法条: 《中华人民共和国计量法实施细则》第五十一条
《中华人民共和国计量法实施细则》第六条第一款,计量/器具,ai,True,<泛类型>,依据计量法及其实施细则内容。,计量/器具,(6-7) 泛型法条被AI分为具体分类'计量/器具'，应删除 | 原标记: <泛类型> | 法条: 《中华人民共和国计量法实施细则》第六条第一款
《中华人民共和国计量法实施细则》第四十三条,计量/器具,ai,True,<泛类型>,依据计量法实施细则，典型计量违法。,计量/器具,(6-7) 泛型法条被AI分为具体分类'计量/器具'，应删除 | 原标记: <泛类型> | 法条: 《中华人民共和国计量法实施细则》第四十三条
《中华人民共和国计量法实施细则》第四十三条第一款,计量/器具,ai,True,<泛类型>,依据计量法实施细则，属计量管理。,计量/器具,(6-7) 泛型法条被AI分为具体分类'计量/器具'，应删除 | 原标记: <泛类型> | 法条: 《中华人民共和国计量法实施细则》第四十三条第一款
《中华人民共和国计量法实施细则》第四十六条,计量/器具,ai,True,<泛类型>,依据计量法实施细则，属计量管理。,计量/器具,(6-7) 泛型法条被AI分为具体分类'计量/器具'，应删除 | 原标记: <泛类型> | 法条: 《中华人民共和国计量法实施细则》第四十六条
《中华人民共和国质量法》第三十九条,产品质量与安全,ai,True,<泛类型>,质量法条文直接针对产品质量。,产品质量,(6-7) 泛型法条被AI分为具体分类'产品质量与安全'，应删除 | 原标记: <泛类型> | 法条: 《中华人民共和国质量法》第三十九条
《中华人民共和国质量法》第五十条,产品质量与安全,ai,True,<泛类型>,根据质量法条款，规范产品质量。,产品质量,(6-7) 泛型法条被AI分为具体分类'产品质量与安全'，应删除 | 原标记: <泛类型> | 法条: 《中华人民共和国质量法》第五十条
《中华人民共和国质量法》第十三条,产品质量与安全,ai,True,<泛类型>,质量法调整产品质量违法行为。,产品质量,(6-7) 泛型法条被AI分为具体分类'产品质量与安全'，应删除 | 原标记: <泛类型> | 法条: 《中华人民共和国质量法》第十三条
《中华人民共和国进出境动植物检疫法》,海关/进出口,ai,True,<泛类型>,进出境动植物检疫法属口岸进出口监管。,海关/进出口,(6-7) 泛型法条被AI分为具体分类'海关/进出口'，应删除 | 原标记: <泛类型> | 法条: 《中华人民共和国进出境动植物检疫法》
《中华人民共和国进出境动植物检疫法》第三十九条、,海关/进出口,ai,True,<泛类型>,依据进出境动植物检疫法，属口岸监管。,海关/进出口,(6-7) 泛型法条被AI分为具体分类'海关/进出口'，应删除 | 原标记: <泛类型> | 法条: 《中华人民共和国进出境动植物检疫法》第三十九条、
《中华人民共和国进出境动植物检疫法》第二十条第一款,海关/进出口,ai,True,<泛类型>,进出境动植物检疫法属口岸进出口监管。,海关/进出口,(6-7) 泛型法条被AI分为具体分类'海关/进出口'，应删除 | 原标记: <泛类型> | 法条: 《中华人民共和国进出境动植物检疫法》第二十条第一款
《中华人民共和国进出境动植物检疫法》第十二条,海关/进出口,ai,True,<泛类型>,进出境动植物检疫法属进出口监管范围。,海关/进出口,(6-7) 泛型法条被AI分为具体分类'海关/进出口'，应删除 | 原标记: <泛类型> | 法条: 《中华人民共和国进出境动植物检疫法》第十二条
《中华人民共和国进出境动植物检疫法》第十二条及,海关/进出口,ai,True,<泛类型>,适用进出境检疫法，属口岸监管。,海关/进出口,(6-7) 泛型法条被AI分为具体分类'海关/进出口'，应删除 | 原标记: <泛类型> | 法条: 《中华人民共和国进出境动植物检疫法》第十二条及
《中华人民共和国进出境动植物检疫法》第十四条第一款,海关/进出口,ai,True,<泛类型>,《进出境动植物检疫法》属口岸检疫管理。,海关/进出口,(6-7) 泛型法条被AI分为具体分类'海关/进出口'，应删除 | 原标记: <泛类型> | 法条: 《中华人民共和国进出境动植物检疫法》第十四条第一款
《中华人民共和国进出境动植物检疫法实施条例》第六十条第一款第一项,海关/进出口,ai,True,<泛类型>,进出境动植物检疫属口岸进出口管理。,海关/进出口,(6-7) 泛型法条被AI分为具体分类'海关/进出口'，应删除 | 原标记: <泛类型> | 法条: 《中华人民共和国进出境动植物检疫法实施条例》第六十条第一款第一项
"《中华人民共和国进出境动植物检疫法实施条例》第六十条第一款第一项,",海关/进出口,ai,True,<泛类型>,《进出境动植物检疫法》属口岸进出口监管。,海关/进出口,"(6-7) 泛型法条被AI分为具体分类'海关/进出口'，应删除 | 原标记: <泛类型> | 法条: 《中华人民共和国进出境动植物检疫法实施条例》第六十条第一款第一项,"
《中华人民共和国进出境动植物检疫法实施条例》第十八条,海关/进出口,ai,True,<泛类型>,进出境动植物检疫事项，属口岸监管。,海关/进出口,(6-7) 泛型法条被AI分为具体分类'海关/进出口'，应删除 | 原标记: <泛类型> | 法条: 《中华人民共和国进出境动植物检疫法实施条例》第十八条
《中华人民共和国邮政法》,*邮政快递管理*,ai,True,<泛类型>,《邮政法》专门规范邮政行为。,*邮政快递管理*,(6-6) AI分类含星号'*邮政快递管理*'，分类不确定 | 法条: 《中华人民共和国邮政法》
《中华人民共和国邮政法》第15条第4款,*邮政寄递管理*,ai,True,<泛类型>,适用《邮政法》邮政服务管理规范。,*邮政寄递管理*,(6-6) AI分类含星号'*邮政寄递管理*'，分类不确定 | 法条: 《中华人民共和国邮政法》第15条第4款
《中华人民共和国邮政法》第24条,交通运输,ai,True,<泛类型>,邮政法第24条规范邮件寄递运输行为。,交通运输违规,(6-7) 泛型法条被AI分为具体分类'交通运输'，应删除 | 原标记: <泛类型> | 法条: 《中华人民共和国邮政法》第24条
《中华人民共和国邮政法》第25条第1款,*邮政寄递管理*,ai,True,<泛类型>,依据邮政法第25条寄递管理要求。,*邮政寄递管理*,(6-6) AI分类含星号'*邮政寄递管理*'，分类不确定 | 法条: 《中华人民共和国邮政法》第25条第1款
《中华人民共和国邮政法》第2条第4款,*邮政快递管理*,ai,True,<泛类型>,依据邮政法调整邮政快递行为。,*邮政快递管理*,(6-6) AI分类含星号'*邮政快递管理*'，分类不确定 | 法条: 《中华人民共和国邮政法》第2条第4款
《中华人民共和国邮政法》第54条第1款,*邮政寄递管理*,ai,True,<泛类型>,依据邮政法第五十四条寄递管理。,*邮政寄递管理*,(6-6) AI分类含星号'*邮政寄递管理*'，分类不确定 | 法条: 《中华人民共和国邮政法》第54条第1款
《中华人民共和国邮政法》第59条第1款本法第六条、第二十一条、第二十二条、第二十四条、第二十五条、第二十六条第一款,*邮政寄递管理*,ai,True,<泛类型>,依据《邮政法》寄递服务义务规范。,*邮政寄递管理*,(6-6) AI分类含星号'*邮政寄递管理*'，分类不确定 | 法条: 《中华人民共和国邮政法》第59条第1款本法第六条、第二十一条、第二十二条、第二十四条、第二十五条、第...
《中华人民共和国邮政法》第七十三条的规定,*邮政寄递管理*,ai,True,<泛类型>,依据《邮政法》规定属邮政管理行为。,*邮政寄递管理*,(6-6) AI分类含星号'*邮政寄递管理*'，分类不确定 | 法条: 《中华人民共和国邮政法》第七十三条的规定
《中华人民共和国邮政法》第七十五条第一款,交通运输,ai,True,<泛类型>,《邮政法》调整邮政寄递运输行为。,交通运输违规,(6-7) 泛型法条被AI分为具体分类'交通运输'，应删除 | 原标记: <泛类型> | 法条: 《中华人民共和国邮政法》第七十五条第一款
《中华人民共和国邮政法》第六十七条,*邮政寄递管理*,ai,True,<泛类型>,适用邮政法条款，属邮政管理领域。,*邮政寄递管理*,(6-6) AI分类含星号'*邮政寄递管理*'，分类不确定 | 法条: 《中华人民共和国邮政法》第六十七条
《中华人民共和国采购法实施条例》第三十四条,建设工程与房地产,ai,True,<泛类型>,采购法实施条例属政府采购招投标。,工程建设/招投标,(6-7) 泛型法条被AI分为具体分类'建设工程与房地产'，应删除 | 原标记: <泛类型> | 法条: 《中华人民共和国采购法实施条例》第三十四条
《中华人民共和国长江保护法》第七十二条、,环境保护,ai,True,<泛类型>,长江保护法属生态环境保护法律。,环境保护,(6-7) 泛型法条被AI分为具体分类'环境保护'，应删除 | 原标记: <泛类型> | 法条: 《中华人民共和国长江保护法》第七十二条、
《中华人民共和国防洪法》第二十七条,环境保护,ai,True,<泛类型>,《防洪法》属水事、水资源管理范畴。,水资源,(6-7) 泛型法条被AI分为具体分类'环境保护'，应删除 | 原标记: <泛类型> | 法条: 《中华人民共和国防洪法》第二十七条
《中华人民共和国防洪法》第二十二条,环境保护,ai,True,<泛类型>,防洪法规范防洪、防汛及水事管理。,水资源,(6-7) 泛型法条被AI分为具体分类'环境保护'，应删除 | 原标记: <泛类型> | 法条: 《中华人民共和国防洪法》第二十二条
《中华人民共和国防洪法》第二十二条第二款,环境保护,ai,True,<泛类型>,防洪法属水行政管理与水资源领域。,水资源,(6-7) 泛型法条被AI分为具体分类'环境保护'，应删除 | 原标记: <泛类型> | 法条: 《中华人民共和国防洪法》第二十二条第二款
《中华人民共和国防洪法》第二十二条第二项,环境保护,ai,True,<泛类型>,防洪法规范水事及防洪管理行为。,水资源,(6-7) 泛型法条被AI分为具体分类'环境保护'，应删除 | 原标记: <泛类型> | 法条: 《中华人民共和国防洪法》第二十二条第二项
《中华人民共和国防洪法》第五十七条的规定,环境保护,ai,True,<泛类型>,防洪法属水事管理与水资源领域。,水资源,(6-7) 泛型法条被AI分为具体分类'环境保护'，应删除 | 原标记: <泛类型> | 法条: 《中华人民共和国防洪法》第五十七条的规定
《中华人民共和国防洪法》第五十五条,环境保护,ai,True,<泛类型>,《防洪法》属水事管理与防洪领域。,水资源,(6-7) 泛型法条被AI分为具体分类'环境保护'，应删除 | 原标记: <泛类型> | 法条: 《中华人民共和国防洪法》第五十五条
《中华人民共和国防洪法》第五十五条第(一)项“违反本法第二十二条第二款、第三款,环境保护,ai,True,<泛类型>,防洪法规范行洪、防洪管理行为。,水资源,(6-7) 泛型法条被AI分为具体分类'环境保护'，应删除 | 原标记: <泛类型> | 法条: 《中华人民共和国防洪法》第五十五条第(一)项“违反本法第二十二条第二款、第三款
《中华人民共和国防洪法》第五十五条第二项,环境保护,ai,True,<泛类型>,《防洪法》属水资源管理法律。,水资源,(6-7) 泛型法条被AI分为具体分类'环境保护'，应删除 | 原标记: <泛类型> | 法条: 《中华人民共和国防洪法》第五十五条第二项
《中华人民共和国黄河保护法》第五十条第一款,环境保护,ai,True,<泛类型>,黄河保护法核心规范水生态水资源。,水资源,(6-7) 泛型法条被AI分为具体分类'环境保护'，应删除 | 原标记: <泛类型> | 法条: 《中华人民共和国黄河保护法》第五十条第一款
《中华人民共和行政诉讼法》第四十六条,*行政诉讼程序*,ai,True,<泛类型>,条文仅规定行政诉讼起诉规则相关。,*行政诉讼程序*,(6-6) AI分类含星号'*行政诉讼程序*'，分类不确定 | 法条: 《中华人民共和行政诉讼法》第四十六条
《中卫市沙坡头区人民政府关于宁夏新华实业集团有限公司“6.17”事故调查报告的批复》,安全生产,ai,True,<泛类型>,“6.17”事故调查批复，典型安全生产事故。,安全生产,(6-7) 泛型法条被AI分为具体分类'安全生产'，应删除 | 原标记: <泛类型> | 法条: 《中卫市沙坡头区人民政府关于宁夏新华实业集团有限公司“6.17”事故调查报告的批复》
《中国人民共和国公司法》第二百一十二条第二款,财税与金融监管,ai,True,<泛类型>,公司法该条多涉及账簿管理责任。,会计/账务,(6-7) 泛型法条被AI分为具体分类'财税与金融监管'，应删除 | 原标记: <泛类型> | 法条: 《中国人民共和国公司法》第二百一十二条第二款
《中国人民共和国公司法》第十二条第一款,市场主体与登记治理,ai,True,<泛类型>,公司设立登记事项不规范相关。,无照经营/登记问题,(6-7) 泛型法条被AI分为具体分类'市场主体与登记治理'，应删除 | 原标记: <泛类型> | 法条: 《中国人民共和国公司法》第十二条第一款
《中国公民出境旅游合同》,消费者权益/市场秩序,ai,True,<泛类型>,旅游合同属消费合同关系纠纷。,消费者权益纠纷,(6-7) 泛型法条被AI分为具体分类'消费者权益/市场秩序'，应删除 | 原标记: <泛类型> | 法条: 《中国公民出境旅游合同》
《中国品牌展播》,公共文化与传媒,ai,True,<泛类型>,《中国品牌展播》属传媒宣传领域。,公共文化与传媒,(6-7) 泛型法条被AI分为具体分类'公共文化与传媒'，应删除 | 原标记: <泛类型> | 法条: 《中国品牌展播》
《中国商品条码系统成员证书》,市场秩序与竞争监管,ai,True,<泛类型>,涉及商品条码管理，属市场秩序管理。,消费者权益/市场秩序,(6-7) 泛型法条被AI分为具体分类'市场秩序与竞争监管'，应删除 | 原标记: <泛类型> | 法条: 《中国商品条码系统成员证书》
《中国期货业协会会员自律公约》第三条,金融/账户,ai,True,<泛类型>,期货业协会公约，属金融领域规范。,金融/账户,(6-7) 泛型法条被AI分为具体分类'金融/账户'，应删除 | 原标记: <泛类型> | 法条: 《中国期货业协会会员自律公约》第三条
《中国棉花加工》,*棉花加工管理*,ai,True,<泛类型>,依据《中国棉花加工》行业管理规范。,*棉花加工管理*,(6-6) AI分类含星号'*棉花加工管理*'，分类不确定 | 法条: 《中国棉花加工》
《中国注册会计师鉴证业务基本准则》第二十八条,财税与金融监管,ai,True,<泛类型>,《注册会计师鉴证业务》属会计审计规范。,会计/账务,(6-7) 泛型法条被AI分为具体分类'财税与金融监管'，应删除 | 原标记: <泛类型> | 法条: 《中国注册会计师鉴证业务基本准则》第二十八条
《中国现有化学物质名录》,安全生产,ai,True,<泛类型>,涉及化学物质名录管理，属危化品监管。,安全生产/危化品,(6-7) 泛型法条被AI分为具体分类'安全生产'，应删除 | 原标记: <泛类型> | 法条: 《中国现有化学物质名录》
《中国社会科学报》,公共文化与传媒,ai,True,<泛类型>,《中国社会科学报》属新闻传媒领域。,公共文化与传媒,(6-7) 泛型法条被AI分为具体分类'公共文化与传媒'，应删除 | 原标记: <泛类型> | 法条: 《中国社会科学报》
《中国移动通信客户入网服务协议》,消费者权益/市场秩序,ai,True,<泛类型>,《入网服务协议》系电信消费合同。,消费者权益纠纷,(6-7) 泛型法条被AI分为具体分类'消费者权益/市场秩序'，应删除 | 原标记: <泛类型> | 法条: 《中国移动通信客户入网服务协议》
《中国联合网络通信集团有限公司新疆维吾尔自治区分公司手机报业务合作协议》,公共文化与传媒,ai,True,<泛类型>,涉及手机报媒体业务合作协议。,公共文化与传媒,(6-7) 泛型法条被AI分为具体分类'公共文化与传媒'，应删除 | 原标记: <泛类型> | 法条: 《中国联合网络通信集团有限公司新疆维吾尔自治区分公司手机报业务合作协议》
《中国著名品牌》,市场秩序与竞争监管,ai,True,<泛类型>,《中国著名品牌》类认证宣传事项。,虚假广告/虚假宣传,(6-7) 泛型法条被AI分为具体分类'市场秩序与竞争监管'，应删除 | 原标记: <泛类型> | 法条: 《中国著名品牌》
《中国质量万里行杂志社》,公共文化与传媒,ai,True,<泛类型>,涉及杂志社出版传播管理事项。,公共文化与传媒,(6-7) 泛型法条被AI分为具体分类'公共文化与传媒'，应删除 | 原标记: <泛类型> | 法条: 《中国质量万里行杂志社》
《中国银幕》,公共文化与传媒,ai,True,<泛类型>,《中国银幕》属文化传媒领域刊物。,公共文化与传媒,(6-7) 泛型法条被AI分为具体分类'公共文化与传媒'，应删除 | 原标记: <泛类型> | 法条: 《中国银幕》
《中国银监会关于进一步加强信用风险管理的通知》,财税与金融监管,ai,True,<泛类型>,银监会信用风险管理规范，属信贷管理。,金融/信贷违规,(6-7) 泛型法条被AI分为具体分类'财税与金融监管'，应删除 | 原标记: <泛类型> | 法条: 《中国银监会关于进一步加强信用风险管理的通知》
《中国青年报》,公共文化与传媒,ai,True,<泛类型>,《中国青年报》属新闻出版传媒领域。,公共文化与传媒,(6-7) 泛型法条被AI分为具体分类'公共文化与传媒'，应删除 | 原标记: <泛类型> | 法条: 《中国青年报》
《中国驰名品牌》,市场秩序与竞争监管,ai,True,<泛类型>,《中国驰名品牌》常用于虚假宣传。,虚假广告/虚假宣传,(6-7) 泛型法条被AI分为具体分类'市场秩序与竞争监管'，应删除 | 原标记: <泛类型> | 法条: 《中国驰名品牌》
《中国骨科》,卫生健康,ai,True,<泛类型>,《中国骨科》为医学期刊，属医疗领域。,医疗卫生,(6-7) 泛型法条被AI分为具体分类'卫生健康'，应删除 | 原标记: <泛类型> | 法条: 《中国骨科》
《中外合资经营桐乡三力电机有限公司合同》,*合资合同管理*,ai,True,<泛类型>,涉中外合资经营合同内容约束。,*合资合同管理*,(6-6) AI分类含星号'*合资合同管理*'，分类不确定 | 法条: 《中外合资经营桐乡三力电机有限公司合同》
《中央电化教育馆教学资源库》,公共文化与传媒,ai,True,<泛类型>,《教学资源库》属公共文化教育平台。,公共文化与传媒,(6-7) 泛型法条被AI分为具体分类'公共文化与传媒'，应删除 | 原标记: <泛类型> | 法条: 《中央电化教育馆教学资源库》
《中小学生校服》,产品质量与安全,ai,True,<泛类型>,校服属纺织产品，侧重质量安全。,产品质量,(6-7) 泛型法条被AI分为具体分类'产品质量与安全'，应删除 | 原标记: <泛类型> | 法条: 《中小学生校服》
《中山市住房和城乡建设系统行政处罚自由裁量权标准》,建设工程与房地产,ai,True,<泛类型>,住建系统行政处罚标准，属建设工程。,建设工程,(6-5) 程序性 | 匹配模式: '行政处罚自由裁量权' | 法条: 《中山市住房和城乡建设系统行政处罚自由裁量权标准》
《中山市供水用水条例》第二十六条第(二)项、第(四)项,环境保护,ai,True,<泛类型>,属供水用水管理领域规定。,水资源,(6-7) 泛型法条被AI分为具体分类'环境保护'，应删除 | 原标记: <泛类型> | 法条: 《中山市供水用水条例》第二十六条第(二)项、第(四)项
《中山市建设用地规划条件变更批复书》,建设工程与房地产,ai,True,<泛类型>,涉及建设用地规划条件批复变更。,房地产/土地,(6-7) 泛型法条被AI分为具体分类'建设工程与房地产'，应删除 | 原标记: <泛类型> | 法条: 《中山市建设用地规划条件变更批复书》
《中山市水务局责令改正通知书》,环境保护,ai,True,<泛类型>,水务局责令改正，涉水资源管理。,水资源,(6-7) 泛型法条被AI分为具体分类'环境保护'，应删除 | 原标记: <泛类型> | 法条: 《中山市水务局责令改正通知书》
《中山市镇街综合行政执法事项目录(2023年版)》第116项,未年检登记,ai,True,<泛类型>,目录条款序号，多为登记年检类事项。,未年检登记,(6-7) 泛型法条被AI分为具体分类'未年检登记'，应删除 | 原标记: <泛类型> | 法条: 《中山市镇街综合行政执法事项目录(2023年版)》第116项
《中山日报》,公共文化与传媒,ai,True,<泛类型>,《中山日报》属新闻传媒领域。,公共文化与传媒,(6-7) 泛型法条被AI分为具体分类'公共文化与传媒'，应删除 | 原标记: <泛类型> | 法条: 《中山日报》
《中康项目部承包商HSE管理协议》,安全生产,ai,True,<泛类型>,HSE管理协议核心即安全生产管理。,安全生产,(6-7) 泛型法条被AI分为具体分类'安全生产'，应删除 | 原标记: <泛类型> | 法条: 《中康项目部承包商HSE管理协议》
《中标通知书》,建设工程与房地产,ai,True,<泛类型>,《中标通知书》属招投标范畴。,工程建设/招投标,(6-7) 泛型法条被AI分为具体分类'建设工程与房地产'，应删除 | 原标记: <泛类型> | 法条: 《中标通知书》
《中牟县水利局责令(限期)改正通知书》,环境保护,ai,True,<泛类型>,水利局责令改正，涉水资源管理。,水资源,(6-7) 泛型法条被AI分为具体分类'环境保护'，应删除 | 原标记: <泛类型> | 法条: 《中牟县水利局责令(限期)改正通知书》
《中牟县水利局责令停止水事违法行为通知书》,环境保护,ai,True,<泛类型>,水利局水事违法行为相关案件。,水资源,(6-7) 泛型法条被AI分为具体分类'环境保护'，应删除 | 原标记: <泛类型> | 法条: 《中牟县水利局责令停止水事违法行为通知书》
《中石化青云谱分公司水厂路加油站新建项目验收报告》,建设工程与房地产,ai,True,<泛类型>,《加油站新建项目验收报告》属建设工程。,建设工程,(6-7) 泛型法条被AI分为具体分类'建设工程与房地产'，应删除 | 原标记: <泛类型> | 法条: 《中石化青云谱分公司水厂路加油站新建项目验收报告》
《中空玻璃》,产品质量与安全,ai,True,<泛类型>,《中空玻璃》属产品质量标准规范。,产品质量,(6-7) 泛型法条被AI分为具体分类'产品质量与安全'，应删除 | 原标记: <泛类型> | 法条: 《中空玻璃》
《临时居住证》,治安管理,ai,True,<泛类型>,《暂住证》《居住证》属人口管理范畴。,治安管理,(6-7) 泛型法条被AI分为具体分类'治安管理'，应删除 | 原标记: <泛类型> | 法条: 《临时居住证》
《临时用地通知书》,建设工程与房地产,ai,True,<泛类型>,《临时用地通知书》涉及土地使用管理。,房地产/土地,(6-7) 泛型法条被AI分为具体分类'建设工程与房地产'，应删除 | 原标记: <泛类型> | 法条: 《临时用地通知书》
《临时用电防护》,安全生产,ai,True,<泛类型>,临时用电属施工现场安全用电管理。,安全生产,(6-7) 泛型法条被AI分为具体分类'安全生产'，应删除 | 原标记: <泛类型> | 法条: 《临时用电防护》
《临时线路牌》,交通运输,ai,True,<泛类型>,临时线路牌多用于交通线路设置管理。,交通运输违规,(6-7) 泛型法条被AI分为具体分类'交通运输'，应删除 | 原标记: <泛类型> | 法条: 《临时线路牌》
《临沂市城市管理局行政处罚裁量权基准》,其他,ai,True,<泛类型>,仅有标题无具体条款内容可判。,其他违法行为,(6-5) 程序性 | 匹配模式: '行政处罚裁量权' | 法条: 《临沂市城市管理局行政处罚裁量权基准》
《临沂市网络预约出租汽车经营服务管理实施细则》,交通运输,ai,True,<泛类型>,网约车经营管理细则，属交通运输监管。,交通运输违规,(6-7) 泛型法条被AI分为具体分类'交通运输'，应删除 | 原标记: <泛类型> | 法条: 《临沂市网络预约出租汽车经营服务管理实施细则》
《临沂市网络预约出租汽车经营服务管理实施细则》第十九条,交通运输,ai,True,<泛类型>,网约车管理细则属道路运输管理范畴。,交通运输违规,(6-7) 泛型法条被AI分为具体分类'交通运输'，应删除 | 原标记: <泛类型> | 法条: 《临沂市网络预约出租汽车经营服务管理实施细则》第十九条
《临海市市场监督管理局提示性公告》,市场秩序与竞争监管,ai,True,<泛类型>,市场监管局公告，多涉市场秩序问题。,消费者权益/市场秩序,(6-7) 泛型法条被AI分为具体分类'市场秩序与竞争监管'，应删除 | 原标记: <泛类型> | 法条: 《临海市市场监督管理局提示性公告》
《临海市长期停业未经营企业名单》,市场主体与登记治理,ai,True,<泛类型>,列入长期停业未经营企业名单。,未开业/自行停业,(6-7) 泛型法条被AI分为具体分类'市场主体与登记治理'，应删除 | 原标记: <泛类型> | 法条: 《临海市长期停业未经营企业名单》
《临高县总体规划(空间类2015-2030年)》,建设工程与房地产,ai,True,<泛类型>,涉及县域总体规划与土地利用。,房地产/土地,(6-7) 泛型法条被AI分为具体分类'建设工程与房地产'，应删除 | 原标记: <泛类型> | 法条: 《临高县总体规划(空间类2015-2030年)》
《主提升机检修记录薄》,安全生产,ai,True,<泛类型>,主提升机属矿山设备，关系生产安全。,安全生产,(6-7) 泛型法条被AI分为具体分类'安全生产'，应删除 | 原标记: <泛类型> | 法条: 《主提升机检修记录薄》
《主营业务收入科目余额表》,财税与金融监管,ai,True,<泛类型>,《科目余额表》属会计核算范畴。,会计/账务,(6-7) 泛型法条被AI分为具体分类'财税与金融监管'，应删除 | 原标记: <泛类型> | 法条: 《主营业务收入科目余额表》
《主要使用机械(进)场报审表》,建设工程与房地产,ai,True,<泛类型>,工程施工机械进场报审表属建设管理。,建设工程,(6-7) 泛型法条被AI分为具体分类'建设工程与房地产'，应删除 | 原标记: <泛类型> | 法条: 《主要使用机械(进)场报审表》
《丽水市卫生行政处罚缴款通知单》,卫生健康,ai,True,<泛类型>,为卫生行政处罚文书，属医疗卫生。,医疗卫生,(6-7) 泛型法条被AI分为具体分类'卫生健康'，应删除 | 原标记: <泛类型> | 法条: 《丽水市卫生行政处罚缴款通知单》
《义乌秉稳商贸有限公司“8·3”一般高处坠落事故调查报告》,安全生产,ai,True,<泛类型>,高处坠落事故，典型生产安全责任事故。,安全生产,(6-7) 泛型法条被AI分为具体分类'安全生产'，应删除 | 原标记: <泛类型> | 法条: 《义乌秉稳商贸有限公司“8·3”一般高处坠落事故调查报告》
《乌鲁木齐市规范行政处罚自由裁量权办法》第九条第二项,*行政处罚裁量*,ai,True,<泛类型>,规范自由裁量权行使方式相关。,*行政处罚裁量*,(6-5) 程序性 | 匹配模式: '行政处罚自由裁量权' | 法条: 《乌鲁木齐市规范行政处罚自由裁量权办法》第九条第二项
《乐清市市场监督管理局常见违法行为行政处罚自由裁量权参照执行标准》第七章第一条第(二)款第3项,市场秩序与竞争监管,ai,True,<泛类型>,属市场监管领域，一般调整市场秩序。,消费者权益/市场秩序,(6-5) 程序性 | 匹配模式: '行政处罚自由裁量权' | 法条: 《乐清市市场监督管理局常见违法行为行政处罚自由裁量权参照执行标准》第七章第一条第(二)款第3项
《乐清市市场监督管理局常见违法行为行政处罚自由裁量权参照执行标准》第五章第一条第(二)项,市场秩序与竞争监管,ai,True,<泛类型>,属市场监管部门规范市场交易秩序职责。,消费者权益/市场秩序,(6-5) 程序性 | 匹配模式: '行政处罚自由裁量权' | 法条: 《乐清市市场监督管理局常见违法行为行政处罚自由裁量权参照执行标准》第五章第一条第(二)项
《乐清市市场监督管理局行政处罚自由裁量权参照标准》第十章第十一条第（二）项,*行政处罚裁量*,ai,True,<泛类型>,《处罚自由裁量权参照标准》内容。,*行政处罚裁量*,(6-5) 程序性 | 匹配模式: '行政处罚自由裁量权' | 法条: 《乐清市市场监督管理局行政处罚自由裁量权参照标准》第十章第十一条第（二）项
《乐清市市场监督管理局行政处罚自由裁量权适用规定》第十二条第一款第(二)项,市场秩序与竞争监管,ai,True,<泛类型>,市场监管机关裁量规定，侧重市场秩序。,消费者权益/市场秩序,(6-5) 程序性 | 匹配模式: '行政处罚自由裁量权' | 法条: 《乐清市市场监督管理局行政处罚自由裁量权适用规定》第十二条第一款第(二)项
《乐清市市场监督管理局行政处罚自由裁量权适用规定》第十二条第一款第（二）项,其他,ai,True,<泛类型>,仅给出条款序号，无法判断类型。,其他违法行为,(6-5) 程序性 | 匹配模式: '行政处罚自由裁量权' | 法条: 《乐清市市场监督管理局行政处罚自由裁量权适用规定》第十二条第一款第（二）项
《乐清市市场监督管理局行政处罚自由裁量权适用规定》第十四条第(一)项,其他,ai,True,<泛类型>,仅给出条款编号，无法判断具体类型。,其他违法行为,(6-5) 程序性 | 匹配模式: '行政处罚自由裁量权' | 法条: 《乐清市市场监督管理局行政处罚自由裁量权适用规定》第十四条第(一)项
《买卖合同》,消费者权益/市场秩序,ai,True,<泛类型>,买卖合同纠纷通常属消费权益问题。,消费者权益纠纷,(6-7) 泛型法条被AI分为具体分类'消费者权益/市场秩序'，应删除 | 原标记: <泛类型> | 法条: 《买卖合同》
《事故和事件管理规定》,安全生产,ai,True,<泛类型>,涉及事故和事件管理规定，属安全生产。,安全生产,(6-7) 泛型法条被AI分为具体分类'安全生产'，应删除 | 原标记: <泛类型> | 法条: 《事故和事件管理规定》
《二复合涂膜水泥编织袋购销合同》,消费者权益/市场秩序,ai,True,<泛类型>,《购销合同》引发买卖合同争议。,消费者权益纠纷,(6-7) 泛型法条被AI分为具体分类'消费者权益/市场秩序'，应删除 | 原标记: <泛类型> | 法条: 《二复合涂膜水泥编织袋购销合同》
《二采区优化设计说明书》,安全生产,ai,True,<泛类型>,矿井采区设计说明通常属安全生产规制。,安全生产,(6-7) 泛型法条被AI分为具体分类'安全生产'，应删除 | 原标记: <泛类型> | 法条: 《二采区优化设计说明书》
《云南省国土资源行政处罚自由裁量权执行标准》,建设工程与房地产,ai,True,<泛类型>,依据国土资源处罚标准，属土地类。,房地产/土地,(6-5) 程序性 | 匹配模式: '行政处罚自由裁量权' | 法条: 《云南省国土资源行政处罚自由裁量权执行标准》
《云南省城市出租汽车管理办法》第三十五条第二项的规定“违反二十条,交通运输,ai,True,<泛类型>,出租汽车管理办法属城市交通运输管理。,交通运输违规,(6-7) 泛型法条被AI分为具体分类'交通运输'，应删除 | 原标记: <泛类型> | 法条: 《云南省城市出租汽车管理办法》第三十五条第二项的规定“违反二十条
《云南省城市出租汽车管理办法》第二十条第六项,交通运输,ai,True,<泛类型>,属出租汽车管理细则，属交通运输。,交通运输违规,(6-7) 泛型法条被AI分为具体分类'交通运输'，应删除 | 原标记: <泛类型> | 法条: 《云南省城市出租汽车管理办法》第二十条第六项
《云南省市场监督管理行政处罚裁量权适用规则》,其他,ai,True,<泛类型>,仅为总则性规则名称，信息不足。,其他违法行为,(6-5) 程序性 | 匹配模式: '行政处罚裁量权' | 法条: 《云南省市场监督管理行政处罚裁量权适用规则》
《云南省市场监督管理行政处罚裁量权适用规则》第五条、第六条、第八条第(二)项、第十条第(一)项,市场秩序与竞争监管,ai,True,<泛类型>,规范市场监管裁量权，属市场秩序类。,消费者权益/市场秩序,(6-5) 程序性 | 匹配模式: '行政处罚裁量权' | 法条: 《云南省市场监督管理行政处罚裁量权适用规则》第五条、第六条、第八条第(二)项、第十条第(一)项
《云南省市场监督管理行政处罚裁量权适用规则》第八条,其他,ai,True,<泛类型>,仅条号无具体内容，无法对应细类。,其他违法行为,(6-5) 程序性 | 匹配模式: '行政处罚裁量权' | 法条: 《云南省市场监督管理行政处罚裁量权适用规则》第八条
《云南省市场监督管理行政处罚裁量权适用规则》第六条第（二）项,其他,ai,True,<泛类型>,仅给出条款序号，无法判断具体领域。,其他违法行为,(6-5) 程序性 | 匹配模式: '行政处罚裁量权' | 法条: 《云南省市场监督管理行政处罚裁量权适用规则》第六条第（二）项
《云南省市场监督管理行政处罚裁量权适用规则》第十条,其他,ai,True,<泛类型>,仅给出条号，无具体内容可判。,其他违法行为,(6-5) 程序性 | 匹配模式: '行政处罚裁量权' | 法条: 《云南省市场监督管理行政处罚裁量权适用规则》第十条
《云南省建筑市场管理条例》第十九条,建设工程与房地产,ai,True,<泛类型>,属建筑市场管理规范内容。,建设工程,(6-7) 泛型法条被AI分为具体分类'建设工程与房地产'，应删除 | 原标记: <泛类型> | 法条: 《云南省建筑市场管理条例》第十九条
《云南省建筑市场管理条例》第四十条,建设工程与房地产,ai,True,<泛类型>,针对建筑市场管理，属建设工程。,建设工程,(6-7) 泛型法条被AI分为具体分类'建设工程与房地产'，应删除 | 原标记: <泛类型> | 法条: 《云南省建筑市场管理条例》第四十条
《云南省查处生产销售伪劣商品行为条例》,产品质量与安全,ai,True,<泛类型>,《查处生产销售伪劣商品》属产品质量监管。,产品质量,(6-7) 泛型法条被AI分为具体分类'产品质量与安全'，应删除 | 原标记: <泛类型> | 法条: 《云南省查处生产销售伪劣商品行为条例》
《云南省滇池保护条例》第五十三条第一项的规定,环境保护,ai,True,<泛类型>,滇池保护条例属地方环境保护法规。,环境保护,(6-7) 泛型法条被AI分为具体分类'环境保护'，应删除 | 原标记: <泛类型> | 法条: 《云南省滇池保护条例》第五十三条第一项的规定
《云浮日报》,公共文化与传媒,ai,True,<泛类型>,《云浮日报》属新闻传媒领域。,公共文化与传媒,(6-7) 泛型法条被AI分为具体分类'公共文化与传媒'，应删除 | 原标记: <泛类型> | 法条: 《云浮日报》
《互联网上网服务营业场所管理条例》第三十三条第(一)项,公共文化与传媒,ai,True,<泛类型>,网吧管理条例属公共文化场所监管。,公共文化与传媒,(6-7) 泛型法条被AI分为具体分类'公共文化与传媒'，应删除 | 原标记: <泛类型> | 法条: 《互联网上网服务营业场所管理条例》第三十三条第(一)项
《互联网上网服务营业场所管理条例》第三十二条,公共文化与传媒,ai,True,<泛类型>,网吧管理属文化市场领域监管。,公共文化与传媒,(6-7) 泛型法条被AI分为具体分类'公共文化与传媒'，应删除 | 原标记: <泛类型> | 法条: 《互联网上网服务营业场所管理条例》第三十二条
《互联网上网服务营业场所管理条例》第三十二条第(二)项,公共文化与传媒,ai,True,<泛类型>,网吧管理条例属文化互联网场所管理。,公共文化与传媒,(6-7) 泛型法条被AI分为具体分类'公共文化与传媒'，应删除 | 原标记: <泛类型> | 法条: 《互联网上网服务营业场所管理条例》第三十二条第(二)项
《互联网上网服务营业场所管理条例》第二十一条第一款,公共文化与传媒,ai,True,<泛类型>,《网吧管理条例》属文化出版监管,公共文化与传媒,(6-7) 泛型法条被AI分为具体分类'公共文化与传媒'，应删除 | 原标记: <泛类型> | 法条: 《互联网上网服务营业场所管理条例》第二十一条第一款
《互联网上网服务营业场所管理条例》第二十一条第二款,公共文化与传媒,ai,True,<泛类型>,网吧管理条例属网络文化经营管理。,公共文化与传媒,(6-7) 泛型法条被AI分为具体分类'公共文化与传媒'，应删除 | 原标记: <泛类型> | 法条: 《互联网上网服务营业场所管理条例》第二十一条第二款
《互联网上网服务营业场所管理条例》第二十三条,公共文化与传媒,ai,True,<泛类型>,网吧管理条例属文化市场监管范围。,公共文化与传媒,(6-7) 泛型法条被AI分为具体分类'公共文化与传媒'，应删除 | 原标记: <泛类型> | 法条: 《互联网上网服务营业场所管理条例》第二十三条
《互联网文化管理暂行规定》第二十四条第一款“经营性互联网文化单位违反本规定第十三条,公共文化与传媒,ai,True,<泛类型>,互联网文化内容管理，属文化传媒领域。,公共文化与传媒,(6-7) 泛型法条被AI分为具体分类'公共文化与传媒'，应删除 | 原标记: <泛类型> | 法条: 《互联网文化管理暂行规定》第二十四条第一款“经营性互联网文化单位违反本规定第十三条
《互联网文化管理暂行规定》第十三条第一款,公共文化与传媒,ai,True,<泛类型>,《互联网文化管理暂行规定》属文化管理规制。,公共文化与传媒,(6-7) 泛型法条被AI分为具体分类'公共文化与传媒'，应删除 | 原标记: <泛类型> | 法条: 《互联网文化管理暂行规定》第十三条第一款
《互联网文化管理暂行规定》第十六条,公共文化与传媒,ai,True,<泛类型>,互联网文化管理规定，属文化传媒监管。,公共文化与传媒,(6-7) 泛型法条被AI分为具体分类'公共文化与传媒'，应删除 | 原标记: <泛类型> | 法条: 《互联网文化管理暂行规定》第十六条
《互联网文化管理暂行规定》第十六条第(七)项,公共文化与传媒,ai,True,<泛类型>,互联网文化管理规定属文化传播管理。,公共文化与传媒,(6-7) 泛型法条被AI分为具体分类'公共文化与传媒'，应删除 | 原标记: <泛类型> | 法条: 《互联网文化管理暂行规定》第十六条第(七)项
《互联网文化管理暂行规定》第十六条第(九)项,公共文化与传媒,ai,True,<泛类型>,互联网文化内容管理规范，属文化传媒。,公共文化与传媒,(6-7) 泛型法条被AI分为具体分类'公共文化与传媒'，应删除 | 原标记: <泛类型> | 法条: 《互联网文化管理暂行规定》第十六条第(九)项
《互联网视听节目服务管理规定》第十四条、第十六条第（七）项、第（十）项,公共文化与传媒,ai,True,<泛类型>,规制互联网视听节目服务行为。,公共文化与传媒,(6-7) 泛型法条被AI分为具体分类'公共文化与传媒'，应删除 | 原标记: <泛类型> | 法条: 《互联网视听节目服务管理规定》第十四条、第十六条第（七）项、第（十）项
《五一大放价 置业黄金周》,市场秩序与竞争监管,ai,True,<泛类型>,《五一大放价》疑为优惠宣传广告。,虚假广告/虚假宣传,(6-7) 泛型法条被AI分为具体分类'市场秩序与竞争监管'，应删除 | 原标记: <泛类型> | 法条: 《五一大放价 置业黄金周》
《五采区瓦斯参数测定巷掘进工作面作业规程》,安全生产,ai,True,<泛类型>,矿井作业规程属生产安全管理规范。,安全生产,(6-7) 泛型法条被AI分为具体分类'安全生产'，应删除 | 原标记: <泛类型> | 法条: 《五采区瓦斯参数测定巷掘进工作面作业规程》
《井下没有标示卡人员名单表》,安全生产,ai,True,<泛类型>,涉及井下作业人员安全管理。,安全生产,(6-7) 泛型法条被AI分为具体分类'安全生产'，应删除 | 原标记: <泛类型> | 法条: 《井下没有标示卡人员名单表》
《亚可多吉牦牛奶销售台账》,财税与金融监管,ai,True,<泛类型>,牵涉销售台账记录与管理问题。,会计/账务,(6-7) 泛型法条被AI分为具体分类'财税与金融监管'，应删除 | 原标记: <泛类型> | 法条: 《亚可多吉牦牛奶销售台账》
《亚可多吉纯牛奶（200ml）成品出入库记录》,产品质量与安全,ai,True,<泛类型>,与乳制品生产流通及安全监管相关。,食品药品,(6-7) 泛型法条被AI分为具体分类'产品质量与安全'，应删除 | 原标记: <泛类型> | 法条: 《亚可多吉纯牛奶（200ml）成品出入库记录》
《交房流程单》,建设工程与房地产,ai,True,<泛类型>,交房流程涉及房屋交付管理。,房地产/土地,(6-7) 泛型法条被AI分为具体分类'建设工程与房地产'，应删除 | 原标记: <泛类型> | 法条: 《交房流程单》
《交流电风扇和调速器》,产品质量与安全,ai,True,<泛类型>,为电器产品标准，涉及产品质量。,产品质量,(6-7) 泛型法条被AI分为具体分类'产品质量与安全'，应删除 | 原标记: <泛类型> | 法条: 《交流电风扇和调速器》
《交部令62号》第43条,交通运输,ai,True,<泛类型>,依据交通运输部令内容，属交通管理。,交通运输违规,(6-7) 泛型法条被AI分为具体分类'交通运输'，应删除 | 原标记: <泛类型> | 法条: 《交部令62号》第43条
《产业结构调整指导目录(2019年本)》,*产业结构调整*,ai,True,<泛类型>,依据产业结构调整指导目录内容。,*产业结构调整*,(6-6) AI分类含星号'*产业结构调整*'，分类不确定 | 法条: 《产业结构调整指导目录(2019年本)》
《产业结构调整指导目录（2019年本）》,*产业结构调整管理*,ai,True,<泛类型>,仅涉及产业结构调整指导目录。,*产业结构调整管理*,(6-6) AI分类含星号'*产业结构调整管理*'，分类不确定 | 法条: 《产业结构调整指导目录（2019年本）》
《产前诊断技术管理办法》第三十条、,卫生健康,ai,True,<泛类型>,《产前诊断技术管理办法》属医疗管理规制。,医疗卫生,(6-7) 泛型法条被AI分为具体分类'卫生健康'，应删除 | 原标记: <泛类型> | 法条: 《产前诊断技术管理办法》第三十条、
《产前诊断技术管理办法》第十一条、,卫生健康,ai,True,<泛类型>,产前诊断技术管理，属医疗卫生监管。,医疗卫生,(6-7) 泛型法条被AI分为具体分类'卫生健康'，应删除 | 原标记: <泛类型> | 法条: 《产前诊断技术管理办法》第十一条、
《产品保养服务合同》,消费者权益/市场秩序,ai,True,<泛类型>,涉及产品保养服务合同纠纷问题。,消费者权益纠纷,(6-7) 泛型法条被AI分为具体分类'消费者权益/市场秩序'，应删除 | 原标记: <泛类型> | 法条: 《产品保养服务合同》
《产品入库台账》,财税与金融监管,ai,True,<泛类型>,《产品入库台账》属账簿记录管理。,会计/账务,(6-7) 泛型法条被AI分为具体分类'财税与金融监管'，应删除 | 原标记: <泛类型> | 法条: 《产品入库台账》
《产品召回公告》,产品质量与安全,ai,True,<泛类型>,产品召回公告本质反映产品质量问题。,产品质量,(6-7) 泛型法条被AI分为具体分类'产品质量与安全'，应删除 | 原标记: <泛类型> | 法条: 《产品召回公告》
《产品召回情况说明》,产品质量与安全,ai,True,<泛类型>,《产品召回情况说明》属质量问题。,产品质量,(6-7) 泛型法条被AI分为具体分类'产品质量与安全'，应删除 | 原标记: <泛类型> | 法条: 《产品召回情况说明》
《产品召回明细》,产品质量与安全,ai,True,<泛类型>,产品召回本质属产品质量问题。,产品质量,(6-7) 泛型法条被AI分为具体分类'产品质量与安全'，应删除 | 原标记: <泛类型> | 法条: 《产品召回明细》
《产品召回记录》,产品质量与安全,ai,True,<泛类型>,涉及产品召回管理，属质量问题。,产品质量,(6-7) 泛型法条被AI分为具体分类'产品质量与安全'，应删除 | 原标记: <泛类型> | 法条: 《产品召回记录》
《产品召回通告》,产品质量与安全,ai,True,<泛类型>,产品召回通常源于产品质量缺陷。,产品质量,(6-7) 泛型法条被AI分为具体分类'产品质量与安全'，应删除 | 原标记: <泛类型> | 法条: 《产品召回通告》
《产品召回通知》,产品质量与安全,ai,True,<泛类型>,产品召回属于产品质量问题监管。,产品质量,(6-7) 泛型法条被AI分为具体分类'产品质量与安全'，应删除 | 原标记: <泛类型> | 法条: 《产品召回通知》
《产品召回通知书》,产品质量与安全,ai,True,<泛类型>,《产品召回通知书》直接指向质量问题。,产品质量,(6-7) 泛型法条被AI分为具体分类'产品质量与安全'，应删除 | 原标记: <泛类型> | 法条: 《产品召回通知书》
《产品合格证》,产品质量与安全,ai,True,<泛类型>,产品合格证直接对应产品质量管理。,产品质量,(6-7) 泛型法条被AI分为具体分类'产品质量与安全'，应删除 | 原标记: <泛类型> | 法条: 《产品合格证》
《产品技术要求》,产品质量与安全,ai,True,<泛类型>,仅提及产品技术要求，指向产品质量。,产品质量,(6-7) 泛型法条被AI分为具体分类'产品质量与安全'，应删除 | 原标记: <泛类型> | 法条: 《产品技术要求》
《产品标准装配工艺规程》,产品质量与安全,ai,True,<泛类型>,与产品标准及装配工艺规范相关。,产品质量,(6-7) 泛型法条被AI分为具体分类'产品质量与安全'，应删除 | 原标记: <泛类型> | 法条: 《产品标准装配工艺规程》
《产品标牌》,产品质量与安全,ai,True,<泛类型>,《产品标牌》规范产品标识质量。,产品质量,(6-7) 泛型法条被AI分为具体分类'产品质量与安全'，应删除 | 原标记: <泛类型> | 法条: 《产品标牌》
《产品生、销统计表》,统计相关,ai,True,<泛类型>,《产品生、销统计表》属统计报表管理。,统计相关,(6-7) 泛型法条被AI分为具体分类'统计相关'，应删除 | 原标记: <泛类型> | 法条: 《产品生、销统计表》
《产品生产台账》,财税与金融监管,ai,True,<泛类型>,《产品生产台账》属生产记账管理。,会计/账务,(6-7) 泛型法条被AI分为具体分类'财税与金融监管'，应删除 | 原标记: <泛类型> | 法条: 《产品生产台账》
《产品生产通知单》,产品质量与安全,ai,True,<泛类型>,涉及产品生产管理文件，指向产品质量。,产品质量,(6-7) 泛型法条被AI分为具体分类'产品质量与安全'，应删除 | 原标记: <泛类型> | 法条: 《产品生产通知单》
《产品经销合同》,消费者权益/市场秩序,ai,True,<泛类型>,产品经销合同纠纷属消费领域。,消费者权益纠纷,(6-7) 泛型法条被AI分为具体分类'消费者权益/市场秩序'，应删除 | 原标记: <泛类型> | 法条: 《产品经销合同》
《产品订购合同书》,消费者权益/市场秩序,ai,True,<泛类型>,产品订购合同纠纷，属消费合同。,消费者权益纠纷,(6-7) 泛型法条被AI分为具体分类'消费者权益/市场秩序'，应删除 | 原标记: <泛类型> | 法条: 《产品订购合同书》
"《产品订购合同书》第十顶的""其他约定事项",消费者权益/市场秩序,ai,True,<泛类型>,产品订购合同约定事项引发履约纠纷。,消费者权益纠纷,"(6-7) 泛型法条被AI分为具体分类'消费者权益/市场秩序'，应删除 | 原标记: <泛类型> | 法条: 《产品订购合同书》第十顶的""其他约定事项"
《产品购销合同》,消费者权益/市场秩序,ai,True,<泛类型>,《产品购销合同》多涉买卖合同纠纷。,消费者权益纠纷,(6-7) 泛型法条被AI分为具体分类'消费者权益/市场秩序'，应删除 | 原标记: <泛类型> | 法条: 《产品购销合同》
《产品鉴定证明书》,产品质量与安全,ai,True,<泛类型>,《产品鉴定证明书》系产品质量鉴定依据。,产品质量,(6-7) 泛型法条被AI分为具体分类'产品质量与安全'，应删除 | 原标记: <泛类型> | 法条: 《产品鉴定证明书》
《产品销售台账》,财税与金融监管,ai,True,<泛类型>,产品销售台账属账簿记录管理。,会计/账务,(6-7) 泛型法条被AI分为具体分类'财税与金融监管'，应删除 | 原标记: <泛类型> | 法条: 《产品销售台账》
《产品销售合同》,消费者权益/市场秩序,ai,True,<泛类型>,产品销售合同本质为消费合同纠纷。,消费者权益纠纷,(6-7) 泛型法条被AI分为具体分类'消费者权益/市场秩序'，应删除 | 原标记: <泛类型> | 法条: 《产品销售合同》
《产品销售记录表》,市场秩序与竞争监管,ai,True,<泛类型>,产品销售记录管理关系市场交易秩序。,消费者权益/市场秩序,(6-7) 泛型法条被AI分为具体分类'市场秩序与竞争监管'，应删除 | 原标记: <泛类型> | 法条: 《产品销售记录表》
《产成品入库单》,财税与金融监管,ai,True,<泛类型>,产成品入库单属企业财务票据。,会计/账务,(6-7) 泛型法条被AI分为具体分类'财税与金融监管'，应删除 | 原标记: <泛类型> | 法条: 《产成品入库单》
《产生基流的生活用水明细》,环境保护,ai,True,<泛类型>,涉及产生基流的生活用水明细管理。,水资源,(6-7) 泛型法条被AI分为具体分类'环境保护'，应删除 | 原标记: <泛类型> | 法条: 《产生基流的生活用水明细》
《亲和苑商业房转供电代收代缴协议》,市场秩序与竞争监管,ai,True,<泛类型>,电费转供电代收代缴，属收费问题。,价格/收费,(6-7) 泛型法条被AI分为具体分类'市场秩序与竞争监管'，应删除 | 原标记: <泛类型> | 法条: 《亲和苑商业房转供电代收代缴协议》
《亳州晚报》,公共文化与传媒,ai,True,<泛类型>,《亳州晚报》属新闻传媒领域。,公共文化与传媒,(6-7) 泛型法条被AI分为具体分类'公共文化与传媒'，应删除 | 原标记: <泛类型> | 法条: 《亳州晚报》
《人人乐集团订货单》,市场秩序与竞争监管,ai,True,<泛类型>,订货单格式多用于规范市场交易秩序。,消费者权益/市场秩序,(6-7) 泛型法条被AI分为具体分类'市场秩序与竞争监管'，应删除 | 原标记: <泛类型> | 法条: 《人人乐集团订货单》
《人民币管理条例》,金融/账户,ai,True,<泛类型>,《人民币管理条例》属货币及账户管理。,金融/账户,(6-7) 泛型法条被AI分为具体分类'金融/账户'，应删除 | 原标记: <泛类型> | 法条: 《人民币管理条例》
《人造板及饰面人造板理化性能试验方法》,产品质量与安全,ai,True,<泛类型>,涉及人造板产品质量检测标准。,产品质量,(6-7) 泛型法条被AI分为具体分类'产品质量与安全'，应删除 | 原标记: <泛类型> | 法条: 《人造板及饰面人造板理化性能试验方法》
《人防法》,建设工程与房地产,ai,True,<泛类型>,《人民防空法》主要规制建设工程。,建设工程,(6-7) 泛型法条被AI分为具体分类'建设工程与房地产'，应删除 | 原标记: <泛类型> | 法条: 《人防法》
《仁怀市计量测试所检定证书》,计量/器具,ai,True,<泛类型>,《计量测试所检定证书》涉及计量检定。,计量/器具,(6-7) 泛型法条被AI分为具体分类'计量/器具'，应删除 | 原标记: <泛类型> | 法条: 《仁怀市计量测试所检定证书》
《今晚报》,公共文化与传媒,ai,True,<泛类型>,《今晚报》属报纸传媒领域监管。,公共文化与传媒,(6-7) 泛型法条被AI分为具体分类'公共文化与传媒'，应删除 | 原标记: <泛类型> | 法条: 《今晚报》
《从业资格》,交通运输,ai,True,<泛类型>,《从业资格》多指运输从业资格。,交通运输违规,(6-7) 泛型法条被AI分为具体分类'交通运输'，应删除 | 原标记: <泛类型> | 法条: 《从业资格》
《仓储保管合同》,市场秩序与竞争监管,ai,True,<泛类型>,《合同》规范仓储保管服务交易秩序。,消费者权益/市场秩序,(6-7) 泛型法条被AI分为具体分类'市场秩序与竞争监管'，应删除 | 原标记: <泛类型> | 法条: 《仓储保管合同》
《仓库委托管理合同》,市场秩序与竞争监管,ai,True,<泛类型>,《合同》规范仓储委托管理行为。,消费者权益/市场秩序,(6-7) 泛型法条被AI分为具体分类'市场秩序与竞争监管'，应删除 | 原标记: <泛类型> | 法条: 《仓库委托管理合同》
《仓库管理制度》,*仓储管理违规*,ai,True,<泛类型>,涉及仓库管理制度执行问题。,*仓储管理违规*,(6-6) AI分类含星号'*仓储管理违规*'，分类不确定 | 法条: 《仓库管理制度》
《他项权证》,建设工程与房地产,ai,True,<泛类型>,《他项权证》系不动产抵押登记凭证。,房地产/土地,(6-7) 泛型法条被AI分为具体分类'建设工程与房地产'，应删除 | 原标记: <泛类型> | 法条: 《他项权证》
《付款申请单》,财税与金融监管,ai,True,<泛类型>,《付款申请单》属内部财务票据。,会计/账务,(6-7) 泛型法条被AI分为具体分类'财税与金融监管'，应删除 | 原标记: <泛类型> | 法条: 《付款申请单》
《代理销售合同》,消费者权益/市场秩序,ai,True,<泛类型>,《代理销售合同》属合同交易关系。,消费者权益纠纷,(6-7) 泛型法条被AI分为具体分类'消费者权益/市场秩序'，应删除 | 原标记: <泛类型> | 法条: 《代理销售合同》
《企业事业单位内部治安保卫工作条例》,治安管理,ai,True,<泛类型>,与内部治安保卫工作直接相关。,治安管理,(6-7) 泛型法条被AI分为具体分类'治安管理'，应删除 | 原标记: <泛类型> | 法条: 《企业事业单位内部治安保卫工作条例》
《企业事业单位内部治安保卫工作条例》第十九条第一款,治安管理,ai,True,<泛类型>,属内部治安保卫工作管理范畴。,治安管理,(6-7) 泛型法条被AI分为具体分类'治安管理'，应删除 | 原标记: <泛类型> | 法条: 《企业事业单位内部治安保卫工作条例》第十九条第一款
《企业事业单位内部治安保卫条例》,治安管理,ai,True,<泛类型>,内部治安保卫条例，属治安管理范畴。,治安管理,(6-7) 泛型法条被AI分为具体分类'治安管理'，应删除 | 原标记: <泛类型> | 法条: 《企业事业单位内部治安保卫条例》
《企业事业单位内部治安保卫条例》第七条第（二）项、第十九条,治安管理,ai,True,<泛类型>,依据内部治安保卫条例，属治安管理。,治安管理,(6-7) 泛型法条被AI分为具体分类'治安管理'，应删除 | 原标记: <泛类型> | 法条: 《企业事业单位内部治安保卫条例》第七条第（二）项、第十九条
《企业事业单位内部治安保卫条例》第九条,治安管理,ai,True,<泛类型>,内部治安保卫条例属单位治安管理。,治安管理,(6-7) 泛型法条被AI分为具体分类'治安管理'，应删除 | 原标记: <泛类型> | 法条: 《企业事业单位内部治安保卫条例》第九条
《企业事业单位内部治安保卫条例》第八条第一款第(一)项、第十九条,治安管理,ai,True,<泛类型>,《内部治安保卫条例》属治安管理规章。,治安管理,(6-7) 泛型法条被AI分为具体分类'治安管理'，应删除 | 原标记: <泛类型> | 法条: 《企业事业单位内部治安保卫条例》第八条第一款第(一)项、第十九条
《企业事业单位内部治安保卫条例》第八条第一款第一项规定,治安管理,ai,True,<泛类型>,内部治安保卫条例本质属治安管理。,治安管理,(6-7) 泛型法条被AI分为具体分类'治安管理'，应删除 | 原标记: <泛类型> | 法条: 《企业事业单位内部治安保卫条例》第八条第一款第一项规定
《企业事业单位内部治安保卫条例》第八条第一款第（一）项、第十一条第（二）项,治安管理,ai,True,<泛类型>,内部治安保卫条例，属治安管理。,治安管理,(6-7) 泛型法条被AI分为具体分类'治安管理'，应删除 | 原标记: <泛类型> | 法条: 《企业事业单位内部治安保卫条例》第八条第一款第（一）项、第十一条第（二）项
《企业事业单位内部治安保卫条例》第六条第一款,治安管理,ai,True,<泛类型>,内部治安保卫条例，属治安管理。,治安管理,(6-7) 泛型法条被AI分为具体分类'治安管理'，应删除 | 原标记: <泛类型> | 法条: 《企业事业单位内部治安保卫条例》第六条第一款
《企业事业单位内部治安保卫条例》第十一条第一款、第十九条,治安管理,ai,True,<泛类型>,针对单位内部治安保卫义务与责任。,治安管理,(6-7) 泛型法条被AI分为具体分类'治安管理'，应删除 | 原标记: <泛类型> | 法条: 《企业事业单位内部治安保卫条例》第十一条第一款、第十九条
《企业事业单位内部治安保卫条例》第十九条,治安管理,ai,True,<泛类型>,内部治安保卫职责，属治安管理。,治安管理,(6-7) 泛型法条被AI分为具体分类'治安管理'，应删除 | 原标记: <泛类型> | 法条: 《企业事业单位内部治安保卫条例》第十九条
《企业事业单位内部治安保卫条例》第十九条,治安管理,ai,True,<泛类型>,条例规范单位内部治安保卫行为。,治安管理,(6-7) 泛型法条被AI分为具体分类'治安管理'，应删除 | 原标记: <泛类型> | 法条: 《企业事业单位内部治安保卫条例》第十九条
《企业事业单位内部治安保卫条例》第十九条、,治安管理,ai,True,<泛类型>,《内部治安保卫条例》直接对应治安管理。,治安管理,(6-7) 泛型法条被AI分为具体分类'治安管理'，应删除 | 原标记: <泛类型> | 法条: 《企业事业单位内部治安保卫条例》第十九条、
《企业事业单位内部治安保卫条例》第十九条、第十一条,治安管理,ai,True,<泛类型>,依据内部治安保卫条例，属治安管理。,治安管理,(6-7) 泛型法条被AI分为具体分类'治安管理'，应删除 | 原标记: <泛类型> | 法条: 《企业事业单位内部治安保卫条例》第十九条、第十一条
《企业事业单位内部治安保卫条例》第十九条之规定,治安管理,ai,True,<泛类型>,内部治安保卫条例属治安管理范畴。,治安管理,(6-7) 泛型法条被AI分为具体分类'治安管理'，应删除 | 原标记: <泛类型> | 法条: 《企业事业单位内部治安保卫条例》第十九条之规定
《企业事业单位内部治安保卫条例》第十九条第一款,治安管理,ai,True,<泛类型>,条例规范单位内部治安保卫行为。,治安管理,(6-7) 泛型法条被AI分为具体分类'治安管理'，应删除 | 原标记: <泛类型> | 法条: 《企业事业单位内部治安保卫条例》第十九条第一款
《企业事业单位内部治安保卫条例》第十四条,治安管理,ai,True,<泛类型>,内部治安保卫条例本质属治安管理。,治安管理,(6-7) 泛型法条被AI分为具体分类'治安管理'，应删除 | 原标记: <泛类型> | 法条: 《企业事业单位内部治安保卫条例》第十四条
《企业事业单位内部治安保卫条列》第八条之规定,治安管理,ai,True,<泛类型>,依据内部治安保卫条列，属治安管理。,治安管理,(6-7) 泛型法条被AI分为具体分类'治安管理'，应删除 | 原标记: <泛类型> | 法条: 《企业事业单位内部治安保卫条列》第八条之规定
《企业产品购销合同》,市场秩序与竞争监管,ai,True,<泛类型>,规范产品购销合同，属市场交易秩序。,消费者权益/市场秩序,(6-7) 泛型法条被AI分为具体分类'市场秩序与竞争监管'，应删除 | 原标记: <泛类型> | 法条: 《企业产品购销合同》
《企业会计准则-基本准则》第九条,财税与金融监管,ai,True,<泛类型>,依据企业会计准则基本准则内容。,会计/账务,(6-7) 泛型法条被AI分为具体分类'财税与金融监管'，应删除 | 原标记: <泛类型> | 法条: 《企业会计准则-基本准则》第九条
《企业会计准则》,财税与金融监管,ai,True,<泛类型>,《企业会计准则》直接对应会计事项。,会计/账务,(6-7) 泛型法条被AI分为具体分类'财税与金融监管'，应删除 | 原标记: <泛类型> | 法条: 《企业会计准则》
《企业住所(经营场所)核查函》,市场主体与登记治理,ai,True,<泛类型>,涉及企业住所经营场所登记核查事项。,无照经营/登记问题,(6-7) 泛型法条被AI分为具体分类'市场主体与登记治理'，应删除 | 原标记: <泛类型> | 法条: 《企业住所(经营场所)核查函》
《企业住所核查公告》,市场主体与登记治理,ai,True,<泛类型>,涉及企业住所登记及核查管理。,无照经营/登记问题,(6-7) 泛型法条被AI分为具体分类'市场主体与登记治理'，应删除 | 原标记: <泛类型> | 法条: 《企业住所核查公告》
《企业住所（经营场所）核查专用函》,市场主体与登记治理,ai,True,<泛类型>,涉及企业住所核查，属登记问题。,无照经营/登记问题,(6-7) 泛型法条被AI分为具体分类'市场主体与登记治理'，应删除 | 原标记: <泛类型> | 法条: 《企业住所（经营场所）核查专用函》
《企业住所（经营场所）核查函》,市场主体与登记治理,ai,True,<泛类型>,涉及企业住所核查与登记管理。,无照经营/登记问题,(6-7) 泛型法条被AI分为具体分类'市场主体与登记治理'，应删除 | 原标记: <泛类型> | 法条: 《企业住所（经营场所）核查函》
《企业住所（经营场所）证明》,市场主体与登记治理,ai,True,<泛类型>,涉及企业住所登记证明相关规定。,无照经营/登记问题,(6-7) 泛型法条被AI分为具体分类'市场主体与登记治理'，应删除 | 原标记: <泛类型> | 法条: 《企业住所（经营场所）证明》
《企业信息查询单》,市场主体与登记治理,ai,True,<泛类型>,《企业信息查询单》系信息公示事项。,企业信息公示,(6-7) 泛型法条被AI分为具体分类'市场主体与登记治理'，应删除 | 原标记: <泛类型> | 法条: 《企业信息查询单》
《企业信用信息公示报告》,市场主体与登记治理,ai,True,<泛类型>,仅涉及企业信用信息公示报告本身。,企业信息公示,(6-7) 泛型法条被AI分为具体分类'市场主体与登记治理'，应删除 | 原标记: <泛类型> | 法条: 《企业信用信息公示报告》
《企业公示信息实地核查记录表》,市场主体与登记治理,ai,True,<泛类型>,针对企业公示信息核查记录相关。,企业信息公示,(6-7) 泛型法条被AI分为具体分类'市场主体与登记治理'，应删除 | 原标记: <泛类型> | 法条: 《企业公示信息实地核查记录表》
《企业公示信息实地检查记录表》,市场主体与登记治理,ai,True,<泛类型>,与企业公示信息检查直接相关。,企业信息公示,(6-7) 泛型法条被AI分为具体分类'市场主体与登记治理'，应删除 | 原标记: <泛类型> | 法条: 《企业公示信息实地检查记录表》
《企业公示信息暂行条例》,市场主体与登记治理,ai,True,<泛类型>,依据《企业公示信息暂行条例》直接对应。,企业信息公示,(6-7) 泛型法条被AI分为具体分类'市场主体与登记治理'，应删除 | 原标记: <泛类型> | 法条: 《企业公示信息暂行条例》
《企业名称变更核准通知书》,市场主体与登记治理,ai,True,<泛类型>,涉及企业名称变更核准及登记管理问题。,无照经营/登记问题,(6-7) 泛型法条被AI分为具体分类'市场主体与登记治理'，应删除 | 原标记: <泛类型> | 法条: 《企业名称变更核准通知书》
《企业基本信息》,市场主体与登记治理,ai,True,<泛类型>,标题为企业基本信息，属信息公示相关。,企业信息公示,(6-7) 泛型法条被AI分为具体分类'市场主体与登记治理'，应删除 | 原标记: <泛类型> | 法条: 《企业基本信息》
《企业年度报告》,市场主体与登记治理,ai,True,<泛类型>,与企业年度报告公示义务直接相关。,企业信息公示,(6-5) 报告书类 | 匹配模式: '年度报告' | 法条: 《企业年度报告》
《企业年报公示信息》,市场主体与登记治理,ai,True,<泛类型>,针对企业年报公示信息内容规定。,企业信息公示,(6-7) 泛型法条被AI分为具体分类'市场主体与登记治理'，应删除 | 原标记: <泛类型> | 法条: 《企业年报公示信息》
《企业异常名录管理暂行办法》第四条,市场主体与登记治理,ai,True,<泛类型>,涉及企业列入异常名录及公示管理。,企业信息公示,(6-7) 泛型法条被AI分为具体分类'市场主体与登记治理'，应删除 | 原标记: <泛类型> | 法条: 《企业异常名录管理暂行办法》第四条
《企业档案信息》,市场主体与登记治理,ai,True,<泛类型>,标题为企业档案信息，属信息公示管理。,企业信息公示,(6-7) 泛型法条被AI分为具体分类'市场主体与登记治理'，应删除 | 原标记: <泛类型> | 法条: 《企业档案信息》
《企业法人营业执照》,市场主体与登记治理,ai,True,<泛类型>,涉及企业法人营业执照管理与登记。,无照经营/登记问题,(6-7) 泛型法条被AI分为具体分类'市场主体与登记治理'，应删除 | 原标记: <泛类型> | 法条: 《企业法人营业执照》
《企业法人营业执照（副本）》,市场主体与登记治理,ai,True,<泛类型>,涉及企业法人营业执照管理与登记。,无照经营/登记问题,(6-7) 泛型法条被AI分为具体分类'市场主体与登记治理'，应删除 | 原标记: <泛类型> | 法条: 《企业法人营业执照（副本）》
《企业研究开发项目情况》,统计相关,ai,True,<泛类型>,涉及研发项目统计报表填报管理。,统计相关,(6-7) 泛型法条被AI分为具体分类'统计相关'，应删除 | 原标记: <泛类型> | 法条: 《企业研究开发项目情况》
《企业经营异常名录管理暂行办法》第六条,市场主体与登记治理,ai,True,<泛类型>,该办法规范经营异常名录与信息公示。,企业信息公示,(6-7) 泛型法条被AI分为具体分类'市场主体与登记治理'，应删除 | 原标记: <泛类型> | 法条: 《企业经营异常名录管理暂行办法》第六条
《企业经营异常名录管理暂行办法》第六条,市场主体与登记治理,ai,True,<泛类型>,条文规范企业公示和列入异常名录行为。,企业信息公示,(6-7) 泛型法条被AI分为具体分类'市场主体与登记治理'，应删除 | 原标记: <泛类型> | 法条: 《企业经营异常名录管理暂行办法》第六条
《企业经营范围管理规定》第十五条,市场主体与登记治理,ai,True,<泛类型>,涉及企业经营范围登记管理规定。,无照经营/登记问题,(6-7) 泛型法条被AI分为具体分类'市场主体与登记治理'，应删除 | 原标记: <泛类型> | 法条: 《企业经营范围管理规定》第十五条
《企业统计信用管理办法》第九条第（四）项,统计相关,ai,True,<泛类型>,依据统计信用管理办法条款内容。,统计相关,(6-7) 泛型法条被AI分为具体分类'统计相关'，应删除 | 原标记: <泛类型> | 法条: 《企业统计信用管理办法》第九条第（四）项
《企业统计信用管理办法》第十条,统计相关,ai,True,<泛类型>,依据《企业统计信用管理办法》属统计领域。,统计相关,(6-7) 泛型法条被AI分为具体分类'统计相关'，应删除 | 原标记: <泛类型> | 法条: 《企业统计信用管理办法》第十条
《企业统计信用管理办法》第十条第一款第（一）项,统计相关,ai,True,<泛类型>,依据统计信用管理办法，属统计领域。,统计相关,(6-7) 泛型法条被AI分为具体分类'统计相关'，应删除 | 原标记: <泛类型> | 法条: 《企业统计信用管理办法》第十条第一款第（一）项
《企业统计信用管理办法（试行）》第九条第(四)项,统计相关,ai,True,<泛类型>,依据企业统计信用管理办法属统计领域。,统计相关,(6-7) 泛型法条被AI分为具体分类'统计相关'，应删除 | 原标记: <泛类型> | 法条: 《企业统计信用管理办法（试行）》第九条第(四)项
《企业统计信用管理办法（试行）》第十条第（一）项,统计相关,ai,True,<泛类型>,《企业统计信用管理办法》属统计管理领域。,统计相关,(6-7) 泛型法条被AI分为具体分类'统计相关'，应删除 | 原标记: <泛类型> | 法条: 《企业统计信用管理办法（试行）》第十条第（一）项
《企业网站服务合同》,市场秩序与竞争监管,ai,True,<泛类型>,服务合同纠纷，涉及消费服务秩序。,消费者权益/市场秩序,(6-7) 泛型法条被AI分为具体分类'市场秩序与竞争监管'，应删除 | 原标记: <泛类型> | 法条: 《企业网站服务合同》
《企业职工伤亡事故经济损失统计标准》,安全生产,ai,True,<泛类型>,工伤事故经济损失统计，属安全生产。,安全生产,(6-7) 泛型法条被AI分为具体分类'安全生产'，应删除 | 原标记: <泛类型> | 法条: 《企业职工伤亡事故经济损失统计标准》
《企业职工档案管理工作规定》第十八条,劳动保障,ai,True,<泛类型>,企业职工档案管理属人事劳动管理。,劳动保障/用工,(6-7) 泛型法条被AI分为具体分类'劳动保障'，应删除 | 原标记: <泛类型> | 法条: 《企业职工档案管理工作规定》第十八条
《企业营业执照副本》,市场主体与登记治理,ai,True,<泛类型>,《企业营业执照》直接涉及登记管理。,无照经营/登记问题,(6-7) 泛型法条被AI分为具体分类'市场主体与登记治理'，应删除 | 原标记: <泛类型> | 法条: 《企业营业执照副本》
《企业质量保证体系调查表》,产品质量与安全,ai,True,<泛类型>,与企业质量保证体系建设直接相关。,产品质量,(6-7) 泛型法条被AI分为具体分类'产品质量与安全'，应删除 | 原标记: <泛类型> | 法条: 《企业质量保证体系调查表》
《企业质量检验员证》,产品质量与安全,ai,True,<泛类型>,与企业质量检验管理直接相关。,产品质量,(6-7) 泛型法条被AI分为具体分类'产品质量与安全'，应删除 | 原标记: <泛类型> | 法条: 《企业质量检验员证》
《企业资质》,建设工程与房地产,ai,True,<泛类型>,企业资质通常指施工等建设资质。,建设工程,(6-7) 泛型法条被AI分为具体分类'建设工程与房地产'，应删除 | 原标记: <泛类型> | 法条: 《企业资质》
《企事业单位内部治安保卫条例》第七条第（二）项、第十九条,治安管理,ai,True,<泛类型>,《内部治安保卫条例》属治安管理规范。,治安管理,(6-7) 泛型法条被AI分为具体分类'治安管理'，应删除 | 原标记: <泛类型> | 法条: 《企事业单位内部治安保卫条例》第七条第（二）项、第十九条
《企事业单位内部治安保卫条例》第十九条,治安管理,ai,True,<泛类型>,《治安保卫条例》属内部治安管理。,治安管理,(6-7) 泛型法条被AI分为具体分类'治安管理'，应删除 | 原标记: <泛类型> | 法条: 《企事业单位内部治安保卫条例》第十九条
《优视推短视频获客服务协议书》,市场秩序与竞争监管,ai,True,<泛类型>,平台服务协议内容，涉交易及消费者保护。,消费者权益/市场秩序,(6-7) 泛型法条被AI分为具体分类'市场秩序与竞争监管'，应删除 | 原标记: <泛类型> | 法条: 《优视推短视频获客服务协议书》
《会员服务合同》,消费者权益/市场秩序,ai,True,<泛类型>,会员服务合同争议，多属消费纠纷。,消费者权益纠纷,(6-7) 泛型法条被AI分为具体分类'消费者权益/市场秩序'，应删除 | 原标记: <泛类型> | 法条: 《会员服务合同》
《会计师事务所审批和监督暂行办法》,财税与金融监管,ai,True,<泛类型>,会计师事务所审批监督，属会计领域。,会计/账务,(6-7) 泛型法条被AI分为具体分类'财税与金融监管'，应删除 | 原标记: <泛类型> | 法条: 《会计师事务所审批和监督暂行办法》
《会计师事务所执业许可和监督管理办法》第六十三条第一款和第六十七条,财税与金融监管,ai,True,<泛类型>,依据会计师事务所执业监管规定。,会计/账务,(6-7) 泛型法条被AI分为具体分类'财税与金融监管'，应删除 | 原标记: <泛类型> | 法条: 《会计师事务所执业许可和监督管理办法》第六十三条第一款和第六十七条
《会计师事务所执业许可和监督管理办法》第六十条第(一)项和第(七)项,财税与金融监管,ai,True,<泛类型>,依据会计师事务所执业监管规定。,会计/账务,(6-7) 泛型法条被AI分为具体分类'财税与金融监管'，应删除 | 原标记: <泛类型> | 法条: 《会计师事务所执业许可和监督管理办法》第六十条第(一)项和第(七)项
《会计师事务所执业许可和监督管理办法》第六十条第（一）项、第（三）项和第（七）项,财税与金融监管,ai,True,<泛类型>,规范会计师事务所执业行为相关。,会计/账务,(6-7) 泛型法条被AI分为具体分类'财税与金融监管'，应删除 | 原标记: <泛类型> | 法条: 《会计师事务所执业许可和监督管理办法》第六十条第（一）项、第（三）项和第（七）项
《会计档案管理办法》,财税与金融监管,ai,True,<泛类型>,依据《会计档案管理办法》属会计管理。,会计/账务,(6-7) 泛型法条被AI分为具体分类'财税与金融监管'，应删除 | 原标记: <泛类型> | 法条: 《会计档案管理办法》
《会计法》第九条,财税与金融监管,ai,True,<泛类型>,依据会计法内容，属会计核算管理。,会计/账务,(6-7) 泛型法条被AI分为具体分类'财税与金融监管'，应删除 | 原标记: <泛类型> | 法条: 《会计法》第九条
《会计科目明细帐》,财税与金融监管,ai,True,<泛类型>,《会计科目明细帐》属会计核算规范。,会计/账务,(6-7) 泛型法条被AI分为具体分类'财税与金融监管'，应删除 | 原标记: <泛类型> | 法条: 《会计科目明细帐》
《传染病防治法》第二十九条第二款;,卫生健康,ai,True,<泛类型>,《传染病防治法》属公共卫生领域。,医疗卫生,(6-7) 泛型法条被AI分为具体分类'卫生健康'，应删除 | 原标记: <泛类型> | 法条: 《传染病防治法》第二十九条第二款;
《传染病防治法》第六十九条第一项,卫生健康,ai,True,<泛类型>,依据传染病防治专门法条，属公共卫生。,医疗卫生,(6-7) 泛型法条被AI分为具体分类'卫生健康'，应删除 | 原标记: <泛类型> | 法条: 《传染病防治法》第六十九条第一项
《低压开关设备和控制设备第二部分:断路器》,产品质量与安全,ai,True,<泛类型>,系电气产品技术标准，属产品质量。,产品质量,(6-7) 泛型法条被AI分为具体分类'产品质量与安全'，应删除 | 原标记: <泛类型> | 法条: 《低压开关设备和控制设备第二部分:断路器》
《低压流体输送用焊接钢管》,产品质量与安全,ai,True,<泛类型>,《低压流体输送用焊接钢管》属产品标准。,产品质量,(6-7) 泛型法条被AI分为具体分类'产品质量与安全'，应删除 | 原标记: <泛类型> | 法条: 《低压流体输送用焊接钢管》
《低压配电设计规范》,建筑使用安全,ai,True,<泛类型>,《低压配电设计规范》属建筑电气安全规范。,建筑使用安全,(6-7) 泛型法条被AI分为具体分类'建筑使用安全'，应删除 | 原标记: <泛类型> | 法条: 《低压配电设计规范》
《低压配电设计规范》第4.2.6条,建设工程与房地产,ai,True,<泛类型>,电气设计规范属建设工程领域。,建设工程,(6-7) 泛型法条被AI分为具体分类'建设工程与房地产'，应删除 | 原标记: <泛类型> | 法条: 《低压配电设计规范》第4.2.6条
《低硫煤及制品》,环境保护,ai,True,<泛类型>,《低硫煤及制品》属大气污染防治。,环境保护,(6-7) 泛型法条被AI分为具体分类'环境保护'，应删除 | 原标记: <泛类型> | 法条: 《低硫煤及制品》
《低过二手价！【祈福万景峰2期】超抵一口价1.8万/m2！周六火爆开抢！》,市场秩序与竞争监管,ai,True,<泛类型>,房地产促销信息涉嫌价格宣传违规。,虚假广告/虚假宣传,(6-7) 泛型法条被AI分为具体分类'市场秩序与竞争监管'，应删除 | 原标记: <泛类型> | 法条: 《低过二手价！【祈福万景峰2期】超抵一口价1.8万/m2！周六火爆开抢！》
《住宅质量保证书》,建设工程与房地产,ai,True,<泛类型>,涉及《住宅质量保证书》，属房地产领域。,房地产/土地,(6-7) 泛型法条被AI分为具体分类'建设工程与房地产'，应删除 | 原标记: <泛类型> | 法条: 《住宅质量保证书》
《住宿业卫生规范》第二十一条,卫生健康,ai,True,<泛类型>,依据住宿业卫生规范，属卫生管理。,医疗卫生,(6-7) 泛型法条被AI分为具体分类'卫生健康'，应删除 | 原标记: <泛类型> | 法条: 《住宿业卫生规范》第二十一条
《住房和城乡建设局关于违规违法线索移送的函》,建设工程与房地产,ai,True,<泛类型>,住建局移送，多涉工程建设违法。,建设工程,(6-7) 泛型法条被AI分为具体分类'建设工程与房地产'，应删除 | 原标记: <泛类型> | 法条: 《住房和城乡建设局关于违规违法线索移送的函》
《住房和城乡建设行政执法案件现场拍照图片》,建设工程与房地产,ai,True,<泛类型>,住房城乡建设执法，多涉建设工程。,建设工程,(6-7) 泛型法条被AI分为具体分类'建设工程与房地产'，应删除 | 原标记: <泛类型> | 法条: 《住房和城乡建设行政执法案件现场拍照图片》
《住房和城乡建设行政执法现场检查(勘验)笔录》,建设工程与房地产,ai,True,<泛类型>,住房城乡建设执法笔录，涉工程监管。,建设工程,(6-7) 泛型法条被AI分为具体分类'建设工程与房地产'，应删除 | 原标记: <泛类型> | 法条: 《住房和城乡建设行政执法现场检查(勘验)笔录》
《住房和城乡建设行政执法调查询问笔录》,建设工程与房地产,ai,True,<泛类型>,住房城乡建设执法，一般涉建设工程。,建设工程,(6-7) 泛型法条被AI分为具体分类'建设工程与房地产'，应删除 | 原标记: <泛类型> | 法条: 《住房和城乡建设行政执法调查询问笔录》
《住所场地使用证明》,市场主体与登记治理,ai,True,<泛类型>,涉及住所场地证明，多为登记问题。,无照经营/登记问题,(6-7) 泛型法条被AI分为具体分类'市场主体与登记治理'，应删除 | 原标记: <泛类型> | 法条: 《住所场地使用证明》
《住院病案首页》,卫生健康,ai,True,<泛类型>,《住院病案首页》属医疗服务管理规范。,医疗卫生,(6-7) 泛型法条被AI分为具体分类'卫生健康'，应删除 | 原标记: <泛类型> | 法条: 《住院病案首页》
《余姚市人民政府关于余姚市杰盛建筑劳务有限公司“5.29”一般高处坠落事故调查报告的批复》,安全生产,ai,True,<泛类型>,建筑施工高处坠落事故，属安全生产。,安全生产,(6-7) 泛型法条被AI分为具体分类'安全生产'，应删除 | 原标记: <泛类型> | 法条: 《余姚市人民政府关于余姚市杰盛建筑劳务有限公司“5.29”一般高处坠落事故调查报告的批复》
《余姚市自然资源和规划局缴款通知书》,建设工程与房地产,ai,True,<泛类型>,自然资源规划局涉土地利用处罚。,房地产/土地,(6-7) 泛型法条被AI分为具体分类'建设工程与房地产'，应删除 | 原标记: <泛类型> | 法条: 《余姚市自然资源和规划局缴款通知书》
《佛山市万科城小区收取装修保证金及装修人员出入证工本费用的整改情况说明》,市场秩序与竞争监管,ai,True,<泛类型>,涉及收取保证金及工本费用收费问题。,价格/收费,(6-7) 泛型法条被AI分为具体分类'市场秩序与竞争监管'，应删除 | 原标记: <泛类型> | 法条: 《佛山市万科城小区收取装修保证金及装修人员出入证工本费用的整改情况说明》
《佛山市住房和城乡建设管理局行政处罚自由裁量权标准》,建设工程与房地产,ai,True,<泛类型>,《住建局行政处罚标准》，工程领域。,建设工程,(6-5) 程序性 | 匹配模式: '行政处罚自由裁量权' | 法条: 《佛山市住房和城乡建设管理局行政处罚自由裁量权标准》
《佛山市住房和城乡建设管理局行政处罚自由裁量权标准》第177项,建设工程与房地产,ai,True,<泛类型>,出自住建局处罚标准，属建设管理。,建设工程,(6-5) 程序性 | 匹配模式: '行政处罚自由裁量权' | 法条: 《佛山市住房和城乡建设管理局行政处罚自由裁量权标准》第177项
《佛山市住房和城乡建设管理局行政处罚自由裁量权标准》第92项,建设工程与房地产,ai,True,<泛类型>,属住建局处罚标准，指向建设工程。,建设工程,(6-5) 程序性 | 匹配模式: '行政处罚自由裁量权' | 法条: 《佛山市住房和城乡建设管理局行政处罚自由裁量权标准》第92项
《佛山市南海区狮山镇政府集体建设用地使用权出租合同》,建设工程与房地产,ai,True,<泛类型>,集体建设用地使用权出租合同相关。,房地产/土地,(6-7) 泛型法条被AI分为具体分类'建设工程与房地产'，应删除 | 原标记: <泛类型> | 法条: 《佛山市南海区狮山镇政府集体建设用地使用权出租合同》
《佛山市城市管理和综合执法局行政处罚自由裁量权标准》,*城市市容环境管理*,ai,True,<泛类型>,依据城市管理综合执法自由裁量标准。,*城市市容环境管理*,(6-5) 程序性 | 匹配模式: '行政处罚自由裁量权' | 法条: 《佛山市城市管理和综合执法局行政处罚自由裁量权标准》
《佛山市城市管理和综合执法局行政处罚自由裁量权标准》第13项,其他,ai,True,<泛类型>,仅给出条款编号，无法判断具体领域。,其他违法行为,(6-5) 程序性 | 匹配模式: '行政处罚自由裁量权' | 法条: 《佛山市城市管理和综合执法局行政处罚自由裁量权标准》第13项
《佛山市自然资源局佛自然资三函〔2023〕460》,建设工程与房地产,ai,True,<泛类型>,自然资源局文件，多涉土地管理。,房地产/土地,(6-7) 泛型法条被AI分为具体分类'建设工程与房地产'，应删除 | 原标记: <泛类型> | 法条: 《佛山市自然资源局佛自然资三函〔2023〕460》
《佛山市违法建设查处办法》第三条第一款第三项,建设工程与房地产,ai,True,<泛类型>,违法建设属土地房屋违规行为。,房地产/土地,(6-7) 泛型法条被AI分为具体分类'建设工程与房地产'，应删除 | 原标记: <泛类型> | 法条: 《佛山市违法建设查处办法》第三条第一款第三项
《佛山市顺德区长江企业有限公司收款收据》,财税与金融监管,ai,True,<泛类型>,涉及企业收款收据票据管理问题。,会计/账务,(6-7) 泛型法条被AI分为具体分类'财税与金融监管'，应删除 | 原标记: <泛类型> | 法条: 《佛山市顺德区长江企业有限公司收款收据》
《佛山日报》,公共文化与传媒,ai,True,<泛类型>,《佛山日报》为报纸传媒机构相关。,公共文化与传媒,(6-7) 泛型法条被AI分为具体分类'公共文化与传媒'，应删除 | 原标记: <泛类型> | 法条: 《佛山日报》
《供暖缴费通知》,市场秩序与竞争监管,ai,True,<泛类型>,《供暖缴费通知》涉及供暖收费事项。,价格/收费,(6-7) 泛型法条被AI分为具体分类'市场秩序与竞争监管'，应删除 | 原标记: <泛类型> | 法条: 《供暖缴费通知》
《供水协议》,环境保护,ai,True,<泛类型>,《供水协议》涉及供水用水管理。,水资源,(6-7) 泛型法条被AI分为具体分类'环境保护'，应删除 | 原标记: <泛类型> | 法条: 《供水协议》
《供水合同》,环境保护,ai,True,<泛类型>,供水合同属供水用水管理范畴。,水资源,(6-7) 泛型法条被AI分为具体分类'环境保护'，应删除 | 原标记: <泛类型> | 法条: 《供水合同》
《供水合同》第十二条第6项,环境保护,ai,True,<泛类型>,供水合同条款，属供水用水管理。,水资源,(6-7) 泛型法条被AI分为具体分类'环境保护'，应删除 | 原标记: <泛类型> | 法条: 《供水合同》第十二条第6项
《供水报装办事指南》,环境保护,ai,True,<泛类型>,涉供水报装管理事项，属水务领域。,水资源,(6-7) 泛型法条被AI分为具体分类'环境保护'，应删除 | 原标记: <泛类型> | 法条: 《供水报装办事指南》
《供热首站设备及管道租赁合同书》,*合同租赁管理*,ai,True,<泛类型>,供热设备及管道租赁合同文本相关。,*合同租赁管理*,(6-6) AI分类含星号'*合同租赁管理*'，分类不确定 | 法条: 《供热首站设备及管道租赁合同书》
《供用水协议》,环境保护,ai,True,<泛类型>,《供用水协议》涉及供用水管理事项。,水资源,(6-7) 泛型法条被AI分为具体分类'环境保护'，应删除 | 原标记: <泛类型> | 法条: 《供用水协议》
《供用水协议》第十一条,环境保护,ai,True,<泛类型>,《供用水协议》属供水用水管理。,水资源,(6-7) 泛型法条被AI分为具体分类'环境保护'，应删除 | 原标记: <泛类型> | 法条: 《供用水协议》第十一条
《供用水协议》第四条,环境保护,ai,True,<泛类型>,依据供用水协议，属用水管理纠纷。,水资源,(6-7) 泛型法条被AI分为具体分类'环境保护'，应删除 | 原标记: <泛类型> | 法条: 《供用水协议》第四条
《供用水协议》第四条、第十一条的条款,环境保护,ai,True,<泛类型>,供用水协议条款，属水资源管理。,水资源,(6-7) 泛型法条被AI分为具体分类'环境保护'，应删除 | 原标记: <泛类型> | 法条: 《供用水协议》第四条、第十一条的条款
《供用水合同》,环境保护,ai,True,<泛类型>,涉及供用水合同、水资源管理。,水资源,(6-7) 泛型法条被AI分为具体分类'环境保护'，应删除 | 原标记: <泛类型> | 法条: 《供用水合同》
《供用水合同》第七条第（一）项,环境保护,ai,True,<泛类型>,《供用水合同》属供水用水管理事项。,水资源,(6-7) 泛型法条被AI分为具体分类'环境保护'，应删除 | 原标记: <泛类型> | 法条: 《供用水合同》第七条第（一）项
《供用水合同》第六条第（九）项,环境保护,ai,True,<泛类型>,供用水合同条款，属用水管理。,水资源,(6-7) 泛型法条被AI分为具体分类'环境保护'，应删除 | 原标记: <泛类型> | 法条: 《供用水合同》第六条第（九）项
《供用水合同》第四条4.3项,环境保护,ai,True,<泛类型>,《供用水合同》属供水用水管理规范。,水资源,(6-7) 泛型法条被AI分为具体分类'环境保护'，应删除 | 原标记: <泛类型> | 法条: 《供用水合同》第四条4.3项
《供电所所长岗位职责》,安全生产,ai,True,<泛类型>,供电所岗位职责，多涉生产安全管理。,安全生产,(6-7) 泛型法条被AI分为具体分类'安全生产'，应删除 | 原标记: <泛类型> | 法条: 《供电所所长岗位职责》
《供（排）水管道报装合同》,环境保护,ai,True,<泛类型>,涉及供排水管道报装管理事项。,水资源,(6-7) 泛型法条被AI分为具体分类'环境保护'，应删除 | 原标记: <泛类型> | 法条: 《供（排）水管道报装合同》
《便携式制氧机》,产品质量与安全,ai,True,<泛类型>,便携式制氧机属产品质量监管范围。,产品质量,(6-7) 泛型法条被AI分为具体分类'产品质量与安全'，应删除 | 原标记: <泛类型> | 法条: 《便携式制氧机》
《保利万和影院会员卡使用条款》,*影院会员服务条款*,ai,True,<泛类型>,仅涉及影院会员卡使用约定,*影院会员服务条款*,(6-6) AI分类含星号'*影院会员服务条款*'，分类不确定 | 法条: 《保利万和影院会员卡使用条款》
《保利（重庆）投资实业有限公司项目融资建议书》,财税与金融监管,ai,True,<泛类型>,项目融资建议书涉及融资信贷合规。,金融/信贷违规,(6-7) 泛型法条被AI分为具体分类'财税与金融监管'，应删除 | 原标记: <泛类型> | 法条: 《保利（重庆）投资实业有限公司项目融资建议书》
《保安服务管理 条例》第四十二条第一款第(四)项,治安管理,ai,True,<泛类型>,保安服务属治安管理领域规制。,治安管理,(6-7) 泛型法条被AI分为具体分类'治安管理'，应删除 | 原标记: <泛类型> | 法条: 《保安服务管理 条例》第四十二条第一款第(四)项
《保安服务管理条例》,治安管理,ai,True,<泛类型>,《保安服务管理条例》属治安管理范畴。,治安管理,(6-7) 泛型法条被AI分为具体分类'治安管理'，应删除 | 原标记: <泛类型> | 法条: 《保安服务管理条例》
《保安服务管理条例》第十三条、第四十二条第一款第(四)项,治安管理,ai,True,<泛类型>,《保安服务管理条例》属治安管理范畴。,治安管理,(6-7) 泛型法条被AI分为具体分类'治安管理'，应删除 | 原标记: <泛类型> | 法条: 《保安服务管理条例》第十三条、第四十二条第一款第(四)项
《保安服务管理条例》第十八条,治安管理,ai,True,<泛类型>,保安服务属社会治安管理范畴。,治安管理,(6-7) 泛型法条被AI分为具体分类'治安管理'，应删除 | 原标记: <泛类型> | 法条: 《保安服务管理条例》第十八条
《保安服务管理条例》第十八条招用不符合条,治安管理,ai,True,<泛类型>,《保安服务管理条例》属治安管理范畴。,治安管理,(6-7) 泛型法条被AI分为具体分类'治安管理'，应删除 | 原标记: <泛类型> | 法条: 《保安服务管理条例》第十八条招用不符合条
《保安服务管理条例》第十八条第一款之规定,治安管理,ai,True,<泛类型>,《保安服务管理条例》属公安治安管理。,治安管理,(6-7) 泛型法条被AI分为具体分类'治安管理'，应删除 | 原标记: <泛类型> | 法条: 《保安服务管理条例》第十八条第一款之规定
《保安服务管理条例》第十六条,治安管理,ai,True,<泛类型>,保安服务条例属公共安全治安管理。,治安管理,(6-7) 泛型法条被AI分为具体分类'治安管理'，应删除 | 原标记: <泛类型> | 法条: 《保安服务管理条例》第十六条
《保安服务管理条例》第十六条、第十八条、第四十二条第一款第（四）项,治安管理,ai,True,<泛类型>,保安服务管理属社会治安领域。,治安管理,(6-7) 泛型法条被AI分为具体分类'治安管理'，应删除 | 原标记: <泛类型> | 法条: 《保安服务管理条例》第十六条、第十八条、第四十二条第一款第（四）项
《保安服务管理条例》第十六条第一款、第十八条第一款、第四十二条第一款第四项,治安管理,ai,True,<泛类型>,保安服务管理条例属社会治安管理范畴。,治安管理,(6-7) 泛型法条被AI分为具体分类'治安管理'，应删除 | 原标记: <泛类型> | 法条: 《保安服务管理条例》第十六条第一款、第十八条第一款、第四十二条第一款第四项
《保安服务管理条例》第十六条第一款、第四十二条第一款第(四)项,治安管理,ai,True,<泛类型>,保安服务管理条例属治安类管理。,治安管理,(6-7) 泛型法条被AI分为具体分类'治安管理'，应删除 | 原标记: <泛类型> | 法条: 《保安服务管理条例》第十六条第一款、第四十二条第一款第(四)项
《保安服务管理条例》第十六款第一款、第四十二条第一款第(四)项,治安管理,ai,True,<泛类型>,依据保安服务管理条例，属保安治安管理。,治安管理,(6-7) 泛型法条被AI分为具体分类'治安管理'，应删除 | 原标记: <泛类型> | 法条: 《保安服务管理条例》第十六款第一款、第四十二条第一款第(四)项
《保安服务管理条例》第十四条、第四十二条第一款第(二)项,治安管理,ai,True,<泛类型>,依据保安服务管理条例属治安领域管理。,治安管理,(6-7) 泛型法条被AI分为具体分类'治安管理'，应删除 | 原标记: <泛类型> | 法条: 《保安服务管理条例》第十四条、第四十二条第一款第(二)项
《保安服务管理条例》第四十二条,治安管理,ai,True,<泛类型>,保安服务管理条例属社会治安管理领域。,治安管理,(6-7) 泛型法条被AI分为具体分类'治安管理'，应删除 | 原标记: <泛类型> | 法条: 《保安服务管理条例》第四十二条
《保安服务管理条例》第四十二条第一款第(二)项,治安管理,ai,True,<泛类型>,保安服务管理条例属公共安全治安装领域。,治安管理,(6-7) 泛型法条被AI分为具体分类'治安管理'，应删除 | 原标记: <泛类型> | 法条: 《保安服务管理条例》第四十二条第一款第(二)项
《保安服务管理条例》第四十二条第一款第(四)项,治安管理,ai,True,<泛类型>,《保安服务管理条例》属治安管理范畴。,治安管理,(6-7) 泛型法条被AI分为具体分类'治安管理'，应删除 | 原标记: <泛类型> | 法条: 《保安服务管理条例》第四十二条第一款第(四)项
《保安服务管理条例》第四十二条第一款第(四)项之规定,治安管理,ai,True,<泛类型>,保安服务管理属社会治安管理事项。,治安管理,(6-7) 泛型法条被AI分为具体分类'治安管理'，应删除 | 原标记: <泛类型> | 法条: 《保安服务管理条例》第四十二条第一款第(四)项之规定
《保安服务管理条例》第四十二条第一款第四项,治安管理,ai,True,<泛类型>,《保安服务管理条例》属治安管理法规。,治安管理,(6-7) 泛型法条被AI分为具体分类'治安管理'，应删除 | 原标记: <泛类型> | 法条: 《保安服务管理条例》第四十二条第一款第四项
《保安服务管理条例》第四十二条第一款第四项之规定,治安管理,ai,True,<泛类型>,保安服务管理条例属治安管理范畴。,治安管理,(6-7) 泛型法条被AI分为具体分类'治安管理'，应删除 | 原标记: <泛类型> | 法条: 《保安服务管理条例》第四十二条第一款第四项之规定
《保安服务管理条例》第四十二条第一款第四项之规定和第四十三条第一款第五项,治安管理,ai,True,<泛类型>,保安服务管理条例属治安管理领域。,治安管理,(6-7) 泛型法条被AI分为具体分类'治安管理'，应删除 | 原标记: <泛类型> | 法条: 《保安服务管理条例》第四十二条第一款第四项之规定和第四十三条第一款第五项
《保安服务管理条例》第四十二条第一款第（二）项,治安管理,ai,True,<泛类型>,保安服务管理条例属公安治安管理范畴。,治安管理,(6-7) 泛型法条被AI分为具体分类'治安管理'，应删除 | 原标记: <泛类型> | 法条: 《保安服务管理条例》第四十二条第一款第（二）项
《信息网络传播权保护条例》第二条,公共文化与传媒,ai,True,<泛类型>,《信息网络传播权保护条例》属文化传媒领域。,公共文化与传媒,(6-7) 泛型法条被AI分为具体分类'公共文化与传媒'，应删除 | 原标记: <泛类型> | 法条: 《信息网络传播权保护条例》第二条
《借款合同》,财税与金融监管,ai,True,<泛类型>,借款合同属于信贷法律关系。,金融/信贷违规,(6-7) 泛型法条被AI分为具体分类'财税与金融监管'，应删除 | 原标记: <泛类型> | 法条: 《借款合同》
《停工、核查通知书》,建设工程与房地产,ai,True,<泛类型>,涉停工核查通知，多为建设工程监管。,建设工程,(6-7) 泛型法条被AI分为具体分类'建设工程与房地产'，应删除 | 原标记: <泛类型> | 法条: 《停工、核查通知书》
《停工整改通知书》,建设工程与房地产,ai,True,<泛类型>,停工整改多指建设施工违法。,建设工程,(6-7) 泛型法条被AI分为具体分类'建设工程与房地产'，应删除 | 原标记: <泛类型> | 法条: 《停工整改通知书》
《停工（核查）通知书》,建设工程与房地产,ai,True,<泛类型>,停工核查多涉施工建设活动。,建设工程,(6-7) 泛型法条被AI分为具体分类'建设工程与房地产'，应删除 | 原标记: <泛类型> | 法条: 《停工（核查）通知书》
《停止使用QS标识告知函》,产品质量与安全,ai,True,<泛类型>,QS标识涉及食品生产许可管理。,食品药品,(6-7) 泛型法条被AI分为具体分类'产品质量与安全'，应删除 | 原标记: <泛类型> | 法条: 《停止使用QS标识告知函》
《健康体检管理暂行规定》第三十条的规定,卫生健康,ai,True,<泛类型>,依据健康体检管理规定，属医疗领域监管。,医疗卫生,(6-7) 泛型法条被AI分为具体分类'卫生健康'，应删除 | 原标记: <泛类型> | 法条: 《健康体检管理暂行规定》第三十条的规定
《健康体检管理暂行规定》第二十三条,卫生健康,ai,True,<泛类型>,依据健康体检管理规定，属卫生领域。,医疗卫生,(6-7) 泛型法条被AI分为具体分类'卫生健康'，应删除 | 原标记: <泛类型> | 法条: 《健康体检管理暂行规定》第二十三条
《健康体检管理暂行规定》第二十三条,卫生健康,ai,True,<泛类型>,健康体检管理规定，属医疗服务监管。,医疗卫生,(6-7) 泛型法条被AI分为具体分类'卫生健康'，应删除 | 原标记: <泛类型> | 法条: 《健康体检管理暂行规定》第二十三条
《健康监护监督管理办法》第二十六条第五项,安全生产,ai,True,<泛类型>,《健康监护监督管理办法》属职业健康监管。,职业卫生/健康,(6-7) 泛型法条被AI分为具体分类'安全生产'，应删除 | 原标记: <泛类型> | 法条: 《健康监护监督管理办法》第二十六条第五项
《健康监护监督管理办法》第十七条第三项,安全生产,ai,True,<泛类型>,健康监护监督管理，属职业健康。,职业卫生/健康,(6-7) 泛型法条被AI分为具体分类'安全生产'，应删除 | 原标记: <泛类型> | 法条: 《健康监护监督管理办法》第十七条第三项
《健康证》,卫生健康,ai,True,<泛类型>,健康证属公共卫生管理要求。,医疗卫生,(6-7) 泛型法条被AI分为具体分类'卫生健康'，应删除 | 原标记: <泛类型> | 法条: 《健康证》
《催办企业年报信息公示通知书》,市场主体与登记治理,ai,True,<泛类型>,催报企业年报信息公示事项相关。,企业信息公示,(6-7) 泛型法条被AI分为具体分类'市场主体与登记治理'，应删除 | 原标记: <泛类型> | 法条: 《催办企业年报信息公示通知书》
《催办外商投资企业年报公告》,市场主体与登记治理,ai,True,<泛类型>,涉外商投资企业年度报告、公示义务。,企业信息公示,(6-7) 泛型法条被AI分为具体分类'市场主体与登记治理'，应删除 | 原标记: <泛类型> | 法条: 《催办外商投资企业年报公告》
《催检公告》,未年检登记,ai,True,<泛类型>,催检公告涉及逾期未检行为。,未年检登记,(6-7) 泛型法条被AI分为具体分类'未年检登记'，应删除 | 原标记: <泛类型> | 法条: 《催检公告》
《儿童家具通用技术条件》,产品质量与安全,ai,True,<泛类型>,儿童家具技术条件属产品质量标准。,产品质量,(6-7) 泛型法条被AI分为具体分类'产品质量与安全'，应删除 | 原标记: <泛类型> | 法条: 《儿童家具通用技术条件》
《儿童旅游鞋》,产品质量与安全,ai,True,<泛类型>,儿童旅游鞋属产品质量标准规范。,产品质量,(6-7) 泛型法条被AI分为具体分类'产品质量与安全'，应删除 | 原标记: <泛类型> | 法条: 《儿童旅游鞋》
《儿童皮鞋》,产品质量与安全,ai,True,<泛类型>,《儿童皮鞋》属产品质量标准规范。,产品质量,(6-7) 泛型法条被AI分为具体分类'产品质量与安全'，应删除 | 原标记: <泛类型> | 法条: 《儿童皮鞋》
《光宇广州市增城自来水有限公司涉案违法所得计算问题的请示》,环境保护,ai,True,<泛类型>,自来水公司违法所得计算，涉水务收费。,水资源,(6-7) 泛型法条被AI分为具体分类'环境保护'，应删除 | 原标记: <泛类型> | 法条: 《光宇广州市增城自来水有限公司涉案违法所得计算问题的请示》
《光熙门站主体及附属防水设计总说明（六）》,建设工程与房地产,ai,True,<泛类型>,为车站防水工程设计说明相关。,建设工程,(6-7) 泛型法条被AI分为具体分类'建设工程与房地产'，应删除 | 原标记: <泛类型> | 法条: 《光熙门站主体及附属防水设计总说明（六）》
《克拉玛依日报》,公共文化与传媒,ai,True,<泛类型>,报纸媒体领域，属公共文化传媒。,公共文化与传媒,(6-7) 泛型法条被AI分为具体分类'公共文化与传媒'，应删除 | 原标记: <泛类型> | 法条: 《克拉玛依日报》
《入境货物检验检疫证明》,海关/进出口,ai,True,<泛类型>,入境货物检验检疫证明属进出口监管。,海关/进出口,(6-7) 泛型法条被AI分为具体分类'海关/进出口'，应删除 | 原标记: <泛类型> | 法条: 《入境货物检验检疫证明》
《入境货物通关单》,海关/进出口,ai,True,<泛类型>,涉及入境货物报关及通关单管理。,海关/进出口,(6-7) 泛型法条被AI分为具体分类'海关/进出口'，应删除 | 原标记: <泛类型> | 法条: 《入境货物通关单》
《入院记录》,卫生健康,ai,True,<泛类型>,《入院记录》属医疗活动文书。,医疗卫生,(6-7) 泛型法条被AI分为具体分类'卫生健康'，应删除 | 原标记: <泛类型> | 法条: 《入院记录》
《全国人民代表大会常务委员会关于严禁卖淫嫖娼的决定》第七条,治安管理,ai,True,<泛类型>,卖淫嫖娼属社会治安违法行为。,治安管理,(6-7) 泛型法条被AI分为具体分类'治安管理'，应删除 | 原标记: <泛类型> | 法条: 《全国人民代表大会常务委员会关于严禁卖淫嫖娼的决定》第七条
《全国人民代表大会常务委员会关于严禁卖淫嫖娼的决定》第七条之规定,*卖淫嫖娼行为*,ai,True,<泛类型>,依据专门决定规范卖淫嫖娼行为。,*卖淫嫖娼行为*,(6-6) AI分类含星号'*卖淫嫖娼行为*'，分类不确定 | 法条: 《全国人民代表大会常务委员会关于严禁卖淫嫖娼的决定》第七条之规定
《全国企业信用信息公示系统》,市场主体与登记治理,ai,True,<泛类型>,直指企业信用信息公示相关事项。,企业信息公示,(6-7) 泛型法条被AI分为具体分类'市场主体与登记治理'，应删除 | 原标记: <泛类型> | 法条: 《全国企业信用信息公示系统》
《全国企业信用公示系统（广东）》,市场主体与登记治理,ai,True,<泛类型>,依据企业信用公示系统相关规定。,企业信息公示,(6-7) 泛型法条被AI分为具体分类'市场主体与登记治理'，应删除 | 原标记: <泛类型> | 法条: 《全国企业信用公示系统（广东）》
《全国经济普查条例》第三十六条第一款第(二)项,统计相关,ai,True,<泛类型>,经济普查属统计领域管理规范。,统计相关,(6-7) 泛型法条被AI分为具体分类'统计相关'，应删除 | 原标记: <泛类型> | 法条: 《全国经济普查条例》第三十六条第一款第(二)项
《全国经济普查条例》第三十六条第一款第(二)项,统计相关,ai,True,<泛类型>,经济普查条例属统计领域法规。,统计相关,(6-7) 泛型法条被AI分为具体分类'统计相关'，应删除 | 原标记: <泛类型> | 法条: 《全国经济普查条例》第三十六条第一款第(二)项
《全国经济普查条例》第三十六条第一款第(二)项、第二款的规定,统计相关,ai,True,<泛类型>,依据经济普查条例，属统计违法行为。,统计相关,(6-7) 泛型法条被AI分为具体分类'统计相关'，应删除 | 原标记: <泛类型> | 法条: 《全国经济普查条例》第三十六条第一款第(二)项、第二款的规定
《全国经济普查条例》第三十六条第一款第(二)项和第二款,统计相关,ai,True,<泛类型>,经济普查属于统计活动管理范畴。,统计相关,(6-7) 泛型法条被AI分为具体分类'统计相关'，应删除 | 原标记: <泛类型> | 法条: 《全国经济普查条例》第三十六条第一款第(二)项和第二款
《全国经济普查条例》第三十六条第一款第（二）项,统计相关,ai,True,<泛类型>,经济普查条例属统计法领域管理。,统计相关,(6-7) 泛型法条被AI分为具体分类'统计相关'，应删除 | 原标记: <泛类型> | 法条: 《全国经济普查条例》第三十六条第一款第（二）项
《全国经济普查条例》第三十六条第一款第（二）项、第二款,统计相关,ai,True,<泛类型>,经济普查属统计活动范畴管理。,统计相关,(6-7) 泛型法条被AI分为具体分类'统计相关'，应删除 | 原标记: <泛类型> | 法条: 《全国经济普查条例》第三十六条第一款第（二）项、第二款
《全国经济普查条例》第三十六条第一款第（二）项及第二款,统计相关,ai,True,<泛类型>,经济普查属统计活动管理范围。,统计相关,(6-7) 泛型法条被AI分为具体分类'统计相关'，应删除 | 原标记: <泛类型> | 法条: 《全国经济普查条例》第三十六条第一款第（二）项及第二款
《全国经济普查条例》第九条第二款,统计相关,ai,True,<泛类型>,经济普查属统计活动范畴。,统计相关,(6-7) 泛型法条被AI分为具体分类'统计相关'，应删除 | 原标记: <泛类型> | 法条: 《全国经济普查条例》第九条第二款
《全国经济普查条例》第九条第二款的规定,统计相关,ai,True,<泛类型>,《全国经济普查条例》属统计领域法规。,统计相关,(6-7) 泛型法条被AI分为具体分类'统计相关'，应删除 | 原标记: <泛类型> | 法条: 《全国经济普查条例》第九条第二款的规定
"《全国经济普查条例》第九条第二款的规定,依据",统计相关,ai,True,<泛类型>,《全国经济普查条例》属统计法律规范。,统计相关,"(6-7) 泛型法条被AI分为具体分类'统计相关'，应删除 | 原标记: <泛类型> | 法条: 《全国经济普查条例》第九条第二款的规定,依据"
《全国经济曾查条例》第三十六条第一款第（二）项和第二款,统计相关,ai,True,<泛类型>,依据全国经济普查条例，属统计管理违法。,统计相关,(6-7) 泛型法条被AI分为具体分类'统计相关'，应删除 | 原标记: <泛类型> | 法条: 《全国经济曾查条例》第三十六条第一款第（二）项和第二款
《全国网络预约出租汽车监管信息交互系统》,交通运输,ai,True,<泛类型>,《网络预约出租汽车监管》属交通运输监管。,交通运输违规,(6-7) 泛型法条被AI分为具体分类'交通运输'，应删除 | 原标记: <泛类型> | 法条: 《全国网络预约出租汽车监管信息交互系统》
《全国质量诚信示范企业》,产品质量与安全,ai,True,<泛类型>,《全国质量诚信示范企业》涉及产品质量管理。,产品质量,(6-7) 泛型法条被AI分为具体分类'产品质量与安全'，应删除 | 原标记: <泛类型> | 法条: 《全国质量诚信示范企业》
《全市工贸企业事故防范集中攻坚行动方案》,安全生产,ai,True,<泛类型>,《工贸企业事故防范》属安全生产监管。,安全生产,(6-7) 泛型法条被AI分为具体分类'安全生产'，应删除 | 原标记: <泛类型> | 法条: 《全市工贸企业事故防范集中攻坚行动方案》
《全生产行政处罚自由裁量适用规则（试行）》第十条,安全生产,ai,True,<泛类型>,依据安全生产行政处罚裁量规则相关。,安全生产,(6-7) 泛型法条被AI分为具体分类'安全生产'，应删除 | 原标记: <泛类型> | 法条: 《全生产行政处罚自由裁量适用规则（试行）》第十条
《全省治超重点整治行动方案》,交通运输,ai,True,<泛类型>,治超行动方案属公路运输超限治理。,交通运输违规,(6-7) 泛型法条被AI分为具体分类'交通运输'，应删除 | 原标记: <泛类型> | 法条: 《全省治超重点整治行动方案》
《全省钢铁企业专项执法行动检查问题移交表（山东钢铁股份有限公司莱芜分公司）》,环境保护,ai,True,<泛类型>,《钢铁企业专项执法》通常涉排污环保问题。,环境保护,(6-7) 泛型法条被AI分为具体分类'环境保护'，应删除 | 原标记: <泛类型> | 法条: 《全省钢铁企业专项执法行动检查问题移交表（山东钢铁股份有限公司莱芜分公司）》
《全竹浆本色生活用纸》,产品质量与安全,ai,True,<泛类型>,《全竹浆本色生活用纸》属产品质量规范。,产品质量,(6-7) 泛型法条被AI分为具体分类'产品质量与安全'，应删除 | 原标记: <泛类型> | 法条: 《全竹浆本色生活用纸》
《全阳泉9.13抢海尔场馆活动方案》,*市场促销活动管理*,ai,True,<泛类型>,文件为抢购活动方案，涉促销管理。,*市场促销活动管理*,(6-6) AI分类含星号'*市场促销活动管理*'，分类不确定 | 法条: 《全阳泉9.13抢海尔场馆活动方案》
《全阳泉9.13海尔场馆活动方案》,*活动组织管理*,ai,True,<泛类型>,仅为活动方案标题，无具体违法情节。,*活动组织管理*,(6-6) AI分类含星号'*活动组织管理*'，分类不确定 | 法条: 《全阳泉9.13海尔场馆活动方案》
《八片石门作业规程》,安全生产,ai,True,<泛类型>,作业规程属生产安全操作规范。,安全生产,(6-7) 泛型法条被AI分为具体分类'安全生产'，应删除 | 原标记: <泛类型> | 法条: 《八片石门作业规程》
《公共场所卫生指标及限值要求》,卫生健康,ai,True,<泛类型>,公共场所卫生标准，属卫生监管。,医疗卫生,(6-7) 泛型法条被AI分为具体分类'卫生健康'，应删除 | 原标记: <泛类型> | 法条: 《公共场所卫生指标及限值要求》
《公共场所卫生管理条例》,卫生健康,ai,True,<泛类型>,依据公共场所卫生管理条例，属卫生监管。,医疗卫生,(6-7) 泛型法条被AI分为具体分类'卫生健康'，应删除 | 原标记: <泛类型> | 法条: 《公共场所卫生管理条例》
《公共场所卫生管理条例》第七条,卫生健康,ai,True,<泛类型>,《公共场所卫生管理条例》属卫生管理规范。,医疗卫生,(6-7) 泛型法条被AI分为具体分类'卫生健康'，应删除 | 原标记: <泛类型> | 法条: 《公共场所卫生管理条例》第七条
《公共场所卫生管理条例》第七条;,卫生健康,ai,True,<泛类型>,公共场所卫生管理条例属卫生监管范围。,医疗卫生,(6-7) 泛型法条被AI分为具体分类'卫生健康'，应删除 | 原标记: <泛类型> | 法条: 《公共场所卫生管理条例》第七条;
《公共场所卫生管理条例》第七条、,卫生健康,ai,True,<泛类型>,依据公共场所卫生管理条例，属卫生监管。,医疗卫生,(6-7) 泛型法条被AI分为具体分类'卫生健康'，应删除 | 原标记: <泛类型> | 法条: 《公共场所卫生管理条例》第七条、
《公共场所卫生管理条例》第七条及,卫生健康,ai,True,<泛类型>,《公共场所卫生管理条例》属卫生管理。,医疗卫生,(6-7) 泛型法条被AI分为具体分类'卫生健康'，应删除 | 原标记: <泛类型> | 法条: 《公共场所卫生管理条例》第七条及
《公共场所卫生管理条例》第三条第(五)项、,卫生健康,ai,True,<泛类型>,《公共场所卫生管理条例》属卫生监管。,医疗卫生,(6-7) 泛型法条被AI分为具体分类'卫生健康'，应删除 | 原标记: <泛类型> | 法条: 《公共场所卫生管理条例》第三条第(五)项、
《公共场所卫生管理条例》第三条第一款、,卫生健康,ai,True,<泛类型>,依据公共场所卫生管理条例，属卫生监管。,医疗卫生,(6-7) 泛型法条被AI分为具体分类'卫生健康'，应删除 | 原标记: <泛类型> | 法条: 《公共场所卫生管理条例》第三条第一款、
《公共场所卫生管理条例》第三条第一款第(五)项,卫生健康,ai,True,<泛类型>,《公共场所卫生管理条例》属卫生管理领域。,医疗卫生,(6-7) 泛型法条被AI分为具体分类'卫生健康'，应删除 | 原标记: <泛类型> | 法条: 《公共场所卫生管理条例》第三条第一款第(五)项
《公共场所卫生管理条例》第三条第一款第(五)项,卫生健康,ai,True,<泛类型>,《公共场所卫生管理条例》属卫生监管。,医疗卫生,(6-7) 泛型法条被AI分为具体分类'卫生健康'，应删除 | 原标记: <泛类型> | 法条: 《公共场所卫生管理条例》第三条第一款第(五)项
《公共场所卫生管理条例》第三条第一款第(五)项关于“公共场所的下列项,卫生健康,ai,True,<泛类型>,属公共场所卫生管理范畴。,医疗卫生,(6-7) 泛型法条被AI分为具体分类'卫生健康'，应删除 | 原标记: <泛类型> | 法条: 《公共场所卫生管理条例》第三条第一款第(五)项关于“公共场所的下列项
《公共场所卫生管理条例》第三条第一款第一项,卫生健康,ai,True,<泛类型>,公共场所卫生管理，属卫生监管。,医疗卫生,(6-7) 泛型法条被AI分为具体分类'卫生健康'，应删除 | 原标记: <泛类型> | 法条: 《公共场所卫生管理条例》第三条第一款第一项
《公共场所卫生管理条例》第三条第一款第一项;,卫生健康,ai,True,<泛类型>,《公共场所卫生管理条例》属卫生管理规范。,医疗卫生,(6-7) 泛型法条被AI分为具体分类'卫生健康'，应删除 | 原标记: <泛类型> | 法条: 《公共场所卫生管理条例》第三条第一款第一项;
《公共场所卫生管理条例》第三条第一款第一项、,卫生健康,ai,True,<泛类型>,《公共场所卫生管理条例》属卫生管理。,医疗卫生,(6-7) 泛型法条被AI分为具体分类'卫生健康'，应删除 | 原标记: <泛类型> | 法条: 《公共场所卫生管理条例》第三条第一款第一项、
《公共场所卫生管理条例》第三条第一款第三项,卫生健康,ai,True,<泛类型>,属公共场所卫生管理领域规定。,医疗卫生,(6-7) 泛型法条被AI分为具体分类'卫生健康'，应删除 | 原标记: <泛类型> | 法条: 《公共场所卫生管理条例》第三条第一款第三项
《公共场所卫生管理条例》第三条第一款第五项,卫生健康,ai,True,<泛类型>,《公共场所卫生管理条例》属卫生监管。,医疗卫生,(6-7) 泛型法条被AI分为具体分类'卫生健康'，应删除 | 原标记: <泛类型> | 法条: 《公共场所卫生管理条例》第三条第一款第五项
《公共场所卫生管理条例》第三条第一款第五项、,卫生健康,ai,True,<泛类型>,系公共场所卫生管理范畴，属医疗卫生。,医疗卫生,(6-7) 泛型法条被AI分为具体分类'卫生健康'，应删除 | 原标记: <泛类型> | 法条: 《公共场所卫生管理条例》第三条第一款第五项、
《公共场所卫生管理条例》第三条第一款第四项,卫生健康,ai,True,<泛类型>,公共场所卫生管理明确属医疗卫生监管。,医疗卫生,(6-7) 泛型法条被AI分为具体分类'卫生健康'，应删除 | 原标记: <泛类型> | 法条: 《公共场所卫生管理条例》第三条第一款第四项
《公共场所卫生管理条例》第三条第一款第（一）项;,卫生健康,ai,True,<泛类型>,公共场所卫生管理条例属卫生监管领域。,医疗卫生,(6-7) 泛型法条被AI分为具体分类'卫生健康'，应删除 | 原标记: <泛类型> | 法条: 《公共场所卫生管理条例》第三条第一款第（一）项;
《公共场所卫生管理条例》第三条第一款第（一）项、第（二）项、第（三）项,卫生健康,ai,True,<泛类型>,涉及公共场所卫生管理规定。,医疗卫生,(6-7) 泛型法条被AI分为具体分类'卫生健康'，应删除 | 原标记: <泛类型> | 法条: 《公共场所卫生管理条例》第三条第一款第（一）项、第（二）项、第（三）项
《公共场所卫生管理条例》第三条第一款第（二）项,卫生健康,ai,True,<泛类型>,公共场所卫生管理，属医疗卫生领域。,医疗卫生,(6-7) 泛型法条被AI分为具体分类'卫生健康'，应删除 | 原标记: <泛类型> | 法条: 《公共场所卫生管理条例》第三条第一款第（二）项
《公共场所卫生管理条例》第三条第一款第（二）项、,卫生健康,ai,True,<泛类型>,《公共场所卫生管理条例》属卫生管理事项。,医疗卫生,(6-7) 泛型法条被AI分为具体分类'卫生健康'，应删除 | 原标记: <泛类型> | 法条: 《公共场所卫生管理条例》第三条第一款第（二）项、
《公共场所卫生管理条例》第三条第一款第（五）项,卫生健康,ai,True,<泛类型>,公共场所卫生管理，属卫生监管。,医疗卫生,(6-7) 泛型法条被AI分为具体分类'卫生健康'，应删除 | 原标记: <泛类型> | 法条: 《公共场所卫生管理条例》第三条第一款第（五）项
《公共场所卫生管理条例》第三条第一款第（五）项、,卫生健康,ai,True,<泛类型>,依据公共场所卫生管理条例，属卫生监管。,医疗卫生,(6-7) 泛型法条被AI分为具体分类'卫生健康'，应删除 | 原标记: <泛类型> | 法条: 《公共场所卫生管理条例》第三条第一款第（五）项、
《公共场所卫生管理条例》第三条第一款第（五）项：“公共场所的下列项,卫生健康,ai,True,<泛类型>,涉及公共场所卫生管理规范问题。,医疗卫生,(6-7) 泛型法条被AI分为具体分类'卫生健康'，应删除 | 原标记: <泛类型> | 法条: 《公共场所卫生管理条例》第三条第一款第（五）项：“公共场所的下列项
《公共场所卫生管理条例》第八条,卫生健康,ai,True,<泛类型>,《公共场所卫生管理条例》属卫生监管。,医疗卫生,(6-7) 泛型法条被AI分为具体分类'卫生健康'，应删除 | 原标记: <泛类型> | 法条: 《公共场所卫生管理条例》第八条
《公共场所卫生管理条例》第八条,卫生健康,ai,True,<泛类型>,公共场所卫生管理，属医疗卫生范畴。,医疗卫生,(6-7) 泛型法条被AI分为具体分类'卫生健康'，应删除 | 原标记: <泛类型> | 法条: 《公共场所卫生管理条例》第八条
《公共场所卫生管理条例》第十四条、,卫生健康,ai,True,<泛类型>,依据公共场所卫生管理条例，属卫生监管。,医疗卫生,(6-7) 泛型法条被AI分为具体分类'卫生健康'，应删除 | 原标记: <泛类型> | 法条: 《公共场所卫生管理条例》第十四条、
《公共场所卫生管理条例》第十四条第一款、,卫生健康,ai,True,<泛类型>,依据公共场所卫生管理条例，属卫生监管。,医疗卫生,(6-7) 泛型法条被AI分为具体分类'卫生健康'，应删除 | 原标记: <泛类型> | 法条: 《公共场所卫生管理条例》第十四条第一款、
《公共场所卫生管理条例》第十四条第一款第(一)项,卫生健康,ai,True,<泛类型>,公共场所卫生管理规制，属卫生领域。,医疗卫生,(6-7) 泛型法条被AI分为具体分类'卫生健康'，应删除 | 原标记: <泛类型> | 法条: 《公共场所卫生管理条例》第十四条第一款第(一)项
《公共场所卫生管理条例》第十四条第一款第(一)项;,卫生健康,ai,True,<泛类型>,依据公共场所卫生管理条例，属卫生监管。,医疗卫生,(6-7) 泛型法条被AI分为具体分类'卫生健康'，应删除 | 原标记: <泛类型> | 法条: 《公共场所卫生管理条例》第十四条第一款第(一)项;
《公共场所卫生管理条例》第十四条第一款第(二)项,卫生健康,ai,True,<泛类型>,公共场所卫生监管，属医疗卫生范围。,医疗卫生,(6-7) 泛型法条被AI分为具体分类'卫生健康'，应删除 | 原标记: <泛类型> | 法条: 《公共场所卫生管理条例》第十四条第一款第(二)项
《公共场所卫生管理条例》第十四条第一款第(二)项;,卫生健康,ai,True,<泛类型>,公共场所卫生管理条例属卫生监管。,医疗卫生,(6-7) 泛型法条被AI分为具体分类'卫生健康'，应删除 | 原标记: <泛类型> | 法条: 《公共场所卫生管理条例》第十四条第一款第(二)项;
《公共场所卫生管理条例》第十四条第一款第(二)项、,卫生健康,ai,True,<泛类型>,公共场所卫生管理条例属卫生监管。,医疗卫生,(6-7) 泛型法条被AI分为具体分类'卫生健康'，应删除 | 原标记: <泛类型> | 法条: 《公共场所卫生管理条例》第十四条第一款第(二)项、
《公共场所卫生管理条例》第十四条第一款第(二)项及,卫生健康,ai,True,<泛类型>,适用公共场所卫生管理条例，属卫生监管。,医疗卫生,(6-7) 泛型法条被AI分为具体分类'卫生健康'，应删除 | 原标记: <泛类型> | 法条: 《公共场所卫生管理条例》第十四条第一款第(二)项及
《公共场所卫生管理条例》第十四条第一款第(二)项和,卫生健康,ai,True,<泛类型>,《公共场所卫生管理条例》属卫生领域。,医疗卫生,(6-7) 泛型法条被AI分为具体分类'卫生健康'，应删除 | 原标记: <泛类型> | 法条: 《公共场所卫生管理条例》第十四条第一款第(二)项和
《公共场所卫生管理条例》第十四条第一款第(四)项,卫生健康,ai,True,<泛类型>,依据公共场所卫生管理条例，属卫生监管。,医疗卫生,(6-7) 泛型法条被AI分为具体分类'卫生健康'，应删除 | 原标记: <泛类型> | 法条: 《公共场所卫生管理条例》第十四条第一款第(四)项
《公共场所卫生管理条例》第十四条第一款第二项;,卫生健康,ai,True,<泛类型>,公共场所卫生管理，属医疗卫生监管。,医疗卫生,(6-7) 泛型法条被AI分为具体分类'卫生健康'，应删除 | 原标记: <泛类型> | 法条: 《公共场所卫生管理条例》第十四条第一款第二项;
《公共场所卫生管理条例》第十四条第一款第四项;,卫生健康,ai,True,<泛类型>,依据公共场所卫生管理条例，属卫生监管。,医疗卫生,(6-7) 泛型法条被AI分为具体分类'卫生健康'，应删除 | 原标记: <泛类型> | 法条: 《公共场所卫生管理条例》第十四条第一款第四项;
《公共场所卫生管理条例》第十四条第一款第（一）项,卫生健康,ai,True,<泛类型>,公共场所卫生管理条例，属卫生监管。,医疗卫生,(6-7) 泛型法条被AI分为具体分类'卫生健康'，应删除 | 原标记: <泛类型> | 法条: 《公共场所卫生管理条例》第十四条第一款第（一）项
《公共场所卫生管理条例》第十四条第一款第（一）项、,卫生健康,ai,True,<泛类型>,系公共场所卫生管理领域规定。,医疗卫生,(6-7) 泛型法条被AI分为具体分类'卫生健康'，应删除 | 原标记: <泛类型> | 法条: 《公共场所卫生管理条例》第十四条第一款第（一）项、
《公共场所卫生管理条例》第十四条第一款第（二）项;,卫生健康,ai,True,<泛类型>,公共场所卫生管理规范，属卫生监管。,医疗卫生,(6-7) 泛型法条被AI分为具体分类'卫生健康'，应删除 | 原标记: <泛类型> | 法条: 《公共场所卫生管理条例》第十四条第一款第（二）项;
《公共场所卫生管理条例》第十四条第一款第（二）项、,卫生健康,ai,True,<泛类型>,《公共场所卫生管理条例》属卫生监管。,医疗卫生,(6-7) 泛型法条被AI分为具体分类'卫生健康'，应删除 | 原标记: <泛类型> | 法条: 《公共场所卫生管理条例》第十四条第一款第（二）项、
《公共场所卫生管理条例》第十四条第一款第（四）项,卫生健康,ai,True,<泛类型>,公共场所卫生管理事项，属医疗卫生。,医疗卫生,(6-7) 泛型法条被AI分为具体分类'卫生健康'，应删除 | 原标记: <泛类型> | 法条: 《公共场所卫生管理条例》第十四条第一款第（四）项
《公共场所卫生管理条例》第十四条第一款（二）、,卫生健康,ai,True,<泛类型>,依据公共场所卫生管理条例属卫生监管。,医疗卫生,(6-7) 泛型法条被AI分为具体分类'卫生健康'，应删除 | 原标记: <泛类型> | 法条: 《公共场所卫生管理条例》第十四条第一款（二）、
《公共场所卫生管理条例》第四条第一款、第八条;,卫生健康,ai,True,<泛类型>,依据公共场所卫生管理条例，属卫生监管。,医疗卫生,(6-7) 泛型法条被AI分为具体分类'卫生健康'，应删除 | 原标记: <泛类型> | 法条: 《公共场所卫生管理条例》第四条第一款、第八条;
《公共场所卫生管理条例》第四条第一款、第八条及,卫生健康,ai,True,<泛类型>,属公共场所卫生管理领域。,医疗卫生,(6-7) 泛型法条被AI分为具体分类'卫生健康'，应删除 | 原标记: <泛类型> | 法条: 《公共场所卫生管理条例》第四条第一款、第八条及
《公共场所卫生管理条例实施细则》,卫生健康,ai,True,<泛类型>,依据公共场所卫生管理条例，属卫生监管。,医疗卫生,(6-7) 泛型法条被AI分为具体分类'卫生健康'，应删除 | 原标记: <泛类型> | 法条: 《公共场所卫生管理条例实施细则》
《公共场所卫生管理条例实施细则》第三十七条第(七)项的规定,卫生健康,ai,True,<泛类型>,涉及公共场所卫生管理规范。,医疗卫生,(6-7) 泛型法条被AI分为具体分类'卫生健康'，应删除 | 原标记: <泛类型> | 法条: 《公共场所卫生管理条例实施细则》第三十七条第(七)项的规定
《公共场所卫生管理条例实施细则》第三十九条第一款,卫生健康,ai,True,<泛类型>,依据公共场所卫生管理条例，属卫生监管。,医疗卫生,(6-7) 泛型法条被AI分为具体分类'卫生健康'，应删除 | 原标记: <泛类型> | 法条: 《公共场所卫生管理条例实施细则》第三十九条第一款
《公共场所卫生管理条例实施细则》第三十五条第一款,卫生健康,ai,True,<泛类型>,公共场所卫生管理规范，属卫生监管。,医疗卫生,(6-7) 泛型法条被AI分为具体分类'卫生健康'，应删除 | 原标记: <泛类型> | 法条: 《公共场所卫生管理条例实施细则》第三十五条第一款
《公共场所卫生管理条例实施细则》第三十五条第一款、,卫生健康,ai,True,<泛类型>,依据公共场所卫生管理条例实施细则。,医疗卫生,(6-7) 泛型法条被AI分为具体分类'卫生健康'，应删除 | 原标记: <泛类型> | 法条: 《公共场所卫生管理条例实施细则》第三十五条第一款、
《公共场所卫生管理条例实施细则》第三十五条第一款第（二）项,卫生健康,ai,True,<泛类型>,公共场所卫生管理规范，属卫生监管。,医疗卫生,(6-7) 泛型法条被AI分为具体分类'卫生健康'，应删除 | 原标记: <泛类型> | 法条: 《公共场所卫生管理条例实施细则》第三十五条第一款第（二）项
《公共场所卫生管理条例实施细则》第三十八条,卫生健康,ai,True,<泛类型>,《公共场所卫生管理条例》属卫生监管范围。,医疗卫生,(6-7) 泛型法条被AI分为具体分类'卫生健康'，应删除 | 原标记: <泛类型> | 法条: 《公共场所卫生管理条例实施细则》第三十八条
《公共场所卫生管理条例实施细则》第三十八条,卫生健康,ai,True,<泛类型>,公共场所卫生管理，属卫生监管。,医疗卫生,(6-7) 泛型法条被AI分为具体分类'卫生健康'，应删除 | 原标记: <泛类型> | 法条: 《公共场所卫生管理条例实施细则》第三十八条
《公共场所卫生管理条例实施细则》第三十八条;第三十六条第一项,卫生健康,ai,True,<泛类型>,公共场所卫生管理条例，属卫生监管。,医疗卫生,(6-7) 泛型法条被AI分为具体分类'卫生健康'，应删除 | 原标记: <泛类型> | 法条: 《公共场所卫生管理条例实施细则》第三十八条;第三十六条第一项
《公共场所卫生管理条例实施细则》第三十八条、第三十六条第一款第(二)项,卫生健康,ai,True,<泛类型>,公共场所卫生管理条例，属卫生监管。,医疗卫生,(6-7) 泛型法条被AI分为具体分类'卫生健康'，应删除 | 原标记: <泛类型> | 法条: 《公共场所卫生管理条例实施细则》第三十八条、第三十六条第一款第(二)项
《公共场所卫生管理条例实施细则》第三十八条、第三十六条第二项,卫生健康,ai,True,<泛类型>,公共场所卫生管理条例，属卫生监管。,医疗卫生,(6-7) 泛型法条被AI分为具体分类'卫生健康'，应删除 | 原标记: <泛类型> | 法条: 《公共场所卫生管理条例实施细则》第三十八条、第三十六条第二项
《公共场所卫生管理条例实施细则》第三十六条,卫生健康,ai,True,<泛类型>,公共场所卫生监管，属医疗卫生范畴。,医疗卫生,(6-7) 泛型法条被AI分为具体分类'卫生健康'，应删除 | 原标记: <泛类型> | 法条: 《公共场所卫生管理条例实施细则》第三十六条
《公共场所卫生管理条例实施细则》第三十六条第(一)项、,卫生健康,ai,True,<泛类型>,依据公共场所卫生管理条例实施细则规定。,医疗卫生,(6-7) 泛型法条被AI分为具体分类'卫生健康'，应删除 | 原标记: <泛类型> | 法条: 《公共场所卫生管理条例实施细则》第三十六条第(一)项、
《公共场所卫生管理条例实施细则》第三十六条第(一)项的规定,卫生健康,ai,True,<泛类型>,公共场所卫生管理条例属于卫生监管。,医疗卫生,(6-7) 泛型法条被AI分为具体分类'卫生健康'，应删除 | 原标记: <泛类型> | 法条: 《公共场所卫生管理条例实施细则》第三十六条第(一)项的规定
《公共场所卫生管理条例实施细则》第三十六条第(二)项,卫生健康,ai,True,<泛类型>,依据公共场所卫生管理条例，属卫生监管。,医疗卫生,(6-7) 泛型法条被AI分为具体分类'卫生健康'，应删除 | 原标记: <泛类型> | 法条: 《公共场所卫生管理条例实施细则》第三十六条第(二)项
《公共场所卫生管理条例实施细则》第三十六条第(二)项,卫生健康,ai,True,<泛类型>,公共场所卫生管理，属医疗卫生监管。,医疗卫生,(6-7) 泛型法条被AI分为具体分类'卫生健康'，应删除 | 原标记: <泛类型> | 法条: 《公共场所卫生管理条例实施细则》第三十六条第(二)项
《公共场所卫生管理条例实施细则》第三十六条第一款,卫生健康,ai,True,<泛类型>,公共场所卫生管理条例，属卫生监管。,医疗卫生,(6-7) 泛型法条被AI分为具体分类'卫生健康'，应删除 | 原标记: <泛类型> | 法条: 《公共场所卫生管理条例实施细则》第三十六条第一款
《公共场所卫生管理条例实施细则》第三十六条第一款第（一）项,卫生健康,ai,True,<泛类型>,依据公共场所卫生管理条例内容归入医疗卫生。,医疗卫生,(6-7) 泛型法条被AI分为具体分类'卫生健康'，应删除 | 原标记: <泛类型> | 法条: 《公共场所卫生管理条例实施细则》第三十六条第一款第（一）项
《公共场所卫生管理条例实施细则》第三十六条第一款第（二）项,卫生健康,ai,True,<泛类型>,公共场所卫生管理规范，属医疗卫生。,医疗卫生,(6-7) 泛型法条被AI分为具体分类'卫生健康'，应删除 | 原标记: <泛类型> | 法条: 《公共场所卫生管理条例实施细则》第三十六条第一款第（二）项
《公共场所卫生管理条例实施细则》第三十六条第一项,卫生健康,ai,True,<泛类型>,公共场所卫生管理规范，属卫生监管。,医疗卫生,(6-7) 泛型法条被AI分为具体分类'卫生健康'，应删除 | 原标记: <泛类型> | 法条: 《公共场所卫生管理条例实施细则》第三十六条第一项
《公共场所卫生管理条例实施细则》第三十六条第二项,卫生健康,ai,True,<泛类型>,公共场所卫生管理法规，属卫生监管。,医疗卫生,(6-7) 泛型法条被AI分为具体分类'卫生健康'，应删除 | 原标记: <泛类型> | 法条: 《公共场所卫生管理条例实施细则》第三十六条第二项
《公共场所卫生管理条例实施细则》第三十六条第二项,卫生健康,ai,True,<泛类型>,公共场所卫生管理条例属卫生监管。,医疗卫生,(6-7) 泛型法条被AI分为具体分类'卫生健康'，应删除 | 原标记: <泛类型> | 法条: 《公共场所卫生管理条例实施细则》第三十六条第二项
《公共场所卫生管理条例实施细则》第三十六条第（一）项,卫生健康,ai,True,<泛类型>,公共场所卫生管理规范，属卫生领域。,医疗卫生,(6-7) 泛型法条被AI分为具体分类'卫生健康'，应删除 | 原标记: <泛类型> | 法条: 《公共场所卫生管理条例实施细则》第三十六条第（一）项
《公共场所卫生管理条例实施细则》第三十六条第（二）项,卫生健康,ai,True,<泛类型>,公共场所卫生管理规范，属医疗卫生。,医疗卫生,(6-7) 泛型法条被AI分为具体分类'卫生健康'，应删除 | 原标记: <泛类型> | 法条: 《公共场所卫生管理条例实施细则》第三十六条第（二）项
《公共场所卫生管理条例实施细则》第三十六条第（二）项,卫生健康,ai,True,<泛类型>,公共场所卫生管理规定，属卫生监管。,医疗卫生,(6-7) 泛型法条被AI分为具体分类'卫生健康'，应删除 | 原标记: <泛类型> | 法条: 《公共场所卫生管理条例实施细则》第三十六条第（二）项
《公共场所卫生管理条例实施细则》第二十二条第一款,卫生健康,ai,True,<泛类型>,《公共场所卫生管理条例》属卫生监管。,医疗卫生,(6-7) 泛型法条被AI分为具体分类'卫生健康'，应删除 | 原标记: <泛类型> | 法条: 《公共场所卫生管理条例实施细则》第二十二条第一款
《公共场所卫生管理条例实施细则》第二十二条第一款,卫生健康,ai,True,<泛类型>,属公共场所卫生规范管理范畴。,医疗卫生,(6-7) 泛型法条被AI分为具体分类'卫生健康'，应删除 | 原标记: <泛类型> | 法条: 《公共场所卫生管理条例实施细则》第二十二条第一款
《公共场所卫生管理条例实施细则》第二十二条第一款、第二款的规定,卫生健康,ai,True,<泛类型>,公共场所卫生管理法规，属卫生领域。,医疗卫生,(6-7) 泛型法条被AI分为具体分类'卫生健康'，应删除 | 原标记: <泛类型> | 法条: 《公共场所卫生管理条例实施细则》第二十二条第一款、第二款的规定
《公共场所卫生管理条例实施细则》第二十二条第二款,卫生健康,ai,True,<泛类型>,公共场所卫生管理规范，属医疗卫生。,医疗卫生,(6-7) 泛型法条被AI分为具体分类'卫生健康'，应删除 | 原标记: <泛类型> | 法条: 《公共场所卫生管理条例实施细则》第二十二条第二款
《公共场所卫生管理条例实施细则》第二十二条第二款,卫生健康,ai,True,<泛类型>,公共场所卫生管理条例，属卫生监管。,医疗卫生,(6-7) 泛型法条被AI分为具体分类'卫生健康'，应删除 | 原标记: <泛类型> | 法条: 《公共场所卫生管理条例实施细则》第二十二条第二款
《公共场所卫生管理条例实施细则》第二十二条第二款、,卫生健康,ai,True,<泛类型>,依据公共场所卫生条例实施细则，属卫生管理。,医疗卫生,(6-7) 泛型法条被AI分为具体分类'卫生健康'，应删除 | 原标记: <泛类型> | 法条: 《公共场所卫生管理条例实施细则》第二十二条第二款、
《公共场所卫生管理条例实施细则》第八条第一款第（七）项,卫生健康,ai,True,<泛类型>,公共场所卫生管理，属卫生监管。,医疗卫生,(6-7) 泛型法条被AI分为具体分类'卫生健康'，应删除 | 原标记: <泛类型> | 法条: 《公共场所卫生管理条例实施细则》第八条第一款第（七）项
《公共场所卫生管理条例实施细则》第十一条第二款,卫生健康,ai,True,<泛类型>,涉及公共场所卫生管理规范。,医疗卫生,(6-7) 泛型法条被AI分为具体分类'卫生健康'，应删除 | 原标记: <泛类型> | 法条: 《公共场所卫生管理条例实施细则》第十一条第二款
《公共场所卫生管理条例实施细则》第十一条第二款,卫生健康,ai,True,<泛类型>,公共场所卫生管理，属医疗卫生监管范围。,医疗卫生,(6-7) 泛型法条被AI分为具体分类'卫生健康'，应删除 | 原标记: <泛类型> | 法条: 《公共场所卫生管理条例实施细则》第十一条第二款
《公共场所卫生管理条例实施细则》第十九条,卫生健康,ai,True,<泛类型>,属公共场所卫生管理领域规定。,医疗卫生,(6-7) 泛型法条被AI分为具体分类'卫生健康'，应删除 | 原标记: <泛类型> | 法条: 《公共场所卫生管理条例实施细则》第十九条
《公共场所卫生管理条例实施细则》第十九条、,卫生健康,ai,True,<泛类型>,依据公共场所卫生管理条例，属卫生管理。,医疗卫生,(6-7) 泛型法条被AI分为具体分类'卫生健康'，应删除 | 原标记: <泛类型> | 法条: 《公共场所卫生管理条例实施细则》第十九条、
《公共场所卫生管理条例实施细则》第十九条第一款,卫生健康,ai,True,<泛类型>,公共场所卫生管理规范，属医疗卫生。,医疗卫生,(6-7) 泛型法条被AI分为具体分类'卫生健康'，应删除 | 原标记: <泛类型> | 法条: 《公共场所卫生管理条例实施细则》第十九条第一款
《公共场所卫生管理条例实施细则》第十九条第一款,卫生健康,ai,True,<泛类型>,公共场所卫生管理，属卫生监管。,医疗卫生,(6-7) 泛型法条被AI分为具体分类'卫生健康'，应删除 | 原标记: <泛类型> | 法条: 《公共场所卫生管理条例实施细则》第十九条第一款
《公共场所卫生管理条例实施细则》第十二条,卫生健康,ai,True,<泛类型>,依据公共场所卫生管理规定。,医疗卫生,(6-7) 泛型法条被AI分为具体分类'卫生健康'，应删除 | 原标记: <泛类型> | 法条: 《公共场所卫生管理条例实施细则》第十二条
《公共场所卫生管理条例实施细则》第十二条,卫生健康,ai,True,<泛类型>,公共场所卫生管理法规，属卫生监管。,医疗卫生,(6-7) 泛型法条被AI分为具体分类'卫生健康'，应删除 | 原标记: <泛类型> | 法条: 《公共场所卫生管理条例实施细则》第十二条
《公共场所卫生管理条例实施细则》第十四条,卫生健康,ai,True,<泛类型>,属公共场所卫生管理范畴。,医疗卫生,(6-7) 泛型法条被AI分为具体分类'卫生健康'，应删除 | 原标记: <泛类型> | 法条: 《公共场所卫生管理条例实施细则》第十四条
《公共场所卫生管理条例实施细则》第十四条,卫生健康,ai,True,<泛类型>,依据公共场所卫生管理条例，属卫生监管。,医疗卫生,(6-7) 泛型法条被AI分为具体分类'卫生健康'，应删除 | 原标记: <泛类型> | 法条: 《公共场所卫生管理条例实施细则》第十四条
《公共场所卫生管理条例实施细则》第十四条、,卫生健康,ai,True,<泛类型>,公共场所卫生管理条例属卫生监管。,医疗卫生,(6-7) 泛型法条被AI分为具体分类'卫生健康'，应删除 | 原标记: <泛类型> | 法条: 《公共场所卫生管理条例实施细则》第十四条、
《公共场所卫生管理条例实施细则》第十四条之规定,卫生健康,ai,True,<泛类型>,公共场所卫生管理，属卫生监管。,医疗卫生,(6-7) 泛型法条被AI分为具体分类'卫生健康'，应删除 | 原标记: <泛类型> | 法条: 《公共场所卫生管理条例实施细则》第十四条之规定
《公共场所卫生管理条例实施细则》第十四条的规定,卫生健康,ai,True,<泛类型>,公共场所卫生管理法规，属卫生监管。,医疗卫生,(6-7) 泛型法条被AI分为具体分类'卫生健康'，应删除 | 原标记: <泛类型> | 法条: 《公共场所卫生管理条例实施细则》第十四条的规定
《公共场所卫生管理条例实施细则》第十条,卫生健康,ai,True,<泛类型>,公共场所卫生管理，属医疗卫生领域。,医疗卫生,(6-7) 泛型法条被AI分为具体分类'卫生健康'，应删除 | 原标记: <泛类型> | 法条: 《公共场所卫生管理条例实施细则》第十条
《公共场所卫生管理条例实施细则》第十条第一款,卫生健康,ai,True,<泛类型>,《公共场所卫生管理条例》属卫生监管。,医疗卫生,(6-7) 泛型法条被AI分为具体分类'卫生健康'，应删除 | 原标记: <泛类型> | 法条: 《公共场所卫生管理条例实施细则》第十条第一款
《公共场所卫生管理条例实施细则》第十条第一款,卫生健康,ai,True,<泛类型>,涉公共场所卫生管理规范。,医疗卫生,(6-7) 泛型法条被AI分为具体分类'卫生健康'，应删除 | 原标记: <泛类型> | 法条: 《公共场所卫生管理条例实施细则》第十条第一款
《公共场所卫生管理条例实施细则》第十条第一款的规定,卫生健康,ai,True,<泛类型>,依据公共场所卫生管理条例实施细则规定。,医疗卫生,(6-7) 泛型法条被AI分为具体分类'卫生健康'，应删除 | 原标记: <泛类型> | 法条: 《公共场所卫生管理条例实施细则》第十条第一款的规定
《公共场所卫生管理规范》,卫生健康,ai,True,<泛类型>,依据公共场所卫生管理规范，属卫生监管。,医疗卫生,(6-7) 泛型法条被AI分为具体分类'卫生健康'，应删除 | 原标记: <泛类型> | 法条: 《公共场所卫生管理规范》
《公共场所卫生管第一款理条例实施细则》第三十六条第二项,卫生健康,ai,True,<泛类型>,公共场所卫生管理条例，属卫生监管。,医疗卫生,(6-7) 泛型法条被AI分为具体分类'卫生健康'，应删除 | 原标记: <泛类型> | 法条: 《公共场所卫生管第一款理条例实施细则》第三十六条第二项
《公共场所管理条例细则》第三十七条第三项,治安管理,ai,True,<泛类型>,公共场所秩序管理，一般属治安管理。,治安管理,(6-7) 泛型法条被AI分为具体分类'治安管理'，应删除 | 原标记: <泛类型> | 法条: 《公共场所管理条例细则》第三十七条第三项
《公共租赁住房管理办法》第七条,建设工程与房地产,ai,True,<泛类型>,公共租赁住房管理，属住房房地产领域。,房地产/土地,(6-7) 泛型法条被AI分为具体分类'建设工程与房地产'，应删除 | 原标记: <泛类型> | 法条: 《公共租赁住房管理办法》第七条
《公共租赁住房管理办法》第三十四条第（一）项,建设工程与房地产,ai,True,<泛类型>,规范公共租赁住房使用管理，属住房领域。,房地产/土地,(6-7) 泛型法条被AI分为具体分类'建设工程与房地产'，应删除 | 原标记: <泛类型> | 法条: 《公共租赁住房管理办法》第三十四条第（一）项
《公关传播合同》,*合同公关服务纠纷*,ai,True,<泛类型>,仅见公关传播合同字样，属合同纠纷。,*合同公关服务纠纷*,(6-6) AI分类含星号'*合同公关服务纠纷*'，分类不确定 | 法条: 《公关传播合同》
《公司法》,市场主体与登记治理,ai,True,<泛类型>,依据《公司法》多涉公司登记管理。,无照经营/登记问题,(6-7) 泛型法条被AI分为具体分类'市场主体与登记治理'，应删除 | 原标记: <泛类型> | 法条: 《公司法》
《公司法》第30条第三款,市场主体与登记治理,ai,True,<泛类型>,涉及公司登记事项变更、登记义务。,无照经营/登记问题,(6-7) 泛型法条被AI分为具体分类'市场主体与登记治理'，应删除 | 原标记: <泛类型> | 法条: 《公司法》第30条第三款
《公司法》第一十二条,市场主体与登记治理,ai,True,<泛类型>,涉及公司登记规范与设立要件。,无照经营/登记问题,(6-7) 泛型法条被AI分为具体分类'市场主体与登记治理'，应删除 | 原标记: <泛类型> | 法条: 《公司法》第一十二条
《公司法》第一百八十八条,财税与金融监管,ai,True,<泛类型>,该条规范公司财务会计处理。,会计/账务,(6-7) 泛型法条被AI分为具体分类'财税与金融监管'，应删除 | 原标记: <泛类型> | 法条: 《公司法》第一百八十八条
《公司法》第七条,市场主体与登记治理,ai,True,<泛类型>,《公司法》第七条为公司登记设立条件。,无照经营/登记问题,(6-7) 泛型法条被AI分为具体分类'市场主体与登记治理'，应删除 | 原标记: <泛类型> | 法条: 《公司法》第七条
《公司法》第七条第三款,市场主体与登记治理,ai,True,<泛类型>,公司登记事项违法，属登记问题。,无照经营/登记问题,(6-7) 泛型法条被AI分为具体分类'市场主体与登记治理'，应删除 | 原标记: <泛类型> | 法条: 《公司法》第七条第三款
《公司法》第二十六条、第三十三条,市场主体与登记治理,ai,True,<泛类型>,公司设立登记注册事项相关规定。,无照经营/登记问题,(6-7) 泛型法条被AI分为具体分类'市场主体与登记治理'，应删除 | 原标记: <泛类型> | 法条: 《公司法》第二十六条、第三十三条
《公司法》第二百一十一条第一款,财税与金融监管,ai,True,<泛类型>,公司法该条主要规制会计账册问题。,会计/账务,(6-7) 泛型法条被AI分为具体分类'财税与金融监管'，应删除 | 原标记: <泛类型> | 法条: 《公司法》第二百一十一条第一款
《公司法》第二百一十七条第一款,*公司法责任类*,ai,True,<泛类型>,引用公司法第二百一十七条，属公司责任类。,*公司法责任类*,(6-6) AI分类含星号'*公司法责任类*'，分类不确定 | 法条: 《公司法》第二百一十七条第一款
《公司法》第二百一十九条第二款,财税与金融监管,ai,True,<泛类型>,公司法处罚多涉账簿财务问题。,会计/账务,(6-7) 泛型法条被AI分为具体分类'财税与金融监管'，应删除 | 原标记: <泛类型> | 法条: 《公司法》第二百一十九条第二款
《公司法》第二百一十二条第一款,财税与金融监管,ai,True,<泛类型>,《公司法》该条款规制会计账簿等事项。,会计/账务,(6-7) 泛型法条被AI分为具体分类'财税与金融监管'，应删除 | 原标记: <泛类型> | 法条: 《公司法》第二百一十二条第一款
《公司法》第二百一十二条第二款,财税与金融监管,ai,True,<泛类型>,本条主要规范公司账簿等财务行为。,会计/账务,(6-7) 泛型法条被AI分为具体分类'财税与金融监管'，应删除 | 原标记: <泛类型> | 法条: 《公司法》第二百一十二条第二款
《公司法》第二百二十五条第二款,财税与金融监管,ai,True,<泛类型>,违反公司财务会计报告等义务。,会计/账务,(6-7) 泛型法条被AI分为具体分类'财税与金融监管'，应删除 | 原标记: <泛类型> | 法条: 《公司法》第二百二十五条第二款
《公司法》第十二条,市场主体与登记治理,ai,True,<泛类型>,公司设立登记制度相关规定。,无照经营/登记问题,(6-7) 泛型法条被AI分为具体分类'市场主体与登记治理'，应删除 | 原标记: <泛类型> | 法条: 《公司法》第十二条
《公司法》第十二条第一款,市场主体与登记治理,ai,True,<泛类型>,《公司法》公司登记设立相关规定。,无照经营/登记问题,(6-7) 泛型法条被AI分为具体分类'市场主体与登记治理'，应删除 | 原标记: <泛类型> | 法条: 《公司法》第十二条第一款
《公司法》第十二条第二款,市场主体与登记治理,ai,True,<泛类型>,《公司法》第十二条规定公司登记事项。,无照经营/登记问题,(6-7) 泛型法条被AI分为具体分类'市场主体与登记治理'，应删除 | 原标记: <泛类型> | 法条: 《公司法》第十二条第二款
《公司法》第十四条,市场主体与登记治理,ai,True,<泛类型>,公司法第十四条涉及公司登记设立。,无照经营/登记问题,(6-7) 泛型法条被AI分为具体分类'市场主体与登记治理'，应删除 | 原标记: <泛类型> | 法条: 《公司法》第十四条
《公司法》第十四条第一款,市场主体与登记治理,ai,True,<泛类型>,公司法第十四条涉及公司登记设立。,无照经营/登记问题,(6-7) 泛型法条被AI分为具体分类'市场主体与登记治理'，应删除 | 原标记: <泛类型> | 法条: 《公司法》第十四条第一款
《公司股东出资信息》,市场主体与登记治理,ai,True,<泛类型>,《公司股东出资信息》属企业公示信息。,企业信息公示,(6-7) 泛型法条被AI分为具体分类'市场主体与登记治理'，应删除 | 原标记: <泛类型> | 法条: 《公司股东出资信息》
《公司设立申请书》,市场主体与登记治理,ai,True,<泛类型>,《公司设立申请书》涉及登记设立程序。,无照经营/登记问题,(6-7) 泛型法条被AI分为具体分类'市场主体与登记治理'，应删除 | 原标记: <泛类型> | 法条: 《公司设立申请书》
《公安机关办理行政案件程序规定》第一百三十六条第（四）项,治安管理,ai,True,<泛类型>,公安办理行政案件程序，多属治安管理。,治安管理,(6-7) 泛型法条被AI分为具体分类'治安管理'，应删除 | 原标记: <泛类型> | 法条: 《公安机关办理行政案件程序规定》第一百三十六条第（四）项
《公安机关办理行政案件程序规定》第一百六十一条第一款,治安管理,ai,True,<泛类型>,《程序规定》系公安治安程序规范。,治安管理,(6-7) 泛型法条被AI分为具体分类'治安管理'，应删除 | 原标记: <泛类型> | 法条: 《公安机关办理行政案件程序规定》第一百六十一条第一款
《公安机关办理行政案件程序规定》第一百六十一条第一款之规定,治安管理,ai,True,<泛类型>,《公安机关办理行政案件程序规定》属治安案件程序规定。,治安管理,(6-7) 泛型法条被AI分为具体分类'治安管理'，应删除 | 原标记: <泛类型> | 法条: 《公安机关办理行政案件程序规定》第一百六十一条第一款之规定
《公安机关办理行政案件程序规定》第一百六十条第（四）项,治安管理,ai,True,<泛类型>,公安办理行政案件，多为治安管理。,治安管理,(6-7) 泛型法条被AI分为具体分类'治安管理'，应删除 | 原标记: <泛类型> | 法条: 《公安机关办理行政案件程序规定》第一百六十条第（四）项
《公安机关办理行政案件程序规定》第一百六十条第（四）项,治安管理,ai,True,<泛类型>,公安机关办理行政案件，多属治安管理案件。,治安管理,(6-7) 泛型法条被AI分为具体分类'治安管理'，应删除 | 原标记: <泛类型> | 法条: 《公安机关办理行政案件程序规定》第一百六十条第（四）项
《公安机关办理行政案件程序规定》第二十一条第（二）项、第五十九条第一款,治安管理,ai,True,<泛类型>,公安机关行政案件多涉治安管理。,治安管理,(6-7) 泛型法条被AI分为具体分类'治安管理'，应删除 | 原标记: <泛类型> | 法条: 《公安机关办理行政案件程序规定》第二十一条第（二）项、第五十九条第一款
《公安机关实施保安服务管理条例办法》第二十四条,治安管理,ai,True,<泛类型>,保安服务属公安监管，属治安管理。,治安管理,(6-7) 泛型法条被AI分为具体分类'治安管理'，应删除 | 原标记: <泛类型> | 法条: 《公安机关实施保安服务管理条例办法》第二十四条
《公安机关监督检查企业事业单位内部治安保卫工作规定》第八条,治安管理,ai,True,<泛类型>,涉及内部治安保卫监督检查事项。,治安管理,(6-7) 泛型法条被AI分为具体分类'治安管理'，应删除 | 原标记: <泛类型> | 法条: 《公安机关监督检查企业事业单位内部治安保卫工作规定》第八条
《公安机关监督检查企业事业单位内部治安保卫工作规定》第八条、第十一条,治安管理,ai,True,<泛类型>,涉及内部治安保卫监督检查规定。,治安管理,(6-7) 泛型法条被AI分为具体分类'治安管理'，应删除 | 原标记: <泛类型> | 法条: 《公安机关监督检查企业事业单位内部治安保卫工作规定》第八条、第十一条
《公安机关监督检查企业事业单位内部治安保卫工作规定》第八条第一款,治安管理,ai,True,<泛类型>,《治安保卫工作规定》属内部治安管理,治安管理,(6-7) 泛型法条被AI分为具体分类'治安管理'，应删除 | 原标记: <泛类型> | 法条: 《公安机关监督检查企业事业单位内部治安保卫工作规定》第八条第一款
《公安机关监督检查企业事业单位内部治安保卫工作规定》第十一条,治安管理,ai,True,<泛类型>,公安机关监督内部治安保卫工作。,治安管理,(6-7) 泛型法条被AI分为具体分类'治安管理'，应删除 | 原标记: <泛类型> | 法条: 《公安机关监督检查企业事业单位内部治安保卫工作规定》第十一条
《公安机关监督检查企业事业单位内部治安保卫工作规定》第十一条第（五）项,治安管理,ai,True,<泛类型>,《治安保卫工作规定》属内部治安管理。,治安管理,(6-7) 泛型法条被AI分为具体分类'治安管理'，应删除 | 原标记: <泛类型> | 法条: 《公安机关监督检查企业事业单位内部治安保卫工作规定》第十一条第（五）项
《六盘水市水功能区划报告》,环境保护,ai,True,<泛类型>,依据水功能区划属水资源管理。,水资源,(6-7) 泛型法条被AI分为具体分类'环境保护'，应删除 | 原标记: <泛类型> | 法条: 《六盘水市水功能区划报告》
《兰州市城关区市场监督管理局依法清理长期未经营市场主体公告》,市场主体与登记治理,ai,True,<泛类型>,公告清理长期未经营市场主体。,未开业/自行停业,(6-7) 泛型法条被AI分为具体分类'市场主体与登记治理'，应删除 | 原标记: <泛类型> | 法条: 《兰州市城关区市场监督管理局依法清理长期未经营市场主体公告》
《兰州市城市管理综合执法暂行规定》第二十五条第(四)项,*市容环境管理*,ai,True,<泛类型>,城市管理执法，多为市容环境。,*市容环境管理*,(6-6) AI分类含星号'*市容环境管理*'，分类不确定 | 法条: 《兰州市城市管理综合执法暂行规定》第二十五条第(四)项
《兰州市城市管理综合执法暂行规定》第二十五条第（四）项,*城市市容环卫*,ai,True,<泛类型>,城市管理综合执法中市容环境类事项。,*城市市容环卫*,(6-6) AI分类含星号'*城市市容环卫*'，分类不确定 | 法条: 《兰州市城市管理综合执法暂行规定》第二十五条第（四）项
《兰州新区全国第三次土壤普查项目》,*土壤普查项目管理*,ai,True,<泛类型>,仅指土壤普查项目名称，信息不足。,*土壤普查项目管理*,(6-6) AI分类含星号'*土壤普查项目管理*'，分类不确定 | 法条: 《兰州新区全国第三次土壤普查项目》
《兰州晨报》,公共文化与传媒,ai,True,<泛类型>,《兰州晨报》属新闻出版传媒领域。,公共文化与传媒,(6-7) 泛型法条被AI分为具体分类'公共文化与传媒'，应删除 | 原标记: <泛类型> | 法条: 《兰州晨报》
《关 于明确武汉钧安制药有限公司生产销售假药劣药案件查办 相关事项的函》,产品质量与安全,ai,True,<泛类型>,涉及生产销售假药劣药行为。,食品药品,(6-7) 泛型法条被AI分为具体分类'产品质量与安全'，应删除 | 原标记: <泛类型> | 法条: 《关 于明确武汉钧安制药有限公司生产销售假药劣药案件查办 相关事项的函》
《关于2021年县级储备粮验收入库的通知》,粮食/储备粮管理,ai,True,<泛类型>,与县级储备粮验收入库管理直接相关。,粮食/储备粮管理,(6-7) 泛型法条被AI分为具体分类'粮食/储备粮管理'，应删除 | 原标记: <泛类型> | 法条: 《关于2021年县级储备粮验收入库的通知》
《关于2022年3月驾校培训学时数据抽查情况的通报》,交通运输,ai,True,<泛类型>,涉及驾校培训学时监管，属交通运输管理。,交通运输违规,(6-7) 泛型法条被AI分为具体分类'交通运输'，应删除 | 原标记: <泛类型> | 法条: 《关于2022年3月驾校培训学时数据抽查情况的通报》
《关于2023年7月驾校培训学时数据抽查情况的通报》,交通运输,ai,True,<泛类型>,涉及驾校培训监管，属交通运输管理。,交通运输违规,(6-7) 泛型法条被AI分为具体分类'交通运输'，应删除 | 原标记: <泛类型> | 法条: 《关于2023年7月驾校培训学时数据抽查情况的通报》
《关于555旗舰店品牌系统建设收费的答复》,市场秩序与竞争监管,ai,True,<泛类型>,标题涉及系统建设收费事项。,价格/收费,(6-7) 泛型法条被AI分为具体分类'市场秩序与竞争监管'，应删除 | 原标记: <泛类型> | 法条: 《关于555旗舰店品牌系统建设收费的答复》
《关于“一次性防护服”的进存销数据及质量管理履职的情况说明》,产品质量与安全,ai,True,<泛类型>,“一次性防护服”质量管理履职相关问题。,产品质量,(6-7) 泛型法条被AI分为具体分类'产品质量与安全'，应删除 | 原标记: <泛类型> | 法条: 《关于“一次性防护服”的进存销数据及质量管理履职的情况说明》
《关于“保福新苑中学”项目的移送函》,建设工程与房地产,ai,True,<泛类型>,项目为中学建设工程相关事项。,建设工程,(6-7) 泛型法条被AI分为具体分类'建设工程与房地产'，应删除 | 原标记: <泛类型> | 法条: 《关于“保福新苑中学”项目的移送函》
《关于〈山东电网峰谷分时电价办法〉的补充通知》,市场秩序与竞争监管,ai,True,<泛类型>,电网峰谷分时电价办法属电价管理。,价格/收费,(6-7) 泛型法条被AI分为具体分类'市场秩序与竞争监管'，应删除 | 原标记: <泛类型> | 法条: 《关于〈山东电网峰谷分时电价办法〉的补充通知》
《关于〈建德市更楼水泥制管厂“5.22”物体打击事故调查报告〉的批复》,安全生产,ai,True,<泛类型>,“物体打击事故”属生产安全事故。,安全生产,(6-7) 泛型法条被AI分为具体分类'安全生产'，应删除 | 原标记: <泛类型> | 法条: 《关于〈建德市更楼水泥制管厂“5.22”物体打击事故调查报告〉的批复》
《关于〈杭州市区（余杭区）商品混凝土企业市场自律行为管理办法〉考核的有关规定》,建设工程与房地产,ai,True,<泛类型>,商品混凝土企业管理，属于建设领域。,建设工程,(6-7) 泛型法条被AI分为具体分类'建设工程与房地产'，应删除 | 原标记: <泛类型> | 法条: 《关于〈杭州市区（余杭区）商品混凝土企业市场自律行为管理办法〉考核的有关规定》
《关于万科城更改小区装修保证金的通知》,市场秩序与竞争监管,ai,True,<泛类型>,涉及小区装修保证金标准及调整问题。,价格/收费,(6-7) 泛型法条被AI分为具体分类'市场秩序与竞争监管'，应删除 | 原标记: <泛类型> | 法条: 《关于万科城更改小区装修保证金的通知》
《关于东城区建业壹号城邦拒不配合停工的汇报》,建设工程与房地产,ai,True,<泛类型>,项目拒不配合停工，涉违建管控。,建设工程,(6-7) 泛型法条被AI分为具体分类'建设工程与房地产'，应删除 | 原标记: <泛类型> | 法条: 《关于东城区建业壹号城邦拒不配合停工的汇报》
《关于两份快件投递的情况说明》,交通运输,ai,True,<泛类型>,快件投递行为归属邮政快递运输领域。,交通运输违规,(6-7) 泛型法条被AI分为具体分类'交通运输'，应删除 | 原标记: <泛类型> | 法条: 《关于两份快件投递的情况说明》
《关于严格控制评比活动有关问题的通知》,公共文化与传媒,ai,True,<泛类型>,规范评比活动属宣传评奖管理范畴。,公共文化与传媒,(6-7) 泛型法条被AI分为具体分类'公共文化与传媒'，应删除 | 原标记: <泛类型> | 法条: 《关于严格控制评比活动有关问题的通知》
《关于严格控制评比活动有关问题的通知》第二条,*评比表彰管理*,ai,True,<泛类型>,涉及严格控制评比表彰活动规定。,*评比表彰管理*,(6-6) AI分类含星号'*评比表彰管理*'，分类不确定 | 法条: 《关于严格控制评比活动有关问题的通知》第二条
《关于严格落实网约车、顺风车疫情防控管理有关要求的通知》,交通运输,ai,True,<泛类型>,规范网约车顺风车运营防疫管理。,交通运输违规,(6-7) 泛型法条被AI分为具体分类'交通运输'，应删除 | 原标记: <泛类型> | 法条: 《关于严格落实网约车、顺风车疫情防控管理有关要求的通知》
《关于严禁卖淫嫖娼的决定》第七条,治安管理,ai,True,<泛类型>,卖淫嫖娼行为属社会治安问题。,治安管理,(6-7) 泛型法条被AI分为具体分类'治安管理'，应删除 | 原标记: <泛类型> | 法条: 《关于严禁卖淫嫖娼的决定》第七条
《关于中国移动通信集团广东有限公司阳江分公司开展流量不限量业务的说明》,市场秩序与竞争监管,ai,True,<泛类型>,电信企业流量资费业务相关。,价格/收费,(6-7) 泛型法条被AI分为具体分类'市场秩序与竞争监管'，应删除 | 原标记: <泛类型> | 法条: 《关于中国移动通信集团广东有限公司阳江分公司开展流量不限量业务的说明》
《关于五洲国际广场涉嫌存在违章建筑的函》,建设工程与房地产,ai,True,<泛类型>,涉嫌违章建筑，属建设活动管理。,建设工程,(6-7) 泛型法条被AI分为具体分类'建设工程与房地产'，应删除 | 原标记: <泛类型> | 法条: 《关于五洲国际广场涉嫌存在违章建筑的函》
《关于企业数据查无的函》,市场主体与登记治理,ai,True,<泛类型>,涉及企业数据查无，属信息公示问题。,企业信息公示,(6-7) 泛型法条被AI分为具体分类'市场主体与登记治理'，应删除 | 原标记: <泛类型> | 法条: 《关于企业数据查无的函》
《关于企业查无的函》,市场主体与登记治理,ai,True,<泛类型>,查无企业，多属未经营或停业。,未开业/自行停业,(6-7) 泛型法条被AI分为具体分类'市场主体与登记治理'，应删除 | 原标记: <泛类型> | 法条: 《关于企业查无的函》
《关于佛山万科城小区收取装修押金及相关业务办理流程说明》,市场秩序与竞争监管,ai,True,<泛类型>,涉及小区收取装修押金等收费管理。,价格/收费,(6-7) 泛型法条被AI分为具体分类'市场秩序与竞争监管'，应删除 | 原标记: <泛类型> | 法条: 《关于佛山万科城小区收取装修押金及相关业务办理流程说明》
《关于供热供气重点检查案件处理指导意见》,燃气安全,ai,True,<泛类型>,供热供气检查处理指导，多涉燃气安全。,燃气安全,(6-7) 泛型法条被AI分为具体分类'燃气安全'，应删除 | 原标记: <泛类型> | 法条: 《关于供热供气重点检查案件处理指导意见》
《关于修改〈征收教育费附加的暂行规定〉的决定》,财税与金融监管,ai,True,<泛类型>,涉及教育费附加征收，属税费领域。,税收违规,(6-7) 泛型法条被AI分为具体分类'财税与金融监管'，应删除 | 原标记: <泛类型> | 法条: 《关于修改〈征收教育费附加的暂行规定〉的决定》
《关于修改〈征收教育费附加的暂行规定〉的决定（国务院令〔2005〕第448号）》,财税与金融监管,ai,True,<泛类型>,涉及教育费附加征收管理属税费问题。,税收违规,(6-7) 泛型法条被AI分为具体分类'财税与金融监管'，应删除 | 原标记: <泛类型> | 法条: 《关于修改〈征收教育费附加的暂行规定〉的决定（国务院令〔2005〕第448号）》
《关于催报2015年度年度报告的公告》,市场主体与登记治理,ai,True,<泛类型>,涉及年度报告公示及催报事项。,企业信息公示,(6-5) 报告书类 | 匹配模式: '年度报告' | 法条: 《关于催报2015年度年度报告的公告》
《关于催报2016年度年度报告的公告》,市场主体与登记治理,ai,True,<泛类型>,与企业年度报告催报信息公示相关。,企业信息公示,(6-5) 报告书类 | 匹配模式: '年度报告' | 法条: 《关于催报2016年度年度报告的公告》
《关于催报2017年度年度报告的公告》,市场主体与登记治理,ai,True,<泛类型>,与企业年度报告公示义务相关。,企业信息公示,(6-5) 报告书类 | 匹配模式: '年度报告' | 法条: 《关于催报2017年度年度报告的公告》
《关于公安机关管辖的刑事案件立案追诉标准的规定(二)》,治安管理,ai,True,<泛类型>,公安机关刑事案件立案追诉标准，属治安管理。,治安管理,(6-7) 泛型法条被AI分为具体分类'治安管理'，应删除 | 原标记: <泛类型> | 法条: 《关于公安机关管辖的刑事案件立案追诉标准的规定(二)》
《关于再次降低我省一般工商业电价有关事项的通知》,市场秩序与竞争监管,ai,True,<泛类型>,涉及工商业电价调整与价格管理。,价格/收费,(6-7) 泛型法条被AI分为具体分类'市场秩序与竞争监管'，应删除 | 原标记: <泛类型> | 法条: 《关于再次降低我省一般工商业电价有关事项的通知》
《关于利民港澳国贸中心项目未按规划建设的告知函》,建设工程与房地产,ai,True,<泛类型>,项目未按规划建设，属建设管理问题。,建设工程,(6-7) 泛型法条被AI分为具体分类'建设工程与房地产'，应删除 | 原标记: <泛类型> | 法条: 《关于利民港澳国贸中心项目未按规划建设的告知函》
《关于利民港澳国贸中心项目未按规划建设的认定函》,建设工程与房地产,ai,True,<泛类型>,项目未按规划建设属建设管理问题。,建设工程,(6-7) 泛型法条被AI分为具体分类'建设工程与房地产'，应删除 | 原标记: <泛类型> | 法条: 《关于利民港澳国贸中心项目未按规划建设的认定函》
《关于制止中国联通上杭分公司不正当竟争行为的函》,市场秩序与竞争监管,ai,True,<泛类型>,《函》标题直接指向不正当竞争行为。,不正当竞争/商业贿赂,(6-7) 泛型法条被AI分为具体分类'市场秩序与竞争监管'，应删除 | 原标记: <泛类型> | 法条: 《关于制止中国联通上杭分公司不正当竟争行为的函》
《关于前期会计差错更正及追溯调整的公告》,财税与金融监管,ai,True,<泛类型>,涉及会计差错更正及追溯调整事项。,会计/账务,(6-7) 泛型法条被AI分为具体分类'财税与金融监管'，应删除 | 原标记: <泛类型> | 法条: 《关于前期会计差错更正及追溯调整的公告》
《关于办理侵犯知识产权刑事案件具体应用法律若干问题的解释》,侵犯商标/知识产权,ai,True,<泛类型>,专门解释侵犯知识产权刑事案件适用。,侵犯商标/知识产权,(6-7) 泛型法条被AI分为具体分类'侵犯商标/知识产权'，应删除 | 原标记: <泛类型> | 法条: 《关于办理侵犯知识产权刑事案件具体应用法律若干问题的解释》
《关于办理侵犯知识产权刑事案件具体应用法律若干问题的解释》第十二条,侵犯商标/知识产权,ai,True,<泛类型>,该司法解释专门规范知识产权犯罪。,侵犯商标/知识产权,(6-7) 泛型法条被AI分为具体分类'侵犯商标/知识产权'，应删除 | 原标记: <泛类型> | 法条: 《关于办理侵犯知识产权刑事案件具体应用法律若干问题的解释》第十二条
《关于办理侵犯知识产权刑事案件具体应用法律若干问题的解释》第十二条第一款,侵犯商标/知识产权,ai,True,<泛类型>,该解释专门规范侵犯知识产权案件。,侵犯商标/知识产权,(6-7) 泛型法条被AI分为具体分类'侵犯商标/知识产权'，应删除 | 原标记: <泛类型> | 法条: 《关于办理侵犯知识产权刑事案件具体应用法律若干问题的解释》第十二条第一款
《关于办理侵犯知识产权刑事案件具体应用法律若干问题的解释》第士二条,侵犯商标/知识产权,ai,True,<泛类型>,解释侵犯知识产权刑事案件的适用。,侵犯商标/知识产权,(6-7) 泛型法条被AI分为具体分类'侵犯商标/知识产权'，应删除 | 原标记: <泛类型> | 法条: 《关于办理侵犯知识产权刑事案件具体应用法律若干问题的解释》第士二条
《关于办理机动车停放服务收费公示申请报告》,市场秩序与竞争监管,ai,True,<泛类型>,涉及机动车停放服务收费公示事项。,价格/收费,(6-7) 泛型法条被AI分为具体分类'市场秩序与竞争监管'，应删除 | 原标记: <泛类型> | 法条: 《关于办理机动车停放服务收费公示申请报告》
《关于办理深圳机场职工培训及活动中心用地使用合同的报告》,建设工程与房地产,ai,True,<泛类型>,涉及用地使用及合同办理事项。,房地产/土地,(6-7) 泛型法条被AI分为具体分类'建设工程与房地产'，应删除 | 原标记: <泛类型> | 法条: 《关于办理深圳机场职工培训及活动中心用地使用合同的报告》
《关于加强海域使用金征收管理的通知》,环境保护,ai,True,<泛类型>,涉及海域使用及海域使用金管理。,水资源,(6-7) 泛型法条被AI分为具体分类'环境保护'，应删除 | 原标记: <泛类型> | 法条: 《关于加强海域使用金征收管理的通知》
《关于加强物业服务收费管理的通知》,市场秩序与竞争监管,ai,True,<泛类型>,物业服务收费管理直接涉及价格监管。,价格/收费,(6-7) 泛型法条被AI分为具体分类'市场秩序与竞争监管'，应删除 | 原标记: <泛类型> | 法条: 《关于加强物业服务收费管理的通知》
《关于华菱衡钢180分厂“1·6”一般起重伤害事故调查报告的批复》,安全生产,ai,True,<泛类型>,起重伤害事故调查批复，属生产安全事故。,安全生产,(6-7) 泛型法条被AI分为具体分类'安全生产'，应删除 | 原标记: <泛类型> | 法条: 《关于华菱衡钢180分厂“1·6”一般起重伤害事故调查报告的批复》
《关于协助对保利阳光城四期1栋至6栋项目裸土未覆盖问题进行处理的函》,环境保护,ai,True,<泛类型>,建筑工地裸土未覆盖属扬尘污染问题。,环境保护,(6-7) 泛型法条被AI分为具体分类'环境保护'，应删除 | 原标记: <泛类型> | 法条: 《关于协助对保利阳光城四期1栋至6栋项目裸土未覆盖问题进行处理的函》
《关于卓远陶瓷“健康石材”的相关说明》,市场秩序与竞争监管,ai,True,<泛类型>,针对“健康石材”宣传说明内容。,虚假广告/虚假宣传,(6-7) 泛型法条被AI分为具体分类'市场秩序与竞争监管'，应删除 | 原标记: <泛类型> | 法条: 《关于卓远陶瓷“健康石材”的相关说明》
《关于南京昊天君临制衣有限公司违法建设行政处罚的商请函》,建设工程与房地产,ai,True,<泛类型>,针对企业违法建设行为进行处罚。,建设工程,(6-7) 泛型法条被AI分为具体分类'建设工程与房地产'，应删除 | 原标记: <泛类型> | 法条: 《关于南京昊天君临制衣有限公司违法建设行政处罚的商请函》
《关于印发〈汽车按揭担保服务的实施意见〉的通知》,财税与金融监管,ai,True,<泛类型>,汽车按揭担保属信贷管理规范。,金融/信贷违规,(6-7) 泛型法条被AI分为具体分类'财税与金融监管'，应删除 | 原标记: <泛类型> | 法条: 《关于印发〈汽车按揭担保服务的实施意见〉的通知》
《关于印发武威市清理整顿大型零售商企业向供应商违规收费工作方案》,市场秩序与竞争监管,ai,True,<泛类型>,规范零售商向供应商违规收费行为。,价格/收费,(6-7) 泛型法条被AI分为具体分类'市场秩序与竞争监管'，应删除 | 原标记: <泛类型> | 法条: 《关于印发武威市清理整顿大型零售商企业向供应商违规收费工作方案》
《关于印发江山市化工印染造纸制革四大行业整治提升实施方案的通知》,环境保护,ai,True,<泛类型>,涉化工印染等行业环境整治规范。,环境保护,(6-7) 泛型法条被AI分为具体分类'环境保护'，应删除 | 原标记: <泛类型> | 法条: 《关于印发江山市化工印染造纸制革四大行业整治提升实施方案的通知》
《关于印发淮安市规范行政处罚自由裁量权的若干意见的通知》,其他,ai,True,<泛类型>,仅为规范裁量意见，无具体领域载明。,其他违法行为,(6-5) 程序性 | 匹配模式: '行政处罚自由裁量权' | 法条: 《关于印发淮安市规范行政处罚自由裁量权的若干意见的通知》
《关于印发清理规范城镇供水供电供气供暖行业收费促进行业高质量发展实施意见的通知》,市场秩序与竞争监管,ai,True,<泛类型>,规范供水供电等行业收费行为。,价格/收费,(6-7) 泛型法条被AI分为具体分类'市场秩序与竞争监管'，应删除 | 原标记: <泛类型> | 法条: 《关于印发清理规范城镇供水供电供气供暖行业收费促进行业高质量发展实施意见的通知》
《关于受票单位涉嫌真票“假开”有关问题会议纪要》,财税与金融监管,ai,True,<泛类型>,涉及发票真票假开，属税收管理问题。,税收违规,(6-7) 泛型法条被AI分为具体分类'财税与金融监管'，应删除 | 原标记: <泛类型> | 法条: 《关于受票单位涉嫌真票“假开”有关问题会议纪要》
《关于变更菜园街及枣林南里棚户区改造项目征收实施单位的批复》,建设工程与房地产,ai,True,<泛类型>,涉及棚户区改造及房屋征收事项。,房地产/土地,(6-7) 泛型法条被AI分为具体分类'建设工程与房地产'，应删除 | 原标记: <泛类型> | 法条: 《关于变更菜园街及枣林南里棚户区改造项目征收实施单位的批复》
《关于同意浙江省征收地方教育附加的复函》,财税与金融监管,ai,True,<泛类型>,涉及教育附加征收，属税费管理。,税收违规,(6-7) 泛型法条被AI分为具体分类'财税与金融监管'，应删除 | 原标记: <泛类型> | 法条: 《关于同意浙江省征收地方教育附加的复函》
《关于商请协助开展清理长期停业未经营企业有关工作的函》,市场主体与登记治理,ai,True,<泛类型>,文件针对长期停业未经营企业清理。,未开业/自行停业,(6-7) 泛型法条被AI分为具体分类'市场主体与登记治理'，应删除 | 原标记: <泛类型> | 法条: 《关于商请协助开展清理长期停业未经营企业有关工作的函》
《关于商请协助开展清理长期停业未经营企业有关工作的复函》,市场主体与登记治理,ai,True,<泛类型>,文涉长期停业未经营企业清理。,未开业/自行停业,(6-7) 泛型法条被AI分为具体分类'市场主体与登记治理'，应删除 | 原标记: <泛类型> | 法条: 《关于商请协助开展清理长期停业未经营企业有关工作的复函》
《关于在全市开展企业双重预防体系有效运行专项执法检查活动的通知》,安全生产,ai,True,<泛类型>,企业双重预防体系属安全生产管理。,安全生产,(6-7) 泛型法条被AI分为具体分类'安全生产'，应删除 | 原标记: <泛类型> | 法条: 《关于在全市开展企业双重预防体系有效运行专项执法检查活动的通知》
《关于在全省组织开展清理长期停业未经营企业专项行动的通知》,市场主体与登记治理,ai,True,<泛类型>,文件聚焦清理长期停业未经营企业。,未开业/自行停业,(6-7) 泛型法条被AI分为具体分类'市场主体与登记治理'，应删除 | 原标记: <泛类型> | 法条: 《关于在全省组织开展清理长期停业未经营企业专项行动的通知》
《关于在全省范围内开展成品油市场监督抽样检查工作的通知》,产品质量与安全,ai,True,<泛类型>,成品油监督抽检，本质为产品质量监管。,产品质量,(6-7) 泛型法条被AI分为具体分类'产品质量与安全'，应删除 | 原标记: <泛类型> | 法条: 《关于在全省范围内开展成品油市场监督抽样检查工作的通知》
《关于地方教育费附加征收管理若干问题的通知》,财税与金融监管,ai,True,<泛类型>,《地方教育费附加征收管理》属税收征管。,税收违规,(6-7) 泛型法条被AI分为具体分类'财税与金融监管'，应删除 | 原标记: <泛类型> | 法条: 《关于地方教育费附加征收管理若干问题的通知》
《关于地方教育附加征收管理若干问题的通知》,财税与金融监管,ai,True,<泛类型>,《通知》规范教育附加征收管理事项。,税收违规,(6-7) 泛型法条被AI分为具体分类'财税与金融监管'，应删除 | 原标记: <泛类型> | 法条: 《关于地方教育附加征收管理若干问题的通知》
《关于城乡自来水行业安装和服务费收费标准的批复》,市场秩序与竞争监管,ai,True,<泛类型>,涉及自来水安装服务收费标准批复。,价格/收费,(6-7) 泛型法条被AI分为具体分类'市场秩序与竞争监管'，应删除 | 原标记: <泛类型> | 法条: 《关于城乡自来水行业安装和服务费收费标准的批复》
《关于增城市新塘镇西洲石油气站存在问题的报告》,燃气安全,ai,True,<泛类型>,石油气站安全管理问题属于燃气安全。,燃气安全,(6-7) 泛型法条被AI分为具体分类'燃气安全'，应删除 | 原标记: <泛类型> | 法条: 《关于增城市新塘镇西洲石油气站存在问题的报告》
《关于增城市石油气公司存在问题的报告》,燃气安全,ai,True,<泛类型>,涉石油气公司运营，属燃气安全。,燃气安全,(6-7) 泛型法条被AI分为具体分类'燃气安全'，应删除 | 原标记: <泛类型> | 法条: 《关于增城市石油气公司存在问题的报告》
《关于大唐黑龙江发电有限公司哈尔滨第一热电厂“9·15”起重机械坠落一般事故调查报告的批复》,安全生产,ai,True,<泛类型>,起重机械坠落事故，典型生产安全事故。,安全生产,(6-7) 泛型法条被AI分为具体分类'安全生产'，应删除 | 原标记: <泛类型> | 法条: 《关于大唐黑龙江发电有限公司哈尔滨第一热电厂“9·15”起重机械坠落一般事故调查报告的批复》
《关于大安昌盛太阳能科技有限公司等部分发电企业电价政策的批复》,市场秩序与竞争监管,ai,True,<泛类型>,《…电价政策的批复》涉及电价管理。,价格/收费,(6-7) 泛型法条被AI分为具体分类'市场秩序与竞争监管'，应删除 | 原标记: <泛类型> | 法条: 《关于大安昌盛太阳能科技有限公司等部分发电企业电价政策的批复》
《关于婴儿配方乳粉中检出香兰素有关问题的专家论证意见书》,产品质量与安全,ai,True,<泛类型>,婴儿乳粉添加香兰素属食品安全问题。,食品药品,(6-7) 泛型法条被AI分为具体分类'产品质量与安全'，应删除 | 原标记: <泛类型> | 法条: 《关于婴儿配方乳粉中检出香兰素有关问题的专家论证意见书》
《关于宁波同益茶叶有限公司厂房规划告知函》,建设工程与房地产,ai,True,<泛类型>,涉及厂房规划使用及土地管理。,房地产/土地,(6-7) 泛型法条被AI分为具体分类'建设工程与房地产'，应删除 | 原标记: <泛类型> | 法条: 《关于宁波同益茶叶有限公司厂房规划告知函》
《关于实施行政诉讼跨域管辖制度的意见》,*行政诉讼管辖制度*,ai,True,<泛类型>,仅涉及诉讼管辖制度设计。,*行政诉讼管辖制度*,(6-6) AI分类含星号'*行政诉讼管辖制度*'，分类不确定 | 法条: 《关于实施行政诉讼跨域管辖制度的意见》
《关于对“失联”企业开展专项清理工作实施方案的通知》,市场主体与登记治理,ai,True,<泛类型>,“失联”企业专项清理属企业信息管理。,企业信息公示,(6-7) 泛型法条被AI分为具体分类'市场主体与登记治理'，应删除 | 原标记: <泛类型> | 法条: 《关于对“失联”企业开展专项清理工作实施方案的通知》
《关于对公共厕所督办问题多次反弹进行查出的函》,环境保护,ai,True,<泛类型>,公共厕所环境卫生问题反弹，属环保护理。,环境保护,(6-7) 泛型法条被AI分为具体分类'环境保护'，应删除 | 原标记: <泛类型> | 法条: 《关于对公共厕所督办问题多次反弹进行查出的函》
《关于对兰庭苑违法建设规划影响程度予以认定函的回复意见》,建设工程与房地产,ai,True,<泛类型>,涉及违法建设及规划影响认定。,建设工程,(6-7) 泛型法条被AI分为具体分类'建设工程与房地产'，应删除 | 原标记: <泛类型> | 法条: 《关于对兰庭苑违法建设规划影响程度予以认定函的回复意见》
《关于对华彩钢板有限公司“7.2”机械伤害事故调查处理意见的批复》,安全生产,ai,True,<泛类型>,“机械伤害事故”调查处理属安全生产范畴。,安全生产,(6-7) 泛型法条被AI分为具体分类'安全生产'，应删除 | 原标记: <泛类型> | 法条: 《关于对华彩钢板有限公司“7.2”机械伤害事故调查处理意见的批复》
《关于对南京荣盛盛景置业有限公司违法建设行为进行处理的函》,建设工程与房地产,ai,True,<泛类型>,文件标题指违法建设行为处理。,建设工程,(6-7) 泛型法条被AI分为具体分类'建设工程与房地产'，应删除 | 原标记: <泛类型> | 法条: 《关于对南京荣盛盛景置业有限公司违法建设行为进行处理的函》
《关于对嘉州.上悦B区项目进行行政处罚的函》,建设工程与房地产,ai,True,<泛类型>,嘉州·上悦B区项目涉房地产开发。,房地产/土地,(6-7) 泛型法条被AI分为具体分类'建设工程与房地产'，应删除 | 原标记: <泛类型> | 法条: 《关于对嘉州.上悦B区项目进行行政处罚的函》
《关于对城市管理常见违法行为实施严管重罚的通知》,*城市管理秩序*,ai,True,<泛类型>,标题指向城市管理常见违法行为。,*城市管理秩序*,(6-6) AI分类含星号'*城市管理秩序*'，分类不确定 | 法条: 《关于对城市管理常见违法行为实施严管重罚的通知》
《关于对开平长沙益华广场北侧违法建筑物再次定性的函》,建设工程与房地产,ai,True,<泛类型>,涉及违法建筑物定性及用地问题。,房地产/土地,(6-7) 泛型法条被AI分为具体分类'建设工程与房地产'，应删除 | 原标记: <泛类型> | 法条: 《关于对开平长沙益华广场北侧违法建筑物再次定性的函》
《关于对惠城区三栋镇“2·17”亡人事故调查报告的批复》,安全生产,ai,True,<泛类型>,亡人事故调查批复，典型安全生产事故。,安全生产,(6-7) 泛型法条被AI分为具体分类'安全生产'，应删除 | 原标记: <泛类型> | 法条: 《关于对惠城区三栋镇“2·17”亡人事故调查报告的批复》
《关于对拟吊销企业听证公告》,市场主体与登记治理,ai,True,<泛类型>,拟吊销企业资格，涉登记资质问题。,无照经营/登记问题,(6-7) 泛型法条被AI分为具体分类'市场主体与登记治理'，应删除 | 原标记: <泛类型> | 法条: 《关于对拟吊销企业听证公告》
《关于对民生百合园3、4号楼楼顶14间建筑物进行认定的函》,建设工程与房地产,ai,True,<泛类型>,涉及小区楼顶建筑物认定与用地。,房地产/土地,(6-7) 泛型法条被AI分为具体分类'建设工程与房地产'，应删除 | 原标记: <泛类型> | 法条: 《关于对民生百合园3、4号楼楼顶14间建筑物进行认定的函》
《关于对民生百合园和泓瑞嘉园建筑物核查情况的复函》,建设工程与房地产,ai,True,<泛类型>,涉及小区建筑物核查与建设问题。,建设工程,(6-7) 泛型法条被AI分为具体分类'建设工程与房地产'，应删除 | 原标记: <泛类型> | 法条: 《关于对民生百合园和泓瑞嘉园建筑物核查情况的复函》
《关于对淮安壹零叁劳务服务有限公司桐乡分公司等983家企业年报催报公告》,市场主体与登记治理,ai,True,<泛类型>,公告催报企业年报，属信息公示管理。,企业信息公示,(6-7) 泛型法条被AI分为具体分类'市场主体与登记治理'，应删除 | 原标记: <泛类型> | 法条: 《关于对淮安壹零叁劳务服务有限公司桐乡分公司等983家企业年报催报公告》
《关于对碧桂园云顶项目进行行政处罚的函》,建设工程与房地产,ai,True,<泛类型>,碧桂园云顶项目，涉房地产项目处罚。,房地产/土地,(6-7) 泛型法条被AI分为具体分类'建设工程与房地产'，应删除 | 原标记: <泛类型> | 法条: 《关于对碧桂园云顶项目进行行政处罚的函》
《关于对肇庆新区“3·5”物体打击一般事故责任单位及责任人员处理的案件移送函》,安全生产,ai,True,<泛类型>,“物体打击一般事故”系典型安全生产事故。,安全生产,(6-7) 泛型法条被AI分为具体分类'安全生产'，应删除 | 原标记: <泛类型> | 法条: 《关于对肇庆新区“3·5”物体打击一般事故责任单位及责任人员处理的案件移送函》
《关于对自来水水费滞纳金有关问题的复函》,市场秩序与竞争监管,ai,True,<泛类型>,涉及自来水水费及滞纳金收费问题。,价格/收费,(6-7) 泛型法条被AI分为具体分类'市场秩序与竞争监管'，应删除 | 原标记: <泛类型> | 法条: 《关于对自来水水费滞纳金有关问题的复函》
《关于对防治水专家指导服务发现问题的交办函》,环境保护,ai,True,<泛类型>,标题涉及“防治水”相关管理问题。,水资源,(6-7) 泛型法条被AI分为具体分类'环境保护'，应删除 | 原标记: <泛类型> | 法条: 《关于对防治水专家指导服务发现问题的交办函》
《关于对青岛“3·21”“阿佐伊”轮断缆事故相关问题进行整改和调查处理的通知》,海事安全,ai,True,<泛类型>,涉船舶断缆事故及海上安全管理。,海事安全,(6-7) 泛型法条被AI分为具体分类'海事安全'，应删除 | 原标记: <泛类型> | 法条: 《关于对青岛“3·21”“阿佐伊”轮断缆事故相关问题进行整改和调查处理的通知》
《关于对高新区长期“失联”企业进行清理的报告》,市场主体与登记治理,ai,True,<泛类型>,长期“失联”企业清理属停业状态。,未开业/自行停业,(6-7) 泛型法条被AI分为具体分类'市场主体与登记治理'，应删除 | 原标记: <泛类型> | 法条: 《关于对高新区长期“失联”企业进行清理的报告》
《关于将3-氧-2-苯基丁酸甲酯、3-氧-2-苯基丁酰胺、2-甲基-3-[3,安全生产,ai,True,<泛类型>,涉及化学物质管控及危化品管理。,安全生产/危化品,(6-7) 泛型法条被AI分为具体分类'安全生产'，应删除 | 原标记: <泛类型> | 法条: 《关于将3-氧-2-苯基丁酸甲酯、3-氧-2-苯基丁酰胺、2-甲基-3-[3
《关于将张洪利涉嫌构成伪造国家机关证件罪违法线索移交沂水县公安局办理的函》,治安管理,ai,True,<泛类型>,涉嫌伪造国家机关证件，属治安违法。,治安管理,(6-7) 泛型法条被AI分为具体分类'治安管理'，应删除 | 原标记: <泛类型> | 法条: 《关于将张洪利涉嫌构成伪造国家机关证件罪违法线索移交沂水县公安局办理的函》
《关于工商业非电网直供环节电价有关政策的通知》,市场秩序与竞争监管,ai,True,<泛类型>,涉及工商业用电电价政策管理。,价格/收费,(6-7) 泛型法条被AI分为具体分类'市场秩序与竞争监管'，应删除 | 原标记: <泛类型> | 法条: 《关于工商业非电网直供环节电价有关政策的通知》
《关于工商行政管理机关正确行使行政处罚自由裁量权的指导意见》,市场秩序与竞争监管,ai,True,<泛类型>,工商机关自由裁量权指导，属市场监管。,消费者权益/市场秩序,(6-5) 程序性 | 匹配模式: '行政处罚自由裁量权' | 法条: 《关于工商行政管理机关正确行使行政处罚自由裁量权的指导意见》
《关于开展2015年度企业年报公示的公告》,市场主体与登记治理,ai,True,<泛类型>,与企业年度报告公示制度相关。,企业信息公示,(6-7) 泛型法条被AI分为具体分类'市场主体与登记治理'，应删除 | 原标记: <泛类型> | 法条: 《关于开展2015年度企业年报公示的公告》
《关于开展2015年度市场主体年报公示的公告》,市场主体与登记治理,ai,True,<泛类型>,涉及市场主体年度报告公示制度。,企业信息公示,(6-7) 泛型法条被AI分为具体分类'市场主体与登记治理'，应删除 | 原标记: <泛类型> | 法条: 《关于开展2015年度市场主体年报公示的公告》
《关于开展各类砖制品质量专项监督检查的通知》,产品质量与安全,ai,True,<泛类型>,涉及砖制品质量监督检查要求。,产品质量,(6-7) 泛型法条被AI分为具体分类'产品质量与安全'，应删除 | 原标记: <泛类型> | 法条: 《关于开展各类砖制品质量专项监督检查的通知》
《关于开展市级异地执法集中行动的通知》,*行政执法程序管理*,ai,True,<泛类型>,规范异地执法行动程序要求。,*行政执法程序管理*,(6-6) AI分类含星号'*行政执法程序管理*'，分类不确定 | 法条: 《关于开展市级异地执法集中行动的通知》
《关于开展涉河执法专项整治活动的通知》,环境保护,ai,True,<泛类型>,涉河执法整治，属水事水资源管理。,水资源,(6-7) 泛型法条被AI分为具体分类'环境保护'，应删除 | 原标记: <泛类型> | 法条: 《关于开展涉河执法专项整治活动的通知》
《关于开展规范性文件清理工作的通知》,*规范性文件管理*,ai,True,<泛类型>,涉及规范性文件清理与管理工作。,*规范性文件管理*,(6-6) AI分类含星号'*规范性文件管理*'，分类不确定 | 法条: 《关于开展规范性文件清理工作的通知》
《关于开征地方教育费附加的通知》,财税与金融监管,ai,True,<泛类型>,教育费附加属税费征收管理范畴。,税收违规,(6-7) 泛型法条被AI分为具体分类'财税与金融监管'，应删除 | 原标记: <泛类型> | 法条: 《关于开征地方教育费附加的通知》
《关于开征地方教育附加的通知》,财税与金融监管,ai,True,<泛类型>,涉及教育附加费征收，属税费问题。,税收违规,(6-7) 泛型法条被AI分为具体分类'财税与金融监管'，应删除 | 原标记: <泛类型> | 法条: 《关于开征地方教育附加的通知》
《关于征收教育费附加的暂行规定》第二条,财税与金融监管,ai,True,<泛类型>,教育费附加属随税征收的财政收入。,税收违规,(6-7) 泛型法条被AI分为具体分类'财税与金融监管'，应删除 | 原标记: <泛类型> | 法条: 《关于征收教育费附加的暂行规定》第二条
《关于惠州市创兴达建材有限公司涉嫌超量许水的情况报告》,环境保护,ai,True,<泛类型>,涉嫌超量取用水资源行为。,水资源,(6-7) 泛型法条被AI分为具体分类'环境保护'，应删除 | 原标记: <泛类型> | 法条: 《关于惠州市创兴达建材有限公司涉嫌超量许水的情况报告》
《关于成立“4.27”事故调查组的批复》,安全生产,ai,True,<泛类型>,“事故调查组”批复，多为生产安全事故。,安全生产,(6-7) 泛型法条被AI分为具体分类'安全生产'，应删除 | 原标记: <泛类型> | 法条: 《关于成立“4.27”事故调查组的批复》
《关于成立关于大唐黑龙江发电有限公司哈尔滨第一热电厂“9·15”起重机械坠落一般事故调查组的请示》,安全生产,ai,True,<泛类型>,“起重机械坠落事故调查组”，典型安全生产事故。,安全生产,(6-7) 泛型法条被AI分为具体分类'安全生产'，应删除 | 原标记: <泛类型> | 法条: 《关于成立关于大唐黑龙江发电有限公司哈尔滨第一热电厂“9·15”起重机械坠落一般事故调查组的请示》
《关于我市品种食盐销售情况的说明》,产品质量与安全,ai,True,<泛类型>,涉及品种食盐销售管理问题。,食品药品,(6-7) 泛型法条被AI分为具体分类'产品质量与安全'，应删除 | 原标记: <泛类型> | 法条: 《关于我市品种食盐销售情况的说明》
《关于抄告山东维森建设有限公司等41家货运企业的函》,交通运输,ai,True,<泛类型>,货运企业被抄告，涉及道路运输管理。,交通运输违规,(6-7) 泛型法条被AI分为具体分类'交通运输'，应删除 | 原标记: <泛类型> | 法条: 《关于抄告山东维森建设有限公司等41家货运企业的函》
《关于抄告网约车违法违规线索的函》,交通运输,ai,True,<泛类型>,涉及网约车运营违法违规线索。,交通运输违规,(6-7) 泛型法条被AI分为具体分类'交通运输'，应删除 | 原标记: <泛类型> | 法条: 《关于抄告网约车违法违规线索的函》
《关于报送海口“电影工厂”影视文化产业园项目涉嫌违法违规的函》,建设工程与房地产,ai,True,<泛类型>,项目建设开发行为涉嫌违法违规。,建设工程,(6-7) 泛型法条被AI分为具体分类'建设工程与房地产'，应删除 | 原标记: <泛类型> | 法条: 《关于报送海口“电影工厂”影视文化产业园项目涉嫌违法违规的函》
《关于持续推进成品油、车用尿素质量监管工作的通知》,产品质量与安全,ai,True,<泛类型>,涉及成品油、车用尿素质量监管要求。,产品质量,(6-7) 泛型法条被AI分为具体分类'产品质量与安全'，应删除 | 原标记: <泛类型> | 法条: 《关于持续推进成品油、车用尿素质量监管工作的通知》
《关于提供网络预约出租汽车订单信息的通知》,交通运输,ai,True,<泛类型>,网约车订单信息管理属交通运输监管。,交通运输违规,(6-7) 泛型法条被AI分为具体分类'交通运输'，应删除 | 原标记: <泛类型> | 法条: 《关于提供网络预约出租汽车订单信息的通知》
《关于提请县局吊销下列企业营业执照的申请》,市场主体与登记治理,ai,True,<泛类型>,申请吊销企业营业执照，属登记问题。,无照经营/登记问题,(6-7) 泛型法条被AI分为具体分类'市场主体与登记治理'，应删除 | 原标记: <泛类型> | 法条: 《关于提请县局吊销下列企业营业执照的申请》
《关于提请工商部门吊销其营业执照的函》,市场主体与登记治理,ai,True,<泛类型>,提请吊销营业执照，属登记问题。,无照经营/登记问题,(6-7) 泛型法条被AI分为具体分类'市场主体与登记治理'，应删除 | 原标记: <泛类型> | 法条: 《关于提请工商部门吊销其营业执照的函》
《关于支付防灾费的答复》,市场秩序与竞争监管,ai,True,<泛类型>,涉及防灾费支付，属收费管理问题。,价格/收费,(6-7) 泛型法条被AI分为具体分类'市场秩序与竞争监管'，应删除 | 原标记: <泛类型> | 法条: 《关于支付防灾费的答复》
《关于敦办2015年商事主体年度报告的通告》,市场主体与登记治理,ai,True,<泛类型>,涉及商事主体年度报告公示义务。,企业信息公示,(6-5) 报告书类 | 匹配模式: '年度报告' | 法条: 《关于敦办2015年商事主体年度报告的通告》
《关于新冠肺炎疫情防控期间暂停出租车(含网约车)、顺风车出京运营业务的通知》,交通运输,ai,True,<泛类型>,规范出租车网约车出京运营管理。,交通运输违规,(6-7) 泛型法条被AI分为具体分类'交通运输'，应删除 | 原标记: <泛类型> | 法条: 《关于新冠肺炎疫情防控期间暂停出租车(含网约车)、顺风车出京运营业务的通知》
《关于日尚5D喷墨砖的相关说明》,产品质量与安全,ai,True,<泛类型>,涉及“5D喷墨砖”产品质量说明。,产品质量,(6-7) 泛型法条被AI分为具体分类'产品质量与安全'，应删除 | 原标记: <泛类型> | 法条: 《关于日尚5D喷墨砖的相关说明》
《关于明确XXXXX项目建设总量等相关事宜的函》,建设工程与房地产,ai,True,<泛类型>,函涉项目建设规模总量等事宜。,建设工程,(6-7) 泛型法条被AI分为具体分类'建设工程与房地产'，应删除 | 原标记: <泛类型> | 法条: 《关于明确XXXXX项目建设总量等相关事宜的函》
《关于明确转供电环节电价政策有关事项的通知》,市场秩序与竞争监管,ai,True,<泛类型>,涉转供电电价政策执行与收费。,价格/收费,(6-7) 泛型法条被AI分为具体分类'市场秩序与竞争监管'，应删除 | 原标记: <泛类型> | 法条: 《关于明确转供电环节电价政策有关事项的通知》
《关于暂停支付王汉江股份整体转让资金尾款的通知》,财税与金融监管,ai,True,<泛类型>,涉及股份转让价款支付资金事项。,金融/信贷违规,(6-7) 泛型法条被AI分为具体分类'财税与金融监管'，应删除 | 原标记: <泛类型> | 法条: 《关于暂停支付王汉江股份整体转让资金尾款的通知》
《关于未年报企业列入经营异常名录决定的公告》,市场主体与登记治理,ai,True,<泛类型>,涉及未年报列入经营异常名录。,企业信息公示,(6-7) 泛型法条被AI分为具体分类'市场主体与登记治理'，应删除 | 原标记: <泛类型> | 法条: 《关于未年报企业列入经营异常名录决定的公告》
《关于松树尖山塘质量问题调查及处理意见的报告》,产品质量与安全,ai,True,<泛类型>,涉及“山塘质量问题”工程质量。,产品质量,(6-7) 泛型法条被AI分为具体分类'产品质量与安全'，应删除 | 原标记: <泛类型> | 法条: 《关于松树尖山塘质量问题调查及处理意见的报告》
《关于查处利用合同进行的违法行为的暂行规定》第四条第一款第（七）项,市场秩序与竞争监管,ai,True,<泛类型>,规范利用合同规避法规扰乱市场秩序。,消费者权益/市场秩序,(6-7) 泛型法条被AI分为具体分类'市场秩序与竞争监管'，应删除 | 原标记: <泛类型> | 法条: 《关于查处利用合同进行的违法行为的暂行规定》第四条第一款第（七）项
《关于标示河南飘安集团有限公司生产的一次性使用口罩的情况报告》,产品质量与安全,ai,True,<泛类型>,涉及一次性使用口罩产品标示问题。,产品质量,(6-7) 泛型法条被AI分为具体分类'产品质量与安全'，应删除 | 原标记: <泛类型> | 法条: 《关于标示河南飘安集团有限公司生产的一次性使用口罩的情况报告》
《关于核查宁夏奥园文体产业股份有限公司涉嫌非法集资的函》,财税与金融监管,ai,True,<泛类型>,涉及企业涉嫌非法集资核查事项。,金融/信贷违规,(6-7) 泛型法条被AI分为具体分类'财税与金融监管'，应删除 | 原标记: <泛类型> | 法条: 《关于核查宁夏奥园文体产业股份有限公司涉嫌非法集资的函》
《关于核查拟吊销企业有关情况的统计表》,市场主体与登记治理,ai,True,<泛类型>,拟吊销企业多因长期未经营。,未开业/自行停业,(6-7) 泛型法条被AI分为具体分类'市场主体与登记治理'，应删除 | 原标记: <泛类型> | 法条: 《关于核查拟吊销企业有关情况的统计表》
《关于梅香里人才住房项目地下室结构抢险作业的函》,安全生产,ai,True,<泛类型>,地下室结构抢险作业属施工安全生产。,安全生产,(6-7) 泛型法条被AI分为具体分类'安全生产'，应删除 | 原标记: <泛类型> | 法条: 《关于梅香里人才住房项目地下室结构抢险作业的函》
《关于正确行使行政处罚自由裁量权的指导意见》,其他,ai,True,<泛类型>,仅为裁量指导性文件，无法细化归类。,其他违法行为,(6-5) 程序性 | 匹配模式: '行政处罚自由裁量权' | 法条: 《关于正确行使行政处罚自由裁量权的指导意见》
《关于气瓶违法充装案件定性和裁量的指导意见》,安全生产,ai,True,<泛类型>,涉及气瓶充装属危化品安全管理。,安全生产/危化品,(6-7) 泛型法条被AI分为具体分类'安全生产'，应删除 | 原标记: <泛类型> | 法条: 《关于气瓶违法充装案件定性和裁量的指导意见》
《关于浙江博庭制刷有限公司违法建设的函》,建设工程与房地产,ai,True,<泛类型>,文件标题指向企业违法建设行为。,建设工程,(6-7) 泛型法条被AI分为具体分类'建设工程与房地产'，应删除 | 原标记: <泛类型> | 法条: 《关于浙江博庭制刷有限公司违法建设的函》
《关于清理“空壳”企业相关工作的指导意见》,市场主体与登记治理,ai,True,<泛类型>,涉及清理“空壳”企业长期不经营。,未开业/自行停业,(6-7) 泛型法条被AI分为具体分类'市场主体与登记治理'，应删除 | 原标记: <泛类型> | 法条: 《关于清理“空壳”企业相关工作的指导意见》
《关于清理取消供水供电供气行业不合理收费的通知》,市场秩序与竞争监管,ai,True,<泛类型>,规范供水供电供气行业收费行为。,价格/收费,(6-7) 泛型法条被AI分为具体分类'市场秩序与竞争监管'，应删除 | 原标记: <泛类型> | 法条: 《关于清理取消供水供电供气行业不合理收费的通知》
《关于清理取消供水供电供气行业不合理收费的通知》第五条,市场秩序与竞争监管,ai,True,<泛类型>,规范供水供电供气收费行为。,价格/收费,(6-7) 泛型法条被AI分为具体分类'市场秩序与竞争监管'，应删除 | 原标记: <泛类型> | 法条: 《关于清理取消供水供电供气行业不合理收费的通知》第五条
《关于清理规范城镇供水供电供气供暖行业收费促进行业高质量发展的意见》,市场秩序与竞争监管,ai,True,<泛类型>,《意见》规范供水供电等收费行为。,价格/收费,(6-7) 泛型法条被AI分为具体分类'市场秩序与竞争监管'，应删除 | 原标记: <泛类型> | 法条: 《关于清理规范城镇供水供电供气供暖行业收费促进行业高质量发展的意见》
《关于清理规范城镇供水供电供气供暖行业收费有关工作的通知》,市场秩序与竞争监管,ai,True,<泛类型>,规范供水供电供气供暖行业收费事项。,价格/收费,(6-7) 泛型法条被AI分为具体分类'市场秩序与竞争监管'，应删除 | 原标记: <泛类型> | 法条: 《关于清理规范城镇供水供电供气供暖行业收费有关工作的通知》
《关于清理规范电网和转供电环节收费有关事项的通知》,市场秩序与竞争监管,ai,True,<泛类型>,《通知》规范电价电费收取行为。,价格/收费,(6-7) 泛型法条被AI分为具体分类'市场秩序与竞争监管'，应删除 | 原标记: <泛类型> | 法条: 《关于清理规范电网和转供电环节收费有关事项的通知》
《关于清理长期停业未经营企业工作有关问题的通知》,市场主体与登记治理,ai,True,<泛类型>,文件针对长期停业未经营企业情形。,未开业/自行停业,(6-7) 泛型法条被AI分为具体分类'市场主体与登记治理'，应删除 | 原标记: <泛类型> | 法条: 《关于清理长期停业未经营企业工作有关问题的通知》
《关于清理长期停业未经营企业工作的函》,市场主体与登记治理,ai,True,<泛类型>,针对长期停业未经营企业清理。,未开业/自行停业,(6-7) 泛型法条被AI分为具体分类'市场主体与登记治理'，应删除 | 原标记: <泛类型> | 法条: 《关于清理长期停业未经营企业工作的函》
《关于清理长期停业未经营企业有关问题的通知》,市场主体与登记治理,ai,True,<泛类型>,针对长期停业未经营企业情形。,未开业/自行停业,(6-7) 泛型法条被AI分为具体分类'市场主体与登记治理'，应删除 | 原标记: <泛类型> | 法条: 《关于清理长期停业未经营企业有关问题的通知》
《关于清理长期停业未经营企业的公告》,市场主体与登记治理,ai,True,<泛类型>,公告针对长期停业未经营企业。,未开业/自行停业,(6-7) 泛型法条被AI分为具体分类'市场主体与登记治理'，应删除 | 原标记: <泛类型> | 法条: 《关于清理长期停业未经营企业的公告》
《关于清理长期停业未经营企业的通知》,市场主体与登记治理,ai,True,<泛类型>,清理长期停业未经营企业情形对应。,未开业/自行停业,(6-7) 泛型法条被AI分为具体分类'市场主体与登记治理'，应删除 | 原标记: <泛类型> | 法条: 《关于清理长期停业未经营企业的通知》
《关于清理长期未经营企业的公告》,市场主体与登记治理,ai,True,<泛类型>,针对长期未经营企业清理公告。,未开业/自行停业,(6-7) 泛型法条被AI分为具体分类'市场主体与登记治理'，应删除 | 原标记: <泛类型> | 法条: 《关于清理长期未经营企业的公告》
《关于湖南亚华控股集团股份有限公司非流通股股份转让协议》,财税与金融监管,ai,True,<泛类型>,涉及股份转让协议，属证券金融领域。,金融/信贷违规,(6-7) 泛型法条被AI分为具体分类'财税与金融监管'，应删除 | 原标记: <泛类型> | 法条: 《关于湖南亚华控股集团股份有限公司非流通股股份转让协议》
《关于湖南都市职业学院五食堂检查情况说明》,产品质量与安全,ai,True,<泛类型>,涉及学校食堂食品安全检查情形。,食品药品,(6-7) 泛型法条被AI分为具体分类'产品质量与安全'，应删除 | 原标记: <泛类型> | 法条: 《关于湖南都市职业学院五食堂检查情况说明》
《关于物业服务合同延期及相关事宜的函》,建设工程与房地产,ai,True,<泛类型>,物业服务合同属于房地产物业管理。,房地产/土地,(6-7) 泛型法条被AI分为具体分类'建设工程与房地产'，应删除 | 原标记: <泛类型> | 法条: 《关于物业服务合同延期及相关事宜的函》
《关于申请延期缴付实收资本的报告》,财税与金融监管,ai,True,<泛类型>,涉及实收资本缴付及相关会计事项。,会计/账务,(6-7) 泛型法条被AI分为具体分类'财税与金融监管'，应删除 | 原标记: <泛类型> | 法条: 《关于申请延期缴付实收资本的报告》
《关于申请提供启祥文具包装(深圳)有限公司出口货品抽样结果的函》,海关/进出口,ai,True,<泛类型>,涉及出口货品抽样及结果事项。,海关/进出口,(6-7) 泛型法条被AI分为具体分类'海关/进出口'，应删除 | 原标记: <泛类型> | 法条: 《关于申请提供启祥文具包装(深圳)有限公司出口货品抽样结果的函》
《关于电价执行标准的说明》,市场秩序与竞争监管,ai,True,<泛类型>,电价标准执行问题，属价格管理。,价格/收费,(6-7) 泛型法条被AI分为具体分类'市场秩序与竞争监管'，应删除 | 原标记: <泛类型> | 法条: 《关于电价执行标准的说明》
《关于电动诊察台（电动检查床）有关事宜的函》,卫生健康,ai,True,<泛类型>,涉及电动诊察台医疗器械管理。,医疗卫生,(6-7) 泛型法条被AI分为具体分类'卫生健康'，应删除 | 原标记: <泛类型> | 法条: 《关于电动诊察台（电动检查床）有关事宜的函》
《关于疫情防控期间我公司生产的“一次性使用医用口罩”有关情况的报告》,卫生健康,ai,True,<泛类型>,涉及医用口罩生产防疫管理问题。,医疗卫生,(6-7) 泛型法条被AI分为具体分类'卫生健康'，应删除 | 原标记: <泛类型> | 法条: 《关于疫情防控期间我公司生产的“一次性使用医用口罩”有关情况的报告》
《关于石材幕墙背栓事宜》,建设工程与房地产,ai,True,<泛类型>,石材幕墙背栓属建筑工程施工质量问题。,建设工程,(6-7) 泛型法条被AI分为具体分类'建设工程与房地产'，应删除 | 原标记: <泛类型> | 法条: 《关于石材幕墙背栓事宜》
《关于研究业州镇七里坪社区违法建筑分类处置工作的第四次专题会议纪要》,建设工程与房地产,ai,True,<泛类型>,违法建筑处置，涉及土地利用。,房地产/土地,(6-7) 泛型法条被AI分为具体分类'建设工程与房地产'，应删除 | 原标记: <泛类型> | 法条: 《关于研究业州镇七里坪社区违法建筑分类处置工作的第四次专题会议纪要》
《关于研究调整征收草原补偿费有关事宜的会议纪要》,*草原补偿费管理*,ai,True,<泛类型>,标题指向草原补偿费征收管理。,*草原补偿费管理*,(6-6) AI分类含星号'*草原补偿费管理*'，分类不确定 | 法条: 《关于研究调整征收草原补偿费有关事宜的会议纪要》
《关于确定江安县博友天然气有限责任公司供气区域的批复》,燃气安全,ai,True,<泛类型>,涉及天然气供气区域批复管理。,燃气安全,(6-7) 泛型法条被AI分为具体分类'燃气安全'，应删除 | 原标记: <泛类型> | 法条: 《关于确定江安县博友天然气有限责任公司供气区域的批复》
《关于确定浙江省重点保护和一般保护陆生野生动物及其价值标准的通知》,环境保护,ai,True,<泛类型>,涉野生动物保护管理事项。,环境保护,(6-7) 泛型法条被AI分为具体分类'环境保护'，应删除 | 原标记: <泛类型> | 法条: 《关于确定浙江省重点保护和一般保护陆生野生动物及其价值标准的通知》
《关于确立劳动关系有关事项的通知》第四条,劳动保障,ai,True,<泛类型>,依据劳动关系认定规范条款。,劳动保障/用工,(6-7) 泛型法条被AI分为具体分类'劳动保障'，应删除 | 原标记: <泛类型> | 法条: 《关于确立劳动关系有关事项的通知》第四条
《关于秦淮新河枯水期限航管控的通告》,交通运输,ai,True,<泛类型>,河道航行管控事项，属交通管理。,交通运输违规,(6-7) 泛型法条被AI分为具体分类'交通运输'，应删除 | 原标记: <泛类型> | 法条: 《关于秦淮新河枯水期限航管控的通告》
《关于移交佛山市三水好伙记五金制品有限公司违法建设的函》,建设工程与房地产,ai,True,<泛类型>,函件涉及企业违法建设行为。,建设工程,(6-7) 泛型法条被AI分为具体分类'建设工程与房地产'，应删除 | 原标记: <泛类型> | 法条: 《关于移交佛山市三水好伙记五金制品有限公司违法建设的函》
《关于移交广东省东原厨具实业有限公司涉嫌违法建设线索的函》,建设工程与房地产,ai,True,<泛类型>,涉嫌违法建设工程行为线索移交。,建设工程,(6-7) 泛型法条被AI分为具体分类'建设工程与房地产'，应删除 | 原标记: <泛类型> | 法条: 《关于移交广东省东原厨具实业有限公司涉嫌违法建设线索的函》
《关于移交非法经营液化液化天然气充装业务违法行为线索的函》,燃气安全,ai,True,<泛类型>,涉及非法经营液化天然气充装业务。,燃气安全,(6-7) 泛型法条被AI分为具体分类'燃气安全'，应删除 | 原标记: <泛类型> | 法条: 《关于移交非法经营液化液化天然气充装业务违法行为线索的函》
《关于移送三亚市创意产业园小学项目违法线索的函》,建设工程与房地产,ai,True,<泛类型>,项目建设违法线索，属工程建设管理问题。,建设工程,(6-7) 泛型法条被AI分为具体分类'建设工程与房地产'，应删除 | 原标记: <泛类型> | 法条: 《关于移送三亚市创意产业园小学项目违法线索的函》
《关于移送佛山市家家卫浴有限公司相关违法建筑事项的函》,建设工程与房地产,ai,True,<泛类型>,涉及违法建筑处理，属土地管理。,房地产/土地,(6-7) 泛型法条被AI分为具体分类'建设工程与房地产'，应删除 | 原标记: <泛类型> | 法条: 《关于移送佛山市家家卫浴有限公司相关违法建筑事项的函》
《关于移送嘉兴市中化化工有限公司违法用地的函》,建设工程与房地产,ai,True,<泛类型>,标题明确为“违法用地”案件。,房地产/土地,(6-7) 泛型法条被AI分为具体分类'建设工程与房地产'，应删除 | 原标记: <泛类型> | 法条: 《关于移送嘉兴市中化化工有限公司违法用地的函》
《关于移送定量包装商（产）品计量监督抽查情况的函》,计量/器具,ai,True,<泛类型>,涉及定量包装产品计量监督抽查。,计量/器具,(6-7) 泛型法条被AI分为具体分类'计量/器具'，应删除 | 原标记: <泛类型> | 法条: 《关于移送定量包装商（产）品计量监督抽查情况的函》
《关于移送火山口绿色长廊改造拓宽项目(南段)涉嫌违法违规情况的函》,建设工程与房地产,ai,True,<泛类型>,工程项目改造拓宽施工相关违法违规。,建设工程,(6-7) 泛型法条被AI分为具体分类'建设工程与房地产'，应删除 | 原标记: <泛类型> | 法条: 《关于移送火山口绿色长廊改造拓宽项目(南段)涉嫌违法违规情况的函》
《关于立案查处中国石油天然气第七建设有限公司超期使用临时建(构)筑物的函》,建设工程与房地产,ai,True,<泛类型>,涉及临时建构筑物超期使用管理。,建设工程,(6-7) 泛型法条被AI分为具体分类'建设工程与房地产'，应删除 | 原标记: <泛类型> | 法条: 《关于立案查处中国石油天然气第七建设有限公司超期使用临时建(构)筑物的函》
《关于粤海拾桂府客户投诉处理情况的报告》,消费者权益/市场秩序,ai,True,<泛类型>,为楼盘客户投诉问题处理报告。,消费者权益纠纷,(6-7) 泛型法条被AI分为具体分类'消费者权益/市场秩序'，应删除 | 原标记: <泛类型> | 法条: 《关于粤海拾桂府客户投诉处理情况的报告》
《关于组织衡橡科技股份有限公司等单位生产销售产品样品复检的通知》,产品质量与安全,ai,True,<泛类型>,对生产销售产品样品组织复检，涉质量问题。,产品质量,(6-7) 泛型法条被AI分为具体分类'产品质量与安全'，应删除 | 原标记: <泛类型> | 法条: 《关于组织衡橡科技股份有限公司等单位生产销售产品样品复检的通知》
《关于继续开展长期停业未经营企业清理工作的通知》,市场主体与登记治理,ai,True,<泛类型>,针对长期停业未经营企业清理问题。,未开业/自行停业,(6-7) 泛型法条被AI分为具体分类'市场主体与登记治理'，应删除 | 原标记: <泛类型> | 法条: 《关于继续开展长期停业未经营企业清理工作的通知》
《关于网约预约出租汽车违法违规情况的报告》,交通运输,ai,True,<泛类型>,网约车违法违规事项属道路运输管理。,交通运输违规,(6-7) 泛型法条被AI分为具体分类'交通运输'，应删除 | 原标记: <泛类型> | 法条: 《关于网约预约出租汽车违法违规情况的报告》
《关于网络预约出租汽车违法违规情况报告》,交通运输,ai,True,<泛类型>,《网络预约出租汽车》属交通运输监管,交通运输违规,(6-7) 泛型法条被AI分为具体分类'交通运输'，应删除 | 原标记: <泛类型> | 法条: 《关于网络预约出租汽车违法违规情况报告》
《关于自来水水费滞纳金有关问题的复函》,市场秩序与竞争监管,ai,True,<泛类型>,涉及自来水水费及滞纳金收费问题。,价格/收费,(6-7) 泛型法条被AI分为具体分类'市场秩序与竞争监管'，应删除 | 原标记: <泛类型> | 法条: 《关于自来水水费滞纳金有关问题的复函》
《关于菜园街及枣林南里棚户区改造项目用地预审事项的函》,建设工程与房地产,ai,True,<泛类型>,《用地预审》涉建设项目土地审批。,房地产/土地,(6-7) 泛型法条被AI分为具体分类'建设工程与房地产'，应删除 | 原标记: <泛类型> | 法条: 《关于菜园街及枣林南里棚户区改造项目用地预审事项的函》
《关于菜园街及枣林南里棚户区改造项目规划意见的函》,建设工程与房地产,ai,True,<泛类型>,棚户区改造项目涉及土地与房地产规划。,房地产/土地,(6-7) 泛型法条被AI分为具体分类'建设工程与房地产'，应删除 | 原标记: <泛类型> | 法条: 《关于菜园街及枣林南里棚户区改造项目规划意见的函》
《关于落实2022年第一季度“一超四罚”有关工作的通知文件》,交通运输,ai,True,<泛类型>,“一超四罚”系超限超载治理相关。,交通运输违规,(6-7) 泛型法条被AI分为具体分类'交通运输'，应删除 | 原标记: <泛类型> | 法条: 《关于落实2022年第一季度“一超四罚”有关工作的通知文件》
《关于落实2022年第三季度“一超四罚”有关工作的通知文件》,交通运输,ai,True,<泛类型>,“一超四罚”系超限超载治理文件。,交通运输违规,(6-7) 泛型法条被AI分为具体分类'交通运输'，应删除 | 原标记: <泛类型> | 法条: 《关于落实2022年第三季度“一超四罚”有关工作的通知文件》
《关于落实2022年第二季度“一超四罚”有关工作的通知》,交通运输,ai,True,<泛类型>,“一超四罚”系超限超载治理，属交通。,交通运输违规,(6-7) 泛型法条被AI分为具体分类'交通运输'，应删除 | 原标记: <泛类型> | 法条: 《关于落实2022年第二季度“一超四罚”有关工作的通知》
《关于落实2022年第二季度“一超四罚”有关工作的通知文件》,交通运输,ai,True,<泛类型>,“一超四罚”系超限超载道路运输管理。,交通运输违规,(6-7) 泛型法条被AI分为具体分类'交通运输'，应删除 | 原标记: <泛类型> | 法条: 《关于落实2022年第二季度“一超四罚”有关工作的通知文件》
《关于落实省厅动态监控抽查问题反馈的通知》,*行政检查整改*,ai,True,<泛类型>,关于落实省厅抽查问题整改通知。,*行政检查整改*,(6-6) AI分类含星号'*行政检查整改*'，分类不确定 | 法条: 《关于落实省厅动态监控抽查问题反馈的通知》
《关于蓝域染色剂等产品分类界定的通知》,*产品分类管理*,ai,True,<泛类型>,涉及产品监管属性分类界定通知。,*产品分类管理*,(6-6) AI分类含星号'*产品分类管理*'，分类不确定 | 法条: 《关于蓝域染色剂等产品分类界定的通知》
《关于蓝域染色剂等产品分类界定的通知》第三十四条,*产品分类界定*,ai,True,<泛类型>,涉及产品属性归类管理问题。,*产品分类界定*,(6-6) AI分类含星号'*产品分类界定*'，分类不确定 | 法条: 《关于蓝域染色剂等产品分类界定的通知》第三十四条
《关于行政处罚裁量权行使的指导意见》第十五条第(一)项第(三)项,其他,ai,True,<泛类型>,仅给出条款序号，无法判断具体领域。,其他违法行为,(6-5) 程序性 | 匹配模式: '行政处罚裁量权' | 法条: 《关于行政处罚裁量权行使的指导意见》第十五条第(一)项第(三)项
《关于西安市工商行政管理局专项清理名存实亡企业工作方案的通知》,市场主体与登记治理,ai,True,<泛类型>,名存实亡企业专项清理，属停业情形。,未开业/自行停业,(6-7) 泛型法条被AI分为具体分类'市场主体与登记治理'，应删除 | 原标记: <泛类型> | 法条: 《关于西安市工商行政管理局专项清理名存实亡企业工作方案的通知》
《关于要求对浙江东冠建设集团有限公司“10.10”起重伤害事故调查报告》,安全生产,ai,True,<泛类型>,“起重伤害事故调查报告”典型安全生产事故。,安全生产,(6-7) 泛型法条被AI分为具体分类'安全生产'，应删除 | 原标记: <泛类型> | 法条: 《关于要求对浙江东冠建设集团有限公司“10.10”起重伤害事故调查报告》
《关于要求提供网约车订单的通知》,网络/数据安全,ai,True,<泛类型>,涉网约车订单数据提供与管理。,网络/数据安全,(6-7) 泛型法条被AI分为具体分类'网络/数据安全'，应删除 | 原标记: <泛类型> | 法条: 《关于要求提供网约车订单的通知》
《关于规范养老机构服务收费促进养老服务业健康发展的实施意见》,市场秩序与竞争监管,ai,True,<泛类型>,养老机构服务收费规范属于价格管理。,价格/收费,(6-7) 泛型法条被AI分为具体分类'市场秩序与竞争监管'，应删除 | 原标记: <泛类型> | 法条: 《关于规范养老机构服务收费促进养老服务业健康发展的实施意见》
《关于规范北京市住房城乡建设系统行政处罚裁量的规定》第六条第三款第二项,建设工程与房地产,ai,True,<泛类型>,属住建系统处罚裁量规范，指向建设领域。,建设工程,(6-7) 泛型法条被AI分为具体分类'建设工程与房地产'，应删除 | 原标记: <泛类型> | 法条: 《关于规范北京市住房城乡建设系统行政处罚裁量的规定》第六条第三款第二项
《关于规范市场监督管理行政处罚裁量权的指导意见》,其他,ai,True,<泛类型>,仅为指导意见标题，无法细分。,其他违法行为,(6-5) 程序性 | 匹配模式: '行政处罚裁量权' | 法条: 《关于规范市场监督管理行政处罚裁量权的指导意见》
《关于规范市场监督管理行政处罚裁量权的指导意见》第三条,其他,ai,True,<泛类型>,仅为裁量指导条款，无具体领域。,其他违法行为,(6-5) 程序性 | 匹配模式: '行政处罚裁量权' | 法条: 《关于规范市场监督管理行政处罚裁量权的指导意见》第三条
《关于规范市场监督管理行政处罚裁量权的指导意见》第五条第一款“对同一行政处罚事项,其他,ai,True,<泛类型>,仅为裁量权指导性条款，无法细分具体领域。,其他违法行为,(6-5) 程序性 | 匹配模式: '行政处罚裁量权' | 法条: 《关于规范市场监督管理行政处罚裁量权的指导意见》第五条第一款“对同一行政处罚事项
《关于规范市场监督管理行政处罚裁量权的指导意见》第十四条第(二)项,其他,ai,True,<泛类型>,仅为指导意见条款，无法对应具体领域。,其他违法行为,(6-5) 程序性 | 匹配模式: '行政处罚裁量权' | 法条: 《关于规范市场监督管理行政处罚裁量权的指导意见》第十四条第(二)项
《关于规范市场监督管理行政处罚裁量权的指导意见》第十四条第(二)项、第(三)项,其他,ai,True,<泛类型>,仅知为裁量权规范条款，无法细分。,其他违法行为,(6-5) 程序性 | 匹配模式: '行政处罚裁量权' | 法条: 《关于规范市场监督管理行政处罚裁量权的指导意见》第十四条第(二)项、第(三)项
《关于规范市场监督管理行政处罚裁量权的指导意见》第十四条第一款第二项,市场秩序与竞争监管,ai,True,<泛类型>,规范裁量权，保障公平有序市场。,消费者权益/市场秩序,(6-5) 程序性 | 匹配模式: '行政处罚裁量权' | 法条: 《关于规范市场监督管理行政处罚裁量权的指导意见》第十四条第一款第二项
《关于规范市场监督管理行政处罚裁量权的指导意见》第十四条第（二）项,其他,ai,True,<泛类型>,仅为裁量权指导性条款，无法归类。,其他违法行为,(6-5) 程序性 | 匹配模式: '行政处罚裁量权' | 法条: 《关于规范市场监督管理行政处罚裁量权的指导意见》第十四条第（二）项
《关于规范市场监督管理行政处罚裁量权的指导意见》第十四条规定：对当事人发布含有,其他,ai,True,<泛类型>,条文内容不完整，无法准确对应类别。,其他违法行为,(6-5) 程序性 | 匹配模式: '行政处罚裁量权' | 法条: 《关于规范市场监督管理行政处罚裁量权的指导意见》第十四条规定：对当事人发布含有
《关于规范林木价值基准认定的通知》,*林业资源管理*,ai,True,<泛类型>,涉及林木价值认定规范管理。,*林业资源管理*,(6-6) AI分类含星号'*林业资源管理*'，分类不确定 | 法条: 《关于规范林木价值基准认定的通知》
《关于认真做好区人大常委会“两法两条例”贯彻实施情况执法检查反馈问题整改工作的通知》,*人大监督整改*,ai,True,<泛类型>,针对人大执法检查反馈整改工作。,*人大监督整改*,(6-6) AI分类含星号'*人大监督整改*'，分类不确定 | 法条: 《关于认真做好区人大常委会“两法两条例”贯彻实施情况执法检查反馈问题整改工作的通知》
《关于请求恢复“芜湖豪风商贸有限公司”被吊销营业执照的情况报告》,市场主体与登记治理,ai,True,<泛类型>,涉及企业营业执照吊销与恢复事项。,无照经营/登记问题,(6-7) 泛型法条被AI分为具体分类'市场主体与登记治理'，应删除 | 原标记: <泛类型> | 法条: 《关于请求恢复“芜湖豪风商贸有限公司”被吊销营业执照的情况报告》
《关于调整县城水资源费收费标准有关问题的复函》,环境保护,ai,True,<泛类型>,涉及水资源费收费标准问题。,水资源,(6-7) 泛型法条被AI分为具体分类'环境保护'，应删除 | 原标记: <泛类型> | 法条: 《关于调整县城水资源费收费标准有关问题的复函》
《关于调整城市基础设施配套费征收计算基数的通知》,市场秩序与竞争监管,ai,True,<泛类型>,涉及城市基础设施配套费征收标准与基数。,价格/收费,(6-7) 泛型法条被AI分为具体分类'市场秩序与竞争监管'，应删除 | 原标记: <泛类型> | 法条: 《关于调整城市基础设施配套费征收计算基数的通知》
《关于调整水利建设专项资金征收标准等有关规定的通知》,环境保护,ai,True,<泛类型>,涉水利建设资金征收管理规定。,水资源,(6-7) 泛型法条被AI分为具体分类'环境保护'，应删除 | 原标记: <泛类型> | 法条: 《关于调整水利建设专项资金征收标准等有关规定的通知》
《关于豆芽生产过程中禁止使用6-苄基腺嘌呤等物质的公告》,产品质量与安全,ai,True,<泛类型>,涉及豆芽生产用禁用物质管理。,食品药品,(6-7) 泛型法条被AI分为具体分类'产品质量与安全'，应删除 | 原标记: <泛类型> | 法条: 《关于豆芽生产过程中禁止使用6-苄基腺嘌呤等物质的公告》
《关于进一步做好京津冀及周边地区高架源自动监控工作的通知》,环境保护,ai,True,<泛类型>,涉及大气污染高架源监控管理。,环境保护,(6-7) 泛型法条被AI分为具体分类'环境保护'，应删除 | 原标记: <泛类型> | 法条: 《关于进一步做好京津冀及周边地区高架源自动监控工作的通知》
《关于进一步做好清理长期停业未经营企业工作的通知》,市场主体与登记治理,ai,True,<泛类型>,针对长期停业未经营企业清理。,未开业/自行停业,(6-7) 泛型法条被AI分为具体分类'市场主体与登记治理'，应删除 | 原标记: <泛类型> | 法条: 《关于进一步做好清理长期停业未经营企业工作的通知》
《关于进一步加强出租汽车行业疫情防控经营管理的通知》,交通运输,ai,True,<泛类型>,出租汽车行业管理通知，属交通运输领域。,交通运输违规,(6-7) 泛型法条被AI分为具体分类'交通运输'，应删除 | 原标记: <泛类型> | 法条: 《关于进一步加强出租汽车行业疫情防控经营管理的通知》
《关于进一步明确转供电收费政策规范转供电主体收费行为有关工作的通知》,市场秩序与竞争监管,ai,True,<泛类型>,规范转供电主体电费等收费行为。,价格/收费,(6-7) 泛型法条被AI分为具体分类'市场秩序与竞争监管'，应删除 | 原标记: <泛类型> | 法条: 《关于进一步明确转供电收费政策规范转供电主体收费行为有关工作的通知》
《关于进一步明确转供电环节电价政策有关问题的通知》,市场秩序与竞争监管,ai,True,<泛类型>,电价政策属价格管理范畴。,价格/收费,(6-7) 泛型法条被AI分为具体分类'市场秩序与竞争监管'，应删除 | 原标记: <泛类型> | 法条: 《关于进一步明确转供电环节电价政策有关问题的通知》
《关于进一步清理规范电网和转供电环节收费有关事项的通知》,市场秩序与竞争监管,ai,True,<泛类型>,涉及电网和转供电收费管理规范。,价格/收费,(6-7) 泛型法条被AI分为具体分类'市场秩序与竞争监管'，应删除 | 原标记: <泛类型> | 法条: 《关于进一步清理规范电网和转供电环节收费有关事项的通知》
《关于进一步规范住宅小区及商住楼通信管线及通信设施建设的通知（信部联规〔2007〕24号）》,建设工程与房地产,ai,True,<泛类型>,规范通信管线设施建设行为。,建设工程,(6-7) 泛型法条被AI分为具体分类'建设工程与房地产'，应删除 | 原标记: <泛类型> | 法条: 《关于进一步规范住宅小区及商住楼通信管线及通信设施建设的通知（信部联规〔2007〕24号）》
《关于进一步规范信贷融资收费降低企业融资综合成本的通知》,财税与金融监管,ai,True,<泛类型>,文件规范信贷融资收费与成本。,金融/信贷违规,(6-7) 泛型法条被AI分为具体分类'财税与金融监管'，应删除 | 原标记: <泛类型> | 法条: 《关于进一步规范信贷融资收费降低企业融资综合成本的通知》
《关于进一步规范全市国土资源行政处罚栽量的实施意见》,建设工程与房地产,ai,True,<泛类型>,国土资源行政处罚，多涉土地管理。,房地产/土地,(6-7) 泛型法条被AI分为具体分类'建设工程与房地产'，应删除 | 原标记: <泛类型> | 法条: 《关于进一步规范全市国土资源行政处罚栽量的实施意见》
《关于进一步规范全市国土资源行政处罚裁量权的实施意见》,建设工程与房地产,ai,True,<泛类型>,国土资源执法处罚，属土地管理。,房地产/土地,(6-5) 程序性 | 匹配模式: '行政处罚裁量权' | 法条: 《关于进一步规范全市国土资源行政处罚裁量权的实施意见》
《关于进一步规范全市国土资源行政处罚裁量的实施意见》,建设工程与房地产,ai,True,<泛类型>,国土资源行政处罚，属土地管理。,房地产/土地,(6-7) 泛型法条被AI分为具体分类'建设工程与房地产'，应删除 | 原标记: <泛类型> | 法条: 《关于进一步规范全市国土资源行政处罚裁量的实施意见》
《关于退还部分电费的通知》,市场秩序与竞争监管,ai,True,<泛类型>,《退还部分电费》属电价收费管理。,价格/收费,(6-7) 泛型法条被AI分为具体分类'市场秩序与竞争监管'，应删除 | 原标记: <泛类型> | 法条: 《关于退还部分电费的通知》
《关于通报民营医院和诊所疫情防控工作情况的函》,卫生健康,ai,True,<泛类型>,涉医院诊所疫情防控管理问题。,医疗卫生,(6-7) 泛型法条被AI分为具体分类'卫生健康'，应删除 | 原标记: <泛类型> | 法条: 《关于通报民营医院和诊所疫情防控工作情况的函》
《关于通报河南飘安集团有限公司生产的“一次性使用医用口罩”真伪情况的函》,卫生健康,ai,True,<泛类型>,“医用口罩”真伪情况属医疗卫生监管。,医疗卫生,(6-7) 泛型法条被AI分为具体分类'卫生健康'，应删除 | 原标记: <泛类型> | 法条: 《关于通报河南飘安集团有限公司生产的“一次性使用医用口罩”真伪情况的函》
《关于部分企业擅自使用“央视上榜品牌”的严正声明》,市场秩序与竞争监管,ai,True,<泛类型>,擅自宣称“央视上榜品牌”属虚假宣传。,虚假广告/虚假宣传,(6-7) 泛型法条被AI分为具体分类'市场秩序与竞争监管'，应删除 | 原标记: <泛类型> | 法条: 《关于部分企业擅自使用“央视上榜品牌”的严正声明》
《关于金泰燃料公司办理煤炭经营证的函》,市场主体与登记治理,ai,True,<泛类型>,涉及煤炭经营许可证办理审批事项。,无照经营/登记问题,(6-7) 泛型法条被AI分为具体分类'市场主体与登记治理'，应删除 | 原标记: <泛类型> | 法条: 《关于金泰燃料公司办理煤炭经营证的函》
《关于镇雄县2021年乌峰上街、毡帽营饮水巩固提升项目纳入国土空间总体规划的承诺》,建设工程与房地产,ai,True,<泛类型>,涉及项目纳入国土空间总体规划承诺。,房地产/土地,(6-7) 泛型法条被AI分为具体分类'建设工程与房地产'，应删除 | 原标记: <泛类型> | 法条: 《关于镇雄县2021年乌峰上街、毡帽营饮水巩固提升项目纳入国土空间总体规划的承诺》
《关于长兴鑫森纺织有限公司年加工化纤丝、化纤布、棉布1000吨,环境保护,ai,True,<泛类型>,涉及纺织项目环境影响与管理。,环境保护,(6-7) 泛型法条被AI分为具体分类'环境保护'，应删除 | 原标记: <泛类型> | 法条: 《关于长兴鑫森纺织有限公司年加工化纤丝、化纤布、棉布1000吨
《关于长安镇(高新区)浙江正星健身器有限公司的规划意见函(2020-156)》,建设工程与房地产,ai,True,<泛类型>,涉及建设项目规划意见函内容。,建设工程,(6-7) 泛型法条被AI分为具体分类'建设工程与房地产'，应删除 | 原标记: <泛类型> | 法条: 《关于长安镇(高新区)浙江正星健身器有限公司的规划意见函(2020-156)》
《关于降低我省一般工商业电价有关事项的通知》,市场秩序与竞争监管,ai,True,<泛类型>,涉及电价调整的价格管理规定。,价格/收费,(6-7) 泛型法条被AI分为具体分类'市场秩序与竞争监管'，应删除 | 原标记: <泛类型> | 法条: 《关于降低我省一般工商业电价有关事项的通知》
《关于降低我省一般工商业电价的通知》,市场秩序与竞争监管,ai,True,<泛类型>,电价调整通知，涉及价格管理。,价格/收费,(6-7) 泛型法条被AI分为具体分类'市场秩序与竞争监管'，应删除 | 原标记: <泛类型> | 法条: 《关于降低我省一般工商业电价的通知》
《关于限期关闭粘土砖生产企业的通告》,环境保护,ai,True,<泛类型>,粘土砖生产涉资源破坏与环境治理。,环境保护,(6-7) 泛型法条被AI分为具体分类'环境保护'，应删除 | 原标记: <泛类型> | 法条: 《关于限期关闭粘土砖生产企业的通告》
《关于颁发〈功率因数调整电费政策〉的通知》,市场秩序与竞争监管,ai,True,<泛类型>,涉及电费计收及调整政策。,价格/收费,(6-7) 泛型法条被AI分为具体分类'市场秩序与竞争监管'，应删除 | 原标记: <泛类型> | 法条: 《关于颁发〈功率因数调整电费政策〉的通知》
《关于黔南州州直招标车险业务的说明》,建设工程与房地产,ai,True,<泛类型>,标题涉及“招标车险业务”行为。,工程建设/招投标,(6-7) 泛型法条被AI分为具体分类'建设工程与房地产'，应删除 | 原标记: <泛类型> | 法条: 《关于黔南州州直招标车险业务的说明》
《兵团日报》,公共文化与传媒,ai,True,<泛类型>,涉及报纸出版发行管理规范。,公共文化与传媒,(6-7) 泛型法条被AI分为具体分类'公共文化与传媒'，应删除 | 原标记: <泛类型> | 法条: 《兵团日报》
《兽用生物制品经营管理办法》,卫生健康,ai,True,<泛类型>,兽用生物制品属动保医药管理。,医疗卫生,(6-7) 泛型法条被AI分为具体分类'卫生健康'，应删除 | 原标记: <泛类型> | 法条: 《兽用生物制品经营管理办法》
《兽用生物制品经营管理办法》第七条建议依据,产品质量与安全,ai,True,<泛类型>,兽用生物制品属药品监管范畴。,食品药品,(6-7) 泛型法条被AI分为具体分类'产品质量与安全'，应删除 | 原标记: <泛类型> | 法条: 《兽用生物制品经营管理办法》第七条建议依据
《兽用生物制品经营管理办法》第十六条第二款,产品质量与安全,ai,True,<泛类型>,规范兽用生物制品经营，属药品监管。,食品药品,(6-7) 泛型法条被AI分为具体分类'产品质量与安全'，应删除 | 原标记: <泛类型> | 法条: 《兽用生物制品经营管理办法》第十六条第二款
《兽药管理条例》,产品质量与安全,ai,True,<泛类型>,《兽药管理条例》属药品监管范围。,食品药品,(6-7) 泛型法条被AI分为具体分类'产品质量与安全'，应删除 | 原标记: <泛类型> | 法条: 《兽药管理条例》
《兽药管理条例》第一十八条,产品质量与安全,ai,True,<泛类型>,《兽药管理条例》属药品监管范畴。,食品药品,(6-7) 泛型法条被AI分为具体分类'产品质量与安全'，应删除 | 原标记: <泛类型> | 法条: 《兽药管理条例》第一十八条
《兽药管理条例》第三十八条,产品质量与安全,ai,True,<泛类型>,兽药属药品管理范畴。,食品药品,(6-7) 泛型法条被AI分为具体分类'产品质量与安全'，应删除 | 原标记: <泛类型> | 法条: 《兽药管理条例》第三十八条
《兽药管理条例》第二十七条第三款,产品质量与安全,ai,True,<泛类型>,兽药监管事项，本质属药品管理。,食品药品,(6-7) 泛型法条被AI分为具体分类'产品质量与安全'，应删除 | 原标记: <泛类型> | 法条: 《兽药管理条例》第二十七条第三款
《兽药管理条例》第五十六条第一款,产品质量与安全,ai,True,<泛类型>,兽药监管归属药品领域管理。,食品药品,(6-7) 泛型法条被AI分为具体分类'产品质量与安全'，应删除 | 原标记: <泛类型> | 法条: 《兽药管理条例》第五十六条第一款
《兽药管理条例》第五十六条第一款,产品质量与安全,ai,True,<泛类型>,《兽药管理条例》属药品监管领域。,食品药品,(6-7) 泛型法条被AI分为具体分类'产品质量与安全'，应删除 | 原标记: <泛类型> | 法条: 《兽药管理条例》第五十六条第一款
《兽药管理条例》第五十六条违反本条,产品质量与安全,ai,True,<泛类型>,兽药监管范畴，属药品管理。,食品药品,(6-7) 泛型法条被AI分为具体分类'产品质量与安全'，应删除 | 原标记: <泛类型> | 法条: 《兽药管理条例》第五十六条违反本条
《兽药管理条例》第十八条第三款,产品质量与安全,ai,True,<泛类型>,兽药监管事项，属药品管理范围。,食品药品,(6-7) 泛型法条被AI分为具体分类'产品质量与安全'，应删除 | 原标记: <泛类型> | 法条: 《兽药管理条例》第十八条第三款
《兽药管理条例》第十八条第三款禁止生产假、劣兽药以及第四十八条第一款,产品质量与安全,ai,True,<泛类型>,兽药属药品监管范畴，属药品类违法。,食品药品,(6-7) 泛型法条被AI分为具体分类'产品质量与安全'，应删除 | 原标记: <泛类型> | 法条: 《兽药管理条例》第十八条第三款禁止生产假、劣兽药以及第四十八条第一款
《兽药管理条例》第四十七条第二款,产品质量与安全,ai,True,<泛类型>,兽药监管属药品管理范畴。,食品药品,(6-7) 泛型法条被AI分为具体分类'产品质量与安全'，应删除 | 原标记: <泛类型> | 法条: 《兽药管理条例》第四十七条第二款
《兽药管理条例》第四十八条第四项,产品质量与安全,ai,True,<泛类型>,兽药监管事项，属药品管理范畴。,食品药品,(6-7) 泛型法条被AI分为具体分类'产品质量与安全'，应删除 | 原标记: <泛类型> | 法条: 《兽药管理条例》第四十八条第四项
《内丘县工商局责令该证书内工商企管字【2012】55号,未年检登记,ai,True,<泛类型>,工商局责令与证照年检相关。,未年检登记,(6-7) 泛型法条被AI分为具体分类'未年检登记'，应删除 | 原标记: <泛类型> | 法条: 《内丘县工商局责令该证书内工商企管字【2012】55号
《内地海关及香港海关陆路进/出*境载货清单》,海关/进出口,ai,True,<泛类型>,《载货清单》系进出口通关规范。,海关/进出口,(6-7) 泛型法条被AI分为具体分类'海关/进出口'，应删除 | 原标记: <泛类型> | 法条: 《内地海关及香港海关陆路进/出*境载货清单》
《内河避碰规则》(2003年修正本)第八条,海事安全,ai,True,<泛类型>,内河航行避碰规则属水上交通安全。,海事安全,(6-7) 泛型法条被AI分为具体分类'海事安全'，应删除 | 原标记: <泛类型> | 法条: 《内河避碰规则》(2003年修正本)第八条
《内河避碰规则》(2003年修正本)第八条第一款,海事安全,ai,True,<泛类型>,依据内河避碰规则，属航行安全管理。,海事安全,(6-7) 泛型法条被AI分为具体分类'海事安全'，应删除 | 原标记: <泛类型> | 法条: 《内河避碰规则》(2003年修正本)第八条第一款
《内蒙古日报》,公共文化与传媒,ai,True,<泛类型>,《内蒙古日报》属新闻传媒领域相关。,公共文化与传媒,(6-7) 泛型法条被AI分为具体分类'公共文化与传媒'，应删除 | 原标记: <泛类型> | 法条: 《内蒙古日报》
《内蒙古晨报》,公共文化与传媒,ai,True,<泛类型>,《内蒙古晨报》属新闻传媒领域。,公共文化与传媒,(6-7) 泛型法条被AI分为具体分类'公共文化与传媒'，应删除 | 原标记: <泛类型> | 法条: 《内蒙古晨报》
《内蒙古自治区住房和城乡建设系统行政处罚自由裁量基准》,建设工程与房地产,ai,True,<泛类型>,住建系统处罚基准，指向工程建设。,建设工程,(6-7) 泛型法条被AI分为具体分类'建设工程与房地产'，应删除 | 原标记: <泛类型> | 法条: 《内蒙古自治区住房和城乡建设系统行政处罚自由裁量基准》
《内蒙古自治区内蒙古自治区水行政处罚自由裁量权参照执行标准》,环境保护,ai,True,<泛类型>,系水行政处罚裁量标准规范。,水资源,(6-5) 程序性 | 匹配模式: '行政处罚自由裁量权' | 法条: 《内蒙古自治区内蒙古自治区水行政处罚自由裁量权参照执行标准》
《内蒙古自治区合同格式条款监督条例》第十五条,市场秩序与竞争监管,ai,True,<泛类型>,合同格式条款监督本质属消费者保护。,消费者权益/市场秩序,(6-7) 泛型法条被AI分为具体分类'市场秩序与竞争监管'，应删除 | 原标记: <泛类型> | 法条: 《内蒙古自治区合同格式条款监督条例》第十五条
《内蒙古自治区工商局关于对列入经营异常名录市场主体实施信用约束的通知》,市场主体与登记治理,ai,True,<泛类型>,涉及经营异常名录及信用约束管理。,企业信息公示,(6-7) 泛型法条被AI分为具体分类'市场主体与登记治理'，应删除 | 原标记: <泛类型> | 法条: 《内蒙古自治区工商局关于对列入经营异常名录市场主体实施信用约束的通知》
《内蒙古自治区工商行政管理机关行使行政处罚自由裁量权办法》第七条第一款第（一）项,其他,ai,True,<泛类型>,仅为裁量程序规定，无法对应具体领域。,其他违法行为,(6-5) 程序性 | 匹配模式: '行政处罚自由裁量权' | 法条: 《内蒙古自治区工商行政管理机关行使行政处罚自由裁量权办法》第七条第一款第（一）项
《内蒙古自治区工商行政管理机关行使行政处罚自由裁量权办法》第九条第二项,其他,ai,True,<泛类型>,仅给出条款序号，无法判断具体领域。,其他违法行为,(6-5) 程序性 | 匹配模式: '行政处罚自由裁量权' | 法条: 《内蒙古自治区工商行政管理机关行使行政处罚自由裁量权办法》第九条第二项
《内蒙古自治区工商行政管理机关行使行政处罚自由裁量权执行标准（试行）》第一百三十六条,其他,ai,True,<泛类型>,条文内容缺失，无法具体判断。,其他违法行为,(6-5) 程序性 | 匹配模式: '行政处罚自由裁量权' | 法条: 《内蒙古自治区工商行政管理机关行使行政处罚自由裁量权执行标准（试行）》第一百三十六条
《内蒙古自治区工商行政管理机关行使行政处罚自由裁量权适用规则》第九条第一款第二项,市场秩序与竞争监管,ai,True,<泛类型>,系工商机关裁量规则，属市场监管。,消费者权益/市场秩序,(6-5) 程序性 | 匹配模式: '行政处罚自由裁量权' | 法条: 《内蒙古自治区工商行政管理机关行使行政处罚自由裁量权适用规则》第九条第一款第二项
《内蒙古自治区工商行政管理机关行政处罚自由裁量 权执行标准》,市场秩序与竞争监管,ai,True,<泛类型>,工商机关处罚标准，多涉市场监管秩序。,消费者权益/市场秩序,(6-7) 泛型法条被AI分为具体分类'市场秩序与竞争监管'，应删除 | 原标记: <泛类型> | 法条: 《内蒙古自治区工商行政管理机关行政处罚自由裁量 权执行标准》
《内蒙古自治区工商行政管理机关行政处罚自由裁量权执行标准》,市场秩序与竞争监管,ai,True,<泛类型>,《工商行政管理机关行政处罚》侧重市场秩序。,消费者权益/市场秩序,(6-5) 程序性 | 匹配模式: '行政处罚自由裁量权' | 法条: 《内蒙古自治区工商行政管理机关行政处罚自由裁量权执行标准》
《内蒙古自治区工商行政管理机关行政处罚自由裁量权适用规则》第九条第一款第（七）、（八）项,规范直销/打击传销,ai,True,<泛类型>,条文第九条第（七）（八）项系规范直销打传。,规范直销/打击传销,(6-5) 程序性 | 匹配模式: '行政处罚自由裁量权' | 法条: 《内蒙古自治区工商行政管理机关行政处罚自由裁量权适用规则》第九条第一款第（七）、（八）项
《内蒙古自治区工商行政管理机关行政处罚自由裁量权适用规则》第十一条,其他,ai,True,<泛类型>,仅给出条文标题，无法判断具体内容。,其他违法行为,(6-5) 程序性 | 匹配模式: '行政处罚自由裁量权' | 法条: 《内蒙古自治区工商行政管理机关行政处罚自由裁量权适用规则》第十一条
《内蒙古自治区市场监督管理行政处罚裁量权使用规则》第十一条,其他,ai,True,<泛类型>,仅有条款序号无具体内容说明。,其他违法行为,(6-5) 程序性 | 匹配模式: '行政处罚裁量权' | 法条: 《内蒙古自治区市场监督管理行政处罚裁量权使用规则》第十一条
《内蒙古自治区水行政处罚自由裁量权参照执行标准》,环境保护,ai,True,<泛类型>,水行政处罚标准，属水资源管理。,水资源,(6-5) 程序性 | 匹配模式: '行政处罚自由裁量权' | 法条: 《内蒙古自治区水行政处罚自由裁量权参照执行标准》
《内部资料性出版物准印证》,公共文化与传媒,ai,True,<泛类型>,涉及内部出版物准印管理规定。,公共文化与传媒,(6-7) 泛型法条被AI分为具体分类'公共文化与传媒'，应删除 | 原标记: <泛类型> | 法条: 《内部资料性出版物准印证》
《内部资料性出版物管理办法》第十五条第一款第（一）项,公共文化与传媒,ai,True,<泛类型>,规范内部资料出版发行管理行为。,公共文化与传媒,(6-7) 泛型法条被AI分为具体分类'公共文化与传媒'，应删除 | 原标记: <泛类型> | 法条: 《内部资料性出版物管理办法》第十五条第一款第（一）项
《内部资料性出版物管理办法》第十六条第一款,公共文化与传媒,ai,True,<泛类型>,规范内部资料性出版物管理属出版传媒。,公共文化与传媒,(6-7) 泛型法条被AI分为具体分类'公共文化与传媒'，应删除 | 原标记: <泛类型> | 法条: 《内部资料性出版物管理办法》第十六条第一款
《内部资料性出版物管理办法》第十六条第二款的规定,公共文化与传媒,ai,True,<泛类型>,《内部资料性出版物》属出版传媒管理。,公共文化与传媒,(6-7) 泛型法条被AI分为具体分类'公共文化与传媒'，应删除 | 原标记: <泛类型> | 法条: 《内部资料性出版物管理办法》第十六条第二款的规定
《农作物种子标签和使用说明管理办法》第三十三条,*种子标签管理*,ai,True,<泛类型>,针对农作物种子标签管理规定。,*种子标签管理*,(6-6) AI分类含星号'*种子标签管理*'，分类不确定 | 法条: 《农作物种子标签和使用说明管理办法》第三十三条
《农作物种子标签和使用说明管理办法》第二十五条第二款,*农作物种子管理*,ai,True,<泛类型>,依据种子标签和说明管理办法。,*农作物种子管理*,(6-6) AI分类含星号'*农作物种子管理*'，分类不确定 | 法条: 《农作物种子标签和使用说明管理办法》第二十五条第二款
《农民专业合作社年度报告公示暂行办法》第四条,市场主体与登记治理,ai,True,<泛类型>,年度报告公示制度属信息公示管理。,企业信息公示,(6-5) 报告书类 | 匹配模式: '年度报告' | 法条: 《农民专业合作社年度报告公示暂行办法》第四条
《农田灌溉水质标准》,环境保护,ai,True,<泛类型>,《农田灌溉水质标准》属水质管理规范。,水资源,(6-7) 泛型法条被AI分为具体分类'环境保护'，应删除 | 原标记: <泛类型> | 法条: 《农田灌溉水质标准》
《冷冻饮品 雪糕》,产品质量与安全,ai,True,<泛类型>,冷冻饮品雪糕属于食品范畴。,食品药品,(6-7) 泛型法条被AI分为具体分类'产品质量与安全'，应删除 | 原标记: <泛类型> | 法条: 《冷冻饮品 雪糕》
《冷冻饮品冰淇淋》,产品质量与安全,ai,True,<泛类型>,冷冻饮品属食品范畴监管。,食品药品,(6-7) 泛型法条被AI分为具体分类'产品质量与安全'，应删除 | 原标记: <泛类型> | 法条: 《冷冻饮品冰淇淋》
《冷冻饮品雪糕》,产品质量与安全,ai,True,<泛类型>,《冷冻饮品雪糕》属食品标准规范。,食品药品,(6-7) 泛型法条被AI分为具体分类'产品质量与安全'，应删除 | 原标记: <泛类型> | 法条: 《冷冻饮品雪糕》
《冷库租赁(捆绑)合同》,市场秩序与竞争监管,ai,True,<泛类型>,涉及冷库租赁合同规范及市场秩序。,消费者权益/市场秩序,(6-7) 泛型法条被AI分为具体分类'市场秩序与竞争监管'，应删除 | 原标记: <泛类型> | 法条: 《冷库租赁(捆绑)合同》
《冷库设计规范》,建筑使用安全,ai,True,<泛类型>,冷库属建筑设施安全规范。,建筑使用安全,(6-7) 泛型法条被AI分为具体分类'建筑使用安全'，应删除 | 原标记: <泛类型> | 法条: 《冷库设计规范》
《冷热水用聚丙烯管道系统 第2部分：管材》,产品质量与安全,ai,True,<泛类型>,《聚丙烯管道系统》属产品质量标准。,产品质量,(6-7) 泛型法条被AI分为具体分类'产品质量与安全'，应删除 | 原标记: <泛类型> | 法条: 《冷热水用聚丙烯管道系统 第2部分：管材》
《准印证》,公共文化与传媒,ai,True,<泛类型>,《准印证》系出版印刷许可管理。,公共文化与传媒,(6-7) 泛型法条被AI分为具体分类'公共文化与传媒'，应删除 | 原标记: <泛类型> | 法条: 《准印证》
《出入证工本费台账》,财税与金融监管,ai,True,<泛类型>,涉及工本费台账记录管理问题。,会计/账务,(6-7) 泛型法条被AI分为具体分类'财税与金融监管'，应删除 | 原标记: <泛类型> | 法条: 《出入证工本费台账》
《出厂合格证明书》,产品质量与安全,ai,True,<泛类型>,出厂合格证明书系产品质量证明文件。,产品质量,(6-7) 泛型法条被AI分为具体分类'产品质量与安全'，应删除 | 原标记: <泛类型> | 法条: 《出厂合格证明书》
《出厂检测报告》,产品质量与安全,ai,True,<泛类型>,《出厂检测报告》直接涉及产品质量。,产品质量,(6-7) 泛型法条被AI分为具体分类'产品质量与安全'，应删除 | 原标记: <泛类型> | 法条: 《出厂检测报告》
《出口收购合同》,海关/进出口,ai,True,<泛类型>,《出口收购合同》涉及对外贸易出口。,海关/进出口,(6-7) 泛型法条被AI分为具体分类'海关/进出口'，应删除 | 原标记: <泛类型> | 法条: 《出口收购合同》
《出版物市场管理规定》,公共文化与传媒,ai,True,<泛类型>,规范出版发行市场秩序管理。,公共文化与传媒,(6-7) 泛型法条被AI分为具体分类'公共文化与传媒'，应删除 | 原标记: <泛类型> | 法条: 《出版物市场管理规定》
《出版物市场管理规定》第三十七条第（五）项,公共文化与传媒,ai,True,<泛类型>,出版物市场管理规定属文化出版领域。,公共文化与传媒,(6-7) 泛型法条被AI分为具体分类'公共文化与传媒'，应删除 | 原标记: <泛类型> | 法条: 《出版物市场管理规定》第三十七条第（五）项
《出版物市场管理规定》第三十二条第四款,公共文化与传媒,ai,True,<泛类型>,出版物市场管理，属文化出版监管。,公共文化与传媒,(6-7) 泛型法条被AI分为具体分类'公共文化与传媒'，应删除 | 原标记: <泛类型> | 法条: 《出版物市场管理规定》第三十二条第四款
《出版物市场管理规定》第二十二条第二款第(二)项、第三十条第一款,公共文化与传媒,ai,True,<泛类型>,出版物市场管理规定属出版传媒领域。,公共文化与传媒,(6-7) 泛型法条被AI分为具体分类'公共文化与传媒'，应删除 | 原标记: <泛类型> | 法条: 《出版物市场管理规定》第二十二条第二款第(二)项、第三十条第一款
《出版物市场管理规定》第二十二条第二款第(五)项,公共文化与传媒,ai,True,<泛类型>,出版物市场管理规定属出版发行管理。,公共文化与传媒,(6-7) 泛型法条被AI分为具体分类'公共文化与传媒'，应删除 | 原标记: <泛类型> | 法条: 《出版物市场管理规定》第二十二条第二款第(五)项
《出版物市场管理规定》第二十二条第二款第五项,公共文化与传媒,ai,True,<泛类型>,《出版物市场管理规定》属出版监管领域。,公共文化与传媒,(6-7) 泛型法条被AI分为具体分类'公共文化与传媒'，应删除 | 原标记: <泛类型> | 法条: 《出版物市场管理规定》第二十二条第二款第五项
《出版物市场管理规定》第二十六条第四款,公共文化与传媒,ai,True,<泛类型>,出版物市场管理领域法规内容相关。,公共文化与传媒,(6-7) 泛型法条被AI分为具体分类'公共文化与传媒'，应删除 | 原标记: <泛类型> | 法条: 《出版物市场管理规定》第二十六条第四款
《出版物市场管理规定》第二十条第(二)项,公共文化与传媒,ai,True,<泛类型>,出版物市场管理规定属文化出版领域。,公共文化与传媒,(6-7) 泛型法条被AI分为具体分类'公共文化与传媒'，应删除 | 原标记: <泛类型> | 法条: 《出版物市场管理规定》第二十条第(二)项
《出版物行政处罚实施办法》第十五条,公共文化与传媒,ai,True,<泛类型>,《出版物行政处罚实施办法》属出版管理领域。,公共文化与传媒,(6-7) 泛型法条被AI分为具体分类'公共文化与传媒'，应删除 | 原标记: <泛类型> | 法条: 《出版物行政处罚实施办法》第十五条
《出版物鉴定书》,公共文化与传媒,ai,True,<泛类型>,《出版物鉴定书》涉及出版内容监管。,公共文化与传媒,(6-7) 泛型法条被AI分为具体分类'公共文化与传媒'，应删除 | 原标记: <泛类型> | 法条: 《出版物鉴定书》
《出版管理条例》第三十二条第三款,公共文化与传媒,ai,True,<泛类型>,出版管理条例属出版传媒领域。,公共文化与传媒,(6-7) 泛型法条被AI分为具体分类'公共文化与传媒'，应删除 | 原标记: <泛类型> | 法条: 《出版管理条例》第三十二条第三款
《出版管理行政处罚实施办法》第十五条,公共文化与传媒,ai,True,<泛类型>,出版管理领域处罚，属出版传媒。,公共文化与传媒,(6-7) 泛型法条被AI分为具体分类'公共文化与传媒'，应删除 | 原标记: <泛类型> | 法条: 《出版管理行政处罚实施办法》第十五条
《出租汽车经营服务管理规定》第二十一条第（一）项,交通运输,ai,True,<泛类型>,出租汽车经营管理规定，属交通运输。,交通运输违规,(6-7) 泛型法条被AI分为具体分类'交通运输'，应删除 | 原标记: <泛类型> | 法条: 《出租汽车经营服务管理规定》第二十一条第（一）项
《出租汽车经营服务管理规定》第二十三条,交通运输,ai,True,<泛类型>,出租汽车经营管理规定，属道路运输监管。,交通运输违规,(6-7) 泛型法条被AI分为具体分类'交通运输'，应删除 | 原标记: <泛类型> | 法条: 《出租汽车经营服务管理规定》第二十三条
《出租汽车经营服务管理规定》第四十九条第（八）项,交通运输,ai,True,<泛类型>,出租汽车经营管理规定属交通运输领域。,交通运输违规,(6-7) 泛型法条被AI分为具体分类'交通运输'，应删除 | 原标记: <泛类型> | 法条: 《出租汽车经营服务管理规定》第四十九条第（八）项
《出租汽车经营服务管理规定》第四十五条第（二）项,交通运输,ai,True,<泛类型>,出租汽车经营管理规定属交通运输管理。,交通运输违规,(6-7) 泛型法条被AI分为具体分类'交通运输'，应删除 | 原标记: <泛类型> | 法条: 《出租汽车经营服务管理规定》第四十五条第（二）项
《出租汽车资格考试合格通知书》,交通运输,ai,True,<泛类型>,涉及出租汽车从业资格考试合格通知书。,交通运输违规,(6-7) 泛型法条被AI分为具体分类'交通运输'，应删除 | 原标记: <泛类型> | 法条: 《出租汽车资格考试合格通知书》
《出院记录》,卫生健康,ai,True,<泛类型>,《出院记录》属于医疗服务行为。,医疗卫生,(6-7) 泛型法条被AI分为具体分类'卫生健康'，应删除 | 原标记: <泛类型> | 法条: 《出院记录》
《列入经营异常名录信息》,市场主体与登记治理,ai,True,<泛类型>,涉及列入经营异常名录信息管理。,企业信息公示,(6-7) 泛型法条被AI分为具体分类'市场主体与登记治理'，应删除 | 原标记: <泛类型> | 法条: 《列入经营异常名录信息》
《利宏牌钙维生素D软糖》,产品质量与安全,ai,True,<泛类型>,产品名称涉保健食品药品监管。,食品药品,(6-7) 泛型法条被AI分为具体分类'产品质量与安全'，应删除 | 原标记: <泛类型> | 法条: 《利宏牌钙维生素D软糖》
《利润及利润分配表》,财税与金融监管,ai,True,<泛类型>,涉及利润及利润分配会计报表。,会计/账务,(6-7) 泛型法条被AI分为具体分类'财税与金融监管'，应删除 | 原标记: <泛类型> | 法条: 《利润及利润分配表》
《利润表》,统计相关,ai,True,<泛类型>,《利润表》系统计报表、财务数据相关。,统计相关,(6-7) 泛型法条被AI分为具体分类'统计相关'，应删除 | 原标记: <泛类型> | 法条: 《利润表》
《制冷值班及交接班程序》,安全生产,ai,True,<泛类型>,值班交接班程序属生产安全管理规程。,安全生产,(6-7) 泛型法条被AI分为具体分类'安全生产'，应删除 | 原标记: <泛类型> | 法条: 《制冷值班及交接班程序》
《前期物业服务合同》,建设工程与房地产,ai,True,<泛类型>,前期物业服务合同属物业管理领域。,房地产/土地,(6-7) 泛型法条被AI分为具体分类'建设工程与房地产'，应删除 | 原标记: <泛类型> | 法条: 《前期物业服务合同》
《副井底平巷作业规程》,安全生产,ai,True,<泛类型>,矿井作业规程，属生产安全管理。,安全生产,(6-7) 泛型法条被AI分为具体分类'安全生产'，应删除 | 原标记: <泛类型> | 法条: 《副井底平巷作业规程》
《副水仓掘进作业规程》,安全生产,ai,True,<泛类型>,矿山掘进作业规程，属生产安全管理。,安全生产,(6-7) 泛型法条被AI分为具体分类'安全生产'，应删除 | 原标记: <泛类型> | 法条: 《副水仓掘进作业规程》
《办公家具 办公椅》,产品质量与安全,ai,True,<泛类型>,办公椅产品标准，属产品质量规范。,产品质量,(6-7) 泛型法条被AI分为具体分类'产品质量与安全'，应删除 | 原标记: <泛类型> | 法条: 《办公家具 办公椅》
《办公家具办公椅》,产品质量与安全,ai,True,<泛类型>,办公椅属产品质量标准规范。,产品质量,(6-7) 泛型法条被AI分为具体分类'产品质量与安全'，应删除 | 原标记: <泛类型> | 法条: 《办公家具办公椅》
《办公房租赁合同》,建设工程与房地产,ai,True,<泛类型>,涉及房屋租赁合同归属房地产领域。,房地产/土地,(6-7) 泛型法条被AI分为具体分类'建设工程与房地产'，应删除 | 原标记: <泛类型> | 法条: 《办公房租赁合同》
《加工定作合同》,消费者权益/市场秩序,ai,True,<泛类型>,加工定作合同属消费合同范畴。,消费者权益纠纷,(6-7) 泛型法条被AI分为具体分类'消费者权益/市场秩序'，应删除 | 原标记: <泛类型> | 法条: 《加工定作合同》
《加油站-月份加油信息明细表》,财税与金融监管,ai,True,<泛类型>,涉成品油销售台账，疑涉偷逃税。,税收违规,(6-7) 泛型法条被AI分为具体分类'财税与金融监管'，应删除 | 原标记: <泛类型> | 法条: 《加油站-月份加油信息明细表》
《加油站作业管理规范》,安全生产,ai,True,<泛类型>,加油站作业属危险化学品安全管理。,安全生产/危化品,(6-7) 泛型法条被AI分为具体分类'安全生产'，应删除 | 原标记: <泛类型> | 法条: 《加油站作业管理规范》
《加油站日进销存成品油台账》,财税与金融监管,ai,True,<泛类型>,涉及加油站日常进销存台账管理。,会计/账务,(6-7) 泛型法条被AI分为具体分类'财税与金融监管'，应删除 | 原标记: <泛类型> | 法条: 《加油站日进销存成品油台账》
《加油站日销售成品油台账》,财税与金融监管,ai,True,<泛类型>,涉及销售台账记录管理问题。,会计/账务,(6-7) 泛型法条被AI分为具体分类'财税与金融监管'，应删除 | 原标记: <泛类型> | 法条: 《加油站日销售成品油台账》
《加油站日销售油品台帐》,财税与金融监管,ai,True,<泛类型>,涉及销售台账记录管理义务。,会计/账务,(6-7) 泛型法条被AI分为具体分类'财税与金融监管'，应删除 | 原标记: <泛类型> | 法条: 《加油站日销售油品台帐》
《加油站日销售油品台账》,财税与金融监管,ai,True,<泛类型>,《加油站日销售油品台账》属账务管理。,会计/账务,(6-7) 泛型法条被AI分为具体分类'财税与金融监管'，应删除 | 原标记: <泛类型> | 法条: 《加油站日销售油品台账》
《加油站月份加油信息明细表》,统计相关,ai,True,<泛类型>,与加油站数据统计报表管理有关。,统计相关,(6-7) 泛型法条被AI分为具体分类'统计相关'，应删除 | 原标记: <泛类型> | 法条: 《加油站月份加油信息明细表》
《加油站月销售油品汇总表》,统计相关,ai,True,<泛类型>,《加油站月销售油品汇总表》属统计报表管理。,统计相关,(6-7) 泛型法条被AI分为具体分类'统计相关'，应删除 | 原标记: <泛类型> | 法条: 《加油站月销售油品汇总表》
《加油站油气排放控制和限值》,环境保护,ai,True,<泛类型>,油气排放控制限值属环保标准。,环境保护,(6-7) 泛型法条被AI分为具体分类'环境保护'，应删除 | 原标记: <泛类型> | 法条: 《加油站油气排放控制和限值》
《加油站计量监督管理办法》第九条,计量/器具,ai,True,<泛类型>,《加油站计量监督管理办法》属计量监管。,计量/器具,(6-7) 泛型法条被AI分为具体分类'计量/器具'，应删除 | 原标记: <泛类型> | 法条: 《加油站计量监督管理办法》第九条
《加油站计量监督管理办法》第九条第二项“违反本办法第五条第(五)项,计量/器具,ai,True,<泛类型>,加油站计量监督管理，属计量范畴。,计量/器具,(6-7) 泛型法条被AI分为具体分类'计量/器具'，应删除 | 原标记: <泛类型> | 法条: 《加油站计量监督管理办法》第九条第二项“违反本办法第五条第(五)项
《加油站计量监督管理办法》第五条第一款第(五)项,计量/器具,ai,True,<泛类型>,加油站计量监督管理，属计量监管。,计量/器具,(6-7) 泛型法条被AI分为具体分类'计量/器具'，应删除 | 原标记: <泛类型> | 法条: 《加油站计量监督管理办法》第五条第一款第(五)项
《加油站计量监督管理办法》第五条第七项,计量/器具,ai,True,<泛类型>,加油站计量监督管理办法属计量监管。,计量/器具,(6-7) 泛型法条被AI分为具体分类'计量/器具'，应删除 | 原标记: <泛类型> | 法条: 《加油站计量监督管理办法》第五条第七项
《加油站计量监督管理办法》第五条第（七）项,计量/器具,ai,True,<泛类型>,加油站计量管理办法，属计量监管。,计量/器具,(6-7) 泛型法条被AI分为具体分类'计量/器具'，应删除 | 原标记: <泛类型> | 法条: 《加油站计量监督管理办法》第五条第（七）项
《加油站计量监督管理办法》第五条第（五）项,计量/器具,ai,True,<泛类型>,加油站计量监督管理规定，属计量监管。,计量/器具,(6-7) 泛型法条被AI分为具体分类'计量/器具'，应删除 | 原标记: <泛类型> | 法条: 《加油站计量监督管理办法》第五条第（五）项
《加贸产品委外加工情况表》,海关/进出口,ai,True,<泛类型>,《加贸产品委外加工情况表》属海关监管业务。,海关/进出口,(6-7) 泛型法条被AI分为具体分类'海关/进出口'，应删除 | 原标记: <泛类型> | 法条: 《加贸产品委外加工情况表》
《务川自治县住房和城乡建设局责令停止违法行为通知书》,建设工程与房地产,ai,True,<泛类型>,住建局责令停止违法建设行为。,建设工程,(6-7) 泛型法条被AI分为具体分类'建设工程与房地产'，应删除 | 原标记: <泛类型> | 法条: 《务川自治县住房和城乡建设局责令停止违法行为通知书》
《动态汽车衡检定证书》,计量/器具,ai,True,<泛类型>,《动态汽车衡检定证书》属计量器具管理。,计量/器具,(6-7) 泛型法条被AI分为具体分类'计量/器具'，应删除 | 原标记: <泛类型> | 法条: 《动态汽车衡检定证书》
《动火作业许可制度》,安全生产,ai,True,<泛类型>,动火作业许可属安全生产管理制度。,安全生产,(6-7) 泛型法条被AI分为具体分类'安全生产'，应删除 | 原标记: <泛类型> | 法条: 《动火作业许可制度》
《动火作业证》,安全生产,ai,True,<泛类型>,动火作业证属安全生产管理事项。,安全生产,(6-7) 泛型法条被AI分为具体分类'安全生产'，应删除 | 原标记: <泛类型> | 法条: 《动火作业证》
《动迁补偿协议》,建设工程与房地产,ai,True,<泛类型>,动迁补偿涉及房屋征收与土地使用。,房地产/土地,(6-7) 泛型法条被AI分为具体分类'建设工程与房地产'，应删除 | 原标记: <泛类型> | 法条: 《动迁补偿协议》
《劳保用品电商平台清单》,安全生产,ai,True,<泛类型>,劳保用品管理直接关系作业安全。,安全生产,(6-7) 泛型法条被AI分为具体分类'安全生产'，应删除 | 原标记: <泛类型> | 法条: 《劳保用品电商平台清单》
《劳务分包合同》,建设工程与房地产,ai,True,<泛类型>,《劳务分包合同》属工程建设领域。,建设工程,(6-7) 泛型法条被AI分为具体分类'建设工程与房地产'，应删除 | 原标记: <泛类型> | 法条: 《劳务分包合同》
《劳务合同》,劳动保障,ai,True,<泛类型>,劳务合同属用工劳动关系。,劳动保障/用工,(6-7) 泛型法条被AI分为具体分类'劳动保障'，应删除 | 原标记: <泛类型> | 法条: 《劳务合同》
《劳务班组计价协议书》,劳动保障,ai,True,<泛类型>,《劳务班组计价协议书》涉及用工劳务。,劳动保障/用工,(6-7) 泛型法条被AI分为具体分类'劳动保障'，应删除 | 原标记: <泛类型> | 法条: 《劳务班组计价协议书》
《劳动保监察条例》第三十条,劳动保障,ai,True,<泛类型>,依据劳动保障监察条例条款内容。,劳动保障/用工,(6-7) 泛型法条被AI分为具体分类'劳动保障'，应删除 | 原标记: <泛类型> | 法条: 《劳动保监察条例》第三十条
《劳动合同》,劳动保障,ai,True,<泛类型>,依据《劳动合同》调整用工关系。,劳动保障/用工,(6-7) 泛型法条被AI分为具体分类'劳动保障'，应删除 | 原标记: <泛类型> | 法条: 《劳动合同》
《劳动合同书》,劳动保障,ai,True,<泛类型>,依据《劳动合同书》涉及劳动用工。,劳动保障/用工,(6-7) 泛型法条被AI分为具体分类'劳动保障'，应删除 | 原标记: <泛类型> | 法条: 《劳动合同书》
《劳动合同书（编号：20170015）》,劳动保障,ai,True,<泛类型>,主体为劳动合同内容相关。,劳动保障/用工,(6-7) 泛型法条被AI分为具体分类'劳动保障'，应删除 | 原标记: <泛类型> | 法条: 《劳动合同书（编号：20170015）》
《劳动合同法》第30条,劳动保障,ai,True,<泛类型>,系劳动合同履行与工资支付规定。,劳动保障/用工,(6-7) 泛型法条被AI分为具体分类'劳动保障'，应删除 | 原标记: <泛类型> | 法条: 《劳动合同法》第30条
《劳动合同法》第三十条第一款第一项,劳动保障,ai,True,<泛类型>,依据劳动合同法条款，属劳动用工管理。,劳动保障/用工,(6-7) 泛型法条被AI分为具体分类'劳动保障'，应删除 | 原标记: <泛类型> | 法条: 《劳动合同法》第三十条第一款第一项
《劳动合同法》第二章第十条,劳动保障,ai,True,<泛类型>,适用《劳动合同法》用工管理规定。,劳动保障/用工,(6-7) 泛型法条被AI分为具体分类'劳动保障'，应删除 | 原标记: <泛类型> | 法条: 《劳动合同法》第二章第十条
《劳动合同法》第八十五条,劳动保障,ai,True,<泛类型>,依据劳动合同法规定，属劳动用工管理】,劳动保障/用工,(6-7) 泛型法条被AI分为具体分类'劳动保障'，应删除 | 原标记: <泛类型> | 法条: 《劳动合同法》第八十五条
《劳动法》,劳动保障,ai,True,<泛类型>,依据《劳动法》属劳动用工管理。,劳动保障/用工,(6-7) 泛型法条被AI分为具体分类'劳动保障'，应删除 | 原标记: <泛类型> | 法条: 《劳动法》
《劳动法》第50条、,劳动保障,ai,True,<泛类型>,依据《劳动法》第50条，属劳动用工管理。,劳动保障/用工,(6-7) 泛型法条被AI分为具体分类'劳动保障'，应删除 | 原标记: <泛类型> | 法条: 《劳动法》第50条、
《劳动法》第三十六条、第四十一条,劳动保障,ai,True,<泛类型>,依据《劳动法》工作时间加班规定。】,劳动保障/用工,(6-7) 泛型法条被AI分为具体分类'劳动保障'，应删除 | 原标记: <泛类型> | 法条: 《劳动法》第三十六条、第四十一条
《劳动法》第九十五条,劳动保障,ai,True,<泛类型>,适用《劳动法》条款，属劳动用工。,劳动保障/用工,(6-7) 泛型法条被AI分为具体分类'劳动保障'，应删除 | 原标记: <泛类型> | 法条: 《劳动法》第九十五条
《劳动法》第五十条,劳动保障,ai,True,<泛类型>,属劳动报酬支付等劳动关系内容。,劳动保障/用工,(6-7) 泛型法条被AI分为具体分类'劳动保障'，应删除 | 原标记: <泛类型> | 法条: 《劳动法》第五十条
《劳动法》第五十条、,劳动保障,ai,True,<泛类型>,引用《劳动法》第五十条内容相关。,劳动保障/用工,(6-7) 泛型法条被AI分为具体分类'劳动保障'，应删除 | 原标记: <泛类型> | 法条: 《劳动法》第五十条、
《劳动法》第六十五条,劳动保障,ai,True,<泛类型>,引用《劳动法》条款，属劳动用工。,劳动保障/用工,(6-7) 泛型法条被AI分为具体分类'劳动保障'，应删除 | 原标记: <泛类型> | 法条: 《劳动法》第六十五条
《劳动法》第十五条、,劳动保障,ai,True,<泛类型>,引用《劳动法》第十五条用工相关。,劳动保障/用工,(6-7) 泛型法条被AI分为具体分类'劳动保障'，应删除 | 原标记: <泛类型> | 法条: 《劳动法》第十五条、
《劳动法》第四十三条规定,劳动保障,ai,True,<泛类型>,依据劳动法内容，属用工管理。,劳动保障/用工,(6-7) 泛型法条被AI分为具体分类'劳动保障'，应删除 | 原标记: <泛类型> | 法条: 《劳动法》第四十三条规定
《勘察纲要》,建设工程与房地产,ai,True,<泛类型>,《勘察纲要》属工程勘察规范。,建设工程,(6-7) 泛型法条被AI分为具体分类'建设工程与房地产'，应删除 | 原标记: <泛类型> | 法条: 《勘察纲要》
《勘测定界技术报告书》,建设工程与房地产,ai,True,<泛类型>,《勘测定界技术报告书》涉土地权属界定。,房地产/土地,(6-7) 泛型法条被AI分为具体分类'建设工程与房地产'，应删除 | 原标记: <泛类型> | 法条: 《勘测定界技术报告书》
《包装容器 钢桶 第1部分：通用技术要求》,产品质量与安全,ai,True,<泛类型>,产品执行钢桶通用技术质量标准。,产品质量,(6-7) 泛型法条被AI分为具体分类'产品质量与安全'，应删除 | 原标记: <泛类型> | 法条: 《包装容器 钢桶 第1部分：通用技术要求》
《包装装潢,市场秩序与竞争监管,ai,True,<泛类型>,包装装潢多规制误导消费者行为。,消费者权益/市场秩序,(6-7) 泛型法条被AI分为具体分类'市场秩序与竞争监管'，应删除 | 原标记: <泛类型> | 法条: 《包装装潢
《化学品危险性分类报告》,安全生产,ai,True,<泛类型>,涉及化学品危险性分类报告管理。,安全生产/危化品,(6-7) 泛型法条被AI分为具体分类'安全生产'，应删除 | 原标记: <泛类型> | 法条: 《化学品危险性分类报告》
《化学品危险性鉴定书》,安全生产,ai,True,<泛类型>,《化学品危险性鉴定书》属危化品管理。,安全生产/危化品,(6-7) 泛型法条被AI分为具体分类'安全生产'，应删除 | 原标记: <泛类型> | 法条: 《化学品危险性鉴定书》
《化工网外贸会员服务合同书》,市场秩序与竞争监管,ai,True,<泛类型>,系网络服务合同，属消费合同纠纷。,消费者权益/市场秩序,(6-7) 泛型法条被AI分为具体分类'市场秩序与竞争监管'，应删除 | 原标记: <泛类型> | 法条: 《化工网外贸会员服务合同书》
《北二区18层回风下山掘进作业规程》,安全生产,ai,True,<泛类型>,矿井掘进作业规程，属生产安全管理。,安全生产,(6-7) 泛型法条被AI分为具体分类'安全生产'，应删除 | 原标记: <泛类型> | 法条: 《北二区18层回风下山掘进作业规程》
《北京久安建设投资集团有限公司“4。14”一般其他伤害事故调查报告》,安全生产,ai,True,<泛类型>,“一般其他伤害事故”系生产安全事故。,安全生产,(6-7) 泛型法条被AI分为具体分类'安全生产'，应删除 | 原标记: <泛类型> | 法条: 《北京久安建设投资集团有限公司“4。14”一般其他伤害事故调查报告》
《北京冶科电子器材有限公司股权转让协议》,财税与金融监管,ai,True,<泛类型>,股权转让合同纠纷，涉公司金融交易。,金融/信贷违规,(6-7) 泛型法条被AI分为具体分类'财税与金融监管'，应删除 | 原标记: <泛类型> | 法条: 《北京冶科电子器材有限公司股权转让协议》
《北京城建牡丹江地产》,建设工程与房地产,ai,True,<泛类型>,名称含“地产”，推定涉房地产。,房地产/土地,(6-7) 泛型法条被AI分为具体分类'建设工程与房地产'，应删除 | 原标记: <泛类型> | 法条: 《北京城建牡丹江地产》
《北京市人民政府关于对使用煤炭质量的监督规定》第三条第一款,环境保护,ai,True,<泛类型>,煤炭使用及污染控制，属环保监管。,环境保护,(6-7) 泛型法条被AI分为具体分类'环境保护'，应删除 | 原标记: <泛类型> | 法条: 《北京市人民政府关于对使用煤炭质量的监督规定》第三条第一款
《北京市人民防空办公室行政处罚裁量基准》,*人民防空管理*,ai,True,<泛类型>,针对人防工程相关行政处罚基准。,*人民防空管理*,(6-6) AI分类含星号'*人民防空管理*'，分类不确定 | 法条: 《北京市人民防空办公室行政处罚裁量基准》
《北京市人民防空条例》第二十二条第一款的规定,*人民防空管理*,ai,True,<泛类型>,依据《人民防空条例》属人防管理类违法。,*人民防空管理*,(6-6) AI分类含星号'*人民防空管理*'，分类不确定 | 法条: 《北京市人民防空条例》第二十二条第一款的规定
《北京市人民防空条例》第二十二条第二款,*人防工程管理*,ai,True,<泛类型>,依据人民防空条例属人防工程管理范畴。,*人防工程管理*,(6-6) AI分类含星号'*人防工程管理*'，分类不确定 | 法条: 《北京市人民防空条例》第二十二条第二款
《北京市人民防空条例》第四十七条,*人民防空管理*,ai,True,<泛类型>,《北京市人民防空条例》属人防管理事项。,*人民防空管理*,(6-6) AI分类含星号'*人民防空管理*'，分类不确定 | 法条: 《北京市人民防空条例》第四十七条
《北京市住房城乡建设系统行政处罚裁量基准》,建设工程与房地产,ai,True,<泛类型>,住建系统处罚裁量，属工程领域。,建设工程,(6-7) 泛型法条被AI分为具体分类'建设工程与房地产'，应删除 | 原标记: <泛类型> | 法条: 《北京市住房城乡建设系统行政处罚裁量基准》
《北京市住房城乡建设系统行政处罚裁量基准表》,建设工程与房地产,ai,True,<泛类型>,《住房城乡建设》系统属建设工程监管。,建设工程,(6-7) 泛型法条被AI分为具体分类'建设工程与房地产'，应删除 | 原标记: <泛类型> | 法条: 《北京市住房城乡建设系统行政处罚裁量基准表》
《北京市公共信用信息管理办法》第十条第一款第三项,*公共信用信息管理*,ai,True,<泛类型>,依据公共信用信息管理办法的条款内容。,*公共信用信息管理*,(6-6) AI分类含星号'*公共信用信息管理*'，分类不确定 | 法条: 《北京市公共信用信息管理办法》第十条第一款第三项
《北京市农作物种子销售台账》,产品质量与安全,ai,True,<泛类型>,涉农作物种子质量及销售管理。,产品质量,(6-7) 泛型法条被AI分为具体分类'产品质量与安全'，应删除 | 原标记: <泛类型> | 法条: 《北京市农作物种子销售台账》
《北京市出租汽车管理条例》第二十七条第(一)项,交通运输,ai,True,<泛类型>,属出租汽车营运管理规定范畴。,交通运输违规,(6-7) 泛型法条被AI分为具体分类'交通运输'，应删除 | 原标记: <泛类型> | 法条: 《北京市出租汽车管理条例》第二十七条第(一)项
《北京市出租汽车管理条例》第二十七条第(一)项,交通运输,ai,True,<泛类型>,出租汽车管理条例属道路运输管理。,交通运输违规,(6-7) 泛型法条被AI分为具体分类'交通运输'，应删除 | 原标记: <泛类型> | 法条: 《北京市出租汽车管理条例》第二十七条第(一)项
《北京市存量房屋买卖合同》,建设工程与房地产,ai,True,<泛类型>,存量房屋买卖合同，典型房地产领域。,房地产/土地,(6-7) 泛型法条被AI分为具体分类'建设工程与房地产'，应删除 | 原标记: <泛类型> | 法条: 《北京市存量房屋买卖合同》
《北京市工商行政管理局事实归集和公布企业信用信息管理规定（试行）》第十二条,市场主体与登记治理,ai,True,<泛类型>,《企业信用信息管理规定》属信息公示管理。,企业信息公示,(6-7) 泛型法条被AI分为具体分类'市场主体与登记治理'，应删除 | 原标记: <泛类型> | 法条: 《北京市工商行政管理局事实归集和公布企业信用信息管理规定（试行）》第十二条
《北京市工商行政管理局事实归集和公布企业信用信息管理规定（试行）》第十二条第一款第（四）项,市场主体与登记治理,ai,True,<泛类型>,规范企业信用信息归集与公示行为。,企业信息公示,(6-7) 泛型法条被AI分为具体分类'市场主体与登记治理'，应删除 | 原标记: <泛类型> | 法条: 《北京市工商行政管理局事实归集和公布企业信用信息管理规定（试行）》第十二条第一款第（四）项
《北京市工商行政管理局事实归集和公布企业信用信息管理规定（试行）》第十二条第（六）项,市场主体与登记治理,ai,True,<泛类型>,规制企业信用信息归集公示行为。,企业信息公示,(6-7) 泛型法条被AI分为具体分类'市场主体与登记治理'，应删除 | 原标记: <泛类型> | 法条: 《北京市工商行政管理局事实归集和公布企业信用信息管理规定（试行）》第十二条第（六）项
《北京市工商行政管理局实施归集和公布企业信息用信息管理规定》,市场主体与登记治理,ai,True,<泛类型>,涉及企业信息归集与公布管理规定。,企业信息公示,(6-7) 泛型法条被AI分为具体分类'市场主体与登记治理'，应删除 | 原标记: <泛类型> | 法条: 《北京市工商行政管理局实施归集和公布企业信息用信息管理规定》
《北京市工商行政管理局实施归集和公布企业信用信息管理规定》,市场主体与登记治理,ai,True,<泛类型>,涉及企业信用信息归集公示管理。,企业信息公示,(6-7) 泛型法条被AI分为具体分类'市场主体与登记治理'，应删除 | 原标记: <泛类型> | 法条: 《北京市工商行政管理局实施归集和公布企业信用信息管理规定》
《北京市工商行政管理局实施归集和公布企业信用信息管理规定》第十二条第二款第（三）项,市场主体与登记治理,ai,True,<泛类型>,涉及企业信用信息归集公示管理。,企业信息公示,(6-7) 泛型法条被AI分为具体分类'市场主体与登记治理'，应删除 | 原标记: <泛类型> | 法条: 《北京市工商行政管理局实施归集和公布企业信用信息管理规定》第十二条第二款第（三）项
《北京市工商行政管理局实施归集和公布企业信用信息管理规定》第十二条第二款第（六）项,市场主体与登记治理,ai,True,<泛类型>,针对企业信用信息归集公示管理。,企业信息公示,(6-7) 泛型法条被AI分为具体分类'市场主体与登记治理'，应删除 | 原标记: <泛类型> | 法条: 《北京市工商行政管理局实施归集和公布企业信用信息管理规定》第十二条第二款第（六）项
《北京市工商行政管理局实施归集和公布企业信用信息管理规定》第十二条经济检查类第（三）项,市场主体与登记治理,ai,True,<泛类型>,规定内容即企业信用信息归集公示。,企业信息公示,(6-7) 泛型法条被AI分为具体分类'市场主体与登记治理'，应删除 | 原标记: <泛类型> | 法条: 《北京市工商行政管理局实施归集和公布企业信用信息管理规定》第十二条经济检查类第（三）项
《北京市工商行政管理局实施归集和公布企业信用信息管理规定（试行）》第十二条,市场主体与登记治理,ai,True,<泛类型>,规定内容专门规范企业信用信息公示。,企业信息公示,(6-7) 泛型法条被AI分为具体分类'市场主体与登记治理'，应删除 | 原标记: <泛类型> | 法条: 《北京市工商行政管理局实施归集和公布企业信用信息管理规定（试行）》第十二条
《北京市工商行政管理局实施归集和公布企业信用信息管理规定（试行）》第十二条第二款第（三）项,市场主体与登记治理,ai,True,<泛类型>,条文规范企业信用信息归集公示。,企业信息公示,(6-7) 泛型法条被AI分为具体分类'市场主体与登记治理'，应删除 | 原标记: <泛类型> | 法条: 《北京市工商行政管理局实施归集和公布企业信用信息管理规定（试行）》第十二条第二款第（三）项
《北京市工商行政管理局相关违法行为行政处罚裁量权执行标准》,其他,ai,True,<泛类型>,仅给出标准名称，无具体行为描述。,其他违法行为,(6-5) 程序性 | 匹配模式: '行政处罚裁量权' | 法条: 《北京市工商行政管理局相关违法行为行政处罚裁量权执行标准》
《北京市工商行政管理局相关违法行为行政处罚裁量权执行标准》第一百九十一条第二项,市场秩序与竞争监管,ai,True,<泛类型>,该条属工商系统规范市场秩序。,消费者权益/市场秩序,(6-5) 程序性 | 匹配模式: '行政处罚裁量权' | 法条: 《北京市工商行政管理局相关违法行为行政处罚裁量权执行标准》第一百九十一条第二项
《北京市工商行政管理局相关违法行为行政处罚裁量权执行标准》第一百四十九条第一款,其他,ai,True,<泛类型>,仅给出条款编号，无法判断内容。,其他违法行为,(6-5) 程序性 | 匹配模式: '行政处罚裁量权' | 法条: 《北京市工商行政管理局相关违法行为行政处罚裁量权执行标准》第一百四十九条第一款
《北京市工商行政管理局相关违法行为行政处罚裁量权执行标准》第一章第一节第十条第1项,市场秩序与竞争监管,ai,True,<泛类型>,属工商机关规制市场交易秩序内容。,消费者权益/市场秩序,(6-5) 程序性 | 匹配模式: '行政处罚裁量权' | 法条: 《北京市工商行政管理局相关违法行为行政处罚裁量权执行标准》第一章第一节第十条第1项
《北京市工商行政管理局相关违法行为行政处罚裁量权执行标准》第一章第一节第十条第一项,市场秩序与竞争监管,ai,True,<泛类型>,工商机关裁量标准，多涉市场秩序。,消费者权益/市场秩序,(6-5) 程序性 | 匹配模式: '行政处罚裁量权' | 法条: 《北京市工商行政管理局相关违法行为行政处罚裁量权执行标准》第一章第一节第十条第一项
《北京市工商行政管理局相关违法行为行政处罚裁量权执行标准》第一章第三节第三十条第一款第（一）项,市场主体与登记治理,ai,True,<泛类型>,工商登记类条款，多为登记或无照。,无照经营/登记问题,(6-5) 程序性 | 匹配模式: '行政处罚裁量权' | 法条: 《北京市工商行政管理局相关违法行为行政处罚裁量权执行标准》第一章第三节第三十条第一款第（一）项
《北京市工商行政管理局相关违法行为行政处罚裁量权执行标准》第一章第三节第二十九条第一款第（一）项,市场秩序与竞争监管,ai,True,<泛类型>,工商局裁量标准，多涉市场秩序。,消费者权益/市场秩序,(6-5) 程序性 | 匹配模式: '行政处罚裁量权' | 法条: 《北京市工商行政管理局相关违法行为行政处罚裁量权执行标准》第一章第三节第二十九条第一款第（一）项
《北京市工商行政管理局相关违法行为行政处罚裁量权执行标准》第三十九条第一款第（一）项,市场秩序与竞争监管,ai,True,<泛类型>,工商局裁量标准，多为市场秩序违法。,消费者权益/市场秩序,(6-5) 程序性 | 匹配模式: '行政处罚裁量权' | 法条: 《北京市工商行政管理局相关违法行为行政处罚裁量权执行标准》第三十九条第一款第（一）项
《北京市工商行政管理局相关违法行为行政处罚裁量权执行标准》第三十六条第一款第1项,市场秩序与竞争监管,ai,True,<泛类型>,属工商系统一般市场秩序管理行为。,消费者权益/市场秩序,(6-5) 程序性 | 匹配模式: '行政处罚裁量权' | 法条: 《北京市工商行政管理局相关违法行为行政处罚裁量权执行标准》第三十六条第一款第1项
《北京市工商行政管理局相关违法行为行政处罚裁量权执行标准》第九十一条,其他,ai,True,<泛类型>,仅给出条号，无具体行为内容。,其他违法行为,(6-5) 程序性 | 匹配模式: '行政处罚裁量权' | 法条: 《北京市工商行政管理局相关违法行为行政处罚裁量权执行标准》第九十一条
《北京市工商行政管理局相关违法行为行政处罚裁量权执行标准》第二十九条第一款第（四）项,市场秩序与竞争监管,ai,True,<泛类型>,工商局裁量标准，多涉市场秩序类。,消费者权益/市场秩序,(6-5) 程序性 | 匹配模式: '行政处罚裁量权' | 法条: 《北京市工商行政管理局相关违法行为行政处罚裁量权执行标准》第二十九条第一款第（四）项
《北京市工商行政管理局相关违法行为行政处罚裁量权执行标准》第二十九条第（一）项,市场秩序与竞争监管,ai,True,<泛类型>,该条通常规范商业贿赂等不正当竞争行为。,不正当竞争/商业贿赂,(6-5) 程序性 | 匹配模式: '行政处罚裁量权' | 法条: 《北京市工商行政管理局相关违法行为行政处罚裁量权执行标准》第二十九条第（一）项
《北京市工商行政管理局相关违法行为行政处罚裁量权执行标准》第二十条第一项,市场秩序与竞争监管,ai,True,<泛类型>,工商局裁量标准多规制市场秩序。,消费者权益/市场秩序,(6-5) 程序性 | 匹配模式: '行政处罚裁量权' | 法条: 《北京市工商行政管理局相关违法行为行政处罚裁量权执行标准》第二十条第一项
《北京市工商行政管理局相关违法行为行政处罚裁量权执行标准》第二百零五条第3项,市场秩序与竞争监管,ai,True,<泛类型>,工商局裁量标准，多为市场秩序类行为。,消费者权益/市场秩序,(6-5) 程序性 | 匹配模式: '行政处罚裁量权' | 法条: 《北京市工商行政管理局相关违法行为行政处罚裁量权执行标准》第二百零五条第3项
《北京市工商行政管理局相关违法行为行政处罚裁量权执行标准》第二百零五条第3项,市场秩序与竞争监管,ai,True,<泛类型>,工商处罚标准，多为市场与消费秩序。,消费者权益/市场秩序,(6-5) 程序性 | 匹配模式: '行政处罚裁量权' | 法条: 《北京市工商行政管理局相关违法行为行政处罚裁量权执行标准》第二百零五条第3项
《北京市工商行政管理局相关违法行为行政处罚裁量权执行标准》第二百零四条第（四）项,市场秩序与竞争监管,ai,True,<泛类型>,工商局裁量标准多规范市场交易秩序。,消费者权益/市场秩序,(6-5) 程序性 | 匹配模式: '行政处罚裁量权' | 法条: 《北京市工商行政管理局相关违法行为行政处罚裁量权执行标准》第二百零四条第（四）项
《北京市工商行政管理局相关违法行为行政处罚裁量权执行标准》第二章第一节第八十九条第（一）项,市场秩序与竞争监管,ai,True,<泛类型>,工商局裁量标准，多涉及市场秩序。,消费者权益/市场秩序,(6-5) 程序性 | 匹配模式: '行政处罚裁量权' | 法条: 《北京市工商行政管理局相关违法行为行政处罚裁量权执行标准》第二章第一节第八十九条第（一）项
《北京市工商行政管理局相关违法行为行政处罚裁量权执行标准》第八十九条第1项,市场秩序与竞争监管,ai,True,<泛类型>,工商局裁量标准，多涉市场秩序。,消费者权益/市场秩序,(6-5) 程序性 | 匹配模式: '行政处罚裁量权' | 法条: 《北京市工商行政管理局相关违法行为行政处罚裁量权执行标准》第八十九条第1项
《北京市工商行政管理局相关违法行为行政处罚裁量权执行标准》第十一条第一款第（四）项,其他,ai,True,<泛类型>,仅给出条款序号，无法判断内容。,其他违法行为,(6-5) 程序性 | 匹配模式: '行政处罚裁量权' | 法条: 《北京市工商行政管理局相关违法行为行政处罚裁量权执行标准》第十一条第一款第（四）项
《北京市工商行政管理局相关违法行为行政处罚裁量权执行标准》第十四条第二款第（3）项,市场秩序与竞争监管,ai,True,<泛类型>,工商机关裁量标准，多涉市场秩序。,消费者权益/市场秩序,(6-5) 程序性 | 匹配模式: '行政处罚裁量权' | 法条: 《北京市工商行政管理局相关违法行为行政处罚裁量权执行标准》第十四条第二款第（3）项
《北京市工商行政管理局相关违法行为行政处罚裁量权执行标准》第十条第2项,市场秩序与竞争监管,ai,True,<泛类型>,工商局裁量标准多规范市场秩序。,消费者权益/市场秩序,(6-5) 程序性 | 匹配模式: '行政处罚裁量权' | 法条: 《北京市工商行政管理局相关违法行为行政处罚裁量权执行标准》第十条第2项
《北京市工商行政管理局石景山分局责令改正通知书》,市场主体与登记治理,ai,True,<泛类型>,工商局责令改正，多为登记问题。,无照经营/登记问题,(6-7) 泛型法条被AI分为具体分类'市场主体与登记治理'，应删除 | 原标记: <泛类型> | 法条: 《北京市工商行政管理局石景山分局责令改正通知书》
《北京市工商行政管理局行政处罚程序实施办法》第十九条第二款,其他,ai,True,<泛类型>,仅给出条款编号，无法判断具体类型。,其他违法行为,(6-5) 程序性，不含实体违规 | 匹配模式: '行政处罚程序' | 法条: 《北京市工商行政管理局行政处罚程序实施办法》第十九条第二款
《北京市工商行政管理局行政处罚裁量权实施办法》,市场秩序与竞争监管,ai,True,<泛类型>,工商部门裁量权办法，规范市场秩序。,消费者权益/市场秩序,(6-5) 程序性 | 匹配模式: '行政处罚裁量权' | 法条: 《北京市工商行政管理局行政处罚裁量权实施办法》
《北京市市政设施建设类审批核准证书》,建设工程与房地产,ai,True,<泛类型>,《市政设施建设类审批核准证书》属工程建设审批。,建设工程,(6-7) 泛型法条被AI分为具体分类'建设工程与房地产'，应删除 | 原标记: <泛类型> | 法条: 《北京市市政设施建设类审批核准证书》
《北京市常用水行政处罚裁量基准表》第一部分第8项,环境保护,ai,True,<泛类型>,属于水行政处罚基准，涉水资源管理。,水资源,(6-7) 泛型法条被AI分为具体分类'环境保护'，应删除 | 原标记: <泛类型> | 法条: 《北京市常用水行政处罚裁量基准表》第一部分第8项
《北京市常用水行政处罚裁量基准表》第二部分第4条的规定,环境保护,ai,True,<泛类型>,依据水行政处罚裁量基准表内容。,水资源,(6-7) 泛型法条被AI分为具体分类'环境保护'，应删除 | 原标记: <泛类型> | 法条: 《北京市常用水行政处罚裁量基准表》第二部分第4条的规定
《北京市房屋出租委托代理合同》,建设工程与房地产,ai,True,<泛类型>,房屋出租委托代理合同，属房地产领域。,房地产/土地,(6-7) 泛型法条被AI分为具体分类'建设工程与房地产'，应删除 | 原标记: <泛类型> | 法条: 《北京市房屋出租委托代理合同》
《北京市控制吸烟条例》第二十四条第(一)项,*公共场所控烟*,ai,True,<泛类型>,依据控烟条例，属公共场所吸烟管理。,*公共场所控烟*,(6-6) AI分类含星号'*公共场所控烟*'，分类不确定 | 法条: 《北京市控制吸烟条例》第二十四条第(一)项
《北京市控制吸烟条例》第二十四条第一款第一项,*控烟管理违法*,ai,True,<泛类型>,依据控制吸烟条例属专项控烟管理。,*控烟管理违法*,(6-6) AI分类含星号'*控烟管理违法*'，分类不确定 | 法条: 《北京市控制吸烟条例》第二十四条第一款第一项
《北京市控制吸烟条例》第十三条第一款第(三)项,*控烟管理违规,ai,True,<泛类型>,依据控烟条例，属吸烟管理违法。,*控烟管理违规,(6-6) AI分类含星号'*控烟管理违规'，分类不确定 | 法条: 《北京市控制吸烟条例》第十三条第一款第(三)项
《北京市控制吸烟条例》第十三条第一款第一项,卫生健康,ai,True,<泛类型>,控烟条例属公共卫生管理范畴。,医疗卫生,(6-7) 泛型法条被AI分为具体分类'卫生健康'，应删除 | 原标记: <泛类型> | 法条: 《北京市控制吸烟条例》第十三条第一款第一项
《北京市政府信息公开规定》第十四条第一款第九项和,*政府信息公开*,ai,True,<泛类型>,涉及政府信息公开规定适用情形。,*政府信息公开*,(6-6) AI分类含星号'*政府信息公开*'，分类不确定 | 法条: 《北京市政府信息公开规定》第十四条第一款第九项和
《北京市文化市场综合执法行政处罚裁量基准》,公共文化与传媒,ai,True,<泛类型>,针对文化市场执法裁量基准规定。,公共文化与传媒,(6-7) 泛型法条被AI分为具体分类'公共文化与传媒'，应删除 | 原标记: <泛类型> | 法条: 《北京市文化市场综合执法行政处罚裁量基准》
《北京市文物行政处罚裁量权参照执行标准》,文物保护,ai,True,<泛类型>,《文物行政处罚》明确属文物保护领域。,文物保护,(6-5) 程序性 | 匹配模式: '行政处罚裁量权' | 法条: 《北京市文物行政处罚裁量权参照执行标准》
《北京市机动车停车管理办法》第三十三条第二款,交通运输,ai,True,<泛类型>,《机动车停车管理办法》属交通管理事项。,交通运输违规,(6-7) 泛型法条被AI分为具体分类'交通运输'，应删除 | 原标记: <泛类型> | 法条: 《北京市机动车停车管理办法》第三十三条第二款
《北京市机动车停车管理办法》第三十二条第二款,交通运输,ai,True,<泛类型>,涉及机动车停车管理办法，属交通管理。,交通运输违规,(6-7) 泛型法条被AI分为具体分类'交通运输'，应删除 | 原标记: <泛类型> | 法条: 《北京市机动车停车管理办法》第三十二条第二款
《北京市机动车停车管理办法》第二十一条第一款第(四)项,交通运输,ai,True,<泛类型>,机动车停车管理规定，属交通领域。,交通运输违规,(6-7) 泛型法条被AI分为具体分类'交通运输'，应删除 | 原标记: <泛类型> | 法条: 《北京市机动车停车管理办法》第二十一条第一款第(四)项
《北京市机动车停车管理办法》第二十条第一款,交通运输,ai,True,<泛类型>,机动车停车管理办法属道路交通管理。,交通运输违规,(6-7) 泛型法条被AI分为具体分类'交通运输'，应删除 | 原标记: <泛类型> | 法条: 《北京市机动车停车管理办法》第二十条第一款
《北京市机动车停车管理办法》第二十条第一款的规定,交通运输,ai,True,<泛类型>,机动车停车管理办法属交通管理领域。,交通运输违规,(6-7) 泛型法条被AI分为具体分类'交通运输'，应删除 | 原标记: <泛类型> | 法条: 《北京市机动车停车管理办法》第二十条第一款的规定
《北京市机动车维修管理服务系统-企业平台》,交通运输,ai,True,<泛类型>,《机动车维修管理》属道路运输管理范畴。,交通运输违规,(6-7) 泛型法条被AI分为具体分类'交通运输'，应删除 | 原标记: <泛类型> | 法条: 《北京市机动车维修管理服务系统-企业平台》
《北京市机动车维修管理服务系统—企业平台》,交通运输,ai,True,<泛类型>,《机动车维修管理》属道路运输管理范围。,交通运输违规,(6-7) 泛型法条被AI分为具体分类'交通运输'，应删除 | 原标记: <泛类型> | 法条: 《北京市机动车维修管理服务系统—企业平台》
《北京市民防局行政处罚裁量基准》,*民防工程管理*,ai,True,<泛类型>,针对北京市民防局处罚事项。,*民防工程管理*,(6-6) AI分类含星号'*民防工程管理*'，分类不确定 | 法条: 《北京市民防局行政处罚裁量基准》
《北京市民防行政处罚裁量基准(2017修订稿)》第八条,*民防工程管理*,ai,True,<泛类型>,依据民防行政处罚规范内容判定。,*民防工程管理*,(6-6) AI分类含星号'*民防工程管理*'，分类不确定 | 法条: 《北京市民防行政处罚裁量基准(2017修订稿)》第八条
《北京市民防行政处罚裁量基准(2017修订稿)》第十九条,*民防工程管理*,ai,True,<泛类型>,依据民防行政处罚规范内容。,*民防工程管理*,(6-6) AI分类含星号'*民防工程管理*'，分类不确定 | 法条: 《北京市民防行政处罚裁量基准(2017修订稿)》第十九条
《北京市民防行政处罚裁量基准表(2017年版)》,安全生产,ai,True,<泛类型>,民防工程安全管理，属安全生产范畴。,安全生产,(6-7) 泛型法条被AI分为具体分类'安全生产'，应删除 | 原标记: <泛类型> | 法条: 《北京市民防行政处罚裁量基准表(2017年版)》
《北京市水土保持条例》第三十九条,环境保护,ai,True,<泛类型>,依据水土保持条例，属水资源管理。,水资源,(6-7) 泛型法条被AI分为具体分类'环境保护'，应删除 | 原标记: <泛类型> | 法条: 《北京市水土保持条例》第三十九条
《北京市水土保持条例》第二十八条第一款,环境保护,ai,True,<泛类型>,依据地方水土保持条例，属水资源管理。,水资源,(6-7) 泛型法条被AI分为具体分类'环境保护'，应删除 | 原标记: <泛类型> | 法条: 《北京市水土保持条例》第二十八条第一款
《北京市水行政处罚裁量基准》第十八条第一款,环境保护,ai,True,<泛类型>,水行政处罚裁量基准属水资源监管。,水资源,(6-7) 泛型法条被AI分为具体分类'环境保护'，应删除 | 原标记: <泛类型> | 法条: 《北京市水行政处罚裁量基准》第十八条第一款
《北京市水行政处罚裁量基准》第十六条第一款第(六)项,环境保护,ai,True,<泛类型>,水行政处罚裁量基准，属水资源管理。,水资源,(6-7) 泛型法条被AI分为具体分类'环境保护'，应删除 | 原标记: <泛类型> | 法条: 《北京市水行政处罚裁量基准》第十六条第一款第(六)项
《北京市河湖保护管理条例》第二十一条第一款,环境保护,ai,True,<泛类型>,河湖保护管理条例属水资源管理。,水资源,(6-7) 泛型法条被AI分为具体分类'环境保护'，应删除 | 原标记: <泛类型> | 法条: 《北京市河湖保护管理条例》第二十一条第一款
《北京市河湖保护管理条例》第四十条第一款,环境保护,ai,True,<泛类型>,河湖保护管理事项，属环境领域违法。,环境保护,(6-7) 泛型法条被AI分为具体分类'环境保护'，应删除 | 原标记: <泛类型> | 法条: 《北京市河湖保护管理条例》第四十条第一款
《北京市种子条例》,*种子管理违法*,ai,True,<泛类型>,基于《北京市种子条例》属种子管理。,*种子管理违法*,(6-6) AI分类含星号'*种子管理违法*'，分类不确定 | 法条: 《北京市种子条例》
《北京市粮食行政处罚自由裁量基准表》,粮食/储备粮管理,ai,True,<泛类型>,《北京市粮食行政处罚自由裁量基准表》即粮食管理。,粮食/储备粮管理,(6-7) 泛型法条被AI分为具体分类'粮食/储备粮管理'，应删除 | 原标记: <泛类型> | 法条: 《北京市粮食行政处罚自由裁量基准表》
《北京市节水条例》第三十八条,环境保护,ai,True,<泛类型>,节约用水管理事项，属水资源范畴。,水资源,(6-7) 泛型法条被AI分为具体分类'环境保护'，应删除 | 原标记: <泛类型> | 法条: 《北京市节水条例》第三十八条
《北京市节水条例》第二十九条第三款,环境保护,ai,True,<泛类型>,《北京市节水条例》属水资源管理范畴。,水资源,(6-7) 泛型法条被AI分为具体分类'环境保护'，应删除 | 原标记: <泛类型> | 法条: 《北京市节水条例》第二十九条第三款
《北京市节水条例》第六十一条的规定,环境保护,ai,True,<泛类型>,《北京市节水条例》属水资源管理范围。,水资源,(6-7) 泛型法条被AI分为具体分类'环境保护'，应删除 | 原标记: <泛类型> | 法条: 《北京市节水条例》第六十一条的规定
《北京市节水条例》第六十七条,环境保护,ai,True,<泛类型>,依据节水条例属水资源管理领域。,水资源,(6-7) 泛型法条被AI分为具体分类'环境保护'，应删除 | 原标记: <泛类型> | 法条: 《北京市节水条例》第六十七条
《北京市节约用水办法》第二十六条第一款,环境保护,ai,True,<泛类型>,节约用水办法属水资源管理。,水资源,(6-7) 泛型法条被AI分为具体分类'环境保护'，应删除 | 原标记: <泛类型> | 法条: 《北京市节约用水办法》第二十六条第一款
《北京市节约用水办法》第六十条第二款“违反本办法第三十三条第二款,环境保护,ai,True,<泛类型>,依据节约用水办法，属用水管理违规。,水资源,(6-7) 泛型法条被AI分为具体分类'环境保护'，应删除 | 原标记: <泛类型> | 法条: 《北京市节约用水办法》第六十条第二款“违反本办法第三十三条第二款
《北京市节约用水办法》第十二条第三款,环境保护,ai,True,<泛类型>,节约用水办法属水资源管理。,水资源,(6-7) 泛型法条被AI分为具体分类'环境保护'，应删除 | 原标记: <泛类型> | 法条: 《北京市节约用水办法》第十二条第三款
《北京市节约用水办法》第四十九条第二款,环境保护,ai,True,<泛类型>,节约用水办法属水资源管理范围。,水资源,(6-7) 泛型法条被AI分为具体分类'环境保护'，应删除 | 原标记: <泛类型> | 法条: 《北京市节约用水办法》第四十九条第二款
《北京市规划和自然资源委员会行政处罚裁量基准(总则)》,建设工程与房地产,ai,True,<泛类型>,《规划和自然资源》主管土地房地产。,房地产/土地,(6-7) 泛型法条被AI分为具体分类'建设工程与房地产'，应删除 | 原标记: <泛类型> | 法条: 《北京市规划和自然资源委员会行政处罚裁量基准(总则)》
《北京市规划和自然资源委员会行政处罚裁量基准(总则)》第五条第(一)项的规定,建设工程与房地产,ai,True,<泛类型>,《规划和自然资源委员会》主管规划土地。,房地产/土地,(6-7) 泛型法条被AI分为具体分类'建设工程与房地产'，应删除 | 原标记: <泛类型> | 法条: 《北京市规划和自然资源委员会行政处罚裁量基准(总则)》第五条第(一)项的规定
《北京市集中空调通风系统卫生管理办法》第七条、第九条第一款,卫生健康,ai,True,<泛类型>,涉及集中空调卫生管理，属公共卫生。,医疗卫生,(6-7) 泛型法条被AI分为具体分类'卫生健康'，应删除 | 原标记: <泛类型> | 法条: 《北京市集中空调通风系统卫生管理办法》第七条、第九条第一款
《北京市集中空调通风系统卫生管理办法》第十九条第一款,卫生健康,ai,True,<泛类型>,集中空调通风系统卫生管理属公共卫生。,医疗卫生,(6-7) 泛型法条被AI分为具体分类'卫生健康'，应删除 | 原标记: <泛类型> | 法条: 《北京市集中空调通风系统卫生管理办法》第十九条第一款
《北京市集中空调通风系统卫生管理办法》第四条的规定,卫生健康,ai,True,<泛类型>,《集中空调通风系统卫生管理办法》属卫生管理。,医疗卫生,(6-7) 泛型法条被AI分为具体分类'卫生健康'，应删除 | 原标记: <泛类型> | 法条: 《北京市集中空调通风系统卫生管理办法》第四条的规定
《北京市集中空调通风系统卫生管理办法》第四条第二项,卫生健康,ai,True,<泛类型>,集中空调卫生管理，属公共卫生监管。,医疗卫生,(6-7) 泛型法条被AI分为具体分类'卫生健康'，应删除 | 原标记: <泛类型> | 法条: 《北京市集中空调通风系统卫生管理办法》第四条第二项
《北京市预拌混凝土买卖合同》,建设工程与房地产,ai,True,<泛类型>,与预拌混凝土工程材料买卖相关。,建设工程,(6-7) 泛型法条被AI分为具体分类'建设工程与房地产'，应删除 | 原标记: <泛类型> | 法条: 《北京市预拌混凝土买卖合同》
《北京晚报》,公共文化与传媒,ai,True,<泛类型>,《北京晚报》属报纸传媒机构相关。,公共文化与传媒,(6-7) 泛型法条被AI分为具体分类'公共文化与传媒'，应删除 | 原标记: <泛类型> | 法条: 《北京晚报》
《北京晨报》,公共文化与传媒,ai,True,<泛类型>,报纸媒体出版相关，属文化传媒。,公共文化与传媒,(6-7) 泛型法条被AI分为具体分类'公共文化与传媒'，应删除 | 原标记: <泛类型> | 法条: 《北京晨报》
《北京知识产权法院行政判决书》,侵犯商标/知识产权,ai,True,<泛类型>,知识产权法院案件，多涉专利商标。,侵犯商标/知识产权,(6-7) 泛型法条被AI分为具体分类'侵犯商标/知识产权'，应删除 | 原标记: <泛类型> | 法条: 《北京知识产权法院行政判决书》
《北京科胜博达技术有限公司第三届第二次董事会决议》,市场主体与登记治理,ai,True,<泛类型>,董事会决议信息披露相关事项。,企业信息公示,(6-7) 泛型法条被AI分为具体分类'市场主体与登记治理'，应删除 | 原标记: <泛类型> | 法条: 《北京科胜博达技术有限公司第三届第二次董事会决议》
《北京青年报》,公共文化与传媒,ai,True,<泛类型>,《北京青年报》属新闻传媒领域。,公共文化与传媒,(6-7) 泛型法条被AI分为具体分类'公共文化与传媒'，应删除 | 原标记: <泛类型> | 法条: 《北京青年报》
《北海市生产和使用预拌混凝土的暂行规定》第五条和,建设工程与房地产,ai,True,<泛类型>,涉及预拌混凝土生产使用管理规定。,建设工程,(6-7) 泛型法条被AI分为具体分类'建设工程与房地产'，应删除 | 原标记: <泛类型> | 法条: 《北海市生产和使用预拌混凝土的暂行规定》第五条和
《北海市综合行政执法局行政执法案件视听资料取证文书》,*行政执法程序规范*,ai,True,<泛类型>,规范视听取证文书格式与程序。,*行政执法程序规范*,(6-6) AI分类含星号'*行政执法程序规范*'，分类不确定 | 法条: 《北海市综合行政执法局行政执法案件视听资料取证文书》
《区人民政府关于武汉城市技术学院“5.24”一般机械伤害事故调查报告的批复》,安全生产,ai,True,<泛类型>,“机械伤害事故”典型安全生产事故。,安全生产,(6-7) 泛型法条被AI分为具体分类'安全生产'，应删除 | 原标记: <泛类型> | 法条: 《区人民政府关于武汉城市技术学院“5.24”一般机械伤害事故调查报告的批复》
《区人民政府关于鄂州市金冠沛石业有限公司“7·27”一般高处坠落事故调查报告的批复》,安全生产,ai,True,<泛类型>,一般高处坠落事故，典型安全生产问题。,安全生产,(6-7) 泛型法条被AI分为具体分类'安全生产'，应删除 | 原标记: <泛类型> | 法条: 《区人民政府关于鄂州市金冠沛石业有限公司“7·27”一般高处坠落事故调查报告的批复》
《医学诊断证明书》,卫生健康,ai,True,<泛类型>,《医学诊断证明书》属医疗服务管理。,医疗卫生,(6-7) 泛型法条被AI分为具体分类'卫生健康'，应删除 | 原标记: <泛类型> | 法条: 《医学诊断证明书》
《医用一次性防护服技术要求》,卫生健康,ai,True,<泛类型>,医用防护服技术标准，属医疗卫生监管。,医疗卫生,(6-7) 泛型法条被AI分为具体分类'卫生健康'，应删除 | 原标记: <泛类型> | 法条: 《医用一次性防护服技术要求》
《医用外科口罩》,产品质量与安全,ai,True,<泛类型>,医用外科口罩属于产品质量规范。,产品质量,(6-7) 泛型法条被AI分为具体分类'产品质量与安全'，应删除 | 原标记: <泛类型> | 法条: 《医用外科口罩》
《医用脱脂棉》,产品质量与安全,ai,True,<泛类型>,《医用脱脂棉》为产品标准规范。,产品质量,(6-7) 泛型法条被AI分为具体分类'产品质量与安全'，应删除 | 原标记: <泛类型> | 法条: 《医用脱脂棉》
《医院制剂委托配制(加工)合同》,卫生健康,ai,True,<泛类型>,医院制剂配制合同属医疗服务管理。,医疗卫生,(6-7) 泛型法条被AI分为具体分类'卫生健康'，应删除 | 原标记: <泛类型> | 法条: 《医院制剂委托配制(加工)合同》
《半月保养记录单》,安全生产,ai,True,<泛类型>,《半月保养记录单》系安全设备维护记录。,安全生产,(6-7) 泛型法条被AI分为具体分类'安全生产'，应删除 | 原标记: <泛类型> | 法条: 《半月保养记录单》
《半月保养项目内容及要求》第8项“轿顶”和第9项,安全生产,ai,True,<泛类型>,涉及设备保养维护，属安全管理。,安全生产,(6-7) 泛型法条被AI分为具体分类'安全生产'，应删除 | 原标记: <泛类型> | 法条: 《半月保养项目内容及要求》第8项“轿顶”和第9项
《半月维保记录》,安全生产,ai,True,<泛类型>,电梯半月维保记录属特种设备管理。,特种设备,(6-7) 泛型法条被AI分为具体分类'安全生产'，应删除 | 原标记: <泛类型> | 法条: 《半月维保记录》
《半月维护保养项目(内容)和要求》,*设备维护管理*,ai,True,<泛类型>,仅涉及半月维护保养项目要求。,*设备维护管理*,(6-6) AI分类含星号'*设备维护管理*'，分类不确定 | 法条: 《半月维护保养项目(内容)和要求》
《半月维护保养项目(内容)和要求》第22项,安全生产,ai,True,<泛类型>,设备半月维护保养属安全生产管理。,安全生产,(6-7) 泛型法条被AI分为具体分类'安全生产'，应删除 | 原标记: <泛类型> | 法条: 《半月维护保养项目(内容)和要求》第22项
《半钢成型一段作业检点表》,安全生产,ai,True,<泛类型>,作业检点表属安全生产管理规范】,安全生产,(6-7) 泛型法条被AI分为具体分类'安全生产'，应删除 | 原标记: <泛类型> | 法条: 《半钢成型一段作业检点表》
《华商报》,公共文化与传媒,ai,True,<泛类型>,《华商报》属新闻出版传媒领域。,公共文化与传媒,(6-7) 泛型法条被AI分为具体分类'公共文化与传媒'，应删除 | 原标记: <泛类型> | 法条: 《华商报》
《华美整形美容》,卫生健康,ai,True,<泛类型>,《华美整形美容》涉及医疗美容领域。,医疗卫生,(6-7) 泛型法条被AI分为具体分类'卫生健康'，应删除 | 原标记: <泛类型> | 法条: 《华美整形美容》
《华菱衡钢180分厂“1·6”一般起重伤害事故调查报告》,安全生产,ai,True,<泛类型>,起重伤害事故，典型安全生产责任事故。,安全生产,(6-7) 泛型法条被AI分为具体分类'安全生产'，应删除 | 原标记: <泛类型> | 法条: 《华菱衡钢180分厂“1·6”一般起重伤害事故调查报告》
《华西都市报》,公共文化与传媒,ai,True,<泛类型>,《华西都市报》属报纸传媒领域。,公共文化与传媒,(6-7) 泛型法条被AI分为具体分类'公共文化与传媒'，应删除 | 原标记: <泛类型> | 法条: 《华西都市报》
《协助查询存款通知书》,金融/账户,ai,True,<泛类型>,涉及银行存款查询协助事项。,金融/账户,(6-7) 泛型法条被AI分为具体分类'金融/账户'，应删除 | 原标记: <泛类型> | 法条: 《协助查询存款通知书》
《单、夹服装》,产品质量与安全,ai,True,<泛类型>,《单、夹服装》系服装产品标准规范。,产品质量,(6-7) 泛型法条被AI分为具体分类'产品质量与安全'，应删除 | 原标记: <泛类型> | 法条: 《单、夹服装》
《单位售水成本费用》,市场秩序与竞争监管,ai,True,<泛类型>,涉及单位售水成本费用定价问题。,价格/收费,(6-7) 泛型法条被AI分为具体分类'市场秩序与竞争监管'，应删除 | 原标记: <泛类型> | 法条: 《单位售水成本费用》
《单位设备及作业人员清单》,安全生产,ai,True,<泛类型>,涉及单位设备及作业人员安全管理。,安全生产,(6-7) 泛型法条被AI分为具体分类'安全生产'，应删除 | 原标记: <泛类型> | 法条: 《单位设备及作业人员清单》
《单夹服装》,产品质量与安全,ai,True,<泛类型>,《单夹服装》属服装产品质量标准。,产品质量,(6-7) 泛型法条被AI分为具体分类'产品质量与安全'，应删除 | 原标记: <泛类型> | 法条: 《单夹服装》
《单用途商业预付卡管理办法(试行)》第七条,金融/账户,ai,True,<泛类型>,规范预付卡资金和账户管理。,金融/账户,(6-7) 泛型法条被AI分为具体分类'金融/账户'，应删除 | 原标记: <泛类型> | 法条: 《单用途商业预付卡管理办法(试行)》第七条
《单用途商业预付卡管理办法(试行)》第三十六条之规定,金融/账户,ai,True,<泛类型>,预付卡资金管理监管，属金融活动。,金融/账户,(6-7) 泛型法条被AI分为具体分类'金融/账户'，应删除 | 原标记: <泛类型> | 法条: 《单用途商业预付卡管理办法(试行)》第三十六条之规定
《单车生产任务责任制考核书》,*企业内部管理*,ai,True,<泛类型>,仅为企业内部考核责任制文件。,*企业内部管理*,(6-6) AI分类含星号'*企业内部管理*'，分类不确定 | 法条: 《单车生产任务责任制考核书》
《南京市人民防空建设经费筹集管理规定》,建设工程与房地产,ai,True,<泛类型>,人民防空建设经费属工程建设管理。,建设工程,(6-7) 泛型法条被AI分为具体分类'建设工程与房地产'，应删除 | 原标记: <泛类型> | 法条: 《南京市人民防空建设经费筹集管理规定》
《南京市人防办行政处罚有关规定》,*人防工程管理*,ai,True,<泛类型>,专涉人防办职责的人防行政处罚规定。,*人防工程管理*,(6-6) AI分类含星号'*人防工程管理*'，分类不确定 | 法条: 《南京市人防办行政处罚有关规定》
《南京市国土空间规划条例》第五十八条第二款,建设工程与房地产,ai,True,<泛类型>,国土空间规划属土地利用管理。,房地产/土地,(6-7) 泛型法条被AI分为具体分类'建设工程与房地产'，应删除 | 原标记: <泛类型> | 法条: 《南京市国土空间规划条例》第五十八条第二款
《南京市城乡建设领域一般违法行为从轻处罚清单(第一批)》,建设工程与房地产,ai,True,<泛类型>,文件明确针对城乡建设领域违法。,建设工程,(6-7) 泛型法条被AI分为具体分类'建设工程与房地产'，应删除 | 原标记: <泛类型> | 法条: 《南京市城乡建设领域一般违法行为从轻处罚清单(第一批)》
《南京市社会信用条例》第二十六条,*社会信用管理*,ai,True,<泛类型>,依据社会信用条例，属信用管理事项。,*社会信用管理*,(6-6) AI分类含星号'*社会信用管理*'，分类不确定 | 法条: 《南京市社会信用条例》第二十六条
《南京市管线管理条例》第二十条第一款,*城市管线管理*,ai,True,<泛类型>,依据地方管线管理条例内容。,*城市管线管理*,(6-6) AI分类含星号'*城市管线管理*'，分类不确定 | 法条: 《南京市管线管理条例》第二十条第一款
《南京市管线管理条例》第五十一条规定:违反本条例第二十条,*城市管线管理*,ai,True,<泛类型>,依据地方管线管理条例第二十条。,*城市管线管理*,(6-6) AI分类含星号'*城市管线管理*'，分类不确定 | 法条: 《南京市管线管理条例》第五十一条规定:违反本条例第二十条
《南京市管线管理条例》第五十一条：违反本条例第二十条,*城市管线管理*,ai,True,<泛类型>,依据地方管线管理条例第二十条。,*城市管线管理*,(6-6) AI分类含星号'*城市管线管理*'，分类不确定 | 法条: 《南京市管线管理条例》第五十一条：违反本条例第二十条
《南京市计量监督管理办法》第二十七条第二款,计量/器具,ai,True,<泛类型>,依据计量监督管理办法条款内容。,计量/器具,(6-7) 泛型法条被AI分为具体分类'计量/器具'，应删除 | 原标记: <泛类型> | 法条: 《南京市计量监督管理办法》第二十七条第二款
《南京市计量监督管理办法》第四十三条,计量/器具,ai,True,<泛类型>,依据地方计量监督管理办法条款。,计量/器具,(6-7) 泛型法条被AI分为具体分类'计量/器具'，应删除 | 原标记: <泛类型> | 法条: 《南京市计量监督管理办法》第四十三条
《南充晚报》,公共文化与传媒,ai,True,<泛类型>,系报纸媒体出版发行相关管理。,公共文化与传媒,(6-7) 泛型法条被AI分为具体分类'公共文化与传媒'，应删除 | 原标记: <泛类型> | 法条: 《南充晚报》
《南国今报》第3版、第7版、第11版等版面代理发布了5条,公共文化与传媒,ai,True,<泛类型>,涉及报纸版面广告代理发布行为。,公共文化与传媒,(6-7) 泛型法条被AI分为具体分类'公共文化与传媒'，应删除 | 原标记: <泛类型> | 法条: 《南国今报》第3版、第7版、第11版等版面代理发布了5条
《南宁市城市管理综合行政执法行政处罚自由裁量权基准》,*城市管理执法*,ai,True,<泛类型>,仅提及城市管理综合执法基准。,*城市管理执法*,(6-5) 程序性 | 匹配模式: '行政处罚自由裁量权' | 法条: 《南宁市城市管理综合行政执法行政处罚自由裁量权基准》
《南宁市房屋租赁管理办法》第九条第一款,建设工程与房地产,ai,True,<泛类型>,房屋租赁管理规范，属房地产领域。,房地产/土地,(6-7) 泛型法条被AI分为具体分类'建设工程与房地产'，应删除 | 原标记: <泛类型> | 法条: 《南宁市房屋租赁管理办法》第九条第一款
《南宁晚报》,公共文化与传媒,ai,True,<泛类型>,来源为报纸媒体《南宁晚报》。,公共文化与传媒,(6-7) 泛型法条被AI分为具体分类'公共文化与传媒'，应删除 | 原标记: <泛类型> | 法条: 《南宁晚报》
《南平市住房和城乡建设局关于公布修订处罚自由裁量权基准的通知》,建设工程与房地产,ai,True,<泛类型>,住房城乡建设局处罚基准，属建设工程。,建设工程,(6-7) 泛型法条被AI分为具体分类'建设工程与房地产'，应删除 | 原标记: <泛类型> | 法条: 《南平市住房和城乡建设局关于公布修订处罚自由裁量权基准的通知》
《南平市城市供用水合同》,环境保护,ai,True,<泛类型>,城市供用水合同，属城市供水管理。,水资源,(6-7) 泛型法条被AI分为具体分类'环境保护'，应删除 | 原标记: <泛类型> | 法条: 《南平市城市供用水合同》
《南方日报》,公共文化与传媒,ai,True,<泛类型>,南方日报属新闻传媒领域监管。,公共文化与传媒,(6-7) 泛型法条被AI分为具体分类'公共文化与传媒'，应删除 | 原标记: <泛类型> | 法条: 《南方日报》
《南方都市报》,公共文化与传媒,ai,True,<泛类型>,《南方都市报》属新闻传媒领域。,公共文化与传媒,(6-7) 泛型法条被AI分为具体分类'公共文化与传媒'，应删除 | 原标记: <泛类型> | 法条: 《南方都市报》
《南昌市人民政府办公厅关于同意扩大禁止现场搅拌混凝土和砂浆范围的批复》,建设工程与房地产,ai,True,<泛类型>,涉及混凝土砂浆施工管理规范。,建设工程,(6-7) 泛型法条被AI分为具体分类'建设工程与房地产'，应删除 | 原标记: <泛类型> | 法条: 《南昌市人民政府办公厅关于同意扩大禁止现场搅拌混凝土和砂浆范围的批复》
《南昌市散装水泥应用管理条例》第二十六条第一款第二项,建设工程与房地产,ai,True,<泛类型>,条例规范散装水泥在工程建设应用。,建设工程,(6-7) 泛型法条被AI分为具体分类'建设工程与房地产'，应删除 | 原标记: <泛类型> | 法条: 《南昌市散装水泥应用管理条例》第二十六条第一款第二项
《南昌市散装水泥应用管理条例》第六条第二款、第七条第一款,建设工程与房地产,ai,True,<泛类型>,散装水泥应用管理主要针对建设工程领域。,建设工程,(6-7) 泛型法条被AI分为具体分类'建设工程与房地产'，应删除 | 原标记: <泛类型> | 法条: 《南昌市散装水泥应用管理条例》第六条第二款、第七条第一款
《南环恒达物资仓库续租合同》,建设工程与房地产,ai,True,<泛类型>,《物资仓库续租合同》涉及房屋土地租赁。,房地产/土地,(6-7) 泛型法条被AI分为具体分类'建设工程与房地产'，应删除 | 原标记: <泛类型> | 法条: 《南环恒达物资仓库续租合同》
《南靖县“10?18”事故调查报告》,安全生产,ai,True,<泛类型>,事故调查报告，一般认定安全生产责任事故。,安全生产,(6-7) 泛型法条被AI分为具体分类'安全生产'，应删除 | 原标记: <泛类型> | 法条: 《南靖县“10?18”事故调查报告》
《博湖县加气站月统计表》,统计相关,ai,True,<泛类型>,涉及加气站月度统计报表管理。,统计相关,(6-7) 泛型法条被AI分为具体分类'统计相关'，应删除 | 原标记: <泛类型> | 法条: 《博湖县加气站月统计表》
《卫生监督意见书》,卫生健康,ai,True,<泛类型>,《卫生监督意见书》属卫生监督领域。,医疗卫生,(6-7) 泛型法条被AI分为具体分类'卫生健康'，应删除 | 原标记: <泛类型> | 法条: 《卫生监督意见书》
《卫生证书》,卫生健康,ai,True,<泛类型>,涉及卫生证书管理属卫生监管。,医疗卫生,(6-7) 泛型法条被AI分为具体分类'卫生健康'，应删除 | 原标记: <泛类型> | 法条: 《卫生证书》
《卫生部关于对非法采供血液和单采血浆、非法行医专项整治工作中有关法律适用问题的批复》,卫生健康,ai,True,<泛类型>,涉及非法采供血和非法行医行为。,医疗卫生,(6-7) 泛型法条被AI分为具体分类'卫生健康'，应删除 | 原标记: <泛类型> | 法条: 《卫生部关于对非法采供血液和单采血浆、非法行医专项整治工作中有关法律适用问题的批复》
《卫生陶瓷》,产品质量与安全,ai,True,<泛类型>,《卫生陶瓷》为产品标准规范质量。,产品质量,(6-7) 泛型法条被AI分为具体分类'产品质量与安全'，应删除 | 原标记: <泛类型> | 法条: 《卫生陶瓷》
《危废专项检查问题整改方案报告》,环境保护,ai,True,<泛类型>,危废检查整改，属环境保护领域。,环境保护,(6-7) 泛型法条被AI分为具体分类'环境保护'，应删除 | 原标记: <泛类型> | 法条: 《危废专项检查问题整改方案报告》
《危险废物名录》,环境保护,ai,True,<泛类型>,危险废物名录属环保领域管理。,环境保护,(6-7) 泛型法条被AI分为具体分类'环境保护'，应删除 | 原标记: <泛类型> | 法条: 《危险废物名录》
《危险废物委托回收协议》,环境保护,ai,True,<泛类型>,危险废物回收处置，属环保监管。,环境保护,(6-7) 泛型法条被AI分为具体分类'环境保护'，应删除 | 原标记: <泛类型> | 法条: 《危险废物委托回收协议》
《危险废物转移联单管理办法》,环境保护,ai,True,<泛类型>,危险废物联单管理属环保监管范围。,环境保护,(6-7) 泛型法条被AI分为具体分类'环境保护'，应删除 | 原标记: <泛类型> | 法条: 《危险废物转移联单管理办法》
《即食海蜇》,产品质量与安全,ai,True,<泛类型>,涉及食品标准《即食海蜇》内容。,食品药品,(6-7) 泛型法条被AI分为具体分类'产品质量与安全'，应删除 | 原标记: <泛类型> | 法条: 《即食海蜇》
《即食鱼制品》,产品质量与安全,ai,True,<泛类型>,涉及食品标准《即食鱼制品》相关。,食品药品,(6-7) 泛型法条被AI分为具体分类'产品质量与安全'，应删除 | 原标记: <泛类型> | 法条: 《即食鱼制品》
《厂房出租协议书》,建设工程与房地产,ai,True,<泛类型>,涉及厂房出租房屋租赁关系。,房地产/土地,(6-7) 泛型法条被AI分为具体分类'建设工程与房地产'，应删除 | 原标记: <泛类型> | 法条: 《厂房出租协议书》
《厂房租赁协议》,建设工程与房地产,ai,True,<泛类型>,《厂房租赁协议》属房屋租赁纠纷。,房地产/土地,(6-7) 泛型法条被AI分为具体分类'建设工程与房地产'，应删除 | 原标记: <泛类型> | 法条: 《厂房租赁协议》
《厂房租赁合同》,建设工程与房地产,ai,True,<泛类型>,厂房租赁合同本质为房屋土地租赁。,房地产/土地,(6-7) 泛型法条被AI分为具体分类'建设工程与房地产'，应删除 | 原标记: <泛类型> | 法条: 《厂房租赁合同》
《厂房租赁合同书》,建设工程与房地产,ai,True,<泛类型>,《厂房租赁合同书》涉及房屋租赁。,房地产/土地,(6-7) 泛型法条被AI分为具体分类'建设工程与房地产'，应删除 | 原标记: <泛类型> | 法条: 《厂房租赁合同书》
《厂用电量日统计表》,统计相关,ai,True,<泛类型>,《厂用电量日统计表》属于统计报表管理。,统计相关,(6-7) 泛型法条被AI分为具体分类'统计相关'，应删除 | 原标记: <泛类型> | 法条: 《厂用电量日统计表》
《历史文化》,文物保护,ai,True,<泛类型>,涉及历史文化，应属文物保护范畴。,文物保护,(6-7) 泛型法条被AI分为具体分类'文物保护'，应删除 | 原标记: <泛类型> | 法条: 《历史文化》
《历月用水明细表》,环境保护,ai,True,<泛类型>,《历月用水明细表》涉及取用水管理。,水资源,(6-7) 泛型法条被AI分为具体分类'环境保护'，应删除 | 原标记: <泛类型> | 法条: 《历月用水明细表》
《压力管道监督检验规则》,安全生产,ai,True,<泛类型>,压力管道属特种设备安全监管范围。,特种设备,(6-7) 泛型法条被AI分为具体分类'安全生产'，应删除 | 原标记: <泛类型> | 法条: 《压力管道监督检验规则》
《原州区寨科乡教场路至S203线公路项目》,建设工程与房地产,ai,True,<泛类型>,公路项目建设事项，属工程建设管理。,建设工程,(6-7) 泛型法条被AI分为具体分类'建设工程与房地产'，应删除 | 原标记: <泛类型> | 法条: 《原州区寨科乡教场路至S203线公路项目》
《原料乳与乳制品中三聚氰胺检测方法》,产品质量与安全,ai,True,<泛类型>,乳制品三聚氰胺检测属食品安全管理。,食品药品,(6-7) 泛型法条被AI分为具体分类'产品质量与安全'，应删除 | 原标记: <泛类型> | 法条: 《原料乳与乳制品中三聚氰胺检测方法》
《原料出入库单》,财税与金融监管,ai,True,<泛类型>,原料出入库单属企业账务凭证。,会计/账务,(6-7) 泛型法条被AI分为具体分类'财税与金融监管'，应删除 | 原标记: <泛类型> | 法条: 《原料出入库单》
《原材料进货验收台账植物油进货台账》,产品质量与安全,ai,True,<泛类型>,进货台账属食品安全管理要求。,食品药品,(6-7) 泛型法条被AI分为具体分类'产品质量与安全'，应删除 | 原标记: <泛类型> | 法条: 《原材料进货验收台账植物油进货台账》
《原辅料出入库台账》,财税与金融监管,ai,True,<泛类型>,涉及出入库台账记录管理义务。,会计/账务,(6-7) 泛型法条被AI分为具体分类'财税与金融监管'，应删除 | 原标记: <泛类型> | 法条: 《原辅料出入库台账》
《原辅料验收记录》,产品质量与安全,ai,True,<泛类型>,原辅料验收记录属食品药品管理。,食品药品,(6-7) 泛型法条被AI分为具体分类'产品质量与安全'，应删除 | 原标记: <泛类型> | 法条: 《原辅料验收记录》
《原辅材料消耗及能源消耗统计月报表》,统计相关,ai,True,<泛类型>,涉及统计报表填报管理要求。,统计相关,(6-7) 泛型法条被AI分为具体分类'统计相关'，应删除 | 原标记: <泛类型> | 法条: 《原辅材料消耗及能源消耗统计月报表》
《厦门市国土资源与房产管理局行政处罚自由裁量权执行标准》,建设工程与房地产,ai,True,<泛类型>,国土资源房产管理局处罚标准相关。,房地产/土地,(6-5) 程序性 | 匹配模式: '行政处罚自由裁量权' | 法条: 《厦门市国土资源与房产管理局行政处罚自由裁量权执行标准》
《厦门市市场监督管理局行政处罚裁量权的适用规则》第十七条,其他,ai,True,<泛类型>,仅给出条文编号，无法判断内容。,其他违法行为,(6-5) 程序性 | 匹配模式: '行政处罚裁量权' | 法条: 《厦门市市场监督管理局行政处罚裁量权的适用规则》第十七条
《厦门市市场监督管理局行政处罚裁量权的适用规则》第十五条第一款第（八）项,其他,ai,True,<泛类型>,仅见条款序号，无具体违法内容。,其他违法行为,(6-5) 程序性 | 匹配模式: '行政处罚裁量权' | 法条: 《厦门市市场监督管理局行政处罚裁量权的适用规则》第十五条第一款第（八）项
《厦门市市场监督管理局行政处罚裁量权的适用规则》第十四条第一款第（七）项,其他,ai,True,<泛类型>,仅给出条款序号，无法判断具体领域。,其他违法行为,(6-5) 程序性 | 匹配模式: '行政处罚裁量权' | 法条: 《厦门市市场监督管理局行政处罚裁量权的适用规则》第十四条第一款第（七）项
《厦门市规范行政处罚自由裁量权规定》第十二条第（一）项,其他,ai,True,<泛类型>,仅给出条款序号，无法判断具体类型。,其他违法行为,(6-5) 程序性 | 匹配模式: '行政处罚自由裁量权' | 法条: 《厦门市规范行政处罚自由裁量权规定》第十二条第（一）项
《厦门市规范行政处罚自由裁量权规定》第十二条第（一）项,其他,ai,True,<泛类型>,仅给出条款编号，内容缺失无法判断。,其他违法行为,(6-5) 程序性 | 匹配模式: '行政处罚自由裁量权' | 法条: 《厦门市规范行政处罚自由裁量权规定》第十二条第（一）项
《厦门经济特区劳动管理规定》第二十九条,劳动保障,ai,True,<泛类型>,依据劳动管理规定，属用工管理问题。,劳动保障/用工,(6-7) 泛型法条被AI分为具体分类'劳动保障'，应删除 | 原标记: <泛类型> | 法条: 《厦门经济特区劳动管理规定》第二十九条
《厦门经济特区劳动管理规定》第十一条第一款,劳动保障,ai,True,<泛类型>,属劳动管理规定，典型用工事项。,劳动保障/用工,(6-7) 泛型法条被AI分为具体分类'劳动保障'，应删除 | 原标记: <泛类型> | 法条: 《厦门经济特区劳动管理规定》第十一条第一款
《厦门经济特区建筑条例》第五十二条第二款,建设工程与房地产,ai,True,<泛类型>,属地方建筑条例规范，建筑施工相关。,建设工程,(6-7) 泛型法条被AI分为具体分类'建设工程与房地产'，应删除 | 原标记: <泛类型> | 法条: 《厦门经济特区建筑条例》第五十二条第二款
《参保人险种缴费明细表》,劳动保障,ai,True,<泛类型>,涉及参保人缴费明细，属社保用工管理。,劳动保障/用工,(6-7) 泛型法条被AI分为具体分类'劳动保障'，应删除 | 原标记: <泛类型> | 法条: 《参保人险种缴费明细表》
《双峰县市场监督管理局检验结果告知书》,产品质量与安全,ai,True,<泛类型>,市场监管局检验结果，多涉食品药品。,食品药品,(6-7) 泛型法条被AI分为具体分类'产品质量与安全'，应删除 | 原标记: <泛类型> | 法条: 《双峰县市场监督管理局检验结果告知书》
《双节优惠活动重磅来袭！！！》,市场秩序与竞争监管,ai,True,<泛类型>,标题疑似夸大宣传优惠活动。,虚假广告/虚假宣传,(6-7) 泛型法条被AI分为具体分类'市场秩序与竞争监管'，应删除 | 原标记: <泛类型> | 法条: 《双节优惠活动重磅来袭！！！》
《双重预防体系专项检查活动实施方案》,安全生产,ai,True,<泛类型>,双重预防体系核心属安全生产管理。,安全生产,(6-7) 泛型法条被AI分为具体分类'安全生产'，应删除 | 原标记: <泛类型> | 法条: 《双重预防体系专项检查活动实施方案》
《双面诡臣:和珅传》,*人物传记类书籍*,ai,True,<泛类型>,为历史人物传记作品名称。,*人物传记类书籍*,(6-6) AI分类含星号'*人物传记类书籍*'，分类不确定 | 法条: 《双面诡臣:和珅传》
《发展改革委 民政部关于规范养老机构服务收费管理促进养老服务业健康发展的指导意见》,市场秩序与竞争监管,ai,True,<泛类型>,规范养老机构服务收费行为相关。,价格/收费,(6-7) 泛型法条被AI分为具体分类'市场秩序与竞争监管'，应删除 | 原标记: <泛类型> | 法条: 《发展改革委 民政部关于规范养老机构服务收费管理促进养老服务业健康发展的指导意见》
《发明专利证书》,侵犯商标/知识产权,ai,True,<泛类型>,《发明专利证书》涉及专利权保护。,侵犯商标/知识产权,(6-7) 泛型法条被AI分为具体分类'侵犯商标/知识产权'，应删除 | 原标记: <泛类型> | 法条: 《发明专利证书》
《发电量日统计表》,统计相关,ai,True,<泛类型>,《发电量日统计表》属统计报表管理。,统计相关,(6-7) 泛型法条被AI分为具体分类'统计相关'，应删除 | 原标记: <泛类型> | 法条: 《发电量日统计表》
《受限空间作业许可制度》,安全生产,ai,True,<泛类型>,受限空间作业许可属安全生产管理。,安全生产,(6-7) 泛型法条被AI分为具体分类'安全生产'，应删除 | 原标记: <泛类型> | 法条: 《受限空间作业许可制度》
《变更与补充设计》,建设工程与房地产,ai,True,<泛类型>,涉及建设项目设计变更与补充内容。,建设工程,(6-7) 泛型法条被AI分为具体分类'建设工程与房地产'，应删除 | 原标记: <泛类型> | 法条: 《变更与补充设计》
《古浪县政府投资项目管理办法》,建设工程与房地产,ai,True,<泛类型>,政府投资项目管理，属建设工程管理。,建设工程,(6-7) 泛型法条被AI分为具体分类'建设工程与房地产'，应删除 | 原标记: <泛类型> | 法条: 《古浪县政府投资项目管理办法》
《古田县散装水泥管理规定》第九条,*散装水泥管理*,ai,True,<泛类型>,依据散装水泥管理专项规定。,*散装水泥管理*,(6-6) AI分类含星号'*散装水泥管理*'，分类不确定 | 法条: 《古田县散装水泥管理规定》第九条
《召回产品处理记录表》,产品质量与安全,ai,True,<泛类型>,《召回产品处理记录表》属产品质量召回。,产品质量,(6-7) 泛型法条被AI分为具体分类'产品质量与安全'，应删除 | 原标记: <泛类型> | 法条: 《召回产品处理记录表》
《召回公告》,产品质量与安全,ai,True,<泛类型>,召回公告通常针对缺陷产品质量问题。,产品质量,(6-7) 泛型法条被AI分为具体分类'产品质量与安全'，应删除 | 原标记: <泛类型> | 法条: 《召回公告》
《召回情况说明》,产品质量与安全,ai,True,<泛类型>,召回情况说明通常针对缺陷产品质量。,产品质量,(6-7) 泛型法条被AI分为具体分类'产品质量与安全'，应删除 | 原标记: <泛类型> | 法条: 《召回情况说明》
《召回通知》,产品质量与安全,ai,True,<泛类型>,召回通知通常针对缺陷产品质量问题。,产品质量,(6-7) 泛型法条被AI分为具体分类'产品质量与安全'，应删除 | 原标记: <泛类型> | 法条: 《召回通知》
《台州市城市管理行政执法局规范行政处罚裁量权实施办法》,其他,ai,True,<泛类型>,仅提及裁量实施办法，无法细分。,其他违法行为,(6-5) 程序性 | 匹配模式: '行政处罚裁量权' | 法条: 《台州市城市管理行政执法局规范行政处罚裁量权实施办法》
《台州市德铭置业有限公司章程修正案》,建设工程与房地产,ai,True,<泛类型>,涉及置业公司章程修正相关事项。,房地产/土地,(6-7) 泛型法条被AI分为具体分类'建设工程与房地产'，应删除 | 原标记: <泛类型> | 法条: 《台州市德铭置业有限公司章程修正案》
《台州市椒江区综合行政执法局责令限期改正通知书》,环境保护,ai,True,<泛类型>,综合执法局常管市容环保类违章。,环境保护,(6-7) 泛型法条被AI分为具体分类'环境保护'，应删除 | 原标记: <泛类型> | 法条: 《台州市椒江区综合行政执法局责令限期改正通知书》
《台州市椒江区综合行政行政执法局规范行政处罚裁量权实施办法》,其他,ai,True,<泛类型>,仅为程序性裁量办法，未涉具体领域。,其他违法行为,(6-5) 程序性 | 匹配模式: '行政处罚裁量权' | 法条: 《台州市椒江区综合行政行政执法局规范行政处罚裁量权实施办法》
《台州日报》,*报刊出版管理*,ai,True,<泛类型>,涉《台州日报》报刊管理规范。,*报刊出版管理*,(6-6) AI分类含星号'*报刊出版管理*'，分类不确定 | 法条: 《台州日报》
《台州永寿机械有限公司年产60吨五金配件、150吨汽摩配件生产线技改项目》,环境保护,ai,True,<泛类型>,项目建设类环评环保相关内容。,环境保护,(6-7) 泛型法条被AI分为具体分类'环境保护'，应删除 | 原标记: <泛类型> | 法条: 《台州永寿机械有限公司年产60吨五金配件、150吨汽摩配件生产线技改项目》
《合伙企业法》第九十五条第二款,*合伙企业登记*,ai,True,<泛类型>,依据合伙企业法登记管理规定。,*合伙企业登记*,(6-6) AI分类含星号'*合伙企业登记*'，分类不确定 | 法条: 《合伙企业法》第九十五条第二款
《合伙企业法》第十三条,市场主体与登记治理,ai,True,<泛类型>,合伙企业设立登记事项违规所致。,无照经营/登记问题,(6-7) 泛型法条被AI分为具体分类'市场主体与登记治理'，应删除 | 原标记: <泛类型> | 法条: 《合伙企业法》第十三条
《合伙企业营业执照》,市场主体与登记治理,ai,True,<泛类型>,涉及合伙企业营业执照登记管理。,无照经营/登记问题,(6-7) 泛型法条被AI分为具体分类'市场主体与登记治理'，应删除 | 原标记: <泛类型> | 法条: 《合伙企业营业执照》
《合同法》,消费者权益/市场秩序,ai,True,<泛类型>,合同履行争议通常属消费纠纷。,消费者权益纠纷,(6-7) 泛型法条被AI分为具体分类'消费者权益/市场秩序'，应删除 | 原标记: <泛类型> | 法条: 《合同法》
《合同法》第一百二十五条规定：“当事人对合同条款,消费者权益/市场秩序,ai,True,<泛类型>,合同条款争议，本质为民事合同纠纷。,消费者权益纠纷,(6-7) 泛型法条被AI分为具体分类'消费者权益/市场秩序'，应删除 | 原标记: <泛类型> | 法条: 《合同法》第一百二十五条规定：“当事人对合同条款
《合同法》第三十九条第二款,消费者权益/市场秩序,ai,True,<泛类型>,《合同法》格式条款保护消费者权益。,消费者权益纠纷,(6-7) 泛型法条被AI分为具体分类'消费者权益/市场秩序'，应删除 | 原标记: <泛类型> | 法条: 《合同法》第三十九条第二款
《合同法》第十四条、第十五条,消费者权益/市场秩序,ai,True,<泛类型>,合同法规范合同权利义务，涉民事纠纷。,消费者权益纠纷,(6-7) 泛型法条被AI分为具体分类'消费者权益/市场秩序'，应删除 | 原标记: <泛类型> | 法条: 《合同法》第十四条、第十五条
《合同违法行为监督处理办法》,市场秩序与竞争监管,ai,True,<泛类型>,规范合同行为，维护交易秩序。,消费者权益/市场秩序,(6-7) 泛型法条被AI分为具体分类'市场秩序与竞争监管'，应删除 | 原标记: <泛类型> | 法条: 《合同违法行为监督处理办法》
《合同违法行为监督处理办法》第九条,市场秩序与竞争监管,ai,True,<泛类型>,规范合同行为，维护交易秩序。,消费者权益/市场秩序,(6-7) 泛型法条被AI分为具体分类'市场秩序与竞争监管'，应删除 | 原标记: <泛类型> | 法条: 《合同违法行为监督处理办法》第九条
《合同违法行为监督处理办法》第九条“经营者与消费者采用格式条款,消费者权益/市场秩序,ai,True,<泛类型>,合同格式条款涉及消费者合法权益。,消费者权益纠纷,(6-7) 泛型法条被AI分为具体分类'消费者权益/市场秩序'，应删除 | 原标记: <泛类型> | 法条: 《合同违法行为监督处理办法》第九条“经营者与消费者采用格式条款
《合同违法行为监督处理办法》第九条和第十一条,市场秩序与竞争监管,ai,True,<泛类型>,规制合同违法行为，维护交易秩序。,消费者权益/市场秩序,(6-7) 泛型法条被AI分为具体分类'市场秩序与竞争监管'，应删除 | 原标记: <泛类型> | 法条: 《合同违法行为监督处理办法》第九条和第十一条
《合同违法行为监督处理办法》第九条第一款第四项,市场秩序与竞争监管,ai,True,<泛类型>,合同违法监管，维护合同交易秩序。,消费者权益/市场秩序,(6-7) 泛型法条被AI分为具体分类'市场秩序与竞争监管'，应删除 | 原标记: <泛类型> | 法条: 《合同违法行为监督处理办法》第九条第一款第四项
《合同违法行为监督处理办法》第九条第一项和第五项“经营者与消费者采用格式条款,市场秩序与竞争监管,ai,True,<泛类型>,格式条款侵害消费者合同权益。,消费者权益/市场秩序,(6-7) 泛型法条被AI分为具体分类'市场秩序与竞争监管'，应删除 | 原标记: <泛类型> | 法条: 《合同违法行为监督处理办法》第九条第一项和第五项“经营者与消费者采用格式条款
《合同违法行为监督处理办法》第九条第（一）、（三）项“经营者与消费者采用格式条款,消费者权益/市场秩序,ai,True,<泛类型>,经营者格式条款侵害消费者权益。,消费者权益纠纷,(6-7) 泛型法条被AI分为具体分类'消费者权益/市场秩序'，应删除 | 原标记: <泛类型> | 法条: 《合同违法行为监督处理办法》第九条第（一）、（三）项“经营者与消费者采用格式条款
《合同违法行为监督处理办法》第九条第（一）（二）（三）项,市场秩序与竞争监管,ai,True,<泛类型>,规范合同履行维护交易秩序。,消费者权益/市场秩序,(6-7) 泛型法条被AI分为具体分类'市场秩序与竞争监管'，应删除 | 原标记: <泛类型> | 法条: 《合同违法行为监督处理办法》第九条第（一）（二）（三）项
《合同违法行为监督处理办法》第九条第（五）项、第十条第（二）项、第十一条第（一）项及第（四）项,市场秩序与竞争监管,ai,True,<泛类型>,规范合同行为，维护交易秩序。,消费者权益/市场秩序,(6-7) 泛型法条被AI分为具体分类'市场秩序与竞争监管'，应删除 | 原标记: <泛类型> | 法条: 《合同违法行为监督处理办法》第九条第（五）项、第十条第（二）项、第十一条第（一）项及第（四）项
《合同违法行为监督处理办法》第十一条“经营者与消费者采用格式条款,市场秩序与竞争监管,ai,True,<泛类型>,涉及格式条款规制，属消费者权益。,消费者权益/市场秩序,(6-7) 泛型法条被AI分为具体分类'市场秩序与竞争监管'，应删除 | 原标记: <泛类型> | 法条: 《合同违法行为监督处理办法》第十一条“经营者与消费者采用格式条款
《合同违法行为监督处理办法》第十一条第(一)项,市场秩序与竞争监管,ai,True,<泛类型>,合同违法监管，本质维护交易秩序。,消费者权益/市场秩序,(6-7) 泛型法条被AI分为具体分类'市场秩序与竞争监管'，应删除 | 原标记: <泛类型> | 法条: 《合同违法行为监督处理办法》第十一条第(一)项
《合同违法行为监督处理办法》第十一条第(一)项“经营者与消费者采用格式条款,消费者权益/市场秩序,ai,True,<泛类型>,经营者格式条款侵害消费者权益。,消费者权益纠纷,(6-7) 泛型法条被AI分为具体分类'消费者权益/市场秩序'，应删除 | 原标记: <泛类型> | 法条: 《合同违法行为监督处理办法》第十一条第(一)项“经营者与消费者采用格式条款
《合同违法行为监督处理办法》第十一条第(三)项的规定:请求损害赔偿的权利,消费者权益/市场秩序,ai,True,<泛类型>,合同损害赔偿请求权，多属消费合同纠纷。,消费者权益纠纷,(6-7) 泛型法条被AI分为具体分类'消费者权益/市场秩序'，应删除 | 原标记: <泛类型> | 法条: 《合同违法行为监督处理办法》第十一条第(三)项的规定:请求损害赔偿的权利
《合同违法行为监督处理办法》第十一条第(四)项,市场秩序与竞争监管,ai,True,<泛类型>,合同违法行为监管，规范市场秩序。,消费者权益/市场秩序,(6-7) 泛型法条被AI分为具体分类'市场秩序与竞争监管'，应删除 | 原标记: <泛类型> | 法条: 《合同违法行为监督处理办法》第十一条第(四)项
《合同违法行为监督处理办法》第十一条第一款第三项,市场秩序与竞争监管,ai,True,<泛类型>,规范合同行为，维护交易秩序。,消费者权益/市场秩序,(6-7) 泛型法条被AI分为具体分类'市场秩序与竞争监管'，应删除 | 原标记: <泛类型> | 法条: 《合同违法行为监督处理办法》第十一条第一款第三项
《合同违法行为监督处理办法》第十一条第一项、第四项,市场秩序与竞争监管,ai,True,<泛类型>,合同违法监管，维护交易秩序。,消费者权益/市场秩序,(6-7) 泛型法条被AI分为具体分类'市场秩序与竞争监管'，应删除 | 原标记: <泛类型> | 法条: 《合同违法行为监督处理办法》第十一条第一项、第四项
《合同违法行为监督处理办法》第十一条第四款“经营者与消费者采用格式条款,消费者权益/市场秩序,ai,True,<泛类型>,经营者格式条款，侵害消费者权益。,消费者权益纠纷,(6-7) 泛型法条被AI分为具体分类'消费者权益/市场秩序'，应删除 | 原标记: <泛类型> | 法条: 《合同违法行为监督处理办法》第十一条第四款“经营者与消费者采用格式条款
《合同违法行为监督处理办法》第十一条第四项,市场秩序与竞争监管,ai,True,<泛类型>,规范合同行为，维护交易秩序。,消费者权益/市场秩序,(6-7) 泛型法条被AI分为具体分类'市场秩序与竞争监管'，应删除 | 原标记: <泛类型> | 法条: 《合同违法行为监督处理办法》第十一条第四项
《合同违法行为监督处理办法》第十一条第（六）项,市场秩序与竞争监管,ai,True,<泛类型>,规制合同违法行为扰乱市场秩序。,消费者权益/市场秩序,(6-7) 泛型法条被AI分为具体分类'市场秩序与竞争监管'，应删除 | 原标记: <泛类型> | 法条: 《合同违法行为监督处理办法》第十一条第（六）项
《合同违法行为监督处理办法》第十一条第（六）项的规定：“经营者与消费者采用格式条款,消费者权益/市场秩序,ai,True,<泛类型>,格式条款侵害消费者合同权益。,消费者权益纠纷,(6-7) 泛型法条被AI分为具体分类'消费者权益/市场秩序'，应删除 | 原标记: <泛类型> | 法条: 《合同违法行为监督处理办法》第十一条第（六）项的规定：“经营者与消费者采用格式条款
《合同违法行为监督处理办法》第十一条第（四）项,市场秩序与竞争监管,ai,True,<泛类型>,合同违法行为监管，属市场秩序管理。,消费者权益/市场秩序,(6-7) 泛型法条被AI分为具体分类'市场秩序与竞争监管'，应删除 | 原标记: <泛类型> | 法条: 《合同违法行为监督处理办法》第十一条第（四）项
《合同违法行为监督处理办法》第十一条第（四）项“经营者与消费者采用格式条款,市场秩序与竞争监管,ai,True,<泛类型>,格式条款侵害消费者公平交易权。,消费者权益/市场秩序,(6-7) 泛型法条被AI分为具体分类'市场秩序与竞争监管'，应删除 | 原标记: <泛类型> | 法条: 《合同违法行为监督处理办法》第十一条第（四）项“经营者与消费者采用格式条款
《合同违法行为监督处理办法》第十一条经营者和消费者采用格式合同条款,市场秩序与竞争监管,ai,True,<泛类型>,规制格式条款行为，保护消费者权益。,消费者权益/市场秩序,(6-7) 泛型法条被AI分为具体分类'市场秩序与竞争监管'，应删除 | 原标记: <泛类型> | 法条: 《合同违法行为监督处理办法》第十一条经营者和消费者采用格式合同条款
《合同违法行为监督处理办法》第十二条“当事人违反本办法……第九条,市场秩序与竞争监管,ai,True,<泛类型>,合同违法行为直接关系市场交易秩序。,消费者权益/市场秩序,(6-7) 泛型法条被AI分为具体分类'市场秩序与竞争监管'，应删除 | 原标记: <泛类型> | 法条: 《合同违法行为监督处理办法》第十二条“当事人违反本办法……第九条
《合同违法行为监督处理办法》第十二条“当事人违反本办法第六条、第七条、第八条、第九条、第十条,市场秩序与竞争监管,ai,True,<泛类型>,合同监管规范，多涉交易与市场秩序。,消费者权益/市场秩序,(6-7) 泛型法条被AI分为具体分类'市场秩序与竞争监管'，应删除 | 原标记: <泛类型> | 法条: 《合同违法行为监督处理办法》第十二条“当事人违反本办法第六条、第七条、第八条、第九条、第十条
《合同违法行为监督处理办法》第十二条即“当事人违反本办法第六条、第七条、第八条、第九条,市场秩序与竞争监管,ai,True,<泛类型>,合同监督管理本质为维护市场秩序与交易相对人权益。,消费者权益/市场秩序,(6-7) 泛型法条被AI分为具体分类'市场秩序与竞争监管'，应删除 | 原标记: <泛类型> | 法条: 《合同违法行为监督处理办法》第十二条即“当事人违反本办法第六条、第七条、第八条、第九条
《合同违法行为监督处理办法》第十二条当事人违反本办法第六条、第七条、第八条、第九条、第十条,市场秩序与竞争监管,ai,True,<泛类型>,合同履行监督规范，多属市场秩序管理。,消费者权益/市场秩序,(6-7) 泛型法条被AI分为具体分类'市场秩序与竞争监管'，应删除 | 原标记: <泛类型> | 法条: 《合同违法行为监督处理办法》第十二条当事人违反本办法第六条、第七条、第八条、第九条、第十条
《合同违法行为监督处理办法》第十条,市场秩序与竞争监管,ai,True,<泛类型>,合同违法监管，维护交易秩序。,消费者权益/市场秩序,(6-7) 泛型法条被AI分为具体分类'市场秩序与竞争监管'，应删除 | 原标记: <泛类型> | 法条: 《合同违法行为监督处理办法》第十条
《合同违法行为监督处理办法》第十条“经营者与消费者采用格式条款,消费者权益/市场秩序,ai,True,<泛类型>,涉及经营者与消费者格式条款纠纷。,消费者权益纠纷,(6-7) 泛型法条被AI分为具体分类'消费者权益/市场秩序'，应删除 | 原标记: <泛类型> | 法条: 《合同违法行为监督处理办法》第十条“经营者与消费者采用格式条款
《合同违法行为监督处理办法》第十条第（一）项“经营者与消费者采用格式条款,市场秩序与竞争监管,ai,True,<泛类型>,格式条款属消费者权益保护范畴。,消费者权益/市场秩序,(6-7) 泛型法条被AI分为具体分类'市场秩序与竞争监管'，应删除 | 原标记: <泛类型> | 法条: 《合同违法行为监督处理办法》第十条第（一）项“经营者与消费者采用格式条款
《合同违法行为监督处理办法》第十条第（三）项的规定：“经营者与消费者采用格式条款,消费者权益/市场秩序,ai,True,<泛类型>,经营者格式条款侵害消费者权益。,消费者权益纠纷,(6-7) 泛型法条被AI分为具体分类'消费者权益/市场秩序'，应删除 | 原标记: <泛类型> | 法条: 《合同违法行为监督处理办法》第十条第（三）项的规定：“经营者与消费者采用格式条款
《合同违法行为监督处理办法》第十条规定：“经营者与消费者采用格式条款,市场秩序与竞争监管,ai,True,<泛类型>,格式条款属消费者合同监管范畴。,消费者权益/市场秩序,(6-7) 泛型法条被AI分为具体分类'市场秩序与竞争监管'，应删除 | 原标记: <泛类型> | 法条: 《合同违法行为监督处理办法》第十条规定：“经营者与消费者采用格式条款
《合川早报》,公共文化与传媒,ai,True,<泛类型>,《合川早报》属新闻出版传媒领域。,公共文化与传媒,(6-7) 泛型法条被AI分为具体分类'公共文化与传媒'，应删除 | 原标记: <泛类型> | 法条: 《合川早报》
《合格证》,产品质量与安全,ai,True,<泛类型>,《合格证》通常系产品质量管理文件。,产品质量,(6-7) 泛型法条被AI分为具体分类'产品质量与安全'，应删除 | 原标记: <泛类型> | 法条: 《合格证》
《合肥万科金湾地产有限公司收据》,建设工程与房地产,ai,True,<泛类型>,《合肥万科金湾地产有限公司收据》涉房地产收据。,房地产/土地,(6-7) 泛型法条被AI分为具体分类'建设工程与房地产'，应删除 | 原标记: <泛类型> | 法条: 《合肥万科金湾地产有限公司收据》
《合肥市精捷塑胶技术有限公司加工贸易手册审核报告》,海关/进出口,ai,True,<泛类型>,涉及加工贸易手册海关监管事项。,海关/进出口,(6-7) 泛型法条被AI分为具体分类'海关/进出口'，应删除 | 原标记: <泛类型> | 法条: 《合肥市精捷塑胶技术有限公司加工贸易手册审核报告》
《吉林省住房和城乡建设行政处罚裁量基准》,建设工程与房地产,ai,True,<泛类型>,住房城乡建设领域处罚裁量基准相关。,建设工程,(6-7) 泛型法条被AI分为具体分类'建设工程与房地产'，应删除 | 原标记: <泛类型> | 法条: 《吉林省住房和城乡建设行政处罚裁量基准》
《吉林省合同格式条款监督办法》,市场秩序与竞争监管,ai,True,<泛类型>,规范合同格式条款，保护消费者权益。,消费者权益/市场秩序,(6-7) 泛型法条被AI分为具体分类'市场秩序与竞争监管'，应删除 | 原标记: <泛类型> | 法条: 《吉林省合同格式条款监督办法》
《吉林省合同格式条款监督办法》第五条第一款规定：&ldquo;下列合同文本中含有格式条款,市场秩序与竞争监管,ai,True,<泛类型>,涉及合同格式条款监管，属消费领域。,消费者权益/市场秩序,(6-7) 泛型法条被AI分为具体分类'市场秩序与竞争监管'，应删除 | 原标记: <泛类型> | 法条: 《吉林省合同格式条款监督办法》第五条第一款规定：&ldquo;下列合同文本中含有格式条款
《吉林省合同格式条款监督条款》第二十二条第二款规定：提供方违反本办法第五条、第十三条第一款、第十七条第二款、第十九条、第二十条第一款,市场秩序与竞争监管,ai,True,<泛类型>,合同格式条款监管，本质属消费者权益保护。,消费者权益/市场秩序,(6-7) 泛型法条被AI分为具体分类'市场秩序与竞争监管'，应删除 | 原标记: <泛类型> | 法条: 《吉林省合同格式条款监督条款》第二十二条第二款规定：提供方违反本办法第五条、第十三条第一款、第十七条...
《吉林省工商和市场监管系统行政处罚裁量规则》,市场秩序与竞争监管,ai,True,<泛类型>,工商和市场监管系统职责侧重市场秩序。,消费者权益/市场秩序,(6-7) 泛型法条被AI分为具体分类'市场秩序与竞争监管'，应删除 | 原标记: <泛类型> | 法条: 《吉林省工商和市场监管系统行政处罚裁量规则》
《吉林省工商行政管理系统行政处罚裁量标准（18.1）》,市场秩序与竞争监管,ai,True,<泛类型>,工商系统处罚多针对市场秩序及消费者权益。,消费者权益/市场秩序,(6-7) 泛型法条被AI分为具体分类'市场秩序与竞争监管'，应删除 | 原标记: <泛类型> | 法条: 《吉林省工商行政管理系统行政处罚裁量标准（18.1）》
《吉林省市场监督管理 行政处罚裁量权适用规则（试行）》第二章第九节227条,*行政处罚裁量规则*,ai,True,<泛类型>,条文系裁量规则本身，非具体违法。,*行政处罚裁量规则*,(6-5) 程序性 | 匹配模式: '行政处罚裁量权' | 法条: 《吉林省市场监督管理 行政处罚裁量权适用规则（试行）》第二章第九节227条
《吉林省市场监督管理行政处罚裁量权适用规则(试行)》,其他,ai,True,<泛类型>,仅为总则名称，未见具体内容。,其他违法行为,(6-5) 程序性 | 匹配模式: '行政处罚裁量权' | 法条: 《吉林省市场监督管理行政处罚裁量权适用规则(试行)》
《吉林省市场监督管理行政处罚裁量权适用规则》,其他,ai,True,<泛类型>,仅给出规则名称，无法细化归类。,其他违法行为,(6-5) 程序性 | 匹配模式: '行政处罚裁量权' | 法条: 《吉林省市场监督管理行政处罚裁量权适用规则》
《吉林省市场监督管理行政处罚裁量权适用规则》第二章第七节第160项,*行政处罚裁量规则*,ai,True,<泛类型>,条文系处罚裁量程序性规定。,*行政处罚裁量规则*,(6-5) 程序性 | 匹配模式: '行政处罚裁量权' | 法条: 《吉林省市场监督管理行政处罚裁量权适用规则》第二章第七节第160项
《吉林省市场监督管理行政处罚裁量权适用规则（试行）》,其他,ai,True,<泛类型>,仅为总则性规则名称，信息不足。,其他违法行为,(6-5) 程序性 | 匹配模式: '行政处罚裁量权' | 法条: 《吉林省市场监督管理行政处罚裁量权适用规则（试行）》
《吉林省市场监督管理行政处罚裁量权适用规则（试行）》第八十一条,其他,ai,True,<泛类型>,仅给出条号无内容，无法判断。,其他违法行为,(6-5) 程序性 | 匹配模式: '行政处罚裁量权' | 法条: 《吉林省市场监督管理行政处罚裁量权适用规则（试行）》第八十一条
《吉林省市场监督管理行政处罚裁量权适用规则（试行）》第十二条第（二）项,其他,ai,True,<泛类型>,仅为裁量规则条款，无法细分类型。,其他违法行为,(6-5) 程序性 | 匹配模式: '行政处罚裁量权' | 法条: 《吉林省市场监督管理行政处罚裁量权适用规则（试行）》第十二条第（二）项
《吉林省市场监督管理行政处罚裁量权适用（试行）》,其他,ai,True,<泛类型>,仅给出总则标题，无法细化判断。,其他违法行为,(6-5) 程序性 | 匹配模式: '行政处罚裁量权' | 法条: 《吉林省市场监督管理行政处罚裁量权适用（试行）》
《吉林省财政部门行政处罚裁量标准》,财税与金融监管,ai,True,<泛类型>,《财政部门行政处罚裁量标准》属财会管理规范。,会计/账务,(6-7) 泛型法条被AI分为具体分类'财税与金融监管'，应删除 | 原标记: <泛类型> | 法条: 《吉林省财政部门行政处罚裁量标准》
《吉林省贸易计量监督条例》第十七条,计量/器具,ai,True,<泛类型>,贸易计量监督条例，属计量监管范围。,计量/器具,(6-7) 泛型法条被AI分为具体分类'计量/器具'，应删除 | 原标记: <泛类型> | 法条: 《吉林省贸易计量监督条例》第十七条
《同种异体骨修复材料》,产品质量与安全,ai,True,<泛类型>,《同种异体骨修复材料》属医用产品。,食品药品,(6-7) 泛型法条被AI分为具体分类'产品质量与安全'，应删除 | 原标记: <泛类型> | 法条: 《同种异体骨修复材料》
《含乳饮料》,产品质量与安全,ai,True,<泛类型>,涉及含乳饮料标准属食品监管。,食品药品,(6-7) 泛型法条被AI分为具体分类'产品质量与安全'，应删除 | 原标记: <泛类型> | 法条: 《含乳饮料》
《听说抗衰界的逆龄神器进驻华山了？让明星网红为之疯狂的年轻秘笈竟然是？？？？？？》,市场秩序与竞争监管,ai,True,<泛类型>,标题明显夸大功效，涉嫌虚假宣传。,虚假广告/虚假宣传,(6-7) 泛型法条被AI分为具体分类'市场秩序与竞争监管'，应删除 | 原标记: <泛类型> | 法条: 《听说抗衰界的逆龄神器进驻华山了？让明星网红为之疯狂的年轻秘笈竟然是？？？？？？》
《员工花名册》,劳动保障,ai,True,<泛类型>,《员工花名册》系劳动用工管理资料。,劳动保障/用工,(6-7) 泛型法条被AI分为具体分类'劳动保障'，应删除 | 原标记: <泛类型> | 法条: 《员工花名册》
《员工餐厅租赁合同》,建设工程与房地产,ai,True,<泛类型>,涉及员工餐厅房屋租赁关系。,房地产/土地,(6-7) 泛型法条被AI分为具体分类'建设工程与房地产'，应删除 | 原标记: <泛类型> | 法条: 《员工餐厅租赁合同》
《呼伦贝尔市城镇供热管理办法（试行）》,*城镇供热管理*,ai,True,<泛类型>,专门规范城镇供热行为。,*城镇供热管理*,(6-6) AI分类含星号'*城镇供热管理*'，分类不确定 | 法条: 《呼伦贝尔市城镇供热管理办法（试行）》
《呼吸防护用品 自吸过滤式防颗粒物呼吸器》,产品质量与安全,ai,True,<泛类型>,《呼吸防护用品》产品标准，属质量问题。,产品质量,(6-7) 泛型法条被AI分为具体分类'产品质量与安全'，应删除 | 原标记: <泛类型> | 法条: 《呼吸防护用品 自吸过滤式防颗粒物呼吸器》
《呼和浩特市工商局关于开展查处教育培训学校（机构）违法经营行为专项执法行动的通知》,市场秩序与竞争监管,ai,True,<泛类型>,规范教育培训经营秩序与消费者权益。,消费者权益/市场秩序,(6-7) 泛型法条被AI分为具体分类'市场秩序与竞争监管'，应删除 | 原标记: <泛类型> | 法条: 《呼和浩特市工商局关于开展查处教育培训学校（机构）违法经营行为专项执法行动的通知》
《唐山市开平区住房和城乡建设局行政处罚自由裁量权基准》第34条第3款等有关规定,建设工程与房地产,ai,True,<泛类型>,《住建局行政处罚基准》属建设领域规制。,建设工程,(6-5) 程序性 | 匹配模式: '行政处罚自由裁量权' | 法条: 《唐山市开平区住房和城乡建设局行政处罚自由裁量权基准》第34条第3款等有关规定
《唐山市钢铁、焦化超低排放和燃煤电厂深度减排实施方案》,环境保护,ai,True,<泛类型>,钢铁焦化减排方案，典型环保领域。,环境保护,(6-7) 泛型法条被AI分为具体分类'环境保护'，应删除 | 原标记: <泛类型> | 法条: 《唐山市钢铁、焦化超低排放和燃煤电厂深度减排实施方案》
《售后回租合同》,财税与金融监管,ai,True,<泛类型>,售后回租属融资类合同，涉信贷行为。,金融/信贷违规,(6-7) 泛型法条被AI分为具体分类'财税与金融监管'，应删除 | 原标记: <泛类型> | 法条: 《售后回租合同》
《售后服务方案》以及,消费者权益/市场秩序,ai,True,<泛类型>,售后服务方案属消费者权益范畴。,消费者权益纠纷,(6-7) 泛型法条被AI分为具体分类'消费者权益/市场秩序'，应删除 | 原标记: <泛类型> | 法条: 《售后服务方案》以及
《商业特许经营管理条例》第二十七条第一款及,市场秩序与竞争监管,ai,True,<泛类型>,特许经营管理条例规范市场秩序。,消费者权益/市场秩序,(6-7) 泛型法条被AI分为具体分类'市场秩序与竞争监管'，应删除 | 原标记: <泛类型> | 法条: 《商业特许经营管理条例》第二十七条第一款及
《商业特许经营管理条例》第十七条第二款、,市场秩序与竞争监管,ai,True,<泛类型>,商业特许经营管理条例属规范市场秩序。,消费者权益/市场秩序,(6-7) 泛型法条被AI分为具体分类'市场秩序与竞争监管'，应删除 | 原标记: <泛类型> | 法条: 《商业特许经营管理条例》第十七条第二款、
《商业特许经营管理条例》第十九条,市场秩序与竞争监管,ai,True,<泛类型>,属商业特许经营监管，维护市场秩序。,消费者权益/市场秩序,(6-7) 泛型法条被AI分为具体分类'市场秩序与竞争监管'，应删除 | 原标记: <泛类型> | 法条: 《商业特许经营管理条例》第十九条
《商品买卖合同》,消费者权益/市场秩序,ai,True,<泛类型>,《商品买卖合同》直接关联买卖纠纷。,消费者权益纠纷,(6-7) 泛型法条被AI分为具体分类'消费者权益/市场秩序'，应删除 | 原标记: <泛类型> | 法条: 《商品买卖合同》
《商品入库单》,财税与金融监管,ai,True,<泛类型>,商品入库单属财务票据凭证管理。,会计/账务,(6-7) 泛型法条被AI分为具体分类'财税与金融监管'，应删除 | 原标记: <泛类型> | 法条: 《商品入库单》
《商品合同》,市场秩序与竞争监管,ai,True,<泛类型>,商品买卖合同纠纷，属市场交易秩序。,消费者权益/市场秩序,(6-7) 泛型法条被AI分为具体分类'市场秩序与竞争监管'，应删除 | 原标记: <泛类型> | 法条: 《商品合同》
《商品房售房合同中》,建设工程与房地产,ai,True,<泛类型>,《商品房售房合同》系房地产领域合同。,房地产/土地,(6-7) 泛型法条被AI分为具体分类'建设工程与房地产'，应删除 | 原标记: <泛类型> | 法条: 《商品房售房合同中》
《商品房屋租赁管理办法》第八条第一款,建设工程与房地产,ai,True,<泛类型>,规范商品房租赁行为，属房地产管理。,房地产/土地,(6-7) 泛型法条被AI分为具体分类'建设工程与房地产'，应删除 | 原标记: <泛类型> | 法条: 《商品房屋租赁管理办法》第八条第一款
《商品房认购书》,建设工程与房地产,ai,True,<泛类型>,涉及商品房买卖认购合同内容。,房地产/土地,(6-7) 泛型法条被AI分为具体分类'建设工程与房地产'，应删除 | 原标记: <泛类型> | 法条: 《商品房认购书》
《商品房认购协议》,建设工程与房地产,ai,True,<泛类型>,商品房买卖认购协议相关条款。,房地产/土地,(6-7) 泛型法条被AI分为具体分类'建设工程与房地产'，应删除 | 原标记: <泛类型> | 法条: 《商品房认购协议》
《商品房认购协议书》,建设工程与房地产,ai,True,<泛类型>,商品房认购协议涉及房地产交易。,房地产/土地,(6-7) 泛型法条被AI分为具体分类'建设工程与房地产'，应删除 | 原标记: <泛类型> | 法条: 《商品房认购协议书》
《商品房销售合同》,建设工程与房地产,ai,True,<泛类型>,商品房买卖合同纠纷，属房地产领域。,房地产/土地,(6-7) 泛型法条被AI分为具体分类'建设工程与房地产'，应删除 | 原标记: <泛类型> | 法条: 《商品房销售合同》
《商品房销售方案》,建设工程与房地产,ai,True,<泛类型>,商品房销售管理规范，属房地产领域。,房地产/土地,(6-7) 泛型法条被AI分为具体分类'建设工程与房地产'，应删除 | 原标记: <泛类型> | 法条: 《商品房销售方案》
《商品房销售管理办法》,建设工程与房地产,ai,True,<泛类型>,依据《商品房销售管理办法》属房地产业监管。,房地产/土地,(6-7) 泛型法条被AI分为具体分类'建设工程与房地产'，应删除 | 原标记: <泛类型> | 法条: 《商品房销售管理办法》
《商品房销售管理办法》第89号）第二十三条,建设工程与房地产,ai,True,<泛类型>,依据商品房销售管理办法属房地产领域。,房地产/土地,(6-7) 泛型法条被AI分为具体分类'建设工程与房地产'，应删除 | 原标记: <泛类型> | 法条: 《商品房销售管理办法》第89号）第二十三条
《商品房销售管理办法》第96号)第二十三条,建设工程与房地产,ai,True,<泛类型>,依据商品房销售管理办法法规内容。,房地产/土地,(6-7) 泛型法条被AI分为具体分类'建设工程与房地产'，应删除 | 原标记: <泛类型> | 法条: 《商品房销售管理办法》第96号)第二十三条
《商品房销售管理办法》第七条第四项,建设工程与房地产,ai,True,<泛类型>,商品房销售管理，属房地产领域。,房地产/土地,(6-7) 泛型法条被AI分为具体分类'建设工程与房地产'，应删除 | 原标记: <泛类型> | 法条: 《商品房销售管理办法》第七条第四项
《商品房销售管理办法》第三十四条第二款,建设工程与房地产,ai,True,<泛类型>,依据商品房销售管理办法条款。,房地产/土地,(6-7) 泛型法条被AI分为具体分类'建设工程与房地产'，应删除 | 原标记: <泛类型> | 法条: 《商品房销售管理办法》第三十四条第二款
《商品房销售管理办法》第二十七条第二款,建设工程与房地产,ai,True,<泛类型>,商品房销售管理办法属房地产领域。,房地产/土地,(6-7) 泛型法条被AI分为具体分类'建设工程与房地产'，应删除 | 原标记: <泛类型> | 法条: 《商品房销售管理办法》第二十七条第二款
《商品房销售管理办法》第二十二条第一款,建设工程与房地产,ai,True,<泛类型>,《商品房销售管理办法》系房地产业规章。,房地产/土地,(6-7) 泛型法条被AI分为具体分类'建设工程与房地产'，应删除 | 原标记: <泛类型> | 法条: 《商品房销售管理办法》第二十二条第一款
《商品房销售管理办法》第二十二条第一款“不符合商品房销售条,建设工程与房地产,ai,True,<泛类型>,商品房销售管理办法属房地产领域。,房地产/土地,(6-7) 泛型法条被AI分为具体分类'建设工程与房地产'，应删除 | 原标记: <泛类型> | 法条: 《商品房销售管理办法》第二十二条第一款“不符合商品房销售条
《商品房销售管理办法》第二十二条第一款的规定,建设工程与房地产,ai,True,<泛类型>,商品房销售管理办法直接规制房地产交易。,房地产/土地,(6-7) 泛型法条被AI分为具体分类'建设工程与房地产'，应删除 | 原标记: <泛类型> | 法条: 《商品房销售管理办法》第二十二条第一款的规定
《商品房销售管理办法》第二十条,建设工程与房地产,ai,True,<泛类型>,商品房销售管理办法属房地产领域。,房地产/土地,(6-7) 泛型法条被AI分为具体分类'建设工程与房地产'，应删除 | 原标记: <泛类型> | 法条: 《商品房销售管理办法》第二十条
《商品房销售管理办法》第十六条,建设工程与房地产,ai,True,<泛类型>,商品房销售管理办法属房地产领域。,房地产/土地,(6-7) 泛型法条被AI分为具体分类'建设工程与房地产'，应删除 | 原标记: <泛类型> | 法条: 《商品房销售管理办法》第十六条
《商品房销售管理办法》第十六条第七款和,建设工程与房地产,ai,True,<泛类型>,适用商品房销售管理办法规定。,房地产/土地,(6-7) 泛型法条被AI分为具体分类'建设工程与房地产'，应删除 | 原标记: <泛类型> | 法条: 《商品房销售管理办法》第十六条第七款和
《商品房销售管理办法》第四十二条,建设工程与房地产,ai,True,<泛类型>,依据商品房销售管理办法，属房产销售管理。,房地产/土地,(6-7) 泛型法条被AI分为具体分类'建设工程与房地产'，应删除 | 原标记: <泛类型> | 法条: 《商品房销售管理办法》第四十二条
《商品房销（预）售合同》,建设工程与房地产,ai,True,<泛类型>,《商品房销售合同》属房地产领域。,房地产/土地,(6-7) 泛型法条被AI分为具体分类'建设工程与房地产'，应删除 | 原标记: <泛类型> | 法条: 《商品房销（预）售合同》
《商品房预售证》,建设工程与房地产,ai,True,<泛类型>,商品房预售证管理属房地产领域。,房地产/土地,(6-7) 泛型法条被AI分为具体分类'建设工程与房地产'，应删除 | 原标记: <泛类型> | 法条: 《商品房预售证》
《商品条码管理办法》,市场秩序与竞争监管,ai,True,<泛类型>,商品条码管理关系市场秩序规范。,消费者权益/市场秩序,(6-7) 泛型法条被AI分为具体分类'市场秩序与竞争监管'，应删除 | 原标记: <泛类型> | 法条: 《商品条码管理办法》
《商品条码管理办法》第三十五条,市场秩序与竞争监管,ai,True,<泛类型>,商品条码管理主要规范市场秩序。,消费者权益/市场秩序,(6-7) 泛型法条被AI分为具体分类'市场秩序与竞争监管'，应删除 | 原标记: <泛类型> | 法条: 《商品条码管理办法》第三十五条
《商品条码管理办法》第三十六条,市场秩序与竞争监管,ai,True,<泛类型>,商品条码管理旨在规范市场秩序。,消费者权益/市场秩序,(6-7) 泛型法条被AI分为具体分类'市场秩序与竞争监管'，应删除 | 原标记: <泛类型> | 法条: 《商品条码管理办法》第三十六条
《商品条码管理办法》第二十一条,市场秩序与竞争监管,ai,True,<泛类型>,商品条码管理涉及商品标识与市场秩序。,消费者权益/市场秩序,(6-7) 泛型法条被AI分为具体分类'市场秩序与竞争监管'，应删除 | 原标记: <泛类型> | 法条: 《商品条码管理办法》第二十一条
《商品条码管理办法》第二十一条和第三十二条,市场秩序与竞争监管,ai,True,<泛类型>,商品条码管理旨在维护商品流通秩序。,消费者权益/市场秩序,(6-7) 泛型法条被AI分为具体分类'市场秩序与竞争监管'，应删除 | 原标记: <泛类型> | 法条: 《商品条码管理办法》第二十一条和第三十二条
《商品条码管理办法》第二十五条,市场秩序与竞争监管,ai,True,<泛类型>,商品条码管理规范市场交易秩序。,消费者权益/市场秩序,(6-7) 泛型法条被AI分为具体分类'市场秩序与竞争监管'，应删除 | 原标记: <泛类型> | 法条: 《商品条码管理办法》第二十五条
《商品条码管理办法》第二十四条的规定,市场秩序与竞争监管,ai,True,<泛类型>,商品条码管理属市场秩序监管。,消费者权益/市场秩序,(6-7) 泛型法条被AI分为具体分类'市场秩序与竞争监管'，应删除 | 原标记: <泛类型> | 法条: 《商品条码管理办法》第二十四条的规定
《商品条码系统成员证书》,市场秩序与竞争监管,ai,True,<泛类型>,《商品条码系统成员证书》属条码管理规范。,消费者权益/市场秩序,(6-7) 泛型法条被AI分为具体分类'市场秩序与竞争监管'，应删除 | 原标记: <泛类型> | 法条: 《商品条码系统成员证书》
《商品条码零售商品编码与条码表示》,市场秩序与竞争监管,ai,True,<泛类型>,商品条码属市场秩序与消费者识别。,消费者权益/市场秩序,(6-7) 泛型法条被AI分为具体分类'市场秩序与竞争监管'，应删除 | 原标记: <泛类型> | 法条: 《商品条码零售商品编码与条码表示》
《商品标价签》,市场秩序与竞争监管,ai,True,<泛类型>,商品标价签管理属于价格标示行为。,价格/收费,(6-7) 泛型法条被AI分为具体分类'市场秩序与竞争监管'，应删除 | 原标记: <泛类型> | 法条: 《商品标价签》
《商品混凝土结算单》,建设工程与房地产,ai,True,<泛类型>,商品混凝土结算单属工程建设领域。,建设工程,(6-7) 泛型法条被AI分为具体分类'建设工程与房地产'，应删除 | 原标记: <泛类型> | 法条: 《商品混凝土结算单》
《商品混凝土配合比设计报告》,建设工程与房地产,ai,True,<泛类型>,《商品混凝土配合比设计报告》属工程建设管理。,建设工程,(6-7) 泛型法条被AI分为具体分类'建设工程与房地产'，应删除 | 原标记: <泛类型> | 法条: 《商品混凝土配合比设计报告》
《商品煤质量管理暂行办法》,环境保护,ai,True,<泛类型>,《商品煤质量管理暂行办法》属环保领域规制。,环境保护,(6-7) 泛型法条被AI分为具体分类'环境保护'，应删除 | 原标记: <泛类型> | 法条: 《商品煤质量管理暂行办法》
《商品煤质量评价与控制技术指南》,产品质量与安全,ai,True,<泛类型>,《商品煤质量评价与控制技术指南》属产品质量规范。,产品质量,(6-7) 泛型法条被AI分为具体分类'产品质量与安全'，应删除 | 原标记: <泛类型> | 法条: 《商品煤质量评价与控制技术指南》
《商品计量违法行为处罚规定》第四条,计量/器具,ai,True,<泛类型>,《商品计量违法行为处罚规定》属计量领域。,计量/器具,(6-7) 泛型法条被AI分为具体分类'计量/器具'，应删除 | 原标记: <泛类型> | 法条: 《商品计量违法行为处罚规定》第四条
《商品质量复检结论通知书》,产品质量与安全,ai,True,<泛类型>,商品质量复检结论涉及产品质量问题。,产品质量,(6-7) 泛型法条被AI分为具体分类'产品质量与安全'，应删除 | 原标记: <泛类型> | 法条: 《商品质量复检结论通知书》
《商品质量抽查检验复检申请书》,产品质量与安全,ai,True,<泛类型>,涉及商品质量抽检及复检程序事项。,产品质量,(6-7) 泛型法条被AI分为具体分类'产品质量与安全'，应删除 | 原标记: <泛类型> | 法条: 《商品质量抽查检验复检申请书》
《商品质量检测抽样检验结果送达书》,产品质量与安全,ai,True,<泛类型>,《商品质量检测抽样检验结果送达书》指向产品质量抽检。,产品质量,(6-7) 泛型法条被AI分为具体分类'产品质量与安全'，应删除 | 原标记: <泛类型> | 法条: 《商品质量检测抽样检验结果送达书》
《商品质量监督抽查接待记录》,产品质量与安全,ai,True,<泛类型>,与商品质量监督抽查活动直接相关。,产品质量,(6-7) 泛型法条被AI分为具体分类'产品质量与安全'，应删除 | 原标记: <泛类型> | 法条: 《商品质量监督抽查接待记录》
《商品购销基本买卖合同》,市场秩序与竞争监管,ai,True,<泛类型>,买卖合同规范商品购销行为。,消费者权益/市场秩序,(6-7) 泛型法条被AI分为具体分类'市场秩序与竞争监管'，应删除 | 原标记: <泛类型> | 法条: 《商品购销基本买卖合同》
《商品进销明细列表》,财税与金融监管,ai,True,<泛类型>,《商品进销明细列表》属账务凭证管理。,会计/账务,(6-7) 泛型法条被AI分为具体分类'财税与金融监管'，应删除 | 原标记: <泛类型> | 法条: 《商品进销明细列表》
《商品采购合同》,消费者权益/市场秩序,ai,True,<泛类型>,商品采购合同履行争议属消费合同纠纷。,消费者权益纠纷,(6-7) 泛型法条被AI分为具体分类'消费者权益/市场秩序'，应删除 | 原标记: <泛类型> | 法条: 《商品采购合同》
《商品采购合同补充协议》,市场秩序与竞争监管,ai,True,<泛类型>,商品采购合同纠纷属交易秩序问题。,消费者权益/市场秩序,(6-7) 泛型法条被AI分为具体分类'市场秩序与竞争监管'，应删除 | 原标记: <泛类型> | 法条: 《商品采购合同补充协议》
《商品量计量违法行为处罚规定》第五条,计量/器具,ai,True,<泛类型>,依据计量违法规定，属商品计量问题。,计量/器具,(6-7) 泛型法条被AI分为具体分类'计量/器具'，应删除 | 原标记: <泛类型> | 法条: 《商品量计量违法行为处罚规定》第五条
《商品销售报表》,统计相关,ai,True,<泛类型>,《商品销售报表》属统计报表管理。,统计相关,(6-7) 泛型法条被AI分为具体分类'统计相关'，应删除 | 原标记: <泛类型> | 法条: 《商品销售报表》
《商品零售场所塑料购物袋有偿使用管理办法》第六条第四项,环境保护,ai,True,<泛类型>,规范塑料袋使用，减少环境污染。,环境保护,(6-7) 泛型法条被AI分为具体分类'环境保护'，应删除 | 原标记: <泛类型> | 法条: 《商品零售场所塑料购物袋有偿使用管理办法》第六条第四项
《商品零售场所塑料购物袋有偿使用管理办法》第十四条,环境保护,ai,True,<泛类型>,塑料袋有偿使用管理，属环保领域。,环境保护,(6-7) 泛型法条被AI分为具体分类'环境保护'，应删除 | 原标记: <泛类型> | 法条: 《商品零售场所塑料购物袋有偿使用管理办法》第十四条
《商场端架、堆头陈列协议书》,市场秩序与竞争监管,ai,True,<泛类型>,商场陈列协议涉及市场经营秩序。,消费者权益/市场秩序,(6-7) 泛型法条被AI分为具体分类'市场秩序与竞争监管'，应删除 | 原标记: <泛类型> | 法条: 《商场端架、堆头陈列协议书》
《商铺房屋租赁(捆绑)协议》,建设工程与房地产,ai,True,<泛类型>,涉及商铺房屋租赁合同约定问题。,房地产/土地,(6-7) 泛型法条被AI分为具体分类'建设工程与房地产'，应删除 | 原标记: <泛类型> | 法条: 《商铺房屋租赁(捆绑)协议》
《嘉兴市农经局农村集体经济组织统一收据》,财税与金融监管,ai,True,<泛类型>,涉及统一收据管理，属财务票据。,会计/账务,(6-7) 泛型法条被AI分为具体分类'财税与金融监管'，应删除 | 原标记: <泛类型> | 法条: 《嘉兴市农经局农村集体经济组织统一收据》
《嘉兴市南湖区长期停业未经营企业催报公告》,市场主体与登记治理,ai,True,<泛类型>,长期停业未经营企业被公告催报。,未开业/自行停业,(6-7) 泛型法条被AI分为具体分类'市场主体与登记治理'，应删除 | 原标记: <泛类型> | 法条: 《嘉兴市南湖区长期停业未经营企业催报公告》
《嘉兴市南湖市场监督管理局吊销长期停业未经营企业公告》,市场主体与登记治理,ai,True,<泛类型>,公告针对长期停业未经营企业吊销。,未开业/自行停业,(6-7) 泛型法条被AI分为具体分类'市场主体与登记治理'，应删除 | 原标记: <泛类型> | 法条: 《嘉兴市南湖市场监督管理局吊销长期停业未经营企业公告》
《嘉兴市圣路易斯洁具有限公司股东会决议一关于变更公司营业期限及修改公司章程的决议》,市场主体与登记治理,ai,True,<泛类型>,涉及公司登记事项变更及营业期限。,无照经营/登记问题,(6-7) 泛型法条被AI分为具体分类'市场主体与登记治理'，应删除 | 原标记: <泛类型> | 法条: 《嘉兴市圣路易斯洁具有限公司股东会决议一关于变更公司营业期限及修改公司章程的决议》
《嘉兴市圣路易斯洁具有限公司股东决议一关于变更公司营业期限及修改公司章程的决议》,市场主体与登记治理,ai,True,<泛类型>,涉及公司章程变更及登记公示事项。,企业信息公示,(6-7) 泛型法条被AI分为具体分类'市场主体与登记治理'，应删除 | 原标记: <泛类型> | 法条: 《嘉兴市圣路易斯洁具有限公司股东决议一关于变更公司营业期限及修改公司章程的决议》
《嘉兴市市场监督管理局吊销企业营业执照听证公告》,市场主体与登记治理,ai,True,<泛类型>,涉及吊销营业执照的登记违法情形。,无照经营/登记问题,(6-7) 泛型法条被AI分为具体分类'市场主体与登记治理'，应删除 | 原标记: <泛类型> | 法条: 《嘉兴市市场监督管理局吊销企业营业执照听证公告》
《嘉兴市文化广电新闻出版局行政处罚事先告知书》,公共文化与传媒,ai,True,<泛类型>,由文化广电新闻出版局作出处罚所涉。,公共文化与传媒,(6-7) 泛型法条被AI分为具体分类'公共文化与传媒'，应删除 | 原标记: <泛类型> | 法条: 《嘉兴市文化广电新闻出版局行政处罚事先告知书》
《嘉兴市文明行为促进条例》第二十二条第(六)项的规定,*文明行为管理*,ai,True,<泛类型>,依据文明行为促进条例内容归类。,*文明行为管理*,(6-6) AI分类含星号'*文明行为管理*'，分类不确定 | 法条: 《嘉兴市文明行为促进条例》第二十二条第(六)项的规定
《嘉兴市文明行为促进条例》第二十二条第六项,*文明行为管理*,ai,True,<泛类型>,依据文明行为促进条例内容归类。,*文明行为管理*,(6-6) AI分类含星号'*文明行为管理*'，分类不确定 | 法条: 《嘉兴市文明行为促进条例》第二十二条第六项
《嘉兴市文明行为促进条例》第二十二条第六项“违反本条例第十二条第一款、第四款,*文明行为管理*,ai,True,<泛类型>,依据文明行为促进条例条款内容。,*文明行为管理*,(6-6) AI分类含星号'*文明行为管理*'，分类不确定 | 法条: 《嘉兴市文明行为促进条例》第二十二条第六项“违反本条例第十二条第一款、第四款
《嘉兴市文明行为促进条例》第二十二条第六项规定,*文明行为管理*,ai,True,<泛类型>,依据文明行为促进条例内容分类。,*文明行为管理*,(6-6) AI分类含星号'*文明行为管理*'，分类不确定 | 法条: 《嘉兴市文明行为促进条例》第二十二条第六项规定
《嘉兴市文明行为促进条例》第十二条第一款、第二款,*文明行为管理*,ai,True,<泛类型>,依据文明行为促进条例内容。,*文明行为管理*,(6-6) AI分类含星号'*文明行为管理*'，分类不确定 | 法条: 《嘉兴市文明行为促进条例》第十二条第一款、第二款
《嘉兴市文明行为促进条例》第十二条第一款和第二款,*文明行为管理*,ai,True,<泛类型>,基于文明行为促进条例内容。,*文明行为管理*,(6-6) AI分类含星号'*文明行为管理*'，分类不确定 | 法条: 《嘉兴市文明行为促进条例》第十二条第一款和第二款
《嘉兴永量电池配件有限公司固体废物核查报告》,环境保护,ai,True,<泛类型>,涉固体废物管理及环保核查。,环境保护,(6-7) 泛型法条被AI分为具体分类'环境保护'，应删除 | 原标记: <泛类型> | 法条: 《嘉兴永量电池配件有限公司固体废物核查报告》
《嘉峪关市城市供热管理办法》,*城市供热管理*,ai,True,<泛类型>,依据城市供热管理办法规范行为。,*城市供热管理*,(6-6) AI分类含星号'*城市供热管理*'，分类不确定 | 法条: 《嘉峪关市城市供热管理办法》
《嘉誉湾花园项目砖胎膜、混凝土劳务分包合同》,建设工程与房地产,ai,True,<泛类型>,系建设工程劳务分包合同内容。,建设工程,(6-7) 泛型法条被AI分为具体分类'建设工程与房地产'，应删除 | 原标记: <泛类型> | 法条: 《嘉誉湾花园项目砖胎膜、混凝土劳务分包合同》
《四川省住房和城乡建设行政处罚裁量权适用规定》第八条第二款第一项,建设工程与房地产,ai,True,<泛类型>,依据住建领域地方处罚裁量规定。,建设工程,(6-5) 程序性 | 匹配模式: '行政处罚裁量权' | 法条: 《四川省住房和城乡建设行政处罚裁量权适用规定》第八条第二款第一项
《四川省住房和城乡建设行政处罚裁量权适用规定》第八条第二款第五项,建设工程与房地产,ai,True,<泛类型>,规范住房城乡建设处罚裁量，属建工领域。,建设工程,(6-5) 程序性 | 匹配模式: '行政处罚裁量权' | 法条: 《四川省住房和城乡建设行政处罚裁量权适用规定》第八条第二款第五项
《四川省住房和城乡建设行政处罚裁量权适用规定》第八条第二款第五项,建设工程与房地产,ai,True,<泛类型>,规范住建领域处罚裁量，属建设工程。,建设工程,(6-5) 程序性 | 匹配模式: '行政处罚裁量权' | 法条: 《四川省住房和城乡建设行政处罚裁量权适用规定》第八条第二款第五项
《四川省住房和城乡建设行政处罚裁量标准》,建设工程与房地产,ai,True,<泛类型>,《住房和城乡建设》领域裁量标准相关。,建设工程,(6-7) 泛型法条被AI分为具体分类'建设工程与房地产'，应删除 | 原标记: <泛类型> | 法条: 《四川省住房和城乡建设行政处罚裁量标准》
《四川省公共场所卫生管理办法》第三十六条第（五）项,卫生健康,ai,True,<泛类型>,属公共场所卫生管理范畴。,医疗卫生,(6-7) 泛型法条被AI分为具体分类'卫生健康'，应删除 | 原标记: <泛类型> | 法条: 《四川省公共场所卫生管理办法》第三十六条第（五）项
《四川省公共场所卫生管理办法》第十二条第一款,卫生健康,ai,True,<泛类型>,公共场所卫生管理，属卫生监管。,医疗卫生,(6-7) 泛型法条被AI分为具体分类'卫生健康'，应删除 | 原标记: <泛类型> | 法条: 《四川省公共场所卫生管理办法》第十二条第一款
《四川省发展和改革委员会关于明确清理规范转供电环节加价有关事项的通知》,市场秩序与竞争监管,ai,True,<泛类型>,涉转供电环节加价规范与电价。,价格/收费,(6-7) 泛型法条被AI分为具体分类'市场秩序与竞争监管'，应删除 | 原标记: <泛类型> | 法条: 《四川省发展和改革委员会关于明确清理规范转供电环节加价有关事项的通知》
《四川省发展和改革委员会关于清理规范转供电环节收费有关事项的通知》,市场秩序与竞争监管,ai,True,<泛类型>,规范转供电环节收费行为相关。,价格/收费,(6-7) 泛型法条被AI分为具体分类'市场秩序与竞争监管'，应删除 | 原标记: <泛类型> | 法条: 《四川省发展和改革委员会关于清理规范转供电环节收费有关事项的通知》
《四川省古蔺郎酒销售有限公司2012年经销合同》,市场秩序与竞争监管,ai,True,<泛类型>,经销合同纠纷，属市场交易秩序。,消费者权益/市场秩序,(6-7) 泛型法条被AI分为具体分类'市场秩序与竞争监管'，应删除 | 原标记: <泛类型> | 法条: 《四川省古蔺郎酒销售有限公司2012年经销合同》
《四川省合同监督条例》,市场秩序与竞争监管,ai,True,<泛类型>,合同监督条例核心在规范合同交易秩序。,消费者权益/市场秩序,(6-7) 泛型法条被AI分为具体分类'市场秩序与竞争监管'，应删除 | 原标记: <泛类型> | 法条: 《四川省合同监督条例》
《四川省合同监督条例》第二十一条第一款“下列合同文本含有格式条款,市场秩序与竞争监管,ai,True,<泛类型>,合同格式条款监管，涉及消费者权益。,消费者权益/市场秩序,(6-7) 泛型法条被AI分为具体分类'市场秩序与竞争监管'，应删除 | 原标记: <泛类型> | 法条: 《四川省合同监督条例》第二十一条第一款“下列合同文本含有格式条款
《四川省合同监督条例》第二十五条,市场秩序与竞争监管,ai,True,<泛类型>,合同监督条款一般规范市场交易秩序。,消费者权益/市场秩序,(6-7) 泛型法条被AI分为具体分类'市场秩序与竞争监管'，应删除 | 原标记: <泛类型> | 法条: 《四川省合同监督条例》第二十五条
《四川省合同监督条例》第十三条第三款,市场秩序与竞争监管,ai,True,<泛类型>,合同监督条例本质规范合同交易秩序。,消费者权益/市场秩序,(6-7) 泛型法条被AI分为具体分类'市场秩序与竞争监管'，应删除 | 原标记: <泛类型> | 法条: 《四川省合同监督条例》第十三条第三款
《四川省合同监督条例》第四十五条,市场秩序与竞争监管,ai,True,<泛类型>,合同监督条例主要规范合同交易秩序。,消费者权益/市场秩序,(6-7) 泛型法条被AI分为具体分类'市场秩序与竞争监管'，应删除 | 原标记: <泛类型> | 法条: 《四川省合同监督条例》第四十五条
《四川省城乡建设行政处罚裁量权适用规定》第八条第二款第一项,建设工程与房地产,ai,True,<泛类型>,依据城乡建设处罚裁量规定，属建设领域。,建设工程,(6-5) 程序性 | 匹配模式: '行政处罚裁量权' | 法条: 《四川省城乡建设行政处罚裁量权适用规定》第八条第二款第一项
《四川省工商行政管理机关行政处罚自由裁量权实施办法》,其他,ai,True,<泛类型>,仅为程序性自由裁量规定，无法细分。,其他违法行为,(6-5) 程序性 | 匹配模式: '行政处罚自由裁量权' | 法条: 《四川省工商行政管理机关行政处罚自由裁量权实施办法》
《四川省工商行政管理规范行政处罚行政强制裁量权实施办法》,市场秩序与竞争监管,ai,True,<泛类型>,工商规范处罚，多涉市场秩序保护。,消费者权益/市场秩序,(6-7) 泛型法条被AI分为具体分类'市场秩序与竞争监管'，应删除 | 原标记: <泛类型> | 法条: 《四川省工商行政管理规范行政处罚行政强制裁量权实施办法》
《四川省房产测绘实施细则》,建设工程与房地产,ai,True,<泛类型>,《房产测绘实施细则》属房地产管理。,房地产/土地,(6-7) 泛型法条被AI分为具体分类'建设工程与房地产'，应删除 | 原标记: <泛类型> | 法条: 《四川省房产测绘实施细则》
《四川省房产测绘实施细则》第4.3条“计算一半建筑面积的范围”中第4.3.2项,建设工程与房地产,ai,True,<泛类型>,房产测绘细则内容，属房地产管理。,房地产/土地,(6-7) 泛型法条被AI分为具体分类'建设工程与房地产'，应删除 | 原标记: <泛类型> | 法条: 《四川省房产测绘实施细则》第4.3条“计算一半建筑面积的范围”中第4.3.2项
《四川省民用建筑节能管理办法》第二十六条,建设工程与房地产,ai,True,<泛类型>,建筑节能管理办法，属建设领域。,建设工程,(6-7) 泛型法条被AI分为具体分类'建设工程与房地产'，应删除 | 原标记: <泛类型> | 法条: 《四川省民用建筑节能管理办法》第二十六条
《四川省民用建筑节能管理办法》第十六条第三款,建设工程与房地产,ai,True,<泛类型>,建筑节能管理规定属建设工程领域。,建设工程,(6-7) 泛型法条被AI分为具体分类'建设工程与房地产'，应删除 | 原标记: <泛类型> | 法条: 《四川省民用建筑节能管理办法》第十六条第三款
《四川省河道采砂管理条例》第二十八条第二款,环境保护,ai,True,<泛类型>,河道采砂管理条例，属水事水资源。,水资源,(6-7) 泛型法条被AI分为具体分类'环境保护'，应删除 | 原标记: <泛类型> | 法条: 《四川省河道采砂管理条例》第二十八条第二款
《四川省社会组织年度报告及年度检查暂行办法》第十九条,未年检登记,ai,True,<泛类型>,社会组织年度报告、年检管理相关。,未年检登记,(6-5) 报告书类 | 匹配模式: '年度报告' | 法条: 《四川省社会组织年度报告及年度检查暂行办法》第十九条
《四川省规范卫生和计划生育行政处罚行政强制裁量权实施规则》第六条第一款、第二款,卫生健康,ai,True,<泛类型>,规范卫生计生行政处罚裁量权规则。,医疗卫生,(6-7) 泛型法条被AI分为具体分类'卫生健康'，应删除 | 原标记: <泛类型> | 法条: 《四川省规范卫生和计划生育行政处罚行政强制裁量权实施规则》第六条第一款、第二款
《四楼货仓布局图》,建筑使用安全,ai,True,<泛类型>,涉及楼层货仓布局及使用安全。,建筑使用安全,(6-7) 泛型法条被AI分为具体分类'建筑使用安全'，应删除 | 原标记: <泛类型> | 法条: 《四楼货仓布局图》
《回风斜井掘进作业规程》,安全生产,ai,True,<泛类型>,《作业规程》属矿山安全生产规范。,安全生产,(6-7) 泛型法条被AI分为具体分类'安全生产'，应删除 | 原标记: <泛类型> | 法条: 《回风斜井掘进作业规程》
《固体饮料》,产品质量与安全,ai,True,<泛类型>,固体饮料属食品范畴监管。,食品药品,(6-7) 泛型法条被AI分为具体分类'产品质量与安全'，应删除 | 原标记: <泛类型> | 法条: 《固体饮料》
《固定资产—机器设备清查评估明细表复印件1张》,财税与金融监管,ai,True,<泛类型>,涉及固定资产清查评估明细表。,会计/账务,(6-7) 泛型法条被AI分为具体分类'财税与金融监管'，应删除 | 原标记: <泛类型> | 法条: 《固定资产—机器设备清查评估明细表复印件1张》
《固定资产借款合同》,财税与金融监管,ai,True,<泛类型>,涉及固定资产借款合同，属信贷管理。,金融/信贷违规,(6-7) 泛型法条被AI分为具体分类'财税与金融监管'，应删除 | 原标记: <泛类型> | 法条: 《固定资产借款合同》
《固定资产投资项目情况》,统计相关,ai,True,<泛类型>,固定资产投资项目属统计范围内容。,统计相关,(6-7) 泛型法条被AI分为具体分类'统计相关'，应删除 | 原标记: <泛类型> | 法条: 《固定资产投资项目情况》
《固定资产投资项目节能审查意见》,环境保护,ai,True,<泛类型>,节能审查属节能环保管理范畴。,环境保护,(6-7) 泛型法条被AI分为具体分类'环境保护'，应删除 | 原标记: <泛类型> | 法条: 《固定资产投资项目节能审查意见》
《固定资产折旧明细表》,财税与金融监管,ai,True,<泛类型>,涉及固定资产折旧明细与会计处理相关。,会计/账务,(6-7) 泛型法条被AI分为具体分类'财税与金融监管'，应删除 | 原标记: <泛类型> | 法条: 《固定资产折旧明细表》
《固废法》第六十八条第一款第二项、第二款,环境保护,ai,True,<泛类型>,固体废物污染防治法明确属环保领域。,环境保护,(6-7) 泛型法条被AI分为具体分类'环境保护'，应删除 | 原标记: <泛类型> | 法条: 《固废法》第六十八条第一款第二项、第二款
《国务院关于修改〈征收教育费附加的暂行规定〉的决定(2005)》,财税与金融监管,ai,True,<泛类型>,教育费附加属税费征收管理事项。,税收违规,(6-7) 泛型法条被AI分为具体分类'财税与金融监管'，应删除 | 原标记: <泛类型> | 法条: 《国务院关于修改〈征收教育费附加的暂行规定〉的决定(2005)》
《国务院关于修改〈征收教育费附加的暂行规定〉的决定》,财税与金融监管,ai,True,<泛类型>,涉及教育费附加征收属税费管理。,税收违规,(6-7) 泛型法条被AI分为具体分类'财税与金融监管'，应删除 | 原标记: <泛类型> | 法条: 《国务院关于修改〈征收教育费附加的暂行规定〉的决定》
《国务院关于修改〈征收教育费附加的暂行规定〉的决定（2005）》,财税与金融监管,ai,True,<泛类型>,涉及教育费附加征收属税费领域。,税收违规,(6-7) 泛型法条被AI分为具体分类'财税与金融监管'，应删除 | 原标记: <泛类型> | 法条: 《国务院关于修改〈征收教育费附加的暂行规定〉的决定（2005）》
《国务院关于修改征收教育费附加的暂行规定的决定》,财税与金融监管,ai,True,<泛类型>,涉及教育费附加征收调整，属税费领域。,税收违规,(6-7) 泛型法条被AI分为具体分类'财税与金融监管'，应删除 | 原标记: <泛类型> | 法条: 《国务院关于修改征收教育费附加的暂行规定的决定》
《国务院关于征收教育费附加的暂行规定》,财税与金融监管,ai,True,<泛类型>,《教育费附加暂行规定》属税费征收。,税收违规,(6-7) 泛型法条被AI分为具体分类'财税与金融监管'，应删除 | 原标记: <泛类型> | 法条: 《国务院关于征收教育费附加的暂行规定》
《国务院关于征收教育费附加的暂行规定》第二条,财税与金融监管,ai,True,<泛类型>,《教育费附加规定》属税费征收管理。,税收违规,(6-7) 泛型法条被AI分为具体分类'财税与金融监管'，应删除 | 原标记: <泛类型> | 法条: 《国务院关于征收教育费附加的暂行规定》第二条
《国务院关于征收教育费附加的暂行规定》第二条、第三条,财税与金融监管,ai,True,<泛类型>,教育费附加属随税征收的政府性收费。,税收违规,(6-7) 泛型法条被AI分为具体分类'财税与金融监管'，应删除 | 原标记: <泛类型> | 法条: 《国务院关于征收教育费附加的暂行规定》第二条、第三条
《国务院关于征收教育费附加的暂行规定》第二条及,财税与金融监管,ai,True,<泛类型>,涉及教育费附加征收属税费问题。,税收违规,(6-7) 泛型法条被AI分为具体分类'财税与金融监管'，应删除 | 原标记: <泛类型> | 法条: 《国务院关于征收教育费附加的暂行规定》第二条及
《国务院关于教育费附加征收问题的紧急通知》,财税与金融监管,ai,True,<泛类型>,涉及教育费附加征收，属税费问题。,税收违规,(6-7) 泛型法条被AI分为具体分类'财税与金融监管'，应删除 | 原标记: <泛类型> | 法条: 《国务院关于教育费附加征收问题的紧急通知》
《国务院关于教育费附加征收问题的紧急通知》第一条,财税与金融监管,ai,True,<泛类型>,教育费附加属税费征收管理事项。,税收违规,(6-7) 泛型法条被AI分为具体分类'财税与金融监管'，应删除 | 原标记: <泛类型> | 法条: 《国务院关于教育费附加征收问题的紧急通知》第一条
《国务院关于筹措农村学校办学经费的通知》,*教育经费管理*,ai,True,<泛类型>,《筹措农村学校办学经费的通知》属教育经费。,*教育经费管理*,(6-6) AI分类含星号'*教育经费管理*'，分类不确定 | 法条: 《国务院关于筹措农村学校办学经费的通知》
《国务院关于职工工作时间的规定》,劳动保障,ai,True,<泛类型>,《职工工作时间规定》属劳动用工规范。,劳动保障/用工,(6-7) 泛型法条被AI分为具体分类'劳动保障'，应删除 | 原标记: <泛类型> | 法条: 《国务院关于职工工作时间的规定》
《国务院关于职工工作时间的规定》第三条,劳动保障,ai,True,<泛类型>,涉及职工工作时间管理规定。,劳动保障/用工,(6-7) 泛型法条被AI分为具体分类'劳动保障'，应删除 | 原标记: <泛类型> | 法条: 《国务院关于职工工作时间的规定》第三条
《国务院关于职工工作时间的规定》第三条,劳动保障,ai,True,<泛类型>,《职工工作时间规定》属劳动用工管理。,劳动保障/用工,(6-7) 泛型法条被AI分为具体分类'劳动保障'，应删除 | 原标记: <泛类型> | 法条: 《国务院关于职工工作时间的规定》第三条
《国务院办公厅关于运用大数据加强对市场主体服务和监管的若干意见》,网络/数据安全,ai,True,<泛类型>,《意见》核心为大数据监管与数据应用。,网络/数据安全,(6-7) 泛型法条被AI分为具体分类'网络/数据安全'，应删除 | 原标记: <泛类型> | 法条: 《国务院办公厅关于运用大数据加强对市场主体服务和监管的若干意见》
《国务院办公厅关于限制生产销售使用塑料购物袋的通知》,环境保护,ai,True,<泛类型>,限制塑料袋生产销售使用属环保管理。,环境保护,(6-7) 泛型法条被AI分为具体分类'环境保护'，应删除 | 原标记: <泛类型> | 法条: 《国务院办公厅关于限制生产销售使用塑料购物袋的通知》
《国务院办公厅转发国家发展改革委等部门关于清理规范城镇供水供电供气供暖行业收费 促进行业高质量发展意见的通知》,市场秩序与竞争监管,ai,True,<泛类型>,规范供水供电供气供暖行业收费行为。,价格/收费,(6-7) 泛型法条被AI分为具体分类'市场秩序与竞争监管'，应删除 | 原标记: <泛类型> | 法条: 《国务院办公厅转发国家发展改革委等部门关于清理规范城镇供水供电供气供暖行业收费 促进行业高质量发展意...
《国务院办公厅转发国家发展改革委等部门关于清理规范城镇供水供电供气供暖行业收费促进行业高质量发展意见的通知》,市场秩序与竞争监管,ai,True,<泛类型>,《意见》核心为规范行业收费事项。,价格/收费,(6-7) 泛型法条被AI分为具体分类'市场秩序与竞争监管'，应删除 | 原标记: <泛类型> | 法条: 《国务院办公厅转发国家发展改革委等部门关于清理规范城镇供水供电供气供暖行业收费促进行业高质量发展意见...
《国务院节能减排综合性工作方案》,环境保护,ai,True,<泛类型>,节能减排方案本质属环境保护政策。,环境保护,(6-7) 泛型法条被AI分为具体分类'环境保护'，应删除 | 原标记: <泛类型> | 法条: 《国务院节能减排综合性工作方案》
《国土资源违法行为查处工作规程》,建设工程与房地产,ai,True,<泛类型>,依据国土资源违法查处规程，属土地管理。,房地产/土地,(6-7) 泛型法条被AI分为具体分类'建设工程与房地产'，应删除 | 原标记: <泛类型> | 法条: 《国土资源违法行为查处工作规程》
《国外及港、澳、台出版物来(进)料加工印件准印证》,公共文化与传媒,ai,True,<泛类型>,涉及出版物印刷准印证管理。,公共文化与传媒,(6-7) 泛型法条被AI分为具体分类'公共文化与传媒'，应删除 | 原标记: <泛类型> | 法条: 《国外及港、澳、台出版物来(进)料加工印件准印证》
《国家企业信用信息公示系统(海南)》,市场主体与登记治理,ai,True,<泛类型>,依据国家企业信用信息公示制度相关规定。,企业信息公示,(6-7) 泛型法条被AI分为具体分类'市场主体与登记治理'，应删除 | 原标记: <泛类型> | 法条: 《国家企业信用信息公示系统(海南)》
《国家企业信用信息公示系统》,市场主体与登记治理,ai,True,<泛类型>,直指企业信用信息公示系统规定。,企业信息公示,(6-7) 泛型法条被AI分为具体分类'市场主体与登记治理'，应删除 | 原标记: <泛类型> | 法条: 《国家企业信用信息公示系统》
《国家企业信用信息公示系统信息》,市场主体与登记治理,ai,True,<泛类型>,涉及企业信息在公示系统中的违法失信。,企业信息公示,(6-7) 泛型法条被AI分为具体分类'市场主体与登记治理'，应删除 | 原标记: <泛类型> | 法条: 《国家企业信用信息公示系统信息》
《国家功勋荣誉表彰条例》第三十九条第二款及,*功勋荣誉管理*,ai,True,<泛类型>,依据国家功勋荣誉表彰管理规定。,*功勋荣誉管理*,(6-6) AI分类含星号'*功勋荣誉管理*'，分类不确定 | 法条: 《国家功勋荣誉表彰条例》第三十九条第二款及
《国家化学品分类鉴定与评估重点实验室(山东)检测鉴定报告》,安全生产,ai,True,<泛类型>,涉及化学品分类鉴定报告，属危化管理。,安全生产/危化品,(6-7) 泛型法条被AI分为具体分类'安全生产'，应删除 | 原标记: <泛类型> | 法条: 《国家化学品分类鉴定与评估重点实验室(山东)检测鉴定报告》
《国家危废名录》,环境保护,ai,True,<泛类型>,危废名录涉及危险废物环境管理。,环境保护,(6-7) 泛型法条被AI分为具体分类'环境保护'，应删除 | 原标记: <泛类型> | 法条: 《国家危废名录》
《国家危险废物名录(2021年版)》,环境保护,ai,True,<泛类型>,危险废物名录属环境保护监管。,环境保护,(6-7) 泛型法条被AI分为具体分类'环境保护'，应删除 | 原标记: <泛类型> | 法条: 《国家危险废物名录(2021年版)》
《国家危险废物名录》,环境保护,ai,True,<泛类型>,危险废物名录属于环保管理范围。,环境保护,(6-7) 泛型法条被AI分为具体分类'环境保护'，应删除 | 原标记: <泛类型> | 法条: 《国家危险废物名录》
《国家危险废物名录》第三条,环境保护,ai,True,<泛类型>,危险废物名录属环保领域规范。,环境保护,(6-7) 泛型法条被AI分为具体分类'环境保护'，应删除 | 原标记: <泛类型> | 法条: 《国家危险废物名录》第三条
《国家危险废物名录（2021年版）》,环境保护,ai,True,<泛类型>,危险废物名录适用于环保监管事项。,环境保护,(6-7) 泛型法条被AI分为具体分类'环境保护'，应删除 | 原标记: <泛类型> | 法条: 《国家危险废物名录（2021年版）》
《国家发展和改革委员会关于阶段性降低企业用电成本支持企业复工复产的通知》,市场秩序与竞争监管,ai,True,<泛类型>,涉电价优惠、电费减免政策执行。,价格/收费,(6-7) 泛型法条被AI分为具体分类'市场秩序与竞争监管'，应删除 | 原标记: <泛类型> | 法条: 《国家发展和改革委员会关于阶段性降低企业用电成本支持企业复工复产的通知》
《国家发展和改革委员会关于降低一般工商业电价有关事项的通知》,市场秩序与竞争监管,ai,True,<泛类型>,《通知》规范电价收费标准。,价格/收费,(6-7) 泛型法条被AI分为具体分类'市场秩序与竞争监管'，应删除 | 原标记: <泛类型> | 法条: 《国家发展和改革委员会关于降低一般工商业电价有关事项的通知》
《国家发展和改革委员会办公厅关于清理规范电网和转供电环节收费有关事项的通知》,市场秩序与竞争监管,ai,True,<泛类型>,规范电网和转供电环节收费行为。,价格/收费,(6-7) 泛型法条被AI分为具体分类'市场秩序与竞争监管'，应删除 | 原标记: <泛类型> | 法条: 《国家发展和改革委员会办公厅关于清理规范电网和转供电环节收费有关事项的通知》
《国家发展改革委关于延长阶段性 降低企业用电成本政策的通知》,市场秩序与竞争监管,ai,True,<泛类型>,涉电价电费政策，属价格管理。,价格/收费,(6-7) 泛型法条被AI分为具体分类'市场秩序与竞争监管'，应删除 | 原标记: <泛类型> | 法条: 《国家发展改革委关于延长阶段性 降低企业用电成本政策的通知》
《国家发展改革委关于延长阶段性降低企业用电成本政策的通知》,市场秩序与竞争监管,ai,True,<泛类型>,涉及企业用电电价、电费政策。,价格/收费,(6-7) 泛型法条被AI分为具体分类'市场秩序与竞争监管'，应删除 | 原标记: <泛类型> | 法条: 《国家发展改革委关于延长阶段性降低企业用电成本政策的通知》
《国家发展改革委关于阶段性降低企业用电成本支持企业复工复产的通知》,市场秩序与竞争监管,ai,True,<泛类型>,涉企业用电电价优惠及收费政策。,价格/收费,(6-7) 泛型法条被AI分为具体分类'市场秩序与竞争监管'，应删除 | 原标记: <泛类型> | 法条: 《国家发展改革委关于阶段性降低企业用电成本支持企业复工复产的通知》
《国家发展改革委关于阶段性降低企业用电支持企业复工复产的通知》,市场秩序与竞争监管,ai,True,<泛类型>,《通知》规范电价收费标准相关。,价格/收费,(6-7) 泛型法条被AI分为具体分类'市场秩序与竞争监管'，应删除 | 原标记: <泛类型> | 法条: 《国家发展改革委关于阶段性降低企业用电支持企业复工复产的通知》
《国家发展改革委关于降低一般工商业电价有关事项的通知》,市场秩序与竞争监管,ai,True,<泛类型>,涉及电价调整，属价格管理事项。,价格/收费,(6-7) 泛型法条被AI分为具体分类'市场秩序与竞争监管'，应删除 | 原标记: <泛类型> | 法条: 《国家发展改革委关于降低一般工商业电价有关事项的通知》
《国家发展改革委办公厅关于清理规范电网和转供电环节收费有关事项的通知的通知》,市场秩序与竞争监管,ai,True,<泛类型>,规范电网及转供电环节收费行为。,价格/收费,(6-7) 泛型法条被AI分为具体分类'市场秩序与竞争监管'，应删除 | 原标记: <泛类型> | 法条: 《国家发展改革委办公厅关于清理规范电网和转供电环节收费有关事项的通知的通知》
《国家工商总局关于自由裁量权的指导意见》,市场秩序与竞争监管,ai,True,<泛类型>,工商部门裁量指导，规范市场秩序。,消费者权益/市场秩序,(6-7) 泛型法条被AI分为具体分类'市场秩序与竞争监管'，应删除 | 原标记: <泛类型> | 法条: 《国家工商总局关于自由裁量权的指导意见》
《国家工商行政管理局关于工商行政管理机关正确行使行政处罚自由裁量权的指导意见》,其他,ai,True,<泛类型>,仅为执法裁量指导性文件，无具体领域。,其他违法行为,(6-5) 程序性 | 匹配模式: '行政处罚自由裁量权' | 法条: 《国家工商行政管理局关于工商行政管理机关正确行使行政处罚自由裁量权的指导意见》
《国家工商行政管理总局关于工商行政管理局机关正确行使行政处罚自由裁量权的指导意见》,其他,ai,True,<泛类型>,仅为裁量指导性规范，无法细分。,其他违法行为,(6-5) 程序性 | 匹配模式: '行政处罚自由裁量权' | 法条: 《国家工商行政管理总局关于工商行政管理局机关正确行使行政处罚自由裁量权的指导意见》
《国家工商行政管理总局关于工商行政管理机关正确行使行政处罚自由裁量权的指导意见》,其他,ai,True,<泛类型>,仅为裁量权指导性文件，未指向具体领域。,其他违法行为,(6-5) 程序性 | 匹配模式: '行政处罚自由裁量权' | 法条: 《国家工商行政管理总局关于工商行政管理机关正确行使行政处罚自由裁量权的指导意见》
《国家工商行政管理总局关于正确行使行政处罚自由裁量权的指导意见》,其他,ai,True,<泛类型>,《指导意见》属程序规范，无具体违法态样。,其他违法行为,(6-5) 程序性 | 匹配模式: '行政处罚自由裁量权' | 法条: 《国家工商行政管理总局关于正确行使行政处罚自由裁量权的指导意见》
《国家技术监督局、国内贸易部、国家工商行政管理局零售商品称重计量监督规定》第十条、第十五条第（一）项,计量/器具,ai,True,<泛类型>,涉及零售商品称重计量监督管理。,计量/器具,(6-7) 泛型法条被AI分为具体分类'计量/器具'，应删除 | 原标记: <泛类型> | 法条: 《国家技术监督局、国内贸易部、国家工商行政管理局零售商品称重计量监督规定》第十条、第十五条第（一）项
《国家纺织产品技术规范》,产品质量与安全,ai,True,<泛类型>,《国家纺织产品技术规范》属产品质量标准。,产品质量,(6-7) 泛型法条被AI分为具体分类'产品质量与安全'，应删除 | 原标记: <泛类型> | 法条: 《国家纺织产品技术规范》
《国家药包材标准》,产品质量与安全,ai,True,<泛类型>,《国家药包材标准》属药品管理规范。,食品药品,(6-7) 泛型法条被AI分为具体分类'产品质量与安全'，应删除 | 原标记: <泛类型> | 法条: 《国家药包材标准》
《国家鼓励发展的内外资项目确认书》,海关/进出口,ai,True,<泛类型>,涉及内外资项目及对外贸易管理。,海关/进出口,(6-7) 泛型法条被AI分为具体分类'海关/进出口'，应删除 | 原标记: <泛类型> | 法条: 《国家鼓励发展的内外资项目确认书》
《国技仪器采样数据EM-3088》,*仪器数据管理*,ai,True,<泛类型>,标题涉及仪器采样数据管理规范。,*仪器数据管理*,(6-6) AI分类含星号'*仪器数据管理*'，分类不确定 | 法条: 《国技仪器采样数据EM-3088》
《国有建设用地使用权出让合同》,建设工程与房地产,ai,True,<泛类型>,涉及国有建设用地使用权出让合同。,房地产/土地,(6-7) 泛型法条被AI分为具体分类'建设工程与房地产'，应删除 | 原标记: <泛类型> | 法条: 《国有建设用地使用权出让合同》
《国标GB18285-2018》,环境保护,ai,True,<泛类型>,机动车排放污染物检测标准，属环保。,环境保护,(6-7) 泛型法条被AI分为具体分类'环境保护'，应删除 | 原标记: <泛类型> | 法条: 《国标GB18285-2018》
《图片》,安全生产,ai,True,<泛类型>,引用危险化学品安全管理条例相关条款。,安全生产/危化品,(6-7) 泛型法条被AI分为具体分类'安全生产'，应删除 | 原标记: <泛类型> | 法条: 《图片》
《土壤法》第59条,环境保护,ai,True,<泛类型>,土壤法规范土壤污染防治，属环保领域。,环境保护,(6-7) 泛型法条被AI分为具体分类'环境保护'，应删除 | 原标记: <泛类型> | 法条: 《土壤法》第59条
《土方开挖分包合同》,建设工程与房地产,ai,True,<泛类型>,土方开挖施工分包合同，属建设工程。,建设工程,(6-7) 泛型法条被AI分为具体分类'建设工程与房地产'，应删除 | 原标记: <泛类型> | 法条: 《土方开挖分包合同》
《地质灾害危险性评估》,建设工程与房地产,ai,True,<泛类型>,地质灾害危险性评估属建设工程管理。,建设工程,(6-7) 泛型法条被AI分为具体分类'建设工程与房地产'，应删除 | 原标记: <泛类型> | 法条: 《地质灾害危险性评估》
《地铁保护区非地铁项目现场交底表》,建设工程与房地产,ai,True,<泛类型>,涉及地铁保护区内工程建设管理。,建设工程,(6-7) 泛型法条被AI分为具体分类'建设工程与房地产'，应删除 | 原标记: <泛类型> | 法条: 《地铁保护区非地铁项目现场交底表》
《坪山区坑梓街道宝梓南路5号“3·3”一般机械伤害死亡事故技术分析报告》,安全生产,ai,True,<泛类型>,机械伤害死亡事故，典型安全生产问题。,安全生产,(6-7) 泛型法条被AI分为具体分类'安全生产'，应删除 | 原标记: <泛类型> | 法条: 《坪山区坑梓街道宝梓南路5号“3·3”一般机械伤害死亡事故技术分析报告》
《坪山区坑梓街道宝梓南路5号“3·3”一般机械伤害死亡事故调查报告》,安全生产,ai,True,<泛类型>,“机械伤害死亡事故”属生产安全事故。,安全生产,(6-7) 泛型法条被AI分为具体分类'安全生产'，应删除 | 原标记: <泛类型> | 法条: 《坪山区坑梓街道宝梓南路5号“3·3”一般机械伤害死亡事故调查报告》
《坪山区坪山街道佳华领悦广场“7·17”高处坠落死亡事故调查报告》,安全生产,ai,True,<泛类型>,“高处坠落死亡事故”典型安全生产事故。,安全生产,(6-7) 泛型法条被AI分为具体分类'安全生产'，应删除 | 原标记: <泛类型> | 法条: 《坪山区坪山街道佳华领悦广场“7·17”高处坠落死亡事故调查报告》
《城乡个体工商户管理暂行条例》第七条第一款,市场主体与登记治理,ai,True,<泛类型>,条文核心规制个体工商户登记行为。,无照经营/登记问题,(6-7) 泛型法条被AI分为具体分类'市场主体与登记治理'，应删除 | 原标记: <泛类型> | 法条: 《城乡个体工商户管理暂行条例》第七条第一款
《城乡个体工商户管理暂行条例》第二十二条第一款和,市场主体与登记治理,ai,True,<泛类型>,依据个体工商户管理条例处罚登记问题。,无照经营/登记问题,(6-7) 泛型法条被AI分为具体分类'市场主体与登记治理'，应删除 | 原标记: <泛类型> | 法条: 《城乡个体工商户管理暂行条例》第二十二条第一款和
《城乡个体工商户管理暂行条例实施细则》第十五条,市场主体与登记治理,ai,True,<泛类型>,该条例细则主要规范个体工商户登记。,无照经营/登记问题,(6-7) 泛型法条被AI分为具体分类'市场主体与登记治理'，应删除 | 原标记: <泛类型> | 法条: 《城乡个体工商户管理暂行条例实施细则》第十五条
《城市供用水合同》,环境保护,ai,True,<泛类型>,涉及城市供用水合同管理与使用。,水资源,(6-7) 泛型法条被AI分为具体分类'环境保护'，应删除 | 原标记: <泛类型> | 法条: 《城市供用水合同》
《城市供用水合同》第四条第三项,环境保护,ai,True,<泛类型>,城市供用水合同属水资源管理。,水资源,(6-7) 泛型法条被AI分为具体分类'环境保护'，应删除 | 原标记: <泛类型> | 法条: 《城市供用水合同》第四条第三项
《城市商品房预售管理办法》,建设工程与房地产,ai,True,<泛类型>,依据商品房预售管理办法，属房地产业。,房地产/土地,(6-7) 泛型法条被AI分为具体分类'建设工程与房地产'，应删除 | 原标记: <泛类型> | 法条: 《城市商品房预售管理办法》
《城市商品房预售管理办法》第131号)第十一条,建设工程与房地产,ai,True,<泛类型>,商品房预售管理办法属房地产领域。,房地产/土地,(6-7) 泛型法条被AI分为具体分类'建设工程与房地产'，应删除 | 原标记: <泛类型> | 法条: 《城市商品房预售管理办法》第131号)第十一条
《城市商品房预售管理办法》第131号)第十四条,建设工程与房地产,ai,True,<泛类型>,《城市商品房预售管理办法》属于房地产管理。,房地产/土地,(6-7) 泛型法条被AI分为具体分类'建设工程与房地产'，应删除 | 原标记: <泛类型> | 法条: 《城市商品房预售管理办法》第131号)第十四条
《城市商品房预售管理办法》第十一条,建设工程与房地产,ai,True,<泛类型>,商品房预售管理办法属房地产领域。,房地产/土地,(6-7) 泛型法条被AI分为具体分类'建设工程与房地产'，应删除 | 原标记: <泛类型> | 法条: 《城市商品房预售管理办法》第十一条
《城市商品房预售管理办法》第十一条、原,建设工程与房地产,ai,True,<泛类型>,《城市商品房预售管理办法》属房地产领域。,房地产/土地,(6-7) 泛型法条被AI分为具体分类'建设工程与房地产'，应删除 | 原标记: <泛类型> | 法条: 《城市商品房预售管理办法》第十一条、原
《城市商品房预售管理办法》第十一条第一款:开发企业预售商品房所得款项,建设工程与房地产,ai,True,<泛类型>,《城市商品房预售管理办法》属房地产领域。,房地产/土地,(6-7) 泛型法条被AI分为具体分类'建设工程与房地产'，应删除 | 原标记: <泛类型> | 法条: 《城市商品房预售管理办法》第十一条第一款:开发企业预售商品房所得款项
《城市商品房预售管理办法》第十四条,建设工程与房地产,ai,True,<泛类型>,规范城市商品房预售行为相关。,房地产/土地,(6-7) 泛型法条被AI分为具体分类'建设工程与房地产'，应删除 | 原标记: <泛类型> | 法条: 《城市商品房预售管理办法》第十四条
《城市商品房预售管理办法》第十四条:开发企业不按规定使用商品房预售款项,建设工程与房地产,ai,True,<泛类型>,商品房预售款使用违规属房地产领域。,房地产/土地,(6-7) 泛型法条被AI分为具体分类'建设工程与房地产'，应删除 | 原标记: <泛类型> | 法条: 《城市商品房预售管理办法》第十四条:开发企业不按规定使用商品房预售款项
《城市建筑拉圾管理规定》第七条第一款,环境保护,ai,True,<泛类型>,建筑垃圾管理本质属环境管理。,环境保护,(6-7) 泛型法条被AI分为具体分类'环境保护'，应删除 | 原标记: <泛类型> | 法条: 《城市建筑拉圾管理规定》第七条第一款
《城市房地开发经营管理条例》第七条,建设工程与房地产,ai,True,<泛类型>,根据城市房地产开发经营法规内容。,房地产/土地,(6-7) 泛型法条被AI分为具体分类'建设工程与房地产'，应删除 | 原标记: <泛类型> | 法条: 《城市房地开发经营管理条例》第七条
《城市绿线管理办法》第十二条第一款,环境保护,ai,True,<泛类型>,城市绿线属城市绿化生态环境管理。,环境保护,(6-7) 泛型法条被AI分为具体分类'环境保护'，应删除 | 原标记: <泛类型> | 法条: 《城市绿线管理办法》第十二条第一款
《基坑支护设计总说明(三)》,建设工程与房地产,ai,True,<泛类型>,《基坑支护设计》属建设工程规范。,建设工程,(6-7) 泛型法条被AI分为具体分类'建设工程与房地产'，应删除 | 原标记: <泛类型> | 法条: 《基坑支护设计总说明(三)》
《基坑支护设计总说明(三)》第10.1条,建设工程与房地产,ai,True,<泛类型>,《基坑支护设计总说明》属建设工程规范。,建设工程,(6-7) 泛型法条被AI分为具体分类'建设工程与房地产'，应删除 | 原标记: <泛类型> | 法条: 《基坑支护设计总说明(三)》第10.1条
《基坑设计总说明(四)》,建设工程与房地产,ai,True,<泛类型>,基坑设计属建筑工程领域规范。,建设工程,(6-7) 泛型法条被AI分为具体分类'建设工程与房地产'，应删除 | 原标记: <泛类型> | 法条: 《基坑设计总说明(四)》
《基坑设计总说明(四)》第十条第1项,建设工程与房地产,ai,True,<泛类型>,基坑设计规范内容，属建设工程管理。,建设工程,(6-7) 泛型法条被AI分为具体分类'建设工程与房地产'，应删除 | 原标记: <泛类型> | 法条: 《基坑设计总说明(四)》第十条第1项
《基层群众性自治组织特别法人统一社会信用代码证》,市场主体与登记治理,ai,True,<泛类型>,涉及统一社会信用代码证管理相关。,企业信息公示,(6-7) 泛型法条被AI分为具体分类'市场主体与登记治理'，应删除 | 原标记: <泛类型> | 法条: 《基层群众性自治组织特别法人统一社会信用代码证》
《基本农田保护条例》,建设工程与房地产,ai,True,<泛类型>,依据基本农田保护规定，属土地管理。,房地产/土地,(6-7) 泛型法条被AI分为具体分类'建设工程与房地产'，应删除 | 原标记: <泛类型> | 法条: 《基本农田保护条例》
《基本农田保护条例》第三十三条,建设工程与房地产,ai,True,<泛类型>,基本农田保护属土地管理范畴。,房地产/土地,(6-7) 泛型法条被AI分为具体分类'建设工程与房地产'，应删除 | 原标记: <泛类型> | 法条: 《基本农田保护条例》第三十三条
《基本农田保护条例》第三十三条“违反本条,建设工程与房地产,ai,True,<泛类型>,基本农田保护涉及土地用途管理。,房地产/土地,(6-7) 泛型法条被AI分为具体分类'建设工程与房地产'，应删除 | 原标记: <泛类型> | 法条: 《基本农田保护条例》第三十三条“违反本条
《基本农田保护条例》第三十三条：“违反本条,建设工程与房地产,ai,True,<泛类型>,基本农田保护本质属土地管理。,房地产/土地,(6-7) 泛型法条被AI分为具体分类'建设工程与房地产'，应删除 | 原标记: <泛类型> | 法条: 《基本农田保护条例》第三十三条：“违反本条
《基本农田保护条例》第三十条“违反本条,建设工程与房地产,ai,True,<泛类型>,基本农田属土地管理范畴。,房地产/土地,(6-7) 泛型法条被AI分为具体分类'建设工程与房地产'，应删除 | 原标记: <泛类型> | 法条: 《基本农田保护条例》第三十条“违反本条
《基本农田保护条例》第十七条,建设工程与房地产,ai,True,<泛类型>,基本农田属土地管理范畴。,房地产/土地,(6-7) 泛型法条被AI分为具体分类'建设工程与房地产'，应删除 | 原标记: <泛类型> | 法条: 《基本农田保护条例》第十七条
《基本农田保护条例》第十七条,建设工程与房地产,ai,True,<泛类型>,基本农田属土地管理范围。,房地产/土地,(6-7) 泛型法条被AI分为具体分类'建设工程与房地产'，应删除 | 原标记: <泛类型> | 法条: 《基本农田保护条例》第十七条
《基本农田保护条例》第十七条第一款,建设工程与房地产,ai,True,<泛类型>,基本农田属土地管理范畴。,房地产/土地,(6-7) 泛型法条被AI分为具体分类'建设工程与房地产'，应删除 | 原标记: <泛类型> | 法条: 《基本农田保护条例》第十七条第一款
《塑料节水灌溉器材 第3部分：内镶式滴灌管及滴灌带》,环境保护,ai,True,<泛类型>,节水灌溉器材标准，属水资源管理。,水资源,(6-7) 泛型法条被AI分为具体分类'环境保护'，应删除 | 原标记: <泛类型> | 法条: 《塑料节水灌溉器材 第3部分：内镶式滴灌管及滴灌带》
《塑料购物袋》,环境保护,ai,True,<泛类型>,塑料购物袋管理一般归入环保监管。,环境保护,(6-7) 泛型法条被AI分为具体分类'环境保护'，应删除 | 原标记: <泛类型> | 法条: 《塑料购物袋》
《墓地、墓碑购销合同》,消费者权益/市场秩序,ai,True,<泛类型>,墓地墓碑购销合同属消费合同纠纷。,消费者权益纠纷,(6-7) 泛型法条被AI分为具体分类'消费者权益/市场秩序'，应删除 | 原标记: <泛类型> | 法条: 《墓地、墓碑购销合同》
《墙纸买卖合同》,消费者权益/市场秩序,ai,True,<泛类型>,买卖合同纠纷，属消费交易问题。,消费者权益纠纷,(6-7) 泛型法条被AI分为具体分类'消费者权益/市场秩序'，应删除 | 原标记: <泛类型> | 法条: 《墙纸买卖合同》
《处州晚报》,公共文化与传媒,ai,True,<泛类型>,《处州晚报》属新闻传媒领域。,公共文化与传媒,(6-7) 泛型法条被AI分为具体分类'公共文化与传媒'，应删除 | 原标记: <泛类型> | 法条: 《处州晚报》
《复合材料保温板外墙外保温系统应用技术规程》,建设工程与房地产,ai,True,<泛类型>,建筑外墙保温系统技术规程，属工程建设。,建设工程,(6-7) 泛型法条被AI分为具体分类'建设工程与房地产'，应删除 | 原标记: <泛类型> | 法条: 《复合材料保温板外墙外保温系统应用技术规程》
《复合肥》,产品质量与安全,ai,True,<泛类型>,《复合肥》涉及产品质量标准规范。,产品质量,(6-7) 泛型法条被AI分为具体分类'产品质量与安全'，应删除 | 原标记: <泛类型> | 法条: 《复合肥》
《复合调味料》,产品质量与安全,ai,True,<泛类型>,复合调味料属食品范畴管理。,食品药品,(6-7) 泛型法条被AI分为具体分类'产品质量与安全'，应删除 | 原标记: <泛类型> | 法条: 《复合调味料》
《夏津县人民政府关于山东省保时通信息网络有限公司德州分公司“6.27”一般高处坠落事故调查报告的批复》,安全生产,ai,True,<泛类型>,“高处坠落事故”典型安全生产事故。,安全生产,(6-7) 泛型法条被AI分为具体分类'安全生产'，应删除 | 原标记: <泛类型> | 法条: 《夏津县人民政府关于山东省保时通信息网络有限公司德州分公司“6.27”一般高处坠落事故调查报告的批复...
《外加工合同》,海关/进出口,ai,True,<泛类型>,《外加工合同》属加工贸易及进出口管理。,海关/进出口,(6-7) 泛型法条被AI分为具体分类'海关/进出口'，应删除 | 原标记: <泛类型> | 法条: 《外加工合同》
《外商投资企业办事机构注册证》,市场主体与登记治理,ai,True,<泛类型>,涉及外资办事机构登记注册证管理。,无照经营/登记问题,(6-7) 泛型法条被AI分为具体分类'市场主体与登记治理'，应删除 | 原标记: <泛类型> | 法条: 《外商投资企业办事机构注册证》
《外墙保温材料买卖合同》,市场秩序与竞争监管,ai,True,<泛类型>,买卖合同纠纷，属市场交易秩序。,消费者权益/市场秩序,(6-7) 泛型法条被AI分为具体分类'市场秩序与竞争监管'，应删除 | 原标记: <泛类型> | 法条: 《外墙保温材料买卖合同》
《外壳防护等级（IP代码）》,产品质量与安全,ai,True,<泛类型>,《外壳防护等级》属产品技术标准。,产品质量,(6-7) 泛型法条被AI分为具体分类'产品质量与安全'，应删除 | 原标记: <泛类型> | 法条: 《外壳防护等级（IP代码）》
《外观设计专利证书》,侵犯商标/知识产权,ai,True,<泛类型>,外观设计专利属于知识产权范畴。,侵犯商标/知识产权,(6-7) 泛型法条被AI分为具体分类'侵犯商标/知识产权'，应删除 | 原标记: <泛类型> | 法条: 《外观设计专利证书》
《大同市云冈区市场监督管理局关于拟吊销企业营业执照行政处罚听证告知的公告》,市场主体与登记治理,ai,True,<泛类型>,拟吊销营业执照，属登记管理问题。,无照经营/登记问题,(6-7) 泛型法条被AI分为具体分类'市场主体与登记治理'，应删除 | 原标记: <泛类型> | 法条: 《大同市云冈区市场监督管理局关于拟吊销企业营业执照行政处罚听证告知的公告》
《大同晚报》,公共文化与传媒,ai,True,<泛类型>,《大同晚报》属报纸媒体出版领域。,公共文化与传媒,(6-7) 泛型法条被AI分为具体分类'公共文化与传媒'，应删除 | 原标记: <泛类型> | 法条: 《大同晚报》
《大巷煤柱西综放工作面采煤作业规程》,安全生产,ai,True,<泛类型>,煤矿采煤作业规程属安全生产规范。,安全生产,(6-7) 泛型法条被AI分为具体分类'安全生产'，应删除 | 原标记: <泛类型> | 法条: 《大巷煤柱西综放工作面采煤作业规程》
《大流量低浓度烟尘/气测试仪》,计量/器具,ai,True,<泛类型>,涉及测试仪器计量技术规范。,计量/器具,(6-7) 泛型法条被AI分为具体分类'计量/器具'，应删除 | 原标记: <泛类型> | 法条: 《大流量低浓度烟尘/气测试仪》
《大连市公安局甘井子分局讯问笔录(战庆瑜)》,治安管理,ai,True,<泛类型>,公安分局讯问笔录，多涉治安案件。,治安管理,(6-7) 泛型法条被AI分为具体分类'治安管理'，应删除 | 原标记: <泛类型> | 法条: 《大连市公安局甘井子分局讯问笔录(战庆瑜)》
《大连市城市供热管理条例》,*城市供热管理*,ai,True,<泛类型>,依据《城市供热管理条例》设定。,*城市供热管理*,(6-6) AI分类含星号'*城市供热管理*'，分类不确定 | 法条: 《大连市城市供热管理条例》
《大连晚报》,公共文化与传媒,ai,True,<泛类型>,《大连晚报》属新闻传媒领域。,公共文化与传媒,(6-7) 泛型法条被AI分为具体分类'公共文化与传媒'，应删除 | 原标记: <泛类型> | 法条: 《大连晚报》
《大连经济技术开发区嘉盛气体有限公司》,安全生产,ai,True,<泛类型>,企业名称含“气体”疑涉危化品安全。,安全生产/危化品,(6-7) 泛型法条被AI分为具体分类'安全生产'，应删除 | 原标记: <泛类型> | 法条: 《大连经济技术开发区嘉盛气体有限公司》
《天水经济技术开发区管理委员会关于天水经济发展有限责任公司限价商品房价及低价核定情况的批复》,建设工程与房地产,ai,True,<泛类型>,涉及限价商品住房价格核定事项。,房地产/土地,(6-7) 泛型法条被AI分为具体分类'建设工程与房地产'，应删除 | 原标记: <泛类型> | 法条: 《天水经济技术开发区管理委员会关于天水经济发展有限责任公司限价商品房价及低价核定情况的批复》
《天津市商品房管理条例》第三十八条,建设工程与房地产,ai,True,<泛类型>,商品房管理条例属房地产领域。,房地产/土地,(6-7) 泛型法条被AI分为具体分类'建设工程与房地产'，应删除 | 原标记: <泛类型> | 法条: 《天津市商品房管理条例》第三十八条
《天津市商品房管理条例》第十六条,建设工程与房地产,ai,True,<泛类型>,商品房管理条例属房地产领域。,房地产/土地,(6-7) 泛型法条被AI分为具体分类'建设工程与房地产'，应删除 | 原标记: <泛类型> | 法条: 《天津市商品房管理条例》第十六条
《天津市统计行政处罚裁量实施细则》第十六条、第六条第四款规定,统计相关,ai,True,<泛类型>,直接依据统计行政处罚实施细则。,统计相关,(6-7) 泛型法条被AI分为具体分类'统计相关'，应删除 | 原标记: <泛类型> | 法条: 《天津市统计行政处罚裁量实施细则》第十六条、第六条第四款规定
《天津日报》,公共文化与传媒,ai,True,<泛类型>,报纸媒体出版发行相关领域。,公共文化与传媒,(6-7) 泛型法条被AI分为具体分类'公共文化与传媒'，应删除 | 原标记: <泛类型> | 法条: 《天津日报》
《天津铁厂有限公司炼铁厂四高炉“4·4”机械伤害一般事故调查报告》,安全生产,ai,True,<泛类型>,“机械伤害一般事故”属生产安全事故。,安全生产,(6-7) 泛型法条被AI分为具体分类'安全生产'，应删除 | 原标记: <泛类型> | 法条: 《天津铁厂有限公司炼铁厂四高炉“4·4”机械伤害一般事故调查报告》
《天然气供气、用气合同》,燃气安全,ai,True,<泛类型>,《天然气供气、用气合同》属燃气领域管理。,燃气安全,(6-7) 泛型法条被AI分为具体分类'燃气安全'，应删除 | 原标记: <泛类型> | 法条: 《天然气供气、用气合同》
《天然气供用合同》,燃气安全,ai,True,<泛类型>,《天然气供用合同》涉及燃气供用管理。,燃气安全,(6-7) 泛型法条被AI分为具体分类'燃气安全'，应删除 | 原标记: <泛类型> | 法条: 《天然气供用合同》
《天然气供用气合同》,燃气安全,ai,True,<泛类型>,《天然气供用气合同》属燃气领域管理。,燃气安全,(6-7) 泛型法条被AI分为具体分类'燃气安全'，应删除 | 原标记: <泛类型> | 法条: 《天然气供用气合同》
《天然气共用气合同》,燃气安全,ai,True,<泛类型>,涉及天然气供应使用合同管理。,燃气安全,(6-7) 泛型法条被AI分为具体分类'燃气安全'，应删除 | 原标记: <泛类型> | 法条: 《天然气共用气合同》
《天然气用户供用气合同》,燃气安全,ai,True,<泛类型>,《天然气用户供用气合同》属燃气管理领域。,燃气安全,(6-7) 泛型法条被AI分为具体分类'燃气安全'，应删除 | 原标记: <泛类型> | 法条: 《天然气用户供用气合同》
《天然气用户供用气合同》第七条第8项,燃气安全,ai,True,<泛类型>,天然气供用气合同条款，属燃气管理。,燃气安全,(6-7) 泛型法条被AI分为具体分类'燃气安全'，应删除 | 原标记: <泛类型> | 法条: 《天然气用户供用气合同》第七条第8项
《天然气用户供用气合同》第六条第4项,燃气安全,ai,True,<泛类型>,供用气合同条款涉及燃气使用安全。,燃气安全,(6-7) 泛型法条被AI分为具体分类'燃气安全'，应删除 | 原标记: <泛类型> | 法条: 《天然气用户供用气合同》第六条第4项
《天然气用户供用气合同》第四条第5项,燃气安全,ai,True,<泛类型>,属于天然气供用气合同约定事项。,燃气安全,(6-7) 泛型法条被AI分为具体分类'燃气安全'，应删除 | 原标记: <泛类型> | 法条: 《天然气用户供用气合同》第四条第5项
《天猫服务协议》,网络市场交易/市场秩序,ai,True,<泛类型>,电商平台服务协议规范网络交易秩序。,网络市场交易/市场秩序,(6-7) 泛型法条被AI分为具体分类'网络市场交易/市场秩序'，应删除 | 原标记: <泛类型> | 法条: 《天猫服务协议》
《天都城沁源公寓开发商建设不合理需整改诉求书》,建筑使用安全,ai,True,<泛类型>,公寓建设存在不合理影响使用安全。,建筑使用安全,(6-7) 泛型法条被AI分为具体分类'建筑使用安全'，应删除 | 原标记: <泛类型> | 法条: 《天都城沁源公寓开发商建设不合理需整改诉求书》
《太原茂业天地前期物业服务协议》,建设工程与房地产,ai,True,<泛类型>,系物业服务协议，涉房地产管理。,房地产/土地,(6-7) 泛型法条被AI分为具体分类'建设工程与房地产'，应删除 | 原标记: <泛类型> | 法条: 《太原茂业天地前期物业服务协议》
《太原茂业天地前期物业服务协议》第四条,建设工程与房地产,ai,True,<泛类型>,《物业服务协议》系房地产管理范畴。,房地产/土地,(6-7) 泛型法条被AI分为具体分类'建设工程与房地产'，应删除 | 原标记: <泛类型> | 法条: 《太原茂业天地前期物业服务协议》第四条
《太平人寿吉林分公司关于现场检查意见整改情况的报告》,财税与金融监管,ai,True,<泛类型>,人寿保险公司整改报告，属金融领域。,金融/信贷违规,(6-7) 泛型法条被AI分为具体分类'财税与金融监管'，应删除 | 原标记: <泛类型> | 法条: 《太平人寿吉林分公司关于现场检查意见整改情况的报告》
《太平人寿吉林分公司关于给予刘某等人的处罚决定》,财税与金融监管,ai,True,<泛类型>,保险公司内部处罚，属金融领域。,金融/信贷违规,(6-7) 泛型法条被AI分为具体分类'财税与金融监管'，应删除 | 原标记: <泛类型> | 法条: 《太平人寿吉林分公司关于给予刘某等人的处罚决定》
《委托保证(担保)合同》,财税与金融监管,ai,True,<泛类型>,涉及委托担保合同，属信贷领域。,金融/信贷违规,(6-7) 泛型法条被AI分为具体分类'财税与金融监管'，应删除 | 原标记: <泛类型> | 法条: 《委托保证(担保)合同》
《委托出租/出售协议》,建设工程与房地产,ai,True,<泛类型>,涉及房屋委托出租出售协议内容。,房地产/土地,(6-7) 泛型法条被AI分为具体分类'建设工程与房地产'，应删除 | 原标记: <泛类型> | 法条: 《委托出租/出售协议》
《威海市文登区威海市华塔建筑机械有限公司“1·31”一般物体打击事故调查报告》,安全生产,ai,True,<泛类型>,“物体打击事故调查报告”典型生产安全事故。,安全生产,(6-7) 泛型法条被AI分为具体分类'安全生产'，应删除 | 原标记: <泛类型> | 法条: 《威海市文登区威海市华塔建筑机械有限公司“1·31”一般物体打击事故调查报告》
《娄底市住房和城乡建设局(市人民防空办公室)》,建设工程与房地产,ai,True,<泛类型>,主体为住建局，人防工程领域监管。,建设工程,(6-7) 泛型法条被AI分为具体分类'建设工程与房地产'，应删除 | 原标记: <泛类型> | 法条: 《娄底市住房和城乡建设局(市人民防空办公室)》
《存单质押合同》,财税与金融监管,ai,True,<泛类型>,《存单质押合同》属金融信贷业务。,金融/信贷违规,(6-7) 泛型法条被AI分为具体分类'财税与金融监管'，应删除 | 原标记: <泛类型> | 法条: 《存单质押合同》
《孝财、杨帆、孝忠经济开发区茶叶公司地价款问题及温州育英房开公司股份协议书》,建设工程与房地产,ai,True,<泛类型>,涉及地价款及房开公司股份协议。,房地产/土地,(6-7) 泛型法条被AI分为具体分类'建设工程与房地产'，应删除 | 原标记: <泛类型> | 法条: 《孝财、杨帆、孝忠经济开发区茶叶公司地价款问题及温州育英房开公司股份协议书》
《宁夏回族自治区人民政府关于征收水利建设基金的通知》,环境保护,ai,True,<泛类型>,《水利建设基金》属水利水资源领域。,水资源,(6-7) 泛型法条被AI分为具体分类'环境保护'，应删除 | 原标记: <泛类型> | 法条: 《宁夏回族自治区人民政府关于征收水利建设基金的通知》
《宁夏回族自治区地方教育附加征收使用管理办法》第三条,财税与金融监管,ai,True,<泛类型>,涉及教育附加征收管理，属税费征收。,税收违规,(6-7) 泛型法条被AI分为具体分类'财税与金融监管'，应删除 | 原标记: <泛类型> | 法条: 《宁夏回族自治区地方教育附加征收使用管理办法》第三条
"《宁夏回族自治区地方教育附加征收使用管理办法》第三条,",财税与金融监管,ai,True,<泛类型>,地方教育附加属税费征收管理问题。,税收违规,"(6-7) 泛型法条被AI分为具体分类'财税与金融监管'，应删除 | 原标记: <泛类型> | 法条: 《宁夏回族自治区地方教育附加征收使用管理办法》第三条,"
《宁夏回族自治区建筑管理条例(2015年5月20日修正)》,建设工程与房地产,ai,True,<泛类型>,建筑管理条例内容，属建设活动监管。,建设工程,(6-7) 泛型法条被AI分为具体分类'建设工程与房地产'，应删除 | 原标记: <泛类型> | 法条: 《宁夏回族自治区建筑管理条例(2015年5月20日修正)》
《宁夏回族自治区建筑管理条例(2015年5月20日修正)》第二十六条,建设工程与房地产,ai,True,<泛类型>,建筑管理条例调整建筑活动行为。,建设工程,(6-7) 泛型法条被AI分为具体分类'建设工程与房地产'，应删除 | 原标记: <泛类型> | 法条: 《宁夏回族自治区建筑管理条例(2015年5月20日修正)》第二十六条
《宁夏回族自治区建筑管理条例》第五十七条,建设工程与房地产,ai,True,<泛类型>,建筑管理条例内容，属建设领域。,建设工程,(6-7) 泛型法条被AI分为具体分类'建设工程与房地产'，应删除 | 原标记: <泛类型> | 法条: 《宁夏回族自治区建筑管理条例》第五十七条
《宁夏回族自治区建筑管理条例》第五十七条,建设工程与房地产,ai,True,<泛类型>,依据建筑管理条例，属建设活动管理。,建设工程,(6-7) 泛型法条被AI分为具体分类'建设工程与房地产'，应删除 | 原标记: <泛类型> | 法条: 《宁夏回族自治区建筑管理条例》第五十七条
《宁夏回族自治区建筑管理条例》第五十七条之规定“责令改正,建设工程与房地产,ai,True,<泛类型>,《建筑管理条例》属建设工程领域。,建设工程,(6-7) 泛型法条被AI分为具体分类'建设工程与房地产'，应删除 | 原标记: <泛类型> | 法条: 《宁夏回族自治区建筑管理条例》第五十七条之规定“责令改正
《宁夏回族自治区建筑管理条例》第五十七条第一款:违反本条例第十一条、第十二条第二款,建设工程与房地产,ai,True,<泛类型>,依据建筑管理条例，属建设活动违法。,建设工程,(6-7) 泛型法条被AI分为具体分类'建设工程与房地产'，应删除 | 原标记: <泛类型> | 法条: 《宁夏回族自治区建筑管理条例》第五十七条第一款:违反本条例第十一条、第十二条第二款
《宁夏回族自治区建筑管理条例》第五十七条规定和,建设工程与房地产,ai,True,<泛类型>,依据地方建筑管理条例属建设工程类。,建设工程,(6-7) 泛型法条被AI分为具体分类'建设工程与房地产'，应删除 | 原标记: <泛类型> | 法条: 《宁夏回族自治区建筑管理条例》第五十七条规定和
《宁夏回族自治区建筑管理条例》第十二条,建设工程与房地产,ai,True,<泛类型>,《建筑管理条例》属工程建设领域。,建设工程,(6-7) 泛型法条被AI分为具体分类'建设工程与房地产'，应删除 | 原标记: <泛类型> | 法条: 《宁夏回族自治区建筑管理条例》第十二条
《宁夏回族自治区建筑管理条例》第十二条第一款,建设工程与房地产,ai,True,<泛类型>,《建筑管理条例》直接对应建设工程。,建设工程,(6-7) 泛型法条被AI分为具体分类'建设工程与房地产'，应删除 | 原标记: <泛类型> | 法条: 《宁夏回族自治区建筑管理条例》第十二条第一款
《宁夏回族自治区建筑管理条例》第十二条第一款规定和,建设工程与房地产,ai,True,<泛类型>,《建筑管理条例》直指建设活动。,建设工程,(6-7) 泛型法条被AI分为具体分类'建设工程与房地产'，应删除 | 原标记: <泛类型> | 法条: 《宁夏回族自治区建筑管理条例》第十二条第一款规定和
《宁德市卫计委关于印发宁德市卫生计生行政处罚自由裁量权细化标准的通知》,卫生健康,ai,True,<泛类型>,卫计委处罚标准，属卫生计生领域。,医疗卫生,(6-5) 程序性 | 匹配模式: '行政处罚自由裁量权' | 法条: 《宁德市卫计委关于印发宁德市卫生计生行政处罚自由裁量权细化标准的通知》
《宁德市城市管理局行政处罚自由裁量标准(试行)》,*城市管理执法*,ai,True,<泛类型>,标题系城市管理局行政处罚标准。,*城市管理执法*,(6-6) AI分类含星号'*城市管理执法*'，分类不确定 | 法条: 《宁德市城市管理局行政处罚自由裁量标准(试行)》
《宁德市城市管理局行政处罚自由裁量标准（试行）》,*城市管理执法*,ai,True,<泛类型>,依据城市管理局行政处罚裁量标准。,*城市管理执法*,(6-6) AI分类含星号'*城市管理执法*'，分类不确定 | 法条: 《宁德市城市管理局行政处罚自由裁量标准（试行）》
《宁德市城市管理局规范行政处罚自由裁量权实施办法(试行)》,其他,ai,True,<泛类型>,《办法》仅为裁量规范性文件。,其他违法行为,(6-5) 程序性 | 匹配模式: '行政处罚自由裁量权' | 法条: 《宁德市城市管理局规范行政处罚自由裁量权实施办法(试行)》
《宁德市城市管理局规范行政处罚自由裁量权实施办法（试行）》,其他,ai,True,<泛类型>,仅为裁量实施办法，未涉及具体领域。,其他违法行为,(6-5) 程序性 | 匹配模式: '行政处罚自由裁量权' | 法条: 《宁德市城市管理局规范行政处罚自由裁量权实施办法（试行）》
《宁波城市管理相对集中行政处罚权实施办法》第六条第一款第二项,建筑使用安全,ai,True,<泛类型>,属城市管理中建设使用行为监管。,建筑使用安全,(6-7) 泛型法条被AI分为具体分类'建筑使用安全'，应删除 | 原标记: <泛类型> | 法条: 《宁波城市管理相对集中行政处罚权实施办法》第六条第一款第二项
《宁波大榭开发区中海石油宁波大榭石化有限公司“4.3”一般窒息事故调查报告》,安全生产,ai,True,<泛类型>,化工企业窒息事故，涉危化品安全管理。,安全生产/危化品,(6-7) 泛型法条被AI分为具体分类'安全生产'，应删除 | 原标记: <泛类型> | 法条: 《宁波大榭开发区中海石油宁波大榭石化有限公司“4.3”一般窒息事故调查报告》
《宁波大榭开发区管委会关于中海石油宁波大榭石化有限公司“4.3”一般窒息事故调查报告的批复》,安全生产,ai,True,<泛类型>,一般窒息事故调查批复，属安全生产。,安全生产,(6-7) 泛型法条被AI分为具体分类'安全生产'，应删除 | 原标记: <泛类型> | 法条: 《宁波大榭开发区管委会关于中海石油宁波大榭石化有限公司“4.3”一般窒息事故调查报告的批复》
《宁波大江船业有限公司“6？10”一般中毒和窒息事故调查报告》,安全生产,ai,True,<泛类型>,企业生产作业致中毒窒息事故。,安全生产,(6-7) 泛型法条被AI分为具体分类'安全生产'，应删除 | 原标记: <泛类型> | 法条: 《宁波大江船业有限公司“6？10”一般中毒和窒息事故调查报告》
《宁波市养犬管理条例》第十三条第一款、第四十三条第一款之规定,*养犬管理违法*,ai,True,<泛类型>,依据地方养犬管理条例规定。,*养犬管理违法*,(6-6) AI分类含星号'*养犬管理违法*'，分类不确定 | 法条: 《宁波市养犬管理条例》第十三条第一款、第四十三条第一款之规定
《宁波市北仑区大矸旭日模具厂“12.30”一般机械伤害事故调查报告》,安全生产,ai,True,<泛类型>,一般机械伤害事故，属生产安全事故。,安全生产,(6-7) 泛型法条被AI分为具体分类'安全生产'，应删除 | 原标记: <泛类型> | 法条: 《宁波市北仑区大矸旭日模具厂“12.30”一般机械伤害事故调查报告》
《宁波市国土资源局北仑分局涉嫌违法案件移送函》,建设工程与房地产,ai,True,<泛类型>,国土资源局移送土地违法案件。,房地产/土地,(6-7) 泛型法条被AI分为具体分类'建设工程与房地产'，应删除 | 原标记: <泛类型> | 法条: 《宁波市国土资源局北仑分局涉嫌违法案件移送函》
《宁波市城市管理相对集中行政处罚权实施办法》第六条第一款第一项,*城市市容管理*,ai,True,<泛类型>,依据城市管理相对集中处罚权内容。,*城市市容管理*,(6-6) AI分类含星号'*城市市容管理*'，分类不确定 | 法条: 《宁波市城市管理相对集中行政处罚权实施办法》第六条第一款第一项
《宁波市城市管理相对集中行政处罚权实施办法》第六条第一款第四项,*城市市容管理*,ai,True,<泛类型>,条款属城市管理中市容秩序。,*城市市容管理*,(6-6) AI分类含星号'*城市市容管理*'，分类不确定 | 法条: 《宁波市城市管理相对集中行政处罚权实施办法》第六条第一款第四项
《宁波市城市管理相对集中行政处罚权实施办法》第六条第六项,环境保护,ai,True,<泛类型>,城市管理权限中含市容环境管理。,环境保护,(6-7) 泛型法条被AI分为具体分类'环境保护'，应删除 | 原标记: <泛类型> | 法条: 《宁波市城市管理相对集中行政处罚权实施办法》第六条第六项
《宁波市城市管理相对集中行政处罚权实施办法》第六条第（六）项,*城市管理执法*,ai,True,<泛类型>,依据城市管理处罚权实施办法。,*城市管理执法*,(6-6) AI分类含星号'*城市管理执法*'，分类不确定 | 法条: 《宁波市城市管理相对集中行政处罚权实施办法》第六条第（六）项
《宁波市城市管理相对集中行政处罚自由裁量权实施办法》,*城市管理执法*,ai,True,<泛类型>,依据城市管理处罚裁量办法。,*城市管理执法*,(6-5) 程序性 | 匹配模式: '行政处罚自由裁量权' | 法条: 《宁波市城市管理相对集中行政处罚自由裁量权实施办法》
《宁波市城市管理相对集中行政处罚自由裁量权实施标准（一）》,*城市管理执法*,ai,True,<泛类型>,标题指城市管理行政处罚标准。,*城市管理执法*,(6-5) 程序性 | 匹配模式: '行政处罚自由裁量权' | 法条: 《宁波市城市管理相对集中行政处罚自由裁量权实施标准（一）》
《宁波市城市管理相对集中行政处罚自由裁量权实施标准（二）》,*城市管理执法*,ai,True,<泛类型>,依据城市管理处罚自由裁量标准。,*城市管理执法*,(6-5) 程序性 | 匹配模式: '行政处罚自由裁量权' | 法条: 《宁波市城市管理相对集中行政处罚自由裁量权实施标准（二）》
《宁波市城市规划管理条例》第三十四条,建设工程与房地产,ai,True,<泛类型>,城市规划管理条例，多属建设工程。,建设工程,(6-7) 泛型法条被AI分为具体分类'建设工程与房地产'，应删除 | 原标记: <泛类型> | 法条: 《宁波市城市规划管理条例》第三十四条
《宁波市城市规划管理条例》第四十八条第一项,建设工程与房地产,ai,True,<泛类型>,《城市规划管理条例》属规划建设管理。,建设工程,(6-7) 泛型法条被AI分为具体分类'建设工程与房地产'，应删除 | 原标记: <泛类型> | 法条: 《宁波市城市规划管理条例》第四十八条第一项
《宁波市奉化区人民政府关于同意宁波奉化金盛镀业有限公司”1.9”一般机械伤害事故调查报告的批复》,安全生产,ai,True,<泛类型>,一般机械伤害事故批复，属安全生产。,安全生产,(6-7) 泛型法条被AI分为具体分类'安全生产'，应删除 | 原标记: <泛类型> | 法条: 《宁波市奉化区人民政府关于同意宁波奉化金盛镀业有限公司”1.9”一般机械伤害事故调查报告的批复》
《宁波市奉化区市场监督管理行政处罚裁量权行使指导意见》第十七条第二款,其他,ai,True,<泛类型>,仅给出条款序号，无法判断具体领域。,其他违法行为,(6-5) 程序性 | 匹配模式: '行政处罚裁量权' | 法条: 《宁波市奉化区市场监督管理行政处罚裁量权行使指导意见》第十七条第二款
《宁波市海曙区人民政府关于同意浙江融创磁业有限公司“7.3”一般叉车相关伤害事故调查报告的批复》,安全生产,ai,True,<泛类型>,“叉车相关伤害事故”典型安全生产事故。,安全生产,(6-7) 泛型法条被AI分为具体分类'安全生产'，应删除 | 原标记: <泛类型> | 法条: 《宁波市海曙区人民政府关于同意浙江融创磁业有限公司“7.3”一般叉车相关伤害事故调查报告的批复》
《宁波市综合执法行政处罚自由裁量权实施标准》,其他,ai,True,<泛类型>,仅有总则标题，缺乏具体条款内容。,其他违法行为,(6-5) 程序性 | 匹配模式: '行政处罚自由裁量权' | 法条: 《宁波市综合执法行政处罚自由裁量权实施标准》
《宁波市综合相对集中行政处罚自由裁量权实施办法》,其他,ai,True,<泛类型>,仅为程序性实施办法，无法细分。,其他违法行为,(6-5) 程序性 | 匹配模式: '行政处罚自由裁量权' | 法条: 《宁波市综合相对集中行政处罚自由裁量权实施办法》
《宁波市综合行政执法机关行政处罚自由裁量权实施办法》,其他,ai,True,<泛类型>,仅为裁量实施办法，无法细分类型。,其他违法行为,(6-5) 程序性 | 匹配模式: '行政处罚自由裁量权' | 法条: 《宁波市综合行政执法机关行政处罚自由裁量权实施办法》
《宁波市综合行政执法机关行政处罚自由裁量权实施办法》第十三条第二款（罚款计算公式表述为：罚款金额＝罚款,其他,ai,True,<泛类型>,仅见处罚办法条款，无法细分类型。,其他违法行为,(6-5) 程序性 | 匹配模式: '行政处罚自由裁量权' | 法条: 《宁波市综合行政执法机关行政处罚自由裁量权实施办法》第十三条第二款（罚款计算公式表述为：罚款金额＝罚...
《宁波市综合行政执法机关行政处罚自由裁量权实施办法》第十三条至十七条,其他,ai,True,<泛类型>,仅为裁量程序规定，无法对应具体领域。,其他违法行为,(6-5) 程序性 | 匹配模式: '行政处罚自由裁量权' | 法条: 《宁波市综合行政执法机关行政处罚自由裁量权实施办法》第十三条至十七条
《宁波市综合行政执法机关行政处罚自由裁量权实施办法》第十三条至第十七条之规定,其他,ai,True,<泛类型>,仅给实施办法条款名，无法细化。,其他违法行为,(6-5) 程序性 | 匹配模式: '行政处罚自由裁量权' | 法条: 《宁波市综合行政执法机关行政处罚自由裁量权实施办法》第十三条至第十七条之规定
《宁波市综合行政执法机关行政处罚自由裁量权实施办法》第十三条至第十七条的规定,其他,ai,True,<泛类型>,仅提及裁量实施办法，无法细化。,其他违法行为,(6-5) 程序性 | 匹配模式: '行政处罚自由裁量权' | 法条: 《宁波市综合行政执法机关行政处罚自由裁量权实施办法》第十三条至第十七条的规定
《宁波市综合行政执法机关行政处罚自由裁量权实施办法》第十条第一款(罚款数额=处罚基准×情节系数)、第十一条第二款第六项,其他,ai,True,<泛类型>,条文仅涉裁量办法本身，无法细分违法类型。,其他违法行为,(6-5) 程序性 | 匹配模式: '行政处罚自由裁量权' | 法条: 《宁波市综合行政执法机关行政处罚自由裁量权实施办法》第十条第一款(罚款数额=处罚基准×情节系数)、第...
《宁波市综合行政执法机关行政处罚自由裁量权实施办法》第四条至第八条之规定,其他,ai,True,<泛类型>,仅提及裁量实施办法，无具体领域。,其他违法行为,(6-5) 程序性 | 匹配模式: '行政处罚自由裁量权' | 法条: 《宁波市综合行政执法机关行政处罚自由裁量权实施办法》第四条至第八条之规定
《宁波市综合行政执法行政处罚裁量权实施规定》,其他,ai,True,<泛类型>,仅为实施规定标题，无法细分。,其他违法行为,(6-5) 程序性 | 匹配模式: '行政处罚裁量权' | 法条: 《宁波市综合行政执法行政处罚裁量权实施规定》
《宁波市行政处罚自由裁量权行使规则》,其他,ai,True,<泛类型>,仅提及自由裁量规则，无法细分。,其他违法行为,(6-5) 程序性 | 匹配模式: '行政处罚自由裁量权' | 法条: 《宁波市行政处罚自由裁量权行使规则》
《宁波市行政处罚自由裁量权行使规则》每十五条第（三）项,其他,ai,True,<泛类型>,仅给出规则条款序号，无法细分。,其他违法行为,(6-5) 程序性 | 匹配模式: '行政处罚自由裁量权' | 法条: 《宁波市行政处罚自由裁量权行使规则》每十五条第（三）项
《宁波市行政处罚自由裁量权行使规则》第十一条第(三)项,其他,ai,True,<泛类型>,仅给出条款编号，无法判断具体领域。,其他违法行为,(6-5) 程序性 | 匹配模式: '行政处罚自由裁量权' | 法条: 《宁波市行政处罚自由裁量权行使规则》第十一条第(三)项
《宁波市行政处罚自由裁量权行使规则》第十一条第(三)项、第十五条第(三)项,其他,ai,True,<泛类型>,仅为裁量规则条款，无法对应具体领域。,其他违法行为,(6-5) 程序性 | 匹配模式: '行政处罚自由裁量权' | 法条: 《宁波市行政处罚自由裁量权行使规则》第十一条第(三)项、第十五条第(三)项
《宁波市行政处罚自由裁量权行使规则》第十一条第(三)项、第十五条第(二)项,其他,ai,True,<泛类型>,仅为裁量规则条款，无法对应具体领域。,其他违法行为,(6-5) 程序性 | 匹配模式: '行政处罚自由裁量权' | 法条: 《宁波市行政处罚自由裁量权行使规则》第十一条第(三)项、第十五条第(二)项
《宁波市行政处罚自由裁量权行使规则》第十一条第(三)项和第十五条第(三)项,其他,ai,True,<泛类型>,仅知为裁量规则，无法对应领域。,其他违法行为,(6-5) 程序性 | 匹配模式: '行政处罚自由裁量权' | 法条: 《宁波市行政处罚自由裁量权行使规则》第十一条第(三)项和第十五条第(三)项
《宁波市行政处罚自由裁量权行使规则》第十一条第(三)项和第十五条第(二)项,其他,ai,True,<泛类型>,仅见裁量规则条款，无法对应具体领域。,其他违法行为,(6-5) 程序性 | 匹配模式: '行政处罚自由裁量权' | 法条: 《宁波市行政处罚自由裁量权行使规则》第十一条第(三)项和第十五条第(二)项
《宁波市行政处罚自由裁量权行使规则》第十一条第一款第三项,其他,ai,True,<泛类型>,仅给条款序号无法判断具体领域。,其他违法行为,(6-5) 程序性 | 匹配模式: '行政处罚自由裁量权' | 法条: 《宁波市行政处罚自由裁量权行使规则》第十一条第一款第三项
《宁波市行政处罚自由裁量权行使规则》第十一条第一款第三项、第十五条第一款第三项,其他,ai,True,<泛类型>,仅为程序性裁量规则，无法判断具体领域。,其他违法行为,(6-5) 程序性 | 匹配模式: '行政处罚自由裁量权' | 法条: 《宁波市行政处罚自由裁量权行使规则》第十一条第一款第三项、第十五条第一款第三项
《宁波市行政处罚自由裁量权行使规则》第十一条第三项,其他,ai,True,<泛类型>,仅见条款序号无具体违法内容。,其他违法行为,(6-5) 程序性 | 匹配模式: '行政处罚自由裁量权' | 法条: 《宁波市行政处罚自由裁量权行使规则》第十一条第三项
《宁波市行政处罚自由裁量权行使规则》第十一条第三项,其他,ai,True,<泛类型>,仅给出条款序号，无法判断内容。,其他违法行为,(6-5) 程序性 | 匹配模式: '行政处罚自由裁量权' | 法条: 《宁波市行政处罚自由裁量权行使规则》第十一条第三项
《宁波市行政处罚自由裁量权行使规则》第十一条第三项、,其他,ai,True,<泛类型>,仅提及裁量规则条款，无法细化。,其他违法行为,(6-5) 程序性 | 匹配模式: '行政处罚自由裁量权' | 法条: 《宁波市行政处罚自由裁量权行使规则》第十一条第三项、
《宁波市行政处罚自由裁量权行使规则》第十一条第三项、第六项,其他,ai,True,<泛类型>,仅给出规则条款编号，信息不足。,其他违法行为,(6-5) 程序性 | 匹配模式: '行政处罚自由裁量权' | 法条: 《宁波市行政处罚自由裁量权行使规则》第十一条第三项、第六项
《宁波市行政处罚自由裁量权行使规则》第十一条第三项和第十五条第二项,其他,ai,True,<泛类型>,仅见裁量规则条款，无法对应具体领域。,其他违法行为,(6-5) 程序性 | 匹配模式: '行政处罚自由裁量权' | 法条: 《宁波市行政处罚自由裁量权行使规则》第十一条第三项和第十五条第二项
《宁波市行政处罚自由裁量权行使规则》第十一条第（三）项,其他,ai,True,<泛类型>,仅为裁量规则条款，未涉具体领域。,其他违法行为,(6-5) 程序性 | 匹配模式: '行政处罚自由裁量权' | 法条: 《宁波市行政处罚自由裁量权行使规则》第十一条第（三）项
《宁波市行政处罚自由裁量权行使规则》第十一条第（三）项、第十五条第（三）项,其他,ai,True,<泛类型>,仅为程序性裁量规则，无法对应具体领域。,其他违法行为,(6-5) 程序性 | 匹配模式: '行政处罚自由裁量权' | 法条: 《宁波市行政处罚自由裁量权行使规则》第十一条第（三）项、第十五条第（三）项
《宁波市行政处罚自由裁量权行使规则》第十一条第（三）项、第十五条第（二）项,其他,ai,True,<泛类型>,仅见裁量规则条款，无法对应领域。,其他违法行为,(6-5) 程序性 | 匹配模式: '行政处罚自由裁量权' | 法条: 《宁波市行政处罚自由裁量权行使规则》第十一条第（三）项、第十五条第（二）项
《宁波市行政处罚自由裁量权行使规则》第十一条第（三）项和第十五条第（三）项,其他,ai,True,<泛类型>,仅见裁量规则条款，无法对应具体领域。,其他违法行为,(6-5) 程序性 | 匹配模式: '行政处罚自由裁量权' | 法条: 《宁波市行政处罚自由裁量权行使规则》第十一条第（三）项和第十五条第（三）项
《宁波市行政处罚自由裁量权行使规则》第十一条第（五）项和第十二条第（二）、（六）项以及第十五条第(二)项,其他,ai,True,<泛类型>,仅为裁量规则条款，无法对应具体领域。,其他违法行为,(6-5) 程序性 | 匹配模式: '行政处罚自由裁量权' | 法条: 《宁波市行政处罚自由裁量权行使规则》第十一条第（五）项和第十二条第（二）、（六）项以及第十五条第(二...
《宁波市行政处罚自由裁量权行使规则》第十三条第(三)项,其他,ai,True,<泛类型>,仅为裁量规则条款，无法具体判断。,其他违法行为,(6-5) 程序性 | 匹配模式: '行政处罚自由裁量权' | 法条: 《宁波市行政处罚自由裁量权行使规则》第十三条第(三)项
《宁波市行政处罚自由裁量权行使规则》第十二条第(二)项,其他,ai,True,<泛类型>,仅给出规则条款序号，无法判断内容。,其他违法行为,(6-5) 程序性 | 匹配模式: '行政处罚自由裁量权' | 法条: 《宁波市行政处罚自由裁量权行使规则》第十二条第(二)项
《宁波市行政处罚自由裁量权行使规则》第十二条第七项,其他,ai,True,<泛类型>,仅提供条款序号，无法判断内容。,其他违法行为,(6-5) 程序性 | 匹配模式: '行政处罚自由裁量权' | 法条: 《宁波市行政处罚自由裁量权行使规则》第十二条第七项
《宁波市行政处罚自由裁量权行使规则》第十二条第（二）项,其他,ai,True,<泛类型>,仅有条款序号，无具体违法内容。,其他违法行为,(6-5) 程序性 | 匹配模式: '行政处罚自由裁量权' | 法条: 《宁波市行政处罚自由裁量权行使规则》第十二条第（二）项
《宁波市行政处罚自由裁量权行使规则》第十二条第（六）项,其他,ai,True,<泛类型>,仅有条款序号，无法判断具体类型。,其他违法行为,(6-5) 程序性 | 匹配模式: '行政处罚自由裁量权' | 法条: 《宁波市行政处罚自由裁量权行使规则》第十二条第（六）项
《宁波市行政处罚自由裁量权行使规则》第十二条第（六）项、第十五条第（二）项,其他,ai,True,<泛类型>,仅为裁量规则条款，无法细化归类。,其他违法行为,(6-5) 程序性 | 匹配模式: '行政处罚自由裁量权' | 法条: 《宁波市行政处罚自由裁量权行使规则》第十二条第（六）项、第十五条第（二）项
《宁波市行政处罚自由裁量权行使规则》第十五条,其他,ai,True,<泛类型>,仅为程序性规则，无具体领域指向。,其他违法行为,(6-5) 程序性 | 匹配模式: '行政处罚自由裁量权' | 法条: 《宁波市行政处罚自由裁量权行使规则》第十五条
《宁波市行政处罚自由裁量权行使规则》第十五条,其他,ai,True,<泛类型>,仅有条号无内容，无法判断。,其他违法行为,(6-5) 程序性 | 匹配模式: '行政处罚自由裁量权' | 法条: 《宁波市行政处罚自由裁量权行使规则》第十五条
《宁波市行政处罚自由裁量权行使规则》第十五条第(一)项,其他,ai,True,<泛类型>,仅给出条款序号无法判断具体领域。,其他违法行为,(6-5) 程序性 | 匹配模式: '行政处罚自由裁量权' | 法条: 《宁波市行政处罚自由裁量权行使规则》第十五条第(一)项
《宁波市行政处罚自由裁量权行使规则》第十五条第(一)项“除法律、法规、规章另有规定外,其他,ai,True,<泛类型>,仅为裁量规则总则，无法细化归类。,其他违法行为,(6-5) 程序性 | 匹配模式: '行政处罚自由裁量权' | 法条: 《宁波市行政处罚自由裁量权行使规则》第十五条第(一)项“除法律、法规、规章另有规定外
《宁波市行政处罚自由裁量权行使规则》第十五条第(一)项之规定,其他,ai,True,<泛类型>,仅见裁量规则条文，无法细分类别。,其他违法行为,(6-5) 程序性 | 匹配模式: '行政处罚自由裁量权' | 法条: 《宁波市行政处罚自由裁量权行使规则》第十五条第(一)项之规定
《宁波市行政处罚自由裁量权行使规则》第十五条第(三)项,其他,ai,True,<泛类型>,仅为裁量规则条文，未涉具体领域。,其他违法行为,(6-5) 程序性 | 匹配模式: '行政处罚自由裁量权' | 法条: 《宁波市行政处罚自由裁量权行使规则》第十五条第(三)项
《宁波市行政处罚自由裁量权行使规则》第十五条第(三)项,其他,ai,True,<泛类型>,仅给出条款序号，无法判断具体领域。,其他违法行为,(6-5) 程序性 | 匹配模式: '行政处罚自由裁量权' | 法条: 《宁波市行政处罚自由裁量权行使规则》第十五条第(三)项
《宁波市行政处罚自由裁量权行使规则》第十五条第(三)项:“除法律、法规、规章另有规定外,其他,ai,True,<泛类型>,条文无具体行业或行为指向。,其他违法行为,(6-5) 程序性 | 匹配模式: '行政处罚自由裁量权' | 法条: 《宁波市行政处罚自由裁量权行使规则》第十五条第(三)项:“除法律、法规、规章另有规定外
《宁波市行政处罚自由裁量权行使规则》第十五条第(三)项“只规定最高罚款数额没有规定最低罚款数额的,其他,ai,True,<泛类型>,仅为裁量规则本身，无法对应领域。,其他违法行为,(6-5) 程序性 | 匹配模式: '行政处罚自由裁量权' | 法条: 《宁波市行政处罚自由裁量权行使规则》第十五条第(三)项“只规定最高罚款数额没有规定最低罚款数额的
《宁波市行政处罚自由裁量权行使规则》第十五条第(三)项“除法律、法规、规章另有规定外,其他,ai,True,<泛类型>,仅为裁量规则条款，无法对应具体领域。,其他违法行为,(6-5) 程序性 | 匹配模式: '行政处罚自由裁量权' | 法条: 《宁波市行政处罚自由裁量权行使规则》第十五条第(三)项“除法律、法规、规章另有规定外
《宁波市行政处罚自由裁量权行使规则》第十五条第(三)项、第十六条,其他,ai,True,<泛类型>,仅为裁量规则条款，无法对应具体领域。,其他违法行为,(6-5) 程序性 | 匹配模式: '行政处罚自由裁量权' | 法条: 《宁波市行政处罚自由裁量权行使规则》第十五条第(三)项、第十六条
《宁波市行政处罚自由裁量权行使规则》第十五条第(三)项及第十六条,其他,ai,True,<泛类型>,仅为裁量规则条款，无法对应具体领域。,其他违法行为,(6-5) 程序性 | 匹配模式: '行政处罚自由裁量权' | 法条: 《宁波市行政处罚自由裁量权行使规则》第十五条第(三)项及第十六条
《宁波市行政处罚自由裁量权行使规则》第十五条第(三)项的规定,其他,ai,True,<泛类型>,仅给出裁量规则条款，无法细分。,其他违法行为,(6-5) 程序性 | 匹配模式: '行政处罚自由裁量权' | 法条: 《宁波市行政处罚自由裁量权行使规则》第十五条第(三)项的规定
《宁波市行政处罚自由裁量权行使规则》第十五条第(三)项的规定:“除法律、法规、规章另有规定外,其他,ai,True,<泛类型>,仅泛称法律法规规章，无具体领域。,其他违法行为,(6-5) 程序性 | 匹配模式: '行政处罚自由裁量权' | 法条: 《宁波市行政处罚自由裁量权行使规则》第十五条第(三)项的规定:“除法律、法规、规章另有规定外
《宁波市行政处罚自由裁量权行使规则》第十五条第(二)项,其他,ai,True,<泛类型>,仅给出规则条款序号，无法判断具体领域。,其他违法行为,(6-5) 程序性 | 匹配模式: '行政处罚自由裁量权' | 法条: 《宁波市行政处罚自由裁量权行使规则》第十五条第(二)项
《宁波市行政处罚自由裁量权行使规则》第十五条第(二)项:罚款,其他,ai,True,<泛类型>,仅提及裁量规则条款，无法细化。,其他违法行为,(6-5) 程序性 | 匹配模式: '行政处罚自由裁量权' | 法条: 《宁波市行政处罚自由裁量权行使规则》第十五条第(二)项:罚款
《宁波市行政处罚自由裁量权行使规则》第十五条第(二)项、第(三)项和第十六条罚款,其他,ai,True,<泛类型>,仅为裁量规则条款，无具体领域。,其他违法行为,(6-5) 程序性 | 匹配模式: '行政处罚自由裁量权' | 法条: 《宁波市行政处罚自由裁量权行使规则》第十五条第(二)项、第(三)项和第十六条罚款
《宁波市行政处罚自由裁量权行使规则》第十五条第(二)项、第十六条的规定,其他,ai,True,<泛类型>,仅提及裁量规则条款，内容不明。,其他违法行为,(6-5) 程序性 | 匹配模式: '行政处罚自由裁量权' | 法条: 《宁波市行政处罚自由裁量权行使规则》第十五条第(二)项、第十六条的规定
《宁波市行政处罚自由裁量权行使规则》第十五条第(二)项的规定,其他,ai,True,<泛类型>,《行使规则》属程序性一般规定。,其他违法行为,(6-5) 程序性 | 匹配模式: '行政处罚自由裁量权' | 法条: 《宁波市行政处罚自由裁量权行使规则》第十五条第(二)项的规定
《宁波市行政处罚自由裁量权行使规则》第十五条第(二)项的规定“除法律、法规、规章另有规定外,其他,ai,True,<泛类型>,仅为裁量规则条款，无法对应具体领域。,其他违法行为,(6-5) 程序性 | 匹配模式: '行政处罚自由裁量权' | 法条: 《宁波市行政处罚自由裁量权行使规则》第十五条第(二)项的规定“除法律、法规、规章另有规定外
《宁波市行政处罚自由裁量权行使规则》第十五条第一款,其他,ai,True,<泛类型>,仅为裁量通则条款，无法细分。,其他违法行为,(6-5) 程序性 | 匹配模式: '行政处罚自由裁量权' | 法条: 《宁波市行政处罚自由裁量权行使规则》第十五条第一款
《宁波市行政处罚自由裁量权行使规则》第十五条第一款第(三)项,其他,ai,True,<泛类型>,仅给出条款序号，无法判断具体领域。,其他违法行为,(6-5) 程序性 | 匹配模式: '行政处罚自由裁量权' | 法条: 《宁波市行政处罚自由裁量权行使规则》第十五条第一款第(三)项
《宁波市行政处罚自由裁量权行使规则》第十五条第一款第三项,其他,ai,True,<泛类型>,仅给出条款序号，无法判断具体领域。,其他违法行为,(6-5) 程序性 | 匹配模式: '行政处罚自由裁量权' | 法条: 《宁波市行政处罚自由裁量权行使规则》第十五条第一款第三项
《宁波市行政处罚自由裁量权行使规则》第十五条第一款第三项,其他,ai,True,<泛类型>,仅给出条款序号，无法判断内容。,其他违法行为,(6-5) 程序性 | 匹配模式: '行政处罚自由裁量权' | 法条: 《宁波市行政处罚自由裁量权行使规则》第十五条第一款第三项
《宁波市行政处罚自由裁量权行使规则》第十五条第一款第（二）项,其他,ai,True,<泛类型>,仅指行使规则条款，无法细化分类。,其他违法行为,(6-5) 程序性 | 匹配模式: '行政处罚自由裁量权' | 法条: 《宁波市行政处罚自由裁量权行使规则》第十五条第一款第（二）项
《宁波市行政处罚自由裁量权行使规则》第十五条第三项,其他,ai,True,<泛类型>,仅列条款序号，无具体违法内容。,其他违法行为,(6-5) 程序性 | 匹配模式: '行政处罚自由裁量权' | 法条: 《宁波市行政处罚自由裁量权行使规则》第十五条第三项
《宁波市行政处罚自由裁量权行使规则》第十五条第三项,其他,ai,True,<泛类型>,仅给出条款编号，无法判断内容。,其他违法行为,(6-5) 程序性 | 匹配模式: '行政处罚自由裁量权' | 法条: 《宁波市行政处罚自由裁量权行使规则》第十五条第三项
《宁波市行政处罚自由裁量权行使规则》第十五条第三项:除法律、法规、规章另有规定外,其他,ai,True,<泛类型>,仅为程序性条款，无法对应具体领域。,其他违法行为,(6-5) 程序性 | 匹配模式: '行政处罚自由裁量权' | 法条: 《宁波市行政处罚自由裁量权行使规则》第十五条第三项:除法律、法规、规章另有规定外
《宁波市行政处罚自由裁量权行使规则》第十五条第三项“除法律、法规、规章另有规定外,其他,ai,True,<泛类型>,仅为程序性规则条款，无法细分。,其他违法行为,(6-5) 程序性 | 匹配模式: '行政处罚自由裁量权' | 法条: 《宁波市行政处罚自由裁量权行使规则》第十五条第三项“除法律、法规、规章另有规定外
《宁波市行政处罚自由裁量权行使规则》第十五条第三项：“只规定最高罚款数额没有规定最低罚款,其他,ai,True,<泛类型>,仅为裁量规则条款，本身无法分类。,其他违法行为,(6-5) 程序性 | 匹配模式: '行政处罚自由裁量权' | 法条: 《宁波市行政处罚自由裁量权行使规则》第十五条第三项：“只规定最高罚款数额没有规定最低罚款
《宁波市行政处罚自由裁量权行使规则》第十五条第二项,其他,ai,True,<泛类型>,仅给出条款序号无法判断具体领域。,其他违法行为,(6-5) 程序性 | 匹配模式: '行政处罚自由裁量权' | 法条: 《宁波市行政处罚自由裁量权行使规则》第十五条第二项
《宁波市行政处罚自由裁量权行使规则》第十五条第二项“除法律、法规、规章另有规定外,其他,ai,True,<泛类型>,仅为裁量规则兜底条款，信息不足。,其他违法行为,(6-5) 程序性 | 匹配模式: '行政处罚自由裁量权' | 法条: 《宁波市行政处罚自由裁量权行使规则》第十五条第二项“除法律、法规、规章另有规定外
《宁波市行政处罚自由裁量权行使规则》第十五条第（一）项,其他,ai,True,<泛类型>,仅给出条款编号，无法判断具体领域。,其他违法行为,(6-5) 程序性 | 匹配模式: '行政处罚自由裁量权' | 法条: 《宁波市行政处罚自由裁量权行使规则》第十五条第（一）项
《宁波市行政处罚自由裁量权行使规则》第十五条第（一）项,其他,ai,True,<泛类型>,仅给出条号无具体违法内容。,其他违法行为,(6-5) 程序性 | 匹配模式: '行政处罚自由裁量权' | 法条: 《宁波市行政处罚自由裁量权行使规则》第十五条第（一）项
《宁波市行政处罚自由裁量权行使规则》第十五条第（三）项,其他,ai,True,<泛类型>,仅为裁量规则条款，无法对应行业。,其他违法行为,(6-5) 程序性 | 匹配模式: '行政处罚自由裁量权' | 法条: 《宁波市行政处罚自由裁量权行使规则》第十五条第（三）项
《宁波市行政处罚自由裁量权行使规则》第十五条第（三）项,其他,ai,True,<泛类型>,仅给出条款序号，无法判断具体领域。,其他违法行为,(6-5) 程序性 | 匹配模式: '行政处罚自由裁量权' | 法条: 《宁波市行政处罚自由裁量权行使规则》第十五条第（三）项
《宁波市行政处罚自由裁量权行使规则》第十五条第（三）项“只规定最高罚款数额没有规定最低罚款,其他,ai,True,<泛类型>,仅为裁量规则条款，无法对应具体领域。,其他违法行为,(6-5) 程序性 | 匹配模式: '行政处罚自由裁量权' | 法条: 《宁波市行政处罚自由裁量权行使规则》第十五条第（三）项“只规定最高罚款数额没有规定最低罚款
《宁波市行政处罚自由裁量权行使规则》第十五条第（三）项、第十六条,其他,ai,True,<泛类型>,仅为裁量规则条款，无法对应行业。,其他违法行为,(6-5) 程序性 | 匹配模式: '行政处罚自由裁量权' | 法条: 《宁波市行政处罚自由裁量权行使规则》第十五条第（三）项、第十六条
《宁波市行政处罚自由裁量权行使规则》第十五条第（二）“罚款,其他,ai,True,<泛类型>,仅为裁量规则条款，无法对应具体领域。,其他违法行为,(6-5) 程序性 | 匹配模式: '行政处罚自由裁量权' | 法条: 《宁波市行政处罚自由裁量权行使规则》第十五条第（二）“罚款
《宁波市行政处罚自由裁量权行使规则》第十五条第（二）项,其他,ai,True,<泛类型>,仅见条款编号，无具体内容。,其他违法行为,(6-5) 程序性 | 匹配模式: '行政处罚自由裁量权' | 法条: 《宁波市行政处罚自由裁量权行使规则》第十五条第（二）项
《宁波市行政处罚自由裁量权行使规则》第十五条第（二）项,其他,ai,True,<泛类型>,仅给出条款序号无法判断具体领域。,其他违法行为,(6-5) 程序性 | 匹配模式: '行政处罚自由裁量权' | 法条: 《宁波市行政处罚自由裁量权行使规则》第十五条第（二）项
《宁波市行政处罚自由裁量权行使规则》第十五条第（二）项“罚款,其他,ai,True,<泛类型>,仅为裁量规则条款，无法细分类型。,其他违法行为,(6-5) 程序性 | 匹配模式: '行政处罚自由裁量权' | 法条: 《宁波市行政处罚自由裁量权行使规则》第十五条第（二）项“罚款
《宁波市行政处罚自由裁量权行使规则》第十五条第（二）项、第十六条,其他,ai,True,<泛类型>,仅为裁量规则本身，无法对应具体领域。,其他违法行为,(6-5) 程序性 | 匹配模式: '行政处罚自由裁量权' | 法条: 《宁波市行政处罚自由裁量权行使规则》第十五条第（二）项、第十六条
《宁波市行政处罚自由裁量权行使规则》第十六条,*行政处罚裁量规则*,ai,True,<泛类型>,专门规范自由裁量行使规则。,*行政处罚裁量规则*,(6-5) 程序性 | 匹配模式: '行政处罚自由裁量权' | 法条: 《宁波市行政处罚自由裁量权行使规则》第十六条
《宁波市行政处罚自由裁量权行使规则》第十四条,其他,ai,True,<泛类型>,仅给出条号无条文内容，无法判断。,其他违法行为,(6-5) 程序性 | 匹配模式: '行政处罚自由裁量权' | 法条: 《宁波市行政处罚自由裁量权行使规则》第十四条
《宁波市行政处罚自由裁量权行使规则》第十四条第二款,其他,ai,True,<泛类型>,仅给出条款编号，无法判断具体领域。,其他违法行为,(6-5) 程序性 | 匹配模式: '行政处罚自由裁量权' | 法条: 《宁波市行政处罚自由裁量权行使规则》第十四条第二款
《宁波市行政处罚自由裁量权行使规则》第十四条规定:“法律、法规、规章设定的罚款,其他,ai,True,<泛类型>,条文内容过少，无法对应具体领域。,其他违法行为,(6-5) 程序性 | 匹配模式: '行政处罚自由裁量权' | 法条: 《宁波市行政处罚自由裁量权行使规则》第十四条规定:“法律、法规、规章设定的罚款
《宁波市行政处罚自由裁量权行使规则》第十四条：“法律、法规、规章设定的罚款,其他,ai,True,<泛类型>,条文内容不完整，无法判断具体领域。,其他违法行为,(6-5) 程序性 | 匹配模式: '行政处罚自由裁量权' | 法条: 《宁波市行政处罚自由裁量权行使规则》第十四条：“法律、法规、规章设定的罚款
《宁波市鄞州区统计局责令改正通知书》,统计相关,ai,True,<泛类型>,统计局出具责令改正通知书所涉统计问题。,统计相关,(6-7) 泛型法条被AI分为具体分类'统计相关'，应删除 | 原标记: <泛类型> | 法条: 《宁波市鄞州区统计局责令改正通知书》
《宁波日报》,公共文化与传媒,ai,True,<泛类型>,《宁波日报》属新闻传媒领域。,公共文化与传媒,(6-7) 泛型法条被AI分为具体分类'公共文化与传媒'，应删除 | 原标记: <泛类型> | 法条: 《宁波日报》
《宁波晚报》,公共文化与传媒,ai,True,<泛类型>,《宁波晚报》为报刊媒体机构相关。,公共文化与传媒,(6-7) 泛型法条被AI分为具体分类'公共文化与传媒'，应删除 | 原标记: <泛类型> | 法条: 《宁波晚报》
《宁波海越电器制造有限公司“9.28”一般高处坠落事故调查报告》,安全生产,ai,True,<泛类型>,一般高处坠落事故，属安全生产领域。,安全生产,(6-7) 泛型法条被AI分为具体分类'安全生产'，应删除 | 原标记: <泛类型> | 法条: 《宁波海越电器制造有限公司“9.28”一般高处坠落事故调查报告》
《宁都县市场监督管理局企业住所（经营场所）核查函》,市场主体与登记治理,ai,True,<泛类型>,涉及企业住所核查，与登记事项相关。,无照经营/登记问题,(6-7) 泛型法条被AI分为具体分类'市场主体与登记治理'，应删除 | 原标记: <泛类型> | 法条: 《宁都县市场监督管理局企业住所（经营场所）核查函》
《安吉县综合行政执法局行政处罚自由裁量权细化标准》,其他,ai,True,<泛类型>,仅给出标准名称，无具体条款内容。,其他违法行为,(6-5) 程序性 | 匹配模式: '行政处罚自由裁量权' | 法条: 《安吉县综合行政执法局行政处罚自由裁量权细化标准》
《安吉县综合行政执法局行政处罚自由裁量权细化标准》第2条情节轻微的裁量标准,其他,ai,True,<泛类型>,仅有标准名称，无具体违法内容可判。,其他违法行为,(6-5) 程序性 | 匹配模式: '行政处罚自由裁量权' | 法条: 《安吉县综合行政执法局行政处罚自由裁量权细化标准》第2条情节轻微的裁量标准
《安吉县综合行政执法行政处罚自由裁量权细化标准》,其他,ai,True,<泛类型>,仅出现标准名称，无法细化判断。,其他违法行为,(6-5) 程序性 | 匹配模式: '行政处罚自由裁量权' | 法条: 《安吉县综合行政执法行政处罚自由裁量权细化标准》
《安吉县综合行政执法行政处罚自由裁量权细化标准》第1条,其他,ai,True,<泛类型>,仅给出条次，未见具体内容。,其他违法行为,(6-5) 程序性 | 匹配模式: '行政处罚自由裁量权' | 法条: 《安吉县综合行政执法行政处罚自由裁量权细化标准》第1条
《安吉县综合行政执法行政处罚自由裁量权细化标准》第2条,其他,ai,True,<泛类型>,仅给出条款编号，无法判断内容。,其他违法行为,(6-5) 程序性 | 匹配模式: '行政处罚自由裁量权' | 法条: 《安吉县综合行政执法行政处罚自由裁量权细化标准》第2条
《安徽省住房和城乡建设系统行政处罚裁量权基准》第409项的规定对你（单位）作出如下行政处罚：罚款,建设工程与房地产,ai,True,<泛类型>,《住房和城乡建设系统》属建设工程监管。,建设工程,(6-5) 程序性 | 匹配模式: '行政处罚裁量权' | 法条: 《安徽省住房和城乡建设系统行政处罚裁量权基准》第409项的规定对你（单位）作出如下行政处罚：罚款
《安徽省住房和城乡建设系统行政处罚裁量权基准》第452条,建设工程与房地产,ai,True,<泛类型>,出自住建系统行政处罚裁量基准。,建设工程,(6-5) 程序性 | 匹配模式: '行政处罚裁量权' | 法条: 《安徽省住房和城乡建设系统行政处罚裁量权基准》第452条
《安徽省住房和城乡建设系统行政处罚裁量权基准（2022年版）》,建设工程与房地产,ai,True,<泛类型>,住房城乡建设系统处罚基准，属工程领域。,建设工程,(6-5) 程序性 | 匹配模式: '行政处罚裁量权' | 法条: 《安徽省住房和城乡建设系统行政处罚裁量权基准（2022年版）》
《安徽省发展改革委 安徽省财政厅 安徽省自然资源厅关于调整耕地开垦费征收标准等有关问题的通知》,市场秩序与竞争监管,ai,True,<泛类型>,规范耕地开垦费征收标准属于收费管理。,价格/收费,(6-7) 泛型法条被AI分为具体分类'市场秩序与竞争监管'，应删除 | 原标记: <泛类型> | 法条: 《安徽省发展改革委 安徽省财政厅 安徽省自然资源厅关于调整耕地开垦费征收标准等有关问题的通知》
《安徽省合同监督条例》第十九条第一款第（一）项,市场秩序与竞争监管,ai,True,<泛类型>,合同监督属维护交易秩序及消费者权益。,消费者权益/市场秩序,(6-7) 泛型法条被AI分为具体分类'市场秩序与竞争监管'，应删除 | 原标记: <泛类型> | 法条: 《安徽省合同监督条例》第十九条第一款第（一）项
《安徽省合同监督条例》第十条第（三）项、第十二条第（二）项,市场秩序与竞争监管,ai,True,<泛类型>,合同监督条例本质规范合同交易秩序。,消费者权益/市场秩序,(6-7) 泛型法条被AI分为具体分类'市场秩序与竞争监管'，应删除 | 原标记: <泛类型> | 法条: 《安徽省合同监督条例》第十条第（三）项、第十二条第（二）项
《安徽省城市管理领域相对集中行政处罚权办法》,*城市管理执法*,ai,True,<泛类型>,依据城市管理领域处罚权办法。,*城市管理执法*,(6-6) AI分类含星号'*城市管理执法*'，分类不确定 | 法条: 《安徽省城市管理领域相对集中行政处罚权办法》
《安徽省市场监督管理行政处罚自由裁量权适用规则(试行)》第十四条的规定,其他,ai,True,<泛类型>,仅给出规则名称，无法细化判断。,其他违法行为,(6-5) 程序性 | 匹配模式: '行政处罚自由裁量权' | 法条: 《安徽省市场监督管理行政处罚自由裁量权适用规则(试行)》第十四条的规定
《安徽省市场监督管理行政处罚裁量权基准》第五章第一节第【243】条,统计相关,ai,True,<泛类型>,第五章第一节通常对应统计违法情形。,统计相关,(6-5) 程序性 | 匹配模式: '行政处罚裁量权' | 法条: 《安徽省市场监督管理行政处罚裁量权基准》第五章第一节第【243】条
《安徽省推广使用车用乙醇汽油管理暂行办法》第十条,*车用燃油管理*,ai,True,<泛类型>,规范车用乙醇汽油推广使用行为。,*车用燃油管理*,(6-6) AI分类含星号'*车用燃油管理*'，分类不确定 | 法条: 《安徽省推广使用车用乙醇汽油管理暂行办法》第十条
《安徽省财政监督暂行办法》,财税与金融监管,ai,True,<泛类型>,财政监督主要针对财政财务会计行为。,会计/账务,(6-7) 泛型法条被AI分为具体分类'财税与金融监管'，应删除 | 原标记: <泛类型> | 法条: 《安徽省财政监督暂行办法》
《安生生产行政处罚自由裁量适用规则（试行）》第十四条第二项,安全生产,ai,True,<泛类型>,依据安全生产行政处罚规则内容。,安全生产,(6-7) 泛型法条被AI分为具体分类'安全生产'，应删除 | 原标记: <泛类型> | 法条: 《安生生产行政处罚自由裁量适用规则（试行）》第十四条第二项
《宗地图》,文物保护,ai,True,<泛类型>,《宗地图》为宗教古图，涉文物保护。,文物保护,(6-7) 泛型法条被AI分为具体分类'文物保护'，应删除 | 原标记: <泛类型> | 法条: 《宗地图》
《定量包装商品净含量计量检验抽样单》,计量/器具,ai,True,<泛类型>,涉及定量包装商品净含量计量检验。,计量/器具,(6-7) 泛型法条被AI分为具体分类'计量/器具'，应删除 | 原标记: <泛类型> | 法条: 《定量包装商品净含量计量检验抽样单》
《定量包装商品净含量计量检验规则》,计量/器具,ai,True,<泛类型>,涉及定量包装商品净含量计量检验规则。,计量/器具,(6-7) 泛型法条被AI分为具体分类'计量/器具'，应删除 | 原标记: <泛类型> | 法条: 《定量包装商品净含量计量检验规则》
《定金合同》,消费者权益/市场秩序,ai,True,<泛类型>,《定金合同》属交易合同纠纷。,消费者权益纠纷,(6-7) 泛型法条被AI分为具体分类'消费者权益/市场秩序'，应删除 | 原标记: <泛类型> | 法条: 《定金合同》
《宜宾市规划和建设局准予建设行政许可决定书》,建设工程与房地产,ai,True,<泛类型>,《建设许可决定书》涉及建设活动。,建设工程,(6-7) 泛型法条被AI分为具体分类'建设工程与房地产'，应删除 | 原标记: <泛类型> | 法条: 《宜宾市规划和建设局准予建设行政许可决定书》
《宝宝肉松和宝宝肉酥系列》,产品质量与安全,ai,True,<泛类型>,《宝宝肉松和宝宝肉酥系列》属食品领域规制。,食品药品,(6-7) 泛型法条被AI分为具体分类'产品质量与安全'，应删除 | 原标记: <泛类型> | 法条: 《宝宝肉松和宝宝肉酥系列》
《宝鸡日报》,公共文化与传媒,ai,True,<泛类型>,《宝鸡日报》属新闻出版传媒领域。,公共文化与传媒,(6-7) 泛型法条被AI分为具体分类'公共文化与传媒'，应删除 | 原标记: <泛类型> | 法条: 《宝鸡日报》
《实名乘车清单》,交通运输,ai,True,<泛类型>,与实名乘车制度、客运管理相关。,交通运输违规,(6-7) 泛型法条被AI分为具体分类'交通运输'，应删除 | 原标记: <泛类型> | 法条: 《实名乘车清单》
《实施强制管理的计量器具目录》,计量/器具,ai,True,<泛类型>,涉及强制管理计量器具目录规定。,计量/器具,(6-7) 泛型法条被AI分为具体分类'计量/器具'，应删除 | 原标记: <泛类型> | 法条: 《实施强制管理的计量器具目录》
《实施强制管理的计量器目录》,计量/器具,ai,True,<泛类型>,涉及计量器具强制管理目录规定。,计量/器具,(6-7) 泛型法条被AI分为具体分类'计量/器具'，应删除 | 原标记: <泛类型> | 法条: 《实施强制管理的计量器目录》
《实施行政强制决（甘）执法证字第N130028023号（临州）市监罚字[2021]食生-2号定书》,产品质量与安全,ai,True,<泛类型>,文号含“食生”，属食品领域。,食品药品,(6-7) 泛型法条被AI分为具体分类'产品质量与安全'，应删除 | 原标记: <泛类型> | 法条: 《实施行政强制决（甘）执法证字第N130028023号（临州）市监罚字[2021]食生-2号定书》
《实用新型专利证书》,侵犯商标/知识产权,ai,True,<泛类型>,涉及专利证书内容，属知识产权类。,侵犯商标/知识产权,(6-7) 泛型法条被AI分为具体分类'侵犯商标/知识产权'，应删除 | 原标记: <泛类型> | 法条: 《实用新型专利证书》
《实际用海面积测量成果技术报告》,环境保护,ai,True,<泛类型>,涉及“用海面积”管理，属海域水资源。,水资源,(6-7) 泛型法条被AI分为具体分类'环境保护'，应删除 | 原标记: <泛类型> | 法条: 《实际用海面积测量成果技术报告》
《客户业务回单》,金融/账户,ai,True,<泛类型>,客户业务回单属于账户结算凭证。,金融/账户,(6-7) 泛型法条被AI分为具体分类'金融/账户'，应删除 | 原标记: <泛类型> | 法条: 《客户业务回单》
《客户退款明细表》,财税与金融监管,ai,True,<泛类型>,《客户退款明细表》属财务账务管理。,会计/账务,(6-7) 泛型法条被AI分为具体分类'财税与金融监管'，应删除 | 原标记: <泛类型> | 法条: 《客户退款明细表》
《宣城市城市管理条例》第三十条(八)项,*市容环境管理*,ai,True,<泛类型>,城市管理条例属市容环境管理。,*市容环境管理*,(6-6) AI分类含星号'*市容环境管理*'，分类不确定 | 法条: 《宣城市城市管理条例》第三十条(八)项
《宣城市城市管理条例》第三十条(八)项根据,*城市市容环境管理*,ai,True,<泛类型>,依据城市管理条例调整市容环境。,*城市市容环境管理*,(6-6) AI分类含星号'*城市市容环境管理*'，分类不确定 | 法条: 《宣城市城市管理条例》第三十条(八)项根据
《宣城市城市管理条例》第三十条第(九)项规定,*城市市容管理*,ai,True,<泛类型>,依据城市管理条例，属市容管理。,*城市市容管理*,(6-6) AI分类含星号'*城市市容管理*'，分类不确定 | 法条: 《宣城市城市管理条例》第三十条第(九)项规定
《宣城市城市管理条例》第三十条第(八)项,*市容环境管理*,ai,True,<泛类型>,依据城市管理条例属市容环境领域。,*市容环境管理*,(6-6) AI分类含星号'*市容环境管理*'，分类不确定 | 法条: 《宣城市城市管理条例》第三十条第(八)项
《宣城市城市管理条例》第十五条第三项,建筑使用安全,ai,True,<泛类型>,城市管理条例多规制市政建筑使用。,建筑使用安全,(6-7) 泛型法条被AI分为具体分类'建筑使用安全'，应删除 | 原标记: <泛类型> | 法条: 《宣城市城市管理条例》第十五条第三项
《宣汉县市场监督管理局关于开展2021年度定量包装和限制过度包装商品计量监督抽查的通知》,计量/器具,ai,True,<泛类型>,涉及定量包装及商品计量监督抽查。,计量/器具,(6-7) 泛型法条被AI分为具体分类'计量/器具'，应删除 | 原标记: <泛类型> | 法条: 《宣汉县市场监督管理局关于开展2021年度定量包装和限制过度包装商品计量监督抽查的通知》
《室内装饰装修材料 人造板及其制品中甲醛释放限量》,产品质量与安全,ai,True,<泛类型>,规范甲醛限量指标的材料质量标准。,产品质量,(6-7) 泛型法条被AI分为具体分类'产品质量与安全'，应删除 | 原标记: <泛类型> | 法条: 《室内装饰装修材料 人造板及其制品中甲醛释放限量》
《室内装饰装修材料人造板及其制品中甲醛释放量限量》,产品质量与安全,ai,True,<泛类型>,产品中甲醛限量标准属质量要求。,产品质量,(6-7) 泛型法条被AI分为具体分类'产品质量与安全'，应删除 | 原标记: <泛类型> | 法条: 《室内装饰装修材料人造板及其制品中甲醛释放量限量》
《室外管道平面图》,建设工程与房地产,ai,True,<泛类型>,《室外管道平面图》属工程设计内容。,建设工程,(6-7) 泛型法条被AI分为具体分类'建设工程与房地产'，应删除 | 原标记: <泛类型> | 法条: 《室外管道平面图》
《家具制造行业挥发性有机化合物排放标准》,环境保护,ai,True,<泛类型>,涉及大气污染物排放标准规定。,环境保护,(6-7) 泛型法条被AI分为具体分类'环境保护'，应删除 | 原标记: <泛类型> | 法条: 《家具制造行业挥发性有机化合物排放标准》
《家家乐超市商品验收单》,产品质量与安全,ai,True,<泛类型>,超市商品验收通常对应食品药品监管。,食品药品,(6-7) 泛型法条被AI分为具体分类'产品质量与安全'，应删除 | 原标记: <泛类型> | 法条: 《家家乐超市商品验收单》
《家庭杂志社》,公共文化与传媒,ai,True,<泛类型>,《家庭杂志社》属出版传媒领域。,公共文化与传媒,(6-7) 泛型法条被AI分为具体分类'公共文化与传媒'，应删除 | 原标记: <泛类型> | 法条: 《家庭杂志社》
《家用和类似用途插头插座/第1部分：通用要求》,产品质量与安全,ai,True,<泛类型>,《插头插座通用要求》属产品质量标准。,产品质量,(6-7) 泛型法条被AI分为具体分类'产品质量与安全'，应删除 | 原标记: <泛类型> | 法条: 《家用和类似用途插头插座/第1部分：通用要求》
《家用和类似用途插头插座/第2部分：转换器的特殊要求》,产品质量与安全,ai,True,<泛类型>,《插头插座》产品安全技术标准相关。,产品质量,(6-7) 泛型法条被AI分为具体分类'产品质量与安全'，应删除 | 原标记: <泛类型> | 法条: 《家用和类似用途插头插座/第2部分：转换器的特殊要求》
《家用和类似用途插头插座第2部分：转换器的特殊要求》,产品质量与安全,ai,True,<泛类型>,涉及家用插头插座产品技术标准。,产品质量,(6-7) 泛型法条被AI分为具体分类'产品质量与安全'，应删除 | 原标记: <泛类型> | 法条: 《家用和类似用途插头插座第2部分：转换器的特殊要求》
《家用和类似用途的带过电流保护的剩余电流动作断路器（RCBO）第1部分：一般规则》,产品质量与安全,ai,True,<泛类型>,涉及家用电器产品技术标准规范。,产品质量,(6-7) 泛型法条被AI分为具体分类'产品质量与安全'，应删除 | 原标记: <泛类型> | 法条: 《家用和类似用途的带过电流保护的剩余电流动作断路器（RCBO）第1部分：一般规则》
《家用和类似用途的带过电流保护的剩余电流动作断路器（RCBO）第22部分：一般规则对动作功能与电源电压有关的RCBO的适用性》,产品质量与安全,ai,True,<泛类型>,涉及电气产品技术标准与适用性。,产品质量,(6-7) 泛型法条被AI分为具体分类'产品质量与安全'，应删除 | 原标记: <泛类型> | 法条: 《家用和类似用途的带过电流保护的剩余电流动作断路器（RCBO）第22部分：一般规则对动作功能与电源电...
《家用汽车产品修理、更换、退货责任规定》第四条,消费者权益/市场秩序,ai,True,<泛类型>,《家用汽车三包》属消费者权益保障。,消费者权益纠纷,(6-7) 泛型法条被AI分为具体分类'消费者权益/市场秩序'，应删除 | 原标记: <泛类型> | 法条: 《家用汽车产品修理、更换、退货责任规定》第四条
《容积式空气压缩机能效限定值及能效等级》,产品质量与安全,ai,True,<泛类型>,涉及设备能效标准属产品质量管理。,产品质量,(6-7) 泛型法条被AI分为具体分类'产品质量与安全'，应删除 | 原标记: <泛类型> | 法条: 《容积式空气压缩机能效限定值及能效等级》
《对公信贷业务借据》,财税与金融监管,ai,True,<泛类型>,标题为对公信贷借据，属信贷业务。,金融/信贷违规,(6-7) 泛型法条被AI分为具体分类'财税与金融监管'，应删除 | 原标记: <泛类型> | 法条: 《对公信贷业务借据》
《对样品编号32932100170检测报告的修改/补充通知单QDCC-JL-56》,产品质量与安全,ai,True,<泛类型>,涉及样品检测报告的修改补充内容。,产品质量,(6-7) 泛型法条被AI分为具体分类'产品质量与安全'，应删除 | 原标记: <泛类型> | 法条: 《对样品编号32932100170检测报告的修改/补充通知单QDCC-JL-56》
《寿宁县城市管理局职能配置、内设机构和人员编制规定》,*城市管理执法*,ai,True,<泛类型>,依据城市管理局职能规定执法。,*城市管理执法*,(6-6) AI分类含星号'*城市管理执法*'，分类不确定 | 法条: 《寿宁县城市管理局职能配置、内设机构和人员编制规定》
《小型水库承包经营合同》,环境保护,ai,True,<泛类型>,涉及水库承包经营管理事项。,水资源,(6-7) 泛型法条被AI分为具体分类'环境保护'，应删除 | 原标记: <泛类型> | 法条: 《小型水库承包经营合同》
《小学生必背古诗词75首1·练字帖》,公共文化与传媒,ai,True,<泛类型>,涉及小学古诗练字教材出版内容。,公共文化与传媒,(6-7) 泛型法条被AI分为具体分类'公共文化与传媒'，应删除 | 原标记: <泛类型> | 法条: 《小学生必背古诗词75首1·练字帖》
《小绞车安装、使用、管理暂行规定》,安全生产,ai,True,<泛类型>,矿山小绞车属生产安全设备管理。,安全生产,(6-7) 泛型法条被AI分为具体分类'安全生产'，应删除 | 原标记: <泛类型> | 法条: 《小绞车安装、使用、管理暂行规定》
《尚东庭CBD离梦想更近的Townhouse》,市场秩序与竞争监管,ai,True,<泛类型>,以广告文案标题作为主要依据。,虚假广告/虚假宣传,(6-7) 泛型法条被AI分为具体分类'市场秩序与竞争监管'，应删除 | 原标记: <泛类型> | 法条: 《尚东庭CBD离梦想更近的Townhouse》
《就业服务与就业管理规定》,劳动保障,ai,True,<泛类型>,就业服务管理直指劳动用工领域。,劳动保障/用工,(6-7) 泛型法条被AI分为具体分类'劳动保障'，应删除 | 原标记: <泛类型> | 法条: 《就业服务与就业管理规定》
《就业服务与就业管理规定》第六十七条“用人单位违反本规定第十四条第（二）、（三）项,劳动保障,ai,True,<泛类型>,规范用人单位招聘用工行为。,劳动保障/用工,(6-7) 泛型法条被AI分为具体分类'劳动保障'，应删除 | 原标记: <泛类型> | 法条: 《就业服务与就业管理规定》第六十七条“用人单位违反本规定第十四条第（二）、（三）项
《就业服务与就业管理规定》第十四条第一项,劳动保障,ai,True,<泛类型>,规范就业服务与就业管理领域行为。,劳动保障/用工,(6-7) 泛型法条被AI分为具体分类'劳动保障'，应删除 | 原标记: <泛类型> | 法条: 《就业服务与就业管理规定》第十四条第一项
《就业服务与就业管理规定》第十四条第五项,劳动保障,ai,True,<泛类型>,《就业服务与就业管理规定》属劳动用工管理。,劳动保障/用工,(6-7) 泛型法条被AI分为具体分类'劳动保障'，应删除 | 原标记: <泛类型> | 法条: 《就业服务与就业管理规定》第十四条第五项
《居民死亡医学证明(推断)书》,卫生健康,ai,True,<泛类型>,涉及居民死亡医学证明管理要求。,医疗卫生,(6-7) 泛型法条被AI分为具体分类'卫生健康'，应删除 | 原标记: <泛类型> | 法条: 《居民死亡医学证明(推断)书》
《居民身份证》,*证件身份证管理*,ai,True,<泛类型>,涉及《居民身份证》管理规范。,*证件身份证管理*,(6-6) AI分类含星号'*证件身份证管理*'，分类不确定 | 法条: 《居民身份证》
《居间服务合同》,消费者权益/市场秩序,ai,True,<泛类型>,《居间服务合同》属居间消费服务纠纷。,消费者权益纠纷,(6-7) 泛型法条被AI分为具体分类'消费者权益/市场秩序'，应删除 | 原标记: <泛类型> | 法条: 《居间服务合同》
《山东星之联生物科技股份有限公司总平面布置图》,建设工程与房地产,ai,True,<泛类型>,涉及企业总平面布置图，属建设规划。,建设工程,(6-7) 泛型法条被AI分为具体分类'建设工程与房地产'，应删除 | 原标记: <泛类型> | 法条: 《山东星之联生物科技股份有限公司总平面布置图》
《山东省LED灯具产品评价性抽查实施细则》,产品质量与安全,ai,True,<泛类型>,LED灯具抽查细则，属于产品质量监管。,产品质量,(6-7) 泛型法条被AI分为具体分类'产品质量与安全'，应删除 | 原标记: <泛类型> | 法条: 《山东省LED灯具产品评价性抽查实施细则》
《山东省“大棚房”另案处理问题清单》,建设工程与房地产,ai,True,<泛类型>,“大棚房”整治系违法占地问题。,房地产/土地,(6-7) 泛型法条被AI分为具体分类'建设工程与房地产'，应删除 | 原标记: <泛类型> | 法条: 《山东省“大棚房”另案处理问题清单》
《山东省产前诊断技术管理办法实施细则》第四十六条,卫生健康,ai,True,<泛类型>,产前诊断技术管理，属医疗服务监管。,医疗卫生,(6-7) 泛型法条被AI分为具体分类'卫生健康'，应删除 | 原标记: <泛类型> | 法条: 《山东省产前诊断技术管理办法实施细则》第四十六条
《山东省人民防空行政处罚裁量基准》,*人民防空管理*,ai,True,<泛类型>,《人民防空法》相关行政处罚裁量基准。,*人民防空管理*,(6-6) AI分类含星号'*人民防空管理*'，分类不确定 | 法条: 《山东省人民防空行政处罚裁量基准》
《山东省人社系统行政处罚裁量基准》,劳动保障,ai,True,<泛类型>,人社系统处罚，多涉劳动用工纠纷。,劳动保障/用工,(6-7) 泛型法条被AI分为具体分类'劳动保障'，应删除 | 原标记: <泛类型> | 法条: 《山东省人社系统行政处罚裁量基准》
《山东省住房城乡建设系统行政处罚裁量基准（试行）》,建设工程与房地产,ai,True,<泛类型>,住房城乡建设系统行政处罚裁量基准适用建设领域。,建设工程,(6-7) 泛型法条被AI分为具体分类'建设工程与房地产'，应删除 | 原标记: <泛类型> | 法条: 《山东省住房城乡建设系统行政处罚裁量基准（试行）》
《山东省住房城乡建设系统行政处罚裁量基准（试行）》第107项,建设工程与房地产,ai,True,<泛类型>,出自住建系统裁量基准，属工程监管。,建设工程,(6-7) 泛型法条被AI分为具体分类'建设工程与房地产'，应删除 | 原标记: <泛类型> | 法条: 《山东省住房城乡建设系统行政处罚裁量基准（试行）》第107项
《山东省供热条例》第15条的规定,*供热服务管理*,ai,True,<泛类型>,依据地方供热条例，属供热管理。,*供热服务管理*,(6-6) AI分类含星号'*供热服务管理*'，分类不确定 | 法条: 《山东省供热条例》第15条的规定
《山东省农村公路条例》第四十六条第一款,交通运输,ai,True,<泛类型>,农村公路条例属公路管理范畴。,交通运输违规,(6-7) 泛型法条被AI分为具体分类'交通运输'，应删除 | 原标记: <泛类型> | 法条: 《山东省农村公路条例》第四十六条第一款
《山东省卫生健康行政处罚裁量基准》第二百七十九条,卫生健康,ai,True,<泛类型>,依据省级卫生健康罚则条款判定。,医疗卫生,(6-7) 泛型法条被AI分为具体分类'卫生健康'，应删除 | 原标记: <泛类型> | 法条: 《山东省卫生健康行政处罚裁量基准》第二百七十九条
《山东省卫生健康行政处罚裁量基准》第四百五十二条,卫生健康,ai,True,<泛类型>,引用卫生健康行政处罚裁量基准条款。,医疗卫生,(6-7) 泛型法条被AI分为具体分类'卫生健康'，应删除 | 原标记: <泛类型> | 法条: 《山东省卫生健康行政处罚裁量基准》第四百五十二条
《山东省卫生计生行政处罚裁量基准》,卫生健康,ai,True,<泛类型>,《卫生计生行政处罚裁量基准》属医疗监管。,医疗卫生,(6-7) 泛型法条被AI分为具体分类'卫生健康'，应删除 | 原标记: <泛类型> | 法条: 《山东省卫生计生行政处罚裁量基准》
《山东省卫生计生行政处罚裁量基准》第464条,卫生健康,ai,True,<泛类型>,依据卫生计生行政处罚裁量内容归类。,医疗卫生,(6-7) 泛型法条被AI分为具体分类'卫生健康'，应删除 | 原标记: <泛类型> | 法条: 《山东省卫生计生行政处罚裁量基准》第464条
《山东省发展和改革委关于完善转供电环节电价政策的通知》,市场秩序与竞争监管,ai,True,<泛类型>,电价政策调整，属价格收费管理。,价格/收费,(6-7) 泛型法条被AI分为具体分类'市场秩序与竞争监管'，应删除 | 原标记: <泛类型> | 法条: 《山东省发展和改革委关于完善转供电环节电价政策的通知》
《山东省发展和改革委关于工商业非电网直供环节电价政策有关事项的通知》,市场秩序与竞争监管,ai,True,<泛类型>,《非电网直供环节电价政策》属价格管理。,价格/收费,(6-7) 泛型法条被AI分为具体分类'市场秩序与竞争监管'，应删除 | 原标记: <泛类型> | 法条: 《山东省发展和改革委关于工商业非电网直供环节电价政策有关事项的通知》
《山东省固定资产投资项目节能审查实施办法》第三条,环境保护,ai,True,<泛类型>,节能审查属能源利用及环保管理。,环境保护,(6-7) 泛型法条被AI分为具体分类'环境保护'，应删除 | 原标记: <泛类型> | 法条: 《山东省固定资产投资项目节能审查实施办法》第三条
《山东省国土资源行政处罚裁量基准》,建设工程与房地产,ai,True,<泛类型>,依据国土资源处罚基准，属土地类违法。,房地产/土地,(6-7) 泛型法条被AI分为具体分类'建设工程与房地产'，应删除 | 原标记: <泛类型> | 法条: 《山东省国土资源行政处罚裁量基准》
《山东省城市建设管理条例》第三十五条第一款,建设工程与房地产,ai,True,<泛类型>,城市建设管理条例，属建设活动监管。,建设工程,(6-7) 泛型法条被AI分为具体分类'建设工程与房地产'，应删除 | 原标记: <泛类型> | 法条: 《山东省城市建设管理条例》第三十五条第一款
《山东省城市建设管理条例》第四十二条,建设工程与房地产,ai,True,<泛类型>,城市建设管理条例属工程建设领域。,建设工程,(6-7) 泛型法条被AI分为具体分类'建设工程与房地产'，应删除 | 原标记: <泛类型> | 法条: 《山东省城市建设管理条例》第四十二条
《山东省工商行政管理机关规范行政处罚自由裁量权办法(试行)》第十三条（一）项,其他,ai,True,<泛类型>,仅给出条款序号，无法判断内容。,其他违法行为,(6-5) 程序性 | 匹配模式: '行政处罚自由裁量权' | 法条: 《山东省工商行政管理机关规范行政处罚自由裁量权办法(试行)》第十三条（一）项
《山东省工商行政管理机关规范行政处罚自由裁量权办法》第十三条第一项,其他,ai,True,<泛类型>,仅给出条款序号，无法判断内容。,其他违法行为,(6-5) 程序性 | 匹配模式: '行政处罚自由裁量权' | 法条: 《山东省工商行政管理机关规范行政处罚自由裁量权办法》第十三条第一项
《山东省工商行政管理机关规范行政处罚自由裁量权办法》第十三条第（一）项、第（二）项,其他,ai,True,<泛类型>,仅为程序法条，未指向具体领域。,其他违法行为,(6-5) 程序性 | 匹配模式: '行政处罚自由裁量权' | 法条: 《山东省工商行政管理机关规范行政处罚自由裁量权办法》第十三条第（一）项、第（二）项
《山东省工商行政管理机关规范行政处罚自由裁量权办法（试行）》第十三条,其他,ai,True,<泛类型>,仅提供条文标题，无法判断具体内容。,其他违法行为,(6-5) 程序性 | 匹配模式: '行政处罚自由裁量权' | 法条: 《山东省工商行政管理机关规范行政处罚自由裁量权办法（试行）》第十三条
《山东省工商行政管理机关规范行政处罚自由裁量权实施办法（试行）》,其他,ai,True,<泛类型>,仅为程序性执法规范，无具体领域。,其他违法行为,(6-5) 程序性 | 匹配模式: '行政处罚自由裁量权' | 法条: 《山东省工商行政管理机关规范行政处罚自由裁量权实施办法（试行）》
《山东省市场监督管理局行使行政处罚裁量权适用规则(试行)》第十一条,其他,ai,True,<泛类型>,仅有条款编号，无具体内容可判。,其他违法行为,(6-5) 程序性 | 匹配模式: '行政处罚裁量权' | 法条: 《山东省市场监督管理局行使行政处罚裁量权适用规则(试行)》第十一条
《山东省市场监督管理局行使行政处罚裁量权适用规则》第十条、第十一条,其他,ai,True,<泛类型>,仅为裁量规则条款，无法细分。,其他违法行为,(6-5) 程序性 | 匹配模式: '行政处罚裁量权' | 法条: 《山东省市场监督管理局行使行政处罚裁量权适用规则》第十条、第十一条
《山东省市场监督管理局行使行政处罚裁量权适用规则（试行）》第十二条第（五）（六）项,其他,ai,True,<泛类型>,仅给出条款序号，无具体内容。,其他违法行为,(6-5) 程序性 | 匹配模式: '行政处罚裁量权' | 法条: 《山东省市场监督管理局行使行政处罚裁量权适用规则（试行）》第十二条第（五）（六）项
《山东省市场监督管理行政处罚裁量基准》第九章第五条第（二）款第1项,市场秩序与竞争监管,ai,True,<泛类型>,属市场监管裁量基准，侧重市场秩序。,消费者权益/市场秩序,(6-7) 泛型法条被AI分为具体分类'市场秩序与竞争监管'，应删除 | 原标记: <泛类型> | 法条: 《山东省市场监督管理行政处罚裁量基准》第九章第五条第（二）款第1项
《山东省市场监督管理行政处罚裁量权适用规则》,其他,ai,True,<泛类型>,仅给出裁量规则名称，无法细分。,其他违法行为,(6-5) 程序性 | 匹配模式: '行政处罚裁量权' | 法条: 《山东省市场监督管理行政处罚裁量权适用规则》
《山东省建筑市场管理条例》,建设工程与房地产,ai,True,<泛类型>,依据建筑市场管理条例，属建设活动。,建设工程,(6-7) 泛型法条被AI分为具体分类'建设工程与房地产'，应删除 | 原标记: <泛类型> | 法条: 《山东省建筑市场管理条例》
《山东省建筑市场管理条例》第三十一条之规定,建设工程与房地产,ai,True,<泛类型>,《建筑市场管理条例》属工程建设领域。,建设工程,(6-7) 泛型法条被AI分为具体分类'建设工程与房地产'，应删除 | 原标记: <泛类型> | 法条: 《山东省建筑市场管理条例》第三十一条之规定
《山东省建筑市场管理条例》第二十条,建设工程与房地产,ai,True,<泛类型>,基于建筑市场管理条例内容推断。,建设工程,(6-7) 泛型法条被AI分为具体分类'建设工程与房地产'，应删除 | 原标记: <泛类型> | 法条: 《山东省建筑市场管理条例》第二十条
《山东省建筑市场管理条例》第二十条第一款,建设工程与房地产,ai,True,<泛类型>,属于建筑市场管理领域规范。,建设工程,(6-7) 泛型法条被AI分为具体分类'建设工程与房地产'，应删除 | 原标记: <泛类型> | 法条: 《山东省建筑市场管理条例》第二十条第一款
《山东省建筑市场管理条例》第二十第一款之规定,建设工程与房地产,ai,True,<泛类型>,《建筑市场管理条例》属建设工程领域。,建设工程,(6-7) 泛型法条被AI分为具体分类'建设工程与房地产'，应删除 | 原标记: <泛类型> | 法条: 《山东省建筑市场管理条例》第二十第一款之规定
《山东省建筑市场管理条例》第五十条(五)处罚款,建设工程与房地产,ai,True,<泛类型>,《建筑市场管理条例》属工程建设管理。,建设工程,(6-7) 泛型法条被AI分为具体分类'建设工程与房地产'，应删除 | 原标记: <泛类型> | 法条: 《山东省建筑市场管理条例》第五十条(五)处罚款
《山东省建筑市场管理条例》第五十条“违反本条,建设工程与房地产,ai,True,<泛类型>,依据建筑市场管理条例，属建设活动。,建设工程,(6-7) 泛型法条被AI分为具体分类'建设工程与房地产'，应删除 | 原标记: <泛类型> | 法条: 《山东省建筑市场管理条例》第五十条“违反本条
《山东省建筑市场管理条例》第十六条、第二十条第一款,建设工程与房地产,ai,True,<泛类型>,引用建筑市场管理条例，属建设领域。,建设工程,(6-7) 泛型法条被AI分为具体分类'建设工程与房地产'，应删除 | 原标记: <泛类型> | 法条: 《山东省建筑市场管理条例》第十六条、第二十条第一款
《山东省建筑市场管理条例》第四十九条,建设工程与房地产,ai,True,<泛类型>,依据建筑市场管理地方性法规。,建设工程,(6-7) 泛型法条被AI分为具体分类'建设工程与房地产'，应删除 | 原标记: <泛类型> | 法条: 《山东省建筑市场管理条例》第四十九条
《山东省建筑市场管理条例》第四十九条(六)处罚款,建设工程与房地产,ai,True,<泛类型>,依据建筑市场管理条例属工程领域。,建设工程,(6-7) 泛型法条被AI分为具体分类'建设工程与房地产'，应删除 | 原标记: <泛类型> | 法条: 《山东省建筑市场管理条例》第四十九条(六)处罚款
《山东省建筑市场管理条例》第四十九条之规定,建设工程与房地产,ai,True,<泛类型>,《建筑市场管理条例》属建设领域规制。,建设工程,(6-7) 泛型法条被AI分为具体分类'建设工程与房地产'，应删除 | 原标记: <泛类型> | 法条: 《山东省建筑市场管理条例》第四十九条之规定
《山东省建筑市场管理条例》第四十九条第四项,建设工程与房地产,ai,True,<泛类型>,建筑市场管理条例属建设工程领域。,建设工程,(6-7) 泛型法条被AI分为具体分类'建设工程与房地产'，应删除 | 原标记: <泛类型> | 法条: 《山东省建筑市场管理条例》第四十九条第四项
《山东省建筑市场管理条例》第四十九条第（二）、第（四）项,建设工程与房地产,ai,True,<泛类型>,依据建筑市场管理条例属建设工程。,建设工程,(6-7) 泛型法条被AI分为具体分类'建设工程与房地产'，应删除 | 原标记: <泛类型> | 法条: 《山东省建筑市场管理条例》第四十九条第（二）、第（四）项
《山东省建筑市场管理条例》第四十二条,建设工程与房地产,ai,True,<泛类型>,依据建筑市场管理条例，属建设领域。,建设工程,(6-7) 泛型法条被AI分为具体分类'建设工程与房地产'，应删除 | 原标记: <泛类型> | 法条: 《山东省建筑市场管理条例》第四十二条
《山东省建筑市场管理条例》第四十二条,建设工程与房地产,ai,True,<泛类型>,依据建筑市场管理条例，属建设管理。,建设工程,(6-7) 泛型法条被AI分为具体分类'建设工程与房地产'，应删除 | 原标记: <泛类型> | 法条: 《山东省建筑市场管理条例》第四十二条
《山东省建筑市场管理条例》第四十二条第一款,建设工程与房地产,ai,True,<泛类型>,《建筑市场管理条例》属建设工程领域。,建设工程,(6-7) 泛型法条被AI分为具体分类'建设工程与房地产'，应删除 | 原标记: <泛类型> | 法条: 《山东省建筑市场管理条例》第四十二条第一款
《山东省建筑市场管理条例》第四十八条,建设工程与房地产,ai,True,<泛类型>,依据建筑市场管理条例内容，属建设领域。,建设工程,(6-7) 泛型法条被AI分为具体分类'建设工程与房地产'，应删除 | 原标记: <泛类型> | 法条: 《山东省建筑市场管理条例》第四十八条
《山东省建筑市场管理条例》第四十四条,建设工程与房地产,ai,True,<泛类型>,引用建筑市场管理条例，属建设活动。,建设工程,(6-7) 泛型法条被AI分为具体分类'建设工程与房地产'，应删除 | 原标记: <泛类型> | 法条: 《山东省建筑市场管理条例》第四十四条
《山东省水行政处罚裁量基准》,环境保护,ai,True,<泛类型>,依据水行政处罚裁量基准，属水事违法。,水资源,(6-7) 泛型法条被AI分为具体分类'环境保护'，应删除 | 原标记: <泛类型> | 法条: 《山东省水行政处罚裁量基准》
《山东省水行政处罚裁量基准》0006项,环境保护,ai,True,<泛类型>,水行政处罚裁量基准，属水事违法。,水资源,(6-7) 泛型法条被AI分为具体分类'环境保护'，应删除 | 原标记: <泛类型> | 法条: 《山东省水行政处罚裁量基准》0006项
《山东省水行政处罚裁量基准》第0005项,环境保护,ai,True,<泛类型>,属水行政处罚裁量基准事项。,水资源,(6-7) 泛型法条被AI分为具体分类'环境保护'，应删除 | 原标记: <泛类型> | 法条: 《山东省水行政处罚裁量基准》第0005项
《山东省水行政处罚裁量基准》第006条,环境保护,ai,True,<泛类型>,条文属水行政处罚裁量基准。,水资源,(6-7) 泛型法条被AI分为具体分类'环境保护'，应删除 | 原标记: <泛类型> | 法条: 《山东省水行政处罚裁量基准》第006条
《山东省水资源条例》第三十六条第一款,环境保护,ai,True,<泛类型>,依据山东省水资源条例条款内容。,水资源,(6-7) 泛型法条被AI分为具体分类'环境保护'，应删除 | 原标记: <泛类型> | 法条: 《山东省水资源条例》第三十六条第一款
《山东省畜禽屠宰管理办法》第十八条第二款,产品质量与安全,ai,True,<泛类型>,《畜禽屠宰管理办法》属食品安全监管。,食品药品,(6-7) 泛型法条被AI分为具体分类'产品质量与安全'，应删除 | 原标记: <泛类型> | 法条: 《山东省畜禽屠宰管理办法》第十八条第二款
《山东省网络预约出租汽车监管信息交互平台》,交通运输,ai,True,<泛类型>,与网约车监管平台管理密切相关。,交通运输违规,(6-7) 泛型法条被AI分为具体分类'交通运输'，应删除 | 原标记: <泛类型> | 法条: 《山东省网络预约出租汽车监管信息交互平台》
《山东莱钢永锋钢铁有限公司“5·14”一般触电事故调查报告》,安全生产,ai,True,<泛类型>,一般触电事故调查，属于安全生产事故。,安全生产,(6-7) 泛型法条被AI分为具体分类'安全生产'，应删除 | 原标记: <泛类型> | 法条: 《山东莱钢永锋钢铁有限公司“5·14”一般触电事故调查报告》
《山东隆盛钢铁有限公司防雷装备定期检测报告》,安全生产,ai,True,<泛类型>,防雷装备检测涉及企业安全生产管理。,安全生产,(6-7) 泛型法条被AI分为具体分类'安全生产'，应删除 | 原标记: <泛类型> | 法条: 《山东隆盛钢铁有限公司防雷装备定期检测报告》
《山西省发展和改革委员会关于印发的通知》第四条,市场秩序与竞争监管,ai,True,<泛类型>,发改委文件多规范价格收费行为。,价格/收费,(6-7) 泛型法条被AI分为具体分类'市场秩序与竞争监管'，应删除 | 原标记: <泛类型> | 法条: 《山西省发展和改革委员会关于印发的通知》第四条
《山西省定价目录》,市场秩序与竞争监管,ai,True,<泛类型>,定价目录属于政府价格管理规范。,价格/收费,(6-7) 泛型法条被AI分为具体分类'市场秩序与竞争监管'，应删除 | 原标记: <泛类型> | 法条: 《山西省定价目录》
《山西省统计局统计行政处罚裁量基准》第八条,统计相关,ai,True,<泛类型>,明确为统计行政处罚裁量基准相关。,统计相关,(6-7) 泛型法条被AI分为具体分类'统计相关'，应删除 | 原标记: <泛类型> | 法条: 《山西省统计局统计行政处罚裁量基准》第八条
《岱山县疾病预防控制中心样品委托单》,卫生健康,ai,True,<泛类型>,涉及疾病预防控制中心相关文书。,医疗卫生,(6-7) 泛型法条被AI分为具体分类'卫生健康'，应删除 | 原标记: <泛类型> | 法条: 《岱山县疾病预防控制中心样品委托单》
《岳阳经济技术开发区市场监管局责令退款通知书》,消费者权益/市场秩序,ai,True,<泛类型>,责令向消费者退款，属消费维权。,消费者权益纠纷,(6-7) 泛型法条被AI分为具体分类'消费者权益/市场秩序'，应删除 | 原标记: <泛类型> | 法条: 《岳阳经济技术开发区市场监管局责令退款通知书》
《峻岭天下一期交房传递书》,建设工程与房地产,ai,True,<泛类型>,《交房传递书》涉及房屋交付事项。,房地产/土地,(6-7) 泛型法条被AI分为具体分类'建设工程与房地产'，应删除 | 原标记: <泛类型> | 法条: 《峻岭天下一期交房传递书》
《峻岭天下一期交房流程图》,建设工程与房地产,ai,True,<泛类型>,《交房流程图》涉及商品房交付管理。,房地产/土地,(6-7) 泛型法条被AI分为具体分类'建设工程与房地产'，应删除 | 原标记: <泛类型> | 法条: 《峻岭天下一期交房流程图》
《嵊州市人民政府办公室关于浙江天乐和乐电子有限公司“9·12”机械伤害事故调查报告的批复》,安全生产,ai,True,<泛类型>,“机械伤害事故调查报告”典型安全生产案件。,安全生产,(6-7) 泛型法条被AI分为具体分类'安全生产'，应删除 | 原标记: <泛类型> | 法条: 《嵊州市人民政府办公室关于浙江天乐和乐电子有限公司“9·12”机械伤害事故调查报告的批复》
《嵊州市恒鑫金属制管有限公司“3 · 21 ”高处坠落事故调查报告》,安全生产,ai,True,<泛类型>,“高处坠落事故调查”，典型安全生产事故。,安全生产,(6-7) 泛型法条被AI分为具体分类'安全生产'，应删除 | 原标记: <泛类型> | 法条: 《嵊州市恒鑫金属制管有限公司“3 · 21 ”高处坠落事故调查报告》
《巡游出租汽车经营服务管理规定》,交通运输,ai,True,<泛类型>,出租汽车经营服务管理，属道路运输监管。,交通运输违规,(6-7) 泛型法条被AI分为具体分类'交通运输'，应删除 | 原标记: <泛类型> | 法条: 《巡游出租汽车经营服务管理规定》
《巡游出租汽车经营服务管理规定》第三十六条,交通运输,ai,True,<泛类型>,出租汽车经营服务管理，属交通运输。,交通运输违规,(6-7) 泛型法条被AI分为具体分类'交通运输'，应删除 | 原标记: <泛类型> | 法条: 《巡游出租汽车经营服务管理规定》第三十六条
《巡游出租汽车经营服务管理规定》第二十三条,交通运输,ai,True,<泛类型>,规范出租汽车经营服务行为，属交通运输。,交通运输违规,(6-7) 泛型法条被AI分为具体分类'交通运输'，应删除 | 原标记: <泛类型> | 法条: 《巡游出租汽车经营服务管理规定》第二十三条
《巡游出租汽车经营服务管理规定》第二十三条第十一项,交通运输,ai,True,<泛类型>,出租汽车经营管理规定属道路运输管理。,交通运输违规,(6-7) 泛型法条被AI分为具体分类'交通运输'，应删除 | 原标记: <泛类型> | 法条: 《巡游出租汽车经营服务管理规定》第二十三条第十一项
《巡游出租汽车经营服务管理规定》第二十三条第（八）项,交通运输,ai,True,<泛类型>,出租汽车经营服务管理规定属交通运输领域。,交通运输违规,(6-7) 泛型法条被AI分为具体分类'交通运输'，应删除 | 原标记: <泛类型> | 法条: 《巡游出租汽车经营服务管理规定》第二十三条第（八）项
《巡游出租汽车经营服务管理规定》第八条,交通运输,ai,True,<泛类型>,出租汽车经营管理规范，属交通运输监管。,交通运输违规,(6-7) 泛型法条被AI分为具体分类'交通运输'，应删除 | 原标记: <泛类型> | 法条: 《巡游出租汽车经营服务管理规定》第八条
《巡游出租汽车经营服务管理规定》第八条、第十一条,交通运输,ai,True,<泛类型>,出租汽车经营服务管理，属交通运输领域。,交通运输违规,(6-7) 泛型法条被AI分为具体分类'交通运输'，应删除 | 原标记: <泛类型> | 法条: 《巡游出租汽车经营服务管理规定》第八条、第十一条
《巡游出租汽车经营服务管理规定》第十七条,交通运输,ai,True,<泛类型>,出租汽车经营服务管理，属交通运输。,交通运输违规,(6-7) 泛型法条被AI分为具体分类'交通运输'，应删除 | 原标记: <泛类型> | 法条: 《巡游出租汽车经营服务管理规定》第十七条
《巡游出租汽车经营服务管理规定》第四十七条,交通运输,ai,True,<泛类型>,出租汽车经营管理规定属交通运输领域。,交通运输违规,(6-7) 泛型法条被AI分为具体分类'交通运输'，应删除 | 原标记: <泛类型> | 法条: 《巡游出租汽车经营服务管理规定》第四十七条
《巡游出租汽车经营服务管理规定》第四十七条第三款,交通运输,ai,True,<泛类型>,出租汽车经营管理规定属交通运输领域。,交通运输违规,(6-7) 泛型法条被AI分为具体分类'交通运输'，应删除 | 原标记: <泛类型> | 法条: 《巡游出租汽车经营服务管理规定》第四十七条第三款
《巡游出租汽车经营服务管理规定》第四十七条第三项,交通运输,ai,True,<泛类型>,出租汽车经营服务管理属交通运输领域。,交通运输违规,(6-7) 泛型法条被AI分为具体分类'交通运输'，应删除 | 原标记: <泛类型> | 法条: 《巡游出租汽车经营服务管理规定》第四十七条第三项
《巡游出租汽车经营服务管理规定》第四十七条第六项,交通运输,ai,True,<泛类型>,出租汽车经营管理，属交通运输领域。,交通运输违规,(6-7) 泛型法条被AI分为具体分类'交通运输'，应删除 | 原标记: <泛类型> | 法条: 《巡游出租汽车经营服务管理规定》第四十七条第六项
《巡游出租汽车经营服务管理规定》第四十七条第（一）项,交通运输,ai,True,<泛类型>,巡游出租车经营服务管理事项属交通运输。,交通运输违规,(6-7) 泛型法条被AI分为具体分类'交通运输'，应删除 | 原标记: <泛类型> | 法条: 《巡游出租汽车经营服务管理规定》第四十七条第（一）项
《巡游出租汽车经营服务管理规定》第四十七条第（三）项,交通运输,ai,True,<泛类型>,出租车经营服务管理，属交通运输领域。,交通运输违规,(6-7) 泛型法条被AI分为具体分类'交通运输'，应删除 | 原标记: <泛类型> | 法条: 《巡游出租汽车经营服务管理规定》第四十七条第（三）项
《巡游出租汽车经营服务管理规定》第四十八条第三项,交通运输,ai,True,<泛类型>,出租汽车经营管理，属交通运输领域。,交通运输违规,(6-7) 泛型法条被AI分为具体分类'交通运输'，应删除 | 原标记: <泛类型> | 法条: 《巡游出租汽车经营服务管理规定》第四十八条第三项
《巡游出租汽车经营服务管理规定》第四十八条第二项的规定予以人民币伍佰圆(500元)罚款,交通运输,ai,True,<泛类型>,《巡游出租汽车管理规定》属交通运输领域。,交通运输违规,(6-7) 泛型法条被AI分为具体分类'交通运输'，应删除 | 原标记: <泛类型> | 法条: 《巡游出租汽车经营服务管理规定》第四十八条第二项的规定予以人民币伍佰圆(500元)罚款
《巡游出租汽车经营服务管理规定》第四十八条第二项的规定予以人民币贰佰圆(200元)罚款,交通运输,ai,True,<泛类型>,出租汽车经营管理规定属交通运输范畴。,交通运输违规,(6-7) 泛型法条被AI分为具体分类'交通运输'，应删除 | 原标记: <泛类型> | 法条: 《巡游出租汽车经营服务管理规定》第四十八条第二项的规定予以人民币贰佰圆(200元)罚款
《巡游出租汽车经营服务管理规定》第四十六条二项,交通运输,ai,True,<泛类型>,出租汽车经营服务管理属道路运输领域。,交通运输违规,(6-7) 泛型法条被AI分为具体分类'交通运输'，应删除 | 原标记: <泛类型> | 法条: 《巡游出租汽车经营服务管理规定》第四十六条二项
《巡游出租汽车经营服务管理规定》第四十六条的规定,交通运输,ai,True,<泛类型>,出租汽车经营管理规定属交通运输领域。,交通运输违规,(6-7) 泛型法条被AI分为具体分类'交通运输'，应删除 | 原标记: <泛类型> | 法条: 《巡游出租汽车经营服务管理规定》第四十六条的规定
《巡游出租汽车经营服务管理规定》第四十六条第一项的规定予以人民币叁仟圆(3000元)罚款,交通运输,ai,True,<泛类型>,依据出租汽车管理规定，属交通运输管理领域。,交通运输违规,(6-7) 泛型法条被AI分为具体分类'交通运输'，应删除 | 原标记: <泛类型> | 法条: 《巡游出租汽车经营服务管理规定》第四十六条第一项的规定予以人民币叁仟圆(3000元)罚款
《巡游出租车经营服务管理规定》第二十二条,交通运输,ai,True,<泛类型>,出租车经营服务管理属道路运输监管。,交通运输违规,(6-7) 泛型法条被AI分为具体分类'交通运输'，应删除 | 原标记: <泛类型> | 法条: 《巡游出租车经营服务管理规定》第二十二条
《工作场所有害因素职业接触限值 化学有害因素》,安全生产,ai,True,<泛类型>,涉及作业场所有害化学因素接触限值。,职业卫生/健康,(6-7) 泛型法条被AI分为具体分类'安全生产'，应删除 | 原标记: <泛类型> | 法条: 《工作场所有害因素职业接触限值 化学有害因素》
《工作场所有害因素职业接触限值 第2部分 物理因素》,安全生产,ai,True,<泛类型>,涉及作业场所职业接触限值管理。,职业卫生/健康,(6-7) 泛型法条被AI分为具体分类'安全生产'，应删除 | 原标记: <泛类型> | 法条: 《工作场所有害因素职业接触限值 第2部分 物理因素》
《工作场所有害因素职业接触限值化学有害因素》,安全生产,ai,True,<泛类型>,涉及职业接触限值，属职业卫生管理。,职业卫生/健康,(6-7) 泛型法条被AI分为具体分类'安全生产'，应删除 | 原标记: <泛类型> | 法条: 《工作场所有害因素职业接触限值化学有害因素》
《工作场所有害因素职业接触限值第2部分:物理因素》,安全生产,ai,True,<泛类型>,规范物理有害因素职业接触限值。,职业卫生/健康,(6-7) 泛型法条被AI分为具体分类'安全生产'，应删除 | 原标记: <泛类型> | 法条: 《工作场所有害因素职业接触限值第2部分:物理因素》
《工作场所有害因素职业接触限值第2部分：物理因素》,安全生产,ai,True,<泛类型>,规范作业场所有害物理因素接触限值。,职业卫生/健康,(6-7) 泛型法条被AI分为具体分类'安全生产'，应删除 | 原标记: <泛类型> | 法条: 《工作场所有害因素职业接触限值第2部分：物理因素》
《工作证明》,*行政文书格式问题*,ai,True,<泛类型>,仅出现《工作证明》标题，涉证明文书。,*行政文书格式问题*,(6-6) AI分类含星号'*行政文书格式问题*'，分类不确定 | 法条: 《工作证明》
《工商营业执照》,市场主体与登记治理,ai,True,<泛类型>,《工商营业执照》核心属登记发证管理。,无照经营/登记问题,(6-7) 泛型法条被AI分为具体分类'市场主体与登记治理'，应删除 | 原标记: <泛类型> | 法条: 《工商营业执照》
《工商行政机关行政处罚程序规定》,其他,ai,True,<泛类型>,《程序规定》仅涉处罚程序本身。,其他违法行为,(6-5) 程序性，不含实体违规 | 匹配模式: '行政处罚程序' | 法条: 《工商行政机关行政处罚程序规定》
《工商行政机关行政处罚程序规定》第十六条,其他,ai,True,<泛类型>,仅给出条号，无条文内容无法判断。,其他违法行为,(6-5) 程序性，不含实体违规 | 匹配模式: '行政处罚程序' | 法条: 《工商行政机关行政处罚程序规定》第十六条
《工商行政机关行政处罚程序规定》第十六条、第十七条,其他,ai,True,<泛类型>,仅为程序规定，未涉具体领域。,其他违法行为,(6-5) 程序性，不含实体违规 | 匹配模式: '行政处罚程序' | 法条: 《工商行政机关行政处罚程序规定》第十六条、第十七条
《工商行政管理处罚信息公示暂行规定》,市场主体与登记治理,ai,True,<泛类型>,《处罚信息公示暂行规定》即信息公示管理。,企业信息公示,(6-7) 泛型法条被AI分为具体分类'市场主体与登记治理'，应删除 | 原标记: <泛类型> | 法条: 《工商行政管理处罚信息公示暂行规定》
《工商行政管理机关行政处罚信息公示暂行规定》,市场主体与登记治理,ai,True,<泛类型>,规范行政处罚信息公示行为。,企业信息公示,(6-7) 泛型法条被AI分为具体分类'市场主体与登记治理'，应删除 | 原标记: <泛类型> | 法条: 《工商行政管理机关行政处罚信息公示暂行规定》
《工商行政管理机关行政处罚案件违法所得认定办法》,市场秩序与竞争监管,ai,True,<泛类型>,工商机关处罚程序规范，属市场监管。,消费者权益/市场秩序,(6-7) 泛型法条被AI分为具体分类'市场秩序与竞争监管'，应删除 | 原标记: <泛类型> | 法条: 《工商行政管理机关行政处罚案件违法所得认定办法》
《工商行政管理机关行政处罚案件违法所得认定办法》第三条,财税与金融监管,ai,True,<泛类型>,涉及违法所得认定与账务核算相关。,会计/账务,(6-7) 泛型法条被AI分为具体分类'财税与金融监管'，应删除 | 原标记: <泛类型> | 法条: 《工商行政管理机关行政处罚案件违法所得认定办法》第三条
《工商行政管理机关行政处罚案件违法所得认定办法》第五条,财税与金融监管,ai,True,<泛类型>,涉及违法所得认定，属账务处理范畴。,会计/账务,(6-7) 泛型法条被AI分为具体分类'财税与金融监管'，应删除 | 原标记: <泛类型> | 法条: 《工商行政管理机关行政处罚案件违法所得认定办法》第五条
《工商行政管理机关行政处罚案件违法所得认定办法》第五条“违法提供服务的违法所得按违法提供服务的全部收入扣除该项服务中所使用商品的购进价款,市场秩序与竞争监管,ai,True,<泛类型>,针对违法提供服务收入认定，属收费问题。,价格/收费,(6-7) 泛型法条被AI分为具体分类'市场秩序与竞争监管'，应删除 | 原标记: <泛类型> | 法条: 《工商行政管理机关行政处罚案件违法所得认定办法》第五条“违法提供服务的违法所得按违法提供服务的全部收...
《工商行政管理机关行政处罚案件违法所得认定办法》第四条,财税与金融监管,ai,True,<泛类型>,规定违法所得认定，属账务范畴。,会计/账务,(6-7) 泛型法条被AI分为具体分类'财税与金融监管'，应删除 | 原标记: <泛类型> | 法条: 《工商行政管理机关行政处罚案件违法所得认定办法》第四条
《工商行政管理机关行政处罚案件违法所得认定办法》第四条和第九条,财税与金融监管,ai,True,<泛类型>,涉及违法所得认定与账务核算相关。,会计/账务,(6-7) 泛型法条被AI分为具体分类'财税与金融监管'，应删除 | 原标记: <泛类型> | 法条: 《工商行政管理机关行政处罚案件违法所得认定办法》第四条和第九条
《工商行政管理机关行政处罚程序》,其他,ai,True,<泛类型>,《处罚程序》仅属程序性规定，无法判断。,其他违法行为,(6-5) 程序性，不含实体违规 | 匹配模式: '行政处罚程序' | 法条: 《工商行政管理机关行政处罚程序》
《工商行政管理机关行政处罚程序》第十八条,其他,ai,True,<泛类型>,仅为程序条款标题，无法细分类型。,其他违法行为,(6-5) 程序性，不含实体违规 | 匹配模式: '行政处罚程序' | 法条: 《工商行政管理机关行政处罚程序》第十八条
《工商行政管理机关行政处罚程序暂行规定》第十七条,其他,ai,True,<泛类型>,仅给出条文编号，无法判断内容。,其他违法行为,(6-5) 程序性，不含实体违规 | 匹配模式: '行政处罚程序' | 法条: 《工商行政管理机关行政处罚程序暂行规定》第十七条
《工商行政管理机关行政处罚程序暂行规定》第十三、十四条,其他,ai,True,<泛类型>,仅为程序性规定条款，无法对应具体业务领域。,其他违法行为,(6-5) 程序性，不含实体违规 | 匹配模式: '行政处罚程序' | 法条: 《工商行政管理机关行政处罚程序暂行规定》第十三、十四条
《工商行政管理机关行政处罚程序暂行规定》第十三条,其他,ai,True,<泛类型>,仅给出条号无具体内容无法判断。,其他违法行为,(6-5) 程序性，不含实体违规 | 匹配模式: '行政处罚程序' | 法条: 《工商行政管理机关行政处罚程序暂行规定》第十三条
《工商行政管理机关行政处罚程序暂行规定》第十三条,*行政处罚程序*,ai,True,<泛类型>,仅规范处罚程序，无具体实体违法。,*行政处罚程序*,(6-5) 程序性，不含实体违规 | 匹配模式: '行政处罚程序' | 法条: 《工商行政管理机关行政处罚程序暂行规定》第十三条
《工商行政管理机关行政处罚程序暂行规定》第十六、十七、十八条,其他,ai,True,<泛类型>,仅为程序规定本身，未涉具体领域。,其他违法行为,(6-5) 程序性，不含实体违规 | 匹配模式: '行政处罚程序' | 法条: 《工商行政管理机关行政处罚程序暂行规定》第十六、十七、十八条
《工商行政管理机关行政处罚程序暂行规定》第十六条,其他,ai,True,<泛类型>,仅给出条号，无具体行为内容。,其他违法行为,(6-5) 程序性，不含实体违规 | 匹配模式: '行政处罚程序' | 法条: 《工商行政管理机关行政处罚程序暂行规定》第十六条
《工商行政管理机关行政处罚程序的规定》,市场秩序与竞争监管,ai,True,<泛类型>,《工商处罚程序规定》属市场监管执法规则。,消费者权益/市场秩序,(6-5) 程序性，不含实体违规 | 匹配模式: '行政处罚程序' | 法条: 《工商行政管理机关行政处罚程序的规定》
《工商行政管理机关行政处罚程序规定》,其他,ai,True,<泛类型>,《程序规定》仅涉执法程序本身。,其他违法行为,(6-5) 程序性，不含实体违规 | 匹配模式: '行政处罚程序' | 法条: 《工商行政管理机关行政处罚程序规定》
《工商行政管理机关行政处罚程序规定》第三条,其他,ai,True,<泛类型>,仅为程序规定条文标题，无法细分。,其他违法行为,(6-5) 程序性，不含实体违规 | 匹配模式: '行政处罚程序' | 法条: 《工商行政管理机关行政处罚程序规定》第三条
《工商行政管理机关行政处罚程序规定》第五十三条,其他,ai,True,<泛类型>,仅为程序规定条款编号，无法细分。,其他违法行为,(6-5) 程序性，不含实体违规 | 匹配模式: '行政处罚程序' | 法条: 《工商行政管理机关行政处罚程序规定》第五十三条
《工商行政管理机关行政处罚程序规定》第五十二条,其他,ai,True,<泛类型>,仅给出条文序号无法判断内容。,其他违法行为,(6-5) 程序性，不含实体违规 | 匹配模式: '行政处罚程序' | 法条: 《工商行政管理机关行政处罚程序规定》第五十二条
《工商行政管理机关行政处罚程序规定》第五十二条,其他,ai,True,<泛类型>,仅给出条文序号无法判断具体类型。,其他违法行为,(6-5) 程序性，不含实体违规 | 匹配模式: '行政处罚程序' | 法条: 《工商行政管理机关行政处罚程序规定》第五十二条
《工商行政管理机关行政处罚程序规定》第五十二条第五款,其他,ai,True,<泛类型>,仅给出条款编号，无具体行为描述。,其他违法行为,(6-5) 程序性，不含实体违规 | 匹配模式: '行政处罚程序' | 法条: 《工商行政管理机关行政处罚程序规定》第五十二条第五款
《工商行政管理机关行政处罚程序规定》第五十条第（五）项,其他,ai,True,<泛类型>,仅给出程序规定条款，无法细分。,其他违法行为,(6-5) 程序性，不含实体违规 | 匹配模式: '行政处罚程序' | 法条: 《工商行政管理机关行政处罚程序规定》第五十条第（五）项
《工商行政管理机关行政处罚程序规定》第十一条,其他,ai,True,<泛类型>,仅为程序规定条款标题无法判断。,其他违法行为,(6-5) 程序性，不含实体违规 | 匹配模式: '行政处罚程序' | 法条: 《工商行政管理机关行政处罚程序规定》第十一条
《工商行政管理机关行政处罚程序规定》第十七、十八条,其他,ai,True,<泛类型>,仅为程序规定，未指具体领域。,其他违法行为,(6-5) 程序性，不含实体违规 | 匹配模式: '行政处罚程序' | 法条: 《工商行政管理机关行政处罚程序规定》第十七、十八条
《工商行政管理机关行政处罚程序规定》第十七条,其他,ai,True,<泛类型>,仅为程序性规定条款编号，无法细分。,其他违法行为,(6-5) 程序性，不含实体违规 | 匹配模式: '行政处罚程序' | 法条: 《工商行政管理机关行政处罚程序规定》第十七条
《工商行政管理机关行政处罚程序规定》第十七条、第十八条,其他,ai,True,<泛类型>,仅给出程序规定条文，无法细分违法类型。,其他违法行为,(6-5) 程序性，不含实体违规 | 匹配模式: '行政处罚程序' | 法条: 《工商行政管理机关行政处罚程序规定》第十七条、第十八条
《工商行政管理机关行政处罚程序规定》第十七条和第十八条,其他,ai,True,<泛类型>,仅为程序规定，未涉具体领域。,其他违法行为,(6-5) 程序性，不含实体违规 | 匹配模式: '行政处罚程序' | 法条: 《工商行政管理机关行政处罚程序规定》第十七条和第十八条
《工商行政管理机关行政处罚程序规定》第十三条,其他,ai,True,<泛类型>,仅为程序规定条款，无法具体归类。,其他违法行为,(6-5) 程序性，不含实体违规 | 匹配模式: '行政处罚程序' | 法条: 《工商行政管理机关行政处罚程序规定》第十三条
《工商行政管理机关行政处罚程序规定》第十五条,其他,ai,True,<泛类型>,仅给出条款编号，无具体违法内容。,其他违法行为,(6-5) 程序性，不含实体违规 | 匹配模式: '行政处罚程序' | 法条: 《工商行政管理机关行政处罚程序规定》第十五条
《工商行政管理机关行政处罚程序规定》第十八条,其他,ai,True,<泛类型>,仅为程序规定条款，无法对应具体类型。,其他违法行为,(6-5) 程序性，不含实体违规 | 匹配模式: '行政处罚程序' | 法条: 《工商行政管理机关行政处罚程序规定》第十八条
《工商行政管理机关行政处罚程序规定》第十八条,其他,ai,True,<泛类型>,仅给出条号，无具体行为内容。,其他违法行为,(6-5) 程序性，不含实体违规 | 匹配模式: '行政处罚程序' | 法条: 《工商行政管理机关行政处罚程序规定》第十八条
《工商行政管理机关行政处罚程序规定》第十六、十七、十八条,其他,ai,True,<泛类型>,仅为程序规定，无具体行为描述。,其他违法行为,(6-5) 程序性，不含实体违规 | 匹配模式: '行政处罚程序' | 法条: 《工商行政管理机关行政处罚程序规定》第十六、十七、十八条
《工商行政管理机关行政处罚程序规定》第十六、十七条,其他,ai,True,<泛类型>,条文属程序规定，本身非实体违规。,其他违法行为,(6-5) 程序性，不含实体违规 | 匹配模式: '行政处罚程序' | 法条: 《工商行政管理机关行政处罚程序规定》第十六、十七条
《工商行政管理机关行政处罚程序规定》第十六、十八条,其他,ai,True,<泛类型>,仅见程序规定条款，未涉具体领域。,其他违法行为,(6-5) 程序性，不含实体违规 | 匹配模式: '行政处罚程序' | 法条: 《工商行政管理机关行政处罚程序规定》第十六、十八条
《工商行政管理机关行政处罚程序规定》第十六、第十七条、第十八条,其他,ai,True,<泛类型>,仅为程序规定条文，未涉具体领域。,其他违法行为,(6-5) 程序性，不含实体违规 | 匹配模式: '行政处罚程序' | 法条: 《工商行政管理机关行政处罚程序规定》第十六、第十七条、第十八条
《工商行政管理机关行政处罚程序规定》第十六、第十八条,其他,ai,True,<泛类型>,仅为程序规定条款，无法对应具体领域。,其他违法行为,(6-5) 程序性，不含实体违规 | 匹配模式: '行政处罚程序' | 法条: 《工商行政管理机关行政处罚程序规定》第十六、第十八条
《工商行政管理机关行政处罚程序规定》第十六和十八条,其他,ai,True,<泛类型>,仅知程序规定条款，无法细分类型。,其他违法行为,(6-5) 程序性，不含实体违规 | 匹配模式: '行政处罚程序' | 法条: 《工商行政管理机关行政处罚程序规定》第十六和十八条
《工商行政管理机关行政处罚程序规定》第十六条,其他,ai,True,<泛类型>,仅给出条号，无具体违法内容。,其他违法行为,(6-5) 程序性，不含实体违规 | 匹配模式: '行政处罚程序' | 法条: 《工商行政管理机关行政处罚程序规定》第十六条
《工商行政管理机关行政处罚程序规定》第十六条,*行政处罚程序*,ai,True,<泛类型>,条文仅规范处罚程序本身。,*行政处罚程序*,(6-5) 程序性，不含实体违规 | 匹配模式: '行政处罚程序' | 法条: 《工商行政管理机关行政处罚程序规定》第十六条
《工商行政管理机关行政处罚程序规定》第十六条、十七条,其他,ai,True,<泛类型>,仅为程序规定条款，无法细分类型。,其他违法行为,(6-5) 程序性，不含实体违规 | 匹配模式: '行政处罚程序' | 法条: 《工商行政管理机关行政处罚程序规定》第十六条、十七条
《工商行政管理机关行政处罚程序规定》第十六条、十八条,其他,ai,True,<泛类型>,仅为程序规定，未涉具体领域。,其他违法行为,(6-5) 程序性，不含实体违规 | 匹配模式: '行政处罚程序' | 法条: 《工商行政管理机关行政处罚程序规定》第十六条、十八条
《工商行政管理机关行政处罚程序规定》第十六条、第十七条,其他,ai,True,<泛类型>,仅给出程序规定条款，无法细分。,其他违法行为,(6-5) 程序性，不含实体违规 | 匹配模式: '行政处罚程序' | 法条: 《工商行政管理机关行政处罚程序规定》第十六条、第十七条
《工商行政管理机关行政处罚程序规定》第十六条、第十七条、第十八条,其他,ai,True,<泛类型>,仅为程序规定，无具体违法行为。,不予处罚,(6-5) 程序性，不含实体违规 | 匹配模式: '行政处罚程序' | 法条: 《工商行政管理机关行政处罚程序规定》第十六条、第十七条、第十八条
《工商行政管理机关行政处罚程序规定》第十六条、第十七条和第十八条,其他,ai,True,<泛类型>,仅给出程序规定条文，无法细分类型。,其他违法行为,(6-5) 程序性，不含实体违规 | 匹配模式: '行政处罚程序' | 法条: 《工商行政管理机关行政处罚程序规定》第十六条、第十七条和第十八条
《工商行政管理机关行政处罚程序规定》第十六条、第十八条,其他,ai,True,<泛类型>,仅为程序规定条款，未涉具体领域。,其他违法行为,(6-5) 程序性，不含实体违规 | 匹配模式: '行政处罚程序' | 法条: 《工商行政管理机关行政处罚程序规定》第十六条、第十八条
《工商行政管理机关行政处罚程序规定》第十六条和第十八条,其他,ai,True,<泛类型>,仅为程序规定条款，未涉具体领域。,其他违法行为,(6-5) 程序性，不含实体违规 | 匹配模式: '行政处罚程序' | 法条: 《工商行政管理机关行政处罚程序规定》第十六条和第十八条
《工商行政管理机关行政处罚程序规定》第十六条和第十八条,其他,ai,True,<泛类型>,仅为程序规定，无具体违法内容。,其他违法行为,(6-5) 程序性，不含实体违规 | 匹配模式: '行政处罚程序' | 法条: 《工商行政管理机关行政处罚程序规定》第十六条和第十八条
《工商行政管理机关行政处罚程序规定》第四十五条,其他,ai,True,<泛类型>,仅给出条号无内容，无法细分。,其他违法行为,(6-5) 程序性，不含实体违规 | 匹配模式: '行政处罚程序' | 法条: 《工商行政管理机关行政处罚程序规定》第四十五条
《工商行政管理机关行政处罚程序规定》第四十五条第二项,其他,ai,True,<泛类型>,仅给出条款序号，无法判断具体领域。,其他违法行为,(6-5) 程序性，不含实体违规 | 匹配模式: '行政处罚程序' | 法条: 《工商行政管理机关行政处罚程序规定》第四十五条第二项
《工商行政管理机关行政处罚程序规定》第四十五条第（二）项,其他,ai,True,<泛类型>,条文仅涉程序规定，无法细分类型。,其他违法行为,(6-5) 程序性，不含实体违规 | 匹配模式: '行政处罚程序' | 法条: 《工商行政管理机关行政处罚程序规定》第四十五条第（二）项
《工商行政管理机关违法所得认定办法》,市场秩序与竞争监管,ai,True,<泛类型>,规范违法所得认定，维护市场秩序。,消费者权益/市场秩序,(6-7) 泛型法条被AI分为具体分类'市场秩序与竞争监管'，应删除 | 原标记: <泛类型> | 法条: 《工商行政管理机关违法所得认定办法》
《工商行政管理机构行政处罚程序规定》第十六条,其他,ai,True,<泛类型>,仅给出条号，无具体行为内容。,其他违法行为,(6-5) 程序性，不含实体违规 | 匹配模式: '行政处罚程序' | 法条: 《工商行政管理机构行政处罚程序规定》第十六条
《工商行政管理行政处罚信息公示暂行条例》,市场主体与登记治理,ai,True,<泛类型>,《行政处罚信息公示》直接对应公示类。,企业信息公示,(6-7) 泛型法条被AI分为具体分类'市场主体与登记治理'，应删除 | 原标记: <泛类型> | 法条: 《工商行政管理行政处罚信息公示暂行条例》
《工商行政管理行政处罚信息公示暂行规定》,市场主体与登记治理,ai,True,<泛类型>,《行政处罚信息公示》直接对应公示问题。,企业信息公示,(6-7) 泛型法条被AI分为具体分类'市场主体与登记治理'，应删除 | 原标记: <泛类型> | 法条: 《工商行政管理行政处罚信息公示暂行规定》
《工商行政管理行政处罚信息公示暂行规定》第二条,市场主体与登记治理,ai,True,<泛类型>,规范行政处罚信息公示行为。,企业信息公示,(6-7) 泛型法条被AI分为具体分类'市场主体与登记治理'，应删除 | 原标记: <泛类型> | 法条: 《工商行政管理行政处罚信息公示暂行规定》第二条
《工商行政管理行政处罚程序暂行规定》,其他,ai,True,<泛类型>,仅为程序规定，不涉具体领域。,其他违法行为,(6-5) 程序性，不含实体违规 | 匹配模式: '行政处罚程序' | 法条: 《工商行政管理行政处罚程序暂行规定》
《工贸企业有限空间作业管理与监督暂行规定》,安全生产,ai,True,<泛类型>,《有限空间作业管理规定》属安全生产规章。,安全生产,(6-7) 泛型法条被AI分为具体分类'安全生产'，应删除 | 原标记: <泛类型> | 法条: 《工贸企业有限空间作业管理与监督暂行规定》
《工贸企业有限空间作业管理与监督暂行规定》第三十条,安全生产,ai,True,<泛类型>,《有限空间作业管理规定》属安全生产监管。,安全生产,(6-7) 泛型法条被AI分为具体分类'安全生产'，应删除 | 原标记: <泛类型> | 法条: 《工贸企业有限空间作业管理与监督暂行规定》第三十条
《工贸企业有限空间作业管理与监督暂行规定》第八条,安全生产,ai,True,<泛类型>,《有限空间作业管理》属安全生产规范。,安全生产,(6-7) 泛型法条被AI分为具体分类'安全生产'，应删除 | 原标记: <泛类型> | 法条: 《工贸企业有限空间作业管理与监督暂行规定》第八条
《工贸企业有限空间参考目录》,安全生产,ai,True,<泛类型>,《工贸企业有限空间参考目录》属安全生产规范。,安全生产,(6-7) 泛型法条被AI分为具体分类'安全生产'，应删除 | 原标记: <泛类型> | 法条: 《工贸企业有限空间参考目录》
《工贸企业有限空间参考目录》第七项第二条,安全生产,ai,True,<泛类型>,引用有限空间安全管理规范，属安责。,安全生产,(6-7) 泛型法条被AI分为具体分类'安全生产'，应删除 | 原标记: <泛类型> | 法条: 《工贸企业有限空间参考目录》第七项第二条
《工贸企业有限空间参考目录》第五项,安全生产,ai,True,<泛类型>,工贸企业有限空间作业属安全生产管理。,安全生产,(6-7) 泛型法条被AI分为具体分类'安全生产'，应删除 | 原标记: <泛类型> | 法条: 《工贸企业有限空间参考目录》第五项
《工贸行业较大危险因素辨识与防范手册》,安全生产,ai,True,<泛类型>,工贸行业危险因素辨识与防范属安全生产。,安全生产,(6-7) 泛型法条被AI分为具体分类'安全生产'，应删除 | 原标记: <泛类型> | 法条: 《工贸行业较大危险因素辨识与防范手册》
《已更换检测水表明细表》,计量/器具,ai,True,<泛类型>,涉及水表检测更换，属计量器具监管。,计量/器具,(6-7) 泛型法条被AI分为具体分类'计量/器具'，应删除 | 原标记: <泛类型> | 法条: 《已更换检测水表明细表》
《已证实虚开证明单》,财税与金融监管,ai,True,<泛类型>,虚开证明单本质为虚开发票涉税。,税收违规,(6-7) 泛型法条被AI分为具体分类'财税与金融监管'，应删除 | 原标记: <泛类型> | 法条: 《已证实虚开证明单》
《已证实虚开证通知单》,财税与金融监管,ai,True,<泛类型>,“虚开”用语通常指虚开发票涉税。,税收违规,(6-7) 泛型法条被AI分为具体分类'财税与金融监管'，应删除 | 原标记: <泛类型> | 法条: 《已证实虚开证通知单》
《已证实虚开通知书》,财税与金融监管,ai,True,<泛类型>,“虚开”系虚开发票典型税收违法。,税收违规,(6-7) 泛型法条被AI分为具体分类'财税与金融监管'，应删除 | 原标记: <泛类型> | 法条: 《已证实虚开通知书》
《已证实虚开通知单》,财税与金融监管,ai,True,<泛类型>,标题含“虚开通知单”，属虚开发票涉税行为。,税收违规,(6-7) 泛型法条被AI分为具体分类'财税与金融监管'，应删除 | 原标记: <泛类型> | 法条: 《已证实虚开通知单》
《巴中日报》,公共文化与传媒,ai,True,<泛类型>,《巴中日报》系报刊媒体性质。,公共文化与传媒,(6-7) 泛型法条被AI分为具体分类'公共文化与传媒'，应删除 | 原标记: <泛类型> | 法条: 《巴中日报》
《市场消费调查表》,统计相关,ai,True,<泛类型>,为市场消费数据统计调查表相关。,统计相关,(6-7) 泛型法条被AI分为具体分类'统计相关'，应删除 | 原标记: <泛类型> | 法条: 《市场消费调查表》
《市场监督管理严重违法失信名单管理办法》,市场主体与登记治理,ai,True,<泛类型>,涉及严重违法失信名单管理制度。,企业信息公示,(6-7) 泛型法条被AI分为具体分类'市场主体与登记治理'，应删除 | 原标记: <泛类型> | 法条: 《市场监督管理严重违法失信名单管理办法》
《市场监督管理总局关于规范市场监督管理行政处罚裁量权的指导意见》,其他,ai,True,<泛类型>,仅为裁量指导性文件，无具体违法行为。,其他违法行为,(6-5) 程序性 | 匹配模式: '行政处罚裁量权' | 法条: 《市场监督管理总局关于规范市场监督管理行政处罚裁量权的指导意见》
《市场监督管理行政处罚程序暂行规定》,其他,ai,True,<泛类型>,《程序规定》仅涉处罚程序本身。,其他违法行为,(6-5) 程序性，不含实体违规 | 匹配模式: '行政处罚程序' | 法条: 《市场监督管理行政处罚程序暂行规定》
《市场监督管理行政处罚程序暂行规定》第七十四条,*行政处罚程序*,ai,True,<泛类型>,仅指行政处罚程序规定本身。,*行政处罚程序*,(6-5) 程序性，不含实体违规 | 匹配模式: '行政处罚程序' | 法条: 《市场监督管理行政处罚程序暂行规定》第七十四条
《市场监督管理行政处罚程序暂行规定》第三十三条,其他,ai,True,<泛类型>,仅给出条文编号，无法判断内容。,其他违法行为,(6-5) 程序性，不含实体违规 | 匹配模式: '行政处罚程序' | 法条: 《市场监督管理行政处罚程序暂行规定》第三十三条
《市场监督管理行政处罚程序暂行规定》第五十一条,其他,ai,True,<泛类型>,程序性规定，与具体违法类型无关。,不予处罚,(6-5) 程序性，不含实体违规 | 匹配模式: '行政处罚程序' | 法条: 《市场监督管理行政处罚程序暂行规定》第五十一条
《市场监督管理行政处罚程序暂行规定》第五十七条第一款,其他,ai,True,<泛类型>,仅为程序规定条款，无实体违规内容。,其他违法行为,(6-5) 程序性，不含实体违规 | 匹配模式: '行政处罚程序' | 法条: 《市场监督管理行政处罚程序暂行规定》第五十七条第一款
《市场监督管理行政处罚程序暂行规定》第十七条,*程序规定条款*,ai,True,<泛类型>,仅为程序性规定，非实体违法。,*程序规定条款*,(6-5) 程序性，不含实体违规 | 匹配模式: '行政处罚程序' | 法条: 《市场监督管理行政处罚程序暂行规定》第十七条
《市场监督管理行政处罚程序暂行规定》第十七条第一款,其他,ai,True,<泛类型>,仅给条款编号，无法判定具体类型。,其他违法行为,(6-5) 程序性，不含实体违规 | 匹配模式: '行政处罚程序' | 法条: 《市场监督管理行政处罚程序暂行规定》第十七条第一款
《市场监督管理行政处罚程序规定》,其他,ai,True,<泛类型>,仅为程序规定，未涉及具体领域。,其他违法行为,(6-5) 程序性，不含实体违规 | 匹配模式: '行政处罚程序' | 法条: 《市场监督管理行政处罚程序规定》
《市场监督管理行政处罚程序规定》第三十六条,其他,ai,True,<泛类型>,仅给出条号无法判断具体领域。,其他违法行为,(6-5) 程序性，不含实体违规 | 匹配模式: '行政处罚程序' | 法条: 《市场监督管理行政处罚程序规定》第三十六条
《市场监督管理行政处罚程序规定》第五十七条,其他,ai,True,<泛类型>,仅给出条文序号，无法判断具体内容。,其他违法行为,(6-5) 程序性，不含实体违规 | 匹配模式: '行政处罚程序' | 法条: 《市场监督管理行政处罚程序规定》第五十七条
《市场监督管理行政处罚程序规定》第五十九条,*程序规定适用*,ai,True,<泛类型>,条文系程序性规定，无实体违法类型。,*程序规定适用*,(6-5) 程序性，不含实体违规 | 匹配模式: '行政处罚程序' | 法条: 《市场监督管理行政处罚程序规定》第五十九条
《市场监督管理行政处罚程序规定》第六十条,其他,ai,True,<泛类型>,仅给出条文编号，无具体内容。,其他违法行为,(6-5) 程序性，不含实体违规 | 匹配模式: '行政处罚程序' | 法条: 《市场监督管理行政处罚程序规定》第六十条
《市场监督管理行政处罚程序规定》第十九条,其他,ai,True,<泛类型>,仅给出条文编号，无具体行为内容。,其他违法行为,(6-5) 程序性，不含实体违规 | 匹配模式: '行政处罚程序' | 法条: 《市场监督管理行政处罚程序规定》第十九条
《市场监督管理行政处罚程序规定》第十九条第一款,*行政处罚程序规定*,ai,True,<泛类型>,依据处罚程序规定本身内容。,*行政处罚程序规定*,(6-5) 程序性，不含实体违规 | 匹配模式: '行政处罚程序' | 法条: 《市场监督管理行政处罚程序规定》第十九条第一款
《市场监督管理行政处罚程序规定》第十八条,其他,ai,True,<泛类型>,仅为程序规定条款编号，无法细分。,其他违法行为,(6-5) 程序性，不含实体违规 | 匹配模式: '行政处罚程序' | 法条: 《市场监督管理行政处罚程序规定》第十八条
《市场监督管理行政处罚程序规定》第十八条、第十九条,其他,ai,True,<泛类型>,仅为程序性规定，无法对应具体领域。,其他违法行为,(6-5) 程序性，不含实体违规 | 匹配模式: '行政处罚程序' | 法条: 《市场监督管理行政处罚程序规定》第十八条、第十九条
《市场监督管理行政处罚程序规定》第十八条及第十九条,其他,ai,True,<泛类型>,仅提及程序规定，无法细化类型。,其他违法行为,(6-5) 程序性，不含实体违规 | 匹配模式: '行政处罚程序' | 法条: 《市场监督管理行政处罚程序规定》第十八条及第十九条
《市场监督管理行政处罚程序规定》第十八条和第十九条,其他,ai,True,<泛类型>,仅为程序规定，未涉具体领域。,其他违法行为,(6-5) 程序性，不含实体违规 | 匹配模式: '行政处罚程序' | 法条: 《市场监督管理行政处罚程序规定》第十八条和第十九条
《市场监督管理行政处罚程序规定》第十八条第一款,其他,ai,True,<泛类型>,仅给出条款编号，无法判断具体类型。,其他违法行为,(6-5) 程序性，不含实体违规 | 匹配模式: '行政处罚程序' | 法条: 《市场监督管理行政处罚程序规定》第十八条第一款
《市场监督管理行政处罚程序规定》第十八条第一款、第十九条,其他,ai,True,<泛类型>,仅为程序规定，未指向具体领域。,其他违法行为,(6-5) 程序性，不含实体违规 | 匹配模式: '行政处罚程序' | 法条: 《市场监督管理行政处罚程序规定》第十八条第一款、第十九条
《市场监督管理行政处罚程序规定》第十八条第一款、第十九条,其他,ai,True,<泛类型>,仅为程序规定条款，无法细分类型。,其他违法行为,(6-5) 程序性，不含实体违规 | 匹配模式: '行政处罚程序' | 法条: 《市场监督管理行政处罚程序规定》第十八条第一款、第十九条
《市场监管总局关于规范市场监督管理行政处罚裁量权的指导意见》,其他,ai,True,<泛类型>,仅为裁量权指导性文件，未涉具体领域。,其他违法行为,(6-5) 程序性 | 匹配模式: '行政处罚裁量权' | 法条: 《市场监管总局关于规范市场监督管理行政处罚裁量权的指导意见》
《市场监管总局关于规范市场监督管理行政处罚裁量权的指导意见》第七条第二款第（二）项,其他,ai,True,<泛类型>,仅为裁量指导条款，无法对应具体领域。,其他违法行为,(6-5) 程序性 | 匹配模式: '行政处罚裁量权' | 法条: 《市场监管总局关于规范市场监督管理行政处罚裁量权的指导意见》第七条第二款第（二）项
《市场监管总局关于规范市场监督管理行政处罚裁量权的指导意见》第三条第七款,其他,ai,True,<泛类型>,仅给出条款序号，无法判断内容。,其他违法行为,(6-5) 程序性 | 匹配模式: '行政处罚裁量权' | 法条: 《市场监管总局关于规范市场监督管理行政处罚裁量权的指导意见》第三条第七款
《市场监管总局关于调整实施强制管理的计量器具目录的公告》,计量/器具,ai,True,<泛类型>,依据强制管理计量器具目录内容。,计量/器具,(6-7) 泛型法条被AI分为具体分类'计量/器具'，应删除 | 原标记: <泛类型> | 法条: 《市场监管总局关于调整实施强制管理的计量器具目录的公告》
《市场监管总局办公厅关于加油站计量作弊行为违法所得认定有关问题的复函》,计量/器具,ai,True,<泛类型>,涉及加油站计量作弊违法所得认定。,计量/器具,(6-7) 泛型法条被AI分为具体分类'计量/器具'，应删除 | 原标记: <泛类型> | 法条: 《市场监管总局办公厅关于加油站计量作弊行为违法所得认定有关问题的复函》
《市工商局关于正确行使行政处罚自由裁量权以及推选三步式执法程序暂行规定》第十二条第一款第一项,其他,ai,True,<泛类型>,仅条款编号无具体行为内容。,其他违法行为,(6-5) 程序性 | 匹配模式: '行政处罚自由裁量权' | 法条: 《市工商局关于正确行使行政处罚自由裁量权以及推选三步式执法程序暂行规定》第十二条第一款第一项
《市政府关于常熟市利生工艺厂“9.24”一般高处坠落事故调查报告的批复》,安全生产,ai,True,<泛类型>,一般生产事故调查批复，属安全生产。,安全生产,(6-7) 泛型法条被AI分为具体分类'安全生产'，应删除 | 原标记: <泛类型> | 法条: 《市政府关于常熟市利生工艺厂“9.24”一般高处坠落事故调查报告的批复》
《带线缝合针》,产品质量与安全,ai,True,<泛类型>,医疗器械产品质量安全规范。,产品质量,(6-7) 泛型法条被AI分为具体分类'产品质量与安全'，应删除 | 原标记: <泛类型> | 法条: 《带线缝合针》
《常州市武进区水利局行政处罚告知书》,环境保护,ai,True,<泛类型>,水利局处罚，涉及水事水资源管理。,水资源,(6-7) 泛型法条被AI分为具体分类'环境保护'，应删除 | 原标记: <泛类型> | 法条: 《常州市武进区水利局行政处罚告知书》
《干粉灭火剂》,消防安全,ai,True,<泛类型>,干粉灭火剂属消防产品与消防安全直接相关。,消防安全,(6-7) 泛型法条被AI分为具体分类'消防安全'，应删除 | 原标记: <泛类型> | 法条: 《干粉灭火剂》
《干部查岗监督管理制度》,*干部考勤管理*,ai,True,<泛类型>,涉及干部查岗考勤监督管理制度。,*干部考勤管理*,(6-6) AI分类含星号'*干部考勤管理*'，分类不确定 | 法条: 《干部查岗监督管理制度》
《平湖市市场监督管理局关于清理长期停业未经营企业的公告》,市场主体与登记治理,ai,True,<泛类型>,长期停业未经营企业清理公告。,未开业/自行停业,(6-7) 泛型法条被AI分为具体分类'市场主体与登记治理'，应删除 | 原标记: <泛类型> | 法条: 《平湖市市场监督管理局关于清理长期停业未经营企业的公告》
《平衡道电子商务品牌合作合同》,市场秩序与竞争监管,ai,True,<泛类型>,电商品牌合作合同，电商属市场秩序。,消费者权益/市场秩序,(6-7) 泛型法条被AI分为具体分类'市场秩序与竞争监管'，应删除 | 原标记: <泛类型> | 法条: 《平衡道电子商务品牌合作合同》
《平阴县锦水城小区前期物业服务合同》,建设工程与房地产,ai,True,<泛类型>,小区前期物业服务合同属房地产领域。,房地产/土地,(6-7) 泛型法条被AI分为具体分类'建设工程与房地产'，应删除 | 原标记: <泛类型> | 法条: 《平阴县锦水城小区前期物业服务合同》
《年产 100 万平方米石材加工项目》,环境保护,ai,True,<泛类型>,建设项目石材加工，涉环境影响。,环境保护,(6-7) 泛型法条被AI分为具体分类'环境保护'，应删除 | 原标记: <泛类型> | 法条: 《年产 100 万平方米石材加工项目》
《年产10000吨石油萘项目》,环境保护,ai,True,<泛类型>,建设项目环境影响相关内容。,环境保护,(6-7) 泛型法条被AI分为具体分类'环境保护'，应删除 | 原标记: <泛类型> | 法条: 《年产10000吨石油萘项目》
《年产10000吨黄酒瓶装酒罐装生产线项目》,建设工程与房地产,ai,True,<泛类型>,项目为黄酒生产线建设工程项目。,建设工程,(6-7) 泛型法条被AI分为具体分类'建设工程与房地产'，应删除 | 原标记: <泛类型> | 法条: 《年产10000吨黄酒瓶装酒罐装生产线项目》
《年产100万套各种汽车管路项目》,建设工程与房地产,ai,True,<泛类型>,项目名称指向建设工程项目。,建设工程,(6-7) 泛型法条被AI分为具体分类'建设工程与房地产'，应删除 | 原标记: <泛类型> | 法条: 《年产100万套各种汽车管路项目》
《年产30万辆乘骑玩具技改项目》,建设工程与房地产,ai,True,<泛类型>,项目建设技改工程相关内容。,建设工程,(6-7) 泛型法条被AI分为具体分类'建设工程与房地产'，应删除 | 原标记: <泛类型> | 法条: 《年产30万辆乘骑玩具技改项目》
《年产400t油田钻井液泥浆处理剂项目》,环境保护,ai,True,<泛类型>,建设项目环境影响及环保监管相关。,环境保护,(6-7) 泛型法条被AI分为具体分类'环境保护'，应删除 | 原标记: <泛类型> | 法条: 《年产400t油田钻井液泥浆处理剂项目》
《年产40万吨石灰》,建设工程与房地产,ai,True,<泛类型>,项目为建材生产建设工程项目。,建设工程,(6-7) 泛型法条被AI分为具体分类'建设工程与房地产'，应删除 | 原标记: <泛类型> | 法条: 《年产40万吨石灰》
《年产50万吨商品混凝土项目》,建设工程与房地产,ai,True,<泛类型>,项目名称为商品混凝土建设工程项目。,建设工程,(6-7) 泛型法条被AI分为具体分类'建设工程与房地产'，应删除 | 原标记: <泛类型> | 法条: 《年产50万吨商品混凝土项目》
《年报催办告知书》,市场主体与登记治理,ai,True,<泛类型>,与企业年报公示、催报相关。,企业信息公示,(6-7) 泛型法条被AI分为具体分类'市场主体与登记治理'，应删除 | 原标记: <泛类型> | 法条: 《年报催办告知书》
《年新增300万平方米硅酸钙木纹板技改项目（补办）》,环境保护,ai,True,<泛类型>,建设项目补办手续，多涉环评环保。,环境保护,(6-7) 泛型法条被AI分为具体分类'环境保护'，应删除 | 原标记: <泛类型> | 法条: 《年新增300万平方米硅酸钙木纹板技改项目（补办）》
《并网时间值班记录》,安全生产,ai,True,<泛类型>,并网运行值班记录涉及生产运行安全管理。,安全生产,(6-7) 泛型法条被AI分为具体分类'安全生产'，应删除 | 原标记: <泛类型> | 法条: 《并网时间值班记录》
《广东公安人口信息查询资料》,网络/数据安全,ai,True,<泛类型>,涉及公安人口信息查询与数据安全管理。,网络/数据安全,(6-7) 泛型法条被AI分为具体分类'网络/数据安全'，应删除 | 原标记: <泛类型> | 法条: 《广东公安人口信息查询资料》
《广东宏科检测技术有限公司报告签收表》,产品质量与安全,ai,True,<泛类型>,检测报告签收表涉及产品检测质量管理。,产品质量,(6-7) 泛型法条被AI分为具体分类'产品质量与安全'，应删除 | 原标记: <泛类型> | 法条: 《广东宏科检测技术有限公司报告签收表》
《广东省专利条例》第四十条,侵犯商标/知识产权,ai,True,<泛类型>,专利条例属知识产权管理范畴。,侵犯商标/知识产权,(6-7) 泛型法条被AI分为具体分类'侵犯商标/知识产权'，应删除 | 原标记: <泛类型> | 法条: 《广东省专利条例》第四十条
《广东省人民政府办公厅印发广东省地方教育附加征收使用管理暂行办法的通知》,财税与金融监管,ai,True,<泛类型>,涉及教育附加征收管理，属税费征收。,税收违规,(6-7) 泛型法条被AI分为具体分类'财税与金融监管'，应删除 | 原标记: <泛类型> | 法条: 《广东省人民政府办公厅印发广东省地方教育附加征收使用管理暂行办法的通知》
《广东省企业注销退出制度改革实施办法》,市场主体与登记治理,ai,True,<泛类型>,涉及企业注销登记制度规范。,无照经营/登记问题,(6-7) 泛型法条被AI分为具体分类'市场主体与登记治理'，应删除 | 原标记: <泛类型> | 法条: 《广东省企业注销退出制度改革实施办法》
《广东省住房和城乡建设厅关于住房和城乡建设系统行政处罚自由裁量权的基准》,建设工程与房地产,ai,True,<泛类型>,住房城乡建设系统行政处罚基准相关。,建设工程,(6-5) 程序性 | 匹配模式: '行政处罚自由裁量权' | 法条: 《广东省住房和城乡建设厅关于住房和城乡建设系统行政处罚自由裁量权的基准》
《广东省住房和城乡建设系统行政处罚自由裁量权基准》,建设工程与房地产,ai,True,<泛类型>,《住建系统处罚基准》，属建设工程监管。,建设工程,(6-5) 程序性 | 匹配模式: '行政处罚自由裁量权' | 法条: 《广东省住房和城乡建设系统行政处罚自由裁量权基准》
《广东省住房和城乡建设系统行政处罚自由裁量权基准》第C212.52条,建设工程与房地产,ai,True,<泛类型>,广东住建系统处罚基准，属建设工程管理。,建设工程,(6-5) 程序性 | 匹配模式: '行政处罚自由裁量权' | 法条: 《广东省住房和城乡建设系统行政处罚自由裁量权基准》第C212.52条
《广东省住房和城乡建设系统行政处罚自由裁量权基准（2020版）》,建设工程与房地产,ai,True,<泛类型>,住房城乡建设系统处罚基准，属工程领域。,建设工程,(6-5) 程序性 | 匹配模式: '行政处罚自由裁量权' | 法条: 《广东省住房和城乡建设系统行政处罚自由裁量权基准（2020版）》
《广东省住房和城乡建设系统行政处罚自由裁量权的基准》,建设工程与房地产,ai,True,<泛类型>,《住建系统处罚基准》属建设工程监管。,建设工程,(6-5) 程序性 | 匹配模式: '行政处罚自由裁量权' | 法条: 《广东省住房和城乡建设系统行政处罚自由裁量权的基准》
《广东省促进动散装水泥发展和应用规定》,建设工程与房地产,ai,True,<泛类型>,涉及散装水泥推广，多与工程建设相关。,建设工程,(6-7) 泛型法条被AI分为具体分类'建设工程与房地产'，应删除 | 原标记: <泛类型> | 法条: 《广东省促进动散装水泥发展和应用规定》
《广东省促进散装水泥发展和应用规定》,建设工程与房地产,ai,True,<泛类型>,《散装水泥发展和应用规定》属工程用材管理。,建设工程,(6-7) 泛型法条被AI分为具体分类'建设工程与房地产'，应删除 | 原标记: <泛类型> | 法条: 《广东省促进散装水泥发展和应用规定》
《广东省促进散装水泥发展和应用规定》第九条,*散装水泥推广管理*,ai,True,<泛类型>,专门规范散装水泥发展应用。,*散装水泥推广管理*,(6-6) AI分类含星号'*散装水泥推广管理*'，分类不确定 | 法条: 《广东省促进散装水泥发展和应用规定》第九条
《广东省促进散装水泥发展和应用规定》第二十五条第三项“违反本规定第九条、第十条,*散装水泥管理*,ai,True,<泛类型>,规范散装水泥推广使用管理行为。,*散装水泥管理*,(6-6) AI分类含星号'*散装水泥管理*'，分类不确定 | 法条: 《广东省促进散装水泥发展和应用规定》第二十五条第三项“违反本规定第九条、第十条
《广东省发展改革委关于降低我省一般工商业电价有关事项的通知》,市场秩序与竞争监管,ai,True,<泛类型>,涉及一般工商业电价调整与执行。,价格/收费,(6-7) 泛型法条被AI分为具体分类'市场秩序与竞争监管'，应删除 | 原标记: <泛类型> | 法条: 《广东省发展改革委关于降低我省一般工商业电价有关事项的通知》
《广东省发展改革委省市场监管局省能源局关于进一步清理规范转供电环节加价有关问题的通知》,市场秩序与竞争监管,ai,True,<泛类型>,规范转供电加价行为，属价格管理。,价格/收费,(6-7) 泛型法条被AI分为具体分类'市场秩序与竞争监管'，应删除 | 原标记: <泛类型> | 法条: 《广东省发展改革委省市场监管局省能源局关于进一步清理规范转供电环节加价有关问题的通知》
《广东省名牌产品证书》,产品质量与安全,ai,True,<泛类型>,《名牌产品证书》直接对应产品质量认证。,产品质量,(6-7) 泛型法条被AI分为具体分类'产品质量与安全'，应删除 | 原标记: <泛类型> | 法条: 《广东省名牌产品证书》
《广东省商事登条例》第五十二条,市场主体与登记治理,ai,True,<泛类型>,商事登记事项违规，属登记管理问题。,无照经营/登记问题,(6-7) 泛型法条被AI分为具体分类'市场主体与登记治理'，应删除 | 原标记: <泛类型> | 法条: 《广东省商事登条例》第五十二条
《广东省国土资源厅关于规范行政处罚自由裁量权的实施办法》,建设工程与房地产,ai,True,<泛类型>,《国土资源》领域处罚规范相关。,房地产/土地,(6-5) 程序性 | 匹配模式: '行政处罚自由裁量权' | 法条: 《广东省国土资源厅关于规范行政处罚自由裁量权的实施办法》
《广东省地方教育附加征收使用管理暂行办法》,财税与金融监管,ai,True,<泛类型>,《教育附加征收》属税费征收管理。,税收违规,(6-7) 泛型法条被AI分为具体分类'财税与金融监管'，应删除 | 原标记: <泛类型> | 法条: 《广东省地方教育附加征收使用管理暂行办法》
《广东省定价目录(2018年版)》,市场秩序与竞争监管,ai,True,<泛类型>,依据地方定价目录，属价格监管。,价格/收费,(6-7) 泛型法条被AI分为具体分类'市场秩序与竞争监管'，应删除 | 原标记: <泛类型> | 法条: 《广东省定价目录(2018年版)》
《广东省定价目录》,市场秩序与竞争监管,ai,True,<泛类型>,《广东省定价目录》系政府定价管理依据。,价格/收费,(6-7) 泛型法条被AI分为具体分类'市场秩序与竞争监管'，应删除 | 原标记: <泛类型> | 法条: 《广东省定价目录》
《广东省实施〈中华人民共和国计量法〉办法》第五十条“违反本办法第十三条,计量/器具,ai,True,<泛类型>,实施计量法办法条款，属计量管理。,计量/器具,(6-7) 泛型法条被AI分为具体分类'计量/器具'，应删除 | 原标记: <泛类型> | 法条: 《广东省实施〈中华人民共和国计量法〉办法》第五十条“违反本办法第十三条
《广东省实施〈中华人民共和国计量法〉办法》第十三条,计量/器具,ai,True,<泛类型>,依据计量法实施办法，属计量管理。,计量/器具,(6-7) 泛型法条被AI分为具体分类'计量/器具'，应删除 | 原标记: <泛类型> | 法条: 《广东省实施〈中华人民共和国计量法〉办法》第十三条
《广东省工商行政管理局关于进一步做好清理长期停业未经营企业工作的通知》,市场主体与登记治理,ai,True,<泛类型>,文件专门规范长期停业未经营企业。,未开业/自行停业,(6-7) 泛型法条被AI分为具体分类'市场主体与登记治理'，应删除 | 原标记: <泛类型> | 法条: 《广东省工商行政管理局关于进一步做好清理长期停业未经营企业工作的通知》
《广东省工商行政管理局关于进一步做好清理长期停业未经营企业工作通知》,市场主体与登记治理,ai,True,<泛类型>,文件针对长期停业未经营企业清理。,未开业/自行停业,(6-7) 泛型法条被AI分为具体分类'市场主体与登记治理'，应删除 | 原标记: <泛类型> | 法条: 《广东省工商行政管理局关于进一步做好清理长期停业未经营企业工作通知》
《广东省工商行政管理机关行使行政处罚自由裁量权暂行规定》,其他,ai,True,<泛类型>,仅为自由裁量程序性规定，无法对应具体领域。,其他违法行为,(6-5) 程序性 | 匹配模式: '行政处罚自由裁量权' | 法条: 《广东省工商行政管理机关行使行政处罚自由裁量权暂行规定》
《广东省工商行政管理机关行使行政处罚自由裁量权暂行规定》第九条第三项,其他,ai,True,<泛类型>,仅给出条款序号无法判断具体类型。,其他违法行为,(6-5) 程序性 | 匹配模式: '行政处罚自由裁量权' | 法条: 《广东省工商行政管理机关行使行政处罚自由裁量权暂行规定》第九条第三项
《广东省工商行政管理机关行使行政处罚自由裁量权暂行规定》第九条第（三）项,其他,ai,True,<泛类型>,仅给出条款编号，无法判断具体类型。,其他违法行为,(6-5) 程序性 | 匹配模式: '行政处罚自由裁量权' | 法条: 《广东省工商行政管理机关行使行政处罚自由裁量权暂行规定》第九条第（三）项
《广东省工商行政管理机关行使行政处罚自由裁量权暂行规定》第九条第（二）项,其他,ai,True,<泛类型>,仅给出条款序号，无法判断具体类型。,其他违法行为,(6-5) 程序性 | 匹配模式: '行政处罚自由裁量权' | 法条: 《广东省工商行政管理机关行使行政处罚自由裁量权暂行规定》第九条第（二）项
《广东省工商行政管理机关行使行政处罚自由裁量权暂行规定》第十三条第三款,其他,ai,True,<泛类型>,仅给出条款编号，内容缺失无法判断。,其他违法行为,(6-5) 程序性 | 匹配模式: '行政处罚自由裁量权' | 法条: 《广东省工商行政管理机关行使行政处罚自由裁量权暂行规定》第十三条第三款
《广东省工商行政管理机关行使行政处罚自由裁量权暂行规定》第十三条第三款的规定：“在实施罚款,其他,ai,True,<泛类型>,条文内容残缺，无法对应具体领域。,其他违法行为,(6-5) 程序性 | 匹配模式: '行政处罚自由裁量权' | 法条: 《广东省工商行政管理机关行使行政处罚自由裁量权暂行规定》第十三条第三款的规定：“在实施罚款
《广东省工商行政管理机关行使行政处罚自由裁量权暂行规定》第十九条,其他,ai,True,<泛类型>,仅给出条文标题无法判断具体类型。,其他违法行为,(6-5) 程序性 | 匹配模式: '行政处罚自由裁量权' | 法条: 《广东省工商行政管理机关行使行政处罚自由裁量权暂行规定》第十九条
《广东省工商行政管理机关行使行政处罚自由裁量权暂行规定》第十九条第（一）、（二）项,其他,ai,True,<泛类型>,仅为自由裁量程序性规定，无具体违法行为。,不予处罚,(6-5) 程序性 | 匹配模式: '行政处罚自由裁量权' | 法条: 《广东省工商行政管理机关行使行政处罚自由裁量权暂行规定》第十九条第（一）、（二）项
《广东省工商行政管理机关行使行政处罚自由裁量权暂行规定》第十九条第（一）项,其他,ai,True,<泛类型>,仅指内部裁量规定，无法细分判断。,其他违法行为,(6-5) 程序性 | 匹配模式: '行政处罚自由裁量权' | 法条: 《广东省工商行政管理机关行使行政处罚自由裁量权暂行规定》第十九条第（一）项
《广东省工商行政管理机关行使行政处罚自由裁量权暂行规定》第十九条第（二）项,其他,ai,True,<泛类型>,条文仅为裁量规定，未指具体领域。,其他违法行为,(6-5) 程序性 | 匹配模式: '行政处罚自由裁量权' | 法条: 《广东省工商行政管理机关行使行政处罚自由裁量权暂行规定》第十九条第（二）项
"《广东省工商行政管理机关行使行政处罚自由裁量权暂行规定》第十九条第（二）项,",其他,ai,True,<泛类型>,仅有裁量规定条款，无法细分归类。,其他违法行为,"(6-5) 程序性 | 匹配模式: '行政处罚自由裁量权' | 法条: 《广东省工商行政管理机关行使行政处罚自由裁量权暂行规定》第十九条第（二）项,"
《广东省工商行政管理机关行使行政处罚自由裁量权暂行规定》第十八条,其他,ai,True,<泛类型>,仅给出条文编号，无法判断具体内容。,其他违法行为,(6-5) 程序性 | 匹配模式: '行政处罚自由裁量权' | 法条: 《广东省工商行政管理机关行使行政处罚自由裁量权暂行规定》第十八条
《广东省工商行政管理机关行使行政处罚自由裁量权暂行规定》第十八条第(五)项,其他,ai,True,<泛类型>,仅指条款序号，无法确定具体内容。,其他违法行为,(6-5) 程序性 | 匹配模式: '行政处罚自由裁量权' | 法条: 《广东省工商行政管理机关行使行政处罚自由裁量权暂行规定》第十八条第(五)项
《广东省工商行政管理机关行使行政处罚自由裁量权暂行规定》第十八条第一款第（一）项,其他,ai,True,<泛类型>,仅给出条款序号无法判断内容。,其他违法行为,(6-5) 程序性 | 匹配模式: '行政处罚自由裁量权' | 法条: 《广东省工商行政管理机关行使行政处罚自由裁量权暂行规定》第十八条第一款第（一）项
《广东省工商行政管理机关行使行政处罚自由裁量权暂行规定》第（一）项,其他,ai,True,<泛类型>,仅为程序性规定，无法对应具体领域。,其他违法行为,(6-5) 程序性 | 匹配模式: '行政处罚自由裁量权' | 法条: 《广东省工商行政管理机关行使行政处罚自由裁量权暂行规定》第（一）项
《广东省市场监督管理局关于行政处罚自由裁量权的适用规则》,其他,ai,True,<泛类型>,仅为裁量规则总则，未涉具体领域。,其他违法行为,(6-5) 程序性 | 匹配模式: '行政处罚自由裁量权' | 法条: 《广东省市场监督管理局关于行政处罚自由裁量权的适用规则》
《广东省市场监督管理局关于行政处罚自由裁量权的适用规则》第十一条第三款“一般处罚、从轻处罚、从重处罚的罚款,其他,ai,True,<泛类型>,仅为裁量规则条款，无法对应具体领域。,其他违法行为,(6-5) 程序性 | 匹配模式: '行政处罚自由裁量权' | 法条: 《广东省市场监督管理局关于行政处罚自由裁量权的适用规则》第十一条第三款“一般处罚、从轻处罚、从重处罚...
《广东省市场监督管理局关于行政处罚自由裁量权的适用规则》第十七条,其他,ai,True,<泛类型>,仅给出条款编号，无具体内容。,其他违法行为,(6-5) 程序性 | 匹配模式: '行政处罚自由裁量权' | 法条: 《广东省市场监督管理局关于行政处罚自由裁量权的适用规则》第十七条
"《广东省市场监督管理局关于行政处罚自由裁量权的适用规则》第十七条,",其他,ai,True,<泛类型>,仅提及裁量规则条款，无法细化类型。,其他违法行为,"(6-5) 程序性 | 匹配模式: '行政处罚自由裁量权' | 法条: 《广东省市场监督管理局关于行政处罚自由裁量权的适用规则》第十七条,"
《广东省市场监督管理局关于行政处罚自由裁量权的适用规则》第十七条第(一)项,其他,ai,True,<泛类型>,仅给出条款编号，无法判断具体领域。,其他违法行为,(6-5) 程序性 | 匹配模式: '行政处罚自由裁量权' | 法条: 《广东省市场监督管理局关于行政处罚自由裁量权的适用规则》第十七条第(一)项
《广东省市场监督管理局关于行政处罚自由裁量权的适用规则》第十七条第一、二项,其他,ai,True,<泛类型>,仅给条款编号，无具体内容可判。,其他违法行为,(6-5) 程序性 | 匹配模式: '行政处罚自由裁量权' | 法条: 《广东省市场监督管理局关于行政处罚自由裁量权的适用规则》第十七条第一、二项
《广东省市场监督管理局关于行政处罚自由裁量权的适用规则》第十七条第一项,市场秩序与竞争监管,ai,True,<泛类型>,市场监管总则规则，多属市场秩序。,消费者权益/市场秩序,(6-5) 程序性 | 匹配模式: '行政处罚自由裁量权' | 法条: 《广东省市场监督管理局关于行政处罚自由裁量权的适用规则》第十七条第一项
《广东省市场监督管理局关于行政处罚自由裁量权的适用规则》第十七条第（一）、（二）项,其他,ai,True,<泛类型>,仅给出条款编号，无法具体判定。,其他违法行为,(6-5) 程序性 | 匹配模式: '行政处罚自由裁量权' | 法条: 《广东省市场监督管理局关于行政处罚自由裁量权的适用规则》第十七条第（一）、（二）项
《广东省市场监督管理局关于行政处罚自由裁量权的适用规则》第十七条第（一）项,其他,ai,True,<泛类型>,仅知为裁量规则条款，无法细分。,其他违法行为,(6-5) 程序性 | 匹配模式: '行政处罚自由裁量权' | 法条: 《广东省市场监督管理局关于行政处罚自由裁量权的适用规则》第十七条第（一）项
《广东省市场监督管理局关于行政处罚自由裁量权的适用规则》第十七条第（一）项和第（二）项,其他,ai,True,<泛类型>,仅给条款序号，无具体内容。,其他违法行为,(6-5) 程序性 | 匹配模式: '行政处罚自由裁量权' | 法条: 《广东省市场监督管理局关于行政处罚自由裁量权的适用规则》第十七条第（一）项和第（二）项
《广东省市场监督管理局关于行政处罚自由裁量权的适用规则》第十九条,*行政处罚裁量规则*,ai,True,<泛类型>,条文仅规范裁量，不涉具体领域。,*行政处罚裁量规则*,(6-5) 程序性 | 匹配模式: '行政处罚自由裁量权' | 法条: 《广东省市场监督管理局关于行政处罚自由裁量权的适用规则》第十九条
《广东省市场监督管理局关于行政处罚自由裁量权的适用规则》第十九条第(三)项,其他,ai,True,<泛类型>,仅知是适用规则条款，信息不足。,其他违法行为,(6-5) 程序性 | 匹配模式: '行政处罚自由裁量权' | 法条: 《广东省市场监督管理局关于行政处罚自由裁量权的适用规则》第十九条第(三)项
《广东省市场监督管理局关于行政处罚自由裁量权的适用规则》第十九条第（三）项,其他,ai,True,<泛类型>,仅给出条款编号，无法判断内容。,其他违法行为,(6-5) 程序性 | 匹配模式: '行政处罚自由裁量权' | 法条: 《广东省市场监督管理局关于行政处罚自由裁量权的适用规则》第十九条第（三）项
《广东省市场监督管理局关于行政处罚自由裁量权的适用规则》第十条,其他,ai,True,<泛类型>,仅提供条款标题，无法判断内容。,其他违法行为,(6-5) 程序性 | 匹配模式: '行政处罚自由裁量权' | 法条: 《广东省市场监督管理局关于行政处罚自由裁量权的适用规则》第十条
《广东省市场监督管理局等九部门关于印发广东省深化市场主体退出制度改革实施方案的通知》,未年检登记,ai,True,<泛类型>,与市场主体退出登记管理制度相关。,未年检登记,(6-7) 泛型法条被AI分为具体分类'未年检登记'，应删除 | 原标记: <泛类型> | 法条: 《广东省市场监督管理局等九部门关于印发广东省深化市场主体退出制度改革实施方案的通知》
《广东省市场监督管理局行政处罚自由裁量权标准》,其他,ai,True,<泛类型>,仅给出标准名称，无法细化判断。,其他违法行为,(6-5) 程序性 | 匹配模式: '行政处罚自由裁量权' | 法条: 《广东省市场监督管理局行政处罚自由裁量权标准》
《广东省市场监督管理局行政处罚自由裁量权量化标准表》,其他,ai,True,<泛类型>,仅给出标准表名称，无法细分类型。,其他违法行为,(6-5) 程序性 | 匹配模式: '行政处罚自由裁量权' | 法条: 《广东省市场监督管理局行政处罚自由裁量权量化标准表》
《广东省市场监管管理局关于行政处罚裁量权的适用规则》第十七条第一款第（一）项,其他,ai,True,<泛类型>,仅给出条款编号，无法判断具体领域。,其他违法行为,(6-5) 程序性 | 匹配模式: '行政处罚裁量权' | 法条: 《广东省市场监管管理局关于行政处罚裁量权的适用规则》第十七条第一款第（一）项
《广东省广州市“10.21”一般叉车碰撞事故调查报告》,安全生产,ai,True,<泛类型>,一般叉车碰撞事故属生产安全事故。,安全生产,(6-7) 泛型法条被AI分为具体分类'安全生产'，应删除 | 原标记: <泛类型> | 法条: 《广东省广州市“10.21”一般叉车碰撞事故调查报告》
《广东省水土保持条例》第二十八条,环境保护,ai,True,<泛类型>,水土保持属生态环境保护范畴。,环境保护,(6-7) 泛型法条被AI分为具体分类'环境保护'，应删除 | 原标记: <泛类型> | 法条: 《广东省水土保持条例》第二十八条
《广东省水土保持条例》第二十八条的规定,环境保护,ai,True,<泛类型>,《水土保持条例》属水资源管理范畴。,水资源,(6-7) 泛型法条被AI分为具体分类'环境保护'，应删除 | 原标记: <泛类型> | 法条: 《广东省水土保持条例》第二十八条的规定
《广东省水土保持条例》第四十二条,环境保护,ai,True,<泛类型>,水土保持属生态环境保护范畴。,环境保护,(6-7) 泛型法条被AI分为具体分类'环境保护'，应删除 | 原标记: <泛类型> | 法条: 《广东省水土保持条例》第四十二条
《广东省水行政执法减免责任清单（第一批）》,环境保护,ai,True,<泛类型>,水行政执法减免责任清单，属水资源管理。,水资源,(6-7) 泛型法条被AI分为具体分类'环境保护'，应删除 | 原标记: <泛类型> | 法条: 《广东省水行政执法减免责任清单（第一批）》
《广东省汕头市金平区贤群采石场现状图》,环境保护,ai,True,<泛类型>,涉及采石场现状，多属生态环保管理。,环境保护,(6-7) 泛型法条被AI分为具体分类'环境保护'，应删除 | 原标记: <泛类型> | 法条: 《广东省汕头市金平区贤群采石场现状图》
《广东省爱国卫生工作条例》第十七条第一款,*爱国卫生管理*,ai,True,<泛类型>,依据爱国卫生条例第十七条内容。,*爱国卫生管理*,(6-6) AI分类含星号'*爱国卫生管理*'，分类不确定 | 法条: 《广东省爱国卫生工作条例》第十七条第一款
《广东省经营性公墓墓位使用合同》,消费者权益/市场秩序,ai,True,<泛类型>,经营性公墓合同纠纷，属消费合同问题。,消费者权益纠纷,(6-7) 泛型法条被AI分为具体分类'消费者权益/市场秩序'，应删除 | 原标记: <泛类型> | 法条: 《广东省经营性公墓墓位使用合同》
《广东省肇庆市领航企业陶瓷有限公司生产销售的瓷砖产品情况表》,产品质量与安全,ai,True,<泛类型>,瓷砖产品情况表，涉及产品质量问题。,产品质量,(6-7) 泛型法条被AI分为具体分类'产品质量与安全'，应删除 | 原标记: <泛类型> | 法条: 《广东省肇庆市领航企业陶瓷有限公司生产销售的瓷砖产品情况表》
《广东省航标管理办法》第十七条,海事安全,ai,True,<泛类型>,航标管理属水上通行安全事项。,海事安全,(6-7) 泛型法条被AI分为具体分类'海事安全'，应删除 | 原标记: <泛类型> | 法条: 《广东省航标管理办法》第十七条
《广东省规范行政处罚自由裁量权规定》,其他,ai,True,<泛类型>,仅为裁量规定，无具体违法行为描述。,其他违法行为,(6-5) 程序性 | 匹配模式: '行政处罚自由裁量权' | 法条: 《广东省规范行政处罚自由裁量权规定》
《广东省规范行政处罚自由裁量权规定》第十四条第二项,其他,ai,True,<泛类型>,仅给出条款序号，无法判断具体领域。,其他违法行为,(6-5) 程序性 | 匹配模式: '行政处罚自由裁量权' | 法条: 《广东省规范行政处罚自由裁量权规定》第十四条第二项
《广东省规范行政处罚自由裁量权规定》第十四条第（二）项,其他,ai,True,<泛类型>,仅给出条款序号，无法判断具体领域。,其他违法行为,(6-5) 程序性 | 匹配模式: '行政处罚自由裁量权' | 法条: 《广东省规范行政处罚自由裁量权规定》第十四条第（二）项
《广州地铁扶梯维保项目管理工作会议纪要》,建设工程与房地产,ai,True,<泛类型>,《项目管理工作会议纪要》属工程管理文件。,建设工程,(6-7) 泛型法条被AI分为具体分类'建设工程与房地产'，应删除 | 原标记: <泛类型> | 法条: 《广州地铁扶梯维保项目管理工作会议纪要》
《广州地铁集团有限公司维修合同》,建设工程与房地产,ai,True,<泛类型>,《维修合同》多涉工程维修承揽与采购。,工程建设/招投标,(6-7) 泛型法条被AI分为具体分类'建设工程与房地产'，应删除 | 原标记: <泛类型> | 法条: 《广州地铁集团有限公司维修合同》
《广州市人民政府关于广州市“10.21”一般叉车碰撞事故结案的批复》,安全生产,ai,True,<泛类型>,一般叉车碰撞事故，属生产安全事故。,安全生产,(6-7) 泛型法条被AI分为具体分类'安全生产'，应删除 | 原标记: <泛类型> | 法条: 《广州市人民政府关于广州市“10.21”一般叉车碰撞事故结案的批复》
《广州市卫生计生委规范行政处罚自由裁量权办法》,卫生健康,ai,True,<泛类型>,涉及卫生计生委行政处罚规范。,医疗卫生,(6-5) 程序性 | 匹配模式: '行政处罚自由裁量权' | 法条: 《广州市卫生计生委规范行政处罚自由裁量权办法》
《广州市城市管理综合执法行政处罚自由裁量权量化细化基准表》,*城市管理执法*,ai,True,<泛类型>,仅指城市管理执法基准表本身。,*城市管理执法*,(6-5) 程序性 | 匹配模式: '行政处罚自由裁量权' | 法条: 《广州市城市管理综合执法行政处罚自由裁量权量化细化基准表》
《广州市城市管理综合执法行政处罚自由裁量权量化细化基准表》第3.1项,其他,ai,True,<泛类型>,仅给出条款编号，无法判断具体类型。,其他违法行为,(6-5) 程序性 | 匹配模式: '行政处罚自由裁量权' | 法条: 《广州市城市管理综合执法行政处罚自由裁量权量化细化基准表》第3.1项
《广州市城市管理综合执法规范行政处罚自由裁量权规定》,*城市管理执法*,ai,True,<泛类型>,规范城管处罚自由裁量行为。,*城市管理执法*,(6-5) 程序性 | 匹配模式: '行政处罚自由裁量权' | 法条: 《广州市城市管理综合执法规范行政处罚自由裁量权规定》
《广州市增城区市场和质量监管局关于清理长期停业未经营企业有关工作的函》,市场主体与登记治理,ai,True,<泛类型>,文件专门规范长期停业未经营企业。,未开业/自行停业,(6-7) 泛型法条被AI分为具体分类'市场主体与登记治理'，应删除 | 原标记: <泛类型> | 法条: 《广州市增城区市场和质量监管局关于清理长期停业未经营企业有关工作的函》
《广州市增城区水务局行政处罚(听证)告知书》,环境保护,ai,True,<泛类型>,水务局处罚告知，涉水资源管理。,水资源,(6-7) 泛型法条被AI分为具体分类'环境保护'，应删除 | 原标记: <泛类型> | 法条: 《广州市增城区水务局行政处罚(听证)告知书》
《广州市增城区水务局行政处罚（听证）告知书》,环境保护,ai,True,<泛类型>,水务局处罚，涉水行政管理事项。,水资源,(6-7) 泛型法条被AI分为具体分类'环境保护'，应删除 | 原标记: <泛类型> | 法条: 《广州市增城区水务局行政处罚（听证）告知书》
《广州市增城市场监督管理局检测/检验/检疫/鉴定委托单》,产品质量与安全,ai,True,<泛类型>,涉及检测检验委托，多为产品质量。,产品质量,(6-7) 泛型法条被AI分为具体分类'产品质量与安全'，应删除 | 原标记: <泛类型> | 法条: 《广州市增城市场监督管理局检测/检验/检疫/鉴定委托单》
《广州市增城市场监督管理局检测/检验/检疫/鉴定结果告知书》,产品质量与安全,ai,True,<泛类型>,检测检验结果告知多涉食品药品监管。,食品药品,(6-7) 泛型法条被AI分为具体分类'产品质量与安全'，应删除 | 原标记: <泛类型> | 法条: 《广州市增城市场监督管理局检测/检验/检疫/鉴定结果告知书》
《广州市天河区行政审批局关于同意开办广州市天河区虎硕教育培训中心的批复》,市场主体与登记治理,ai,True,<泛类型>,仅为同意设立批复文件，无违法内容。,未开业/自行停业,(6-7) 泛型法条被AI分为具体分类'市场主体与登记治理'，应删除 | 原标记: <泛类型> | 法条: 《广州市天河区行政审批局关于同意开办广州市天河区虎硕教育培训中心的批复》
《广州市工商行政管理局流通领域商品质量抽查检验工作单》,产品质量与安全,ai,True,<泛类型>,商品质量抽查检验工作相关规定。,产品质量,(6-7) 泛型法条被AI分为具体分类'产品质量与安全'，应删除 | 原标记: <泛类型> | 法条: 《广州市工商行政管理局流通领域商品质量抽查检验工作单》
《广州市工商行政管理局行政处罚听证告知书》,市场秩序与竞争监管,ai,True,<泛类型>,工商局处罚多涉市场秩序与消费维权。,消费者权益/市场秩序,(6-7) 泛型法条被AI分为具体分类'市场秩序与竞争监管'，应删除 | 原标记: <泛类型> | 法条: 《广州市工商行政管理局行政处罚听证告知书》
《广州市工商行政管理机关行政处罚裁量标准》,市场秩序与竞争监管,ai,True,<泛类型>,工商机关裁量标准，调控市场秩序。,消费者权益/市场秩序,(6-7) 泛型法条被AI分为具体分类'市场秩序与竞争监管'，应删除 | 原标记: <泛类型> | 法条: 《广州市工商行政管理机关行政处罚裁量标准》
《广州市工商行政管理机关规范行政处罚自由裁量办法》,市场秩序与竞争监管,ai,True,<泛类型>,工商机关处罚裁量主要规制市场秩序。,消费者权益/市场秩序,(6-7) 泛型法条被AI分为具体分类'市场秩序与竞争监管'，应删除 | 原标记: <泛类型> | 法条: 《广州市工商行政管理机关规范行政处罚自由裁量办法》
《广州市工商行政管理机关规范行政处罚自由裁量权办法》第十二条,其他,ai,True,<泛类型>,仅给出条文标题，无法判断具体内容。,其他违法行为,(6-5) 程序性 | 匹配模式: '行政处罚自由裁量权' | 法条: 《广州市工商行政管理机关规范行政处罚自由裁量权办法》第十二条
《广州市市场监督管理局关于广州市增城自来水有限公司违法所得计算问题的批复》,市场秩序与竞争监管,ai,True,<泛类型>,自来水公司违法所得计算涉及价格收费问题。,价格/收费,(6-7) 泛型法条被AI分为具体分类'市场秩序与竞争监管'，应删除 | 原标记: <泛类型> | 法条: 《广州市市场监督管理局关于广州市增城自来水有限公司违法所得计算问题的批复》
《广州市市场监督管理局责令补报年报的通告》,市场主体与登记治理,ai,True,<泛类型>,涉及市场监管部门责令补报年报。,企业信息公示,(6-7) 泛型法条被AI分为具体分类'市场主体与登记治理'，应删除 | 原标记: <泛类型> | 法条: 《广州市市场监督管理局责令补报年报的通告》
《广州市市场监督管理部门规范行政处罚自由裁量权规定》,其他,ai,True,<泛类型>,仅给出规范裁量规定名称，无法细分。,其他违法行为,(6-5) 程序性 | 匹配模式: '行政处罚自由裁量权' | 法条: 《广州市市场监督管理部门规范行政处罚自由裁量权规定》
《广州市市场监督管理部门规范行政处罚自由裁量权规定》第七条,其他,ai,True,<泛类型>,仅给出条款编号，无法判断具体领域。,其他违法行为,(6-5) 程序性 | 匹配模式: '行政处罚自由裁量权' | 法条: 《广州市市场监督管理部门规范行政处罚自由裁量权规定》第七条
《广州市市场监督管理部门规范行政处罚自由裁量权规定》第十九条第一款,其他,ai,True,<泛类型>,仅给出条款序号，无法判断内容。,其他违法行为,(6-5) 程序性 | 匹配模式: '行政处罚自由裁量权' | 法条: 《广州市市场监督管理部门规范行政处罚自由裁量权规定》第十九条第一款
《广州市市场监督管理部门规范行政处罚自由裁量权规定》第十四条,其他,ai,True,<泛类型>,仅给出条文编号，无具体内容。,其他违法行为,(6-5) 程序性 | 匹配模式: '行政处罚自由裁量权' | 法条: 《广州市市场监督管理部门规范行政处罚自由裁量权规定》第十四条
《广州市市场监督管理部门规范行政处罚自由裁量权规定》第十四条第(五)项,其他,ai,True,<泛类型>,仅给出条款序号，无法判断具体内容。,其他违法行为,(6-5) 程序性 | 匹配模式: '行政处罚自由裁量权' | 法条: 《广州市市场监督管理部门规范行政处罚自由裁量权规定》第十四条第(五)项
《广州市市场监督管理部门规范行政处罚自由裁量权规定》第十四条第一项,其他,ai,True,<泛类型>,仅给出条款编号，无具体内容。,其他违法行为,(6-5) 程序性 | 匹配模式: '行政处罚自由裁量权' | 法条: 《广州市市场监督管理部门规范行政处罚自由裁量权规定》第十四条第一项
《广州市市场监督管理部门规范行政处罚自由裁量权规定》第十四条第二项,其他,ai,True,<泛类型>,仅给出条款编号，无具体内容。,其他违法行为,(6-5) 程序性 | 匹配模式: '行政处罚自由裁量权' | 法条: 《广州市市场监督管理部门规范行政处罚自由裁量权规定》第十四条第二项
《广州市市场监督管理部门规范行政处罚自由裁量权规定》第十四条第（一）项和第（二）项,市场秩序与竞争监管,ai,True,<泛类型>,市监部门综合规范市场秩序行为。,消费者权益/市场秩序,(6-5) 程序性 | 匹配模式: '行政处罚自由裁量权' | 法条: 《广州市市场监督管理部门规范行政处罚自由裁量权规定》第十四条第（一）项和第（二）项
《广州市市场监督管理部门规范行政处罚自由裁量权量化细化基准表》,其他,ai,True,<泛类型>,仅见基准表标题，未含具体内容。】,其他违法行为,(6-5) 程序性 | 匹配模式: '行政处罚自由裁量权' | 法条: 《广州市市场监督管理部门规范行政处罚自由裁量权量化细化基准表》
《广州市市场监督部门规范行政处罚自由裁量权规定》第十四条,其他,ai,True,<泛类型>,仅给出条号，无具体内容无法判断。,其他违法行为,(6-5) 程序性 | 匹配模式: '行政处罚自由裁量权' | 法条: 《广州市市场监督部门规范行政处罚自由裁量权规定》第十四条
"《广州市市场监督部门规范行政处罚自由裁量权规定》第十四条,",其他,ai,True,<泛类型>,仅给出规范裁量规定条号，无法细分。,其他违法行为,"(6-5) 程序性 | 匹配模式: '行政处罚自由裁量权' | 法条: 《广州市市场监督部门规范行政处罚自由裁量权规定》第十四条,"
《广州市市场监督部门规范行政处罚自由裁量权量化细化基准表》,其他,ai,True,<泛类型>,仅给出基准表名称，无法细分。,其他违法行为,(6-5) 程序性 | 匹配模式: '行政处罚自由裁量权' | 法条: 《广州市市场监督部门规范行政处罚自由裁量权量化细化基准表》
《广州市建筑废弃物处置证》,环境保护,ai,True,<泛类型>,建筑废弃物处置管理属环境保护。,环境保护,(6-7) 泛型法条被AI分为具体分类'环境保护'，应删除 | 原标记: <泛类型> | 法条: 《广州市建筑废弃物处置证》
《广州市建筑废弃物管理条例》,环境保护,ai,True,<泛类型>,建筑废弃物管理本质属环境管理。,环境保护,(6-7) 泛型法条被AI分为具体分类'环境保护'，应删除 | 原标记: <泛类型> | 法条: 《广州市建筑废弃物管理条例》
《广州市建筑废弃物管理条例》第三十四条第（一）项,环境保护,ai,True,<泛类型>,建筑废弃物管理本质属环境管理。,环境保护,(6-7) 泛型法条被AI分为具体分类'环境保护'，应删除 | 原标记: <泛类型> | 法条: 《广州市建筑废弃物管理条例》第三十四条第（一）项
《广州市建筑废弃物管理条例》第五十八条第（三）项,环境保护,ai,True,<泛类型>,建筑废弃物管理实质属环境保护。,环境保护,(6-7) 泛型法条被AI分为具体分类'环境保护'，应删除 | 原标记: <泛类型> | 法条: 《广州市建筑废弃物管理条例》第五十八条第（三）项
《广州市建筑废弃物管理条例》第十四届人大常委会公告第7号）第二十一条第二款,环境保护,ai,True,<泛类型>,建筑废弃物管理本质属环境管理。,环境保护,(6-7) 泛型法条被AI分为具体分类'环境保护'，应删除 | 原标记: <泛类型> | 法条: 《广州市建筑废弃物管理条例》第十四届人大常委会公告第7号）第二十一条第二款
《广州市建筑废弃物管理条例》第十四届人大常委会公告第7号）第二十四条第一款第（三）项,环境保护,ai,True,<泛类型>,建筑弃土弃料管理属环境管理范畴。,环境保护,(6-7) 泛型法条被AI分为具体分类'环境保护'，应删除 | 原标记: <泛类型> | 法条: 《广州市建筑废弃物管理条例》第十四届人大常委会公告第7号）第二十四条第一款第（三）项
《广州市建筑废物处置证》,环境保护,ai,True,<泛类型>,建筑废物处置管理，属环境保护。,环境保护,(6-7) 泛型法条被AI分为具体分类'环境保护'，应删除 | 原标记: <泛类型> | 法条: 《广州市建筑废物处置证》
《广州市水务局行政处罚自由裁量权实施标准》,环境保护,ai,True,<泛类型>,水务局处罚标准，属水资源管理】,水资源,(6-5) 程序性 | 匹配模式: '行政处罚自由裁量权' | 法条: 《广州市水务局行政处罚自由裁量权实施标准》
《广州市爱国卫生工作规定》,卫生健康,ai,True,<泛类型>,爱国卫生归属公共卫生管理事项。,医疗卫生,(6-7) 泛型法条被AI分为具体分类'卫生健康'，应删除 | 原标记: <泛类型> | 法条: 《广州市爱国卫生工作规定》
《广州市爱国卫生工作规定》第70号)第二十三条第二款,卫生健康,ai,True,<泛类型>,爱国卫生工作属公共卫生管理。,医疗卫生,(6-7) 泛型法条被AI分为具体分类'卫生健康'，应删除 | 原标记: <泛类型> | 法条: 《广州市爱国卫生工作规定》第70号)第二十三条第二款
《广州市白云区人民政府关于江高镇“8·22”起重伤害一般事故调查报告》,安全生产,ai,True,<泛类型>,起重伤害事故属生产安全责任事故。,安全生产,(6-7) 泛型法条被AI分为具体分类'安全生产'，应删除 | 原标记: <泛类型> | 法条: 《广州市白云区人民政府关于江高镇“8·22”起重伤害一般事故调查报告》
《广州市白云区人民政府关于石门街“7·6”触电一般事故结案的批复》,安全生产,ai,True,<泛类型>,一般触电事故，属生产安全事故。,安全生产,(6-7) 泛型法条被AI分为具体分类'安全生产'，应删除 | 原标记: <泛类型> | 法条: 《广州市白云区人民政府关于石门街“7·6”触电一般事故结案的批复》
《广州市白云区江高镇“3·7”机械伤害一般事故调查报告》,安全生产,ai,True,<泛类型>,“机械伤害事故调查报告”属安全生产事故。,安全生产,(6-7) 泛型法条被AI分为具体分类'安全生产'，应删除 | 原标记: <泛类型> | 法条: 《广州市白云区江高镇“3·7”机械伤害一般事故调查报告》
《广州市白云区石门街“7·6”触电一般事故调查报告》,安全生产,ai,True,<泛类型>,触电事故属生产安全责任事故。,安全生产,(6-7) 泛型法条被AI分为具体分类'安全生产'，应删除 | 原标记: <泛类型> | 法条: 《广州市白云区石门街“7·6”触电一般事故调查报告》
《广州市益农生化有限公司未申报收入情况表(收据协查回复)》,财税与金融监管,ai,True,<泛类型>,未申报收入涉及偷逃税款行为。,税收违规,(6-7) 泛型法条被AI分为具体分类'财税与金融监管'，应删除 | 原标记: <泛类型> | 法条: 《广州市益农生化有限公司未申报收入情况表(收据协查回复)》
《广州市益农生化有限公司租金收入统计表》,财税与金融监管,ai,True,<泛类型>,涉及租金收入统计及账务处理。,会计/账务,(6-7) 泛型法条被AI分为具体分类'财税与金融监管'，应删除 | 原标记: <泛类型> | 法条: 《广州市益农生化有限公司租金收入统计表》
《广州市益农生化有限公司货款收入统计表》,财税与金融监管,ai,True,<泛类型>,涉货款收入统计表，属账务管理。,会计/账务,(6-7) 泛型法条被AI分为具体分类'财税与金融监管'，应删除 | 原标记: <泛类型> | 法条: 《广州市益农生化有限公司货款收入统计表》
《广州市虎头电池集团有限公司购销合同》,消费者权益/市场秩序,ai,True,<泛类型>,购销合同纠纷，属交易消费领域。,消费者权益纠纷,(6-7) 泛型法条被AI分为具体分类'消费者权益/市场秩序'，应删除 | 原标记: <泛类型> | 法条: 《广州市虎头电池集团有限公司购销合同》
《广州市规划和自然资源局关于提供协助城管综合执法机关提供违法建设规划专业意见的函》,建设工程与房地产,ai,True,<泛类型>,涉及违法建设及规划管理意见。,建设工程,(6-7) 泛型法条被AI分为具体分类'建设工程与房地产'，应删除 | 原标记: <泛类型> | 法条: 《广州市规划和自然资源局关于提供协助城管综合执法机关提供违法建设规划专业意见的函》
《广州市越秀区人民政府关于越秀区东沙角路16-34号“9·3”高处坠落事故调查报告书的批复》,安全生产,ai,True,<泛类型>,高处坠落事故，属生产安全责任。,安全生产,(6-7) 泛型法条被AI分为具体分类'安全生产'，应删除 | 原标记: <泛类型> | 法条: 《广州市越秀区人民政府关于越秀区东沙角路16-34号“9·3”高处坠落事故调查报告书的批复》
《广州市违法建设查处条例》,建设工程与房地产,ai,True,<泛类型>,依据违法建设查处条例，属工程建设。,建设工程,(6-7) 泛型法条被AI分为具体分类'建设工程与房地产'，应删除 | 原标记: <泛类型> | 法条: 《广州市违法建设查处条例》
《广州市违法建设查处条例》第十五条第一款第（三）项,建设工程与房地产,ai,True,<泛类型>,依据违法建设查处条例，属建设行为。,建设工程,(6-7) 泛型法条被AI分为具体分类'建设工程与房地产'，应删除 | 原标记: <泛类型> | 法条: 《广州市违法建设查处条例》第十五条第一款第（三）项
《广州美旋电器燃具有限公司出货单》,产品质量与安全,ai,True,<泛类型>,出货单涉及产品出厂及质量管理。,产品质量,(6-7) 泛型法条被AI分为具体分类'产品质量与安全'，应删除 | 原标记: <泛类型> | 法条: 《广州美旋电器燃具有限公司出货单》
《广西住房城乡建设系统行政处罚自由裁量基准（暂行）》,建设工程与房地产,ai,True,<泛类型>,针对住建系统行政处罚自由裁量规范。,建设工程,(6-7) 泛型法条被AI分为具体分类'建设工程与房地产'，应删除 | 原标记: <泛类型> | 法条: 《广西住房城乡建设系统行政处罚自由裁量基准（暂行）》
《广西住房城乡建设系统行政处罚自由裁量适用规则(暂行)》,建设工程与房地产,ai,True,<泛类型>,住建系统处罚规则，属工程管理。,建设工程,(6-7) 泛型法条被AI分为具体分类'建设工程与房地产'，应删除 | 原标记: <泛类型> | 法条: 《广西住房城乡建设系统行政处罚自由裁量适用规则(暂行)》
《广西住房城乡建设系统行政处罚自由裁量适用规则（暂行）》,建设工程与房地产,ai,True,<泛类型>,住建系统规则，指向建设工程领域。,建设工程,(6-7) 泛型法条被AI分为具体分类'建设工程与房地产'，应删除 | 原标记: <泛类型> | 法条: 《广西住房城乡建设系统行政处罚自由裁量适用规则（暂行）》
《广西住房城乡建设行政处罚自由裁量基准(2020版)》,建设工程与房地产,ai,True,<泛类型>,住房城乡建设领域行政处罚基准。,建设工程,(6-7) 泛型法条被AI分为具体分类'建设工程与房地产'，应删除 | 原标记: <泛类型> | 法条: 《广西住房城乡建设行政处罚自由裁量基准(2020版)》
《广西住房城乡建设行政处罚自由裁量基准》,建设工程与房地产,ai,True,<泛类型>,《住房城乡建设》领域处罚基准相关。,建设工程,(6-7) 泛型法条被AI分为具体分类'建设工程与房地产'，应删除 | 原标记: <泛类型> | 法条: 《广西住房城乡建设行政处罚自由裁量基准》
《广西住房城乡建设行政处罚自由裁量基准（2020版）》,建设工程与房地产,ai,True,<泛类型>,《住建》系统裁量基准，属建设工程监管。,建设工程,(6-7) 泛型法条被AI分为具体分类'建设工程与房地产'，应删除 | 原标记: <泛类型> | 法条: 《广西住房城乡建设行政处罚自由裁量基准（2020版）》
《广西南宁顺和达贸易有限责任公司销售清单》,财税与金融监管,ai,True,<泛类型>,企业销售清单属财务票据凭证。,会计/账务,(6-7) 泛型法条被AI分为具体分类'财税与金融监管'，应删除 | 原标记: <泛类型> | 法条: 《广西南宁顺和达贸易有限责任公司销售清单》
《广西壮族自治区专利条例》第十八条,侵犯商标/知识产权,ai,True,<泛类型>,《专利条例》属知识产权管理范围。,侵犯商标/知识产权,(6-7) 泛型法条被AI分为具体分类'侵犯商标/知识产权'，应删除 | 原标记: <泛类型> | 法条: 《广西壮族自治区专利条例》第十八条
《广西壮族自治区住房和城乡建设厅行政处罚告知书》,建设工程与房地产,ai,True,<泛类型>,住建厅处罚，多涉工程建设管理。,建设工程,(6-7) 泛型法条被AI分为具体分类'建设工程与房地产'，应删除 | 原标记: <泛类型> | 法条: 《广西壮族自治区住房和城乡建设厅行政处罚告知书》
《广西壮族自治区促进散装水泥发展和应用条例》第二十八条第一款第二项,*散装水泥管理*,ai,True,<泛类型>,针对散装水泥推广与使用管理。,*散装水泥管理*,(6-6) AI分类含星号'*散装水泥管理*'，分类不确定 | 法条: 《广西壮族自治区促进散装水泥发展和应用条例》第二十八条第一款第二项
《广西壮族自治区促进散装水泥发展和应用条例》第十三条第二款,*散装水泥管理*,ai,True,<泛类型>,专项规范散装水泥发展应用行为。,*散装水泥管理*,(6-6) AI分类含星号'*散装水泥管理*'，分类不确定 | 法条: 《广西壮族自治区促进散装水泥发展和应用条例》第十三条第二款
《广西壮族自治区卫生和计划生育行政处罚裁量权实施规则》,卫生健康,ai,True,<泛类型>,卫生计生系统行政处罚裁量规则。,医疗卫生,(6-5) 程序性 | 匹配模式: '行政处罚裁量权' | 法条: 《广西壮族自治区卫生和计划生育行政处罚裁量权实施规则》
《广西壮族自治区发展和改革委员会关于降低一般工商业电价的通知》,市场秩序与竞争监管,ai,True,<泛类型>,涉及电价调整，属价格管理问题。,价格/收费,(6-7) 泛型法条被AI分为具体分类'市场秩序与竞争监管'，应删除 | 原标记: <泛类型> | 法条: 《广西壮族自治区发展和改革委员会关于降低一般工商业电价的通知》
《广西壮族自治区实施办法》第三十二条第一款第(一)项,市场秩序与竞争监管,ai,True,<泛类型>,该条多规定价格收费违法行为。,价格/收费,(6-7) 泛型法条被AI分为具体分类'市场秩序与竞争监管'，应删除 | 原标记: <泛类型> | 法条: 《广西壮族自治区实施办法》第三十二条第一款第(一)项
《广西壮族自治区实施办法》第三十二条第一款第(二)项,安全生产,ai,True,<泛类型>,实施办法多用于安全生产监管领域。,安全生产,(6-7) 泛型法条被AI分为具体分类'安全生产'，应删除 | 原标记: <泛类型> | 法条: 《广西壮族自治区实施办法》第三十二条第一款第(二)项
《广西壮族自治区市场监督管理行政处罚自由裁量权适用规定 (试行)》第十四条第一款第（一）、（五）项,市场秩序与竞争监管,ai,True,<泛类型>,属市场监管处罚自由裁量规定。,消费者权益/市场秩序,(6-5) 程序性 | 匹配模式: '行政处罚自由裁量权' | 法条: 《广西壮族自治区市场监督管理行政处罚自由裁量权适用规定 (试行)》第十四条第一款第（一）、（五）项
《广西壮族自治区市场监督管理行政处罚自由裁量权适用规定(试行)》第十四条,其他,ai,True,<泛类型>,仅给出条文编号，无法判断内容。,其他违法行为,(6-5) 程序性 | 匹配模式: '行政处罚自由裁量权' | 法条: 《广西壮族自治区市场监督管理行政处罚自由裁量权适用规定(试行)》第十四条
《广西壮族自治区市场监督管理行政处罚自由裁量权适用规定》,其他,ai,True,<泛类型>,仅给出规定名称，无法判断具体领域。,其他违法行为,(6-5) 程序性 | 匹配模式: '行政处罚自由裁量权' | 法条: 《广西壮族自治区市场监督管理行政处罚自由裁量权适用规定》
《广西壮族自治区市场监督管理行政处罚自由裁量权适用规定》第十五条,其他,ai,True,<泛类型>,仅给出条款编号，无具体内容。,其他违法行为,(6-5) 程序性 | 匹配模式: '行政处罚自由裁量权' | 法条: 《广西壮族自治区市场监督管理行政处罚自由裁量权适用规定》第十五条
《广西壮族自治区市场监督管理行政处罚自由裁量权适用规定（试行）》第十四条第（一）项、第（五）项,其他,ai,True,<泛类型>,仅给出条款序号，无法判断内容。,其他违法行为,(6-5) 程序性 | 匹配模式: '行政处罚自由裁量权' | 法条: 《广西壮族自治区市场监督管理行政处罚自由裁量权适用规定（试行）》第十四条第（一）项、第（五）项
《广西壮族自治区新闻出版广播影视(版权)行政处罚裁量基准(试行)》,公共文化与传媒,ai,True,<泛类型>,新闻出版广播影视监管领域规定。,公共文化与传媒,(6-7) 泛型法条被AI分为具体分类'公共文化与传媒'，应删除 | 原标记: <泛类型> | 法条: 《广西壮族自治区新闻出版广播影视(版权)行政处罚裁量基准(试行)》
《广西壮族自治区柳州市鱼峰区人民法院民事判决书》,消费者权益/市场秩序,ai,True,<泛类型>,民事判决书，多为买卖消费纠纷。,消费者权益纠纷,(6-7) 泛型法条被AI分为具体分类'消费者权益/市场秩序'，应删除 | 原标记: <泛类型> | 法条: 《广西壮族自治区柳州市鱼峰区人民法院民事判决书》
《广西壮族自治区畜牧业行政裁量权适用规定》第六十四条第四项,*畜牧业管理*,ai,True,<泛类型>,依据畜牧业行政裁量权规定。,*畜牧业管理*,(6-6) AI分类含星号'*畜牧业管理*'，分类不确定 | 法条: 《广西壮族自治区畜牧业行政裁量权适用规定》第六十四条第四项
《床上用品》,产品质量与安全,ai,True,<泛类型>,床上用品属产品质量标准监管。,产品质量,(6-7) 泛型法条被AI分为具体分类'产品质量与安全'，应删除 | 原标记: <泛类型> | 法条: 《床上用品》
《床单》,*内容不明无法分类*,ai,True,<泛类型>,《床单》无具体条文内容载明。,*内容不明无法分类*,(6-6) AI分类含星号'*内容不明无法分类*'，分类不确定 | 法条: 《床单》
《库存商品明细账本》,财税与金融监管,ai,True,<泛类型>,《库存商品明细账本》属会计核算范围。,会计/账务,(6-7) 泛型法条被AI分为具体分类'财税与金融监管'，应删除 | 原标记: <泛类型> | 法条: 《库存商品明细账本》
《库存商品科目余额表》,财税与金融监管,ai,True,<泛类型>,《库存商品科目余额表》属会计核算表。,会计/账务,(6-7) 泛型法条被AI分为具体分类'财税与金融监管'，应删除 | 原标记: <泛类型> | 法条: 《库存商品科目余额表》
《店面租赁合同》,建设工程与房地产,ai,True,<泛类型>,店面租赁合同本质属房地产租赁纠纷。,房地产/土地,(6-7) 泛型法条被AI分为具体分类'建设工程与房地产'，应删除 | 原标记: <泛类型> | 法条: 《店面租赁合同》
《废物处理服务合同》,环境保护,ai,True,<泛类型>,废物处理合同通常涉及环境污染防治。,环境保护,(6-7) 泛型法条被AI分为具体分类'环境保护'，应删除 | 原标记: <泛类型> | 法条: 《废物处理服务合同》
《延安日报》,公共文化与传媒,ai,True,<泛类型>,涉及报纸等新闻出版内容管理。,公共文化与传媒,(6-7) 泛型法条被AI分为具体分类'公共文化与传媒'，应删除 | 原标记: <泛类型> | 法条: 《延安日报》
《延期整改复查审批表》,安全生产,ai,True,<泛类型>,“整改复查”表通常用于安全生产隐患整改。,安全生产,(6-7) 泛型法条被AI分为具体分类'安全生产'，应删除 | 原标记: <泛类型> | 法条: 《延期整改复查审批表》
《建德市城市管理行政处罚自由裁量权实施办法》,其他,ai,True,<泛类型>,仅提及实施办法名称，无法细分。,其他违法行为,(6-5) 程序性 | 匹配模式: '行政处罚自由裁量权' | 法条: 《建德市城市管理行政处罚自由裁量权实施办法》
《建筑业企业生产经营情况》,建设工程与房地产,ai,True,<泛类型>,标题涉及建筑业企业生产经营情况管理。,建设工程,(6-7) 泛型法条被AI分为具体分类'建设工程与房地产'，应删除 | 原标记: <泛类型> | 法条: 《建筑业企业生产经营情况》
《建筑业企业资质等级标准》,建设工程与房地产,ai,True,<泛类型>,依据建筑业企业资质标准，属建设领域。,建设工程,(6-7) 泛型法条被AI分为具体分类'建设工程与房地产'，应删除 | 原标记: <泛类型> | 法条: 《建筑业企业资质等级标准》
《建筑业企业资质管理规定》,建设工程与房地产,ai,True,<泛类型>,依据建筑业企业资质管理内容判定。,建设工程,(6-7) 泛型法条被AI分为具体分类'建设工程与房地产'，应删除 | 原标记: <泛类型> | 法条: 《建筑业企业资质管理规定》
《建筑业企业资质管理规定》第22号）第二十八条,建设工程与房地产,ai,True,<泛类型>,建筑业企业资质管理规定，属建设领域。,建设工程,(6-7) 泛型法条被AI分为具体分类'建设工程与房地产'，应删除 | 原标记: <泛类型> | 法条: 《建筑业企业资质管理规定》第22号）第二十八条
《建筑业企业资质证书》,建设工程与房地产,ai,True,<泛类型>,《建筑业企业资质证书》属建设工程管理。,建设工程,(6-7) 泛型法条被AI分为具体分类'建设工程与房地产'，应删除 | 原标记: <泛类型> | 法条: 《建筑业企业资质证书》
《建筑地基基础设计规范》,建设工程与房地产,ai,True,<泛类型>,工程设计规范属建设工程范畴。,建设工程,(6-7) 泛型法条被AI分为具体分类'建设工程与房地产'，应删除 | 原标记: <泛类型> | 法条: 《建筑地基基础设计规范》
《建筑基坑支护技术规程》,建设工程与房地产,ai,True,<泛类型>,建筑基坑支护技术规程属工程建设规范。,建设工程,(6-7) 泛型法条被AI分为具体分类'建设工程与房地产'，应删除 | 原标记: <泛类型> | 法条: 《建筑基坑支护技术规程》
《建筑基坑支护技术规程》第8.2.1条,建设工程与房地产,ai,True,<泛类型>,建筑基坑支护规范内容，属建设工程。,建设工程,(6-7) 泛型法条被AI分为具体分类'建设工程与房地产'，应删除 | 原标记: <泛类型> | 法条: 《建筑基坑支护技术规程》第8.2.1条
《建筑总平面图》,建设工程与房地产,ai,True,<泛类型>,《建筑总平面图》属工程建设规范。,建设工程,(6-7) 泛型法条被AI分为具体分类'建设工程与房地产'，应删除 | 原标记: <泛类型> | 法条: 《建筑总平面图》
《建筑抗震设计规范》,建设工程与房地产,ai,True,<泛类型>,建筑抗震设计规范属工程建设管理。,建设工程,(6-7) 泛型法条被AI分为具体分类'建设工程与房地产'，应删除 | 原标记: <泛类型> | 法条: 《建筑抗震设计规范》
《建筑抗震设计规范》第6.3.3.3条,建设工程与房地产,ai,True,<泛类型>,《建筑抗震设计规范》属工程建设标准。,建设工程,(6-7) 泛型法条被AI分为具体分类'建设工程与房地产'，应删除 | 原标记: <泛类型> | 法条: 《建筑抗震设计规范》第6.3.3.3条
《建筑材料及制品燃烧性能分级》,消防安全,ai,True,<泛类型>,《建筑材料燃烧性能》属消防技术标准。,消防安全,(6-7) 泛型法条被AI分为具体分类'消防安全'，应删除 | 原标记: <泛类型> | 法条: 《建筑材料及制品燃烧性能分级》
《建筑桩基技术规范》,建设工程与房地产,ai,True,<泛类型>,《建筑桩基技术规范》属工程建设规范。,建设工程,(6-7) 泛型法条被AI分为具体分类'建设工程与房地产'，应删除 | 原标记: <泛类型> | 法条: 《建筑桩基技术规范》
《建筑桩基技术规范》第6.3.30.3条,建设工程与房地产,ai,True,<泛类型>,建筑桩基技术规范属工程建设标准。,建设工程,(6-7) 泛型法条被AI分为具体分类'建设工程与房地产'，应删除 | 原标记: <泛类型> | 法条: 《建筑桩基技术规范》第6.3.30.3条
《建筑法》第七条,建设工程与房地产,ai,True,<泛类型>,《建筑法》规范建筑活动属建设工程。,建设工程,(6-7) 泛型法条被AI分为具体分类'建设工程与房地产'，应删除 | 原标记: <泛类型> | 法条: 《建筑法》第七条
《建筑法》第七条、,建设工程与房地产,ai,True,<泛类型>,《建筑法》属于建设工程领域。,建设工程,(6-7) 泛型法条被AI分为具体分类'建设工程与房地产'，应删除 | 原标记: <泛类型> | 法条: 《建筑法》第七条、
《建筑法》第七章、第六十四条,建设工程与房地产,ai,True,<泛类型>,《建筑法》属工程建设领域规范。,建设工程,(6-7) 泛型法条被AI分为具体分类'建设工程与房地产'，应删除 | 原标记: <泛类型> | 法条: 《建筑法》第七章、第六十四条
《建筑法》第二十九条和,建设工程与房地产,ai,True,<泛类型>,依据《建筑法》第二十九条属建设活动。,建设工程,(6-7) 泛型法条被AI分为具体分类'建设工程与房地产'，应删除 | 原标记: <泛类型> | 法条: 《建筑法》第二十九条和
《建筑法》第二十八条、,建设工程与房地产,ai,True,<泛类型>,《建筑法》直接对应建设工程领域。,建设工程,(6-7) 泛型法条被AI分为具体分类'建设工程与房地产'，应删除 | 原标记: <泛类型> | 法条: 《建筑法》第二十八条、
《建筑法》第六十七条和,建设工程与房地产,ai,True,<泛类型>,适用《建筑法》第六十七条规定情形。,建设工程,(6-7) 泛型法条被AI分为具体分类'建设工程与房地产'，应删除 | 原标记: <泛类型> | 法条: 《建筑法》第六十七条和
《建筑用硬聚氯乙烯(PVC-U)雨落水管材》,产品质量与安全,ai,True,<泛类型>,建筑用PVC-U雨落水管材属产品质量监管。,产品质量,(6-7) 泛型法条被AI分为具体分类'产品质量与安全'，应删除 | 原标记: <泛类型> | 法条: 《建筑用硬聚氯乙烯(PVC-U)雨落水管材》
《建筑电气与智能化通用规范》,建设工程与房地产,ai,True,<泛类型>,建筑电气规范属工程建设领域。,建设工程,(6-7) 泛型法条被AI分为具体分类'建设工程与房地产'，应删除 | 原标记: <泛类型> | 法条: 《建筑电气与智能化通用规范》
《建筑电气与智能化通用规范》第8.7.9条第一款,建设工程与房地产,ai,True,<泛类型>,规范属建筑电气标准，属建设工程。,建设工程,(6-7) 泛型法条被AI分为具体分类'建设工程与房地产'，应删除 | 原标记: <泛类型> | 法条: 《建筑电气与智能化通用规范》第8.7.9条第一款
《建筑电气与智能化通用规范》第8.7.9条第二款,建设工程与房地产,ai,True,<泛类型>,建筑电气规范属工程建设领域。,建设工程,(6-7) 泛型法条被AI分为具体分类'建设工程与房地产'，应删除 | 原标记: <泛类型> | 法条: 《建筑电气与智能化通用规范》第8.7.9条第二款
《建筑类涂料与胶粘剂挥发性有机化合物含量限值标准》,环境保护,ai,True,<泛类型>,涉及VOC限值标准，属污染控制。,环境保护,(6-7) 泛型法条被AI分为具体分类'环境保护'，应删除 | 原标记: <泛类型> | 法条: 《建筑类涂料与胶粘剂挥发性有机化合物含量限值标准》
《建筑结构荷载规范》,建设工程与房地产,ai,True,<泛类型>,建筑结构荷载规范属工程建设技术标准。,建设工程,(6-7) 泛型法条被AI分为具体分类'建设工程与房地产'，应删除 | 原标记: <泛类型> | 法条: 《建筑结构荷载规范》
《建筑结构荷载规范》第5.1.1条,建设工程与房地产,ai,True,<泛类型>,建筑结构荷载规范属工程建设技术标准。,建设工程,(6-7) 泛型法条被AI分为具体分类'建设工程与房地产'，应删除 | 原标记: <泛类型> | 法条: 《建筑结构荷载规范》第5.1.1条
《建筑胶粘剂有害物质限量》,产品质量与安全,ai,True,<泛类型>,建筑胶粘剂产品有害物质限量标准。,产品质量,(6-7) 泛型法条被AI分为具体分类'产品质量与安全'，应删除 | 原标记: <泛类型> | 法条: 《建筑胶粘剂有害物质限量》
《建筑节能与可再生能源利用通用规范》,建设工程与房地产,ai,True,<泛类型>,建筑节能规范属工程建设领域规范。,建设工程,(6-7) 泛型法条被AI分为具体分类'建设工程与房地产'，应删除 | 原标记: <泛类型> | 法条: 《建筑节能与可再生能源利用通用规范》
《建筑节能与可再生能源利用通用规范》第6.2.4.2条,建设工程与房地产,ai,True,<泛类型>,建筑节能规范属工程建设技术要求。,建设工程,(6-7) 泛型法条被AI分为具体分类'建设工程与房地产'，应删除 | 原标记: <泛类型> | 法条: 《建筑节能与可再生能源利用通用规范》第6.2.4.2条
《建筑设计通用规范》,建设工程与房地产,ai,True,<泛类型>,《建筑设计通用规范》属于建设工程领域。,建设工程,(6-7) 泛型法条被AI分为具体分类'建设工程与房地产'，应删除 | 原标记: <泛类型> | 法条: 《建筑设计通用规范》
《建筑起重机械阿暖监督管理规定》第三十二条,安全生产,ai,True,<泛类型>,建筑起重机械监管，属特种设备安全监管。,特种设备,(6-7) 泛型法条被AI分为具体分类'安全生产'，应删除 | 原标记: <泛类型> | 法条: 《建筑起重机械阿暖监督管理规定》第三十二条
《建设开发承包合同》,建设工程与房地产,ai,True,<泛类型>,《建设开发承包合同》属工程建设领域。,建设工程,(6-7) 泛型法条被AI分为具体分类'建设工程与房地产'，应删除 | 原标记: <泛类型> | 法条: 《建设开发承包合同》
《建设用地批准书》,建设工程与房地产,ai,True,<泛类型>,《建设用地批准书》涉及土地审批。,房地产/土地,(6-7) 泛型法条被AI分为具体分类'建设工程与房地产'，应删除 | 原标记: <泛类型> | 法条: 《建设用地批准书》
《建设程质量检测管理办法》第十五条和第十八条第一款,建设工程与房地产,ai,True,<泛类型>,《建设工程质量检测管理办法》属工程领域。,建设工程,(6-7) 泛型法条被AI分为具体分类'建设工程与房地产'，应删除 | 原标记: <泛类型> | 法条: 《建设程质量检测管理办法》第十五条和第十八条第一款
《建设行政执法调查通知书》,建设工程与房地产,ai,True,<泛类型>,建设行政执法案件，属工程建设管理。,建设工程,(6-7) 泛型法条被AI分为具体分类'建设工程与房地产'，应删除 | 原标记: <泛类型> | 法条: 《建设行政执法调查通知书》
《建设行政执法责令停止违法行为通知书》,建设工程与房地产,ai,True,<泛类型>,建设行政执法文书，涉工程建设。,建设工程,(6-7) 泛型法条被AI分为具体分类'建设工程与房地产'，应删除 | 原标记: <泛类型> | 法条: 《建设行政执法责令停止违法行为通知书》
《建设行政执法责令改正通知书》,建设工程与房地产,ai,True,<泛类型>,建设行政执法文书，涉工程建设。,建设工程,(6-7) 泛型法条被AI分为具体分类'建设工程与房地产'，应删除 | 原标记: <泛类型> | 法条: 《建设行政执法责令改正通知书》
《建设行政许可决定书》,建设工程与房地产,ai,True,<泛类型>,《建设行政许可决定书》属建设工程管理。,建设工程,(6-7) 泛型法条被AI分为具体分类'建设工程与房地产'，应删除 | 原标记: <泛类型> | 法条: 《建设行政许可决定书》
《建设部关于自来水水费滞纳金有关问题的复函》,市场秩序与竞争监管,ai,True,<泛类型>,涉及自来水收费及水费滞纳金问题。,价格/收费,(6-7) 泛型法条被AI分为具体分类'市场秩序与竞争监管'，应删除 | 原标记: <泛类型> | 法条: 《建设部关于自来水水费滞纳金有关问题的复函》
《开国伟人纯金纪念金币》,市场秩序与竞争监管,ai,True,<泛类型>,纪念金币宣传内容涉嫌虚假宣传。,虚假广告/虚假宣传,(6-7) 泛型法条被AI分为具体分类'市场秩序与竞争监管'，应删除 | 原标记: <泛类型> | 法条: 《开国伟人纯金纪念金币》
《开平市市场监督管理局关于公告拟吊销营业执照企业名单的提醒函》,市场主体与登记治理,ai,True,<泛类型>,公告拟吊销营业执照，多为长期停业。,未开业/自行停业,(6-7) 泛型法条被AI分为具体分类'市场主体与登记治理'，应删除 | 原标记: <泛类型> | 法条: 《开平市市场监督管理局关于公告拟吊销营业执照企业名单的提醒函》
《开采方案设计》,安全生产,ai,True,<泛类型>,矿山开采方案设计属安全生产管理。,安全生产,(6-7) 泛型法条被AI分为具体分类'安全生产'，应删除 | 原标记: <泛类型> | 法条: 《开采方案设计》
《开采设计》,安全生产,ai,True,<泛类型>,《开采设计》涉及矿山开采安全规范。,安全生产,(6-7) 泛型法条被AI分为具体分类'安全生产'，应删除 | 原标记: <泛类型> | 法条: 《开采设计》
《异常名录信息》,市场主体与登记治理,ai,True,<泛类型>,仅提及异常名录信息，属公示管理。,企业信息公示,(6-7) 泛型法条被AI分为具体分类'市场主体与登记治理'，应删除 | 原标记: <泛类型> | 法条: 《异常名录信息》
《异常活动报告管理制度》,*内部管理制度*,ai,True,<泛类型>,仅为异常活动报告内部制度名称。,*内部管理制度*,(6-6) AI分类含星号'*内部管理制度*'，分类不确定 | 法条: 《异常活动报告管理制度》
《弃标函》,建设工程与房地产,ai,True,<泛类型>,涉及投标放弃行为属招投标管理。,工程建设/招投标,(6-7) 泛型法条被AI分为具体分类'建设工程与房地产'，应删除 | 原标记: <泛类型> | 法条: 《弃标函》
《张家口市城市管理行政处罚自由裁量权(住建类)量化标准》,建设工程与房地产,ai,True,<泛类型>,住建领域城市管理处罚，属建设工程。,建设工程,(6-5) 程序性 | 匹配模式: '行政处罚自由裁量权' | 法条: 《张家口市城市管理行政处罚自由裁量权(住建类)量化标准》
《张家口市水行政处罚裁量权实施办法》第一章第二条,环境保护,ai,True,<泛类型>,水行政处罚裁量权，属水资源管理。,水资源,(6-5) 程序性 | 匹配模式: '行政处罚裁量权' | 法条: 《张家口市水行政处罚裁量权实施办法》第一章第二条
《张家口市行政处罚裁量权实施办法》,其他,ai,True,<泛类型>,仅为实施办法名称，无法细分。,其他违法行为,(6-5) 程序性 | 匹配模式: '行政处罚裁量权' | 法条: 《张家口市行政处罚裁量权实施办法》
《张家口经开区城市管理行政处罚自由裁量权(住建类)量化标准》,建设工程与房地产,ai,True,<泛类型>,住建类城市管理处罚，涉及建设活动。,建设工程,(6-5) 程序性 | 匹配模式: '行政处罚自由裁量权' | 法条: 《张家口经开区城市管理行政处罚自由裁量权(住建类)量化标准》
《张家口经济技术开发区城市管理行政处罚自由裁量权量化标准》,*城市管理执法*,ai,True,<泛类型>,涉及城市管理处罚裁量标准。,*城市管理执法*,(6-5) 程序性 | 匹配模式: '行政处罚自由裁量权' | 法条: 《张家口经济技术开发区城市管理行政处罚自由裁量权量化标准》
《弹性体改性沥青防水卷材》,产品质量与安全,ai,True,<泛类型>,为防水建材产品标准，属产品质量。,产品质量,(6-7) 泛型法条被AI分为具体分类'产品质量与安全'，应删除 | 原标记: <泛类型> | 法条: 《弹性体改性沥青防水卷材》
《弹性元件式一般压力表、压力真空表及真空表》,计量/器具,ai,True,<泛类型>,规范压力表等计量器具使用。,计量/器具,(6-7) 泛型法条被AI分为具体分类'计量/器具'，应删除 | 原标记: <泛类型> | 法条: 《弹性元件式一般压力表、压力真空表及真空表》
《弹性元件式一般压力表、压力真空表及真空表》第7.5条,计量/器具,ai,True,<泛类型>,压力表属计量器具规范范围。,计量/器具,(6-7) 泛型法条被AI分为具体分类'计量/器具'，应删除 | 原标记: <泛类型> | 法条: 《弹性元件式一般压力表、压力真空表及真空表》第7.5条
《弹性元件式一般压力表、压力真空表和真空表》,计量/器具,ai,True,<泛类型>,标准涉及压力表计量器具要求。,计量/器具,(6-7) 泛型法条被AI分为具体分类'计量/器具'，应删除 | 原标记: <泛类型> | 法条: 《弹性元件式一般压力表、压力真空表和真空表》
《强制检定的工作计量器和检定周期明细表》,计量/器具,ai,True,<泛类型>,涉及强制检定工作计量器具及周期管理。,计量/器具,(6-7) 泛型法条被AI分为具体分类'计量/器具'，应删除 | 原标记: <泛类型> | 法条: 《强制检定的工作计量器和检定周期明细表》
《强制检定证书》,计量/器具,ai,True,<泛类型>,涉及强制检定证书属计量器具管理。,计量/器具,(6-7) 泛型法条被AI分为具体分类'计量/器具'，应删除 | 原标记: <泛类型> | 法条: 《强制检定证书》
《彭州市市场监督管理局2021年棉胎制品专项执法抽样方案》,产品质量与安全,ai,True,<泛类型>,棉胎制品专项抽检，属于产品质量监管。,产品质量,(6-7) 泛型法条被AI分为具体分类'产品质量与安全'，应删除 | 原标记: <泛类型> | 法条: 《彭州市市场监督管理局2021年棉胎制品专项执法抽样方案》
《征收教育费附加的暂行规定》,财税与金融监管,ai,True,<泛类型>,《征收教育费附加的暂行规定》属税费征收。,税收违规,(6-7) 泛型法条被AI分为具体分类'财税与金融监管'，应删除 | 原标记: <泛类型> | 法条: 《征收教育费附加的暂行规定》
《征收教育费附加的暂行规定》第三条,财税与金融监管,ai,True,<泛类型>,教育费附加随税征收，属税费范畴。,税收违规,(6-7) 泛型法条被AI分为具体分类'财税与金融监管'，应删除 | 原标记: <泛类型> | 法条: 《征收教育费附加的暂行规定》第三条
《征收教育费附加的暂行规定》第二、三条及,财税与金融监管,ai,True,<泛类型>,涉及教育费附加征收管理问题。,税收违规,(6-7) 泛型法条被AI分为具体分类'财税与金融监管'，应删除 | 原标记: <泛类型> | 法条: 《征收教育费附加的暂行规定》第二、三条及
《征收教育费附加的暂行规定》第二条,财税与金融监管,ai,True,<泛类型>,教育费附加以各税为计征依据。,税收违规,(6-7) 泛型法条被AI分为具体分类'财税与金融监管'，应删除 | 原标记: <泛类型> | 法条: 《征收教育费附加的暂行规定》第二条
《征收教育费附加的暂行规定》第二条、第三条,财税与金融监管,ai,True,<泛类型>,《教育费附加规定》属税费征收管理。,税收违规,(6-7) 泛型法条被AI分为具体分类'财税与金融监管'，应删除 | 原标记: <泛类型> | 法条: 《征收教育费附加的暂行规定》第二条、第三条
《征收管理法》,财税与金融监管,ai,True,<泛类型>,依据《征收管理法》属税收征收管理。,税收违规,(6-7) 泛型法条被AI分为具体分类'财税与金融监管'，应删除 | 原标记: <泛类型> | 法条: 《征收管理法》
《征收管理法》第69条,财税与金融监管,ai,True,<泛类型>,征收管理法属税收征管领域。,税收违规,(6-7) 泛型法条被AI分为具体分类'财税与金融监管'，应删除 | 原标记: <泛类型> | 法条: 《征收管理法》第69条
《征用使用草原审核同意书》,建设工程与房地产,ai,True,<泛类型>,涉及草原征用使用审批管理。,房地产/土地,(6-7) 泛型法条被AI分为具体分类'建设工程与房地产'，应删除 | 原标记: <泛类型> | 法条: 《征用使用草原审核同意书》
《征管法》,财税与金融监管,ai,True,<泛类型>,征管法调整税收征收管理行为。,税收违规,(6-7) 泛型法条被AI分为具体分类'财税与金融监管'，应删除 | 原标记: <泛类型> | 法条: 《征管法》
《征管法》第六十三条第一款,财税与金融监管,ai,True,<泛类型>,征管法第六十三条系税收违法情形。,税收违规,(6-7) 泛型法条被AI分为具体分类'财税与金融监管'，应删除 | 原标记: <泛类型> | 法条: 《征管法》第六十三条第一款
《征管法》第六十二条,财税与金融监管,ai,True,<泛类型>,《征管法》为税收征管基本法规。,税收违规,(6-7) 泛型法条被AI分为具体分类'财税与金融监管'，应删除 | 原标记: <泛类型> | 法条: 《征管法》第六十二条
《征管法》第六十四条第一款,财税与金融监管,ai,True,<泛类型>,《征管法》系税收征收管理规范。,税收违规,(6-7) 泛型法条被AI分为具体分类'财税与金融监管'，应删除 | 原标记: <泛类型> | 法条: 《征管法》第六十四条第一款
《征管法》第六十四条第二款,财税与金融监管,ai,True,<泛类型>,征管法条款属税收征收管理事项。,税收违规,(6-7) 泛型法条被AI分为具体分类'财税与金融监管'，应删除 | 原标记: <泛类型> | 法条: 《征管法》第六十四条第二款
《徐州市城市管理行政处罚自由裁量基准》的规定,*城市管理执法*,ai,True,<泛类型>,针对城市管理处罚自由裁量基准。,*城市管理执法*,(6-6) AI分类含星号'*城市管理执法*'，分类不确定 | 法条: 《徐州市城市管理行政处罚自由裁量基准》的规定
《微信公众平台托管合同》,市场秩序与竞争监管,ai,True,<泛类型>,合同纠纷属市场交易秩序范畴。,消费者权益/市场秩序,(6-7) 泛型法条被AI分为具体分类'市场秩序与竞争监管'，应删除 | 原标记: <泛类型> | 法条: 《微信公众平台托管合同》
《微生物检测原始记录》,产品质量与安全,ai,True,<泛类型>,微生物检测原始记录属食品药品监管。,食品药品,(6-7) 泛型法条被AI分为具体分类'产品质量与安全'，应删除 | 原标记: <泛类型> | 法条: 《微生物检测原始记录》
《微生物检验原始记录》,产品质量与安全,ai,True,<泛类型>,微生物检验记录多用于食品药品监管。,食品药品,(6-7) 泛型法条被AI分为具体分类'产品质量与安全'，应删除 | 原标记: <泛类型> | 法条: 《微生物检验原始记录》
《快速检测报告》,产品质量与安全,ai,True,<泛类型>,“快速检测报告”通常指食品快检。,食品药品,(6-7) 泛型法条被AI分为具体分类'产品质量与安全'，应删除 | 原标记: <泛类型> | 法条: 《快速检测报告》
《怀化市小康瓷砖厂“11.18”高处坠落事故调查报告》,安全生产,ai,True,<泛类型>,高处坠落事故，典型生产安全责任。,安全生产,(6-7) 泛型法条被AI分为具体分类'安全生产'，应删除 | 原标记: <泛类型> | 法条: 《怀化市小康瓷砖厂“11.18”高处坠落事故调查报告》
《怀宁县市场监督管理局企业公示信息实地核查记录表》,市场主体与登记治理,ai,True,<泛类型>,与企业公示信息实地核查直接相关。,企业信息公示,(6-7) 泛型法条被AI分为具体分类'市场主体与登记治理'，应删除 | 原标记: <泛类型> | 法条: 《怀宁县市场监督管理局企业公示信息实地核查记录表》
《怡景湾小区商铺多收水费退款情况说明》,市场秩序与竞争监管,ai,True,<泛类型>,涉及小区商铺多收水费收费问题。,价格/收费,(6-7) 泛型法条被AI分为具体分类'市场秩序与竞争监管'，应删除 | 原标记: <泛类型> | 法条: 《怡景湾小区商铺多收水费退款情况说明》
《总平面设计方案通知书》,建设工程与房地产,ai,True,<泛类型>,《总平面设计方案》属建设工程管理。,建设工程,(6-7) 泛型法条被AI分为具体分类'建设工程与房地产'，应删除 | 原标记: <泛类型> | 法条: 《总平面设计方案通知书》
《恒润加油站日销售成品油台账》,财税与金融监管,ai,True,<泛类型>,《日销售成品油台账》属账簿管理。,会计/账务,(6-7) 泛型法条被AI分为具体分类'财税与金融监管'，应删除 | 原标记: <泛类型> | 法条: 《恒润加油站日销售成品油台账》
《惠城区三栋镇“2·17”亡人事故调查报告》,安全生产,ai,True,<泛类型>,“亡人事故”调查，多为生产安全事故。,安全生产,(6-7) 泛型法条被AI分为具体分类'安全生产'，应删除 | 原标记: <泛类型> | 法条: 《惠城区三栋镇“2·17”亡人事故调查报告》
《惠州市卫生健康局规范行政处罚自由裁量标准》,卫生健康,ai,True,<泛类型>,《卫生健康局处罚标准》属医疗监管。,医疗卫生,(6-7) 泛型法条被AI分为具体分类'卫生健康'，应删除 | 原标记: <泛类型> | 法条: 《惠州市卫生健康局规范行政处罚自由裁量标准》
《惠州市工商行政处罚自由裁量权适用规则》第十一条第（一）项,其他,ai,True,<泛类型>,仅列条款序号，无具体内容可判。,其他违法行为,(6-5) 程序性 | 匹配模式: '行政处罚自由裁量权' | 法条: 《惠州市工商行政处罚自由裁量权适用规则》第十一条第（一）项
《惠州市水利局规范行政处罚自由裁量标准》,环境保护,ai,True,<泛类型>,水行政主管部门处罚标准，属水资源管理。,水资源,(6-7) 泛型法条被AI分为具体分类'环境保护'，应删除 | 原标记: <泛类型> | 法条: 《惠州市水利局规范行政处罚自由裁量标准》
《惠州市（金科雅苑）认购协议书》,建设工程与房地产,ai,True,<泛类型>,商品房认购协议书，属房地产领域。,房地产/土地,(6-7) 泛型法条被AI分为具体分类'建设工程与房地产'，应删除 | 原标记: <泛类型> | 法条: 《惠州市（金科雅苑）认购协议书》
《惠州日报》,公共文化与传媒,ai,True,<泛类型>,《惠州日报》属新闻传媒领域相关。,公共文化与传媒,(6-7) 泛型法条被AI分为具体分类'公共文化与传媒'，应删除 | 原标记: <泛类型> | 法条: 《惠州日报》
《成人学历教育（国开）2020春季合作协议》,*成人教育合作*,ai,True,<泛类型>,涉及成人学历教育合作协议内容。,*成人教育合作*,(6-6) AI分类含星号'*成人教育合作*'，分类不确定 | 法条: 《成人学历教育（国开）2020春季合作协议》
《成品油市场管理办法》,市场秩序与竞争监管,ai,True,<泛类型>,规范成品油市场经营秩序与交易行为。,消费者权益/市场秩序,(6-7) 泛型法条被AI分为具体分类'市场秩序与竞争监管'，应删除 | 原标记: <泛类型> | 法条: 《成品油市场管理办法》
《成品油市场管理办法》第三十八条,*成品油市场管理*,ai,True,<泛类型>,针对成品油经营与市场管理行为。,*成品油市场管理*,(6-6) AI分类含星号'*成品油市场管理*'，分类不确定 | 法条: 《成品油市场管理办法》第三十八条
《成品油市场管理办法》第二十一条第二款,*成品油市场管理*,ai,True,<泛类型>,依据成品油市场管理办法第二十一条。,*成品油市场管理*,(6-6) AI分类含星号'*成品油市场管理*'，分类不确定 | 法条: 《成品油市场管理办法》第二十一条第二款
《成品油市场管理办法》第四十三条,安全生产,ai,True,<泛类型>,《成品油市场管理办法》属危化品安全监管。,安全生产/危化品,(6-7) 泛型法条被AI分为具体分类'安全生产'，应删除 | 原标记: <泛类型> | 法条: 《成品油市场管理办法》第四十三条
《成品油市场管理办法》第四十三条第三项之规定,安全生产,ai,True,<泛类型>,成品油属危险化学品，涉安全管理。,安全生产/危化品,(6-7) 泛型法条被AI分为具体分类'安全生产'，应删除 | 原标记: <泛类型> | 法条: 《成品油市场管理办法》第四十三条第三项之规定
《成品油市场管理办法》第四十三条第十项,*成品油经营管理*,ai,True,<泛类型>,依据成品油市场管理办法第四十三条规定。,*成品油经营管理*,(6-6) AI分类含星号'*成品油经营管理*'，分类不确定 | 法条: 《成品油市场管理办法》第四十三条第十项
《成品油批发批准证书》,安全生产,ai,True,<泛类型>,成品油属危化品，涉及批发许可管理。,安全生产/危化品,(6-7) 泛型法条被AI分为具体分类'安全生产'，应删除 | 原标记: <泛类型> | 法条: 《成品油批发批准证书》
《成品油批发经营批准证书》,安全生产,ai,True,<泛类型>,成品油属危化品，涉及危化品经营审批。,安全生产/危化品,(6-7) 泛型法条被AI分为具体分类'安全生产'，应删除 | 原标记: <泛类型> | 法条: 《成品油批发经营批准证书》
《成品油购销存数量明细表》,财税与金融监管,ai,True,<泛类型>,成品油购销存明细常用于税收监管。,税收违规,(6-7) 泛型法条被AI分为具体分类'财税与金融监管'，应删除 | 原标记: <泛类型> | 法条: 《成品油购销存数量明细表》
《成品油零售企业管理技术(标准编号:SB/T10390-2004)》,安全生产,ai,True,<泛类型>,成品油属危化品，涉危化经营管理。,安全生产/危化品,(6-7) 泛型法条被AI分为具体分类'安全生产'，应删除 | 原标记: <泛类型> | 法条: 《成品油零售企业管理技术(标准编号:SB/T10390-2004)》
《成品油零售经营批准书》,安全生产,ai,True,<泛类型>,成品油属危化品，涉及经营许可。,安全生产/危化品,(6-7) 泛型法条被AI分为具体分类'安全生产'，应删除 | 原标记: <泛类型> | 法条: 《成品油零售经营批准书》
《成品油零售经营批准证书》,市场主体与登记治理,ai,True,<泛类型>,涉及成品油零售经营资格审批证书。,无照经营/登记问题,(6-7) 泛型法条被AI分为具体分类'市场主体与登记治理'，应删除 | 原标记: <泛类型> | 法条: 《成品油零售经营批准证书》
《成品糖堆叠及装车承包协议书》,*合同承包纠纷*,ai,True,<泛类型>,仅为承包协议合同文本内容。,*合同承包纠纷*,(6-6) AI分类含星号'*合同承包纠纷*'，分类不确定 | 法条: 《成品糖堆叠及装车承包协议书》
《成本核算单》,财税与金融监管,ai,True,<泛类型>,《成本核算单》属会计核算单据。,会计/账务,(6-7) 泛型法条被AI分为具体分类'财税与金融监管'，应删除 | 原标记: <泛类型> | 法条: 《成本核算单》
《成本核算说明》,财税与金融监管,ai,True,<泛类型>,成本核算说明涉及会计核算内容。,会计/账务,(6-7) 泛型法条被AI分为具体分类'财税与金融监管'，应删除 | 原标记: <泛类型> | 法条: 《成本核算说明》
《成都商报》,公共文化与传媒,ai,True,<泛类型>,《成都商报》系新闻出版传媒领域。,公共文化与传媒,(6-7) 泛型法条被AI分为具体分类'公共文化与传媒'，应删除 | 原标记: <泛类型> | 法条: 《成都商报》
《成都市卫生材料厂销售合同》,消费者权益/市场秩序,ai,True,<泛类型>,《销售合同》产生买卖合同争议。,消费者权益纠纷,(6-7) 泛型法条被AI分为具体分类'消费者权益/市场秩序'，应删除 | 原标记: <泛类型> | 法条: 《成都市卫生材料厂销售合同》
《成都市双流区市场监督管理局清理长期停业未经营企业提示公告》,市场主体与登记治理,ai,True,<泛类型>,公告针对长期停业未经营企业。,未开业/自行停业,(6-7) 泛型法条被AI分为具体分类'市场主体与登记治理'，应删除 | 原标记: <泛类型> | 法条: 《成都市双流区市场监督管理局清理长期停业未经营企业提示公告》
《成都市城市管理综合执法领域行政处罚裁量权使用规定》第十七条第一款,其他,ai,True,<泛类型>,未提供具体条文内容，无法细分。,其他违法行为,(6-5) 程序性 | 匹配模式: '行政处罚裁量权' | 法条: 《成都市城市管理综合执法领域行政处罚裁量权使用规定》第十七条第一款
《成都市城市管理综合执法领域行政处罚裁量权适用规定》第十七条第一款,其他,ai,True,<泛类型>,仅给出条款编号，无法判断内容。,其他违法行为,(6-5) 程序性 | 匹配模式: '行政处罚裁量权' | 法条: 《成都市城市管理综合执法领域行政处罚裁量权适用规定》第十七条第一款
《成都市城市管理综合执法领域行政处罚裁量权适用规定》第十六条,其他,ai,True,<泛类型>,仅给出条文序号无法判断内容。,其他违法行为,(6-5) 程序性 | 匹配模式: '行政处罚裁量权' | 法条: 《成都市城市管理综合执法领域行政处罚裁量权适用规定》第十六条
《成都市温江区市场监督管理局责令退款通知书》,消费者权益/市场秩序,ai,True,<泛类型>,责令退款，系消费纠纷处理。,消费者权益纠纷,(6-7) 泛型法条被AI分为具体分类'消费者权益/市场秩序'，应删除 | 原标记: <泛类型> | 法条: 《成都市温江区市场监督管理局责令退款通知书》
《截止2012年6月住宅需清款后交房明细》,建设工程与房地产,ai,True,<泛类型>,《…交房明细》涉及房屋交付付款。,房地产/土地,(6-7) 泛型法条被AI分为具体分类'建设工程与房地产'，应删除 | 原标记: <泛类型> | 法条: 《截止2012年6月住宅需清款后交房明细》
《户外管理规定》第五条第（二）款,*户外广告管理*,ai,True,<泛类型>,依据户外管理规定，属广告设置。,*户外广告管理*,(6-6) AI分类含星号'*户外广告管理*'，分类不确定 | 法条: 《户外管理规定》第五条第（二）款
《房产平面图》,建筑使用安全,ai,True,<泛类型>,《房产平面图》涉及房屋结构使用安全。,建筑使用安全,(6-7) 泛型法条被AI分为具体分类'建筑使用安全'，应删除 | 原标记: <泛类型> | 法条: 《房产平面图》
《房产测绘成果报告书》,建设工程与房地产,ai,True,<泛类型>,《房产测绘成果报告书》涉及房地产管理。,房地产/土地,(6-7) 泛型法条被AI分为具体分类'建设工程与房地产'，应删除 | 原标记: <泛类型> | 法条: 《房产测绘成果报告书》
《房产测绘管理办法》第十条,建设工程与房地产,ai,True,<泛类型>,《房产测绘管理办法》属房地产领域。,房地产/土地,(6-7) 泛型法条被AI分为具体分类'建设工程与房地产'，应删除 | 原标记: <泛类型> | 法条: 《房产测绘管理办法》第十条
《房产测量规范》,建设工程与房地产,ai,True,<泛类型>,《房产测量规范》直接涉及房地产管理。,房地产/土地,(6-7) 泛型法条被AI分为具体分类'建设工程与房地产'，应删除 | 原标记: <泛类型> | 法条: 《房产测量规范》
《房产测量规范》第3.2.2条,建设工程与房地产,ai,True,<泛类型>,房产测量规范属房产测绘管理。,房地产/土地,(6-7) 泛型法条被AI分为具体分类'建设工程与房地产'，应删除 | 原标记: <泛类型> | 法条: 《房产测量规范》第3.2.2条
《房产证》,建设工程与房地产,ai,True,<泛类型>,涉及《房产证》房屋产权管理。,房地产/土地,(6-7) 泛型法条被AI分为具体分类'建设工程与房地产'，应删除 | 原标记: <泛类型> | 法条: 《房产证》
《房屋他项权证》,建设工程与房地产,ai,True,<泛类型>,涉及房屋他项权利登记管理。,房地产/土地,(6-7) 泛型法条被AI分为具体分类'建设工程与房地产'，应删除 | 原标记: <泛类型> | 法条: 《房屋他项权证》
《房屋室内装饰装修管理协议》第5条,建筑使用安全,ai,True,<泛类型>,《装饰装修管理协议》涉及房屋使用安全。,建筑使用安全,(6-7) 泛型法条被AI分为具体分类'建筑使用安全'，应删除 | 原标记: <泛类型> | 法条: 《房屋室内装饰装修管理协议》第5条
《房屋建筑面积测绘成果书》,建设工程与房地产,ai,True,<泛类型>,《房屋建筑面积测绘成果书》属工程测绘管理。,建设工程,(6-7) 泛型法条被AI分为具体分类'建设工程与房地产'，应删除 | 原标记: <泛类型> | 法条: 《房屋建筑面积测绘成果书》
《房屋所有权证》,建设工程与房地产,ai,True,<泛类型>,《房屋所有权证》系不动产登记事项。,房地产/土地,(6-7) 泛型法条被AI分为具体分类'建设工程与房地产'，应删除 | 原标记: <泛类型> | 法条: 《房屋所有权证》
《房屋测绘报告书》,建设工程与房地产,ai,True,<泛类型>,《房屋测绘报告书》属工程测绘领域。,建设工程,(6-7) 泛型法条被AI分为具体分类'建设工程与房地产'，应删除 | 原标记: <泛类型> | 法条: 《房屋测绘报告书》
《房屋现状测量成果报告书》,建设工程与房地产,ai,True,<泛类型>,《房屋现状测量成果报告书》涉房屋土地管理。,房地产/土地,(6-7) 泛型法条被AI分为具体分类'建设工程与房地产'，应删除 | 原标记: <泛类型> | 法条: 《房屋现状测量成果报告书》
《房屋租赁协议》,建设工程与房地产,ai,True,<泛类型>,房屋租赁合同纠纷，属房地产领域。,房地产/土地,(6-7) 泛型法条被AI分为具体分类'建设工程与房地产'，应删除 | 原标记: <泛类型> | 法条: 《房屋租赁协议》
《房屋竣工及价值》,建设工程与房地产,ai,True,<泛类型>,与房屋竣工及价值管理直接相关。,房地产/土地,(6-7) 泛型法条被AI分为具体分类'建设工程与房地产'，应删除 | 原标记: <泛类型> | 法条: 《房屋竣工及价值》
《房屋购买合同》,建设工程与房地产,ai,True,<泛类型>,涉及房屋买卖合同关系。,房地产/土地,(6-7) 泛型法条被AI分为具体分类'建设工程与房地产'，应删除 | 原标记: <泛类型> | 法条: 《房屋购买合同》
《房屋销售合同》,建设工程与房地产,ai,True,<泛类型>,房屋销售合同纠纷，属房地产业务。,房地产/土地,(6-7) 泛型法条被AI分为具体分类'建设工程与房地产'，应删除 | 原标记: <泛类型> | 法条: 《房屋销售合同》
《房屋面积分户汇总表》,建设工程与房地产,ai,True,<泛类型>,《房屋面积分户汇总表》属房产管理事项。,房地产/土地,(6-7) 泛型法条被AI分为具体分类'建设工程与房地产'，应删除 | 原标记: <泛类型> | 法条: 《房屋面积分户汇总表》
《房款支付协议》,建设工程与房地产,ai,True,<泛类型>,《房款支付协议》涉及房款与房地产交易。,房地产/土地,(6-7) 泛型法条被AI分为具体分类'建设工程与房地产'，应删除 | 原标记: <泛类型> | 法条: 《房款支付协议》
《房租协议》,建设工程与房地产,ai,True,<泛类型>,房租协议涉及房屋租赁关系。,房地产/土地,(6-7) 泛型法条被AI分为具体分类'建设工程与房地产'，应删除 | 原标记: <泛类型> | 法条: 《房租协议》
《手术刀柄》,产品质量与安全,ai,True,<泛类型>,医疗器械产品标准，属产品质量。,产品质量,(6-7) 泛型法条被AI分为具体分类'产品质量与安全'，应删除 | 原标记: <泛类型> | 法条: 《手术刀柄》
《执业医师执业证书》,卫生健康,ai,True,<泛类型>,涉及执业医师证管理，属医疗监管。,医疗卫生,(6-7) 泛型法条被AI分为具体分类'卫生健康'，应删除 | 原标记: <泛类型> | 法条: 《执业医师执业证书》
《扫黄案举〔2020〕0641浙O号》,治安管理,ai,True,<泛类型>,扫黄案件，多涉及治安管理处罚。,治安管理,(6-7) 泛型法条被AI分为具体分类'治安管理'，应删除 | 原标记: <泛类型> | 法条: 《扫黄案举〔2020〕0641浙O号》
《批发和零售业商品购进、销售和库存》,财税与金融监管,ai,True,<泛类型>,涉及商品购销库存核算管理问题。,会计/账务,(6-7) 泛型法条被AI分为具体分类'财税与金融监管'，应删除 | 原标记: <泛类型> | 法条: 《批发和零售业商品购进、销售和库存》
《批发和零售业商品销售和库》,市场秩序与竞争监管,ai,True,<泛类型>,调整商品销售行为，规范市场秩序。,消费者权益/市场秩序,(6-7) 泛型法条被AI分为具体分类'市场秩序与竞争监管'，应删除 | 原标记: <泛类型> | 法条: 《批发和零售业商品销售和库》
《批发和零售业商品销售和库存》,市场秩序与竞争监管,ai,True,<泛类型>,《批发和零售业商品销售和库存》主要规范市场秩序。,消费者权益/市场秩序,(6-7) 泛型法条被AI分为具体分类'市场秩序与竞争监管'，应删除 | 原标记: <泛类型> | 法条: 《批发和零售业商品销售和库存》
《批发和零售业经营情况》,统计相关,ai,True,<泛类型>,涉及批发零售业经营情况统计填报。,统计相关,(6-7) 泛型法条被AI分为具体分类'统计相关'，应删除 | 原标记: <泛类型> | 法条: 《批发和零售业经营情况》
《批发和零售商品销售和库存》,市场秩序与竞争监管,ai,True,<泛类型>,规范商品销售与库存管理秩序。,消费者权益/市场秩序,(6-7) 泛型法条被AI分为具体分类'市场秩序与竞争监管'，应删除 | 原标记: <泛类型> | 法条: 《批发和零售商品销售和库存》
《承德市城市管理综合行政执法局行政处罚自由裁量权实施标准》,其他,ai,True,<泛类型>,仅给出标准名称，无法细分。,其他违法行为,(6-5) 程序性 | 匹配模式: '行政处罚自由裁量权' | 法条: 《承德市城市管理综合行政执法局行政处罚自由裁量权实施标准》
《技改项目固废防治设施验收意见》,环境保护,ai,True,<泛类型>,技改项目固废设施验收属环保管理。,环境保护,(6-7) 泛型法条被AI分为具体分类'环境保护'，应删除 | 原标记: <泛类型> | 法条: 《技改项目固废防治设施验收意见》
《技术合同认定规则》第五章第四十条所规定的技术合同认定条,*技术合同认定管理*,ai,True,<泛类型>,专门规范技术合同认定管理事项。,*技术合同认定管理*,(6-6) AI分类含星号'*技术合同认定管理*'，分类不确定 | 法条: 《技术合同认定规则》第五章第四十条所规定的技术合同认定条
《技术服务合同》,市场秩序与竞争监管,ai,True,<泛类型>,技术服务合同规范市场交易秩序。,消费者权益/市场秩序,(6-7) 泛型法条被AI分为具体分类'市场秩序与竞争监管'，应删除 | 原标记: <泛类型> | 法条: 《技术服务合同》
《技术服务合同书》第五条第5项,*合同履行与管理*,ai,True,<泛类型>,仅指技术服务合同条款内容。,*合同履行与管理*,(6-6) AI分类含星号'*合同履行与管理*'，分类不确定 | 法条: 《技术服务合同书》第五条第5项
《投资合伙协议》,财税与金融监管,ai,True,<泛类型>,涉及投资合伙协议，属金融领域。,金融/信贷违规,(6-7) 泛型法条被AI分为具体分类'财税与金融监管'，应删除 | 原标记: <泛类型> | 法条: 《投资合伙协议》
《抗菌药物临床应用管理办法》第二十四条第一款,卫生健康,ai,True,<泛类型>,规范医疗机构抗菌药物临床应用管理。,医疗卫生,(6-7) 泛型法条被AI分为具体分类'卫生健康'，应删除 | 原标记: <泛类型> | 法条: 《抗菌药物临床应用管理办法》第二十四条第一款
《抗菌药物临床应用管理办法》第二十四条第一款和第三款,卫生健康,ai,True,<泛类型>,规范医疗机构抗菌药物临床使用行为。,医疗卫生,(6-7) 泛型法条被AI分为具体分类'卫生健康'，应删除 | 原标记: <泛类型> | 法条: 《抗菌药物临床应用管理办法》第二十四条第一款和第三款
《抗菌药物临床应用管理办法》第五十条第(一)项、,卫生健康,ai,True,<泛类型>,依据抗菌药物临床应用管理办法，属医疗行为。,医疗卫生,(6-7) 泛型法条被AI分为具体分类'卫生健康'，应删除 | 原标记: <泛类型> | 法条: 《抗菌药物临床应用管理办法》第五十条第(一)项、
《抗菌药物临床应用管理办法》第五十条第（一）项、,卫生健康,ai,True,<泛类型>,《抗菌药物临床应用管理办法》属医疗管理。,医疗卫生,(6-7) 泛型法条被AI分为具体分类'卫生健康'，应删除 | 原标记: <泛类型> | 法条: 《抗菌药物临床应用管理办法》第五十条第（一）项、
《护士执业证书》,卫生健康,ai,True,<泛类型>,涉及护士执业证书管理，属医疗卫生。,医疗卫生,(6-7) 泛型法条被AI分为具体分类'卫生健康'，应删除 | 原标记: <泛类型> | 法条: 《护士执业证书》
《护照》,*出入境证件管理*,ai,True,<泛类型>,涉及《护照》管理属出入境证件。,*出入境证件管理*,(6-6) AI分类含星号'*出入境证件管理*'，分类不确定 | 法条: 《护照》
《报废机动车回收拆解企业资质认定证书》,交通运输,ai,True,<泛类型>,与报废机动车回收拆解资质管理相关。,交通运输违规,(6-7) 泛型法条被AI分为具体分类'交通运输'，应删除 | 原标记: <泛类型> | 法条: 《报废机动车回收拆解企业资质认定证书》
《报检回执》,海关/进出口,ai,True,<泛类型>,“报检回执”系进出口检验检疫单据。,海关/进出口,(6-7) 泛型法条被AI分为具体分类'海关/进出口'，应删除 | 原标记: <泛类型> | 法条: 《报检回执》
《报销单》,财税与金融监管,ai,True,<泛类型>,《报销单》属财务票据管理问题。,会计/账务,(6-7) 泛型法条被AI分为具体分类'财税与金融监管'，应删除 | 原标记: <泛类型> | 法条: 《报销单》
《抵押反担保合同》,财税与金融监管,ai,True,<泛类型>,涉及抵押反担保合同，属信贷领域。,金融/信贷违规,(6-7) 泛型法条被AI分为具体分类'财税与金融监管'，应删除 | 原标记: <泛类型> | 法条: 《抵押反担保合同》
《抵押合同》,财税与金融监管,ai,True,<泛类型>,抵押合同属典型信贷担保法律关系。,金融/信贷违规,(6-7) 泛型法条被AI分为具体分类'财税与金融监管'，应删除 | 原标记: <泛类型> | 法条: 《抵押合同》
《抵押担保合同》,财税与金融监管,ai,True,<泛类型>,《抵押担保合同》属典型信贷担保法律关系。,金融/信贷违规,(6-7) 泛型法条被AI分为具体分类'财税与金融监管'，应删除 | 原标记: <泛类型> | 法条: 《抵押担保合同》
《抽样检验结果通知书》,产品质量与安全,ai,True,<泛类型>,抽样检验结果通知通常对应产品质量抽检。,产品质量,(6-7) 泛型法条被AI分为具体分类'产品质量与安全'，应删除 | 原标记: <泛类型> | 法条: 《抽样检验结果通知书》
《招标情况确认书》,建设工程与房地产,ai,True,<泛类型>,文件名称含“招标情况确认书”。,工程建设/招投标,(6-7) 泛型法条被AI分为具体分类'建设工程与房地产'，应删除 | 原标记: <泛类型> | 法条: 《招标情况确认书》
《拟吊销营业执照行政处罚听证告知书》,市场主体与登记治理,ai,True,<泛类型>,拟吊销营业执照，属登记管理问题。,无照经营/登记问题,(6-7) 泛型法条被AI分为具体分类'市场主体与登记治理'，应删除 | 原标记: <泛类型> | 法条: 《拟吊销营业执照行政处罚听证告知书》
《挂面》,产品质量与安全,ai,True,<泛类型>,《挂面》标准属产品质量规范。,产品质量,(6-7) 泛型法条被AI分为具体分类'产品质量与安全'，应删除 | 原标记: <泛类型> | 法条: 《挂面》
《挥发性有机物排放标准 第7部分：其他行业》,环境保护,ai,True,<泛类型>,涉及大气污染物VOCs排放标准。,环境保护,(6-7) 泛型法条被AI分为具体分类'环境保护'，应删除 | 原标记: <泛类型> | 法条: 《挥发性有机物排放标准 第7部分：其他行业》
《挥发性有机物排放标准第6部分：有机化工行业》,环境保护,ai,True,<泛类型>,大气VOCs排放标准，属环保领域。,环境保护,(6-7) 泛型法条被AI分为具体分类'环境保护'，应删除 | 原标记: <泛类型> | 法条: 《挥发性有机物排放标准第6部分：有机化工行业》
《挥发性有机物无组织排放控制标准》,环境保护,ai,True,<泛类型>,涉及VOCs排放标准环境监管。,环境保护,(6-7) 泛型法条被AI分为具体分类'环境保护'，应删除 | 原标记: <泛类型> | 法条: 《挥发性有机物无组织排放控制标准》
《挥发性有机物无组织排放控制标准》第10.1.2条,环境保护,ai,True,<泛类型>,大气污染物VOCs排放控制标准相关。,环境保护,(6-7) 泛型法条被AI分为具体分类'环境保护'，应删除 | 原标记: <泛类型> | 法条: 《挥发性有机物无组织排放控制标准》第10.1.2条
《掌起镇东埠头--鹤凤农民集中居住区建设规划》,建设工程与房地产,ai,True,<泛类型>,涉及农民集中居住区建设规划。,建设工程,(6-7) 泛型法条被AI分为具体分类'建设工程与房地产'，应删除 | 原标记: <泛类型> | 法条: 《掌起镇东埠头--鹤凤农民集中居住区建设规划》
《掘进工作面作业规程》,安全生产,ai,True,<泛类型>,矿山掘进作业规程，属生产安全管理。,安全生产,(6-7) 泛型法条被AI分为具体分类'安全生产'，应删除 | 原标记: <泛类型> | 法条: 《掘进工作面作业规程》
《探放水管理制度》,安全生产,ai,True,<泛类型>,《探放水管理制度》属矿山安全管理制度。,安全生产,(6-7) 泛型法条被AI分为具体分类'安全生产'，应删除 | 原标记: <泛类型> | 法条: 《探放水管理制度》
《揭阳市明亨家具有限公司无票销售确认表》,财税与金融监管,ai,True,<泛类型>,涉及无票销售行为，属税收管理问题。,税收违规,(6-7) 泛型法条被AI分为具体分类'财税与金融监管'，应删除 | 原标记: <泛类型> | 法条: 《揭阳市明亨家具有限公司无票销售确认表》
《揭阳日报》,公共文化与传媒,ai,True,<泛类型>,《揭阳日报》属新闻出版传媒领域。,公共文化与传媒,(6-7) 泛型法条被AI分为具体分类'公共文化与传媒'，应删除 | 原标记: <泛类型> | 法条: 《揭阳日报》
《攀枝花市公安局物证鉴定所鉴定文书》,治安管理,ai,True,<泛类型>,公安机关物证鉴定，多涉治安案件。,治安管理,(6-7) 泛型法条被AI分为具体分类'治安管理'，应删除 | 原标记: <泛类型> | 法条: 《攀枝花市公安局物证鉴定所鉴定文书》
《支付结算办法》,金融/账户,ai,True,<泛类型>,支付结算规则属金融账户管理。,金融/账户,(6-7) 泛型法条被AI分为具体分类'金融/账户'，应删除 | 原标记: <泛类型> | 法条: 《支付结算办法》
《收款收据》,财税与金融监管,ai,True,<泛类型>,《收款收据》属财会票据管理范畴。,会计/账务,(6-7) 泛型法条被AI分为具体分类'财税与金融监管'，应删除 | 原标记: <泛类型> | 法条: 《收款收据》
《收派服务合同》,市场秩序与竞争监管,ai,True,<泛类型>,收派服务合同属快递服务消费合同。,消费者权益/市场秩序,(6-7) 泛型法条被AI分为具体分类'市场秩序与竞争监管'，应删除 | 原标记: <泛类型> | 法条: 《收派服务合同》
《放射人员证》,安全生产,ai,True,<泛类型>,涉及放射工作人员职业健康管理。,职业卫生/健康,(6-7) 泛型法条被AI分为具体分类'安全生产'，应删除 | 原标记: <泛类型> | 法条: 《放射人员证》
《放射工作人员证》,安全生产,ai,True,<泛类型>,涉及放射工作人员职业健康管理规定。,职业卫生/健康,(6-7) 泛型法条被AI分为具体分类'安全生产'，应删除 | 原标记: <泛类型> | 法条: 《放射工作人员证》
《放射诊疗管理规定》,卫生健康,ai,True,<泛类型>,放射诊疗属医疗活动专项管理。,医疗卫生,(6-7) 泛型法条被AI分为具体分类'卫生健康'，应删除 | 原标记: <泛类型> | 法条: 《放射诊疗管理规定》
《放射诊疗管理规定》第四十一条第（七）项,卫生健康,ai,True,<泛类型>,放射诊疗监管规定，属医疗卫生管理。,医疗卫生,(6-7) 泛型法条被AI分为具体分类'卫生健康'，应删除 | 原标记: <泛类型> | 法条: 《放射诊疗管理规定》第四十一条第（七）项
《放心理财(万能型)资金分配图解》,财税与金融监管,ai,True,<泛类型>,涉及理财产品资金分配说明。,金融/信贷违规,(6-7) 泛型法条被AI分为具体分类'财税与金融监管'，应删除 | 原标记: <泛类型> | 法条: 《放心理财(万能型)资金分配图解》
《救灾帐篷第2部分:12m2单帐篷》,产品质量与安全,ai,True,<泛类型>,涉及救灾帐篷产品技术质量标准。,产品质量,(6-7) 泛型法条被AI分为具体分类'产品质量与安全'，应删除 | 原标记: <泛类型> | 法条: 《救灾帐篷第2部分:12m2单帐篷》
《救灾装具第2部分:折叠桌、凳》,产品质量与安全,ai,True,<泛类型>,《救灾装具》属产品质量技术标准。,产品质量,(6-7) 泛型法条被AI分为具体分类'产品质量与安全'，应删除 | 原标记: <泛类型> | 法条: 《救灾装具第2部分:折叠桌、凳》
《教练车证》,交通运输,ai,True,<泛类型>,教练车证属道路运输管理事项。,交通运输违规,(6-7) 泛型法条被AI分为具体分类'交通运输'，应删除 | 原标记: <泛类型> | 法条: 《教练车证》
《敦促商事主体年报的通告》,市场主体与登记治理,ai,True,<泛类型>,涉及商事主体年报公示义务。,企业信息公示,(6-7) 泛型法条被AI分为具体分类'市场主体与登记治理'，应删除 | 原标记: <泛类型> | 法条: 《敦促商事主体年报的通告》
《数据现场检查笔录》,网络/数据安全,ai,True,<泛类型>,数据现场检查，涉及数据安全合规。,网络/数据安全,(6-7) 泛型法条被AI分为具体分类'网络/数据安全'，应删除 | 原标记: <泛类型> | 法条: 《数据现场检查笔录》
《数量金额明细账》,财税与金融监管,ai,True,<泛类型>,《数量金额明细账》属会计核算资料。,会计/账务,(6-7) 泛型法条被AI分为具体分类'财税与金融监管'，应删除 | 原标记: <泛类型> | 法条: 《数量金额明细账》
《文化部市场司关于开展网络表演“双随机一公开”查处工作的通知》,公共文化与传媒,ai,True,<泛类型>,《文化部市场司》规范网络表演管理。,公共文化与传媒,(6-7) 泛型法条被AI分为具体分类'公共文化与传媒'，应删除 | 原标记: <泛类型> | 法条: 《文化部市场司关于开展网络表演“双随机一公开”查处工作的通知》
《文山州卫生行政处罚自由裁量实施标准》,卫生健康,ai,True,<泛类型>,《卫生行政处罚》明确属医疗卫生领域。,医疗卫生,(6-7) 泛型法条被AI分为具体分类'卫生健康'，应删除 | 原标记: <泛类型> | 法条: 《文山州卫生行政处罚自由裁量实施标准》
《文昌市市场监督管理局关于投诉举报线索移送的函》,市场秩序与竞争监管,ai,True,<泛类型>,投诉举报线索多涉消费者交易秩序。,消费者权益/市场秩序,(6-7) 泛型法条被AI分为具体分类'市场秩序与竞争监管'，应删除 | 原标记: <泛类型> | 法条: 《文昌市市场监督管理局关于投诉举报线索移送的函》
《新会区行政处罚自由裁量权量化标准表》,其他,ai,True,<泛类型>,《量化标准表》仅属程序性规范，范围过宽。,其他违法行为,(6-5) 程序性 | 匹配模式: '行政处罚自由裁量权' | 法条: 《新会区行政处罚自由裁量权量化标准表》
《新余市市场监督管理局关于清理长期停业未经营企业公告》,市场主体与登记治理,ai,True,<泛类型>,公告针对长期停业未经营企业。,未开业/自行停业,(6-7) 泛型法条被AI分为具体分类'市场主体与登记治理'，应删除 | 原标记: <泛类型> | 法条: 《新余市市场监督管理局关于清理长期停业未经营企业公告》
《新势代奇骏震撼来袭海悦大奖钜惠》,市场秩序与竞争监管,ai,True,<泛类型>,标题明显系商业促销广告用语。,虚假广告/虚假宣传,(6-7) 泛型法条被AI分为具体分类'市场秩序与竞争监管'，应删除 | 原标记: <泛类型> | 法条: 《新势代奇骏震撼来袭海悦大奖钜惠》
《新华每日电讯》,公共文化与传媒,ai,True,<泛类型>,报刊出版发行管理，属文化传媒。,公共文化与传媒,(6-7) 泛型法条被AI分为具体分类'公共文化与传媒'，应删除 | 原标记: <泛类型> | 法条: 《新华每日电讯》
《新品单堡低至8.5元！霸辣鸡腿堡带你体验神秘“成人辣”》,市场秩序与竞争监管,ai,True,<泛类型>,广告宣传新品优惠及口味内容。,虚假广告/虚假宣传,(6-7) 泛型法条被AI分为具体分类'市场秩序与竞争监管'，应删除 | 原标记: <泛类型> | 法条: 《新品单堡低至8.5元！霸辣鸡腿堡带你体验神秘“成人辣”》
《新媒体合作框架协议》,公共文化与传媒,ai,True,<泛类型>,标题涉新媒体合作框架协议，属传媒领域。,公共文化与传媒,(6-7) 泛型法条被AI分为具体分类'公共文化与传媒'，应删除 | 原标记: <泛类型> | 法条: 《新媒体合作框架协议》
《新市镇人民政府关于对德清县德立皮件厂厂房规划认定的函》,建设工程与房地产,ai,True,<泛类型>,涉及厂房规划认定，属建设管理。,建设工程,(6-7) 泛型法条被AI分为具体分类'建设工程与房地产'，应删除 | 原标记: <泛类型> | 法条: 《新市镇人民政府关于对德清县德立皮件厂厂房规划认定的函》
《新建重庆至黔江铁路CQQJJL-3标监理规划》,建设工程与房地产,ai,True,<泛类型>,《铁路…监理规划》属工程建设管理规范。,建设工程,(6-7) 泛型法条被AI分为具体分类'建设工程与房地产'，应删除 | 原标记: <泛类型> | 法条: 《新建重庆至黔江铁路CQQJJL-3标监理规划》
《新文化报》,公共文化与传媒,ai,True,<泛类型>,涉及报纸媒体管理领域规定。,公共文化与传媒,(6-7) 泛型法条被AI分为具体分类'公共文化与传媒'，应删除 | 原标记: <泛类型> | 法条: 《新文化报》
《新昌县统计局行政处罚告知书》,统计相关,ai,True,<泛类型>,统计局作出处罚，涉统计行为。,统计相关,(6-7) 泛型法条被AI分为具体分类'统计相关'，应删除 | 原标记: <泛类型> | 法条: 《新昌县统计局行政处罚告知书》
《新民晚报》,公共文化与传媒,ai,True,<泛类型>,涉报纸传媒领域管理规范。,公共文化与传媒,(6-7) 泛型法条被AI分为具体分类'公共文化与传媒'，应删除 | 原标记: <泛类型> | 法条: 《新民晚报》
《新疆华盛汽车销售有限公司库尔勒分公司斯巴鲁汽车订购合同》,消费者权益/市场秩序,ai,True,<泛类型>,系汽车订购合同引发消费争议。,消费者权益纠纷,(6-7) 泛型法条被AI分为具体分类'消费者权益/市场秩序'，应删除 | 原标记: <泛类型> | 法条: 《新疆华盛汽车销售有限公司库尔勒分公司斯巴鲁汽车订购合同》
《新疆维吾尔自治区住房和城乡建设行政处罚裁量基准》,建设工程与房地产,ai,True,<泛类型>,《住建处罚裁量基准》属工程建设领域。,建设工程,(6-7) 泛型法条被AI分为具体分类'建设工程与房地产'，应删除 | 原标记: <泛类型> | 法条: 《新疆维吾尔自治区住房和城乡建设行政处罚裁量基准》
《新疆维吾尔自治区合同格式条款监督条例》第十五条,消费者权益/市场秩序,ai,True,<泛类型>,合同格式条款监管，本质属消费者权益。,消费者权益纠纷,(6-7) 泛型法条被AI分为具体分类'消费者权益/市场秩序'，应删除 | 原标记: <泛类型> | 法条: 《新疆维吾尔自治区合同格式条款监督条例》第十五条
《新疆维吾尔自治区合同格式条款监督条例》第十五条第一款第（四）项,市场秩序与竞争监管,ai,True,<泛类型>,合同格式条款监管，本质属消费者权益。,消费者权益/市场秩序,(6-7) 泛型法条被AI分为具体分类'市场秩序与竞争监管'，应删除 | 原标记: <泛类型> | 法条: 《新疆维吾尔自治区合同格式条款监督条例》第十五条第一款第（四）项
《新车临时移动证》,交通运输,ai,True,<泛类型>,涉及新车上路许可管理要求。,交通运输违规,(6-7) 泛型法条被AI分为具体分类'交通运输'，应删除 | 原标记: <泛类型> | 法条: 《新车临时移动证》
《新车买卖合同》,消费者权益/市场秩序,ai,True,<泛类型>,新车买卖合同纠纷属消费合同。,消费者权益纠纷,(6-7) 泛型法条被AI分为具体分类'消费者权益/市场秩序'，应删除 | 原标记: <泛类型> | 法条: 《新车买卖合同》
《新车订购协议》,消费者权益/市场秩序,ai,True,<泛类型>,新车订购协议属消费合同纠纷。,消费者权益纠纷,(6-7) 泛型法条被AI分为具体分类'消费者权益/市场秩序'，应删除 | 原标记: <泛类型> | 法条: 《新车订购协议》
《新车订购单》,消费者权益/市场秩序,ai,True,<泛类型>,涉及新车订购合同类消费争议。,消费者权益纠纷,(6-7) 泛型法条被AI分为具体分类'消费者权益/市场秩序'，应删除 | 原标记: <泛类型> | 法条: 《新车订购单》
《新车订购单》第一条,消费者权益/市场秩序,ai,True,<泛类型>,《新车订购单》属车辆消费合同。,消费者权益纠纷,(6-7) 泛型法条被AI分为具体分类'消费者权益/市场秩序'，应删除 | 原标记: <泛类型> | 法条: 《新车订购单》第一条
《新闻晨报》,公共文化与传媒,ai,True,<泛类型>,《新闻晨报》属新闻出版传媒领域。,公共文化与传媒,(6-7) 泛型法条被AI分为具体分类'公共文化与传媒'，应删除 | 原标记: <泛类型> | 法条: 《新闻晨报》
《旅游法》第三十四条,市场秩序与竞争监管,ai,True,<泛类型>,旅游法规范旅行社等旅游经营行为。,消费者权益/市场秩序,(6-7) 泛型法条被AI分为具体分类'市场秩序与竞争监管'，应删除 | 原标记: <泛类型> | 法条: 《旅游法》第三十四条
《旅游法》第九十七条第二项,市场秩序与竞争监管,ai,True,<泛类型>,旅游法多规制旅游经营市场秩序。,消费者权益/市场秩序,(6-7) 泛型法条被AI分为具体分类'市场秩序与竞争监管'，应删除 | 原标记: <泛类型> | 法条: 《旅游法》第九十七条第二项
《旅行社条例实施细则》第33条的规定,市场秩序与竞争监管,ai,True,<泛类型>,依据旅行社条例规范旅游经营行为。,消费者权益/市场秩序,(6-7) 泛型法条被AI分为具体分类'市场秩序与竞争监管'，应删除 | 原标记: <泛类型> | 法条: 《旅行社条例实施细则》第33条的规定
《旅行社条例实施细则》第二十三条第一款,*旅行社经营违规,ai,True,<泛类型>,适用《旅行社条例实施细则》相关规定。,*旅行社经营违规,(6-6) AI分类含星号'*旅行社经营违规'，分类不确定 | 法条: 《旅行社条例实施细则》第二十三条第一款
《旅行箱包》,产品质量与安全,ai,True,<泛类型>,《旅行箱包》属产品质量标准规范。,产品质量,(6-7) 泛型法条被AI分为具体分类'产品质量与安全'，应删除 | 原标记: <泛类型> | 法条: 《旅行箱包》
《无纺布口罩》,产品质量与安全,ai,True,<泛类型>,涉及无纺布口罩产品标准与质量。,产品质量,(6-7) 泛型法条被AI分为具体分类'产品质量与安全'，应删除 | 原标记: <泛类型> | 法条: 《无纺布口罩》
《无证经营查处取缔办法》第十四条,市场主体与登记治理,ai,True,<泛类型>,依据无证经营查处取缔办法内容判定。,无照经营/登记问题,(6-7) 泛型法条被AI分为具体分类'市场主体与登记治理'，应删除 | 原标记: <泛类型> | 法条: 《无证经营查处取缔办法》第十四条
《无证经营查处取缔办法》第四条第五款,市场主体与登记治理,ai,True,<泛类型>,根据无证经营查处取缔办法内容。,无照经营/登记问题,(6-7) 泛型法条被AI分为具体分类'市场主体与登记治理'，应删除 | 原标记: <泛类型> | 法条: 《无证经营查处取缔办法》第四条第五款
《无锡奥飞斯商用地毯有限公司送货单》,财税与金融监管,ai,True,<泛类型>,送货单属于财务票据管理问题。,会计/账务,(6-7) 泛型法条被AI分为具体分类'财税与金融监管'，应删除 | 原标记: <泛类型> | 法条: 《无锡奥飞斯商用地毯有限公司送货单》
《日常维护保养记录》,建筑使用安全,ai,True,<泛类型>,涉及设施日常维护保养记录要求。,建筑使用安全,(6-7) 泛型法条被AI分为具体分类'建筑使用安全'，应删除 | 原标记: <泛类型> | 法条: 《日常维护保养记录》
《日常防护型口罩技术规范》,产品质量与安全,ai,True,<泛类型>,依据口罩产品技术规范质量要求。,产品质量,(6-7) 泛型法条被AI分为具体分类'产品质量与安全'，应删除 | 原标记: <泛类型> | 法条: 《日常防护型口罩技术规范》
《旧货流通管理办法（试行）》第三十一条、第五十二条,市场秩序与竞争监管,ai,True,<泛类型>,规范旧货经营秩序，维护市场管理。,消费者权益/市场秩序,(6-7) 泛型法条被AI分为具体分类'市场秩序与竞争监管'，应删除 | 原标记: <泛类型> | 法条: 《旧货流通管理办法（试行）》第三十一条、第五十二条
《昆明市水利局水行政处罚自由裁量权细化标准》第034-01类第六项,环境保护,ai,True,<泛类型>,水行政处罚细化标准，属水事违法。,水资源,(6-5) 程序性 | 匹配模式: '行政处罚自由裁量权' | 法条: 《昆明市水利局水行政处罚自由裁量权细化标准》第034-01类第六项
《昆明市滇池管理综合行政处罚自由裁量权细化标准》第十六条,环境保护,ai,True,<泛类型>,滇池管理属水环境生态保护领域。,环境保护,(6-5) 程序性 | 匹配模式: '行政处罚自由裁量权' | 法条: 《昆明市滇池管理综合行政处罚自由裁量权细化标准》第十六条
《昊天网站服务合同》,市场秩序与竞争监管,ai,True,<泛类型>,网站服务合同纠纷，涉服务交易秩序。,消费者权益/市场秩序,(6-7) 泛型法条被AI分为具体分类'市场秩序与竞争监管'，应删除 | 原标记: <泛类型> | 法条: 《昊天网站服务合同》
《明溪县市场监督管理局开展清理长期未经营企业吊销工作的告知书》,市场主体与登记治理,ai,True,<泛类型>,针对长期未经营企业予以吊销。,未开业/自行停业,(6-7) 泛型法条被AI分为具体分类'市场主体与登记治理'，应删除 | 原标记: <泛类型> | 法条: 《明溪县市场监督管理局开展清理长期未经营企业吊销工作的告知书》
《明细分类帐》,财税与金融监管,ai,True,<泛类型>,《明细分类帐》属会计核算内容。,会计/账务,(6-7) 泛型法条被AI分为具体分类'财税与金融监管'，应删除 | 原标记: <泛类型> | 法条: 《明细分类帐》
《明细分类账》,财税与金融监管,ai,True,<泛类型>,《明细分类账》属会计核算内容。,会计/账务,(6-7) 泛型法条被AI分为具体分类'财税与金融监管'，应删除 | 原标记: <泛类型> | 法条: 《明细分类账》
《易燃易爆性商品储存养护技术条件》,安全生产,ai,True,<泛类型>,涉易燃易爆危化品储存安全管理。,安全生产/危化品,(6-7) 泛型法条被AI分为具体分类'安全生产'，应删除 | 原标记: <泛类型> | 法条: 《易燃易爆性商品储存养护技术条件》
《晋住建罚〔2021〕5号》,建设工程与房地产,ai,True,<泛类型>,晋住建罚文件系住房城乡建设领域。,建设工程,(6-7) 泛型法条被AI分为具体分类'建设工程与房地产'，应删除 | 原标记: <泛类型> | 法条: 《晋住建罚〔2021〕5号》
《晋城市集中供热管理办法》,建筑使用安全,ai,True,<泛类型>,《集中供热管理办法》属城市供热设施管理。,建筑使用安全,(6-7) 泛型法条被AI分为具体分类'建筑使用安全'，应删除 | 原标记: <泛类型> | 法条: 《晋城市集中供热管理办法》
《晋城市集中供热管理办法》第二十一条,*城市供热管理*,ai,True,<泛类型>,依据集中供热管理办法条款内容。,*城市供热管理*,(6-6) AI分类含星号'*城市供热管理*'，分类不确定 | 法条: 《晋城市集中供热管理办法》第二十一条
《晋盛食府员工考勤表》,劳动保障,ai,True,<泛类型>,《员工考勤表》涉及用工管理。,劳动保障/用工,(6-7) 泛型法条被AI分为具体分类'劳动保障'，应删除 | 原标记: <泛类型> | 法条: 《晋盛食府员工考勤表》
《普通混凝土力学性能试验方法标准》,产品质量与安全,ai,True,<泛类型>,混凝土试验方法标准，属于产品质量规范。,产品质量,(6-7) 泛型法条被AI分为具体分类'产品质量与安全'，应删除 | 原标记: <泛类型> | 法条: 《普通混凝土力学性能试验方法标准》
《普通混凝土力学性能试验方法标准》第5.2.4条（该条款为非强制性条,产品质量与安全,ai,True,<泛类型>,涉及混凝土试验方法标准要求。,产品质量,(6-7) 泛型法条被AI分为具体分类'产品质量与安全'，应删除 | 原标记: <泛类型> | 法条: 《普通混凝土力学性能试验方法标准》第5.2.4条（该条款为非强制性条
《普通混凝土拌合物性能试验方法标准》,建设工程与房地产,ai,True,<泛类型>,混凝土试验标准适用于建设工程质量。,建设工程,(6-7) 泛型法条被AI分为具体分类'建设工程与房地产'，应删除 | 原标记: <泛类型> | 法条: 《普通混凝土拌合物性能试验方法标准》
《普通混凝土用砂、石质量及检验方法标准》,产品质量与安全,ai,True,<泛类型>,涉及建材质量与检验技术标准。,产品质量,(6-7) 泛型法条被AI分为具体分类'产品质量与安全'，应删除 | 原标记: <泛类型> | 法条: 《普通混凝土用砂、石质量及检验方法标准》
《普通硅酸盐水泥》,产品质量与安全,ai,True,<泛类型>,《普通硅酸盐水泥》为产品质量标准。,产品质量,(6-7) 泛型法条被AI分为具体分类'产品质量与安全'，应删除 | 原标记: <泛类型> | 法条: 《普通硅酸盐水泥》
《普通胶合板》,产品质量与安全,ai,True,<泛类型>,《普通胶合板》属产品质量国家标准。,产品质量,(6-7) 泛型法条被AI分为具体分类'产品质量与安全'，应删除 | 原标记: <泛类型> | 法条: 《普通胶合板》
《景泰县市场监督管理局关于开展清理长期停业未经营企业工作的通知》,市场主体与登记治理,ai,True,<泛类型>,文件主题即清理长期停业未经营企业。,未开业/自行停业,(6-7) 泛型法条被AI分为具体分类'市场主体与登记治理'，应删除 | 原标记: <泛类型> | 法条: 《景泰县市场监督管理局关于开展清理长期停业未经营企业工作的通知》
《智慧柜员机业务回执》,金融/账户,ai,True,<泛类型>,智慧柜员机属银行账户业务相关。,金融/账户,(6-7) 泛型法条被AI分为具体分类'金融/账户'，应删除 | 原标记: <泛类型> | 法条: 《智慧柜员机业务回执》
《智能快件箱寄递服务管理办法》第二十一条第一项,*智能快件箱管理*,ai,True,<泛类型>,针对智能快件箱寄递服务管理情形。,*智能快件箱管理*,(6-6) AI分类含星号'*智能快件箱管理*'，分类不确定 | 法条: 《智能快件箱寄递服务管理办法》第二十一条第一项
《暂停加工卓远健康釉石的通知》,产品质量与安全,ai,True,<泛类型>,涉及暂停加工建材产品质量问题。,产品质量,(6-7) 泛型法条被AI分为具体分类'产品质量与安全'，应删除 | 原标记: <泛类型> | 法条: 《暂停加工卓远健康釉石的通知》
《暗挖结构横断面配筋图》,建设工程与房地产,ai,True,<泛类型>,工程设计图纸名称，属建设工程管理。,建设工程,(6-7) 泛型法条被AI分为具体分类'建设工程与房地产'，应删除 | 原标记: <泛类型> | 法条: 《暗挖结构横断面配筋图》
《暗挖结构横断面配筋图》第6条,建设工程与房地产,ai,True,<泛类型>,涉及工程设计图纸规范要求。,建设工程,(6-7) 泛型法条被AI分为具体分类'建设工程与房地产'，应删除 | 原标记: <泛类型> | 法条: 《暗挖结构横断面配筋图》第6条
《更改锚索措施》,安全生产,ai,True,<泛类型>,锚索属矿山支护措施，系安全生产范畴。,安全生产,(6-7) 泛型法条被AI分为具体分类'安全生产'，应删除 | 原标记: <泛类型> | 法条: 《更改锚索措施》
《最高人民检察院 公安部关于公安机关管辖的刑事案件立案追诉标准的规定（二）》第六十一条,反恐,ai,True,<泛类型>,该条系涉恐怖活动犯罪立案标准。,反恐,(6-7) 泛型法条被AI分为具体分类'反恐'，应删除 | 原标记: <泛类型> | 法条: 《最高人民检察院 公安部关于公安机关管辖的刑事案件立案追诉标准的规定（二）》第六十一条
《最高人民检察院、公安部关于公安机关管辖的刑事案件立案追诉标准的规定（二）》第六十九条第（一）项,治安管理,ai,True,<泛类型>,规定属刑事案件立案标准，属治安领域。,治安管理,(6-7) 泛型法条被AI分为具体分类'治安管理'，应删除 | 原标记: <泛类型> | 法条: 《最高人民检察院、公安部关于公安机关管辖的刑事案件立案追诉标准的规定（二）》第六十九条第（一）项
《最高人民法院最高人民检察院关于办理侵犯知识产权刑事案件具体应用法律若干问题的解释》第十二条,侵犯商标/知识产权,ai,True,<泛类型>,该司法解释专门规范知识产权犯罪。,侵犯商标/知识产权,(6-7) 泛型法条被AI分为具体分类'侵犯商标/知识产权'，应删除 | 原标记: <泛类型> | 法条: 《最高人民法院最高人民检察院关于办理侵犯知识产权刑事案件具体应用法律若干问题的解释》第十二条
《有机-无机复混肥》,产品质量与安全,ai,True,<泛类型>,系化肥产品标准，属产品质量。,产品质量,(6-7) 泛型法条被AI分为具体分类'产品质量与安全'，应删除 | 原标记: <泛类型> | 法条: 《有机-无机复混肥》
《有限空间作业气体检测记录表》,安全生产,ai,True,<泛类型>,有限空间作业属安全生产管理范畴。,安全生产,(6-7) 泛型法条被AI分为具体分类'安全生产'，应删除 | 原标记: <泛类型> | 法条: 《有限空间作业气体检测记录表》
《有限空间作业管理辨识台账》,安全生产,ai,True,<泛类型>,有限空间作业管理，属典型安全生产职责。,安全生产,(6-7) 泛型法条被AI分为具体分类'安全生产'，应删除 | 原标记: <泛类型> | 法条: 《有限空间作业管理辨识台账》
《有限空间台账》,安全生产,ai,True,<泛类型>,“有限空间”管理台账属安全生产管理。,安全生产,(6-7) 泛型法条被AI分为具体分类'安全生产'，应删除 | 原标记: <泛类型> | 法条: 《有限空间台账》
《服务合同》,市场秩序与竞争监管,ai,True,<泛类型>,服务合同纠纷通常属消费者权益范畴。,消费者权益/市场秩序,(6-7) 泛型法条被AI分为具体分类'市场秩序与竞争监管'，应删除 | 原标记: <泛类型> | 法条: 《服务合同》
《期货公司监督管理办法》,金融/账户,ai,True,<泛类型>,期货公司监管办法，属金融领域监管。,金融/账户,(6-7) 泛型法条被AI分为具体分类'金融/账户'，应删除 | 原标记: <泛类型> | 法条: 《期货公司监督管理办法》
《期货公司管理办法》第五十条,金融/账户,ai,True,<泛类型>,期货公司管理办法属金融监管领域。,金融/账户,(6-7) 泛型法条被AI分为具体分类'金融/账户'，应删除 | 原标记: <泛类型> | 法条: 《期货公司管理办法》第五十条
《木家具通用技术条件》,产品质量与安全,ai,True,<泛类型>,产品执行《木家具通用技术条件》属质量标准。,产品质量,(6-7) 泛型法条被AI分为具体分类'产品质量与安全'，应删除 | 原标记: <泛类型> | 法条: 《木家具通用技术条件》
《木薯淀粉200g产品召回记录表》,产品质量与安全,ai,True,<泛类型>,涉及食品产品召回记录管理。,食品药品,(6-7) 泛型法条被AI分为具体分类'产品质量与安全'，应删除 | 原标记: <泛类型> | 法条: 《木薯淀粉200g产品召回记录表》
《未成年人节目管理规定》第十二条第一款,公共文化与传媒,ai,True,<泛类型>,未成年人节目管理属广播电视节目管理。,公共文化与传媒,(6-7) 泛型法条被AI分为具体分类'公共文化与传媒'，应删除 | 原标记: <泛类型> | 法条: 《未成年人节目管理规定》第十二条第一款
《本溪日报》,公共文化与传媒,ai,True,<泛类型>,《本溪日报》系报纸媒体出版物相关。,公共文化与传媒,(6-7) 泛型法条被AI分为具体分类'公共文化与传媒'，应删除 | 原标记: <泛类型> | 法条: 《本溪日报》
《机动车停放保管服务收费证明》,市场秩序与竞争监管,ai,True,<泛类型>,涉及机动车停放保管服务收费证明管理。,价格/收费,(6-7) 泛型法条被AI分为具体分类'市场秩序与竞争监管'，应删除 | 原标记: <泛类型> | 法条: 《机动车停放保管服务收费证明》
《机动车维修管理规定》第三十三条,交通运输,ai,True,<泛类型>,机动车维修管理属交通运输管理事项。,交通运输违规,(6-7) 泛型法条被AI分为具体分类'交通运输'，应删除 | 原标记: <泛类型> | 法条: 《机动车维修管理规定》第三十三条
《机动车维修管理规定》第三十三条第一款,交通运输,ai,True,<泛类型>,依据机动车维修管理规定，属交通管理。,交通运输违规,(6-7) 泛型法条被AI分为具体分类'交通运输'，应删除 | 原标记: <泛类型> | 法条: 《机动车维修管理规定》第三十三条第一款
《机动车维修管理规定》第三十二条,交通运输,ai,True,<泛类型>,依据机动车维修管理规定，属交通运输管理。,交通运输违规,(6-7) 泛型法条被AI分为具体分类'交通运输'，应删除 | 原标记: <泛类型> | 法条: 《机动车维修管理规定》第三十二条
《机动车维修管理规定》第五十二条,交通运输,ai,True,<泛类型>,依据机动车维修管理规定，属交通管理。,交通运输违规,(6-7) 泛型法条被AI分为具体分类'交通运输'，应删除 | 原标记: <泛类型> | 法条: 《机动车维修管理规定》第五十二条
《机动车维修管理规定》第四十九条,交通运输,ai,True,<泛类型>,依据机动车维修规定，属交通管理。,交通运输违规,(6-7) 泛型法条被AI分为具体分类'交通运输'，应删除 | 原标记: <泛类型> | 法条: 《机动车维修管理规定》第四十九条
《机动车行车证》,交通运输,ai,True,<泛类型>,《机动车行车证》属道路交通管理。,交通运输违规,(6-7) 泛型法条被AI分为具体分类'交通运输'，应删除 | 原标记: <泛类型> | 法条: 《机动车行车证》
《机动车行驶证》,交通运输,ai,True,<泛类型>,机动车行驶证管理属道路交通管理。,交通运输违规,(6-7) 泛型法条被AI分为具体分类'交通运输'，应删除 | 原标记: <泛类型> | 法条: 《机动车行驶证》
《机动车行驶证》,交通运输,ai,True,<泛类型>,涉及机动车行驶证管理事项。,交通运输违规,(6-7) 泛型法条被AI分为具体分类'交通运输'，应删除 | 原标记: <泛类型> | 法条: 《机动车行驶证》
《机械伤害事故现场处置方案》,安全生产,ai,True,<泛类型>,机械伤害事故处置属安全生产管理。,安全生产,(6-7) 泛型法条被AI分为具体分类'安全生产'，应删除 | 原标记: <泛类型> | 法条: 《机械伤害事故现场处置方案》
《机械停车设备维保合同》,建设工程与房地产,ai,True,<泛类型>,机械停车设备属建设工程设施。,建设工程,(6-7) 泛型法条被AI分为具体分类'建设工程与房地产'，应删除 | 原标记: <泛类型> | 法条: 《机械停车设备维保合同》
《机械加工项目》,建设工程与房地产,ai,True,<泛类型>,“机械加工项目”属建设工程管理范畴。,建设工程,(6-7) 泛型法条被AI分为具体分类'建设工程与房地产'，应删除 | 原标记: <泛类型> | 法条: 《机械加工项目》
《机械式便器冲洗阀》,产品质量与安全,ai,True,<泛类型>,机械式便器冲洗阀属产品质量标准。,产品质量,(6-7) 泛型法条被AI分为具体分类'产品质量与安全'，应删除 | 原标记: <泛类型> | 法条: 《机械式便器冲洗阀》
《机械式停车设备销售合同》,消费者权益/市场秩序,ai,True,<泛类型>,属商品买卖合同争议纠纷。,消费者权益纠纷,(6-7) 泛型法条被AI分为具体分类'消费者权益/市场秩序'，应删除 | 原标记: <泛类型> | 法条: 《机械式停车设备销售合同》
《机织儿童服装》,产品质量与安全,ai,True,<泛类型>,机织儿童服装属产品质量安全规范。,产品质量,(6-7) 泛型法条被AI分为具体分类'产品质量与安全'，应删除 | 原标记: <泛类型> | 法条: 《机织儿童服装》
《材料、构配件进场检验记录》,建设工程与房地产,ai,True,<泛类型>,《材料、构配件进场检验记录》属工程管理文件。,建设工程,(6-7) 泛型法条被AI分为具体分类'建设工程与房地产'，应删除 | 原标记: <泛类型> | 法条: 《材料、构配件进场检验记录》
《材料成本核算表》,财税与金融监管,ai,True,<泛类型>,《材料成本核算表》属成本会计核算。,会计/账务,(6-7) 泛型法条被AI分为具体分类'财税与金融监管'，应删除 | 原标记: <泛类型> | 法条: 《材料成本核算表》
《条例》第四十六条第一款第五项,市场秩序与竞争监管,ai,True,<泛类型>,电商平台责任条款，多属市场秩序规范。,消费者权益/市场秩序,(6-7) 泛型法条被AI分为具体分类'市场秩序与竞争监管'，应删除 | 原标记: <泛类型> | 法条: 《条例》第四十六条第一款第五项
《条例施行细则》第六十三条第一款第四项,*旅游市场管理*,ai,True,<泛类型>,条款属旅游市场管理细则。,*旅游市场管理*,(6-6) AI分类含星号'*旅游市场管理*'，分类不确定 | 法条: 《条例施行细则》第六十三条第一款第四项
《来宾市自然资源局行政处罚决定书》,建设工程与房地产,ai,True,<泛类型>,自然资源局处罚，多涉土地利用。,房地产/土地,(6-7) 泛型法条被AI分为具体分类'建设工程与房地产'，应删除 | 原标记: <泛类型> | 法条: 《来宾市自然资源局行政处罚决定书》
《来宾市自然资源局行政处罚决定书》第一项,建设工程与房地产,ai,True,<泛类型>,自然资源局处罚，多涉土地违法。,房地产/土地,(6-7) 泛型法条被AI分为具体分类'建设工程与房地产'，应删除 | 原标记: <泛类型> | 法条: 《来宾市自然资源局行政处罚决定书》第一项
《来宾市自然资源局行政处罚决定书》第二项,建设工程与房地产,ai,True,<泛类型>,自然资源局处罚，多涉土地违法。,房地产/土地,(6-7) 泛型法条被AI分为具体分类'建设工程与房地产'，应删除 | 原标记: <泛类型> | 法条: 《来宾市自然资源局行政处罚决定书》第二项
《杭州化工厂客户气体用量收发卡》,安全生产,ai,True,<泛类型>,化工厂气体管理，属危化品安全。,安全生产/危化品,(6-7) 泛型法条被AI分为具体分类'安全生产'，应删除 | 原标记: <泛类型> | 法条: 《杭州化工厂客户气体用量收发卡》
《杭州华元基础材料有限公司“10·27”事故调查报告》,安全生产,ai,True,<泛类型>,生产事故调查报告，涉及危化品安全。,安全生产/危化品,(6-7) 泛型法条被AI分为具体分类'安全生产'，应删除 | 原标记: <泛类型> | 法条: 《杭州华元基础材料有限公司“10·27”事故调查报告》
《杭州城市管理行政处罚自由裁量权实施办法》,其他,ai,True,<泛类型>,仅知为裁量办法，无法细分类别。,其他违法行为,(6-5) 程序性 | 匹配模式: '行政处罚自由裁量权' | 法条: 《杭州城市管理行政处罚自由裁量权实施办法》
《杭州市余杭区城市管理局缴款通知书》,建筑使用安全,ai,True,<泛类型>,城市管理局处罚多涉市容建筑安全。,建筑使用安全,(6-7) 泛型法条被AI分为具体分类'建筑使用安全'，应删除 | 原标记: <泛类型> | 法条: 《杭州市余杭区城市管理局缴款通知书》
《杭州市区商品混凝土企业市场自律行为管理办法》,建设工程与房地产,ai,True,<泛类型>,《商品混凝土企业管理办法》属建设工程领域。,建设工程,(6-7) 泛型法条被AI分为具体分类'建设工程与房地产'，应删除 | 原标记: <泛类型> | 法条: 《杭州市区商品混凝土企业市场自律行为管理办法》
《杭州市区（余杭区）商品混凝土企业市场自律行为管理办法》,建设工程与房地产,ai,True,<泛类型>,商品混凝土属建设工程领域管理。,建设工程,(6-7) 泛型法条被AI分为具体分类'建设工程与房地产'，应删除 | 原标记: <泛类型> | 法条: 《杭州市区（余杭区）商品混凝土企业市场自律行为管理办法》
《杭州市区（余杭区）混凝土企业规范经营自律公约》,建设工程与房地产,ai,True,<泛类型>,混凝土企业规范经营，多涉建设工程。,建设工程,(6-7) 泛型法条被AI分为具体分类'建设工程与房地产'，应删除 | 原标记: <泛类型> | 法条: 《杭州市区（余杭区）混凝土企业规范经营自律公约》
《杭州市区（余杭区）砼企业市场自律行为检查细则》,建设工程与房地产,ai,True,<泛类型>,混凝土企业属工程建材领域监管。,建设工程,(6-7) 泛型法条被AI分为具体分类'建设工程与房地产'，应删除 | 原标记: <泛类型> | 法条: 《杭州市区（余杭区）砼企业市场自律行为检查细则》
《杭州市县(市)城市管理行政处罚自由裁量权实施办法》,其他,ai,True,<泛类型>,仅见实施办法名称，无法细分。,其他违法行为,(6-5) 程序性 | 匹配模式: '行政处罚自由裁量权' | 法条: 《杭州市县(市)城市管理行政处罚自由裁量权实施办法》
《杭州市县(市)城市管理行政处罚自由裁量权实施办法》第七条,其他,ai,True,<泛类型>,仅见办法名称，无法判断具体领域。,其他违法行为,(6-5) 程序性 | 匹配模式: '行政处罚自由裁量权' | 法条: 《杭州市县(市)城市管理行政处罚自由裁量权实施办法》第七条
《杭州市县（市）城市管理行政处罚自由裁量权实施办法》,其他,ai,True,<泛类型>,仅为程序性办法，未指具体领域。,其他违法行为,(6-5) 程序性 | 匹配模式: '行政处罚自由裁量权' | 法条: 《杭州市县（市）城市管理行政处罚自由裁量权实施办法》
《杭州市国土资源行政处罚裁量基准》,建设工程与房地产,ai,True,<泛类型>,涉及国土资源行政处罚裁量基准。,房地产/土地,(6-7) 泛型法条被AI分为具体分类'建设工程与房地产'，应删除 | 原标记: <泛类型> | 法条: 《杭州市国土资源行政处罚裁量基准》
《杭州市城市管理常见违法行为自由裁量基准表》,*城市管理执法*,ai,True,<泛类型>,仅提及城市管理基准表，属城管领域。,*城市管理执法*,(6-6) AI分类含星号'*城市管理执法*'，分类不确定 | 法条: 《杭州市城市管理常见违法行为自由裁量基准表》
《杭州市城市管理常见违法行为自由裁量基准表》第19项,建筑使用安全,ai,True,<泛类型>,城市管理自由裁量，多涉市政建筑使用。,建筑使用安全,(6-7) 泛型法条被AI分为具体分类'建筑使用安全'，应删除 | 原标记: <泛类型> | 法条: 《杭州市城市管理常见违法行为自由裁量基准表》第19项
《杭州市城市管理常见违法行为自由裁量基准表》第46项,环境保护,ai,True,<泛类型>,城管基准多为市容环保领域。,环境保护,(6-7) 泛型法条被AI分为具体分类'环境保护'，应删除 | 原标记: <泛类型> | 法条: 《杭州市城市管理常见违法行为自由裁量基准表》第46项
《杭州市城市管理行政处罚自由裁量权事实办法》,*城市管理执法*,ai,True,<泛类型>,依据城市管理行政处罚自由裁量规定。,*城市管理执法*,(6-5) 程序性 | 匹配模式: '行政处罚自由裁量权' | 法条: 《杭州市城市管理行政处罚自由裁量权事实办法》
《杭州市城市管理行政处罚自由裁量权实施办法》,其他,ai,True,<泛类型>,仅给出处罚办法名称，无法细分。,其他违法行为,(6-5) 程序性 | 匹配模式: '行政处罚自由裁量权' | 法条: 《杭州市城市管理行政处罚自由裁量权实施办法》
《杭州市城市管理行政处罚自由裁量权实施办法》第七条,其他,ai,True,<泛类型>,仅提及实施办法条款，信息不足。,其他违法行为,(6-5) 程序性 | 匹配模式: '行政处罚自由裁量权' | 法条: 《杭州市城市管理行政处罚自由裁量权实施办法》第七条
"《杭州市城市管理行政处罚自由裁量权实施办法》第七条,",其他,ai,True,<泛类型>,仅提及实施办法条款，无法细分。,其他违法行为,"(6-5) 程序性 | 匹配模式: '行政处罚自由裁量权' | 法条: 《杭州市城市管理行政处罚自由裁量权实施办法》第七条,"
《杭州市城市管理行政处罚自由裁量权实施办法》第七条、第十一条第(二)项,其他,ai,True,<泛类型>,仅给出办法条款序号，无法细分。,其他违法行为,(6-5) 程序性 | 匹配模式: '行政处罚自由裁量权' | 法条: 《杭州市城市管理行政处罚自由裁量权实施办法》第七条、第十一条第(二)项
《杭州市城市管理行政处罚自由裁量权实施办法》第七条和,其他,ai,True,<泛类型>,仅给出实施办法条文，无法细分类型。,其他违法行为,(6-5) 程序性 | 匹配模式: '行政处罚自由裁量权' | 法条: 《杭州市城市管理行政处罚自由裁量权实施办法》第七条和
《杭州市城市管理行政处罚自由裁量权实施办法》第七条和第十条之规定行政处罚决定:罚款,其他,ai,True,<泛类型>,仅见处罚办法名称，无法细分。,其他违法行为,(6-5) 程序性 | 匹配模式: '行政处罚自由裁量权' | 法条: 《杭州市城市管理行政处罚自由裁量权实施办法》第七条和第十条之规定行政处罚决定:罚款
《杭州市城市管理行政处罚自由裁量权实施办法》第七条的相关规定,其他,ai,True,<泛类型>,仅给出办法名称，无法细化归类。,其他违法行为,(6-5) 程序性 | 匹配模式: '行政处罚自由裁量权' | 法条: 《杭州市城市管理行政处罚自由裁量权实施办法》第七条的相关规定
《杭州市城市管理行政处罚自由裁量权实施办法》第二十九条:,其他,ai,True,<泛类型>,仅给出条款编号，无具体内容。,其他违法行为,(6-5) 程序性 | 匹配模式: '行政处罚自由裁量权' | 法条: 《杭州市城市管理行政处罚自由裁量权实施办法》第二十九条:
《杭州市城市管理行政处罚自由裁量权实施办法》第八条第(二)项,其他,ai,True,<泛类型>,仅给出条款编号，无法具体判断。,其他违法行为,(6-5) 程序性 | 匹配模式: '行政处罚自由裁量权' | 法条: 《杭州市城市管理行政处罚自由裁量权实施办法》第八条第(二)项
《杭州市城市管理行政处罚自由裁量权实施办法》第八条第一款,其他,ai,True,<泛类型>,仅给出条款编号，无法识别内容。,其他违法行为,(6-5) 程序性 | 匹配模式: '行政处罚自由裁量权' | 法条: 《杭州市城市管理行政处罚自由裁量权实施办法》第八条第一款
《杭州市城市管理行政处罚自由裁量权实施办法》第八条第（二）项、第十一条第（三）项及第十三条第二款,其他,ai,True,<泛类型>,仅给出裁量办法条款，无法对应具体领域。,其他违法行为,(6-5) 程序性 | 匹配模式: '行政处罚自由裁量权' | 法条: 《杭州市城市管理行政处罚自由裁量权实施办法》第八条第（二）项、第十一条第（三）项及第十三条第二款
《杭州市城市管理行政处罚自由裁量权实施办法》第八条第（二）项及第十一条第（三）项,其他,ai,True,<泛类型>,仅给出办法条款序号，无法细化判断。,其他违法行为,(6-5) 程序性 | 匹配模式: '行政处罚自由裁量权' | 法条: 《杭州市城市管理行政处罚自由裁量权实施办法》第八条第（二）项及第十一条第（三）项
《杭州市城市管理行政处罚自由裁量权实施办法》第八点第二项“罚款,其他,ai,True,<泛类型>,仅提及实施办法条款，无法细分。,其他违法行为,(6-5) 程序性 | 匹配模式: '行政处罚自由裁量权' | 法条: 《杭州市城市管理行政处罚自由裁量权实施办法》第八点第二项“罚款
《杭州市城市管理行政处罚自由裁量权实施办法》第十三条第二款,其他,ai,True,<泛类型>,仅给出条款编号，无法判断内容。,其他违法行为,(6-5) 程序性 | 匹配模式: '行政处罚自由裁量权' | 法条: 《杭州市城市管理行政处罚自由裁量权实施办法》第十三条第二款
《杭州市城市管理行政处罚自由裁量权实施办法》第十三条第（二）项,其他,ai,True,<泛类型>,仅给出条款编号，无法判断内容。,其他违法行为,(6-5) 程序性 | 匹配模式: '行政处罚自由裁量权' | 法条: 《杭州市城市管理行政处罚自由裁量权实施办法》第十三条第（二）项
《杭州市城市管理行政处罚自由裁量权实施办法》第十条,其他,ai,True,<泛类型>,仅有条款标题信息，内容缺失。,其他违法行为,(6-5) 程序性 | 匹配模式: '行政处罚自由裁量权' | 法条: 《杭州市城市管理行政处罚自由裁量权实施办法》第十条
《杭州市城市管理行政处罚自由载量权实施办法》,*城市管理执法*,ai,True,<泛类型>,依据城市管理行政处罚实施办法。,*城市管理执法*,(6-6) AI分类含星号'*城市管理执法*'，分类不确定 | 法条: 《杭州市城市管理行政处罚自由载量权实施办法》
《杭州市城市管理行政执法自由裁量权实施办法》,*城市管理执法*,ai,True,<泛类型>,仅为城市管理执法程序性规定。,*城市管理执法*,(6-6) AI分类含星号'*城市管理执法*'，分类不确定 | 法条: 《杭州市城市管理行政执法自由裁量权实施办法》
《杭州市工商企业统一收款收据》,财税与金融监管,ai,True,<泛类型>,涉及统一收款收据管理使用。,会计/账务,(6-7) 泛型法条被AI分为具体分类'财税与金融监管'，应删除 | 原标记: <泛类型> | 法条: 《杭州市工商企业统一收款收据》
《杭州市机动车维修业管理条例》第三十二条第三款,交通运输,ai,True,<泛类型>,《机动车维修业管理条例》属道路运输管理。,交通运输违规,(6-7) 泛型法条被AI分为具体分类'交通运输'，应删除 | 原标记: <泛类型> | 法条: 《杭州市机动车维修业管理条例》第三十二条第三款
《杭州市机动车维修业管理条例》第二十一条、第二十四条,交通运输,ai,True,<泛类型>,机动车维修业管理条例，属交通运输领域。,交通运输违规,(6-7) 泛型法条被AI分为具体分类'交通运输'，应删除 | 原标记: <泛类型> | 法条: 《杭州市机动车维修业管理条例》第二十一条、第二十四条
《杭州市机动车维修业管理条例》第四十四条第六项,交通运输,ai,True,<泛类型>,属机动车维修管理条例规范事项。,交通运输违规,(6-7) 泛型法条被AI分为具体分类'交通运输'，应删除 | 原标记: <泛类型> | 法条: 《杭州市机动车维修业管理条例》第四十四条第六项
《杭州市滨江区“五水共治”工作领导小组办公室、杭州市滨江区河长制办公室抄告单》,环境保护,ai,True,<泛类型>,五水共治、河长制属水治理管理。,水资源,(6-7) 泛型法条被AI分为具体分类'环境保护'，应删除 | 原标记: <泛类型> | 法条: 《杭州市滨江区“五水共治”工作领导小组办公室、杭州市滨江区河长制办公室抄告单》
《杭州市滨江区人民政府办公室关于浙江东冠建设集团有限公司“10.10”起重伤害事故调查报告的批复》,安全生产,ai,True,<泛类型>,起重伤害事故调查批复，典型安全生产事故。,安全生产,(6-7) 泛型法条被AI分为具体分类'安全生产'，应删除 | 原标记: <泛类型> | 法条: 《杭州市滨江区人民政府办公室关于浙江东冠建设集团有限公司“10.10”起重伤害事故调查报告的批复》
《杭州市统计局行政处罚决定告知书》,统计相关,ai,True,<泛类型>,统计调查报送等统计领域违法。,统计相关,(6-7) 泛型法条被AI分为具体分类'统计相关'，应删除 | 原标记: <泛类型> | 法条: 《杭州市统计局行政处罚决定告知书》
《杭州市综合行政执法行政处罚裁量基准》第五章(渣土及固体废弃物)第十四条第二款的规定,环境保护,ai,True,<泛类型>,涉及渣土固废管理，属环境保护类。,环境保护,(6-7) 泛型法条被AI分为具体分类'环境保护'，应删除 | 原标记: <泛类型> | 法条: 《杭州市综合行政执法行政处罚裁量基准》第五章(渣土及固体废弃物)第十四条第二款的规定
《杭州市综合行政执法行政处罚裁量权实施规定》,其他,ai,True,<泛类型>,仅有总则名称，无法细分类型。,其他违法行为,(6-5) 程序性 | 匹配模式: '行政处罚裁量权' | 法条: 《杭州市综合行政执法行政处罚裁量权实施规定》
《杭州市综合行政执法行政处罚裁量权实施规定》第六条第一款,其他,ai,True,<泛类型>,仅提到条款标题，无法判断内容。,其他违法行为,(6-5) 程序性 | 匹配模式: '行政处罚裁量权' | 法条: 《杭州市综合行政执法行政处罚裁量权实施规定》第六条第一款
《杭州市综合行政执法行政处罚裁量权实施规定》第十条第一款第五项与第七项,其他,ai,True,<泛类型>,仅给出条款编号，无法判断内容。,其他违法行为,(6-5) 程序性 | 匹配模式: '行政处罚裁量权' | 法条: 《杭州市综合行政执法行政处罚裁量权实施规定》第十条第一款第五项与第七项
《杭州市萧山区住房和城乡建设局行政处罚事先告知书》,建设工程与房地产,ai,True,<泛类型>,住建局处罚，多涉工程建设管理。,建设工程,(6-7) 泛型法条被AI分为具体分类'建设工程与房地产'，应删除 | 原标记: <泛类型> | 法条: 《杭州市萧山区住房和城乡建设局行政处罚事先告知书》
《杭州市萧山区统计局行政处罚决定告知书》,统计相关,ai,True,<泛类型>,由区统计局作出处罚，涉统计管理。,统计相关,(6-7) 泛型法条被AI分为具体分类'统计相关'，应删除 | 原标记: <泛类型> | 法条: 《杭州市萧山区统计局行政处罚决定告知书》
《杭州市规 范行政处罚自由裁量权的规定》第十四条,其他,ai,True,<泛类型>,仅有条款标题，无具体违法内容描述。,其他违法行为,(6-5) 程序性 | 匹配模式: '行政处罚自由裁量权' | 法条: 《杭州市规 范行政处罚自由裁量权的规定》第十四条
《杭州市规范行政处罚自由裁量权的规定》,其他,ai,True,<泛类型>,仅为程序性规定，未指向具体领域。,其他违法行为,(6-5) 程序性 | 匹配模式: '行政处罚自由裁量权' | 法条: 《杭州市规范行政处罚自由裁量权的规定》
《杭州市规范行政处罚自由裁量权的规定》第九项,其他,ai,True,<泛类型>,仅给出规范裁量规定，无法细分。,其他违法行为,(6-5) 程序性 | 匹配模式: '行政处罚自由裁量权' | 法条: 《杭州市规范行政处罚自由裁量权的规定》第九项
《杭州市规范行政处罚自由裁量权的规定》第八项,其他,ai,True,<泛类型>,仅提及规范裁量权，无法细分。,其他违法行为,(6-5) 程序性 | 匹配模式: '行政处罚自由裁量权' | 法条: 《杭州市规范行政处罚自由裁量权的规定》第八项
《杭州市规范行政处罚自由裁量权的规定》第十三条的规定,其他,ai,True,<泛类型>,仅给出规范裁量规定条款，无法细分。,其他违法行为,(6-5) 程序性 | 匹配模式: '行政处罚自由裁量权' | 法条: 《杭州市规范行政处罚自由裁量权的规定》第十三条的规定
《杭州市规范行政处罚自由裁量权的规定》第十三条第(三)项,其他,ai,True,<泛类型>,仅为裁量规定条款，无法具体对应。,其他违法行为,(6-5) 程序性 | 匹配模式: '行政处罚自由裁量权' | 法条: 《杭州市规范行政处罚自由裁量权的规定》第十三条第(三)项
《杭州市规范行政处罚自由裁量权的规定》第十三条第(二)项“除法律、法规、规章另有规定外,其他,ai,True,<泛类型>,仅为自由裁量原则性规定，无法细分。,其他违法行为,(6-5) 程序性 | 匹配模式: '行政处罚自由裁量权' | 法条: 《杭州市规范行政处罚自由裁量权的规定》第十三条第(二)项“除法律、法规、规章另有规定外
《杭州市规范行政处罚自由裁量权的规定》第十三条第（二）项,其他,ai,True,<泛类型>,仅给出条款序号，无法判断具体领域。,其他违法行为,(6-5) 程序性 | 匹配模式: '行政处罚自由裁量权' | 法条: 《杭州市规范行政处罚自由裁量权的规定》第十三条第（二）项
《杭州市规范行政处罚自由裁量权的规定》第十条之规定,其他,ai,True,<泛类型>,仅提及裁量规定本身，信息不足。,其他违法行为,(6-5) 程序性 | 匹配模式: '行政处罚自由裁量权' | 法条: 《杭州市规范行政处罚自由裁量权的规定》第十条之规定
《杭州日报》,公共文化与传媒,ai,True,<泛类型>,《杭州日报》属新闻传媒领域。,公共文化与传媒,(6-7) 泛型法条被AI分为具体分类'公共文化与传媒'，应删除 | 原标记: <泛类型> | 法条: 《杭州日报》
《杭州港航移动信息平台》,交通运输,ai,True,<泛类型>,港航管理平台，属水路交通领域。,交通运输违规,(6-7) 泛型法条被AI分为具体分类'交通运输'，应删除 | 原标记: <泛类型> | 法条: 《杭州港航移动信息平台》
《杭州西湖风景名胜区管理条例》第二十七条第（三）项,环境保护,ai,True,<泛类型>,景区内行为规范多涉生态环境保护。,环境保护,(6-7) 泛型法条被AI分为具体分类'环境保护'，应删除 | 原标记: <泛类型> | 法条: 《杭州西湖风景名胜区管理条例》第二十七条第（三）项
《松江平高世贸中心“B1F-15”商铺租赁合同》,建设工程与房地产,ai,True,<泛类型>,《商铺租赁合同》涉及房屋租赁纠纷。,房地产/土地,(6-7) 泛型法条被AI分为具体分类'建设工程与房地产'，应删除 | 原标记: <泛类型> | 法条: 《松江平高世贸中心“B1F-15”商铺租赁合同》
《林海日报》,公共文化与传媒,ai,True,<泛类型>,系报刊出版发行管理领域规定。,公共文化与传媒,(6-7) 泛型法条被AI分为具体分类'公共文化与传媒'，应删除 | 原标记: <泛类型> | 法条: 《林海日报》
《果蔬汁类及其饮料》,产品质量与安全,ai,True,<泛类型>,果蔬汁饮料标准，属食品监管范围。,食品药品,(6-7) 泛型法条被AI分为具体分类'产品质量与安全'，应删除 | 原标记: <泛类型> | 法条: 《果蔬汁类及其饮料》
《架空通信线路配件 第4部分：抱箍类、光缆预留支架》,产品质量与安全,ai,True,<泛类型>,系通信线路配件产品标准规范。,产品质量,(6-7) 泛型法条被AI分为具体分类'产品质量与安全'，应删除 | 原标记: <泛类型> | 法条: 《架空通信线路配件 第4部分：抱箍类、光缆预留支架》
《柳州市城市管理行政执法案件调查笔录》,*城市市容管理*,ai,True,<泛类型>,依据城市管理行政执法、市容环境相关。,*城市市容管理*,(6-6) AI分类含星号'*城市市容管理*'，分类不确定 | 法条: 《柳州市城市管理行政执法案件调查笔录》
《柳州市城市管理行政执法现场勘验检查笔录》,*市容环卫管理*,ai,True,<泛类型>,城市管理执法，多为市容环卫类。,*市容环卫管理*,(6-6) AI分类含星号'*市容环卫管理*'，分类不确定 | 法条: 《柳州市城市管理行政执法现场勘验检查笔录》
《柳州市城市管理行政执法行政处罚告知书》,*城市市容环境*,ai,True,<泛类型>,仅见城市管理执法告知书名称。,*城市市容环境*,(6-6) AI分类含星号'*城市市容环境*'，分类不确定 | 法条: 《柳州市城市管理行政执法行政处罚告知书》
《柳州晚报》,公共文化与传媒,ai,True,<泛类型>,《柳州晚报》涉新闻出版传媒领域。,公共文化与传媒,(6-7) 泛型法条被AI分为具体分类'公共文化与传媒'，应删除 | 原标记: <泛类型> | 法条: 《柳州晚报》
《柴油车自由加速烟度排放限值及测量方法》,环境保护,ai,True,<泛类型>,涉及机动车排放限值与检测标准。,环境保护,(6-7) 泛型法条被AI分为具体分类'环境保护'，应删除 | 原标记: <泛类型> | 法条: 《柴油车自由加速烟度排放限值及测量方法》
《桐庐县人民政府关于杭州华元基础材料有限公司“10·27”事故调查报告的批复》,安全生产,ai,True,<泛类型>,事故调查报告批复，多涉安全生产管理。,安全生产,(6-7) 泛型法条被AI分为具体分类'安全生产'，应删除 | 原标记: <泛类型> | 法条: 《桐庐县人民政府关于杭州华元基础材料有限公司“10·27”事故调查报告的批复》
《桥隧大队执法现场照片》,交通运输,ai,True,<泛类型>,《桥隧大队》执法，多涉道路交通。,交通运输违规,(6-7) 泛型法条被AI分为具体分类'交通运输'，应删除 | 原标记: <泛类型> | 法条: 《桥隧大队执法现场照片》
《梅州市工商行政管理局关于开展2015年度企业年报公示的公告》,市场主体与登记治理,ai,True,<泛类型>,涉及企业年度报告年报公示义务。,企业信息公示,(6-7) 泛型法条被AI分为具体分类'市场主体与登记治理'，应删除 | 原标记: <泛类型> | 法条: 《梅州市工商行政管理局关于开展2015年度企业年报公示的公告》
《梧州市市场监督管理局关于清理长期停业未经营企业的提示性公告》,市场主体与登记治理,ai,True,<泛类型>,公告针对长期停业未经营企业。,未开业/自行停业,(6-7) 泛型法条被AI分为具体分类'市场主体与登记治理'，应删除 | 原标记: <泛类型> | 法条: 《梧州市市场监督管理局关于清理长期停业未经营企业的提示性公告》
《检定结果通知书》,计量/器具,ai,True,<泛类型>,“检定结果通知书”属法定计量检定文书。,计量/器具,(6-7) 泛型法条被AI分为具体分类'计量/器具'，应删除 | 原标记: <泛类型> | 法条: 《检定结果通知书》
《检定证书》,计量/器具,ai,True,<泛类型>,《检定证书》系计量检定相关证书。,计量/器具,(6-7) 泛型法条被AI分为具体分类'计量/器具'，应删除 | 原标记: <泛类型> | 法条: 《检定证书》
《检查井盖》,建筑使用安全,ai,True,<泛类型>,检查井盖设施安全隐患属建筑使用安全。,建筑使用安全,(6-7) 泛型法条被AI分为具体分类'建筑使用安全'，应删除 | 原标记: <泛类型> | 法条: 《检查井盖》
《检测报告管理程序》,产品质量与安全,ai,True,<泛类型>,检测报告管理程序一般属检验检测管理。,产品质量,(6-7) 泛型法条被AI分为具体分类'产品质量与安全'，应删除 | 原标记: <泛类型> | 法条: 《检测报告管理程序》
《检验原始记录》,产品质量与安全,ai,True,<泛类型>,检验原始记录系产品质量检验依据。,产品质量,(6-7) 泛型法条被AI分为具体分类'产品质量与安全'，应删除 | 原标记: <泛类型> | 法条: 《检验原始记录》
《检验检测机构监督管理办法》第十一条第一款,产品质量与安全,ai,True,<泛类型>,检验检测机构监管，涉及产品质量。,产品质量,(6-7) 泛型法条被AI分为具体分类'产品质量与安全'，应删除 | 原标记: <泛类型> | 法条: 《检验检测机构监督管理办法》第十一条第一款
《检验检测机构监督管理办法》第十三条第二款第（三）项,产品质量与安全,ai,True,<泛类型>,检验检测机构监管，涉及产品质量。,产品质量,(6-7) 泛型法条被AI分为具体分类'产品质量与安全'，应删除 | 原标记: <泛类型> | 法条: 《检验检测机构监督管理办法》第十三条第二款第（三）项
《检验检测机构资质认定监督检查问题确认表》,产品质量与安全,ai,True,<泛类型>,检验检测机构监督检查，属质量监管。,产品质量,(6-7) 泛型法条被AI分为具体分类'产品质量与安全'，应删除 | 原标记: <泛类型> | 法条: 《检验检测机构资质认定监督检查问题确认表》
《检验检测机构资质认定管理办法》第二十四条,*检验检测资质管理*,ai,True,<泛类型>,针对检验检测机构资质认定管理规定。,*检验检测资质管理*,(6-6) AI分类含星号'*检验检测资质管理*'，分类不确定 | 法条: 《检验检测机构资质认定管理办法》第二十四条
《检验检测机构资质认定管理办法》第四十三条第一款,*检验检测机构管理*,ai,True,<泛类型>,依据检验检测机构资质认定管理办法。,*检验检测机构管理*,(6-6) AI分类含星号'*检验检测机构管理*'，分类不确定 | 法条: 《检验检测机构资质认定管理办法》第四十三条第一款
《检验检测机构资质认定能力评价检验检测机构通用要求》,产品质量与安全,ai,True,<泛类型>,涉及检验检测机构资质能力要求。,产品质量,(6-7) 泛型法条被AI分为具体分类'产品质量与安全'，应删除 | 原标记: <泛类型> | 法条: 《检验检测机构资质认定能力评价检验检测机构通用要求》
《检验检测机构资质认定证书》,产品质量与安全,ai,True,<泛类型>,《检验检测机构资质认定》属质检领域。,产品质量,(6-7) 泛型法条被AI分为具体分类'产品质量与安全'，应删除 | 原标记: <泛类型> | 法条: 《检验检测机构资质认定证书》
《棉服装》,产品质量与安全,ai,True,<泛类型>,《棉服装》属纺织品质量标准规范。,产品质量,(6-7) 泛型法条被AI分为具体分类'产品质量与安全'，应删除 | 原标记: <泛类型> | 法条: 《棉服装》
《棉花加工企业基本技术条件》,产品质量与安全,ai,True,<泛类型>,涉及棉花加工企业产品质量技术标准。,产品质量,(6-7) 泛型法条被AI分为具体分类'产品质量与安全'，应删除 | 原标记: <泛类型> | 法条: 《棉花加工企业基本技术条件》
《棉花质量监督管理条例》第七条第三款规定：“第七条,产品质量与安全,ai,True,<泛类型>,棉花质量监督管理，属产品质量。,产品质量,(6-7) 泛型法条被AI分为具体分类'产品质量与安全'，应删除 | 原标记: <泛类型> | 法条: 《棉花质量监督管理条例》第七条第三款规定：“第七条
《棉花质量监督管理条例》第七条第二款,产品质量与安全,ai,True,<泛类型>,规范棉花质量监督管理与检验。,产品质量,(6-7) 泛型法条被AI分为具体分类'产品质量与安全'，应删除 | 原标记: <泛类型> | 法条: 《棉花质量监督管理条例》第七条第二款
《棉花质量监督管理条例》第七条第二款之规定：“第七条,产品质量与安全,ai,True,<泛类型>,棉花质量监督管理，本质属产品质量监管。,产品质量,(6-7) 泛型法条被AI分为具体分类'产品质量与安全'，应删除 | 原标记: <泛类型> | 法条: 《棉花质量监督管理条例》第七条第二款之规定：“第七条
《棉花质量监督管理条例》第二十五条第一款,产品质量与安全,ai,True,<泛类型>,棉花质量监督管理，属产品质量监管。,产品质量,(6-7) 泛型法条被AI分为具体分类'产品质量与安全'，应删除 | 原标记: <泛类型> | 法条: 《棉花质量监督管理条例》第二十五条第一款
《棉花质量监督管理条例》第二十四条,产品质量与安全,ai,True,<泛类型>,属棉花质量监督管理，典型产品质量。,产品质量,(6-7) 泛型法条被AI分为具体分类'产品质量与安全'，应删除 | 原标记: <泛类型> | 法条: 《棉花质量监督管理条例》第二十四条
《棉花质量监督管理条例》第二十四条第一款“棉花经营者收购棉花,产品质量与安全,ai,True,<泛类型>,棉花质量监督管理条例，属产品质量。,产品质量,(6-7) 泛型法条被AI分为具体分类'产品质量与安全'，应删除 | 原标记: <泛类型> | 法条: 《棉花质量监督管理条例》第二十四条第一款“棉花经营者收购棉花
《棉花质量监督管理条例》第八条第一款之规定：“第八条,产品质量与安全,ai,True,<泛类型>,棉花质量监督管理，属产品质量监管。,产品质量,(6-7) 泛型法条被AI分为具体分类'产品质量与安全'，应删除 | 原标记: <泛类型> | 法条: 《棉花质量监督管理条例》第八条第一款之规定：“第八条
《棉花质量监督行政处罚裁量基准》第五条第三款第五项,产品质量与安全,ai,True,<泛类型>,《棉花质量监督》规范棉花产品质量。,产品质量,(6-7) 泛型法条被AI分为具体分类'产品质量与安全'，应删除 | 原标记: <泛类型> | 法条: 《棉花质量监督行政处罚裁量基准》第五条第三款第五项
《棉花质量监督行政处罚裁量基准》第五条第二款第一项,产品质量与安全,ai,True,<泛类型>,棉花质量监督性质属产品质量监管。,产品质量,(6-7) 泛型法条被AI分为具体分类'产品质量与安全'，应删除 | 原标记: <泛类型> | 法条: 《棉花质量监督行政处罚裁量基准》第五条第二款第一项
《棉花质量监督行政处罚裁量基准》第六条第三款第一项,产品质量与安全,ai,True,<泛类型>,棉花质量监督本质属产品质量监管。,产品质量,(6-7) 泛型法条被AI分为具体分类'产品质量与安全'，应删除 | 原标记: <泛类型> | 法条: 《棉花质量监督行政处罚裁量基准》第六条第三款第一项
《植物检疫证书(出省)》,海关/进出口,ai,True,<泛类型>,涉及出省植物检疫证明文件管理。,海关/进出口,(6-7) 泛型法条被AI分为具体分类'海关/进出口'，应删除 | 原标记: <泛类型> | 法条: 《植物检疫证书(出省)》
《植物检疫证书》,海关/进出口,ai,True,<泛类型>,植物检疫证书用于进出口检疫管理。,海关/进出口,(6-7) 泛型法条被AI分为具体分类'海关/进出口'，应删除 | 原标记: <泛类型> | 法条: 《植物检疫证书》
《植物蛋白饮料 杏仁露》,产品质量与安全,ai,True,<泛类型>,《植物蛋白饮料 杏仁露》属食品标准。,食品药品,(6-7) 泛型法条被AI分为具体分类'产品质量与安全'，应删除 | 原标记: <泛类型> | 法条: 《植物蛋白饮料 杏仁露》
《楚天都市报》,公共文化与传媒,ai,True,<泛类型>,报纸媒体名称，属新闻传媒领域。,公共文化与传媒,(6-7) 泛型法条被AI分为具体分类'公共文化与传媒'，应删除 | 原标记: <泛类型> | 法条: 《楚天都市报》
《楼宇认购书》,建设工程与房地产,ai,True,<泛类型>,《楼宇认购书》系房屋预售合同文件。,房地产/土地,(6-7) 泛型法条被AI分为具体分类'建设工程与房地产'，应删除 | 原标记: <泛类型> | 法条: 《楼宇认购书》
《榆中县住房和城乡建设系统做好“六稳”工作落实“六保”任务实施方案》,建设工程与房地产,ai,True,<泛类型>,住建系统方案，属建设领域管理。,建设工程,(6-7) 泛型法条被AI分为具体分类'建设工程与房地产'，应删除 | 原标记: <泛类型> | 法条: 《榆中县住房和城乡建设系统做好“六稳”工作落实“六保”任务实施方案》
《欺诈消费者处罚办法》第三条第九款,市场秩序与竞争监管,ai,True,<泛类型>,规范欺诈消费者行为，属消费秩序。,消费者权益/市场秩序,(6-7) 泛型法条被AI分为具体分类'市场秩序与竞争监管'，应删除 | 原标记: <泛类型> | 法条: 《欺诈消费者处罚办法》第三条第九款
《武威市工商行政管理局关于要求部分企业确认开展经营活动的公告》,市场主体与登记治理,ai,True,<泛类型>,公告要求企业确认是否开展经营活动。,未开业/自行停业,(6-7) 泛型法条被AI分为具体分类'市场主体与登记治理'，应删除 | 原标记: <泛类型> | 法条: 《武威市工商行政管理局关于要求部分企业确认开展经营活动的公告》
《武汉市公共场所禁止吸烟暂行规定》第五条第四项,*公共场所控烟*,ai,True,<泛类型>,依据公共场所禁止吸烟管理规定。,*公共场所控烟*,(6-6) AI分类含星号'*公共场所控烟*'，分类不确定 | 法条: 《武汉市公共场所禁止吸烟暂行规定》第五条第四项
《武汉市城市管理行政执法行政处罚自由裁量权量》,其他,ai,True,<泛类型>,仅给出裁量权规章名称，无法细分。,其他违法行为,(6-5) 程序性 | 匹配模式: '行政处罚自由裁量权' | 法条: 《武汉市城市管理行政执法行政处罚自由裁量权量》
《武汉市城市管理行政执法行政处罚自由裁量权量化细化基准表》,其他,ai,True,<泛类型>,仅有基准表名称，无法细分判断。,其他违法行为,(6-5) 程序性 | 匹配模式: '行政处罚自由裁量权' | 法条: 《武汉市城市管理行政执法行政处罚自由裁量权量化细化基准表》
《武汉市城市综合管理条例》第七十一条第一款,*城市市容管理*,ai,True,<泛类型>,依据城市综合管理条例市容环境规定。,*城市市容管理*,(6-6) AI分类含星号'*城市市容管理*'，分类不确定 | 法条: 《武汉市城市综合管理条例》第七十一条第一款
《武汉市城市规划条例》,建设工程与房地产,ai,True,<泛类型>,《城市规划条例》属建设管理领域。,建设工程,(6-7) 泛型法条被AI分为具体分类'建设工程与房地产'，应删除 | 原标记: <泛类型> | 法条: 《武汉市城市规划条例》
《武汉市工商局正确行使行政处罚自由裁量权以及推行三步式执法程序暂行规定》第15条：“行政罚款,其他,ai,True,<泛类型>,条文内容严重不完整，无法判断。,其他违法行为,(6-5) 程序性 | 匹配模式: '行政处罚自由裁量权' | 法条: 《武汉市工商局正确行使行政处罚自由裁量权以及推行三步式执法程序暂行规定》第15条：“行政罚款
《武汉市工商局行政处罚自由裁量权细化标准(试行)》,其他,ai,True,<泛类型>,仅给出标准名称，无具体条款内容。,其他违法行为,(6-5) 程序性 | 匹配模式: '行政处罚自由裁量权' | 法条: 《武汉市工商局行政处罚自由裁量权细化标准(试行)》
《武汉市工商局行政处罚自由裁量权细化标准（试行）》,市场秩序与竞争监管,ai,True,<泛类型>,工商局处罚标准，多涉市场监管秩序。,消费者权益/市场秩序,(6-5) 程序性 | 匹配模式: '行政处罚自由裁量权' | 法条: 《武汉市工商局行政处罚自由裁量权细化标准（试行）》
《武汉市工商行政管理局正确行使行政处罚自由裁量权以及推行三步式执法程序暂行规定》第十三条第（二）项,其他,ai,True,<泛类型>,仅提供条款序号无法判断具体类型。,其他违法行为,(6-5) 程序性 | 匹配模式: '行政处罚自由裁量权' | 法条: 《武汉市工商行政管理局正确行使行政处罚自由裁量权以及推行三步式执法程序暂行规定》第十三条第（二）项
《武汉市市场监督管理行政处罚裁量权适用规则》,市场秩序与竞争监管,ai,True,<泛类型>,市场监管综合规范处罚裁量权。,消费者权益/市场秩序,(6-5) 程序性 | 匹配模式: '行政处罚裁量权' | 法条: 《武汉市市场监督管理行政处罚裁量权适用规则》
《武汉晚报》,公共文化与传媒,ai,True,<泛类型>,《武汉晚报》为报纸媒体，属传媒领域。,公共文化与传媒,(6-7) 泛型法条被AI分为具体分类'公共文化与传媒'，应删除 | 原标记: <泛类型> | 法条: 《武汉晚报》
《武汉晨报》,公共文化与传媒,ai,True,<泛类型>,《武汉晨报》属报刊媒体领域。,公共文化与传媒,(6-7) 泛型法条被AI分为具体分类'公共文化与传媒'，应删除 | 原标记: <泛类型> | 法条: 《武汉晨报》
《武汉武商集团股份有限公司武商广场购物中心专柜合同书》,市场秩序与竞争监管,ai,True,<泛类型>,商场专柜合同纠纷属市场经营秩序。,消费者权益/市场秩序,(6-7) 泛型法条被AI分为具体分类'市场秩序与竞争监管'，应删除 | 原标记: <泛类型> | 法条: 《武汉武商集团股份有限公司武商广场购物中心专柜合同书》
《武汉龙井山泉饮品有限公司股权整体转让协议》,*股权转让/公司治理*,ai,True,<泛类型>,仅涉股权整体转让协议内容。,*股权转让/公司治理*,(6-6) AI分类含星号'*股权转让/公司治理*'，分类不确定 | 法条: 《武汉龙井山泉饮品有限公司股权整体转让协议》
《每日商报》,公共文化与传媒,ai,True,<泛类型>,《每日商报》属于新闻传媒领域。,公共文化与传媒,(6-7) 泛型法条被AI分为具体分类'公共文化与传媒'，应删除 | 原标记: <泛类型> | 法条: 《每日商报》
《毕节市市场监督管理局检验结果告知书》,产品质量与安全,ai,True,<泛类型>,检验结果告知书多针对产品质量问题。,产品质量,(6-7) 泛型法条被AI分为具体分类'产品质量与安全'，应删除 | 原标记: <泛类型> | 法条: 《毕节市市场监督管理局检验结果告知书》
《民用建筑热工设计规范》,建设工程与房地产,ai,True,<泛类型>,建筑设计规范内容，属工程建设领域。,建设工程,(6-7) 泛型法条被AI分为具体分类'建设工程与房地产'，应删除 | 原标记: <泛类型> | 法条: 《民用建筑热工设计规范》
《民用建筑热工设计规范》第4.1.1条,建设工程与房地产,ai,True,<泛类型>,建筑热工设计规范属建设工程领域。,建设工程,(6-7) 泛型法条被AI分为具体分类'建设工程与房地产'，应删除 | 原标记: <泛类型> | 法条: 《民用建筑热工设计规范》第4.1.1条
《民用建筑电器设计标准(GB51348-2019)第8.2.2条之规定,建设工程与房地产,ai,True,<泛类型>,建筑电气设计标准规范属建设工程。,建设工程,(6-7) 泛型法条被AI分为具体分类'建设工程与房地产'，应删除 | 原标记: <泛类型> | 法条: 《民用建筑电器设计标准(GB51348-2019)第8.2.2条之规定
《民用建筑电气设计标准》,建设工程与房地产,ai,True,<泛类型>,建筑电气设计标准属工程建设领域。,建设工程,(6-7) 泛型法条被AI分为具体分类'建设工程与房地产'，应删除 | 原标记: <泛类型> | 法条: 《民用建筑电气设计标准》
《民用建筑电气设计标准》第8.2.2.2条,建筑使用安全,ai,True,<泛类型>,民用建筑电气设计直接关系建筑安全。,建筑使用安全,(6-7) 泛型法条被AI分为具体分类'建筑使用安全'，应删除 | 原标记: <泛类型> | 法条: 《民用建筑电气设计标准》第8.2.2.2条
《民用建筑电气设计标准》第8.2.2条,建筑使用安全,ai,True,<泛类型>,民用建筑电气设计直接关系建筑安全。,建筑使用安全,(6-7) 泛型法条被AI分为具体分类'建筑使用安全'，应删除 | 原标记: <泛类型> | 法条: 《民用建筑电气设计标准》第8.2.2条
《民用建筑节能条例》,建设工程与房地产,ai,True,<泛类型>,《民用建筑节能条例》属建筑工程管理。,建设工程,(6-7) 泛型法条被AI分为具体分类'建设工程与房地产'，应删除 | 原标记: <泛类型> | 法条: 《民用建筑节能条例》
《民用建筑节能条例》第15条,建设工程与房地产,ai,True,<泛类型>,规范民用建筑节能设计施工管理。,建设工程,(6-7) 泛型法条被AI分为具体分类'建设工程与房地产'，应删除 | 原标记: <泛类型> | 法条: 《民用建筑节能条例》第15条
《民用建筑节能条例》第十六条,建设工程与房地产,ai,True,<泛类型>,规范建筑节能施工、验收等工程行为。,建设工程,(6-7) 泛型法条被AI分为具体分类'建设工程与房地产'，应删除 | 原标记: <泛类型> | 法条: 《民用建筑节能条例》第十六条
《民用建筑节能条例》第十六条第一款,建设工程与房地产,ai,True,<泛类型>,民用建筑节能属建设工程管理内容。,建设工程,(6-7) 泛型法条被AI分为具体分类'建设工程与房地产'，应删除 | 原标记: <泛类型> | 法条: 《民用建筑节能条例》第十六条第一款
《民用建筑节能条例》第四十一条第(二)项“?违反本条,建设工程与房地产,ai,True,<泛类型>,民用建筑节能规范，属建设工程领域。,建设工程,(6-7) 泛型法条被AI分为具体分类'建设工程与房地产'，应删除 | 原标记: <泛类型> | 法条: 《民用建筑节能条例》第四十一条第(二)项“?违反本条
《民用建筑节能条例》第四十条,建设工程与房地产,ai,True,<泛类型>,民用建筑节能要求属建设工程管理。,建设工程,(6-7) 泛型法条被AI分为具体分类'建设工程与房地产'，应删除 | 原标记: <泛类型> | 法条: 《民用建筑节能条例》第四十条
《民用建筑节能条例》第四十条和,建设工程与房地产,ai,True,<泛类型>,依据建筑节能条例，属建设领域管理。,建设工程,(6-7) 泛型法条被AI分为具体分类'建设工程与房地产'，应删除 | 原标记: <泛类型> | 法条: 《民用建筑节能条例》第四十条和
《民用建筑设计统一标准》,建设工程与房地产,ai,True,<泛类型>,涉及民用建筑设计标准规范。,建设工程,(6-7) 泛型法条被AI分为具体分类'建设工程与房地产'，应删除 | 原标记: <泛类型> | 法条: 《民用建筑设计统一标准》
《民用建筑设计统一标准》第6.8.6条,建设工程与房地产,ai,True,<泛类型>,《民用建筑设计统一标准》属工程设计规范。,建设工程,(6-7) 泛型法条被AI分为具体分类'建设工程与房地产'，应删除 | 原标记: <泛类型> | 法条: 《民用建筑设计统一标准》第6.8.6条
《气体灭火系统设计规范》,消防安全,ai,True,<泛类型>,气体灭火系统规范属消防领域。,消防安全,(6-7) 泛型法条被AI分为具体分类'消防安全'，应删除 | 原标记: <泛类型> | 法条: 《气体灭火系统设计规范》
《气瓶充装前、后检查及充装记录》,安全生产,ai,True,<泛类型>,气瓶属特种设备安全管理。,特种设备,(6-7) 泛型法条被AI分为具体分类'安全生产'，应删除 | 原标记: <泛类型> | 法条: 《气瓶充装前、后检查及充装记录》
《气瓶水压试验方法》,安全生产,ai,True,<泛类型>,气瓶属特种设备，涉及检测检验。,特种设备,(6-7) 泛型法条被AI分为具体分类'安全生产'，应删除 | 原标记: <泛类型> | 法条: 《气瓶水压试验方法》
《氧气站设计规范》,安全生产,ai,True,<泛类型>,氧气站属危险化学品安全管理范围。,安全生产/危化品,(6-7) 泛型法条被AI分为具体分类'安全生产'，应删除 | 原标记: <泛类型> | 法条: 《氧气站设计规范》
《氮气瓶充装记录》,安全生产,ai,True,<泛类型>,氮气瓶属气瓶类特种设备管理。,特种设备,(6-7) 泛型法条被AI分为具体分类'安全生产'，应删除 | 原标记: <泛类型> | 法条: 《氮气瓶充装记录》
《水事违法案件现场勘查笔录》,环境保护,ai,True,<泛类型>,水事违法案件，属水资源管理。,水资源,(6-7) 泛型法条被AI分为具体分类'环境保护'，应删除 | 原标记: <泛类型> | 法条: 《水事违法案件现场勘查笔录》
《水事违法案件调查(询问)笔录》,环境保护,ai,True,<泛类型>,《水事违法案件调查(询问)笔录》专指水事违法。,水资源,(6-7) 泛型法条被AI分为具体分类'环境保护'，应删除 | 原标记: <泛类型> | 法条: 《水事违法案件调查(询问)笔录》
《水事违法案件调查（询问）笔录》,环境保护,ai,True,<泛类型>,水事违法案件，属水资源管理。,水资源,(6-7) 泛型法条被AI分为具体分类'环境保护'，应删除 | 原标记: <泛类型> | 法条: 《水事违法案件调查（询问）笔录》
《水处理设备运行及汽水品质化验记录》,安全生产,ai,True,<泛类型>,涉及设备运行记录，属安全管理。,安全生产,(6-7) 泛型法条被AI分为具体分类'安全生产'，应删除 | 原标记: <泛类型> | 法条: 《水处理设备运行及汽水品质化验记录》
《水性涂料》,产品质量与安全,ai,True,<泛类型>,《水性涂料》为产品质量标准规范。,产品质量,(6-7) 泛型法条被AI分为具体分类'产品质量与安全'，应删除 | 原标记: <泛类型> | 法条: 《水性涂料》
《水法》,环境保护,ai,True,<泛类型>,依据《水法》属水资源管理范畴。,水资源,(6-7) 泛型法条被AI分为具体分类'环境保护'，应删除 | 原标记: <泛类型> | 法条: 《水法》
《水泥包装袋》,产品质量与安全,ai,True,<泛类型>,涉及水泥包装袋产品标准质量。,产品质量,(6-7) 泛型法条被AI分为具体分类'产品质量与安全'，应删除 | 原标记: <泛类型> | 法条: 《水泥包装袋》
《水泥取样方法》,产品质量与安全,ai,True,<泛类型>,水泥取样方法属产品质量标准。,产品质量,(6-7) 泛型法条被AI分为具体分类'产品质量与安全'，应删除 | 原标记: <泛类型> | 法条: 《水泥取样方法》
《水泥成本表》,市场秩序与竞争监管,ai,True,<泛类型>,《水泥成本表》涉及价格成本管理。,价格/收费,(6-7) 泛型法条被AI分为具体分类'市场秩序与竞争监管'，应删除 | 原标记: <泛类型> | 法条: 《水泥成本表》
《水泥胶砂强度破型原始记录》,产品质量与安全,ai,True,<泛类型>,水泥强度记录，涉及产品质量。,产品质量,(6-7) 泛型法条被AI分为具体分类'产品质量与安全'，应删除 | 原标记: <泛类型> | 法条: 《水泥胶砂强度破型原始记录》
《水磨糯米粉》,产品质量与安全,ai,True,<泛类型>,食品名称标准规范，推定食品领域。,食品药品,(6-7) 泛型法条被AI分为具体分类'产品质量与安全'，应删除 | 原标记: <泛类型> | 法条: 《水磨糯米粉》
《水行政许可实施办法》第十七条规定,环境保护,ai,True,<泛类型>,《水行政许可实施办法》属水资源管理。,水资源,(6-7) 泛型法条被AI分为具体分类'环境保护'，应删除 | 原标记: <泛类型> | 法条: 《水行政许可实施办法》第十七条规定
《水表明细表》,计量/器具,ai,True,<泛类型>,《水表明细表》属计量器具管理。,计量/器具,(6-7) 泛型法条被AI分为具体分类'计量/器具'，应删除 | 原标记: <泛类型> | 法条: 《水表明细表》
《水费单据》,市场秩序与竞争监管,ai,True,<泛类型>,水费收取票据管理，属收费问题。,价格/收费,(6-7) 泛型法条被AI分为具体分类'市场秩序与竞争监管'，应删除 | 原标记: <泛类型> | 法条: 《水费单据》
《水费通知单》,市场秩序与竞争监管,ai,True,<泛类型>,《水费通知单》涉及水费收费问题。,价格/收费,(6-7) 泛型法条被AI分为具体分类'市场秩序与竞争监管'，应删除 | 原标记: <泛类型> | 法条: 《水费通知单》
《汉中日报》,公共文化与传媒,ai,True,<泛类型>,《汉中日报》系报刊媒体领域相关。,公共文化与传媒,(6-7) 泛型法条被AI分为具体分类'公共文化与传媒'，应删除 | 原标记: <泛类型> | 法条: 《汉中日报》
《汕头市规范行政处罚裁量权规定》第十七条的规定：“法律、法规、规章设定的罚款,其他,ai,True,<泛类型>,条文内容残缺，无法确定具体领域。,其他违法行为,(6-5) 程序性 | 匹配模式: '行政处罚裁量权' | 法条: 《汕头市规范行政处罚裁量权规定》第十七条的规定：“法律、法规、规章设定的罚款
《汕头市规范行政处罚裁量权规定》第十三条,其他,ai,True,<泛类型>,仅条文编号无内容，无法判断。,其他违法行为,(6-5) 程序性 | 匹配模式: '行政处罚裁量权' | 法条: 《汕头市规范行政处罚裁量权规定》第十三条
《汕头市规范行政处罚裁量权规定》第十二条第(二)项,其他,ai,True,<泛类型>,仅给出条款编号，无法对应领域。,其他违法行为,(6-5) 程序性 | 匹配模式: '行政处罚裁量权' | 法条: 《汕头市规范行政处罚裁量权规定》第十二条第(二)项
《汕头市规范行政处罚裁量权规定》第十二条第（四）项,其他,ai,True,<泛类型>,仅给出条款编号，无法判断具体领域。,其他违法行为,(6-5) 程序性 | 匹配模式: '行政处罚裁量权' | 法条: 《汕头市规范行政处罚裁量权规定》第十二条第（四）项
《汕头市规范行政处罚裁量权规定》第十五条、第十六条第（一）项,其他,ai,True,<泛类型>,仅为裁量规定本身，无法对应具体门类。,其他违法行为,(6-5) 程序性 | 匹配模式: '行政处罚裁量权' | 法条: 《汕头市规范行政处罚裁量权规定》第十五条、第十六条第（一）项
《汕头市规范行政处罚裁量权规定》第十五条、第十六条第（二）项,其他,ai,True,<泛类型>,仅见裁量规定，无法对应具体领域。,其他违法行为,(6-5) 程序性 | 匹配模式: '行政处罚裁量权' | 法条: 《汕头市规范行政处罚裁量权规定》第十五条、第十六条第（二）项
《汕头市规范行政处罚裁量权规定》第十八条第（二）项,其他,ai,True,<泛类型>,仅给出条款序号，无法判断具体领域。,其他违法行为,(6-5) 程序性 | 匹配模式: '行政处罚裁量权' | 法条: 《汕头市规范行政处罚裁量权规定》第十八条第（二）项
《汕头市规范行政处罚裁量权规定》第十六条,其他,ai,True,<泛类型>,仅有条号无内容，无法细分。,其他违法行为,(6-5) 程序性 | 匹配模式: '行政处罚裁量权' | 法条: 《汕头市规范行政处罚裁量权规定》第十六条
《汕头日报》,公共文化与传媒,ai,True,<泛类型>,报纸媒体出版管理领域相关。,公共文化与传媒,(6-7) 泛型法条被AI分为具体分类'公共文化与传媒'，应删除 | 原标记: <泛类型> | 法条: 《汕头日报》
《江南新里程7栋西梯现场勘验调查报告》,建筑使用安全,ai,True,<泛类型>,现场勘验报告指向房屋使用安全问题。,建筑使用安全,(6-7) 泛型法条被AI分为具体分类'建筑使用安全'，应删除 | 原标记: <泛类型> | 法条: 《江南新里程7栋西梯现场勘验调查报告》
《江南红您的绿色健康饮食之源》,市场秩序与竞争监管,ai,True,<泛类型>,“绿色健康饮食之源”涉嫌宣传用语。,虚假广告/虚假宣传,(6-7) 泛型法条被AI分为具体分类'市场秩序与竞争监管'，应删除 | 原标记: <泛类型> | 法条: 《江南红您的绿色健康饮食之源》
《江宁区城乡建设局行政处罚自由裁量权实施细则》第八条,建设工程与房地产,ai,True,<泛类型>,城乡建设局处罚细则，指向建设工程监管。,建设工程,(6-5) 程序性 | 匹配模式: '行政处罚自由裁量权' | 法条: 《江宁区城乡建设局行政处罚自由裁量权实施细则》第八条
《江津日报》,公共文化与传媒,ai,True,<泛类型>,《江津日报》属新闻传媒领域。,公共文化与传媒,(6-7) 泛型法条被AI分为具体分类'公共文化与传媒'，应删除 | 原标记: <泛类型> | 法条: 《江津日报》
《江淮和悦VS比亚迪》,侵犯商标/知识产权,ai,True,<泛类型>,汽车品牌纠纷，涉嫌知识产权问题。,侵犯商标/知识产权,(6-7) 泛型法条被AI分为具体分类'侵犯商标/知识产权'，应删除 | 原标记: <泛类型> | 法条: 《江淮和悦VS比亚迪》
《江苏市场监督管理行政处罚裁量权适用规则(试行)》第十四条第(一)项,其他,ai,True,<泛类型>,仅列条款标题，未见具体内容。,其他违法行为,(6-5) 程序性 | 匹配模式: '行政处罚裁量权' | 法条: 《江苏市场监督管理行政处罚裁量权适用规则(试行)》第十四条第(一)项
《江苏省企业事业单位内部治安保卫条例》第三十三条,治安管理,ai,True,<泛类型>,规范单位内部治安保卫责任与措施。,治安管理,(6-7) 泛型法条被AI分为具体分类'治安管理'，应删除 | 原标记: <泛类型> | 法条: 《江苏省企业事业单位内部治安保卫条例》第三十三条
《江苏省企业事业单位内部治安保卫条例》第三十三条之规定,治安管理,ai,True,<泛类型>,依据内部治安保卫条例，属治安管理。,治安管理,(6-7) 泛型法条被AI分为具体分类'治安管理'，应删除 | 原标记: <泛类型> | 法条: 《江苏省企业事业单位内部治安保卫条例》第三十三条之规定
《江苏省企业事业单位内部治安保卫条例》第三十二条第一项,治安管理,ai,True,<泛类型>,内部治安保卫条例，属治安管理。,治安管理,(6-7) 泛型法条被AI分为具体分类'治安管理'，应删除 | 原标记: <泛类型> | 法条: 《江苏省企业事业单位内部治安保卫条例》第三十二条第一项
《江苏省企业事业单位内部治安保卫条例》第十二条,治安管理,ai,True,<泛类型>,属单位内部治安保卫管理事项。,治安管理,(6-7) 泛型法条被AI分为具体分类'治安管理'，应删除 | 原标记: <泛类型> | 法条: 《江苏省企业事业单位内部治安保卫条例》第十二条
《江苏省企业事业单位内部治安保卫条例》第十二条第一款及第三十二条第(一)项,治安管理,ai,True,<泛类型>,依据内部治安保卫条例，属治安管理类。,治安管理,(6-7) 泛型法条被AI分为具体分类'治安管理'，应删除 | 原标记: <泛类型> | 法条: 《江苏省企业事业单位内部治安保卫条例》第十二条第一款及第三十二条第(一)项
《江苏省住房和城乡建设系统失信行为管理和惩戒办法(试行)》,建设工程与房地产,ai,True,<泛类型>,住建系统管理办法，针对建设活动。,建设工程,(6-7) 泛型法条被AI分为具体分类'建设工程与房地产'，应删除 | 原标记: <泛类型> | 法条: 《江苏省住房和城乡建设系统失信行为管理和惩戒办法(试行)》
《江苏省住房和城乡建设系统失信行为管理和惩戒办法（试行）》,建设工程与房地产,ai,True,<泛类型>,住建系统失信管理，属工程领域。,建设工程,(6-7) 泛型法条被AI分为具体分类'建设工程与房地产'，应删除 | 原标记: <泛类型> | 法条: 《江苏省住房和城乡建设系统失信行为管理和惩戒办法（试行）》
《江苏省住房和城乡建设系统行政处罚裁量基准》,建设工程与房地产,ai,True,<泛类型>,住建系统处罚基准，属工程管理。,建设工程,(6-7) 泛型法条被AI分为具体分类'建设工程与房地产'，应删除 | 原标记: <泛类型> | 法条: 《江苏省住房和城乡建设系统行政处罚裁量基准》
《江苏省公路条例》第七十二条第一款,交通运输,ai,True,<泛类型>,依据《江苏省公路条例》，属公路管理领域。,交通运输违规,(6-7) 泛型法条被AI分为具体分类'交通运输'，应删除 | 原标记: <泛类型> | 法条: 《江苏省公路条例》第七十二条第一款
《江苏省公路条例》第五十二条第一款,交通运输,ai,True,<泛类型>,属地方公路管理规定，典型交通运输领域。,交通运输违规,(6-7) 泛型法条被AI分为具体分类'交通运输'，应删除 | 原标记: <泛类型> | 法条: 《江苏省公路条例》第五十二条第一款
《江苏省卫生系统规范卫生行政处罚自由裁量权指导意见（试行）》第九条、第十二条,卫生健康,ai,True,<泛类型>,依据卫生系统处罚自由裁量指导意见。,医疗卫生,(6-5) 程序性 | 匹配模式: '行政处罚自由裁量权' | 法条: 《江苏省卫生系统规范卫生行政处罚自由裁量权指导意见（试行）》第九条、第十二条
《江苏省市场监督管理行政处罚裁量权适用规则(试行)》第十三条,其他,ai,True,<泛类型>,仅有条款序号，无具体违法内容。,其他违法行为,(6-5) 程序性 | 匹配模式: '行政处罚裁量权' | 法条: 《江苏省市场监督管理行政处罚裁量权适用规则(试行)》第十三条
《江苏省市场监督管理行政处罚裁量权适用规则》第十三条第三项,其他,ai,True,<泛类型>,仅给出条款序号，无法判断内容。,其他违法行为,(6-5) 程序性 | 匹配模式: '行政处罚裁量权' | 法条: 《江苏省市场监督管理行政处罚裁量权适用规则》第十三条第三项
《江苏省市场监督管理行政处罚裁量权适用规则（试行）》第十三条,其他,ai,True,<泛类型>,仅给出条文标题，无法判断具体类别。,其他违法行为,(6-5) 程序性 | 匹配模式: '行政处罚裁量权' | 法条: 《江苏省市场监督管理行政处罚裁量权适用规则（试行）》第十三条
《江苏省市场监督管理行政处罚裁量权适用规定》第十二条第(三)项,其他,ai,True,<泛类型>,仅给出条款序号，无法判断具体领域。,其他违法行为,(6-5) 程序性 | 匹配模式: '行政处罚裁量权' | 法条: 《江苏省市场监督管理行政处罚裁量权适用规定》第十二条第(三)项
《江苏省禁毒条例》第二十一条、第五十三条之规定,治安管理,ai,True,<泛类型>,禁毒条例属社会治安与管控范畴。,治安管理,(6-7) 泛型法条被AI分为具体分类'治安管理'，应删除 | 原标记: <泛类型> | 法条: 《江苏省禁毒条例》第二十一条、第五十三条之规定
《江西省公安行政处罚自由裁量权细化标准》第五十八条第二款,治安管理,ai,True,<泛类型>,公安行政处罚事项，属治安管理。,治安管理,(6-5) 程序性 | 匹配模式: '行政处罚自由裁量权' | 法条: 《江西省公安行政处罚自由裁量权细化标准》第五十八条第二款
《江西省工商行政管理局转发国家市监总局关于做好2018年度年报公示工作的通知（赣市监办发[2019]2号）》,市场主体与登记治理,ai,True,<泛类型>,与企业年度报告公示工作直接相关。,企业信息公示,(6-7) 泛型法条被AI分为具体分类'市场主体与登记治理'，应删除 | 原标记: <泛类型> | 法条: 《江西省工商行政管理局转发国家市监总局关于做好2018年度年报公示工作的通知（赣市监办发[2019]...
《江西省市场监督管理行政处罚裁量权参照执行标准(试行2021年本)》第五编第二条第二款第二项,市场秩序与竞争监管,ai,True,<泛类型>,第五编多为规范市场主体经营秩序。,消费者权益/市场秩序,(6-5) 程序性 | 匹配模式: '行政处罚裁量权' | 法条: 《江西省市场监督管理行政处罚裁量权参照执行标准(试行2021年本)》第五编第二条第二款第二项
《江西省市场监督管理行政处罚裁量权参照执行标准（2022年本）》第六编第十六条“裁量基准”第二项,市场秩序与竞争监管,ai,True,<泛类型>,该条属价格违法裁量标准规范。,价格/收费,(6-5) 程序性 | 匹配模式: '行政处罚裁量权' | 法条: 《江西省市场监督管理行政处罚裁量权参照执行标准（2022年本）》第六编第十六条“裁量基准”第二项
《江西省市场监督管理行政处罚裁量权参照执行标准（试行 2021年本）》第六编第十六条第（一）项,产品质量与安全,ai,True,<泛类型>,属于食品药品安全监管裁量标准。,食品药品,(6-5) 程序性 | 匹配模式: '行政处罚裁量权' | 法条: 《江西省市场监督管理行政处罚裁量权参照执行标准（试行 2021年本）》第六编第十六条第（一）项
《江西省市场监督管理行政处罚裁量权参照执行标准（试行2021年本）》第七编第十五条第（一）项,产品质量与安全,ai,True,<泛类型>,第七编通常规范食品药品领域。,食品药品,(6-5) 程序性 | 匹配模式: '行政处罚裁量权' | 法条: 《江西省市场监督管理行政处罚裁量权参照执行标准（试行2021年本）》第七编第十五条第（一）项
《江西省市场监督管理行政处罚裁量权适用规则(试行)》第十三条:第二款“主动消除或者减轻违法行为危害后果的”第十四条:第七款,其他,ai,True,<泛类型>,《规则》为程序性规范，未涉具体领域。,其他违法行为,(6-5) 程序性 | 匹配模式: '行政处罚裁量权' | 法条: 《江西省市场监督管理行政处罚裁量权适用规则(试行)》第十三条:第二款“主动消除或者减轻违法行为危害后...
《江西省市场监督管理行政处罚裁量权适用规则》,市场秩序与竞争监管,ai,True,<泛类型>,市场监督管理总则性裁量规则，属市管。,消费者权益/市场秩序,(6-5) 程序性 | 匹配模式: '行政处罚裁量权' | 法条: 《江西省市场监督管理行政处罚裁量权适用规则》
《江西省市场监督管理行政处罚裁量权适用规则》第十四条第一项、第十一条第四款,其他,ai,True,<泛类型>,仅给出规则条款序号，无法判断具体类型。,其他违法行为,(6-5) 程序性 | 匹配模式: '行政处罚裁量权' | 法条: 《江西省市场监督管理行政处罚裁量权适用规则》第十四条第一项、第十一条第四款
《江西省市场监督管理行政处罚裁量权适用规则（试行2021年本）》第二编第十六条,市场秩序与竞争监管,ai,True,<泛类型>,属市场监管综合裁量规则，偏向市场秩序。,消费者权益/市场秩序,(6-5) 程序性 | 匹配模式: '行政处罚裁量权' | 法条: 《江西省市场监督管理行政处罚裁量权适用规则（试行2021年本）》第二编第十六条
《江西省市场监督管理行政处罚裁量权适用规则（试行）》第十五条,其他,ai,True,<泛类型>,仅给出条款标题，无法识别内容。,其他违法行为,(6-5) 程序性 | 匹配模式: '行政处罚裁量权' | 法条: 《江西省市场监督管理行政处罚裁量权适用规则（试行）》第十五条
《江西省市场监督管理行政处罚裁量权适用规则（试行）》第十四条,其他,ai,True,<泛类型>,仅给出条号无具体内容，无法细分。,其他违法行为,(6-5) 程序性 | 匹配模式: '行政处罚裁量权' | 法条: 《江西省市场监督管理行政处罚裁量权适用规则（试行）》第十四条
《江西省建筑管理条例》第三十七条,建设工程与房地产,ai,True,<泛类型>,依据建筑管理条例，属工程建设管理】,建设工程,(6-7) 泛型法条被AI分为具体分类'建设工程与房地产'，应删除 | 原标记: <泛类型> | 法条: 《江西省建筑管理条例》第三十七条
《江西省湿地保护条例》第三十条第一项,环境保护,ai,True,<泛类型>,湿地保护条例内容，本质属环保管理。,环境保护,(6-7) 泛型法条被AI分为具体分类'环境保护'，应删除 | 原标记: <泛类型> | 法条: 《江西省湿地保护条例》第三十条第一项
《江门日报》,公共文化与传媒,ai,True,<泛类型>,《江门日报》为新闻媒体出版机构。,公共文化与传媒,(6-7) 泛型法条被AI分为具体分类'公共文化与传媒'，应删除 | 原标记: <泛类型> | 法条: 《江门日报》
《污泥清运协议书》,环境保护,ai,True,<泛类型>,《污泥清运协议书》涉及污泥处置环保。,环境保护,(6-7) 泛型法条被AI分为具体分类'环境保护'，应删除 | 原标记: <泛类型> | 法条: 《污泥清运协议书》
《汽油发动机油》,产品质量与安全,ai,True,<泛类型>,为润滑油产品质量技术标准相关。,产品质量,(6-7) 泛型法条被AI分为具体分类'产品质量与安全'，应删除 | 原标记: <泛类型> | 法条: 《汽油发动机油》
《汽车、挂车及汽车列车外廓尺寸、轴荷及质量限值》,交通运输,ai,True,<泛类型>,机动车尺寸轴荷质量限值管理，属交通运输。,交通运输违规,(6-7) 泛型法条被AI分为具体分类'交通运输'，应删除 | 原标记: <泛类型> | 法条: 《汽车、挂车及汽车列车外廓尺寸、轴荷及质量限值》
《汽车买卖合同》,消费者权益/市场秩序,ai,True,<泛类型>,《汽车买卖合同》属消费合同纠纷。,消费者权益纠纷,(6-7) 泛型法条被AI分为具体分类'消费者权益/市场秩序'，应删除 | 原标记: <泛类型> | 法条: 《汽车买卖合同》
《汽车买卖意向书》,消费者权益/市场秩序,ai,True,<泛类型>,汽车买卖合同性质，属消费纠纷。,消费者权益纠纷,(6-7) 泛型法条被AI分为具体分类'消费者权益/市场秩序'，应删除 | 原标记: <泛类型> | 法条: 《汽车买卖意向书》
《汽车产品购销合同》,市场秩序与竞争监管,ai,True,<泛类型>,购销合同纠纷属消费交易秩序。,消费者权益/市场秩序,(6-7) 泛型法条被AI分为具体分类'市场秩序与竞争监管'，应删除 | 原标记: <泛类型> | 法条: 《汽车产品购销合同》
《汽车加油加气加氢站技术标准》,安全生产,ai,True,<泛类型>,加油加气加氢站属危险化学品安全管理。,安全生产/危化品,(6-7) 泛型法条被AI分为具体分类'安全生产'，应删除 | 原标记: <泛类型> | 法条: 《汽车加油加气加氢站技术标准》
《汽车品牌销售实施办法》第十三条第一款及第十四条,市场秩序与竞争监管,ai,True,<泛类型>,规范汽车品牌销售行为，维护市场秩序。,消费者权益/市场秩序,(6-7) 泛型法条被AI分为具体分类'市场秩序与竞争监管'，应删除 | 原标记: <泛类型> | 法条: 《汽车品牌销售实施办法》第十三条第一款及第十四条
《汽车品牌销售管理实施办法》,市场秩序与竞争监管,ai,True,<泛类型>,《汽车品牌销售管理实施办法》规范汽车销售市场秩序。,消费者权益/市场秩序,(6-7) 泛型法条被AI分为具体分类'市场秩序与竞争监管'，应删除 | 原标记: <泛类型> | 法条: 《汽车品牌销售管理实施办法》
《汽车品牌销售管理实施办法》第九条、第十五条,市场秩序与竞争监管,ai,True,<泛类型>,规范汽车品牌销售行为，维护市场秩序。,消费者权益/市场秩序,(6-7) 泛型法条被AI分为具体分类'市场秩序与竞争监管'，应删除 | 原标记: <泛类型> | 法条: 《汽车品牌销售管理实施办法》第九条、第十五条
《汽车品牌销售管理实施办法》第九条第一款（二）、（三）项和,市场秩序与竞争监管,ai,True,<泛类型>,汽车品牌销售管理办法属市场销售管理。,消费者权益/市场秩序,(6-7) 泛型法条被AI分为具体分类'市场秩序与竞争监管'，应删除 | 原标记: <泛类型> | 法条: 《汽车品牌销售管理实施办法》第九条第一款（二）、（三）项和
《汽车品牌销售管理实施办法》第二十七条,市场秩序与竞争监管,ai,True,<泛类型>,汽车品牌销售管理规定属市场销售秩序。,消费者权益/市场秩序,(6-7) 泛型法条被AI分为具体分类'市场秩序与竞争监管'，应删除 | 原标记: <泛类型> | 法条: 《汽车品牌销售管理实施办法》第二十七条
《汽车品牌销售管理实施办法》第十条第一款第（二）项及第十四条和,市场秩序与竞争监管,ai,True,<泛类型>,《汽车品牌销售管理办法》属市场秩序管理。,消费者权益/市场秩序,(6-7) 泛型法条被AI分为具体分类'市场秩序与竞争监管'，应删除 | 原标记: <泛类型> | 法条: 《汽车品牌销售管理实施办法》第十条第一款第（二）项及第十四条和
《汽车挂车及汽车列车外廓尺寸轴荷及质量限值》,交通运输,ai,True,<泛类型>,涉及车辆尺寸质量限值管理。,交通运输违规,(6-7) 泛型法条被AI分为具体分类'交通运输'，应删除 | 原标记: <泛类型> | 法条: 《汽车挂车及汽车列车外廓尺寸轴荷及质量限值》
《汽车用制动器衬片》,产品质量与安全,ai,True,<泛类型>,汽车制动器衬片属汽车产品质量规范。,产品质量,(6-7) 泛型法条被AI分为具体分类'产品质量与安全'，应删除 | 原标记: <泛类型> | 法条: 《汽车用制动器衬片》
《汽车租赁证》,交通运输,ai,True,<泛类型>,《汽车租赁证》属道路运输管理。,交通运输违规,(6-7) 泛型法条被AI分为具体分类'交通运输'，应删除 | 原标记: <泛类型> | 法条: 《汽车租赁证》
《汽车销售合同》,消费者权益/市场秩序,ai,True,<泛类型>,汽车销售合同属消费者购车纠纷。,消费者权益纠纷,(6-7) 泛型法条被AI分为具体分类'消费者权益/市场秩序'，应删除 | 原标记: <泛类型> | 法条: 《汽车销售合同》
《汽车销售管理办法》第十条,市场秩序与竞争监管,ai,True,<泛类型>,《汽车销售管理办法》主要规范销售秩序及维权,消费者权益/市场秩序,(6-7) 泛型法条被AI分为具体分类'市场秩序与竞争监管'，应删除 | 原标记: <泛类型> | 法条: 《汽车销售管理办法》第十条
《汽车销售管理办法》第十条、第十八条,市场秩序与竞争监管,ai,True,<泛类型>,汽车销售管理办法规范销售行为秩序。,消费者权益/市场秩序,(6-7) 泛型法条被AI分为具体分类'市场秩序与竞争监管'，应删除 | 原标记: <泛类型> | 法条: 《汽车销售管理办法》第十条、第十八条
《汽车销售管理办法》第十条、第十八条的规定,市场秩序与竞争监管,ai,True,<泛类型>,《汽车销售管理办法》属规范汽车销售市场秩序。,消费者权益/市场秩序,(6-7) 泛型法条被AI分为具体分类'市场秩序与竞争监管'，应删除 | 原标记: <泛类型> | 法条: 《汽车销售管理办法》第十条、第十八条的规定
《沁水县运政管理系统》,交通运输,ai,True,<泛类型>,运政管理系统系道路运输监管事项。,交通运输违规,(6-7) 泛型法条被AI分为具体分类'交通运输'，应删除 | 原标记: <泛类型> | 法条: 《沁水县运政管理系统》
《沃尔玛连锁店有限公司收货细节》,市场秩序与竞争监管,ai,True,<泛类型>,收货细则多涉购销秩序与消费者权益。,消费者权益/市场秩序,(6-7) 泛型法条被AI分为具体分类'市场秩序与竞争监管'，应删除 | 原标记: <泛类型> | 法条: 《沃尔玛连锁店有限公司收货细节》
《沈阳市2022年“空壳”企业清理专项行动实施方案》,市场主体与登记治理,ai,True,<泛类型>,清理“空壳”企业，长期不经营。,未开业/自行停业,(6-7) 泛型法条被AI分为具体分类'市场主体与登记治理'，应删除 | 原标记: <泛类型> | 法条: 《沈阳市2022年“空壳”企业清理专项行动实施方案》
《沈阳市于洪区市场监督管理局检验结果告知书》,产品质量与安全,ai,True,<泛类型>,检验结果告知，多涉产品质量问题。,产品质量,(6-7) 泛型法条被AI分为具体分类'产品质量与安全'，应删除 | 原标记: <泛类型> | 法条: 《沈阳市于洪区市场监督管理局检验结果告知书》
《沈阳市工商行政管理局行政处罚自由裁量权实施办法》第二百三十二条第三款（三）项,市场秩序与竞争监管,ai,True,<泛类型>,工商局裁量办法，多为市场监管类。,消费者权益/市场秩序,(6-5) 程序性 | 匹配模式: '行政处罚自由裁量权' | 法条: 《沈阳市工商行政管理局行政处罚自由裁量权实施办法》第二百三十二条第三款（三）项
《沈阳市故宫、福陵和昭陵保护条例》第十条,文物保护,ai,True,<泛类型>,《故宫福陵昭陵保护条例》属文物保护法规。,文物保护,(6-7) 泛型法条被AI分为具体分类'文物保护'，应删除 | 原标记: <泛类型> | 法条: 《沈阳市故宫、福陵和昭陵保护条例》第十条
《沈阳日报》,公共文化与传媒,ai,True,<泛类型>,涉及报纸传媒领域管理规范。,公共文化与传媒,(6-7) 泛型法条被AI分为具体分类'公共文化与传媒'，应删除 | 原标记: <泛类型> | 法条: 《沈阳日报》
《沈阳机床银丰铸造有限公司“7·21”一般物体打击死亡事故调查报告》,安全生产,ai,True,<泛类型>,一般生产安全事故调查报告所涉。,安全生产,(6-7) 泛型法条被AI分为具体分类'安全生产'，应删除 | 原标记: <泛类型> | 法条: 《沈阳机床银丰铸造有限公司“7·21”一般物体打击死亡事故调查报告》
《沪水务〔2014〕998号》,环境保护,ai,True,<泛类型>,沪水务文件，属水务水资源管理。,水资源,(6-7) 泛型法条被AI分为具体分类'环境保护'，应删除 | 原标记: <泛类型> | 法条: 《沪水务〔2014〕998号》
《沪水务〔2014〕998号》第25条,环境保护,ai,True,<泛类型>,沪水务文件通常规范水务水资源管理。,水资源,(6-7) 泛型法条被AI分为具体分类'环境保护'，应删除 | 原标记: <泛类型> | 法条: 《沪水务〔2014〕998号》第25条
《河,环境保护,ai,True,<泛类型>,《河》相关，多涉水资源管理。,水资源,(6-7) 泛型法条被AI分为具体分类'环境保护'，应删除 | 原标记: <泛类型> | 法条: 《河
《河北市场监督管理局行政处罚裁量权适用规则》第十四条第一项、第二项,其他,ai,True,<泛类型>,仅给出条款序号，无法判断具体领域。,其他违法行为,(6-5) 程序性 | 匹配模式: '行政处罚裁量权' | 法条: 《河北市场监督管理局行政处罚裁量权适用规则》第十四条第一项、第二项
《河北省保障房性住房技术标准》,建设工程与房地产,ai,True,<泛类型>,《保障性住房技术标准》属工程建设规范。,建设工程,(6-7) 泛型法条被AI分为具体分类'建设工程与房地产'，应删除 | 原标记: <泛类型> | 法条: 《河北省保障房性住房技术标准》
《河北省公路条例》,交通运输,ai,True,<泛类型>,依据《河北省公路条例》，属公路管理。,交通运输违规,(6-7) 泛型法条被AI分为具体分类'交通运输'，应删除 | 原标记: <泛类型> | 法条: 《河北省公路条例》
《河北省公路条例》第三十条的规定,交通运输,ai,True,<泛类型>,依据《公路条例》应归入公路管理领域。,交通运输违规,(6-7) 泛型法条被AI分为具体分类'交通运输'，应删除 | 原标记: <泛类型> | 法条: 《河北省公路条例》第三十条的规定
《河北省公路条例》第六十二条,交通运输,ai,True,<泛类型>,依据《河北省公路条例》，属公路管理领域。,交通运输违规,(6-7) 泛型法条被AI分为具体分类'交通运输'，应删除 | 原标记: <泛类型> | 法条: 《河北省公路条例》第六十二条
《河北省发展和改革委员会关于降低单一制工商业电价等有关事项的通知》,市场秩序与竞争监管,ai,True,<泛类型>,涉及电价调整，属价格管理。,价格/收费,(6-7) 泛型法条被AI分为具体分类'市场秩序与竞争监管'，应删除 | 原标记: <泛类型> | 法条: 《河北省发展和改革委员会关于降低单一制工商业电价等有关事项的通知》
《河北省发展和改革委员会转发国家发展改革委关于延长阶段性降低企业用电成本政策的通知》,市场秩序与竞争监管,ai,True,<泛类型>,与降低企业用电价格政策相关。,价格/收费,(6-7) 泛型法条被AI分为具体分类'市场秩序与竞争监管'，应删除 | 原标记: <泛类型> | 法条: 《河北省发展和改革委员会转发国家发展改革委关于延长阶段性降低企业用电成本政策的通知》
《河北省发展和改革委员会转发国家发展改革委关于阶段性降低企业用电成本支持企业复工复产的通知》,市场秩序与竞争监管,ai,True,<泛类型>,涉阶段性降低企业用电电价政策。,价格/收费,(6-7) 泛型法条被AI分为具体分类'市场秩序与竞争监管'，应删除 | 原标记: <泛类型> | 法条: 《河北省发展和改革委员会转发国家发展改革委关于阶段性降低企业用电成本支持企业复工复产的通知》
《河北省商务行政处罚自由裁量权细化标准》第二类第八条执法标准第一项,规范直销/打击传销,ai,True,<泛类型>,商务部门职权内规范直销传销。,规范直销和打击传销,(6-5) 程序性 | 匹配模式: '行政处罚自由裁量权' | 法条: 《河北省商务行政处罚自由裁量权细化标准》第二类第八条执法标准第一项
《河北省商品市场监督管理条例》第二十六条,市场秩序与竞争监管,ai,True,<泛类型>,商品市场监管条款，规范市场秩序。,消费者权益/市场秩序,(6-7) 泛型法条被AI分为具体分类'市场秩序与竞争监管'，应删除 | 原标记: <泛类型> | 法条: 《河北省商品市场监督管理条例》第二十六条
《河北省商品市场监督管理条例》第二十六条第一款第五项,市场秩序与竞争监管,ai,True,<泛类型>,规制市场交易秩序与经营行为。,消费者权益/市场秩序,(6-7) 泛型法条被AI分为具体分类'市场秩序与竞争监管'，应删除 | 原标记: <泛类型> | 法条: 《河北省商品市场监督管理条例》第二十六条第一款第五项
《河北省商品市场监督管理条例》第二十六条第五项,市场秩序与竞争监管,ai,True,<泛类型>,商品市场监督内容属市场秩序管理。,消费者权益/市场秩序,(6-7) 泛型法条被AI分为具体分类'市场秩序与竞争监管'，应删除 | 原标记: <泛类型> | 法条: 《河北省商品市场监督管理条例》第二十六条第五项
《河北省商品市场监督管理条例》第二十六条第（五）项,市场秩序与竞争监管,ai,True,<泛类型>,商品市场监督规范，维护市场秩序。,消费者权益/市场秩序,(6-7) 泛型法条被AI分为具体分类'市场秩序与竞争监管'，应删除 | 原标记: <泛类型> | 法条: 《河北省商品市场监督管理条例》第二十六条第（五）项
《河北省商品市场监督管理条例》第二十六条第（五）项,市场秩序与竞争监管,ai,True,<泛类型>,商品市场监督条例侧重维护市场秩序。,消费者权益/市场秩序,(6-7) 泛型法条被AI分为具体分类'市场秩序与竞争监管'，应删除 | 原标记: <泛类型> | 法条: 《河北省商品市场监督管理条例》第二十六条第（五）项
《河北省商品市场监督管理条例》第四十六条第（五）项,市场秩序与竞争监管,ai,True,<泛类型>,属商品市场管理秩序性违规行为。,消费者权益/市场秩序,(6-7) 泛型法条被AI分为具体分类'市场秩序与竞争监管'，应删除 | 原标记: <泛类型> | 法条: 《河北省商品市场监督管理条例》第四十六条第（五）项
《河北省地方教育附加征收使用管理规定》,财税与金融监管,ai,True,<泛类型>,涉及教育附加征收管理，属税费违规。,税收违规,(6-7) 泛型法条被AI分为具体分类'财税与金融监管'，应删除 | 原标记: <泛类型> | 法条: 《河北省地方教育附加征收使用管理规定》
《河北省市场监督管理局关于在全省组织开展清理长期停业未经营企业专项行动的通知》,市场主体与登记治理,ai,True,<泛类型>,专门针对长期停业未经营企业清理。,未开业/自行停业,(6-7) 泛型法条被AI分为具体分类'市场主体与登记治理'，应删除 | 原标记: <泛类型> | 法条: 《河北省市场监督管理局关于在全省组织开展清理长期停业未经营企业专项行动的通知》
《河北省市场监督管理行政处罚裁量权适用规则》第二十条,其他,ai,True,<泛类型>,仅给出条文编号，无具体内容。,其他违法行为,(6-5) 程序性 | 匹配模式: '行政处罚裁量权' | 法条: 《河北省市场监督管理行政处罚裁量权适用规则》第二十条
《河北省市场监督管理行政处罚裁量权适用规则》第十六条第（二）项、（三）项,其他,ai,True,<泛类型>,仅给出条款序号，无法判断内容。,其他违法行为,(6-5) 程序性 | 匹配模式: '行政处罚裁量权' | 法条: 《河北省市场监督管理行政处罚裁量权适用规则》第十六条第（二）项、（三）项
《河北省市场监督管理行政处罚裁量权适用规则》第十条第一款第一项,其他,ai,True,<泛类型>,仅给出条款序号无法判断具体类型。,其他违法行为,(6-5) 程序性 | 匹配模式: '行政处罚裁量权' | 法条: 《河北省市场监督管理行政处罚裁量权适用规则》第十条第一款第一项
《河北省市场监督行政处罚裁量权适用规则》第十四条第一项,其他,ai,True,<泛类型>,仅给出条款序号，内容缺失无法判断。,其他违法行为,(6-5) 程序性 | 匹配模式: '行政处罚裁量权' | 法条: 《河北省市场监督行政处罚裁量权适用规则》第十四条第一项
《河北省建设系统规范行政处罚自由裁量行为办法》,建设工程与房地产,ai,True,<泛类型>,针对建设系统行政处罚裁量规范。,建设工程,(6-7) 泛型法条被AI分为具体分类'建设工程与房地产'，应删除 | 原标记: <泛类型> | 法条: 《河北省建设系统规范行政处罚自由裁量行为办法》
《河北省推广使用车用乙醇汽油暂行规定》第二十条,*车用燃料管理*,ai,True,<泛类型>,规范车用乙醇汽油推广使用行为。,*车用燃料管理*,(6-6) AI分类含星号'*车用燃料管理*'，分类不确定 | 法条: 《河北省推广使用车用乙醇汽油暂行规定》第二十条
《河北省推广使用车用乙醇汽油暂行规定》第十四条,*乙醇汽油推广管理*,ai,True,<泛类型>,条款专门规范车用乙醇汽油推广。,*乙醇汽油推广管理*,(6-6) AI分类含星号'*乙醇汽油推广管理*'，分类不确定 | 法条: 《河北省推广使用车用乙醇汽油暂行规定》第十四条
《河北省标准化监督管理条例》第三十条,*标准化管理*,ai,True,<泛类型>,依据标准化监督管理条例内容归类。,*标准化管理*,(6-6) AI分类含星号'*标准化管理*'，分类不确定 | 法条: 《河北省标准化监督管理条例》第三十条
《河北省标准化监督管理条例》第十五条第一款,*标准化管理*,ai,True,<泛类型>,依据标准化监督管理条例内容归类。,*标准化管理*,(6-6) AI分类含星号'*标准化管理*'，分类不确定 | 法条: 《河北省标准化监督管理条例》第十五条第一款
《河北省经纪人管理办法》第十一条,市场秩序与竞争监管,ai,True,<泛类型>,经纪人管理规范，属于市场秩序监管。,消费者权益/市场秩序,(6-7) 泛型法条被AI分为具体分类'市场秩序与竞争监管'，应删除 | 原标记: <泛类型> | 法条: 《河北省经纪人管理办法》第十一条
《河北省经纪人管理办法》第十四条,市场秩序与竞争监管,ai,True,<泛类型>,经纪人管理规范属市场交易秩序。,消费者权益/市场秩序,(6-7) 泛型法条被AI分为具体分类'市场秩序与竞争监管'，应删除 | 原标记: <泛类型> | 法条: 《河北省经纪人管理办法》第十四条
《河北省行政处罚自由裁量权执行标准(2022年版)》第二十六条,其他,ai,True,<泛类型>,仅给出条文序号，无法判断具体内容。,其他违法行为,(6-5) 程序性 | 匹配模式: '行政处罚自由裁量权' | 法条: 《河北省行政处罚自由裁量权执行标准(2022年版)》第二十六条
《河北省计量监督管理条例》第十四条第三款之规定,计量/器具,ai,True,<泛类型>,依据计量监督管理条例条款内容。,计量/器具,(6-7) 泛型法条被AI分为具体分类'计量/器具'，应删除 | 原标记: <泛类型> | 法条: 《河北省计量监督管理条例》第十四条第三款之规定
《河南华安建设集团有限公司2017年第一次、第二次、第三次股东会决议》,建设工程与房地产,ai,True,<泛类型>,文件为建设集团公司股东会决议相关。,建设工程,(6-7) 泛型法条被AI分为具体分类'建设工程与房地产'，应删除 | 原标记: <泛类型> | 法条: 《河南华安建设集团有限公司2017年第一次、第二次、第三次股东会决议》
《河南卫视》,公共文化与传媒,ai,True,<泛类型>,涉及电视媒体栏目内容管理。,公共文化与传媒,(6-7) 泛型法条被AI分为具体分类'公共文化与传媒'，应删除 | 原标记: <泛类型> | 法条: 《河南卫视》
《河南文物宝库》,公共文化与传媒,ai,True,<泛类型>,《河南文物宝库》属公共文化领域。,公共文化与传媒,(6-7) 泛型法条被AI分为具体分类'公共文化与传媒'，应删除 | 原标记: <泛类型> | 法条: 《河南文物宝库》
《河南武术世界》,公共文化与传媒,ai,True,<泛类型>,《河南武术世界》属出版传媒领域。,公共文化与传媒,(6-7) 泛型法条被AI分为具体分类'公共文化与传媒'，应删除 | 原标记: <泛类型> | 法条: 《河南武术世界》
《河南电视剧》,公共文化与传媒,ai,True,<泛类型>,涉及电视剧管理，属文化传媒领域。,公共文化与传媒,(6-7) 泛型法条被AI分为具体分类'公共文化与传媒'，应删除 | 原标记: <泛类型> | 法条: 《河南电视剧》
《河南省人民政府关于公布取消停止征收和调整有关收费项目的通知》,市场秩序与竞争监管,ai,True,<泛类型>,《收费项目的通知》涉及政府性收费管理。,价格/收费,(6-7) 泛型法条被AI分为具体分类'市场秩序与竞争监管'，应删除 | 原标记: <泛类型> | 法条: 《河南省人民政府关于公布取消停止征收和调整有关收费项目的通知》
《河南省住房和城乡建设系统行政处罚裁量标准》,建设工程与房地产,ai,True,<泛类型>,《住房城乡建设系统》属工程建设监管。,建设工程,(6-7) 泛型法条被AI分为具体分类'建设工程与房地产'，应删除 | 原标记: <泛类型> | 法条: 《河南省住房和城乡建设系统行政处罚裁量标准》
《河南省住房和城乡建设系统行政裁量标准》,建设工程与房地产,ai,True,<泛类型>,住建系统裁量标准，指向建设工程。,建设工程,(6-7) 泛型法条被AI分为具体分类'建设工程与房地产'，应删除 | 原标记: <泛类型> | 法条: 《河南省住房和城乡建设系统行政裁量标准》
《河南省公路路政行政处罚裁量标准》,交通运输,ai,True,<泛类型>,公路路政处罚标准，属交通运输管理。,交通运输违规,(6-7) 泛型法条被AI分为具体分类'交通运输'，应删除 | 原标记: <泛类型> | 法条: 《河南省公路路政行政处罚裁量标准》
《河南省农村信用社抵押合同》,财税与金融监管,ai,True,<泛类型>,《抵押合同》系金融信贷行为相关。,金融/信贷违规,(6-7) 泛型法条被AI分为具体分类'财税与金融监管'，应删除 | 原标记: <泛类型> | 法条: 《河南省农村信用社抵押合同》
《河南省农村信用社抵押合同》第十条,财税与金融监管,ai,True,<泛类型>,涉及农村信用社抵押合同条款约定。,金融/信贷违规,(6-7) 泛型法条被AI分为具体分类'财税与金融监管'，应删除 | 原标记: <泛类型> | 法条: 《河南省农村信用社抵押合同》第十条
《河南省发展和改革委员会关于2019年第二次降低工商业及其他用户单一制电价的通知》,市场秩序与竞争监管,ai,True,<泛类型>,《电价…通知》属价格管理规定。,价格/收费,(6-7) 泛型法条被AI分为具体分类'市场秩序与竞争监管'，应删除 | 原标记: <泛类型> | 法条: 《河南省发展和改革委员会关于2019年第二次降低工商业及其他用户单一制电价的通知》
《河南省发展和改革委员会关于我省降低工商业及其他用户单一制电价的通知》,市场秩序与竞争监管,ai,True,<泛类型>,属电价调整管理，归入价格收费。,价格/收费,(6-7) 泛型法条被AI分为具体分类'市场秩序与竞争监管'，应删除 | 原标记: <泛类型> | 法条: 《河南省发展和改革委员会关于我省降低工商业及其他用户单一制电价的通知》
《河南省发展和改革委员会办公室关于进一步做好清理规范转供电加价行为有关事项的通知》,市场秩序与竞争监管,ai,True,<泛类型>,《转供电加价》属电价收费管理。,价格/收费,(6-7) 泛型法条被AI分为具体分类'市场秩序与竞争监管'，应删除 | 原标记: <泛类型> | 法条: 《河南省发展和改革委员会办公室关于进一步做好清理规范转供电加价行为有关事项的通知》
《河南省发展改革委员会关于2019年第二次降低工商业及其他用户单一制电价的通知》,市场秩序与竞争监管,ai,True,<泛类型>,涉及电价调整管理规定。,价格/收费,(6-7) 泛型法条被AI分为具体分类'市场秩序与竞争监管'，应删除 | 原标记: <泛类型> | 法条: 《河南省发展改革委员会关于2019年第二次降低工商业及其他用户单一制电价的通知》
《河南省地方教育附加征收使用管理办法》,财税与金融监管,ai,True,<泛类型>,《教育附加征收》属税费征收管理。,税收违规,(6-7) 泛型法条被AI分为具体分类'财税与金融监管'，应删除 | 原标记: <泛类型> | 法条: 《河南省地方教育附加征收使用管理办法》
《河南省工商行政管理机关行政处罚自由裁量权执行标准（试行）》,其他,ai,True,<泛类型>,仅有标准名称，无具体行为描述。,其他违法行为,(6-5) 程序性 | 匹配模式: '行政处罚自由裁量权' | 法条: 《河南省工商行政管理机关行政处罚自由裁量权执行标准（试行）》
《河南省市场监督管理行政处罚自由裁量权基准(2020版)》,其他,ai,True,<泛类型>,仅给出总则名称，无法细分判断。,其他违法行为,(6-5) 程序性 | 匹配模式: '行政处罚自由裁量权' | 法条: 《河南省市场监督管理行政处罚自由裁量权基准(2020版)》
《河南省市场监督管理行政处罚裁量权适用通则》,其他,ai,True,<泛类型>,仅为裁量通则标题，未涉具体领域。,其他违法行为,(6-5) 程序性 | 匹配模式: '行政处罚裁量权' | 法条: 《河南省市场监督管理行政处罚裁量权适用通则》
《河南省市场监督管理行政处罚裁量权适用通则》第八条,其他,ai,True,<泛类型>,仅给出条号，无具体违法类型信息。,其他违法行为,(6-5) 程序性 | 匹配模式: '行政处罚裁量权' | 法条: 《河南省市场监督管理行政处罚裁量权适用通则》第八条
《河南省市场监督管理行政处罚裁量权适用通则》第十条第(二)项,其他,ai,True,<泛类型>,仅指通则条款序号，无法细分。,其他违法行为,(6-5) 程序性 | 匹配模式: '行政处罚裁量权' | 法条: 《河南省市场监督管理行政处罚裁量权适用通则》第十条第(二)项
《河南省建筑市场管理条例》第四十七条,建设工程与房地产,ai,True,<泛类型>,依据建筑市场管理条例，属建设活动。,建设工程,(6-7) 泛型法条被AI分为具体分类'建设工程与房地产'，应删除 | 原标记: <泛类型> | 法条: 《河南省建筑市场管理条例》第四十七条
《河南省建筑市场管理条例》第四十七条第(五)项,建设工程与房地产,ai,True,<泛类型>,建筑市场管理条例属工程建设领域。,建设工程,(6-7) 泛型法条被AI分为具体分类'建设工程与房地产'，应删除 | 原标记: <泛类型> | 法条: 《河南省建筑市场管理条例》第四十七条第(五)项
《河南省水行政处罚裁量标准》,环境保护,ai,True,<泛类型>,依据水行政处罚裁量标准，属水事违法。,水资源,(6-7) 泛型法条被AI分为具体分类'环境保护'，应删除 | 原标记: <泛类型> | 法条: 《河南省水行政处罚裁量标准》
《河南省电网销售电价表》,市场秩序与竞争监管,ai,True,<泛类型>,《电价表》属政府定价与收费管理。,价格/收费,(6-7) 泛型法条被AI分为具体分类'市场秩序与竞争监管'，应删除 | 原标记: <泛类型> | 法条: 《河南省电网销售电价表》
《河南省车用乙醇汽油管理办法》,*车用燃油管理*,ai,True,<泛类型>,针对车用乙醇汽油专门管理规定。,*车用燃油管理*,(6-6) AI分类含星号'*车用燃油管理*'，分类不确定 | 法条: 《河南省车用乙醇汽油管理办法》
《河南省车用乙醇汽油管理办法》第十四条,*车用燃油管理*,ai,True,<泛类型>,针对车用乙醇汽油生产销售管理。,*车用燃油管理*,(6-6) AI分类含星号'*车用燃油管理*'，分类不确定 | 法条: 《河南省车用乙醇汽油管理办法》第十四条
《河南省车用乙醇汽油管理办法》第十条第一款,*车用燃油管理*,ai,True,<泛类型>,针对车用乙醇汽油使用管理规定。,*车用燃油管理*,(6-6) AI分类含星号'*车用燃油管理*'，分类不确定 | 法条: 《河南省车用乙醇汽油管理办法》第十条第一款
《河南省高速公路条例》第四十九条罚款,交通运输,ai,True,<泛类型>,属高速公路管理用路行为规范。,交通运输违规,(6-7) 泛型法条被AI分为具体分类'交通运输'，应删除 | 原标记: <泛类型> | 法条: 《河南省高速公路条例》第四十九条罚款
《河源市工商行政管理局行政处罚听证告知书》,市场秩序与竞争监管,ai,True,<泛类型>,工商机关处罚，多涉市场交易秩序。,消费者权益/市场秩序,(6-7) 泛型法条被AI分为具体分类'市场秩序与竞争监管'，应删除 | 原标记: <泛类型> | 法条: 《河源市工商行政管理局行政处罚听证告知书》
《河源青龙园公墓有限公司客户须知》第五条,市场秩序与竞争监管,ai,True,<泛类型>,公墓客户须知属消费合同与服务规范。,消费者权益/市场秩序,(6-7) 泛型法条被AI分为具体分类'市场秩序与竞争监管'，应删除 | 原标记: <泛类型> | 法条: 《河源青龙园公墓有限公司客户须知》第五条
《油气储存企业紧急切断阀系统基本要求(试行)》,安全生产,ai,True,<泛类型>,涉及油气储存及紧急切断阀安全要求。,安全生产/危化品,(6-7) 泛型法条被AI分为具体分类'安全生产'，应删除 | 原标记: <泛类型> | 法条: 《油气储存企业紧急切断阀系统基本要求(试行)》
《油类记录簿》,计量/器具,ai,True,<泛类型>,油类记录簿属计量器具配套管理。,计量/器具,(6-7) 泛型法条被AI分为具体分类'计量/器具'，应删除 | 原标记: <泛类型> | 法条: 《油类记录簿》
《治超非现场执法预先通知书》,交通运输,ai,True,<泛类型>,治超执法属公路超限超载管理。,交通运输违规,(6-7) 泛型法条被AI分为具体分类'交通运输'，应删除 | 原标记: <泛类型> | 法条: 《治超非现场执法预先通知书》
《泉州市商品房预售资金监督管理工作实施意见》第一条,建设工程与房地产,ai,True,<泛类型>,《商品房预售资金监督管理》属房地产领域。,房地产/土地,(6-7) 泛型法条被AI分为具体分类'建设工程与房地产'，应删除 | 原标记: <泛类型> | 法条: 《泉州市商品房预售资金监督管理工作实施意见》第一条
《泉州市商品房预售资金监督管理规定》第八条,建设工程与房地产,ai,True,<泛类型>,商品房预售资金监管，属房地产领域。,房地产/土地,(6-7) 泛型法条被AI分为具体分类'建设工程与房地产'，应删除 | 原标记: <泛类型> | 法条: 《泉州市商品房预售资金监督管理规定》第八条
《法人企业营业执照》,市场主体与登记治理,ai,True,<泛类型>,涉及法人企业营业执照管理与登记事项。,无照经营/登记问题,(6-7) 泛型法条被AI分为具体分类'市场主体与登记治理'，应删除 | 原标记: <泛类型> | 法条: 《法人企业营业执照》
《法人身份证》,*身份登记管理*,ai,True,<泛类型>,涉及法人身份证管理规定。,*身份登记管理*,(6-6) AI分类含星号'*身份登记管理*'，分类不确定 | 法条: 《法人身份证》
《法定代表人信息》,市场主体与登记治理,ai,True,<泛类型>,涉及企业法定代表人登记信息。,企业信息公示,(6-7) 泛型法条被AI分为具体分类'市场主体与登记治理'，应删除 | 原标记: <泛类型> | 法条: 《法定代表人信息》
《法定计量检定机构监督管理办法》第十七条第一项,计量/器具,ai,True,<泛类型>,依据法定计量检定机构监管规定。,计量/器具,(6-7) 泛型法条被AI分为具体分类'计量/器具'，应删除 | 原标记: <泛类型> | 法条: 《法定计量检定机构监督管理办法》第十七条第一项
《注册建造师管理规定》第二十六条、第三十七条,建设工程与房地产,ai,True,<泛类型>,《注册建造师管理规定》属工程建设管理。,建设工程,(6-7) 泛型法条被AI分为具体分类'建设工程与房地产'，应删除 | 原标记: <泛类型> | 法条: 《注册建造师管理规定》第二十六条、第三十七条
《泰州市国土资源局行政处罚自由裁量权实施细则》第13条,建设工程与房地产,ai,True,<泛类型>,国土资源局处罚，多涉土地管理。,房地产/土地,(6-5) 程序性 | 匹配模式: '行政处罚自由裁量权' | 法条: 《泰州市国土资源局行政处罚自由裁量权实施细则》第13条
《泰州市金通翡翠城物业服务合同》,建设工程与房地产,ai,True,<泛类型>,《物业服务合同》系房地产领域合同。,房地产/土地,(6-7) 泛型法条被AI分为具体分类'建设工程与房地产'，应删除 | 原标记: <泛类型> | 法条: 《泰州市金通翡翠城物业服务合同》
《泸县校讯通业务开通情况统计表》,统计相关,ai,True,<泛类型>,《统计表》反映统计数据管理事项。,统计相关,(6-7) 泛型法条被AI分为具体分类'统计相关'，应删除 | 原标记: <泛类型> | 法条: 《泸县校讯通业务开通情况统计表》
《泸州市工商行政管理局商品质量检验结果通知书》,产品质量与安全,ai,True,<泛类型>,商品质量检验结果通知，涉产品质量。,产品质量,(6-7) 泛型法条被AI分为具体分类'产品质量与安全'，应删除 | 原标记: <泛类型> | 法条: 《泸州市工商行政管理局商品质量检验结果通知书》
《洁净厂房设计规范》,建设工程与房地产,ai,True,<泛类型>,《洁净厂房设计规范》属工程建设标准。,建设工程,(6-7) 泛型法条被AI分为具体分类'建设工程与房地产'，应删除 | 原标记: <泛类型> | 法条: 《洁净厂房设计规范》
《洋房质量剖析专题》,产品质量与安全,ai,True,<泛类型>,标题指向房屋建筑质量问题。,产品质量,(6-7) 泛型法条被AI分为具体分类'产品质量与安全'，应删除 | 原标记: <泛类型> | 法条: 《洋房质量剖析专题》
《洗发液、洗发膏》,产品质量与安全,ai,True,<泛类型>,为日化产品标准，属产品质量监管。,产品质量,(6-7) 泛型法条被AI分为具体分类'产品质量与安全'，应删除 | 原标记: <泛类型> | 法条: 《洗发液、洗发膏》
《洛阳晚报》,公共文化与传媒,ai,True,<泛类型>,《洛阳晚报》系报纸媒体出版相关。,公共文化与传媒,(6-7) 泛型法条被AI分为具体分类'公共文化与传媒'，应删除 | 原标记: <泛类型> | 法条: 《洛阳晚报》
《流动资金借款合同》,财税与金融监管,ai,True,<泛类型>,涉及流动资金借款合同内容。,金融/信贷违规,(6-7) 泛型法条被AI分为具体分类'财税与金融监管'，应删除 | 原标记: <泛类型> | 法条: 《流动资金借款合同》
《流通领域商品监督检测方案》,产品质量与安全,ai,True,<泛类型>,商品监督检测侧重产品质量监管。,产品质量,(6-7) 泛型法条被AI分为具体分类'产品质量与安全'，应删除 | 原标记: <泛类型> | 法条: 《流通领域商品监督检测方案》
《流通领域商品质量抽查检验办法》,产品质量与安全,ai,True,<泛类型>,依据商品质量抽查检验管理规定。,产品质量,(6-7) 泛型法条被AI分为具体分类'产品质量与安全'，应删除 | 原标记: <泛类型> | 法条: 《流通领域商品质量抽查检验办法》
《流通领域商品质量抽查检验办法》第二十一条第一款,产品质量与安全,ai,True,<泛类型>,商品质量抽查检验，属产品质量监管。,产品质量,(6-7) 泛型法条被AI分为具体分类'产品质量与安全'，应删除 | 原标记: <泛类型> | 法条: 《流通领域商品质量抽查检验办法》第二十一条第一款
《流通领域商品质量抽查检验办法》第十七条,产品质量与安全,ai,True,<泛类型>,商品质量抽查检验办法，属产品质量监管。,产品质量,(6-7) 泛型法条被AI分为具体分类'产品质量与安全'，应删除 | 原标记: <泛类型> | 法条: 《流通领域商品质量抽查检验办法》第十七条
《流通领域商品质量抽查检验工作单》,产品质量与安全,ai,True,<泛类型>,《商品质量抽查检验》直接对应产品质量。,产品质量,(6-7) 泛型法条被AI分为具体分类'产品质量与安全'，应删除 | 原标记: <泛类型> | 法条: 《流通领域商品质量抽查检验工作单》
《流通领域商品质量抽查检验现场笔录》,产品质量与安全,ai,True,<泛类型>,涉及商品质量抽检及不合格处理。,产品质量,(6-7) 泛型法条被AI分为具体分类'产品质量与安全'，应删除 | 原标记: <泛类型> | 法条: 《流通领域商品质量抽查检验现场笔录》
《流通领域商品质量监督管理办法》,产品质量与安全,ai,True,<泛类型>,依据商品质量监督管理办法，属产品质量监管。,产品质量,(6-7) 泛型法条被AI分为具体分类'产品质量与安全'，应删除 | 原标记: <泛类型> | 法条: 《流通领域商品质量监督管理办法》
《流通领域商品质量监督管理办法》第三十三条&ldquo;销售者违反本法第十三条,产品质量与安全,ai,True,<泛类型>,依据商品质量监督办法，属产品质量。,产品质量,(6-7) 泛型法条被AI分为具体分类'产品质量与安全'，应删除 | 原标记: <泛类型> | 法条: 《流通领域商品质量监督管理办法》第三十三条&ldquo;销售者违反本法第十三条
"《流通领域商品质量监督管理办法》第三十三条&ldquo;销售者违反本法第十三条,",产品质量与安全,ai,True,<泛类型>,依据商品质量监督管理办法，属商品质量领域。,产品质量,"(6-7) 泛型法条被AI分为具体分类'产品质量与安全'，应删除 | 原标记: <泛类型> | 法条: 《流通领域商品质量监督管理办法》第三十三条&ldquo;销售者违反本法第十三条,"
《流通领域商品质量监督管理办法》第三十二条,产品质量与安全,ai,True,<泛类型>,依据商品质量监督管理办法内容。,产品质量,(6-7) 泛型法条被AI分为具体分类'产品质量与安全'，应删除 | 原标记: <泛类型> | 法条: 《流通领域商品质量监督管理办法》第三十二条
《流通领域商品质量监督管理办法》第三十二条,产品质量与安全,ai,True,<泛类型>,《商品质量监督管理办法》直接对应产品质量。,产品质量,(6-7) 泛型法条被AI分为具体分类'产品质量与安全'，应删除 | 原标记: <泛类型> | 法条: 《流通领域商品质量监督管理办法》第三十二条
《流通领域商品质量监督管理办法》第三十条“销售者违反本办法第八条和第九条,产品质量与安全,ai,True,<泛类型>,依据商品质量监督管理办法条款。,产品质量,(6-7) 泛型法条被AI分为具体分类'产品质量与安全'，应删除 | 原标记: <泛类型> | 法条: 《流通领域商品质量监督管理办法》第三十条“销售者违反本办法第八条和第九条
《流通领域商品质量监督管理办法》第十一条,产品质量与安全,ai,True,<泛类型>,商品质量监督管理办法，属产品质量。,产品质量,(6-7) 泛型法条被AI分为具体分类'产品质量与安全'，应删除 | 原标记: <泛类型> | 法条: 《流通领域商品质量监督管理办法》第十一条
《流通领域商品质量监督管理办法》第十三条,产品质量与安全,ai,True,<泛类型>,条文规范流通领域商品质量监督。,产品质量,(6-7) 泛型法条被AI分为具体分类'产品质量与安全'，应删除 | 原标记: <泛类型> | 法条: 《流通领域商品质量监督管理办法》第十三条
"《流通领域商品质量监督管理办法》第十三条,",产品质量与安全,ai,True,<泛类型>,依据商品质量监督管理办法条款内容。,产品质量,"(6-7) 泛型法条被AI分为具体分类'产品质量与安全'，应删除 | 原标记: <泛类型> | 法条: 《流通领域商品质量监督管理办法》第十三条,"
《流通领域商品质量监督管理办法》第十条第五项及第十三条,产品质量与安全,ai,True,<泛类型>,依据商品质量监督管理办法条款。,产品质量,(6-7) 泛型法条被AI分为具体分类'产品质量与安全'，应删除 | 原标记: <泛类型> | 法条: 《流通领域商品质量监督管理办法》第十条第五项及第十三条
《流通领域商品质量监督管理办法》第十条第（一）项,产品质量与安全,ai,True,<泛类型>,《商品质量监督管理办法》直接指向商品质量。,产品质量,(6-7) 泛型法条被AI分为具体分类'产品质量与安全'，应删除 | 原标记: <泛类型> | 法条: 《流通领域商品质量监督管理办法》第十条第（一）项
《流通领域商品质量监督管理办法》第十条第（二）项,产品质量与安全,ai,True,<泛类型>,《商品质量监督管理办法》监管商品质量。,产品质量,(6-7) 泛型法条被AI分为具体分类'产品质量与安全'，应删除 | 原标记: <泛类型> | 法条: 《流通领域商品质量监督管理办法》第十条第（二）项
《测绘技术报告书》,建设工程与房地产,ai,True,<泛类型>,《测绘技术报告书》属工程测绘活动。,建设工程,(6-7) 泛型法条被AI分为具体分类'建设工程与房地产'，应删除 | 原标记: <泛类型> | 法条: 《测绘技术报告书》
《济南市人民政府办公厅关于印发济南市房产管理局主要职责、内设机构和人员编制暂行规定的通知》,建设工程与房地产,ai,True,<泛类型>,《房产管理局职责规定》，属房地产管理。,房地产/土地,(6-7) 泛型法条被AI分为具体分类'建设工程与房地产'，应删除 | 原标记: <泛类型> | 法条: 《济南市人民政府办公厅关于印发济南市房产管理局主要职责、内设机构和人员编制暂行规定的通知》
《济南市国土资源行政处罚裁量基准》,建设工程与房地产,ai,True,<泛类型>,《国土资源行政处罚裁量基准》属土地管理。,房地产/土地,(6-7) 泛型法条被AI分为具体分类'建设工程与房地产'，应删除 | 原标记: <泛类型> | 法条: 《济南市国土资源行政处罚裁量基准》
《济南市济阳区人民政府关于济阳区福建华航建设集团有限公司“12.26”一般高处坠落事故调查报告的批复》,安全生产,ai,True,<泛类型>,建设施工中发生高处坠落事故。,安全生产,(6-7) 泛型法条被AI分为具体分类'安全生产'，应删除 | 原标记: <泛类型> | 法条: 《济南市济阳区人民政府关于济阳区福建华航建设集团有限公司“12.26”一般高处坠落事故调查报告的批复...
《济南市章丘区人民政府关于对〈济南市章丘区“7?2”济南义达玻璃制品有限公司一般物体打击事故调查报告〉等九起事故调查报告的批复》,安全生产,ai,True,<泛类型>,事故调查报告批复，一般物体打击事故。,安全生产,(6-7) 泛型法条被AI分为具体分类'安全生产'，应删除 | 原标记: <泛类型> | 法条: 《济南市章丘区人民政府关于对〈济南市章丘区“7?2”济南义达玻璃制品有限公司一般物体打击事故调查报告...
《济宁市任城区人民政府关于汶上县顺安建筑安装有限公司“12.8”高处坠落一般事故调查报告的批复》,安全生产,ai,True,<泛类型>,建筑施工高处坠落事故，属安全生产。,安全生产,(6-7) 泛型法条被AI分为具体分类'安全生产'，应删除 | 原标记: <泛类型> | 法条: 《济宁市任城区人民政府关于汶上县顺安建筑安装有限公司“12.8”高处坠落一般事故调查报告的批复》
《济宁明泽建筑设备租赁有限公司“9.18”一般高处坠落事故调查报告》,安全生产,ai,True,<泛类型>,建设施工中发生高处坠落事故。,安全生产,(6-7) 泛型法条被AI分为具体分类'安全生产'，应删除 | 原标记: <泛类型> | 法条: 《济宁明泽建筑设备租赁有限公司“9.18”一般高处坠落事故调查报告》
《济源晨报》,公共文化与传媒,ai,True,<泛类型>,《济源晨报》系报纸媒体出版相关。,公共文化与传媒,(6-7) 泛型法条被AI分为具体分类'公共文化与传媒'，应删除 | 原标记: <泛类型> | 法条: 《济源晨报》
《浙江海龙新型建材实业公司所属海宁爱富希板厂及许村水泥厂合并为浙江海龙新型建材有限公司》,市场主体与登记治理,ai,True,<泛类型>,涉及企业合并及登记变更事项。,无照经营/登记问题,(6-7) 泛型法条被AI分为具体分类'市场主体与登记治理'，应删除 | 原标记: <泛类型> | 法条: 《浙江海龙新型建材实业公司所属海宁爱富希板厂及许村水泥厂合并为浙江海龙新型建材有限公司》
《浙江盾锋起重机械有限公司起重机械定制、安装合同》,安全生产,ai,True,<泛类型>,涉及起重机械设备定制安装合同。,特种设备,(6-7) 泛型法条被AI分为具体分类'安全生产'，应删除 | 原标记: <泛类型> | 法条: 《浙江盾锋起重机械有限公司起重机械定制、安装合同》
《浙江省人民政府关于全面推进城镇低效用地再开发工作的意见》,建设工程与房地产,ai,True,<泛类型>,《城镇低效用地再开发》属土地管理。,房地产/土地,(6-7) 泛型法条被AI分为具体分类'建设工程与房地产'，应删除 | 原标记: <泛类型> | 法条: 《浙江省人民政府关于全面推进城镇低效用地再开发工作的意见》
《浙江省人民政府关于全面推进城镇低效用地再开发工作的意见》第五条第二款,建设工程与房地产,ai,True,<泛类型>,规范城镇低效用地再开发，涉土地利用。,房地产/土地,(6-7) 泛型法条被AI分为具体分类'建设工程与房地产'，应删除 | 原标记: <泛类型> | 法条: 《浙江省人民政府关于全面推进城镇低效用地再开发工作的意见》第五条第二款
《浙江省人民政府关于开征地方教育费附加的通知》,财税与金融监管,ai,True,<泛类型>,涉及地方教育费附加征收属税费管理】,税收违规,(6-7) 泛型法条被AI分为具体分类'财税与金融监管'，应删除 | 原标记: <泛类型> | 法条: 《浙江省人民政府关于开征地方教育费附加的通知》
《浙江省人民政府关于开征地方教育附加的通知》,财税与金融监管,ai,True,<泛类型>,涉及地方教育附加征收属税费管理。,税收违规,(6-7) 泛型法条被AI分为具体分类'财税与金融监管'，应删除 | 原标记: <泛类型> | 法条: 《浙江省人民政府关于开征地方教育附加的通知》
《浙江省人民政府关于调整耕地开垦费征收标准等有关问题的通知》,建设工程与房地产,ai,True,<泛类型>,涉及耕地开垦费等土地管理收费。,房地产/土地,(6-7) 泛型法条被AI分为具体分类'建设工程与房地产'，应删除 | 原标记: <泛类型> | 法条: 《浙江省人民政府关于调整耕地开垦费征收标准等有关问题的通知》
《浙江省住房和城乡建设系统行政处罚裁量基 准》,建设工程与房地产,ai,True,<泛类型>,住建系统处罚裁量，涉建设工程管理。,建设工程,(6-7) 泛型法条被AI分为具体分类'建设工程与房地产'，应删除 | 原标记: <泛类型> | 法条: 《浙江省住房和城乡建设系统行政处罚裁量基 准》
《浙江省住房和城乡建设系统行政处罚裁量基准(2018版)》,建设工程与房地产,ai,True,<泛类型>,住建系统裁量基准，属工程领域。,建设工程,(6-7) 泛型法条被AI分为具体分类'建设工程与房地产'，应删除 | 原标记: <泛类型> | 法条: 《浙江省住房和城乡建设系统行政处罚裁量基准(2018版)》
《浙江省住房和城乡建设系统行政处罚裁量基准》,建设工程与房地产,ai,True,<泛类型>,《住建系统处罚裁量基准》对应建设工程。,建设工程,(6-7) 泛型法条被AI分为具体分类'建设工程与房地产'，应删除 | 原标记: <泛类型> | 法条: 《浙江省住房和城乡建设系统行政处罚裁量基准》
《浙江省住房城乡建设系统行政处罚裁量基准(2018版)》,建设工程与房地产,ai,True,<泛类型>,住建系统处罚基准，属建设工程监管。,建设工程,(6-7) 泛型法条被AI分为具体分类'建设工程与房地产'，应删除 | 原标记: <泛类型> | 法条: 《浙江省住房城乡建设系统行政处罚裁量基准(2018版)》
《浙江省住房城乡建设系统行政处罚裁量基准》,建设工程与房地产,ai,True,<泛类型>,住建系统处罚基准，属建设工程。,建设工程,(6-7) 泛型法条被AI分为具体分类'建设工程与房地产'，应删除 | 原标记: <泛类型> | 法条: 《浙江省住房城乡建设系统行政处罚裁量基准》
《浙江省住房城乡建设系统行政处罚裁量基准（2018版）》,建设工程与房地产,ai,True,<泛类型>,住建系统裁量基准，属建设工程领域。,建设工程,(6-7) 泛型法条被AI分为具体分类'建设工程与房地产'，应删除 | 原标记: <泛类型> | 法条: 《浙江省住房城乡建设系统行政处罚裁量基准（2018版）》
《浙江省公安机关行政处罚裁量基准》,治安管理,ai,True,<泛类型>,公安机关行政处罚，多属治安管理。,治安管理,(6-7) 泛型法条被AI分为具体分类'治安管理'，应删除 | 原标记: <泛类型> | 法条: 《浙江省公安机关行政处罚裁量基准》
《浙江省公安机关行政处罚裁量基准》四百六十八条,治安管理,ai,True,<泛类型>,属公安机关处罚裁量范畴，一般治安管理。,治安管理,(6-7) 泛型法条被AI分为具体分类'治安管理'，应删除 | 原标记: <泛类型> | 法条: 《浙江省公安机关行政处罚裁量基准》四百六十八条
《浙江省公安机关行政处罚裁量基准》四百六十六条,治安管理,ai,True,<泛类型>,属公安机关一般治安处罚裁量基准。,治安管理,(6-7) 泛型法条被AI分为具体分类'治安管理'，应删除 | 原标记: <泛类型> | 法条: 《浙江省公安机关行政处罚裁量基准》四百六十六条
《浙江省公安机关行政处罚裁量基准》第四百七十一条第三阶次,治安管理,ai,True,<泛类型>,《裁量基准》系公安治安管理范畴。,治安管理,(6-7) 泛型法条被AI分为具体分类'治安管理'，应删除 | 原标记: <泛类型> | 法条: 《浙江省公安机关行政处罚裁量基准》第四百七十一条第三阶次
《浙江省公安机关行政处罚裁量基准》第四百七十九条,治安管理,ai,True,<泛类型>,《公安机关行政处罚裁量基准》属治安管理规范。,治安管理,(6-7) 泛型法条被AI分为具体分类'治安管理'，应删除 | 原标记: <泛类型> | 法条: 《浙江省公安机关行政处罚裁量基准》第四百七十九条
《浙江省公安机关行政处罚裁量基准》第四百七十二条,治安管理,ai,True,<泛类型>,公安机关行政处罚事项，一般属治安管理。,治安管理,(6-7) 泛型法条被AI分为具体分类'治安管理'，应删除 | 原标记: <泛类型> | 法条: 《浙江省公安机关行政处罚裁量基准》第四百七十二条
《浙江省公安机关行政处罚裁量基准》第四百七十二条,治安管理,ai,True,<泛类型>,公安机关行政处罚裁量基准属治安管理范围。,治安管理,(6-7) 泛型法条被AI分为具体分类'治安管理'，应删除 | 原标记: <泛类型> | 法条: 《浙江省公安机关行政处罚裁量基准》第四百七十二条
《浙江省公安机关行政处罚裁量基准》第四百七十二条第三阶,治安管理,ai,True,<泛类型>,属公安机关裁量基准，一般治安案件。,治安管理,(6-7) 泛型法条被AI分为具体分类'治安管理'，应删除 | 原标记: <泛类型> | 法条: 《浙江省公安机关行政处罚裁量基准》第四百七十二条第三阶
《浙江省公安机关行政处罚裁量基准》第四百七十五条,治安管理,ai,True,<泛类型>,属公安机关行政处罚，一般治安管理。,治安管理,(6-7) 泛型法条被AI分为具体分类'治安管理'，应删除 | 原标记: <泛类型> | 法条: 《浙江省公安机关行政处罚裁量基准》第四百七十五条
《浙江省公安机关行政处罚裁量基准》第四百七十八条,治安管理,ai,True,<泛类型>,公安机关行政处罚事项，属治安管理。,治安管理,(6-7) 泛型法条被AI分为具体分类'治安管理'，应删除 | 原标记: <泛类型> | 法条: 《浙江省公安机关行政处罚裁量基准》第四百七十八条
《浙江省公安机关行政处罚裁量基准》第四百七十八条,治安管理,ai,True,<泛类型>,属公安行政处罚范畴下治安管理。,治安管理,(6-7) 泛型法条被AI分为具体分类'治安管理'，应删除 | 原标记: <泛类型> | 法条: 《浙江省公安机关行政处罚裁量基准》第四百七十八条
《浙江省公安机关行政处罚裁量基准》第四百七十四条,治安管理,ai,True,<泛类型>,属公安机关注行政处罚范畴。,治安管理,(6-7) 泛型法条被AI分为具体分类'治安管理'，应删除 | 原标记: <泛类型> | 法条: 《浙江省公安机关行政处罚裁量基准》第四百七十四条
《浙江省公安机关行政处罚裁量基准》第四百七十四条第五阶,治安管理,ai,True,<泛类型>,公安机关行政处罚，一般属治安管理。,治安管理,(6-7) 泛型法条被AI分为具体分类'治安管理'，应删除 | 原标记: <泛类型> | 法条: 《浙江省公安机关行政处罚裁量基准》第四百七十四条第五阶
《浙江省公安机关行政处罚裁量基准》第四百九十一条第三阶次,治安管理,ai,True,<泛类型>,《治安管理处罚法》细化裁量基准。,治安管理,(6-7) 泛型法条被AI分为具体分类'治安管理'，应删除 | 原标记: <泛类型> | 法条: 《浙江省公安机关行政处罚裁量基准》第四百九十一条第三阶次
《浙江省公安机关行政处罚裁量基准》第四百九十七条,治安管理,ai,True,<泛类型>,属公安机关裁量基准，一般指治安管理。,治安管理,(6-7) 泛型法条被AI分为具体分类'治安管理'，应删除 | 原标记: <泛类型> | 法条: 《浙江省公安机关行政处罚裁量基准》第四百九十七条
《浙江省公安机关行政处罚裁量基准》第四百九十九条,治安管理,ai,True,<泛类型>,公安行政处罚裁量基准，属治安管理。,治安管理,(6-7) 泛型法条被AI分为具体分类'治安管理'，应删除 | 原标记: <泛类型> | 法条: 《浙江省公安机关行政处罚裁量基准》第四百九十九条
《浙江省公安机关行政处罚裁量基准》第四百九十九条第一阶次,治安管理,ai,True,<泛类型>,出自公安机关裁量基准，属治安管理。,治安管理,(6-7) 泛型法条被AI分为具体分类'治安管理'，应删除 | 原标记: <泛类型> | 法条: 《浙江省公安机关行政处罚裁量基准》第四百九十九条第一阶次
《浙江省公安机关行政处罚裁量基准》第四百九十八条,治安管理,ai,True,<泛类型>,公安机关行政处罚基准一般属治安管理。,治安管理,(6-7) 泛型法条被AI分为具体分类'治安管理'，应删除 | 原标记: <泛类型> | 法条: 《浙江省公安机关行政处罚裁量基准》第四百九十八条
《浙江省公安机关行政处罚裁量基准》第四百九十八条第二阶次,治安管理,ai,True,<泛类型>,公安机关裁量基准，多属治安管理。,治安管理,(6-7) 泛型法条被AI分为具体分类'治安管理'，应删除 | 原标记: <泛类型> | 法条: 《浙江省公安机关行政处罚裁量基准》第四百九十八条第二阶次
《浙江省公安机关行政处罚裁量基准》第四百九十八条第二阶次第一项,治安管理,ai,True,<泛类型>,公安机关处罚裁量，多属治安管理。,治安管理,(6-7) 泛型法条被AI分为具体分类'治安管理'，应删除 | 原标记: <泛类型> | 法条: 《浙江省公安机关行政处罚裁量基准》第四百九十八条第二阶次第一项
《浙江省公安机关行政处罚裁量基准》第四百九十八第(二)阶次,治安管理,ai,True,<泛类型>,条文属公安机关治安处罚裁量基准。,治安管理,(6-7) 泛型法条被AI分为具体分类'治安管理'，应删除 | 原标记: <泛类型> | 法条: 《浙江省公安机关行政处罚裁量基准》第四百九十八第(二)阶次
《浙江省公安机关行政处罚裁量基准》第四百九十八第二阶次,治安管理,ai,True,<泛类型>,属公安机关裁量处罚，一般治安管理。,治安管理,(6-7) 泛型法条被AI分为具体分类'治安管理'，应删除 | 原标记: <泛类型> | 法条: 《浙江省公安机关行政处罚裁量基准》第四百九十八第二阶次
《浙江省公安机关行政处罚裁量基准》第四百九十六条,治安管理,ai,True,<泛类型>,属公安机关行政处罚一般治安案件。,治安管理,(6-7) 泛型法条被AI分为具体分类'治安管理'，应删除 | 原标记: <泛类型> | 法条: 《浙江省公安机关行政处罚裁量基准》第四百九十六条
《浙江省公安机关行政处罚裁量基准》第四百九十六条,治安管理,ai,True,<泛类型>,属公安机关裁量基准下治安处罚。,治安管理,(6-7) 泛型法条被AI分为具体分类'治安管理'，应删除 | 原标记: <泛类型> | 法条: 《浙江省公安机关行政处罚裁量基准》第四百九十六条
《浙江省公安机关行政处罚裁量基准》第四百九十条,治安管理,ai,True,<泛类型>,公安机关裁量基准，多属治安管理。,治安管理,(6-7) 泛型法条被AI分为具体分类'治安管理'，应删除 | 原标记: <泛类型> | 法条: 《浙江省公安机关行政处罚裁量基准》第四百九十条
《浙江省公安机关行政处罚裁量基准》第四百八十一条,治安管理,ai,True,<泛类型>,公安机关裁量基准，多属治安管理。,治安管理,(6-7) 泛型法条被AI分为具体分类'治安管理'，应删除 | 原标记: <泛类型> | 法条: 《浙江省公安机关行政处罚裁量基准》第四百八十一条
《浙江省公安机关行政处罚裁量基准》第四百八十三条,治安管理,ai,True,<泛类型>,属公安机关裁量基准，偏治安管理案件。,治安管理,(6-7) 泛型法条被AI分为具体分类'治安管理'，应删除 | 原标记: <泛类型> | 法条: 《浙江省公安机关行政处罚裁量基准》第四百八十三条
《浙江省公安机关行政处罚裁量基准》第四百八十五条,治安管理,ai,True,<泛类型>,公安机关裁量基准，一般对应治安管理事项。,治安管理,(6-7) 泛型法条被AI分为具体分类'治安管理'，应删除 | 原标记: <泛类型> | 法条: 《浙江省公安机关行政处罚裁量基准》第四百八十五条
《浙江省公安机关行政处罚裁量基准》第四百六十三条,治安管理,ai,True,<泛类型>,系公安机关注行使，一般属治安管理。,治安管理,(6-7) 泛型法条被AI分为具体分类'治安管理'，应删除 | 原标记: <泛类型> | 法条: 《浙江省公安机关行政处罚裁量基准》第四百六十三条
《浙江省公安机关行政处罚裁量基准》第四百六十二条,治安管理,ai,True,<泛类型>,系公安机关裁量基准，属治安管理。,治安管理,(6-7) 泛型法条被AI分为具体分类'治安管理'，应删除 | 原标记: <泛类型> | 法条: 《浙江省公安机关行政处罚裁量基准》第四百六十二条
《浙江省公安机关行政处罚裁量基准》第四百六十五条,治安管理,ai,True,<泛类型>,公安机关行政处罚一般属治安管理。,治安管理,(6-7) 泛型法条被AI分为具体分类'治安管理'，应删除 | 原标记: <泛类型> | 法条: 《浙江省公安机关行政处罚裁量基准》第四百六十五条
《浙江省公安机关行政处罚裁量基准》第四百六十五条第四阶次,治安管理,ai,True,<泛类型>,条文属公安行政处罚裁量，治安范畴。,治安管理,(6-7) 泛型法条被AI分为具体分类'治安管理'，应删除 | 原标记: <泛类型> | 法条: 《浙江省公安机关行政处罚裁量基准》第四百六十五条第四阶次
《浙江省公安机关行政处罚裁量基准》第四百六十八条,治安管理,ai,True,<泛类型>,属公安机关行政处罚一般治安行为。,治安管理,(6-7) 泛型法条被AI分为具体分类'治安管理'，应删除 | 原标记: <泛类型> | 法条: 《浙江省公安机关行政处罚裁量基准》第四百六十八条
《浙江省公安机关行政处罚裁量基准》第四百六十六条,治安管理,ai,True,<泛类型>,公安机关行政处罚裁量，属治安管理范畴。,治安管理,(6-7) 泛型法条被AI分为具体分类'治安管理'，应删除 | 原标记: <泛类型> | 法条: 《浙江省公安机关行政处罚裁量基准》第四百六十六条
《浙江省公安机关行政处罚裁量基准》第四百六十六条第四阶次,治安管理,ai,True,<泛类型>,属公安机关裁量基准，一般治安管理。,治安管理,(6-7) 泛型法条被AI分为具体分类'治安管理'，应删除 | 原标记: <泛类型> | 法条: 《浙江省公安机关行政处罚裁量基准》第四百六十六条第四阶次
《浙江省公路条例》第三十九条,交通运输,ai,True,<泛类型>,依据地方性公路管理规定，属交通运输领域。,交通运输违规,(6-7) 泛型法条被AI分为具体分类'交通运输'，应删除 | 原标记: <泛类型> | 法条: 《浙江省公路条例》第三十九条
《浙江省公路条例》第三十五条,交通运输,ai,True,<泛类型>,依据《公路条例》属道路交通管理。,交通运输违规,(6-7) 泛型法条被AI分为具体分类'交通运输'，应删除 | 原标记: <泛类型> | 法条: 《浙江省公路条例》第三十五条
《浙江省公路条例》第三十五条第一款,交通运输,ai,True,<泛类型>,依据《浙江省公路条例》，属公路管理领域。,交通运输违规,(6-7) 泛型法条被AI分为具体分类'交通运输'，应删除 | 原标记: <泛类型> | 法条: 《浙江省公路条例》第三十五条第一款
《浙江省公路条例》第三十四条第一款,交通运输,ai,True,<泛类型>,《浙江省公路条例》属公路管理领域。,交通运输违规,(6-7) 泛型法条被AI分为具体分类'交通运输'，应删除 | 原标记: <泛类型> | 法条: 《浙江省公路条例》第三十四条第一款
《浙江省公路条例》第三十四条第一款,交通运输,ai,True,<泛类型>,属公路管理领域违法行为。,交通运输违规,(6-7) 泛型法条被AI分为具体分类'交通运输'，应删除 | 原标记: <泛类型> | 法条: 《浙江省公路条例》第三十四条第一款
《浙江省公路条例》第三十四条第一款、,交通运输,ai,True,<泛类型>,依据《浙江省公路条例》属公路管理行为。,交通运输违规,(6-7) 泛型法条被AI分为具体分类'交通运输'，应删除 | 原标记: <泛类型> | 法条: 《浙江省公路条例》第三十四条第一款、
《浙江省公路条例》第五十三条第一款,交通运输,ai,True,<泛类型>,依据《浙江省公路条例》，属公路管理领域。,交通运输违规,(6-7) 泛型法条被AI分为具体分类'交通运输'，应删除 | 原标记: <泛类型> | 法条: 《浙江省公路条例》第五十三条第一款
《浙江省公路条例》第五十三条第一款,交通运输,ai,True,<泛类型>,属地方公路法规，典型交通运输领域。,交通运输违规,(6-7) 泛型法条被AI分为具体分类'交通运输'，应删除 | 原标记: <泛类型> | 法条: 《浙江省公路条例》第五十三条第一款
《浙江省公路条例》第五十三条第一款(第二项)的规定,交通运输,ai,True,<泛类型>,依据《公路条例》属道路交通领域。,交通运输违规,(6-7) 泛型法条被AI分为具体分类'交通运输'，应删除 | 原标记: <泛类型> | 法条: 《浙江省公路条例》第五十三条第一款(第二项)的规定
《浙江省公路条例》第五十三条第一款(第二项)的规定,交通运输,ai,True,<泛类型>,依据地方公路管理规定属交通运输领域。,交通运输违规,(6-7) 泛型法条被AI分为具体分类'交通运输'，应删除 | 原标记: <泛类型> | 法条: 《浙江省公路条例》第五十三条第一款(第二项)的规定
《浙江省公路条例》第五十三条第一款的规定,交通运输,ai,True,<泛类型>,依据《公路条例》属公路交通管理。,交通运输违规,(6-7) 泛型法条被AI分为具体分类'交通运输'，应删除 | 原标记: <泛类型> | 法条: 《浙江省公路条例》第五十三条第一款的规定
《浙江省公路条例》第五十三条第一款第(三)项,交通运输,ai,True,<泛类型>,依据《浙江省公路条例》属公路管理领域。,交通运输违规,(6-7) 泛型法条被AI分为具体分类'交通运输'，应删除 | 原标记: <泛类型> | 法条: 《浙江省公路条例》第五十三条第一款第(三)项
《浙江省公路条例》第五十三条第一款第(三)项的规定,交通运输,ai,True,<泛类型>,《浙江省公路条例》属公路交通管理。,交通运输违规,(6-7) 泛型法条被AI分为具体分类'交通运输'，应删除 | 原标记: <泛类型> | 法条: 《浙江省公路条例》第五十三条第一款第(三)项的规定
《浙江省公路条例》第五十三条第一款第(三)项的规定,交通运输,ai,True,<泛类型>,属公路管理规范事项，归入交通运输。,交通运输违规,(6-7) 泛型法条被AI分为具体分类'交通运输'，应删除 | 原标记: <泛类型> | 法条: 《浙江省公路条例》第五十三条第一款第(三)项的规定
"《浙江省公路条例》第五十三条第一款第(三)项的规定,罚款,",交通运输,ai,True,<泛类型>,依据地方公路条例，属公路管理领域。,交通运输违规,"(6-7) 泛型法条被AI分为具体分类'交通运输'，应删除 | 原标记: <泛类型> | 法条: 《浙江省公路条例》第五十三条第一款第(三)项的规定,罚款,"
《浙江省公路条例》第五十三条第一款第(二)项,交通运输,ai,True,<泛类型>,属地方公路管理规范，归入交通运输。,交通运输违规,(6-7) 泛型法条被AI分为具体分类'交通运输'，应删除 | 原标记: <泛类型> | 法条: 《浙江省公路条例》第五十三条第一款第(二)项
《浙江省公路条例》第五十三条第一款第(二)项的规定,交通运输,ai,True,<泛类型>,属《公路条例》管理的公路行为。,交通运输违规,(6-7) 泛型法条被AI分为具体分类'交通运输'，应删除 | 原标记: <泛类型> | 法条: 《浙江省公路条例》第五十三条第一款第(二)项的规定
《浙江省公路条例》第五十三条第一款第(二)项的规定,交通运输,ai,True,<泛类型>,系《浙江省公路条例》规定，属公路管理。,交通运输违规,(6-7) 泛型法条被AI分为具体分类'交通运输'，应删除 | 原标记: <泛类型> | 法条: 《浙江省公路条例》第五十三条第一款第(二)项的规定
《浙江省公路条例》第五十三条第一款第（一）项的规定,交通运输,ai,True,<泛类型>,属公路管理条例调整，交通运输领域。,交通运输违规,(6-7) 泛型法条被AI分为具体分类'交通运输'，应删除 | 原标记: <泛类型> | 法条: 《浙江省公路条例》第五十三条第一款第（一）项的规定
《浙江省公路条例》第五十三条第一款第（三）项,交通运输,ai,True,<泛类型>,《浙江省公路条例》属公路管理领域。,交通运输违规,(6-7) 泛型法条被AI分为具体分类'交通运输'，应删除 | 原标记: <泛类型> | 法条: 《浙江省公路条例》第五十三条第一款第（三）项
《浙江省公路条例》第五十三条第一款第（三）项的规定,交通运输,ai,True,<泛类型>,属地方公路管理规定，交通运输领域。,交通运输违规,(6-7) 泛型法条被AI分为具体分类'交通运输'，应删除 | 原标记: <泛类型> | 法条: 《浙江省公路条例》第五十三条第一款第（三）项的规定
《浙江省公路条例》第五十三条第一款第（三）项的规定,交通运输,ai,True,<泛类型>,依据《浙江省公路条例》属公路管理类违法。,交通运输违规,(6-7) 泛型法条被AI分为具体分类'交通运输'，应删除 | 原标记: <泛类型> | 法条: 《浙江省公路条例》第五十三条第一款第（三）项的规定
"《浙江省公路条例》第五十三条第一款第（三）项的规定,罚款,",交通运输,ai,True,<泛类型>,依据《公路条例》，属公路管理领域。,交通运输违规,"(6-7) 泛型法条被AI分为具体分类'交通运输'，应删除 | 原标记: <泛类型> | 法条: 《浙江省公路条例》第五十三条第一款第（三）项的规定,罚款,"
《浙江省公路条例》第五十三条第一款第（二）项,交通运输,ai,True,<泛类型>,依据公路管理条例，属道路交通领域。,交通运输违规,(6-7) 泛型法条被AI分为具体分类'交通运输'，应删除 | 原标记: <泛类型> | 法条: 《浙江省公路条例》第五十三条第一款第（二）项
《浙江省公路条例》第五十三条第一款第（二）项,交通运输,ai,True,<泛类型>,依据公路管理条例，属道路运输领域。,交通运输违规,(6-7) 泛型法条被AI分为具体分类'交通运输'，应删除 | 原标记: <泛类型> | 法条: 《浙江省公路条例》第五十三条第一款第（二）项
《浙江省公路条例》第五十三条第一款第（二）项的规定,交通运输,ai,True,<泛类型>,系地方公路管理法规，属交通运输。,交通运输违规,(6-7) 泛型法条被AI分为具体分类'交通运输'，应删除 | 原标记: <泛类型> | 法条: 《浙江省公路条例》第五十三条第一款第（二）项的规定
《浙江省公路条例》第五十三条第一款第（二）项的规定,交通运输,ai,True,<泛类型>,依据《浙江省公路条例》，属公路管理领域。,交通运输违规,(6-7) 泛型法条被AI分为具体分类'交通运输'，应删除 | 原标记: <泛类型> | 法条: 《浙江省公路条例》第五十三条第一款第（二）项的规定
"《浙江省公路条例》第五十三条第一款第（二）项的规定,罚款,",交通运输,ai,True,<泛类型>,《浙江省公路条例》属公路管理领域。,交通运输违规,"(6-7) 泛型法条被AI分为具体分类'交通运输'，应删除 | 原标记: <泛类型> | 法条: 《浙江省公路条例》第五十三条第一款第（二）项的规定,罚款,"
《浙江省公路条例》第五十三条第一款（第二项）的规定,交通运输,ai,True,<泛类型>,依据《浙江省公路条例》，属公路管理领域。,交通运输违规,(6-7) 泛型法条被AI分为具体分类'交通运输'，应删除 | 原标记: <泛类型> | 法条: 《浙江省公路条例》第五十三条第一款（第二项）的规定
《浙江省公路条例》第五十六条的规定,交通运输,ai,True,<泛类型>,依据《公路条例》，属公路管理领域。,交通运输违规,(6-7) 泛型法条被AI分为具体分类'交通运输'，应删除 | 原标记: <泛类型> | 法条: 《浙江省公路条例》第五十六条的规定
《浙江省公路行政处罚裁量基准》,交通运输,ai,True,<泛类型>,公路行政处罚基准，属交通运输管理。,交通运输违规,(6-7) 泛型法条被AI分为具体分类'交通运输'，应删除 | 原标记: <泛类型> | 法条: 《浙江省公路行政处罚裁量基准》
《浙江省公路路政管理条例》第18条和,交通运输,ai,True,<泛类型>,依据公路路政管理条例，属道路管理违法。,交通运输违规,(6-7) 泛型法条被AI分为具体分类'交通运输'，应删除 | 原标记: <泛类型> | 法条: 《浙江省公路路政管理条例》第18条和
《浙江省公路路政管理条例》第50条,交通运输,ai,True,<泛类型>,属公路路政管理事项，交通运输领域。,交通运输违规,(6-7) 泛型法条被AI分为具体分类'交通运输'，应删除 | 原标记: <泛类型> | 法条: 《浙江省公路路政管理条例》第50条
《浙江省公路路政管理条例》第三十六条第二款,交通运输,ai,True,<泛类型>,属公路路政管理事项，交通运输领域。,交通运输违规,(6-7) 泛型法条被AI分为具体分类'交通运输'，应删除 | 原标记: <泛类型> | 法条: 《浙江省公路路政管理条例》第三十六条第二款
《浙江省公路路政管理条例》第二十九条,交通运输,ai,True,<泛类型>,属公路路政管理事项，交通运输领域。,交通运输违规,(6-7) 泛型法条被AI分为具体分类'交通运输'，应删除 | 原标记: <泛类型> | 法条: 《浙江省公路路政管理条例》第二十九条
《浙江省公路路政管理条例》第二十九条,交通运输,ai,True,<泛类型>,涉及公路路政管理，属交通运输领域。,交通运输违规,(6-7) 泛型法条被AI分为具体分类'交通运输'，应删除 | 原标记: <泛类型> | 法条: 《浙江省公路路政管理条例》第二十九条
《浙江省公路路政管理条例》第二十九条第三项,交通运输,ai,True,<泛类型>,属公路路政管理范畴，交通运输领域。,交通运输违规,(6-7) 泛型法条被AI分为具体分类'交通运输'，应删除 | 原标记: <泛类型> | 法条: 《浙江省公路路政管理条例》第二十九条第三项
《浙江省公路路政管理条例》第二十九条第三项和,交通运输,ai,True,<泛类型>,依据公路路政管理条例，属道路交通类。,交通运输违规,(6-7) 泛型法条被AI分为具体分类'交通运输'，应删除 | 原标记: <泛类型> | 法条: 《浙江省公路路政管理条例》第二十九条第三项和
《浙江省公路路政管理条例》第四十九条,交通运输,ai,True,<泛类型>,依据公路路政管理条例内容属路政管理。,交通运输违规,(6-7) 泛型法条被AI分为具体分类'交通运输'，应删除 | 原标记: <泛类型> | 法条: 《浙江省公路路政管理条例》第四十九条
《浙江省动物防疫条例》第二十二条第一款,*动物防疫管理*,ai,True,<泛类型>,依据动物防疫条例，属防疫管理违规。,*动物防疫管理*,(6-6) AI分类含星号'*动物防疫管理*'，分类不确定 | 法条: 《浙江省动物防疫条例》第二十二条第一款
《浙江省动物防疫条例》第六十六条第一款“违反本条例第四十八条第一款,*动物防疫管理*,ai,True,<泛类型>,依据动物防疫条例禁止性规定。,*动物防疫管理*,(6-6) AI分类含星号'*动物防疫管理*'，分类不确定 | 法条: 《浙江省动物防疫条例》第六十六条第一款“违反本条例第四十八条第一款
《浙江省动物防疫条例》第四十八条第一款,*动物防疫管理*,ai,True,<泛类型>,依据动物防疫条例规定行为。,*动物防疫管理*,(6-6) AI分类含星号'*动物防疫管理*'，分类不确定 | 法条: 《浙江省动物防疫条例》第四十八条第一款
《浙江省卫生系统行政处罚自由裁量办法(试行)》第八条,卫生健康,ai,True,<泛类型>,依据卫生系统行政处罚自由裁量办法。,医疗卫生,(6-7) 泛型法条被AI分为具体分类'卫生健康'，应删除 | 原标记: <泛类型> | 法条: 《浙江省卫生系统行政处罚自由裁量办法(试行)》第八条
《浙江省卫生系统行政处罚自由裁量办法(试行)》第八条,卫生健康,ai,True,<泛类型>,属卫生系统内部处罚裁量规范。,医疗卫生,(6-7) 泛型法条被AI分为具体分类'卫生健康'，应删除 | 原标记: <泛类型> | 法条: 《浙江省卫生系统行政处罚自由裁量办法(试行)》第八条
《浙江省卫生系统行政处罚自由裁量实施细则》,卫生健康,ai,True,<泛类型>,系卫生系统行政处罚裁量细则。,医疗卫生,(6-7) 泛型法条被AI分为具体分类'卫生健康'，应删除 | 原标记: <泛类型> | 法条: 《浙江省卫生系统行政处罚自由裁量实施细则》
《浙江省卫生行政处罚程序》第四十五条,卫生健康,ai,True,<泛类型>,依据卫生行政处罚程序条款，属卫生领域。,医疗卫生,(6-5) 程序性，不含实体违规 | 匹配模式: '行政处罚程序' | 法条: 《浙江省卫生行政处罚程序》第四十五条
《浙江省卫生行政处罚自由裁量基准》,卫生健康,ai,True,<泛类型>,《卫生行政处罚》明确属医疗卫生监管。,医疗卫生,(6-7) 泛型法条被AI分为具体分类'卫生健康'，应删除 | 原标记: <泛类型> | 法条: 《浙江省卫生行政处罚自由裁量基准》
《浙江省卫生行政处罚自由裁量标准》,卫生健康,ai,True,<泛类型>,依据卫生行政处罚自由裁量标准。,医疗卫生,(6-7) 泛型法条被AI分为具体分类'卫生健康'，应删除 | 原标记: <泛类型> | 法条: 《浙江省卫生行政处罚自由裁量标准》
《浙江省卫生计生系统行政处罚自由裁量》,卫生健康,ai,True,<泛类型>,《卫生计生系统行政处罚》属医疗监管。,医疗卫生,(6-7) 泛型法条被AI分为具体分类'卫生健康'，应删除 | 原标记: <泛类型> | 法条: 《浙江省卫生计生系统行政处罚自由裁量》
《浙江省卫生计生系统行政处罚自由裁量指导意见》,卫生健康,ai,True,<泛类型>,《卫生计生系统行政处罚》直接对应医疗卫生,医疗卫生,(6-7) 泛型法条被AI分为具体分类'卫生健康'，应删除 | 原标记: <泛类型> | 法条: 《浙江省卫生计生系统行政处罚自由裁量指导意见》
《浙江省卫生计生系统行政处罚自裁量指导意见》,卫生健康,ai,True,<泛类型>,面向卫生计生系统行政处罚规范。,医疗卫生,(6-7) 泛型法条被AI分为具体分类'卫生健康'，应删除 | 原标记: <泛类型> | 法条: 《浙江省卫生计生系统行政处罚自裁量指导意见》
《浙江省反不正当条例》第七条第一款、第八条第（二）项,市场秩序与竞争监管,ai,True,<泛类型>,依据反不正当竞争地方条例规定。,不正当竞争/商业贿赂,(6-7) 泛型法条被AI分为具体分类'市场秩序与竞争监管'，应删除 | 原标记: <泛类型> | 法条: 《浙江省反不正当条例》第七条第一款、第八条第（二）项
《浙江省反走私综合治理规定》第九条,海关/进出口,ai,True,<泛类型>,反走私管理，本质属进出口监管。,海关/进出口,(6-7) 泛型法条被AI分为具体分类'海关/进出口'，应删除 | 原标记: <泛类型> | 法条: 《浙江省反走私综合治理规定》第九条
《浙江省反走私综合治理规定》第十七条,海关/进出口,ai,True,<泛类型>,反走私综合治理本质属海关进出口管理。,海关/进出口,(6-7) 泛型法条被AI分为具体分类'海关/进出口'，应删除 | 原标记: <泛类型> | 法条: 《浙江省反走私综合治理规定》第十七条
《浙江省反走私综合治理规定》第十六条“违反本规定第九条第一款,海关/进出口,ai,True,<泛类型>,反走私综合治理，本质属进出口监管。,海关/进出口,(6-7) 泛型法条被AI分为具体分类'海关/进出口'，应删除 | 原标记: <泛类型> | 法条: 《浙江省反走私综合治理规定》第十六条“违反本规定第九条第一款
《浙江省反走私综合治理规定》第十条第一项至第三项、第五项,海关/进出口,ai,True,<泛类型>,依据反走私规定，属进出口走私行为。,海关/进出口,(6-7) 泛型法条被AI分为具体分类'海关/进出口'，应删除 | 原标记: <泛类型> | 法条: 《浙江省反走私综合治理规定》第十条第一项至第三项、第五项
《浙江省发展和改革委员会行政处罚事先告知书》,市场秩序与竞争监管,ai,True,<泛类型>,发改委处罚通常涉及价格收费行为。,价格/收费,(6-7) 泛型法条被AI分为具体分类'市场秩序与竞争监管'，应删除 | 原标记: <泛类型> | 法条: 《浙江省发展和改革委员会行政处罚事先告知书》
《浙江省国土资源行政处罚裁量权执行标准（试行）》,建设工程与房地产,ai,True,<泛类型>,依据国土资源行政处罚标准，属土地管理。,房地产/土地,(6-5) 程序性 | 匹配模式: '行政处罚裁量权' | 法条: 《浙江省国土资源行政处罚裁量权执行标准（试行）》
《浙江省国土资源行政处罚裁量权执行标准（试行）》第三项,建设工程与房地产,ai,True,<泛类型>,国土资源处罚标准，多涉土地利用。,房地产/土地,(6-5) 程序性 | 匹配模式: '行政处罚裁量权' | 法条: 《浙江省国土资源行政处罚裁量权执行标准（试行）》第三项
《浙江省地方水利建设基金征收和减免管理办法》,环境保护,ai,True,<泛类型>,涉及水利基金征收减免管理规定。】,水资源,(6-7) 泛型法条被AI分为具体分类'环境保护'，应删除 | 原标记: <泛类型> | 法条: 《浙江省地方水利建设基金征收和减免管理办法》
《浙江省城市管理领域行政处罚裁量基准》,*城市管理执法*,ai,True,<泛类型>,针对城市管理领域处罚裁量标准。,*城市管理执法*,(6-6) AI分类含星号'*城市管理执法*'，分类不确定 | 法条: 《浙江省城市管理领域行政处罚裁量基准》
《浙江省城市绿地管理办法》第三十一条,*城市绿地管理*,ai,True,<泛类型>,依据城市绿地管理地方性法规。,*城市绿地管理*,(6-6) AI分类含星号'*城市绿地管理*'，分类不确定 | 法条: 《浙江省城市绿地管理办法》第三十一条
《浙江省城市规划条例》第三十六条第一款,建设工程与房地产,ai,True,<泛类型>,城市规划管理属土地利用及建设规划。,房地产/土地,(6-7) 泛型法条被AI分为具体分类'建设工程与房地产'，应删除 | 原标记: <泛类型> | 法条: 《浙江省城市规划条例》第三十六条第一款
《浙江省定价目录（2018年版）》,市场秩序与竞争监管,ai,True,<泛类型>,《定价目录》属政府定价价格管理依据。,价格/收费,(6-7) 泛型法条被AI分为具体分类'市场秩序与竞争监管'，应删除 | 原标记: <泛类型> | 法条: 《浙江省定价目录（2018年版）》
《浙江省实施办法》第四十四条之规定“违反本办法第二十五条,建设工程与房地产,ai,True,<泛类型>,实施办法第二十五条系工程建设管理规定。,建设工程,(6-7) 泛型法条被AI分为具体分类'建设工程与房地产'，应删除 | 原标记: <泛类型> | 法条: 《浙江省实施办法》第四十四条之规定“违反本办法第二十五条
《浙江省抗菌药物临床应用分级管理目录(2015版)》,卫生健康,ai,True,<泛类型>,涉及抗菌药物临床应用分级管理规范。,医疗卫生,(6-7) 泛型法条被AI分为具体分类'卫生健康'，应删除 | 原标记: <泛类型> | 法条: 《浙江省抗菌药物临床应用分级管理目录(2015版)》
《浙江省报道保障监察条例》第三十六条,公共文化与传媒,ai,True,<泛类型>,报道保障监察属新闻传媒管理。,公共文化与传媒,(6-7) 泛型法条被AI分为具体分类'公共文化与传媒'，应删除 | 原标记: <泛类型> | 法条: 《浙江省报道保障监察条例》第三十六条
《浙江省文物局行政执法督办单（浙文物督函[2023]10号）》,文物保护,ai,True,<泛类型>,文件为省文物局执法督办，涉文物保护。,文物保护,(6-7) 泛型法条被AI分为具体分类'文物保护'，应删除 | 原标记: <泛类型> | 法条: 《浙江省文物局行政执法督办单（浙文物督函[2023]10号）》
《浙江省水行政处罚自由裁量基准》第十八条关于未经批准非法采砂行政处罚裁量基准第二款,环境保护,ai,True,<泛类型>,涉非法采砂，属水行政管理。,水资源,(6-7) 泛型法条被AI分为具体分类'环境保护'，应删除 | 原标记: <泛类型> | 法条: 《浙江省水行政处罚自由裁量基准》第十八条关于未经批准非法采砂行政处罚裁量基准第二款
《浙江省水行政处罚裁量基准》,环境保护,ai,True,<泛类型>,水行政处罚裁量基准，属水资源管理】,水资源,(6-7) 泛型法条被AI分为具体分类'环境保护'，应删除 | 原标记: <泛类型> | 法条: 《浙江省水行政处罚裁量基准》
《浙江省水行政处罚裁量基准》第(八)条,环境保护,ai,True,<泛类型>,水行政处罚裁量基准，属水事违法】,水资源,(6-7) 泛型法条被AI分为具体分类'环境保护'，应删除 | 原标记: <泛类型> | 法条: 《浙江省水行政处罚裁量基准》第(八)条
《浙江省汽车维修行业工时定额和收费标准》第六条第二十六项,市场秩序与竞争监管,ai,True,<泛类型>,汽车维修工时定额和收费标准相关。,价格/收费,(6-7) 泛型法条被AI分为具体分类'市场秩序与竞争监管'，应删除 | 原标记: <泛类型> | 法条: 《浙江省汽车维修行业工时定额和收费标准》第六条第二十六项
《浙江省河道管理条例》第三十七条第一款,环境保护,ai,True,<泛类型>,《河道管理条例》属水资源管理。,水资源,(6-7) 泛型法条被AI分为具体分类'环境保护'，应删除 | 原标记: <泛类型> | 法条: 《浙江省河道管理条例》第三十七条第一款
《浙江省河道管理条例》第三十五条,环境保护,ai,True,<泛类型>,河道管理条例内容，属水域水资源管理】,水资源,(6-7) 泛型法条被AI分为具体分类'环境保护'，应删除 | 原标记: <泛类型> | 法条: 《浙江省河道管理条例》第三十五条
《浙江省河道管理条例》第三十五条第一款,*河道管理违规*,ai,True,<泛类型>,依据河道管理条例第三十五条规定。,*河道管理违规*,(6-6) AI分类含星号'*河道管理违规*'，分类不确定 | 法条: 《浙江省河道管理条例》第三十五条第一款
《浙江省河道管理条例》第三十五条第一款、第四十四条第一款,环境保护,ai,True,<泛类型>,涉及河道管理条例，属水事水资源。,水资源,(6-7) 泛型法条被AI分为具体分类'环境保护'，应删除 | 原标记: <泛类型> | 法条: 《浙江省河道管理条例》第三十五条第一款、第四十四条第一款
《浙江省河道管理条例》第二十六条第(二)项,环境保护,ai,True,<泛类型>,河道管理条款，本质属水事管理。,水资源,(6-7) 泛型法条被AI分为具体分类'环境保护'，应删除 | 原标记: <泛类型> | 法条: 《浙江省河道管理条例》第二十六条第(二)项
《浙江省河道管理条例》第四十三条,环境保护,ai,True,<泛类型>,河道管理规定，属水事违法。,水资源,(6-7) 泛型法条被AI分为具体分类'环境保护'，应删除 | 原标记: <泛类型> | 法条: 《浙江省河道管理条例》第四十三条
《浙江省河道管理条例》第四十三条和,环境保护,ai,True,<泛类型>,依据河道管理条例，属水事管理。,水资源,(6-7) 泛型法条被AI分为具体分类'环境保护'，应删除 | 原标记: <泛类型> | 法条: 《浙江省河道管理条例》第四十三条和
《浙江省河道管理条例》第四十五条“违反本条例第三十七条第一款,环境保护,ai,True,<泛类型>,河道管理条例属水域水资源管理。,水资源,(6-7) 泛型法条被AI分为具体分类'环境保护'，应删除 | 原标记: <泛类型> | 法条: 《浙江省河道管理条例》第四十五条“违反本条例第三十七条第一款
《浙江省河道管理条例》第四十四条第一款的规定,环境保护,ai,True,<泛类型>,河道管理条例属水域水资源管理。,水资源,(6-7) 泛型法条被AI分为具体分类'环境保护'，应删除 | 原标记: <泛类型> | 法条: 《浙江省河道管理条例》第四十四条第一款的规定
《浙江省海洋与渔业行政处罚裁量基准（海监部分2017版）》,*海洋渔业执法*,ai,True,<泛类型>,专门针对海洋与渔业行政处罚裁量基准。,*海洋渔业执法*,(6-6) AI分类含星号'*海洋渔业执法*'，分类不确定 | 法条: 《浙江省海洋与渔业行政处罚裁量基准（海监部分2017版）》
《浙江省温州市洞头区人民法院刑事判决书》,其他违法行为*,ai,True,<泛类型>,仅见判决书名称，缺乏具体案情。,其他违法行为*,(6-6) AI分类含星号'其他违法行为*'，分类不确定 | 法条: 《浙江省温州市洞头区人民法院刑事判决书》
《浙江省温瑞塘河保护管理条例》第三十五条第一款,环境保护,ai,True,<泛类型>,地方河道保护管理条例，属环境保护。,环境保护,(6-7) 泛型法条被AI分为具体分类'环境保护'，应删除 | 原标记: <泛类型> | 法条: 《浙江省温瑞塘河保护管理条例》第三十五条第一款
《浙江省温瑞塘河保护管理条例》第二十七条第（二）项,环境保护,ai,True,<泛类型>,河道保护管理事项，属环境保护。,环境保护,(6-7) 泛型法条被AI分为具体分类'环境保护'，应删除 | 原标记: <泛类型> | 法条: 《浙江省温瑞塘河保护管理条例》第二十七条第（二）项
《浙江省爱国卫生促进条例》第二十七条第一款,卫生健康,ai,True,<泛类型>,爱国卫生条例属公共卫生管理。,医疗卫生,(6-7) 泛型法条被AI分为具体分类'卫生健康'，应删除 | 原标记: <泛类型> | 法条: 《浙江省爱国卫生促进条例》第二十七条第一款
《浙江省皮革产业质量监督抽查评价规则》,产品质量与安全,ai,True,<泛类型>,与皮革产品质量监督抽查直接相关。,产品质量,(6-7) 泛型法条被AI分为具体分类'产品质量与安全'，应删除 | 原标记: <泛类型> | 法条: 《浙江省皮革产业质量监督抽查评价规则》
《浙江省禁毒条例》第十二条第二款,治安管理,ai,True,<泛类型>,禁毒管理属社会治安、公共安全范畴。,治安管理,(6-7) 泛型法条被AI分为具体分类'治安管理'，应删除 | 原标记: <泛类型> | 法条: 《浙江省禁毒条例》第十二条第二款
《浙江省禁毒条例》第十二条第二款、第四十五条第一款,*禁毒管理违法*,ai,True,<泛类型>,依据《浙江省禁毒条例》属禁毒管理。,*禁毒管理违法*,(6-6) AI分类含星号'*禁毒管理违法*'，分类不确定 | 法条: 《浙江省禁毒条例》第十二条第二款、第四十五条第一款
《浙江省禁毒条例》第四十五条第一款,*禁毒管理违规,ai,True,<泛类型>,依据地方禁毒条例设定处罚。,*禁毒管理违规,(6-6) AI分类含星号'*禁毒管理违规'，分类不确定 | 法条: 《浙江省禁毒条例》第四十五条第一款
《浙江省紧急防护民用口罩生产指南（暂行）》,产品质量与安全,ai,True,<泛类型>,《口罩生产指南》属产品质量规范。,产品质量,(6-7) 泛型法条被AI分为具体分类'产品质量与安全'，应删除 | 原标记: <泛类型> | 法条: 《浙江省紧急防护民用口罩生产指南（暂行）》
《浙江省紧急防护民用防护口罩生产指南（暂行）》,卫生健康,ai,True,<泛类型>,涉及防护口罩生产规范与卫生要求。,医疗卫生,(6-7) 泛型法条被AI分为具体分类'卫生健康'，应删除 | 原标记: <泛类型> | 法条: 《浙江省紧急防护民用防护口罩生产指南（暂行）》
《浙江省统计局系统行政处罚裁量实施细则》第六条第一款第(二)项,统计相关,ai,True,<泛类型>,源自统计局系统内部裁量细则。,统计相关,(6-7) 泛型法条被AI分为具体分类'统计相关'，应删除 | 原标记: <泛类型> | 法条: 《浙江省统计局系统行政处罚裁量实施细则》第六条第一款第(二)项
《浙江省统计局系统行政处罚裁量实施细则》第六条第一款第（一）项,统计相关,ai,True,<泛类型>,出自统计局行政处罚裁量细则。,统计相关,(6-7) 泛型法条被AI分为具体分类'统计相关'，应删除 | 原标记: <泛类型> | 法条: 《浙江省统计局系统行政处罚裁量实施细则》第六条第一款第（一）项
《浙江省统计局系统行政处罚裁量实施细则》第六条第一款第（二）项,统计相关,ai,True,<泛类型>,出自统计局行政处罚裁量细则。,统计相关,(6-7) 泛型法条被AI分为具体分类'统计相关'，应删除 | 原标记: <泛类型> | 法条: 《浙江省统计局系统行政处罚裁量实施细则》第六条第一款第（二）项
《浙江省统计局系统行政处罚裁量实施细则》第六条第（一）项,统计相关,ai,True,<泛类型>,源自统计局系统处罚裁量细则。,统计相关,(6-7) 泛型法条被AI分为具体分类'统计相关'，应删除 | 原标记: <泛类型> | 法条: 《浙江省统计局系统行政处罚裁量实施细则》第六条第（一）项
《浙江省统计工作监督管理条例》第十条,统计相关,ai,True,<泛类型>,条文出自统计监督管理条例。,统计相关,(6-7) 泛型法条被AI分为具体分类'统计相关'，应删除 | 原标记: <泛类型> | 法条: 《浙江省统计工作监督管理条例》第十条
《浙江省统计行政处罚裁量实施细则》,统计相关,ai,True,<泛类型>,《统计行政处罚裁量实施细则》明确指向统计。,统计相关,(6-7) 泛型法条被AI分为具体分类'统计相关'，应删除 | 原标记: <泛类型> | 法条: 《浙江省统计行政处罚裁量实施细则》
《浙江省统计行政处罚裁量实施细则》第六条,统计相关,ai,True,<泛类型>,《统计行政处罚裁量实施细则》属统计领域。,统计相关,(6-7) 泛型法条被AI分为具体分类'统计相关'，应删除 | 原标记: <泛类型> | 法条: 《浙江省统计行政处罚裁量实施细则》第六条
《浙江省统计行政处罚裁量实施细则》第六条第(一)项,统计相关,ai,True,<泛类型>,《统计行政处罚裁量实施细则》属统计监管。,统计相关,(6-7) 泛型法条被AI分为具体分类'统计相关'，应删除 | 原标记: <泛类型> | 法条: 《浙江省统计行政处罚裁量实施细则》第六条第(一)项
《浙江省统计行政处罚裁量实施细则》第六条第(二)项,统计相关,ai,True,<泛类型>,依据统计行政处罚裁量细则内容判定。,统计相关,(6-7) 泛型法条被AI分为具体分类'统计相关'，应删除 | 原标记: <泛类型> | 法条: 《浙江省统计行政处罚裁量实施细则》第六条第(二)项
"《浙江省统计行政处罚裁量实施细则》第六条第(二)项,",统计相关,ai,True,<泛类型>,明确依据统计行政处罚裁量细则。,统计相关,"(6-7) 泛型法条被AI分为具体分类'统计相关'，应删除 | 原标记: <泛类型> | 法条: 《浙江省统计行政处罚裁量实施细则》第六条第(二)项,"
《浙江省统计行政处罚裁量实施细则》第六条第一款第(一)项,统计相关,ai,True,<泛类型>,出处为统计行政处罚裁量细则。,统计相关,(6-7) 泛型法条被AI分为具体分类'统计相关'，应删除 | 原标记: <泛类型> | 法条: 《浙江省统计行政处罚裁量实施细则》第六条第一款第(一)项
《浙江省统计行政处罚裁量实施细则》第六条第一款第(二)项,统计相关,ai,True,<泛类型>,属于统计行政处罚裁量实施细则范畴。,统计相关,(6-7) 泛型法条被AI分为具体分类'统计相关'，应删除 | 原标记: <泛类型> | 法条: 《浙江省统计行政处罚裁量实施细则》第六条第一款第(二)项
《浙江省统计行政处罚裁量实施细则》第六条第一款第（一）项,统计相关,ai,True,<泛类型>,依据统计行政处罚裁量细则内容。,统计相关,(6-7) 泛型法条被AI分为具体分类'统计相关'，应删除 | 原标记: <泛类型> | 法条: 《浙江省统计行政处罚裁量实施细则》第六条第一款第（一）项
《浙江省统计行政处罚裁量实施细则》第六条第（一）项,统计相关,ai,True,<泛类型>,依据统计行政处罚裁量细则内容。,统计相关,(6-7) 泛型法条被AI分为具体分类'统计相关'，应删除 | 原标记: <泛类型> | 法条: 《浙江省统计行政处罚裁量实施细则》第六条第（一）项
《浙江省自然资源行政处罚裁量基准(国土、测绘)(试行)》,建设工程与房地产,ai,True,<泛类型>,自然资源含国土管理领域。,房地产/土地,(6-7) 泛型法条被AI分为具体分类'建设工程与房地产'，应删除 | 原标记: <泛类型> | 法条: 《浙江省自然资源行政处罚裁量基准(国土、测绘)(试行)》
《浙江省自然资源行政处罚裁量基准（国土、测绘）（试行）》,建设工程与房地产,ai,True,<泛类型>,自然资源含国土管理，属土地类。,房地产/土地,(6-7) 泛型法条被AI分为具体分类'建设工程与房地产'，应删除 | 原标记: <泛类型> | 法条: 《浙江省自然资源行政处罚裁量基准（国土、测绘）（试行）》
《浙江省规范行政处罚裁量权办法》,其他,ai,True,<泛类型>,仅给出裁量权办法标题，无法细分。,其他违法行为,(6-5) 程序性 | 匹配模式: '行政处罚裁量权' | 法条: 《浙江省规范行政处罚裁量权办法》
《浙江省违法建筑处置规定》第二十三条第三款,建设工程与房地产,ai,True,<泛类型>,违法建筑处置规定，属建设管理。,建设工程,(6-7) 泛型法条被AI分为具体分类'建设工程与房地产'，应删除 | 原标记: <泛类型> | 法条: 《浙江省违法建筑处置规定》第二十三条第三款
《浙江省违法建筑处置规定》第二十八条第一款的规定,建设工程与房地产,ai,True,<泛类型>,违法建筑处置本质属土地房产管理。,房地产/土地,(6-7) 泛型法条被AI分为具体分类'建设工程与房地产'，应删除 | 原标记: <泛类型> | 法条: 《浙江省违法建筑处置规定》第二十八条第一款的规定
《浙江省违法建筑处置规定》第十一条第（三）项,建设工程与房地产,ai,True,<泛类型>,违法建筑处置，本质属土地房产管理。,房地产/土地,(6-7) 泛型法条被AI分为具体分类'建设工程与房地产'，应删除 | 原标记: <泛类型> | 法条: 《浙江省违法建筑处置规定》第十一条第（三）项
《浙江祥华防爆电器有限公司验资报告》,金融/账户,ai,True,<泛类型>,涉及公司验资报告资金真实性问题。,金融/账户,(6-7) 泛型法条被AI分为具体分类'金融/账户'，应删除 | 原标记: <泛类型> | 法条: 《浙江祥华防爆电器有限公司验资报告》
《浙江融创磁业有限公司“7.3”一般叉车相关伤害事故调查报告》,安全生产,ai,True,<泛类型>,一般叉车伤害事故，属生产安全责任。,安全生产,(6-7) 泛型法条被AI分为具体分类'安全生产'，应删除 | 原标记: <泛类型> | 法条: 《浙江融创磁业有限公司“7.3”一般叉车相关伤害事故调查报告》
《浙江金欧包装有限公司“4·30”机械伤害事故调查报告》,安全生产,ai,True,<泛类型>,机械伤害事故调查，典型安全生产责任。,安全生产,(6-7) 泛型法条被AI分为具体分类'安全生产'，应删除 | 原标记: <泛类型> | 法条: 《浙江金欧包装有限公司“4·30”机械伤害事故调查报告》
《浙江鼎元建设有限公司“3.11”一般高处坠落事故调查报告》,安全生产,ai,True,<泛类型>,一般高处坠落事故，典型生产安全责任事故。,安全生产,(6-7) 泛型法条被AI分为具体分类'安全生产'，应删除 | 原标记: <泛类型> | 法条: 《浙江鼎元建设有限公司“3.11”一般高处坠落事故调查报告》
《浦江县工商局城北工商所预付式消费行业格式合同规范行政指导书》,市场秩序与竞争监管,ai,True,<泛类型>,规范预付消费合同、保护消费者权益。,消费者权益/市场秩序,(6-7) 泛型法条被AI分为具体分类'市场秩序与竞争监管'，应删除 | 原标记: <泛类型> | 法条: 《浦江县工商局城北工商所预付式消费行业格式合同规范行政指导书》
《浮动抵押合同》,财税与金融监管,ai,True,<泛类型>,涉及浮动抵押合同，为典型信贷担保。,金融/信贷违规,(6-7) 泛型法条被AI分为具体分类'财税与金融监管'，应删除 | 原标记: <泛类型> | 法条: 《浮动抵押合同》
《海丰县2021年8月、9月新增农房图斑》,建设工程与房地产,ai,True,<泛类型>,涉及农房建设用地、土地管理问题。,房地产/土地,(6-7) 泛型法条被AI分为具体分类'建设工程与房地产'，应删除 | 原标记: <泛类型> | 法条: 《海丰县2021年8月、9月新增农房图斑》
《海关监管作业场所(场地)设置规范》,海关/进出口,ai,True,<泛类型>,《海关监管作业场所设置规范》直接相关。,海关/进出口,(6-7) 泛型法条被AI分为具体分类'海关/进出口'，应删除 | 原标记: <泛类型> | 法条: 《海关监管作业场所(场地)设置规范》
《海关行政处罚实施条例》第五十三条,海关/进出口,ai,True,<泛类型>,依据《海关行政处罚实施条例》属海关领域。,海关/进出口,(6-7) 泛型法条被AI分为具体分类'海关/进出口'，应删除 | 原标记: <泛类型> | 法条: 《海关行政处罚实施条例》第五十三条
《海关行政处罚实施条例》第十五条第（四）项,海关/进出口,ai,True,<泛类型>,依据海关行政处罚实施条例条款。,海关/进出口,(6-7) 泛型法条被AI分为具体分类'海关/进出口'，应删除 | 原标记: <泛类型> | 法条: 《海关行政处罚实施条例》第十五条第（四）项
《海南昌炜集团有限公司新建商品房销售公示牌》,建设工程与房地产,ai,True,<泛类型>,涉及新建商品房销售公示管理问题。,房地产/土地,(6-7) 泛型法条被AI分为具体分类'建设工程与房地产'，应删除 | 原标记: <泛类型> | 法条: 《海南昌炜集团有限公司新建商品房销售公示牌》
《海南省住房和城乡建设厅行政处罚自由裁量基准表》第293条的规定,建设工程与房地产,ai,True,<泛类型>,住房城乡建设厅处罚基准，属建设工程。,建设工程,(6-7) 泛型法条被AI分为具体分类'建设工程与房地产'，应删除 | 原标记: <泛类型> | 法条: 《海南省住房和城乡建设厅行政处罚自由裁量基准表》第293条的规定
《海南省公路条例》,交通运输,ai,True,<泛类型>,依据《海南省公路条例》，属公路管理。,交通运输违规,(6-7) 泛型法条被AI分为具体分类'交通运输'，应删除 | 原标记: <泛类型> | 法条: 《海南省公路条例》
《海南省公路条例》第一款,交通运输,ai,True,<泛类型>,依据《海南省公路条例》，属公路管理类。,交通运输违规,(6-7) 泛型法条被AI分为具体分类'交通运输'，应删除 | 原标记: <泛类型> | 法条: 《海南省公路条例》第一款
《海南省市场监督管理局关于开展长期停业未经营企业清理工作的通知》,市场主体与登记治理,ai,True,<泛类型>,文件聚焦长期停业未经营企业清理。,未开业/自行停业,(6-7) 泛型法条被AI分为具体分类'市场主体与登记治理'，应删除 | 原标记: <泛类型> | 法条: 《海南省市场监督管理局关于开展长期停业未经营企业清理工作的通知》
《海南省无规定动物疫病区管理条例》第四十三条,*动物防疫管理*,ai,True,<泛类型>,依据无规定动物疫病区管理条例内容。,*动物防疫管理*,(6-6) AI分类含星号'*动物防疫管理*'，分类不确定 | 法条: 《海南省无规定动物疫病区管理条例》第四十三条
《海南省统计局行政处罚自由裁量基准表》,统计相关,ai,True,<泛类型>,标题为统计局行政处罚裁量基准表。,统计相关,(6-7) 泛型法条被AI分为具体分类'统计相关'，应删除 | 原标记: <泛类型> | 法条: 《海南省统计局行政处罚自由裁量基准表》
《海南经济特区禁止一次性不可降解塑料制品规定》,环境保护,ai,True,<泛类型>,禁止一次性不可降解塑料制品，属环保。,环境保护,(6-7) 泛型法条被AI分为具体分类'环境保护'，应删除 | 原标记: <泛类型> | 法条: 《海南经济特区禁止一次性不可降解塑料制品规定》
《海南自由贸易港反消费欺诈规定》第四条第一款,市场秩序与竞争监管,ai,True,<泛类型>,规范消费欺诈行为，保护消费者权益。,消费者权益/市场秩序,(6-7) 泛型法条被AI分为具体分类'市场秩序与竞争监管'，应删除 | 原标记: <泛类型> | 法条: 《海南自由贸易港反消费欺诈规定》第四条第一款
《海宁市综合行政执法局行政处罚自由裁量基准(建筑业)》第1条,建设工程与房地产,ai,True,<泛类型>,针对建筑业行政处罚裁量基准。,建设工程,(6-7) 泛型法条被AI分为具体分类'建设工程与房地产'，应删除 | 原标记: <泛类型> | 法条: 《海宁市综合行政执法局行政处罚自由裁量基准(建筑业)》第1条
《海宁市综合行政执法局行政处罚自由裁量基准(建筑业)》第2条,建设工程与房地产,ai,True,<泛类型>,建筑业行政处罚基准，属建设工程领域。,建设工程,(6-7) 泛型法条被AI分为具体分类'建设工程与房地产'，应删除 | 原标记: <泛类型> | 法条: 《海宁市综合行政执法局行政处罚自由裁量基准(建筑业)》第2条
《海宁市综合行政执法局行政处罚自由裁量权实施办法》第九条之规定,其他,ai,True,<泛类型>,仅给出裁量办法条款，无法细分。,其他违法行为,(6-5) 程序性 | 匹配模式: '行政处罚自由裁量权' | 法条: 《海宁市综合行政执法局行政处罚自由裁量权实施办法》第九条之规定
《海宁市综合行政执法局行政处罚自由裁量权实施办法》第九条的规定,其他,ai,True,<泛类型>,仅给出条款名称，无法细判。,其他违法行为,(6-5) 程序性 | 匹配模式: '行政处罚自由裁量权' | 法条: 《海宁市综合行政执法局行政处罚自由裁量权实施办法》第九条的规定
《海宁新视点》,公共文化与传媒,ai,True,<泛类型>,《海宁新视点》系媒体宣传报道相关。,公共文化与传媒,(6-7) 泛型法条被AI分为具体分类'公共文化与传媒'，应删除 | 原标记: <泛类型> | 法条: 《海宁新视点》
《海峡都市报》,公共文化与传媒,ai,True,<泛类型>,《海峡都市报》属新闻传媒领域。,公共文化与传媒,(6-7) 泛型法条被AI分为具体分类'公共文化与传媒'，应删除 | 原标记: <泛类型> | 法条: 《海峡都市报》
《海盐县小锅炉整治实施方案》,环境保护,ai,True,<泛类型>,小锅炉整治涉及大气污染防治。,环境保护,(6-7) 泛型法条被AI分为具体分类'环境保护'，应删除 | 原标记: <泛类型> | 法条: 《海盐县小锅炉整治实施方案》
《海盐县市场监督管理局关于清理长期停业未经营企业的公告》,市场主体与登记治理,ai,True,<泛类型>,公告专门针对长期停业未经营企业。,未开业/自行停业,(6-7) 泛型法条被AI分为具体分类'市场主体与登记治理'，应删除 | 原标记: <泛类型> | 法条: 《海盐县市场监督管理局关于清理长期停业未经营企业的公告》
《海盐县沈荡镇中心区控制性详细规划》,建设工程与房地产,ai,True,<泛类型>,属镇区控制性详细规划，涉建设管理。,建设工程,(6-7) 泛型法条被AI分为具体分类'建设工程与房地产'，应删除 | 原标记: <泛类型> | 法条: 《海盐县沈荡镇中心区控制性详细规划》
《海盐县综合行政执法局责令限期改正决定书》,环境保护,ai,True,<泛类型>,综合执法局决定书多为环境类违法。,环境保护,(6-7) 泛型法条被AI分为具体分类'环境保护'，应删除 | 原标记: <泛类型> | 法条: 《海盐县综合行政执法局责令限期改正决定书》
《浸渍胶膜纸饰面胶合板和细木工板》,产品质量与安全,ai,True,<泛类型>,属板材产品标准，典型产品质量问题。,产品质量,(6-7) 泛型法条被AI分为具体分类'产品质量与安全'，应删除 | 原标记: <泛类型> | 法条: 《浸渍胶膜纸饰面胶合板和细木工板》
《涂布线设备定制合同》,消费者权益/市场秩序,ai,True,<泛类型>,买卖合同纠纷，属消费合同范畴。,消费者权益纠纷,(6-7) 泛型法条被AI分为具体分类'消费者权益/市场秩序'，应删除 | 原标记: <泛类型> | 法条: 《涂布线设备定制合同》
《消 防 监 督 检 查 记 录》,消防安全,ai,True,<泛类型>,标题为消防监督检查记录，属消防管理。,消防安全,(6-7) 泛型法条被AI分为具体分类'消防安全'，应删除 | 原标记: <泛类型> | 法条: 《消 防 监 督 检 查 记 录》
《消法》,消费者权益/市场秩序,ai,True,<泛类型>,依据《消费者权益保护法》产生纠纷。,消费者权益纠纷,(6-7) 泛型法条被AI分为具体分类'消费者权益/市场秩序'，应删除 | 原标记: <泛类型> | 法条: 《消法》
《消费使用说明第4部分：纺织品和服装》,产品质量与安全,ai,True,<泛类型>,《消费使用说明》属产品质量标准。,产品质量,(6-7) 泛型法条被AI分为具体分类'产品质量与安全'，应删除 | 原标记: <泛类型> | 法条: 《消费使用说明第4部分：纺织品和服装》
《消费品使用说明 第4部分：纺织品和服装》,产品质量与安全,ai,True,<泛类型>,《消费品使用说明》属产品质量规范。,产品质量,(6-7) 泛型法条被AI分为具体分类'产品质量与安全'，应删除 | 原标记: <泛类型> | 法条: 《消费品使用说明 第4部分：纺织品和服装》
《消费品使用说明 纺织品和服装使用说明》,产品质量与安全,ai,True,<泛类型>,产品标识说明规范，属质量管理。,产品质量,(6-7) 泛型法条被AI分为具体分类'产品质量与安全'，应删除 | 原标记: <泛类型> | 法条: 《消费品使用说明 纺织品和服装使用说明》
《消费品使用说明纺织品和服装使用说明》,产品质量与安全,ai,True,<泛类型>,纺织服装使用说明规范属产品质量管理。,产品质量,(6-7) 泛型法条被AI分为具体分类'产品质量与安全'，应删除 | 原标记: <泛类型> | 法条: 《消费品使用说明纺织品和服装使用说明》
《消费市场调查表》,统计相关,ai,True,<泛类型>,《消费市场调查表》属于统计调查行为。,统计相关,(6-7) 泛型法条被AI分为具体分类'统计相关'，应删除 | 原标记: <泛类型> | 法条: 《消费市场调查表》
《液化气站租赁合同》,燃气安全,ai,True,<泛类型>,液化气站运营管理涉及燃气安全。,燃气安全,(6-7) 泛型法条被AI分为具体分类'燃气安全'，应删除 | 原标记: <泛类型> | 法条: 《液化气站租赁合同》
《液化石油气》,燃气安全,ai,True,<泛类型>,涉及液化石油气安全管理规定。,燃气安全,(6-7) 泛型法条被AI分为具体分类'燃气安全'，应删除 | 原标记: <泛类型> | 法条: 《液化石油气》
《液化石油气气瓶充装管理制度》,燃气安全,ai,True,<泛类型>,《液化石油气气瓶充装管理制度》属燃气管理。,燃气安全,(6-7) 泛型法条被AI分为具体分类'燃气安全'，应删除 | 原标记: <泛类型> | 法条: 《液化石油气气瓶充装管理制度》
《液化石油气瓶阀GB/T7512-2017》,燃气安全,ai,True,<泛类型>,液化石油气瓶及其阀门安全规范相关。,燃气安全,(6-7) 泛型法条被AI分为具体分类'燃气安全'，应删除 | 原标记: <泛类型> | 法条: 《液化石油气瓶阀GB/T7512-2017》
《淄博卡普尔陶瓷有限公司职工考勤表》,劳动保障,ai,True,<泛类型>,职工考勤表涉及劳动用工管理。,劳动保障/用工,(6-7) 泛型法条被AI分为具体分类'劳动保障'，应删除 | 原标记: <泛类型> | 法条: 《淄博卡普尔陶瓷有限公司职工考勤表》
《淄博市临淄齐泉工贸有限公司“5·9”一般物体打击事故调查报告》,安全生产,ai,True,<泛类型>,一般生产安全事故调查报告所涉安全生产。,安全生产,(6-7) 泛型法条被AI分为具体分类'安全生产'，应删除 | 原标记: <泛类型> | 法条: 《淄博市临淄齐泉工贸有限公司“5·9”一般物体打击事故调查报告》
《淄博市住房城乡建设领域自由裁量行政处罚标准》第八十条第二项,建设工程与房地产,ai,True,<泛类型>,住房城乡建设领域处罚标准，属建设工程。,建设工程,(6-7) 泛型法条被AI分为具体分类'建设工程与房地产'，应删除 | 原标记: <泛类型> | 法条: 《淄博市住房城乡建设领域自由裁量行政处罚标准》第八十条第二项
《淄博市住房城乡建设领域行政处罚自由裁量基准》第二节第49条第二款,建设工程与房地产,ai,True,<泛类型>,条文出自住房城乡建设领域法规。,建设工程,(6-7) 泛型法条被AI分为具体分类'建设工程与房地产'，应删除 | 原标记: <泛类型> | 法条: 《淄博市住房城乡建设领域行政处罚自由裁量基准》第二节第49条第二款
《淄博市住房城乡建设领域行政处罚自由裁量基准》第二节第49条第二款之相关规定,建设工程与房地产,ai,True,<泛类型>,《住房城乡建设领域》属建设工程监管。,建设工程,(6-7) 泛型法条被AI分为具体分类'建设工程与房地产'，应删除 | 原标记: <泛类型> | 法条: 《淄博市住房城乡建设领域行政处罚自由裁量基准》第二节第49条第二款之相关规定
《淄博市住房城乡建设领域行政处罚自由裁量基准》第五节第109条,建设工程与房地产,ai,True,<泛类型>,属住房城乡建设领域处罚基准。,建设工程,(6-7) 泛型法条被AI分为具体分类'建设工程与房地产'，应删除 | 原标记: <泛类型> | 法条: 《淄博市住房城乡建设领域行政处罚自由裁量基准》第五节第109条
《淄博市住房城乡建设领域行政处罚自由裁量基准》第五节第109条之相关规定,建设工程与房地产,ai,True,<泛类型>,《住建领域处罚基准》，属建设工程管理。,建设工程,(6-7) 泛型法条被AI分为具体分类'建设工程与房地产'，应删除 | 原标记: <泛类型> | 法条: 《淄博市住房城乡建设领域行政处罚自由裁量基准》第五节第109条之相关规定
《淄博市住房城乡建设领域行政处罚自由裁量基准》第四十九条,建设工程与房地产,ai,True,<泛类型>,住房城乡建设领域处罚基准，属建设工程。,建设工程,(6-7) 泛型法条被AI分为具体分类'建设工程与房地产'，应删除 | 原标记: <泛类型> | 法条: 《淄博市住房城乡建设领域行政处罚自由裁量基准》第四十九条
《淄博晚报》,公共文化与传媒,ai,True,<泛类型>,《淄博晚报》属报纸传媒领域相关。,公共文化与传媒,(6-7) 泛型法条被AI分为具体分类'公共文化与传媒'，应删除 | 原标记: <泛类型> | 法条: 《淄博晚报》
《淮安市城市管理行政执法局行政处罚自由裁量权标准》,其他,ai,True,<泛类型>,仅给出标准名称，无具体条款内容。,其他违法行为,(6-5) 程序性 | 匹配模式: '行政处罚自由裁量权' | 法条: 《淮安市城市管理行政执法局行政处罚自由裁量权标准》
《深圳市人民政府关于农村城市化历史遗留产业类和公共配套类违法建筑的处理办法》第三十七条第一款第(一)项,建设工程与房地产,ai,True,<泛类型>,涉及违法建筑处理，属土地房建管理。,房地产/土地,(6-7) 泛型法条被AI分为具体分类'建设工程与房地产'，应删除 | 原标记: <泛类型> | 法条: 《深圳市人民政府关于农村城市化历史遗留产业类和公共配套类违法建筑的处理办法》第三十七条第一款第(一)...
《深圳市南山区水务局水政违法行为责令改正通知书》,环境保护,ai,True,<泛类型>,水务局水政违法，属水资源管理。,水资源,(6-7) 泛型法条被AI分为具体分类'环境保护'，应删除 | 原标记: <泛类型> | 法条: 《深圳市南山区水务局水政违法行为责令改正通知书》
《深圳市南山区水务局责令改正通知书》,环境保护,ai,True,<泛类型>,水务局责令改正，涉水资源管理。,水资源,(6-7) 泛型法条被AI分为具体分类'环境保护'，应删除 | 原标记: <泛类型> | 法条: 《深圳市南山区水务局责令改正通知书》
《深圳市卫生计生行政处罚自由裁量权细化标准（试行）》,卫生健康,ai,True,<泛类型>,依据卫生计生行政处罚裁量标准。,医疗卫生,(6-5) 程序性 | 匹配模式: '行政处罚自由裁量权' | 法条: 《深圳市卫生计生行政处罚自由裁量权细化标准（试行）》
《深圳市发展和改革委会转发关于阶段性降低企业用电成本支持企业复工复产的通知》,市场秩序与竞争监管,ai,True,<泛类型>,与降低电价、电费优惠政策相关。,价格/收费,(6-7) 泛型法条被AI分为具体分类'市场秩序与竞争监管'，应删除 | 原标记: <泛类型> | 法条: 《深圳市发展和改革委会转发关于阶段性降低企业用电成本支持企业复工复产的通知》
《深圳市发展和改革委员会深圳市市场监督管理局关于进一步清理规范转供电环节收费有关事项的通知》,市场秩序与竞争监管,ai,True,<泛类型>,规范转供电收费，属价格收费管理。,价格/收费,(6-7) 泛型法条被AI分为具体分类'市场秩序与竞争监管'，应删除 | 原标记: <泛类型> | 法条: 《深圳市发展和改革委员会深圳市市场监督管理局关于进一步清理规范转供电环节收费有关事项的通知》
《深圳市坪山区水务局行政处罚告知书》,环境保护,ai,True,<泛类型>,水务局处罚，涉水资源管理。,水资源,(6-7) 泛型法条被AI分为具体分类'环境保护'，应删除 | 原标记: <泛类型> | 法条: 《深圳市坪山区水务局行政处罚告知书》
《深圳市坪山区水务局责令改正通知书》,环境保护,ai,True,<泛类型>,水务局责令改正，涉水资源管理。,水资源,(6-7) 泛型法条被AI分为具体分类'环境保护'，应删除 | 原标记: <泛类型> | 法条: 《深圳市坪山区水务局责令改正通知书》
《深圳市城市管理综合执法行政处罚自由裁量权》第六项,其他,ai,True,<泛类型>,仅给出标题，无具体条款内容。,其他违法行为,(6-5) 程序性 | 匹配模式: '行政处罚自由裁量权' | 法条: 《深圳市城市管理综合执法行政处罚自由裁量权》第六项
《深圳市城市管理综合执法行政处罚自由裁量权实施标准（2017版）》第26项,*市容环境管理*,ai,True,<泛类型>,依据城管执法标准，属市容环境。,*市容环境管理*,(6-5) 程序性 | 匹配模式: '行政处罚自由裁量权' | 法条: 《深圳市城市管理综合执法行政处罚自由裁量权实施标准（2017版）》第26项
《深圳市城市管理行政处罚裁量权实施标准》第17条,*城市市容管理*,ai,True,<泛类型>,城市管理裁量标准，多涉市容市貌。,*城市市容管理*,(6-5) 程序性 | 匹配模式: '行政处罚裁量权' | 法条: 《深圳市城市管理行政处罚裁量权实施标准》第17条
《深圳市城市管理行政处罚裁量权实施标准》第22项,其他,ai,True,<泛类型>,未提供第22项具体内容，无法判断。,其他违法行为,(6-5) 程序性 | 匹配模式: '行政处罚裁量权' | 法条: 《深圳市城市管理行政处罚裁量权实施标准》第22项
《深圳市城市管理行政处罚裁量权实施标准》第23项,其他,ai,True,<泛类型>,仅给出条款序号，无法判断内容。,其他违法行为,(6-5) 程序性 | 匹配模式: '行政处罚裁量权' | 法条: 《深圳市城市管理行政处罚裁量权实施标准》第23项
《深圳市建筑废弃物管理办法》第二十七条第(一)项,环境保护,ai,True,<泛类型>,《建筑废弃物管理办法》属城市环境管理。,环境保护,(6-7) 泛型法条被AI分为具体分类'环境保护'，应删除 | 原标记: <泛类型> | 法条: 《深圳市建筑废弃物管理办法》第二十七条第(一)项
《深圳市建筑废弃物管理办法》第二十七条第一项,环境保护,ai,True,<泛类型>,建筑废弃物管理实质属环境管理。,环境保护,(6-7) 泛型法条被AI分为具体分类'环境保护'，应删除 | 原标记: <泛类型> | 法条: 《深圳市建筑废弃物管理办法》第二十七条第一项
《深圳市建筑废弃物管理办法》第五十四条第二项,环境保护,ai,True,<泛类型>,建筑废弃物管理本质属环境管理。,环境保护,(6-7) 泛型法条被AI分为具体分类'环境保护'，应删除 | 原标记: <泛类型> | 法条: 《深圳市建筑废弃物管理办法》第五十四条第二项
《深圳市建筑废弃物管理办法》第五十四条第（二）项,环境保护,ai,True,<泛类型>,建筑废弃物管理属城市环境管理。,环境保护,(6-7) 泛型法条被AI分为具体分类'环境保护'，应删除 | 原标记: <泛类型> | 法条: 《深圳市建筑废弃物管理办法》第五十四条第（二）项
《深圳市罗湖区城市管理行政执法局行政处罚裁量权实施标准（试行）》第9项,其他,ai,True,<泛类型>,仅给出条款编号，无法判断具体内容。,其他违法行为,(6-5) 程序性 | 匹配模式: '行政处罚裁量权' | 法条: 《深圳市罗湖区城市管理行政执法局行政处罚裁量权实施标准（试行）》第9项
《深圳市自动扶梯载荷试验监督抽查报告》,安全生产,ai,True,<泛类型>,自动扶梯属特种设备监督抽查。,特种设备,(6-7) 泛型法条被AI分为具体分类'安全生产'，应删除 | 原标记: <泛类型> | 法条: 《深圳市自动扶梯载荷试验监督抽查报告》
《深圳桑达物业发展有限公司304栋华美大厦二次供水整改情况》,水资源*,ai,True,<泛类型>,涉及二次供水设施整改情况。,水资源*,(6-6) AI分类含星号'水资源*'，分类不确定 | 法条: 《深圳桑达物业发展有限公司304栋华美大厦二次供水整改情况》
《深圳经济特区互联网租赁自行车管理若干规定》第五条第一款,交通运输,ai,True,<泛类型>,共享单车管理规范，属城市交通管理。,交通运输违规,(6-7) 泛型法条被AI分为具体分类'交通运输'，应删除 | 原标记: <泛类型> | 法条: 《深圳经济特区互联网租赁自行车管理若干规定》第五条第一款
《深圳经济特区互联网租赁自行车管理若干规定》第六条第(二)项,交通运输,ai,True,<泛类型>,互联网租赁自行车管理，属交通运输领域。,交通运输违规,(6-7) 泛型法条被AI分为具体分类'交通运输'，应删除 | 原标记: <泛类型> | 法条: 《深圳经济特区互联网租赁自行车管理若干规定》第六条第(二)项
《深圳经济特区河道管理条例》第三十二条,环境保护,ai,True,<泛类型>,《河道管理条例》属水资源管理。,水资源,(6-7) 泛型法条被AI分为具体分类'环境保护'，应删除 | 原标记: <泛类型> | 法条: 《深圳经济特区河道管理条例》第三十二条
《深圳经济特区河道管理条例》第十五条第一款,环境保护,ai,True,<泛类型>,《河道管理条例》属水域水资源管理。,水资源,(6-7) 泛型法条被AI分为具体分类'环境保护'，应删除 | 原标记: <泛类型> | 法条: 《深圳经济特区河道管理条例》第十五条第一款
《混凝土浇筑报审表》,建设工程与房地产,ai,True,<泛类型>,建设工程施工资料表格名称所涉。,建设工程,(6-7) 泛型法条被AI分为具体分类'建设工程与房地产'，应删除 | 原标记: <泛类型> | 法条: 《混凝土浇筑报审表》
《混凝土质量控制标准》,产品质量与安全,ai,True,<泛类型>,混凝土质量标准，属产品质量管理。,产品质量,(6-7) 泛型法条被AI分为具体分类'产品质量与安全'，应删除 | 原标记: <泛类型> | 法条: 《混凝土质量控制标准》
《混凝土质量控制标准》第2.3.1条,产品质量与安全,ai,True,<泛类型>,《混凝土质量控制标准》属产品质量规范。,产品质量,(6-7) 泛型法条被AI分为具体分类'产品质量与安全'，应删除 | 原标记: <泛类型> | 法条: 《混凝土质量控制标准》第2.3.1条
《清扬御庭机械车位停车设备大修合同》,建设工程与房地产,ai,True,<泛类型>,机械车位设备大修工程合同相关。,建设工程,(6-7) 泛型法条被AI分为具体分类'建设工程与房地产'，应删除 | 原标记: <泛类型> | 法条: 《清扬御庭机械车位停车设备大修合同》
《清河县行政审批局关于调整南水北调终端用户水价的通知》,市场秩序与竞争监管,ai,True,<泛类型>,涉及终端用户水价调整通知。,价格/收费,(6-7) 泛型法条被AI分为具体分类'市场秩序与竞争监管'，应删除 | 原标记: <泛类型> | 法条: 《清河县行政审批局关于调整南水北调终端用户水价的通知》
《清理长期停业未经营企业征询意见表》,市场主体与登记治理,ai,True,<泛类型>,与长期停业未经营企业清理相关。,未开业/自行停业,(6-7) 泛型法条被AI分为具体分类'市场主体与登记治理'，应删除 | 原标记: <泛类型> | 法条: 《清理长期停业未经营企业征询意见表》
《渤海早报》,公共文化与传媒,ai,True,<泛类型>,《渤海早报》属报纸传媒领域。,公共文化与传媒,(6-7) 泛型法条被AI分为具体分类'公共文化与传媒'，应删除 | 原标记: <泛类型> | 法条: 《渤海早报》
《温岭市人民政府办公室关于印发温岭市股改新政10条的通知》,*股改政策适用*,ai,True,<泛类型>,仅涉及股改优惠政策通知。,*股改政策适用*,(6-6) AI分类含星号'*股改政策适用*'，分类不确定 | 法条: 《温岭市人民政府办公室关于印发温岭市股改新政10条的通知》
《温岭市市场监督管理局清理长期停业未经营企业、农民专业合作社公告》,市场主体与登记治理,ai,True,<泛类型>,公告针对长期停业未经营企业合作社。,未开业/自行停业,(6-7) 泛型法条被AI分为具体分类'市场主体与登记治理'，应删除 | 原标记: <泛类型> | 法条: 《温岭市市场监督管理局清理长期停业未经营企业、农民专业合作社公告》
《温岭市市场监督管理局清理长期停业未经营企业公告》,市场主体与登记治理,ai,True,<泛类型>,公告针对长期停业未经营企业清理。,未开业/自行停业,(6-7) 泛型法条被AI分为具体分类'市场主体与登记治理'，应删除 | 原标记: <泛类型> | 法条: 《温岭市市场监督管理局清理长期停业未经营企业公告》
《温州东方蛋白有限公司资产评估报告》,财税与金融监管,ai,True,<泛类型>,涉及资产评估及财务会计事项。,会计/账务,(6-7) 泛型法条被AI分为具体分类'财税与金融监管'，应删除 | 原标记: <泛类型> | 法条: 《温州东方蛋白有限公司资产评估报告》
《温州市住房和城乡建设委员会现场检查(勘查)笔录》,建设工程与房地产,ai,True,<泛类型>,住建委现场检查，多涉工程管理。,建设工程,(6-7) 泛型法条被AI分为具体分类'建设工程与房地产'，应删除 | 原标记: <泛类型> | 法条: 《温州市住房和城乡建设委员会现场检查(勘查)笔录》
《温州市国土资源局行政处罚自由裁量权行使规定》,建设工程与房地产,ai,True,<泛类型>,国土资源局处罚，多涉土地管理。,房地产/土地,(6-5) 程序性 | 匹配模式: '行政处罚自由裁量权' | 法条: 《温州市国土资源局行政处罚自由裁量权行使规定》
《温州市城市管理行政处罚自由裁量权行使规定》,其他,ai,True,<泛类型>,仅见裁量规定名称，无法细分指向。,其他违法行为,(6-5) 程序性 | 匹配模式: '行政处罚自由裁量权' | 法条: 《温州市城市管理行政处罚自由裁量权行使规定》
《温州市城市管理行政处罚自由裁量权行使规定》第九条,*城市管理执法*,ai,True,<泛类型>,依据城市管理处罚裁量规定。,*城市管理执法*,(6-5) 程序性 | 匹配模式: '行政处罚自由裁量权' | 法条: 《温州市城市管理行政处罚自由裁量权行使规定》第九条
《温州市常见城市管理行政处罚自由裁量权行使标准》,其他,ai,True,<泛类型>,仅给出标准名称，无法细分。,其他违法行为,(6-5) 程序性 | 匹配模式: '行政处罚自由裁量权' | 法条: 《温州市常见城市管理行政处罚自由裁量权行使标准》
《温州市文明行为促进条例》第十五条第二款,*文明行为管理*,ai,True,<泛类型>,根据文明行为促进条例属城市文明管理。,*文明行为管理*,(6-6) AI分类含星号'*文明行为管理*'，分类不确定 | 法条: 《温州市文明行为促进条例》第十五条第二款
《温州市洞头区统计局行政处罚事先告知书》,统计相关,ai,True,<泛类型>,统计局作出处罚，涉统计违法。,统计相关,(6-7) 泛型法条被AI分为具体分类'统计相关'，应删除 | 原标记: <泛类型> | 法条: 《温州市洞头区统计局行政处罚事先告知书》
《温州市瓯海区统计局数据现场检查笔录》,统计相关,ai,True,<泛类型>,《统计法》适用，统计数据检查行为。,统计相关,(6-7) 泛型法条被AI分为具体分类'统计相关'，应删除 | 原标记: <泛类型> | 法条: 《温州市瓯海区统计局数据现场检查笔录》
《温州市瓯海区统计局行政处罚事先告知书》,统计相关,ai,True,<泛类型>,统计局作出行政处罚，属统计违法。,统计相关,(6-7) 泛型法条被AI分为具体分类'统计相关'，应删除 | 原标记: <泛类型> | 法条: 《温州市瓯海区统计局行政处罚事先告知书》
《温州市统计局现场检查笔录》,统计相关,ai,True,<泛类型>,统计局现场检查笔录，属统计领域。,统计相关,(6-7) 泛型法条被AI分为具体分类'统计相关'，应删除 | 原标记: <泛类型> | 法条: 《温州市统计局现场检查笔录》
《温州市统计局行政处罚事先告知书》,统计相关,ai,True,<泛类型>,统计局出具处罚告知书，涉统计管理。,统计相关,(6-7) 泛型法条被AI分为具体分类'统计相关'，应删除 | 原标记: <泛类型> | 法条: 《温州市统计局行政处罚事先告知书》
《温州市综合执法常见执法事项行政处罚自由裁量权行使标准》,其他,ai,True,<泛类型>,仅出现总则标题，无法细分。,其他违法行为,(6-5) 程序性 | 匹配模式: '行政处罚自由裁量权' | 法条: 《温州市综合执法常见执法事项行政处罚自由裁量权行使标准》
《温州市综合执法常见违法行为行政处罚自由裁量权行使标准》,其他,ai,True,<泛类型>,仅有总则名称，无法细化判断。,其他违法行为,(6-5) 程序性 | 匹配模式: '行政处罚自由裁量权' | 法条: 《温州市综合执法常见违法行为行政处罚自由裁量权行使标准》
《温州市综合执法常见违法行为行政处罚自由裁量权行使规定》,其他,ai,True,<泛类型>,仅有总则名称，无法具体判断。,其他违法行为,(6-5) 程序性 | 匹配模式: '行政处罚自由裁量权' | 法条: 《温州市综合执法常见违法行为行政处罚自由裁量权行使规定》
《温州市综合行政执法常见执法事项行政处罚自由裁量权行使标准》,其他,ai,True,<泛类型>,《温州市综合行政执法…》为总则标准，无法细分。,其他违法行为,(6-5) 程序性 | 匹配模式: '行政处罚自由裁量权' | 法条: 《温州市综合行政执法常见执法事项行政处罚自由裁量权行使标准》
《温州市综合行政执法常见执法事项行政处罚自由裁量权行使规定》,其他,ai,True,<泛类型>,仅有总则标题，无法细分判断。,其他违法行为,(6-5) 程序性 | 匹配模式: '行政处罚自由裁量权' | 法条: 《温州市综合行政执法常见执法事项行政处罚自由裁量权行使规定》
《温州市综合行政执法行政处罚自由裁量权行使规定》,其他,ai,True,<泛类型>,仅为裁量规定标题，无法细分。,其他违法行为,(6-5) 程序性 | 匹配模式: '行政处罚自由裁量权' | 法条: 《温州市综合行政执法行政处罚自由裁量权行使规定》
《温州市综合行政执法行政处罚自由裁量权行使规定》第七条,其他,ai,True,<泛类型>,仅给出条文编号，无实质内容。,其他违法行为,(6-5) 程序性 | 匹配模式: '行政处罚自由裁量权' | 法条: 《温州市综合行政执法行政处罚自由裁量权行使规定》第七条
《温州市综合行政执法行政处罚自由裁量权行使规定》第七条第一款第(一)项,其他,ai,True,<泛类型>,仅见条款序号无具体内容。,其他违法行为,(6-5) 程序性 | 匹配模式: '行政处罚自由裁量权' | 法条: 《温州市综合行政执法行政处罚自由裁量权行使规定》第七条第一款第(一)项
《温州市综合行政执法行政处罚自由裁量权行使规定》第五条,其他,ai,True,<泛类型>,仅提及规定条款序号，无法判断。,其他违法行为,(6-5) 程序性 | 匹配模式: '行政处罚自由裁量权' | 法条: 《温州市综合行政执法行政处罚自由裁量权行使规定》第五条
《温州市综合行政执法行政处罚自由裁量权行使规定》第五条第一、三项和第六条第一项,其他,ai,True,<泛类型>,仅给出裁量规定条款，无法具体判断。,其他违法行为,(6-5) 程序性 | 匹配模式: '行政处罚自由裁量权' | 法条: 《温州市综合行政执法行政处罚自由裁量权行使规定》第五条第一、三项和第六条第一项
《温州市综合行政执法行政处罚自由裁量权行使规定》第五条第三项,其他,ai,True,<泛类型>,仅给出条款序号，无法判断内容。,其他违法行为,(6-5) 程序性 | 匹配模式: '行政处罚自由裁量权' | 法条: 《温州市综合行政执法行政处罚自由裁量权行使规定》第五条第三项
《温州市综合行政执法行政处罚自由裁量权行使规定》第五条第三项、第五条第四项,其他,ai,True,<泛类型>,仅给出处罚裁量规定条款，无法细分类型。,其他违法行为,(6-5) 程序性 | 匹配模式: '行政处罚自由裁量权' | 法条: 《温州市综合行政执法行政处罚自由裁量权行使规定》第五条第三项、第五条第四项
《温州市综合行政执法行政处罚自由裁量权行使规定》第五条第二项、第五条第三项,其他,ai,True,<泛类型>,仅给出规定条款序号，无法判断具体领域。,其他违法行为,(6-5) 程序性 | 匹配模式: '行政处罚自由裁量权' | 法条: 《温州市综合行政执法行政处罚自由裁量权行使规定》第五条第二项、第五条第三项
《温州市综合行政执法行政处罚自由裁量权行使规定》第五点第(三)项,其他,ai,True,<泛类型>,仅给出条次，未见具体内容。,其他违法行为,(6-5) 程序性 | 匹配模式: '行政处罚自由裁量权' | 法条: 《温州市综合行政执法行政处罚自由裁量权行使规定》第五点第(三)项
《温州市综合行政执法行政处罚自由裁量权行使规定》第六条第一款,其他,ai,True,<泛类型>,仅提及裁量规定本身，无法细分。,其他违法行为,(6-5) 程序性 | 匹配模式: '行政处罚自由裁量权' | 法条: 《温州市综合行政执法行政处罚自由裁量权行使规定》第六条第一款
《温州市自然资源和规划局关于公布温州市区主要街道和重点区域范围的通知》,建设工程与房地产,ai,True,<泛类型>,自然资源和规划局街道范围属国土规划。,房地产/土地,(6-7) 泛型法条被AI分为具体分类'建设工程与房地产'，应删除 | 原标记: <泛类型> | 法条: 《温州市自然资源和规划局关于公布温州市区主要街道和重点区域范围的通知》
《温州市龙湾区城市管理和行政执法局行政处罚事先告知书》,环境保护,ai,True,<泛类型>,城管执法通常针对市容和环境违法。,环境保护,(6-7) 泛型法条被AI分为具体分类'环境保护'，应删除 | 原标记: <泛类型> | 法条: 《温州市龙湾区城市管理和行政执法局行政处罚事先告知书》
《温州普洛赛斯检测科技有限公司上岗证》,安全生产,ai,True,<泛类型>,上岗证通常系安全生产管理要求。,安全生产,(6-7) 泛型法条被AI分为具体分类'安全生产'，应删除 | 原标记: <泛类型> | 法条: 《温州普洛赛斯检测科技有限公司上岗证》
《港澳居民来往内地通行证》,*出入境证件管理*,ai,True,<泛类型>,涉及港澳居民来往内地通行证管理。,*出入境证件管理*,(6-6) AI分类含星号'*出入境证件管理*'，分类不确定 | 法条: 《港澳居民来往内地通行证》
《游泳池水质标准》,卫生健康,ai,True,<泛类型>,《游泳池水质标准》属公共卫生管理规范。,医疗卫生,(6-7) 泛型法条被AI分为具体分类'卫生健康'，应删除 | 原标记: <泛类型> | 法条: 《游泳池水质标准》
《湖北省住房和城乡建设行政处罚裁量基准》,建设工程与房地产,ai,True,<泛类型>,住房城乡建设领域行政处罚裁量基准。,建设工程,(6-7) 泛型法条被AI分为具体分类'建设工程与房地产'，应删除 | 原标记: <泛类型> | 法条: 《湖北省住房和城乡建设行政处罚裁量基准》
《湖北省兽药管理实施办法》第十二条第三款之规定,产品质量与安全,ai,True,<泛类型>,兽药属药品监管领域。,食品药品,(6-7) 泛型法条被AI分为具体分类'产品质量与安全'，应删除 | 原标记: <泛类型> | 法条: 《湖北省兽药管理实施办法》第十二条第三款之规定
《湖北省卫生健康行政处罚自由裁量权指导标准》,卫生健康,ai,True,<泛类型>,卫生健康行政处罚标准，属医疗卫生领域。,医疗卫生,(6-5) 程序性 | 匹配模式: '行政处罚自由裁量权' | 法条: 《湖北省卫生健康行政处罚自由裁量权指导标准》
《湖北省卫生健康行政处罚自由裁量权指导标准》第143条轻微情节(首次发现)和第148条,卫生健康,ai,True,<泛类型>,依据卫生健康系统处罚裁量标准。,医疗卫生,(6-5) 程序性 | 匹配模式: '行政处罚自由裁量权' | 法条: 《湖北省卫生健康行政处罚自由裁量权指导标准》第143条轻微情节(首次发现)和第148条
《湖北省工商行政管理机关实施行政处罚自由裁量权暂行规定》,市场秩序与竞争监管,ai,True,<泛类型>,工商机关处罚裁量，多涉市场秩序。,消费者权益/市场秩序,(6-5) 程序性 | 匹配模式: '行政处罚自由裁量权' | 法条: 《湖北省工商行政管理机关实施行政处罚自由裁量权暂行规定》
《湖北省工商行政管理机关实施行政处罚自由裁量权暂行规定》第九条,其他,ai,True,<泛类型>,仅给出条号无具体内容无法判断。,其他违法行为,(6-5) 程序性 | 匹配模式: '行政处罚自由裁量权' | 法条: 《湖北省工商行政管理机关实施行政处罚自由裁量权暂行规定》第九条
《湖北省工商行政管理机关实施行政处罚自由裁量权暂行规定》第二十二条,其他,ai,True,<泛类型>,仅给出条文编号，无法推断内容。,其他违法行为,(6-5) 程序性 | 匹配模式: '行政处罚自由裁量权' | 法条: 《湖北省工商行政管理机关实施行政处罚自由裁量权暂行规定》第二十二条
《湖北省市场监督管理局行政处罚裁量权适用规则》第十六条(二)项,其他,ai,True,<泛类型>,仅给出条款编号，无法判断具体领域。,其他违法行为,(6-5) 程序性 | 匹配模式: '行政处罚裁量权' | 法条: 《湖北省市场监督管理局行政处罚裁量权适用规则》第十六条(二)项
《湖北省市场监督管理行政处罚裁量权适用规则(试行)》第十五条第(二)项,其他,ai,True,<泛类型>,仅知条款序号，无具体违法内容。,其他违法行为,(6-5) 程序性 | 匹配模式: '行政处罚裁量权' | 法条: 《湖北省市场监督管理行政处罚裁量权适用规则(试行)》第十五条第(二)项
《湖北省市场监督管理行政处罚裁量权适用规则(试行)》第十五条第一款第(二)项,其他,ai,True,<泛类型>,仅给出条款编号，无法判断具体领域。,其他违法行为,(6-5) 程序性 | 匹配模式: '行政处罚裁量权' | 法条: 《湖北省市场监督管理行政处罚裁量权适用规则(试行)》第十五条第一款第(二)项
《湖北省市场监督管理行政处罚裁量权适用规则(试行)》第十八条,其他,ai,True,<泛类型>,仅给出条文序号，无法判断内容。,其他违法行为,(6-5) 程序性 | 匹配模式: '行政处罚裁量权' | 法条: 《湖北省市场监督管理行政处罚裁量权适用规则(试行)》第十八条
《湖北省市场监督管理行政处罚裁量权适用规则》,其他,ai,True,<泛类型>,仅给出规则名称，无法细分归类。,其他违法行为,(6-5) 程序性 | 匹配模式: '行政处罚裁量权' | 法条: 《湖北省市场监督管理行政处罚裁量权适用规则》
《湖北省市场监督管理行政处罚裁量权适用规则》第三条、第十二条第（二）项、第十三条第（三）项,其他,ai,True,<泛类型>,仅见裁量规则条款，无法细分类型。,其他违法行为,(6-5) 程序性 | 匹配模式: '行政处罚裁量权' | 法条: 《湖北省市场监督管理行政处罚裁量权适用规则》第三条、第十二条第（二）项、第十三条第（三）项
《湖北省市场监督管理行政处罚裁量权适用规则》第十三条,其他,ai,True,<泛类型>,仅提供条文编号，无具体内容。,其他违法行为,(6-5) 程序性 | 匹配模式: '行政处罚裁量权' | 法条: 《湖北省市场监督管理行政处罚裁量权适用规则》第十三条
《湖北省市场监督管理行政处罚裁量权适用规则》第十二条第(二)项,其他,ai,True,<泛类型>,仅给出条款序号，无法判断具体领域。,其他违法行为,(6-5) 程序性 | 匹配模式: '行政处罚裁量权' | 法条: 《湖北省市场监督管理行政处罚裁量权适用规则》第十二条第(二)项
《湖北省市场监督管理行政处罚裁量权适用规则（试行）》,其他,ai,True,<泛类型>,仅为总则性规则名称，无法细化。,其他违法行为,(6-5) 程序性 | 匹配模式: '行政处罚裁量权' | 法条: 《湖北省市场监督管理行政处罚裁量权适用规则（试行）》
《湖北省市场监督管理行政处罚裁量标准》第175项,市场秩序与竞争监管,ai,True,<泛类型>,条文号大，多属市场秩序类规范。,消费者权益/市场秩序,(6-7) 泛型法条被AI分为具体分类'市场秩序与竞争监管'，应删除 | 原标记: <泛类型> | 法条: 《湖北省市场监督管理行政处罚裁量标准》第175项
《湖北省市场监管管理行政处罚裁量权适用规则》,其他,ai,True,<泛类型>,仅给出规则名称，无法细分具体领域。,其他违法行为,(6-5) 程序性 | 匹配模式: '行政处罚裁量权' | 法条: 《湖北省市场监管管理行政处罚裁量权适用规则》
《湖北省推广使用车用乙醇汽油试点办法》,*成品油经营管理*,ai,True,<泛类型>,依据车用乙醇汽油推广管理规定。,*成品油经营管理*,(6-6) AI分类含星号'*成品油经营管理*'，分类不确定 | 法条: 《湖北省推广使用车用乙醇汽油试点办法》
《湖北省推广使用车用乙醇汽油试点办法》第十六条,*成品油经营管理*,ai,True,<泛类型>,规范车用乙醇汽油生产销售使用。,*成品油经营管理*,(6-6) AI分类含星号'*成品油经营管理*'，分类不确定 | 法条: 《湖北省推广使用车用乙醇汽油试点办法》第十六条
《湖北省邮政条例》第三十九条第三款,*邮政市场管理*,ai,True,<泛类型>,条文属地方邮政监管及处罚事项。,*邮政市场管理*,(6-6) AI分类含星号'*邮政市场管理*'，分类不确定 | 法条: 《湖北省邮政条例》第三十九条第三款
《湖南 省公安行政处罚裁量权基准》第一百七十五条,治安管理,ai,True,<泛类型>,属公安行政处罚裁量基准，定位治安管理。,治安管理,(6-5) 程序性 | 匹配模式: '行政处罚裁量权' | 法条: 《湖南 省公安行政处罚裁量权基准》第一百七十五条
《湖南省公安行政处罚裁量权基准》第一百七十五条,治安管理,ai,True,<泛类型>,属公安行政处罚基准，一般治安管理。,治安管理,(6-5) 程序性 | 匹配模式: '行政处罚裁量权' | 法条: 《湖南省公安行政处罚裁量权基准》第一百七十五条
《湖南省公安行政处罚裁量权基准》第一百七十五条第3项,治安管理,ai,True,<泛类型>,属公安机关治安处罚裁量基准范畴。,治安管理,(6-5) 程序性 | 匹配模式: '行政处罚裁量权' | 法条: 《湖南省公安行政处罚裁量权基准》第一百七十五条第3项
《湖南省公安行政处罚裁量权基准》第一百五十一条,治安管理,ai,True,<泛类型>,公安行政处罚裁量，属治安管理范围。,治安管理,(6-5) 程序性 | 匹配模式: '行政处罚裁量权' | 法条: 《湖南省公安行政处罚裁量权基准》第一百五十一条
《湖南省公安行政处罚裁量权基准》第一百五十九条,治安管理,ai,True,<泛类型>,属公安机关处罚范畴的治安违法。,治安管理,(6-5) 程序性 | 匹配模式: '行政处罚裁量权' | 法条: 《湖南省公安行政处罚裁量权基准》第一百五十九条
《湖南省公安行政处罚裁量权基准》第一百六十六条,治安管理,ai,True,<泛类型>,条文属公安机关治安处罚裁量规范。,治安管理,(6-5) 程序性 | 匹配模式: '行政处罚裁量权' | 法条: 《湖南省公安行政处罚裁量权基准》第一百六十六条
《湖南省公安行政处罚裁量权基准》第一百六十四条,治安管理,ai,True,<泛类型>,公安行政处罚基准，多属治安管理。,治安管理,(6-5) 程序性 | 匹配模式: '行政处罚裁量权' | 法条: 《湖南省公安行政处罚裁量权基准》第一百六十四条
《湖南省公路治超工作“一超四究”信息抄告》,交通运输,ai,True,<泛类型>,涉及公路治超“一超四究”超限运输。,交通运输违规,(6-7) 泛型法条被AI分为具体分类'交通运输'，应删除 | 原标记: <泛类型> | 法条: 《湖南省公路治超工作“一超四究”信息抄告》
《湖南省发展和改革委员会关于再次降低我省一般工商业电价有关问题的通知》,市场秩序与竞争监管,ai,True,<泛类型>,涉及电价调整，属价格管理。,价格/收费,(6-7) 泛型法条被AI分为具体分类'市场秩序与竞争监管'，应删除 | 原标记: <泛类型> | 法条: 《湖南省发展和改革委员会关于再次降低我省一般工商业电价有关问题的通知》
《湖南省发展和改革委员会关于印发的通知》,市场秩序与竞争监管,ai,True,<泛类型>,《发改委通知》多涉及价格收费管理。,价格/收费,(6-7) 泛型法条被AI分为具体分类'市场秩序与竞争监管'，应删除 | 原标记: <泛类型> | 法条: 《湖南省发展和改革委员会关于印发的通知》
《湖南省定价目录》,市场秩序与竞争监管,ai,True,<泛类型>,涉及《湖南省定价目录》属价格管理事项。,价格/收费,(6-7) 泛型法条被AI分为具体分类'市场秩序与竞争监管'，应删除 | 原标记: <泛类型> | 法条: 《湖南省定价目录》
《湖南省市场监督管理行政处罚自由裁量权实施办法(试行)》,其他,ai,True,<泛类型>,仅为实施办法名称，无法细分。,其他违法行为,(6-5) 程序性 | 匹配模式: '行政处罚自由裁量权' | 法条: 《湖南省市场监督管理行政处罚自由裁量权实施办法(试行)》
《湖南省市场监督管理行政处罚自由裁量权实施办法（试行）》第十条,其他,ai,True,<泛类型>,仅给出条号，无具体违法内容说明。,其他违法行为,(6-5) 程序性 | 匹配模式: '行政处罚自由裁量权' | 法条: 《湖南省市场监督管理行政处罚自由裁量权实施办法（试行）》第十条
《湖南省市场监督管理行政处罚裁量权实施办法(试行)》第十四条,其他,ai,True,<泛类型>,仅提及条款序号，无法判断具体领域。,其他违法行为,(6-5) 程序性 | 匹配模式: '行政处罚裁量权' | 法条: 《湖南省市场监督管理行政处罚裁量权实施办法(试行)》第十四条
《湖州市文化市场行政处罚自由裁量权行使标准》,公共文化与传媒,ai,True,<泛类型>,《文化市场行政处罚》属文化传媒监管。,公共文化与传媒,(6-5) 程序性 | 匹配模式: '行政处罚自由裁量权' | 法条: 《湖州市文化市场行政处罚自由裁量权行使标准》
《湖州市综合行政执法局行政处罚自由裁量权细化标准(市政公用)》,建设工程与房地产,ai,True,<泛类型>,市政公用执法多涉及市政建设管理。,建设工程,(6-5) 程序性 | 匹配模式: '行政处罚自由裁量权' | 法条: 《湖州市综合行政执法局行政处罚自由裁量权细化标准(市政公用)》
《湖州日报》,公共文化与传媒,ai,True,<泛类型>,《湖州日报》属新闻传媒领域。,公共文化与传媒,(6-7) 泛型法条被AI分为具体分类'公共文化与传媒'，应删除 | 原标记: <泛类型> | 法条: 《湖州日报》
《湘味熟食 动物性水产熟食》,产品质量与安全,ai,True,<泛类型>,涉及动物性水产熟食食品管理。,食品药品,(6-7) 泛型法条被AI分为具体分类'产品质量与安全'，应删除 | 原标记: <泛类型> | 法条: 《湘味熟食 动物性水产熟食》
《湘潭县市场监督管理局限期提供材料通知书》,市场主体与登记治理,ai,True,<泛类型>,限期提供材料，多涉企业公示登记。,企业信息公示,(6-7) 泛型法条被AI分为具体分类'市场主体与登记治理'，应删除 | 原标记: <泛类型> | 法条: 《湘潭县市场监督管理局限期提供材料通知书》
《湘潭市商务局行政处罚裁量权基准（试行）》第一项,*商务领域处罚基准*,ai,True,<泛类型>,标题对应商务局行政处罚裁量规则。,*商务领域处罚基准*,(6-5) 程序性 | 匹配模式: '行政处罚裁量权' | 法条: 《湘潭市商务局行政处罚裁量权基准（试行）》第一项
《湘潭市工商行政管理机关行政处罚自由裁量执行标准》,市场秩序与竞争监管,ai,True,<泛类型>,工商机关处罚标准，多涉市场秩序。,消费者权益/市场秩序,(6-7) 泛型法条被AI分为具体分类'市场秩序与竞争监管'，应删除 | 原标记: <泛类型> | 法条: 《湘潭市工商行政管理机关行政处罚自由裁量执行标准》
《湛江市霞山区市场监督管理局吊销企业营业执照听证告知公告》,市场主体与登记治理,ai,True,<泛类型>,涉及吊销营业执照的登记管理问题。,无照经营/登记问题,(6-7) 泛型法条被AI分为具体分类'市场主体与登记治理'，应删除 | 原标记: <泛类型> | 法条: 《湛江市霞山区市场监督管理局吊销企业营业执照听证告知公告》
《湛江日报》,公共文化与传媒,ai,True,<泛类型>,《湛江日报》属报刊传媒领域。,公共文化与传媒,(6-7) 泛型法条被AI分为具体分类'公共文化与传媒'，应删除 | 原标记: <泛类型> | 法条: 《湛江日报》
《湛江晚报》,公共文化与传媒,ai,True,<泛类型>,《湛江晚报》属报刊传媒领域。,公共文化与传媒,(6-7) 泛型法条被AI分为具体分类'公共文化与传媒'，应删除 | 原标记: <泛类型> | 法条: 《湛江晚报》
《湿地保护管理规定》第二十九条第一项、,环境保护,ai,True,<泛类型>,湿地保护管理规定属生态环境保护内容。,环境保护,(6-7) 泛型法条被AI分为具体分类'环境保护'，应删除 | 原标记: <泛类型> | 法条: 《湿地保护管理规定》第二十九条第一项、
《湿巾》,产品质量与安全,ai,True,<泛类型>,《湿巾》属产品标准，涉及质量要求。,产品质量,(6-7) 泛型法条被AI分为具体分类'产品质量与安全'，应删除 | 原标记: <泛类型> | 法条: 《湿巾》
《溶解乙炔》,安全生产,ai,True,<泛类型>,溶解乙炔属危险化学品安全管理。,安全生产/危化品,(6-7) 泛型法条被AI分为具体分类'安全生产'，应删除 | 原标记: <泛类型> | 法条: 《溶解乙炔》
《滑液囊支原体的克星--滑曼康口服液》,市场秩序与竞争监管,ai,True,<泛类型>,药品功效夸大宣传用语明显。,虚假广告/虚假宣传,(6-7) 泛型法条被AI分为具体分类'市场秩序与竞争监管'，应删除 | 原标记: <泛类型> | 法条: 《滑液囊支原体的克星--滑曼康口服液》
《滚动轴承 外球面球轴承和偏心套 技术条件》,产品质量与安全,ai,True,<泛类型>,《技术条件》标准属性，属产品质量。,产品质量,(6-7) 泛型法条被AI分为具体分类'产品质量与安全'，应删除 | 原标记: <泛类型> | 法条: 《滚动轴承 外球面球轴承和偏心套 技术条件》
《潮州日报》,公共文化与传媒,ai,True,<泛类型>,《潮州日报》属新闻传媒领域。,公共文化与传媒,(6-7) 泛型法条被AI分为具体分类'公共文化与传媒'，应删除 | 原标记: <泛类型> | 法条: 《潮州日报》
《濒危物种允许进口证明书》,海关/进出口,ai,True,<泛类型>,涉及濒危物种进口许可证明管理。,海关/进出口,(6-7) 泛型法条被AI分为具体分类'海关/进出口'，应删除 | 原标记: <泛类型> | 法条: 《濒危物种允许进口证明书》
《濮阳市市场监督管理局限期提供材料通知书》,市场主体与登记治理,ai,True,<泛类型>,限期提供材料，多涉工商信息报送。,企业信息公示,(6-7) 泛型法条被AI分为具体分类'市场主体与登记治理'，应删除 | 原标记: <泛类型> | 法条: 《濮阳市市场监督管理局限期提供材料通知书》
《灭火救援出动命令单》,消防安全,ai,True,<泛类型>,《灭火救援出动命令单》属消防业务规范。,消防安全,(6-7) 泛型法条被AI分为具体分类'消防安全'，应删除 | 原标记: <泛类型> | 法条: 《灭火救援出动命令单》
《灵川县市场监督管理局责令退款通知书》,消费者权益/市场秩序,ai,True,<泛类型>,责令退款，多为消费维权纠纷。,消费者权益纠纷,(6-7) 泛型法条被AI分为具体分类'消费者权益/市场秩序'，应删除 | 原标记: <泛类型> | 法条: 《灵川县市场监督管理局责令退款通知书》
《炉渣、燃料煤清理及疏通承包协议书》,建设工程与房地产,ai,True,<泛类型>,《承包协议书》体现工程承包行为。,建设工程,(6-7) 泛型法条被AI分为具体分类'建设工程与房地产'，应删除 | 原标记: <泛类型> | 法条: 《炉渣、燃料煤清理及疏通承包协议书》
《点播影院、点播院线管理规定》第十六条,公共文化与传媒,ai,True,<泛类型>,点播影院院线管理属公共文化领域。,公共文化与传媒,(6-7) 泛型法条被AI分为具体分类'公共文化与传媒'，应删除 | 原标记: <泛类型> | 法条: 《点播影院、点播院线管理规定》第十六条
《炼铁厂设备管理制度》,安全生产,ai,True,<泛类型>,炼铁厂设备管理属生产安全管理。,安全生产,(6-7) 泛型法条被AI分为具体分类'安全生产'，应删除 | 原标记: <泛类型> | 法条: 《炼铁厂设备管理制度》
《炼铁规程》,安全生产,ai,True,<泛类型>,炼铁规程属工业生产安全操作规范。,安全生产,(6-7) 泛型法条被AI分为具体分类'安全生产'，应删除 | 原标记: <泛类型> | 法条: 《炼铁规程》
《烘房使用记录表》,安全生产,ai,True,<泛类型>,烘房使用记录多用于生产安全管理。,安全生产,(6-7) 泛型法条被AI分为具体分类'安全生产'，应删除 | 原标记: <泛类型> | 法条: 《烘房使用记录表》
《烟台鲁宝钢管有限责任公司“1.7”一般机械伤害事故调查报告》,安全生产,ai,True,<泛类型>,“机械伤害事故调查报告”属安全生产事故。,安全生产,(6-7) 泛型法条被AI分为具体分类'安全生产'，应删除 | 原标记: <泛类型> | 法条: 《烟台鲁宝钢管有限责任公司“1.7”一般机械伤害事故调查报告》
《烟尘采样测量报表》,环境保护,ai,True,<泛类型>,烟尘采样测量报表属环境监测领域。,环境保护,(6-7) 泛型法条被AI分为具体分类'环境保护'，应删除 | 原标记: <泛类型> | 法条: 《烟尘采样测量报表》
《烧结多孔砖和多孔砌块》,产品质量与安全,ai,True,<泛类型>,为建材产品标准，属产品质量规范。,产品质量,(6-7) 泛型法条被AI分为具体分类'产品质量与安全'，应删除 | 原标记: <泛类型> | 法条: 《烧结多孔砖和多孔砌块》
《烧结多孔砖和多孔砌砖》,产品质量与安全,ai,True,<泛类型>,产品标准《烧结多孔砖和多孔砌砖》属质标。,产品质量,(6-7) 泛型法条被AI分为具体分类'产品质量与安全'，应删除 | 原标记: <泛类型> | 法条: 《烧结多孔砖和多孔砌砖》
《烧结普通砖》,产品质量与安全,ai,True,<泛类型>,《烧结普通砖》为产品质量标准相关。,产品质量,(6-7) 泛型法条被AI分为具体分类'产品质量与安全'，应删除 | 原标记: <泛类型> | 法条: 《烧结普通砖》
《烧结页多孔砖和多孔砌块》,产品质量与安全,ai,True,<泛类型>,《烧结页多孔砖和多孔砌块》属产品标准。,产品质量,(6-7) 泛型法条被AI分为具体分类'产品质量与安全'，应删除 | 原标记: <泛类型> | 法条: 《烧结页多孔砖和多孔砌块》
《焊工防护手套》,产品质量与安全,ai,True,<泛类型>,系防护手套产品标准，属产品质量。,产品质量,(6-7) 泛型法条被AI分为具体分类'产品质量与安全'，应删除 | 原标记: <泛类型> | 法条: 《焊工防护手套》
《焊工防护手套》第三条,安全生产,ai,True,<泛类型>,焊工个体防护装备规范，属安全生产。,安全生产,(6-7) 泛型法条被AI分为具体分类'安全生产'，应删除 | 原标记: <泛类型> | 法条: 《焊工防护手套》第三条
《焊接与热切割作业》,安全生产,ai,True,<泛类型>,焊接与热切割作业属典型安全生产管理。,安全生产,(6-7) 泛型法条被AI分为具体分类'安全生产'，应删除 | 原标记: <泛类型> | 法条: 《焊接与热切割作业》
《焊接与热切割作业证》,安全生产,ai,True,<泛类型>,焊接热切割属特种作业安全管理。,安全生产,(6-7) 泛型法条被AI分为具体分类'安全生产'，应删除 | 原标记: <泛类型> | 法条: 《焊接与热切割作业证》
《焦作日报》,公共文化与传媒,ai,True,<泛类型>,《焦作日报》属报纸媒体领域。,公共文化与传媒,(6-7) 泛型法条被AI分为具体分类'公共文化与传媒'，应删除 | 原标记: <泛类型> | 法条: 《焦作日报》
《煤炭买卖（购销）合同》,合同买卖纠纷*,ai,True,<泛类型>,涉及煤炭买卖合同履行争议。,合同买卖纠纷*,(6-6) AI分类含星号'合同买卖纠纷*'，分类不确定 | 法条: 《煤炭买卖（购销）合同》
《照片资料》,无法判断*,ai,True,<泛类型>,仅提供“照片资料”标题无法分类。,无法判断*,(6-6) AI分类含星号'无法判断*'，分类不确定 | 法条: 《照片资料》
《燕赵晚报》,公共文化与传媒,ai,True,<泛类型>,《燕赵晚报》属报纸传媒领域。,公共文化与传媒,(6-7) 泛型法条被AI分为具体分类'公共文化与传媒'，应删除 | 原标记: <泛类型> | 法条: 《燕赵晚报》
《爆 炸 危 险 环 境 电 力 装 置 设 计 规 范》,安全生产,ai,True,<泛类型>,涉爆炸危险环境电力装置安全要求。,安全生产/危化品,(6-7) 泛型法条被AI分为具体分类'安全生产'，应删除 | 原标记: <泛类型> | 法条: 《爆 炸 危 险 环 境 电 力 装 置 设 计 规 范》
《爆 炸 危 险 环 境 电 力 装 置 设 计 规 范》第5.2.1、5.2.2条,安全生产,ai,True,<泛类型>,涉爆炸危险环境电力装置设计规范。,安全生产/危化品,(6-7) 泛型法条被AI分为具体分类'安全生产'，应删除 | 原标记: <泛类型> | 法条: 《爆 炸 危 险 环 境 电 力 装 置 设 计 规 范》第5.2.1、5.2.2条
《爆破制度汇编》,安全生产,ai,True,<泛类型>,爆破作业属高危作业和危化品管理。,安全生产/危化品,(6-7) 泛型法条被AI分为具体分类'安全生产'，应删除 | 原标记: <泛类型> | 法条: 《爆破制度汇编》
《爱看杂志》,公共文化与传媒,ai,True,<泛类型>,系期刊杂志管理领域规定。,公共文化与传媒,(6-7) 泛型法条被AI分为具体分类'公共文化与传媒'，应删除 | 原标记: <泛类型> | 法条: 《爱看杂志》
《牙克石市市场监督管理局2015年企业年度报告及信息公示公告》,市场主体与登记治理,ai,True,<泛类型>,涉及企业年度报告及信息公示管理。,企业信息公示,(6-5) 报告书类 | 匹配模式: '年度报告' | 法条: 《牙克石市市场监督管理局2015年企业年度报告及信息公示公告》
《牛仔服装》,产品质量与安全,ai,True,<泛类型>,《牛仔服装》属服装产品标准规范。,产品质量,(6-7) 泛型法条被AI分为具体分类'产品质量与安全'，应删除 | 原标记: <泛类型> | 法条: 《牛仔服装》
《物业使用权转让合同》,建设工程与房地产,ai,True,<泛类型>,《物业使用权转让合同》属房地产业务。,房地产/土地,(6-7) 泛型法条被AI分为具体分类'建设工程与房地产'，应删除 | 原标记: <泛类型> | 法条: 《物业使用权转让合同》
《物业委托管理服务合同》,市场秩序与竞争监管,ai,True,<泛类型>,物业服务合同属消费服务领域管理。,消费者权益/市场秩序,(6-7) 泛型法条被AI分为具体分类'市场秩序与竞争监管'，应删除 | 原标记: <泛类型> | 法条: 《物业委托管理服务合同》
《物业委托管理经营合同》,建设工程与房地产,ai,True,<泛类型>,物业委托管理合同，属物业管理领域。,房地产/土地,(6-7) 泛型法条被AI分为具体分类'建设工程与房地产'，应删除 | 原标记: <泛类型> | 法条: 《物业委托管理经营合同》
《物业服务企业资质管理办法》,建设工程与房地产,ai,True,<泛类型>,物业服务资质管理，归属房地产领域。,房地产/土地,(6-7) 泛型法条被AI分为具体分类'建设工程与房地产'，应删除 | 原标记: <泛类型> | 法条: 《物业服务企业资质管理办法》
《物业服务企业资质管理办法》第二条,建设工程与房地产,ai,True,<泛类型>,物业服务资质管理，属房地产领域。,房地产/土地,(6-7) 泛型法条被AI分为具体分类'建设工程与房地产'，应删除 | 原标记: <泛类型> | 法条: 《物业服务企业资质管理办法》第二条
《物业服务合同》,市场秩序与竞争监管,ai,True,<泛类型>,《物业服务合同》系服务消费合同。,消费者权益/市场秩序,(6-7) 泛型法条被AI分为具体分类'市场秩序与竞争监管'，应删除 | 原标记: <泛类型> | 法条: 《物业服务合同》
《物业服务收费公示栏》,市场秩序与竞争监管,ai,True,<泛类型>,《物业服务收费公示》属收费管理规范。,价格/收费,(6-7) 泛型法条被AI分为具体分类'市场秩序与竞争监管'，应删除 | 原标记: <泛类型> | 法条: 《物业服务收费公示栏》
《物业租赁协议》,建设工程与房地产,ai,True,<泛类型>,物业租赁协议本质属房屋租赁事务】,房地产/土地,(6-7) 泛型法条被AI分为具体分类'建设工程与房地产'，应删除 | 原标记: <泛类型> | 法条: 《物业租赁协议》
《物业租赁合同》,建设工程与房地产,ai,True,<泛类型>,物业租赁合同本质属房地产管理。,房地产/土地,(6-7) 泛型法条被AI分为具体分类'建设工程与房地产'，应删除 | 原标记: <泛类型> | 法条: 《物业租赁合同》
《物价计量信得过单位》,计量/器具,ai,True,<泛类型>,《物价计量信得过单位》涉及计量管理。,计量/器具,(6-7) 泛型法条被AI分为具体分类'计量/器具'，应删除 | 原标记: <泛类型> | 法条: 《物价计量信得过单位》
《物料验收记录》,*企业内部管理*,ai,True,<泛类型>,《物料验收记录》属企业内控管理制度。,*企业内部管理*,(6-6) AI分类含星号'*企业内部管理*'，分类不确定 | 法条: 《物料验收记录》
《物权法》,建设工程与房地产,ai,True,<泛类型>,《物权法》核心规范物权及不动产。,房地产/土地,(6-7) 泛型法条被AI分为具体分类'建设工程与房地产'，应删除 | 原标记: <泛类型> | 法条: 《物权法》
《物权法》第三十九条,建设工程与房地产,ai,True,<泛类型>,《物权法》规范物权归属与利用。,房地产/土地,(6-7) 泛型法条被AI分为具体分类'建设工程与房地产'，应删除 | 原标记: <泛类型> | 法条: 《物权法》第三十九条
《物理检验原始记录》,产品质量与安全,ai,True,<泛类型>,物理检验记录属于产品质量检验环节。,产品质量,(6-7) 泛型法条被AI分为具体分类'产品质量与安全'，应删除 | 原标记: <泛类型> | 法条: 《物理检验原始记录》
《特殊作业管理制度》,安全生产,ai,True,<泛类型>,特殊作业管理制度属安全生产管理。,安全生产,(6-7) 泛型法条被AI分为具体分类'安全生产'，应删除 | 原标记: <泛类型> | 法条: 《特殊作业管理制度》
《特福莱汽车服务加盟协议书》,消费者权益/市场秩序,ai,True,<泛类型>,加盟协议合同争议，属消费/商事纠纷。,消费者权益纠纷,(6-7) 泛型法条被AI分为具体分类'消费者权益/市场秩序'，应删除 | 原标记: <泛类型> | 法条: 《特福莱汽车服务加盟协议书》
《特许经营合同》,市场秩序与竞争监管,ai,True,<泛类型>,涉及特许经营合同规范市场秩序。,消费者权益/市场秩序,(6-7) 泛型法条被AI分为具体分类'市场秩序与竞争监管'，应删除 | 原标记: <泛类型> | 法条: 《特许经营合同》
《狗男女》,*法律条文缺失*,ai,True,<泛类型>,仅有标题无内容，无法判断。,*法律条文缺失*,(6-6) AI分类含星号'*法律条文缺失*'，分类不确定 | 法条: 《狗男女》
《狙击手：幽灵战士2》,*未涉行政违法*,ai,True,<泛类型>,仅为游戏名称，无法律内容。,*未涉行政违法*,(6-6) AI分类含星号'*未涉行政违法*'，分类不确定 | 法条: 《狙击手：幽灵战士2》
《玉林市市场监督管理局关于协查液化石油气钢瓶检验机构相关情况的复函》,燃气安全,ai,True,<泛类型>,涉及液化石油气钢瓶检验管理。,燃气安全,(6-7) 泛型法条被AI分为具体分类'燃气安全'，应删除 | 原标记: <泛类型> | 法条: 《玉林市市场监督管理局关于协查液化石油气钢瓶检验机构相关情况的复函》
《现代商业》,公共文化与传媒,ai,True,<泛类型>,期刊出版发行管理，一般归属传媒。,公共文化与传媒,(6-7) 泛型法条被AI分为具体分类'公共文化与传媒'，应删除 | 原标记: <泛类型> | 法条: 《现代商业》
《现代汉语词典》,公共文化与传媒,ai,True,<泛类型>,《现代汉语词典》属出版文化领域。,公共文化与传媒,(6-7) 泛型法条被AI分为具体分类'公共文化与传媒'，应删除 | 原标记: <泛类型> | 法条: 《现代汉语词典》
《现金交款单》,财税与金融监管,ai,True,<泛类型>,现金交款单属会计收支票据。,会计/账务,(6-7) 泛型法条被AI分为具体分类'财税与金融监管'，应删除 | 原标记: <泛类型> | 法条: 《现金交款单》
《现金总分类账》,财税与金融监管,ai,True,<泛类型>,《现金总分类账》属会计核算规范。,会计/账务,(6-7) 泛型法条被AI分为具体分类'财税与金融监管'，应删除 | 原标记: <泛类型> | 法条: 《现金总分类账》
《现金支出证明单》,财税与金融监管,ai,True,<泛类型>,《现金支出证明单》属会计凭证管理。,会计/账务,(6-7) 泛型法条被AI分为具体分类'财税与金融监管'，应删除 | 原标记: <泛类型> | 法条: 《现金支出证明单》
《现金收入单据》,财税与金融监管,ai,True,<泛类型>,《现金收入单据》属会计票据管理。,会计/账务,(6-7) 泛型法条被AI分为具体分类'财税与金融监管'，应删除 | 原标记: <泛类型> | 法条: 《现金收入单据》
《现金日记帐》,财税与金融监管,ai,True,<泛类型>,现金日记账属会计核算管理范围。,会计/账务,(6-7) 泛型法条被AI分为具体分类'财税与金融监管'，应删除 | 原标记: <泛类型> | 法条: 《现金日记帐》
《现金明细分类账》,财税与金融监管,ai,True,<泛类型>,《现金明细分类账》属会计核算凭证。,会计/账务,(6-7) 泛型法条被AI分为具体分类'财税与金融监管'，应删除 | 原标记: <泛类型> | 法条: 《现金明细分类账》
《珠宝玉石 名称》,产品质量与安全,ai,True,<泛类型>,涉及珠宝玉石名称标准规范管理。,产品质量,(6-7) 泛型法条被AI分为具体分类'产品质量与安全'，应删除 | 原标记: <泛类型> | 法条: 《珠宝玉石 名称》
《珠宝玉石 鉴定》,产品质量与安全,ai,True,<泛类型>,珠宝玉石鉴定属产品质量领域。,产品质量,(6-7) 泛型法条被AI分为具体分类'产品质量与安全'，应删除 | 原标记: <泛类型> | 法条: 《珠宝玉石 鉴定》
《珠宝玉石饰品 标识》,产品质量与安全,ai,True,<泛类型>,珠宝玉石饰品标识属产品质量规范。,产品质量,(6-7) 泛型法条被AI分为具体分类'产品质量与安全'，应删除 | 原标记: <泛类型> | 法条: 《珠宝玉石饰品 标识》
《珠江晚报》,公共文化与传媒,ai,True,<泛类型>,《珠江晚报》属于新闻传媒领域。,公共文化与传媒,(6-7) 泛型法条被AI分为具体分类'公共文化与传媒'，应删除 | 原标记: <泛类型> | 法条: 《珠江晚报》
《珠海市工商行政管理局规范行政处罚自由裁量权暂行办法》第十条第（十）项,其他,ai,True,<泛类型>,条款内容未提供，无法精准对应。,其他违法行为,(6-5) 程序性 | 匹配模式: '行政处罚自由裁量权' | 法条: 《珠海市工商行政管理局规范行政处罚自由裁量权暂行办法》第十条第（十）项
《珠海市市场监督管理局行使行政处罚自由裁量权实施办法》第十七条第一项,其他,ai,True,<泛类型>,仅给出条款序号，无法判断具体领域。,其他违法行为,(6-5) 程序性 | 匹配模式: '行政处罚自由裁量权' | 法条: 《珠海市市场监督管理局行使行政处罚自由裁量权实施办法》第十七条第一项
《珠海特区报》,公共文化与传媒,ai,True,<泛类型>,《珠海特区报》属新闻传媒领域。,公共文化与传媒,(6-7) 泛型法条被AI分为具体分类'公共文化与传媒'，应删除 | 原标记: <泛类型> | 法条: 《珠海特区报》
《珠海经济特区出租车管理条例》第三十六条第三项的规定,交通运输,ai,True,<泛类型>,出租车管理条例属道路运输管理。,交通运输违规,(6-7) 泛型法条被AI分为具体分类'交通运输'，应删除 | 原标记: <泛类型> | 法条: 《珠海经济特区出租车管理条例》第三十六条第三项的规定
《珠海经济特区出租车管理条例》第二十一条第一款的规定,交通运输,ai,True,<泛类型>,出租车管理条例属城市客运交通管理。,交通运输违规,(6-7) 泛型法条被AI分为具体分类'交通运输'，应删除 | 原标记: <泛类型> | 法条: 《珠海经济特区出租车管理条例》第二十一条第一款的规定
《瓦斯巡回检查制度》,安全生产,ai,True,<泛类型>,瓦斯巡检属矿山安全生产管理制度。,安全生产,(6-7) 泛型法条被AI分为具体分类'安全生产'，应删除 | 原标记: <泛类型> | 法条: 《瓦斯巡回检查制度》
《瓦斯日报表》,安全生产,ai,True,<泛类型>,《瓦斯日报表》属矿山瓦斯安全管理。,安全生产,(6-7) 泛型法条被AI分为具体分类'安全生产'，应删除 | 原标记: <泛类型> | 法条: 《瓦斯日报表》
《瓦检员交接班制度》,安全生产,ai,True,<泛类型>,矿井瓦检交接班制度属安全生产管理。,安全生产,(6-7) 泛型法条被AI分为具体分类'安全生产'，应删除 | 原标记: <泛类型> | 法条: 《瓦检员交接班制度》
《瓶装液化石油气调压器》,产品质量与安全,ai,True,<泛类型>,系瓶装液化气调压器产品质量标准。,产品质量,(6-7) 泛型法条被AI分为具体分类'产品质量与安全'，应删除 | 原标记: <泛类型> | 法条: 《瓶装液化石油气调压器》
《瓶装液化石油气配送管理指南(试行)》,燃气安全,ai,True,<泛类型>,规范瓶装液化石油气配送安全管理。,燃气安全,(6-7) 泛型法条被AI分为具体分类'燃气安全'，应删除 | 原标记: <泛类型> | 法条: 《瓶装液化石油气配送管理指南(试行)》
《甘肃省人民政府办公厅转发省财政厅等部门关于甘肃省地方教育附加征收使用管理办法的通知》,财税与金融监管,ai,True,<泛类型>,涉及教育附加费征收使用管理规定。,税收违规,(6-7) 泛型法条被AI分为具体分类'财税与金融监管'，应删除 | 原标记: <泛类型> | 法条: 《甘肃省人民政府办公厅转发省财政厅等部门关于甘肃省地方教育附加征收使用管理办法的通知》
《甘肃省住建系统行政处罚自由裁量权基准及其适用规则》,建设工程与房地产,ai,True,<泛类型>,住建系统处罚基准，属建设工程监管。,建设工程,(6-5) 程序性 | 匹配模式: '行政处罚自由裁量权' | 法条: 《甘肃省住建系统行政处罚自由裁量权基准及其适用规则》
《甘肃省住房和城乡建设厅行政处罚自由裁量权标准》,建设工程与房地产,ai,True,<泛类型>,《住房和城乡建设》领域处罚标准。,建设工程,(6-5) 程序性 | 匹配模式: '行政处罚自由裁量权' | 法条: 《甘肃省住房和城乡建设厅行政处罚自由裁量权标准》
《甘肃省住房和城乡建设系统行政处罚自由裁量权基准适用规则》第六条,建设工程与房地产,ai,True,<泛类型>,住房城乡建设系统行政处罚规则。,建设工程,(6-5) 程序性 | 匹配模式: '行政处罚自由裁量权' | 法条: 《甘肃省住房和城乡建设系统行政处罚自由裁量权基准适用规则》第六条
《甘肃省合同监督管理条例》第十四条,市场秩序与竞争监管,ai,True,<泛类型>,合同监督管理本质属市场交易监管。,消费者权益/市场秩序,(6-7) 泛型法条被AI分为具体分类'市场秩序与竞争监管'，应删除 | 原标记: <泛类型> | 法条: 《甘肃省合同监督管理条例》第十四条
《甘肃省合同监督管理条例》第十四条第一款,*合同监督管理*,ai,True,<泛类型>,依据合同监督管理条例内容设定。,*合同监督管理*,(6-6) AI分类含星号'*合同监督管理*'，分类不确定 | 法条: 《甘肃省合同监督管理条例》第十四条第一款
《甘肃省地方教育附加征收使用管理办法》,财税与金融监管,ai,True,<泛类型>,涉及教育附加费征收管理问题。,税收违规,(6-7) 泛型法条被AI分为具体分类'财税与金融监管'，应删除 | 原标记: <泛类型> | 法条: 《甘肃省地方教育附加征收使用管理办法》
《甘肃省地方教育附加征收使用管理办法》第二条,财税与金融监管,ai,True,<泛类型>,涉及教育附加费征收管理，属税费。,税收违规,(6-7) 泛型法条被AI分为具体分类'财税与金融监管'，应删除 | 原标记: <泛类型> | 法条: 《甘肃省地方教育附加征收使用管理办法》第二条
《甘肃省城乡集市贸易管理办法》第三十五条,市场秩序与竞争监管,ai,True,<泛类型>,城乡集市管理本质属市场秩序规范。,消费者权益/市场秩序,(6-7) 泛型法条被AI分为具体分类'市场秩序与竞争监管'，应删除 | 原标记: <泛类型> | 法条: 《甘肃省城乡集市贸易管理办法》第三十五条
《甘肃省城乡集市贸易管理办法》第十九条第（一）项,市场秩序与竞争监管,ai,True,<泛类型>,集市贸易管理，规范市场秩序。,消费者权益/市场秩序,(6-7) 泛型法条被AI分为具体分类'市场秩序与竞争监管'，应删除 | 原标记: <泛类型> | 法条: 《甘肃省城乡集市贸易管理办法》第十九条第（一）项
《甘肃省工商行政管理机关行政处罚自由裁量权实施规则》,其他,ai,True,<泛类型>,仅为程序性规定，无法对应具体领域。,其他违法行为,(6-5) 程序性 | 匹配模式: '行政处罚自由裁量权' | 法条: 《甘肃省工商行政管理机关行政处罚自由裁量权实施规则》
《甘肃省工商行政管理机关行政处罚自由裁量权实施规则》第十五条第一款第（一）项及,其他,ai,True,<泛类型>,仅给出规则条款，无具体案情。,其他违法行为,(6-5) 程序性 | 匹配模式: '行政处罚自由裁量权' | 法条: 《甘肃省工商行政管理机关行政处罚自由裁量权实施规则》第十五条第一款第（一）项及
《甘肃省工商行政管理机关行政处罚自由裁量权实施规则》第十八条,其他,ai,True,<泛类型>,仅给出条文标题，无法判断内容。,其他违法行为,(6-5) 程序性 | 匹配模式: '行政处罚自由裁量权' | 法条: 《甘肃省工商行政管理机关行政处罚自由裁量权实施规则》第十八条
《甘肃省工商行政管理机关行政处罚自由裁量权实施规则》第十八条第（一）项,其他,ai,True,<泛类型>,仅给出条款编号，无法判断内容。,其他违法行为,(6-5) 程序性 | 匹配模式: '行政处罚自由裁量权' | 法条: 《甘肃省工商行政管理机关行政处罚自由裁量权实施规则》第十八条第（一）项
《甘肃省工商行政管理机关行政处罚自由裁量权实施规则》第十六条第（一）项,其他,ai,True,<泛类型>,仅给出条款编号，无法判断具体领域。,其他违法行为,(6-5) 程序性 | 匹配模式: '行政处罚自由裁量权' | 法条: 《甘肃省工商行政管理机关行政处罚自由裁量权实施规则》第十六条第（一）项
《甘肃省建筑市场管理条例》第三十九条,建设工程与房地产,ai,True,<泛类型>,《建筑市场管理条例》属工程建设领域。,建设工程,(6-7) 泛型法条被AI分为具体分类'建设工程与房地产'，应删除 | 原标记: <泛类型> | 法条: 《甘肃省建筑市场管理条例》第三十九条
《甘肃省建筑市场管理条例》第四十二条,建设工程与房地产,ai,True,<泛类型>,依据建筑市场管理条例内容，属建设领域。,建设工程,(6-7) 泛型法条被AI分为具体分类'建设工程与房地产'，应删除 | 原标记: <泛类型> | 法条: 《甘肃省建筑市场管理条例》第四十二条
《甘肃省建筑市场管理条例》第四十四条,建设工程与房地产,ai,True,<泛类型>,依据建筑市场管理条例，属建设领域。,建设工程,(6-7) 泛型法条被AI分为具体分类'建设工程与房地产'，应删除 | 原标记: <泛类型> | 法条: 《甘肃省建筑市场管理条例》第四十四条
《甘肃省水电站引泄水流量监督管理办法》第七条、第十九条,环境保护,ai,True,<泛类型>,《水利》领域水流量监督管理相关。,水资源,(6-7) 泛型法条被AI分为具体分类'环境保护'，应删除 | 原标记: <泛类型> | 法条: 《甘肃省水电站引泄水流量监督管理办法》第七条、第十九条
《甘肃省水行政处罚自由裁量权参照执行标准》,环境保护,ai,True,<泛类型>,依据水行政处罚裁量标准，属水事违法。,水资源,(6-5) 程序性 | 匹配模式: '行政处罚自由裁量权' | 法条: 《甘肃省水行政处罚自由裁量权参照执行标准》
《甘肃省物业服务收费管理实施办法》第二十条,市场秩序与竞争监管,ai,True,<泛类型>,物业服务收费管理办法，属价格收费。,价格/收费,(6-7) 泛型法条被AI分为具体分类'市场秩序与竞争监管'，应删除 | 原标记: <泛类型> | 法条: 《甘肃省物业服务收费管理实施办法》第二十条
《甘肃省统计行政处罚自由裁量标准》,统计相关,ai,True,<泛类型>,《统计行政处罚》直接对应统计领域。,统计相关,(6-7) 泛型法条被AI分为具体分类'统计相关'，应删除 | 原标记: <泛类型> | 法条: 《甘肃省统计行政处罚自由裁量标准》
《甘肃省规范行政处罚自由裁量权规定》第十一条第一款,其他,ai,True,<泛类型>,《规定》为程序性规范，未指向具体领域。,其他违法行为,(6-5) 程序性 | 匹配模式: '行政处罚自由裁量权' | 法条: 《甘肃省规范行政处罚自由裁量权规定》第十一条第一款
《甘肃省规范行政处罚自由裁量权规定》第十一条规定,其他,ai,True,<泛类型>,仅为裁量规定本身，未涉具体领域。,其他违法行为,(6-5) 程序性 | 匹配模式: '行政处罚自由裁量权' | 法条: 《甘肃省规范行政处罚自由裁量权规定》第十一条规定
《生产台账》,安全生产,ai,True,<泛类型>,生产台账管理通常属安全生产管理。,安全生产,(6-7) 泛型法条被AI分为具体分类'安全生产'，应删除 | 原标记: <泛类型> | 法条: 《生产台账》
《生产台账记录》,财税与金融监管,ai,True,<泛类型>,“生产台账记录”属账簿记录管理。,会计/账务,(6-7) 泛型法条被AI分为具体分类'财税与金融监管'，应删除 | 原标记: <泛类型> | 法条: 《生产台账记录》
《生产日报表》,统计相关,ai,True,<泛类型>,《生产日报表》属统计报送制度。,统计相关,(6-7) 泛型法条被AI分为具体分类'统计相关'，应删除 | 原标记: <泛类型> | 法条: 《生产日报表》
《生产材料买卖合同》,消费者权益/市场秩序,ai,True,<泛类型>,买卖合同纠纷，一般属消费领域。,消费者权益纠纷,(6-7) 泛型法条被AI分为具体分类'消费者权益/市场秩序'，应删除 | 原标记: <泛类型> | 法条: 《生产材料买卖合同》
《生产模具折旧清单》,财税与金融监管,ai,True,<泛类型>,《生产模具折旧清单》属财务核算凭证。,会计/账务,(6-7) 泛型法条被AI分为具体分类'财税与金融监管'，应删除 | 原标记: <泛类型> | 法条: 《生产模具折旧清单》
《生产班组日志》,安全生产,ai,True,<泛类型>,生产班组日志通常属安全生产管理要求。,安全生产,(6-7) 泛型法条被AI分为具体分类'安全生产'，应删除 | 原标记: <泛类型> | 法条: 《生产班组日志》
《生产经营单位管理人员生产考核合格证》,安全生产,ai,True,<泛类型>,涉及生产经营单位管理人员安全考核。,安全生产,(6-7) 泛型法条被AI分为具体分类'安全生产'，应删除 | 原标记: <泛类型> | 法条: 《生产经营单位管理人员生产考核合格证》
《生产经营景气状况》,统计相关,ai,True,<泛类型>,《生产经营景气状况》属统计类指标。,统计相关,(6-7) 泛型法条被AI分为具体分类'统计相关'，应删除 | 原标记: <泛类型> | 法条: 《生产经营景气状况》
《生产记录》,产品质量与安全,ai,True,<泛类型>,《生产记录》多指食品药品生产管理。,食品药品,(6-7) 泛型法条被AI分为具体分类'产品质量与安全'，应删除 | 原标记: <泛类型> | 法条: 《生产记录》
《生产记录单》,产品质量与安全,ai,True,<泛类型>,“生产记录单”通常系食品药品生产管理。,食品药品,(6-7) 泛型法条被AI分为具体分类'产品质量与安全'，应删除 | 原标记: <泛类型> | 法条: 《生产记录单》
《生命与灾害》,安全生产,ai,True,<泛类型>,涉及生命与灾害安全防护管理。,安全生产,(6-7) 泛型法条被AI分为具体分类'安全生产'，应删除 | 原标记: <泛类型> | 法条: 《生命与灾害》
《生活周刊》,公共文化与传媒,ai,True,<泛类型>,《生活周刊》属期刊出版传媒领域。,公共文化与传媒,(6-7) 泛型法条被AI分为具体分类'公共文化与传媒'，应删除 | 原标记: <泛类型> | 法条: 《生活周刊》
《生物降解塑料购物袋》,产品质量与安全,ai,True,<泛类型>,针对生物降解塑料袋产品标准要求。,产品质量,(6-7) 泛型法条被AI分为具体分类'产品质量与安全'，应删除 | 原标记: <泛类型> | 法条: 《生物降解塑料购物袋》
《生猪屠宰管理条例》,产品质量与安全,ai,True,<泛类型>,生猪屠宰管理属食品安全监管。,食品药品,(6-7) 泛型法条被AI分为具体分类'产品质量与安全'，应删除 | 原标记: <泛类型> | 法条: 《生猪屠宰管理条例》
《生猪屠宰管理条例》第十一条生猪定点屠宰厂(场)应当具备的规定条,产品质量与安全,ai,True,<泛类型>,生猪屠宰管理直接涉及食品安全。,食品药品,(6-7) 泛型法条被AI分为具体分类'产品质量与安全'，应删除 | 原标记: <泛类型> | 法条: 《生猪屠宰管理条例》第十一条生猪定点屠宰厂(场)应当具备的规定条
《生猪屠宰管理条例》第十三条第二款之规定,产品质量与安全,ai,True,<泛类型>,生猪屠宰管理条例属食品安全监管。,食品药品,(6-7) 泛型法条被AI分为具体分类'产品质量与安全'，应删除 | 原标记: <泛类型> | 法条: 《生猪屠宰管理条例》第十三条第二款之规定
《生猪屠宰管理条例实施办法行政处罚规范自由裁量权》,产品质量与安全,ai,True,<泛类型>,《生猪屠宰管理条例》属食品安全监管。,食品药品,(6-7) 泛型法条被AI分为具体分类'产品质量与安全'，应删除 | 原标记: <泛类型> | 法条: 《生猪屠宰管理条例实施办法行政处罚规范自由裁量权》
《生猪屠宰管理条例实族办法》,产品质量与安全,ai,True,<泛类型>,涉及生猪屠宰监管，属食品安全。,食品药品,(6-7) 泛型法条被AI分为具体分类'产品质量与安全'，应删除 | 原标记: <泛类型> | 法条: 《生猪屠宰管理条例实族办法》
《用地申请书》,建设工程与房地产,ai,True,<泛类型>,标题为用地申请书，涉土地使用。,房地产/土地,(6-7) 泛型法条被AI分为具体分类'建设工程与房地产'，应删除 | 原标记: <泛类型> | 法条: 《用地申请书》
《田阳百达江超市商品报损单》,财税与金融监管,ai,True,<泛类型>,商品报损涉及财务核算管理。,会计/账务,(6-7) 泛型法条被AI分为具体分类'财税与金融监管'，应删除 | 原标记: <泛类型> | 法条: 《田阳百达江超市商品报损单》
《甲醇储罐V1*8c罐顶封堵高处作业证》,安全生产,ai,True,<泛类型>,涉及甲醇危化品设施高处作业管理。,安全生产/危化品,(6-7) 泛型法条被AI分为具体分类'安全生产'，应删除 | 原标记: <泛类型> | 法条: 《甲醇储罐V1*8c罐顶封堵高处作业证》
《电/扶梯维护保养合同》,安全生产,ai,True,<泛类型>,《电梯维护保养合同》属特种设备管理。,特种设备,(6-7) 泛型法条被AI分为具体分类'安全生产'，应删除 | 原标记: <泛类型> | 法条: 《电/扶梯维护保养合同》
《电信和互联网用户个人信息保护规定》第二十三条“电信业务经营者、互联网信息服务提供者违反本规定第九条,网络/数据安全,ai,True,<泛类型>,涉及电信互联网用户个人信息保护规定。,网络/数据安全,(6-7) 泛型法条被AI分为具体分类'网络/数据安全'，应删除 | 原标记: <泛类型> | 法条: 《电信和互联网用户个人信息保护规定》第二十三条“电信业务经营者、互联网信息服务提供者违反本规定第九条
《电动吊篮租赁合同》,建设工程与房地产,ai,True,<泛类型>,电动吊篮系建筑施工设备租赁。,建设工程,(6-7) 泛型法条被AI分为具体分类'建设工程与房地产'，应删除 | 原标记: <泛类型> | 法条: 《电动吊篮租赁合同》
《电动自行车用锂离子蓄电池》,产品质量与安全,ai,True,<泛类型>,电动自行车锂电池产品标准规范相关。,产品质量,(6-7) 泛型法条被AI分为具体分类'产品质量与安全'，应删除 | 原标记: <泛类型> | 法条: 《电动自行车用锂离子蓄电池》
《电动自行车通用技术条件》,产品质量与安全,ai,True,<泛类型>,《电动自行车通用技术条件》属产品标准。,产品质量,(6-7) 泛型法条被AI分为具体分类'产品质量与安全'，应删除 | 原标记: <泛类型> | 法条: 《电动自行车通用技术条件》
《电商平台合同》,市场秩序与竞争监管,ai,True,<泛类型>,电商平台合同主要规范网络交易秩序。,消费者权益/市场秩序,(6-7) 泛型法条被AI分为具体分类'市场秩序与竞争监管'，应删除 | 原标记: <泛类型> | 法条: 《电商平台合同》
《电子商务合作协议》,网络市场交易/市场秩序,ai,True,<泛类型>,电子商务合作协议，属电商交易秩序。,网络市场交易/市场秩序,(6-7) 泛型法条被AI分为具体分类'网络市场交易/市场秩序'，应删除 | 原标记: <泛类型> | 法条: 《电子商务合作协议》
《电子商务服务合同》,市场秩序与竞争监管,ai,True,<泛类型>,《电子商务服务合同》规范电商交易秩序。,消费者权益/市场秩序,(6-7) 泛型法条被AI分为具体分类'市场秩序与竞争监管'，应删除 | 原标记: <泛类型> | 法条: 《电子商务服务合同》
《电子商务法》,网络市场交易/市场秩序,ai,True,<泛类型>,根据《电子商务法》规范电商交易秩序。,网络市场交易/市场秩序,(6-7) 泛型法条被AI分为具体分类'网络市场交易/市场秩序'，应删除 | 原标记: <泛类型> | 法条: 《电子商务法》
《电子行程单》,交通运输,ai,True,<泛类型>,电子行程单用于客运服务管理。,交通运输违规,(6-7) 泛型法条被AI分为具体分类'交通运输'，应删除 | 原标记: <泛类型> | 法条: 《电子行程单》
《电池液（硫酸）装卸操作规范》,安全生产,ai,True,<泛类型>,电池液硫酸属危化品装卸操作规范。,安全生产/危化品,(6-7) 泛型法条被AI分为具体分类'安全生产'，应删除 | 原标记: <泛类型> | 法条: 《电池液（硫酸）装卸操作规范》
《电磁兼容 限值 谐波电流发射限值（设备每相输入电流≤16A）》,产品质量与安全,ai,True,<泛类型>,产品未符合电磁兼容技术限值要求。,产品质量,(6-7) 泛型法条被AI分为具体分类'产品质量与安全'，应删除 | 原标记: <泛类型> | 法条: 《电磁兼容 限值 谐波电流发射限值（设备每相输入电流≤16A）》
《电视频道清单》,公共文化与传媒,ai,True,<泛类型>,与电视频道管理及传媒秩序相关。,公共文化与传媒,(6-7) 泛型法条被AI分为具体分类'公共文化与传媒'，应删除 | 原标记: <泛类型> | 法条: 《电视频道清单》
《电费交费通知单》,市场秩序与竞争监管,ai,True,<泛类型>,《电费交费通知单》涉及电价收费事项。,价格/收费,(6-7) 泛型法条被AI分为具体分类'市场秩序与竞争监管'，应删除 | 原标记: <泛类型> | 法条: 《电费交费通知单》
《电费清单》,市场秩序与竞争监管,ai,True,<泛类型>,涉及电费结算、收费项目规范。,价格/收费,(6-7) 泛型法条被AI分为具体分类'市场秩序与竞争监管'，应删除 | 原标记: <泛类型> | 法条: 《电费清单》
《留样记录表》,产品质量与安全,ai,True,<泛类型>,《留样记录表》多用于食品留样管理。,食品药品,(6-7) 泛型法条被AI分为具体分类'产品质量与安全'，应删除 | 原标记: <泛类型> | 法条: 《留样记录表》
《白云石粉体加工项目》,环境保护,ai,True,<泛类型>,建设项目涉及环保审批监管。,环境保护,(6-7) 泛型法条被AI分为具体分类'环境保护'，应删除 | 原标记: <泛类型> | 法条: 《白云石粉体加工项目》
《白砂糖》,产品质量与安全,ai,True,<泛类型>,白砂糖属食品范围管理。,食品药品,(6-7) 泛型法条被AI分为具体分类'产品质量与安全'，应删除 | 原标记: <泛类型> | 法条: 《白砂糖》
《白银市工商行政管理局责令改正通知书》,市场主体与登记治理,ai,True,<泛类型>,工商局责令改正，多涉登记问题。,无照经营/登记问题,(6-7) 泛型法条被AI分为具体分类'市场主体与登记治理'，应删除 | 原标记: <泛类型> | 法条: 《白银市工商行政管理局责令改正通知书》
《白银市工商行政管理机关行政处罚自由裁量暂行标准一》第七条第（二）项,市场秩序与竞争监管,ai,True,<泛类型>,工商机关处罚标准，多为市场秩序类。,消费者权益/市场秩序,(6-7) 泛型法条被AI分为具体分类'市场秩序与竞争监管'，应删除 | 原标记: <泛类型> | 法条: 《白银市工商行政管理机关行政处罚自由裁量暂行标准一》第七条第（二）项
《白银日报》,公共文化与传媒,ai,True,<泛类型>,《白银日报》属报纸出版传媒领域。,公共文化与传媒,(6-7) 泛型法条被AI分为具体分类'公共文化与传媒'，应删除 | 原标记: <泛类型> | 法条: 《白银日报》
《百度推广服务订单》,市场秩序与竞争监管,ai,True,<泛类型>,网络推广服务订单，属市场交易秩序。,消费者权益/市场秩序,(6-7) 泛型法条被AI分为具体分类'市场秩序与竞争监管'，应删除 | 原标记: <泛类型> | 法条: 《百度推广服务订单》
《皂类产品委托加工合同书》,市场秩序与竞争监管,ai,True,<泛类型>,合同文本规范商品加工及市场秩序。,消费者权益/市场秩序,(6-7) 泛型法条被AI分为具体分类'市场秩序与竞争监管'，应删除 | 原标记: <泛类型> | 法条: 《皂类产品委托加工合同书》
《皮革服装》,产品质量与安全,ai,True,<泛类型>,皮革服装产品标准，属产品质量监管。,产品质量,(6-7) 泛型法条被AI分为具体分类'产品质量与安全'，应删除 | 原标记: <泛类型> | 法条: 《皮革服装》
《皮鞋》,产品质量与安全,ai,True,<泛类型>,《皮鞋》属产品质量标准规范。,产品质量,(6-7) 泛型法条被AI分为具体分类'产品质量与安全'，应删除 | 原标记: <泛类型> | 法条: 《皮鞋》
《皮鞋外底》,产品质量与安全,ai,True,<泛类型>,《皮鞋外底》属产品质量标准规范。,产品质量,(6-7) 泛型法条被AI分为具体分类'产品质量与安全'，应删除 | 原标记: <泛类型> | 法条: 《皮鞋外底》
《盐池县财政局行政处罚告知书》,财税与金融监管,ai,True,<泛类型>,财政局处罚多涉会计财务问题。,会计/账务,(6-7) 泛型法条被AI分为具体分类'财税与金融监管'，应删除 | 原标记: <泛类型> | 法条: 《盐池县财政局行政处罚告知书》
《盐渍海蜇皮和盐渍海蜇头》,产品质量与安全,ai,True,<泛类型>,盐渍海蜇属食品范畴管理。,食品药品,(6-7) 泛型法条被AI分为具体分类'产品质量与安全'，应删除 | 原标记: <泛类型> | 法条: 《盐渍海蜇皮和盐渍海蜇头》
《监控抓拍截图》,交通运输,ai,True,<泛类型>,监控抓拍多用于交通违法取证。,交通运输违规,(6-7) 泛型法条被AI分为具体分类'交通运输'，应删除 | 原标记: <泛类型> | 法条: 《监控抓拍截图》
《监理通知单》,建设工程与房地产,ai,True,<泛类型>,《监理通知单》系工程监理文书。,建设工程,(6-7) 泛型法条被AI分为具体分类'建设工程与房地产'，应删除 | 原标记: <泛类型> | 法条: 《监理通知单》
《监理通知回复单》,建设工程与房地产,ai,True,<泛类型>,监理通知属工程建设管理文件。,建设工程,(6-7) 泛型法条被AI分为具体分类'建设工程与房地产'，应删除 | 原标记: <泛类型> | 法条: 《监理通知回复单》
《监督抽查不符合项目通知书》,产品质量与安全,ai,True,<泛类型>,监督抽查为产品质量监督范畴。,产品质量,(6-7) 泛型法条被AI分为具体分类'产品质量与安全'，应删除 | 原标记: <泛类型> | 法条: 《监督抽查不符合项目通知书》
《监验检测机构监督管理办法》,产品质量与安全,ai,True,<泛类型>,监验检测机构监管，关系产品质量。,产品质量,(6-7) 泛型法条被AI分为具体分类'产品质量与安全'，应删除 | 原标记: <泛类型> | 法条: 《监验检测机构监督管理办法》
《直接费用报销单》,财税与金融监管,ai,True,<泛类型>,涉及费用报销单据管理问题。,会计/账务,(6-7) 泛型法条被AI分为具体分类'财税与金融监管'，应删除 | 原标记: <泛类型> | 法条: 《直接费用报销单》
《直播服务合作协议》,公共文化与传媒,ai,True,<泛类型>,直播服务协议，属网络传媒领域。,公共文化与传媒,(6-7) 泛型法条被AI分为具体分类'公共文化与传媒'，应删除 | 原标记: <泛类型> | 法条: 《直播服务合作协议》
《直流电动喷雾机（器）》,产品质量与安全,ai,True,<泛类型>,涉及具体产品标准与质量要求。,产品质量,(6-7) 泛型法条被AI分为具体分类'产品质量与安全'，应删除 | 原标记: <泛类型> | 法条: 《直流电动喷雾机（器）》
《直销框架合同》,规范直销/打击传销,ai,True,<泛类型>,直销框架合同内容，属直销监管。,规范直销和打击传销,(6-7) 泛型法条被AI分为具体分类'规范直销/打击传销'，应删除 | 原标记: <泛类型> | 法条: 《直销框架合同》
《直销管理条例》,规范直销/打击传销,ai,True,<泛类型>,依据《直销管理条例》直接对应直销监管。,规范直销/打击传销,(6-7) 泛型法条被AI分为具体分类'规范直销/打击传销'，应删除 | 原标记: <泛类型> | 法条: 《直销管理条例》
《相关违法行为行政处罚裁量权执行标准》第一百四十九条第（二）项,其他,ai,True,<泛类型>,仅给出条款序号，无法判断类型。,其他违法行为,(6-5) 程序性 | 匹配模式: '行政处罚裁量权' | 法条: 《相关违法行为行政处罚裁量权执行标准》第一百四十九条第（二）项
《省发展改革委关于阶段性降低企业用电成本支持企业复工复产的通知》,市场秩序与竞争监管,ai,True,<泛类型>,涉及电价调整，属价格管理范围。,价格/收费,(6-7) 泛型法条被AI分为具体分类'市场秩序与竞争监管'，应删除 | 原标记: <泛类型> | 法条: 《省发展改革委关于阶段性降低企业用电成本支持企业复工复产的通知》
《省发展改革委关于降低一般工商业电价有关事项的通知》,市场秩序与竞争监管,ai,True,<泛类型>,《发展改革委通知》属电价价格管理。,价格/收费,(6-7) 泛型法条被AI分为具体分类'市场秩序与竞争监管'，应删除 | 原标记: <泛类型> | 法条: 《省发展改革委关于降低一般工商业电价有关事项的通知》
《省政府关于调整地方教育附加等政府性基金有关政策的通知》,市场秩序与竞争监管,ai,True,<泛类型>,《地方教育附加》属收费基金管理。,价格/收费,(6-7) 泛型法条被AI分为具体分类'市场秩序与竞争监管'，应删除 | 原标记: <泛类型> | 法条: 《省政府关于调整地方教育附加等政府性基金有关政策的通知》
《省政府关于调整教育费附加等政府性基金征收办法的通知》,财税与金融监管,ai,True,<泛类型>,涉及教育费附加等政府性基金征收。,税收违规,(6-7) 泛型法条被AI分为具体分类'财税与金融监管'，应删除 | 原标记: <泛类型> | 法条: 《省政府关于调整教育费附加等政府性基金征收办法的通知》
《省际包车牌》,交通运输,ai,True,<泛类型>,《省际包车牌》系道路运输管理规范。,交通运输违规,(6-7) 泛型法条被AI分为具体分类'交通运输'，应删除 | 原标记: <泛类型> | 法条: 《省际包车牌》
《石家庄市工商行政管理局行政处罚自由裁量权实施办法及执行标准》第十条,其他,ai,True,<泛类型>,仅给条号无内容，无法准确判断。,其他违法行为,(6-5) 程序性 | 匹配模式: '行政处罚自由裁量权' | 法条: 《石家庄市工商行政管理局行政处罚自由裁量权实施办法及执行标准》第十条
《石油化工自动化仪表选型设计规范》,安全生产,ai,True,<泛类型>,涉及石油化工自动化仪表安全设计规范。,安全生产/危化品,(6-7) 泛型法条被AI分为具体分类'安全生产'，应删除 | 原标记: <泛类型> | 法条: 《石油化工自动化仪表选型设计规范》
《码头附属设施技术规范》,建设工程与房地产,ai,True,<泛类型>,涉及码头工程设施技术规范管理。,建设工程,(6-7) 泛型法条被AI分为具体分类'建设工程与房地产'，应删除 | 原标记: <泛类型> | 法条: 《码头附属设施技术规范》
《砂实验报告》,产品质量与安全,ai,True,<泛类型>,砂实验报告属材料质量检测依据。,产品质量,(6-7) 泛型法条被AI分为具体分类'产品质量与安全'，应删除 | 原标记: <泛类型> | 法条: 《砂实验报告》
《砂试验报告》,产品质量与安全,ai,True,<泛类型>,涉及砂试验报告，属工程材料质量。,产品质量,(6-7) 泛型法条被AI分为具体分类'产品质量与安全'，应删除 | 原标记: <泛类型> | 法条: 《砂试验报告》
《砌筑水泥》,建设工程与房地产,ai,True,<泛类型>,《砌筑水泥》属工程施工技术规范。,建设工程,(6-7) 泛型法条被AI分为具体分类'建设工程与房地产'，应删除 | 原标记: <泛类型> | 法条: 《砌筑水泥》
《砖茶含氟量》,产品质量与安全,ai,True,<泛类型>,《砖茶含氟量》属食品安全标准。,食品药品,(6-7) 泛型法条被AI分为具体分类'产品质量与安全'，应删除 | 原标记: <泛类型> | 法条: 《砖茶含氟量》
《破碎石子承包合同》,建设工程与房地产,ai,True,<泛类型>,破碎石子承包合同，多涉工程施工。,建设工程,(6-7) 泛型法条被AI分为具体分类'建设工程与房地产'，应删除 | 原标记: <泛类型> | 法条: 《破碎石子承包合同》
《磐安县住房和城乡建 设局移交函》,建设工程与房地产,ai,True,<泛类型>,住建局移交，多涉建设工程违法。,建设工程,(6-7) 泛型法条被AI分为具体分类'建设工程与房地产'，应删除 | 原标记: <泛类型> | 法条: 《磐安县住房和城乡建 设局移交函》
《磷化槽翻槽作业方案》,安全生产,ai,True,<泛类型>,磷化槽属危化作业，安全生产规范。,安全生产/危化品,(6-7) 泛型法条被AI分为具体分类'安全生产'，应删除 | 原标记: <泛类型> | 法条: 《磷化槽翻槽作业方案》
《磷酸一铵、磷酸二铵》,产品质量与安全,ai,True,<泛类型>,《磷酸一铵、磷酸二铵》属产品标准规范。,产品质量,(6-7) 泛型法条被AI分为具体分类'产品质量与安全'，应删除 | 原标记: <泛类型> | 法条: 《磷酸一铵、磷酸二铵》
《社会艺术水平考级管理办法》第十七条,公共文化与传媒,ai,True,<泛类型>,《社会艺术水平考级管理办法》属文化管理领域。,公共文化与传媒,(6-7) 泛型法条被AI分为具体分类'公共文化与传媒'，应删除 | 原标记: <泛类型> | 法条: 《社会艺术水平考级管理办法》第十七条
《福州市市场监督管理机关行政处罚程序暂行规定》第十八、十九条,其他,ai,True,<泛类型>,仅给出程序规定条款编号，信息不足。,其他违法行为,(6-5) 程序性，不含实体违规 | 匹配模式: '行政处罚程序' | 法条: 《福州市市场监督管理机关行政处罚程序暂行规定》第十八、十九条
《福州市市场监督管理机关行政处罚自由裁量权适用规则》第十四条,其他,ai,True,<泛类型>,仅有条款序号，无具体违法内容。,其他违法行为,(6-5) 程序性 | 匹配模式: '行政处罚自由裁量权' | 法条: 《福州市市场监督管理机关行政处罚自由裁量权适用规则》第十四条
《福州市市场监督管理机关行政处罚自由裁量权适用规则》第四条,其他,ai,True,<泛类型>,仅有条款编号，无具体违法内容。,其他违法行为,(6-5) 程序性 | 匹配模式: '行政处罚自由裁量权' | 法条: 《福州市市场监督管理机关行政处罚自由裁量权适用规则》第四条
《福州市统计工作管理条例》,统计相关,ai,True,<泛类型>,《福州市统计工作管理条例》属统计管理法规。,统计相关,(6-7) 泛型法条被AI分为具体分类'统计相关'，应删除 | 原标记: <泛类型> | 法条: 《福州市统计工作管理条例》
《福州市统计行政处罚自由裁量权量化标准暂行规定》,统计相关,ai,True,<泛类型>,《统计行政处罚》明确属统计领域。,统计相关,(6-5) 程序性 | 匹配模式: '行政处罚自由裁量权' | 法条: 《福州市统计行政处罚自由裁量权量化标准暂行规定》
《福州市驾培行政处罚裁量标准》,交通运输,ai,True,<泛类型>,涉及驾培管理，属道路交通领域。,交通运输违规,(6-7) 泛型法条被AI分为具体分类'交通运输'，应删除 | 原标记: <泛类型> | 法条: 《福州市驾培行政处罚裁量标准》
《福州晚报》,公共文化与传媒,ai,True,<泛类型>,《福州晚报》属新闻传媒领域。,公共文化与传媒,(6-7) 泛型法条被AI分为具体分类'公共文化与传媒'，应删除 | 原标记: <泛类型> | 法条: 《福州晚报》
《福建省人民防空条例》第三十八条,*人民防空管理*,ai,True,<泛类型>,依据人民防空条例，属人防管理事项。,*人民防空管理*,(6-6) AI分类含星号'*人民防空管理*'，分类不确定 | 法条: 《福建省人民防空条例》第三十八条
《福建省人民防空条例》第十六条,*人民防空管理*,ai,True,<泛类型>,基于《人民防空条例》专门管理领域。,*人民防空管理*,(6-6) AI分类含星号'*人民防空管理*'，分类不确定 | 法条: 《福建省人民防空条例》第十六条
《福建省人民防空行政处罚裁量基准》,*人民防空管理*,ai,True,<泛类型>,针对人防工程及防空管理。,*人民防空管理*,(6-6) AI分类含星号'*人民防空管理*'，分类不确定 | 法条: 《福建省人民防空行政处罚裁量基准》
《福建省住房和城乡建设系统行政处罚裁量权基准》,建设工程与房地产,ai,True,<泛类型>,住建系统裁量基准，指向建设工程。,建设工程,(6-5) 程序性 | 匹配模式: '行政处罚裁量权' | 法条: 《福建省住房和城乡建设系统行政处罚裁量权基准》
《福建省住房和城乡建设系统行政处罚裁量权基准〔2021年版〕》,建设工程与房地产,ai,True,<泛类型>,住建系统处罚基准，多涉工程建设。,建设工程,(6-5) 程序性 | 匹配模式: '行政处罚裁量权' | 法条: 《福建省住房和城乡建设系统行政处罚裁量权基准〔2021年版〕》
《福建省住房和城乡建设系统行政处罚裁量权适用规则〔试行〕》,建设工程与房地产,ai,True,<泛类型>,住建系统规制，多涉工程建设。,建设工程,(6-5) 程序性 | 匹配模式: '行政处罚裁量权' | 法条: 《福建省住房和城乡建设系统行政处罚裁量权适用规则〔试行〕》
《福建省住房和城乡建设系统行政处罚裁量权适用规则（试行）》,建设工程与房地产,ai,True,<泛类型>,《住建系统处罚规则》属建设领域监管。,建设工程,(6-5) 程序性 | 匹配模式: '行政处罚裁量权' | 法条: 《福建省住房和城乡建设系统行政处罚裁量权适用规则（试行）》
《福建省工商行政管理机关行政处罚自由裁量权适用规则》第十六条第一款第（十）项,市场秩序与竞争监管,ai,True,<泛类型>,工商处罚规则，多属市场秩序管理。,消费者权益/市场秩序,(6-5) 程序性 | 匹配模式: '行政处罚自由裁量权' | 法条: 《福建省工商行政管理机关行政处罚自由裁量权适用规则》第十六条第一款第（十）项
《福建省工商行政管理机关行政处罚自由裁量权适用规则》第十六条第（十）项、,其他,ai,True,<泛类型>,仅有规则条款引用，无法细分类别。,其他违法行为,(6-5) 程序性 | 匹配模式: '行政处罚自由裁量权' | 法条: 《福建省工商行政管理机关行政处罚自由裁量权适用规则》第十六条第（十）项、
《福建省市场主体住所（经营场所）申报承诺表》,市场主体与登记治理,ai,True,<泛类型>,涉及市场主体住所登记申报承诺事项。,无照经营/登记问题,(6-7) 泛型法条被AI分为具体分类'市场主体与登记治理'，应删除 | 原标记: <泛类型> | 法条: 《福建省市场主体住所（经营场所）申报承诺表》
《福建省市场监督管理局关于行政处罚裁量权的适用规则》,其他,ai,True,<泛类型>,仅为裁量规则总则，无法细分。,其他违法行为,(6-5) 程序性 | 匹配模式: '行政处罚裁量权' | 法条: 《福建省市场监督管理局关于行政处罚裁量权的适用规则》
《福建省市场监督管理局关于行政处罚裁量权的适用规则》第七条,其他,ai,True,<泛类型>,仅给出条文标题，无法判断具体内容。,其他违法行为,(6-5) 程序性 | 匹配模式: '行政处罚裁量权' | 法条: 《福建省市场监督管理局关于行政处罚裁量权的适用规则》第七条
《福建省市场监督管理局关于行政处罚裁量权的适用规则》第七条第五款,其他,ai,True,<泛类型>,仅给出条款序号，无法判断具体内容。,其他违法行为,(6-5) 程序性 | 匹配模式: '行政处罚裁量权' | 法条: 《福建省市场监督管理局关于行政处罚裁量权的适用规则》第七条第五款
《福建省市场监督管理局关于行政处罚裁量权的适用规则》第十一条第一项,其他,ai,True,<泛类型>,仅给出条款序号，无法判断具体内容。,其他违法行为,(6-5) 程序性 | 匹配模式: '行政处罚裁量权' | 法条: 《福建省市场监督管理局关于行政处罚裁量权的适用规则》第十一条第一项
《福建省市场监督管理局关于行政处罚裁量权的适用规则》第十一条第（一）项,其他,ai,True,<泛类型>,仅给规则条款编号，无法判断类型。,其他违法行为,(6-5) 程序性 | 匹配模式: '行政处罚裁量权' | 法条: 《福建省市场监督管理局关于行政处罚裁量权的适用规则》第十一条第（一）项
《福建省市场监督管理局关于行政处罚裁量权的适用规则》第十三条第一款,其他,ai,True,<泛类型>,仅给出条款编号，无法判断内容。,其他违法行为,(6-5) 程序性 | 匹配模式: '行政处罚裁量权' | 法条: 《福建省市场监督管理局关于行政处罚裁量权的适用规则》第十三条第一款
《福建省市场监督管理局关于行政处罚裁量权的适用规则》第十三条第一款、第十四条第二款,其他,ai,True,<泛类型>,仅给出裁量规则条款，无法对应具体领域。,其他违法行为,(6-5) 程序性 | 匹配模式: '行政处罚裁量权' | 法条: 《福建省市场监督管理局关于行政处罚裁量权的适用规则》第十三条第一款、第十四条第二款
《福建省市场监督管理局关于行政处罚裁量权的适用规则》第十条第（二）项、第十一条第（一）项,其他,ai,True,<泛类型>,仅给出裁量规则条款，无法对应具体领域。,其他违法行为,(6-5) 程序性 | 匹配模式: '行政处罚裁量权' | 法条: 《福建省市场监督管理局关于行政处罚裁量权的适用规则》第十条第（二）项、第十一条第（一）项
《福建省防空地下室防护标准管理规定》,建设工程与房地产,ai,True,<泛类型>,防空地下室属建设工程防护标准管理。,建设工程,(6-7) 泛型法条被AI分为具体分类'建设工程与房地产'，应删除 | 原标记: <泛类型> | 法条: 《福建省防空地下室防护标准管理规定》
《福田沙头富通九曜公馆“3·1”一般高处坠落事故调查报告》,安全生产,ai,True,<泛类型>,一般高处坠落事故，属生产安全。,安全生产,(6-7) 泛型法条被AI分为具体分类'安全生产'，应删除 | 原标记: <泛类型> | 法条: 《福田沙头富通九曜公馆“3·1”一般高处坠落事故调查报告》
《秀山土家族苗族自治县乡镇供水管理规定》第三十一条,水资源*,ai,True,<泛类型>,乡镇供水管理规定，属水资源领域。,水资源*,(6-6) AI分类含星号'水资源*'，分类不确定 | 法条: 《秀山土家族苗族自治县乡镇供水管理规定》第三十一条
《种子管理条例》第三十八条及,产品质量与安全,ai,True,<泛类型>,依据种子管理条例，属种子质量问题。,产品质量,(6-7) 泛型法条被AI分为具体分类'产品质量与安全'，应删除 | 原标记: <泛类型> | 法条: 《种子管理条例》第三十八条及
《科目余额表》,财税与金融监管,ai,True,<泛类型>,《科目余额表》属会计核算范畴。,会计/账务,(6-7) 泛型法条被AI分为具体分类'财税与金融监管'，应删除 | 原标记: <泛类型> | 法条: 《科目余额表》
《科福龙阀门集团有限公司“10.17”物体打击事故调查报告的通知》,安全生产,ai,True,<泛类型>,物体打击事故调查，典型安全生产事故。,安全生产,(6-7) 泛型法条被AI分为具体分类'安全生产'，应删除 | 原标记: <泛类型> | 法条: 《科福龙阀门集团有限公司“10.17”物体打击事故调查报告的通知》
《租房合同》,建设工程与房地产,ai,True,<泛类型>,与房屋租赁合同法律关系相关。,房地产/土地,(6-7) 泛型法条被AI分为具体分类'建设工程与房地产'，应删除 | 原标记: <泛类型> | 法条: 《租房合同》
《租赁合同》,建设工程与房地产,ai,True,<泛类型>,涉及房屋租赁合同法律关系。,房地产/土地,(6-7) 泛型法条被AI分为具体分类'建设工程与房地产'，应删除 | 原标记: <泛类型> | 法条: 《租赁合同》
《租赁合同书》,建设工程与房地产,ai,True,<泛类型>,涉及房屋租赁合同关系。,房地产/土地,(6-7) 泛型法条被AI分为具体分类'建设工程与房地产'，应删除 | 原标记: <泛类型> | 法条: 《租赁合同书》
《租赁柜台经营活动管理办法》第八条第(一)项,市场秩序与竞争监管,ai,True,<泛类型>,涉及商场柜台租赁经营秩序管理。,消费者权益/市场秩序,(6-7) 泛型法条被AI分为具体分类'市场秩序与竞争监管'，应删除 | 原标记: <泛类型> | 法条: 《租赁柜台经营活动管理办法》第八条第(一)项
《租赁汽车证》,交通运输,ai,True,<泛类型>,涉“租赁汽车证”，属道路运输管理。,交通运输违规,(6-7) 泛型法条被AI分为具体分类'交通运输'，应删除 | 原标记: <泛类型> | 法条: 《租赁汽车证》
《称重和卸载单》,交通运输,ai,True,<泛类型>,称重卸载单通常用于超限运输处理。,交通运输违规,(6-7) 泛型法条被AI分为具体分类'交通运输'，应删除 | 原标记: <泛类型> | 法条: 《称重和卸载单》
《移出经营异常名录申请书》,市场主体与登记治理,ai,True,<泛类型>,《经营异常名录》属企业公示管理事项。,企业信息公示,(6-7) 泛型法条被AI分为具体分类'市场主体与登记治理'，应删除 | 原标记: <泛类型> | 法条: 《移出经营异常名录申请书》
《移动式空调器通用技术要求》,产品质量与安全,ai,True,<泛类型>,依据产品技术标准属产品质量范畴。,产品质量,(6-7) 泛型法条被AI分为具体分类'产品质量与安全'，应删除 | 原标记: <泛类型> | 法条: 《移动式空调器通用技术要求》
《竣工测绘文本》,建设工程与房地产,ai,True,<泛类型>,《竣工测绘文本》属工程建设管理。,建设工程,(6-7) 泛型法条被AI分为具体分类'建设工程与房地产'，应删除 | 原标记: <泛类型> | 法条: 《竣工测绘文本》
《竣工规划条件核实成果报告》,建设工程与房地产,ai,True,<泛类型>,《竣工规划条件核实》属工程建设管理,建设工程,(6-7) 泛型法条被AI分为具体分类'建设工程与房地产'，应删除 | 原标记: <泛类型> | 法条: 《竣工规划条件核实成果报告》
《竣工验收报告》,建设工程与房地产,ai,True,<泛类型>,竣工验收报告系工程建设环节文件。,建设工程,(6-7) 泛型法条被AI分为具体分类'建设工程与房地产'，应删除 | 原标记: <泛类型> | 法条: 《竣工验收报告》
《竹山县市场监督管理局检查通知书（竹市价检通）[2021]10号）》,市场秩序与竞争监管,ai,True,<泛类型>,市场监管局价检通知，属价格领域。,价格/收费,(6-7) 泛型法条被AI分为具体分类'市场秩序与竞争监管'，应删除 | 原标记: <泛类型> | 法条: 《竹山县市场监督管理局检查通知书（竹市价检通）[2021]10号）》
《竹炭及竹炭纤维的开发与应用》,*竹炭产品规范*,ai,True,<泛类型>,标题涉及竹炭产品开发规范。,*竹炭产品规范*,(6-6) AI分类含星号'*竹炭产品规范*'，分类不确定 | 法条: 《竹炭及竹炭纤维的开发与应用》
《竹编制品》,产品质量与安全,ai,True,<泛类型>,产品标准规范，多属质量监管。,产品质量,(6-7) 泛型法条被AI分为具体分类'产品质量与安全'，应删除 | 原标记: <泛类型> | 法条: 《竹编制品》
《简易升降机承揽合同》,建设工程与房地产,ai,True,<泛类型>,涉及简易升降机施工承揽合同。,建设工程,(6-7) 泛型法条被AI分为具体分类'建设工程与房地产'，应删除 | 原标记: <泛类型> | 法条: 《简易升降机承揽合同》
《管子环焊缝超声波检测操作指导书》,产品质量与安全,ai,True,<泛类型>,涉及焊缝检测工艺规范，属质量控制。,产品质量,(6-7) 泛型法条被AI分为具体分类'产品质量与安全'，应删除 | 原标记: <泛类型> | 法条: 《管子环焊缝超声波检测操作指导书》
《管理费用-差旅费》,财税与金融监管,ai,True,<泛类型>,管理费用科目核算与差旅费归集相关。,会计/账务,(6-7) 泛型法条被AI分为具体分类'财税与金融监管'，应删除 | 原标记: <泛类型> | 法条: 《管理费用-差旅费》
《管理费用明细账》,财税与金融监管,ai,True,<泛类型>,《管理费用明细账》属会计核算凭证。,会计/账务,(6-7) 泛型法条被AI分为具体分类'财税与金融监管'，应删除 | 原标记: <泛类型> | 法条: 《管理费用明细账》
《管理费用明细账账页》,财税与金融监管,ai,True,<泛类型>,《管理费用明细账》属会计核算凭证。,会计/账务,(6-7) 泛型法条被AI分为具体分类'财税与金融监管'，应删除 | 原标记: <泛类型> | 法条: 《管理费用明细账账页》
《米妮中童凉拖玫红MP******/***(*.*)-***(*.*)加盟店分销一览表》,产品质量与安全,ai,True,<泛类型>,涉及具体产品及其分销信息。,产品质量,(6-7) 泛型法条被AI分为具体分类'产品质量与安全'，应删除 | 原标记: <泛类型> | 法条: 《米妮中童凉拖玫红MP******/***(*.*)-***(*.*)加盟店分销一览表》
《类似商品和服务区分表》,侵犯商标/知识产权,ai,True,<泛类型>,《类似商品和服务区分表》用于商标分类。,侵犯商标/知识产权,(6-7) 泛型法条被AI分为具体分类'侵犯商标/知识产权'，应删除 | 原标记: <泛类型> | 法条: 《类似商品和服务区分表》
《粮油仓储管理办法》第三十一条,粮食/储备粮管理,ai,True,<泛类型>,依据粮油仓储管理办法条款内容归类。,粮食/储备粮管理,(6-7) 泛型法条被AI分为具体分类'粮食/储备粮管理'，应删除 | 原标记: <泛类型> | 法条: 《粮油仓储管理办法》第三十一条
《粮油仓储管理办法》第九条,粮食/储备粮管理,ai,True,<泛类型>,依据粮油仓储管理办法属粮食管理。,粮食/储备粮管理,(6-7) 泛型法条被AI分为具体分类'粮食/储备粮管理'，应删除 | 原标记: <泛类型> | 法条: 《粮油仓储管理办法》第九条
《粮油仓储管理办法》第二十五条,粮食/储备粮管理,ai,True,<泛类型>,依据粮油仓储管理办法条款规定。,粮食/储备粮管理,(6-7) 泛型法条被AI分为具体分类'粮食/储备粮管理'，应删除 | 原标记: <泛类型> | 法条: 《粮油仓储管理办法》第二十五条
《粮油仓储管理办法》第二十五条第二款,粮食/储备粮管理,ai,True,<泛类型>,依据粮油仓储管理办法条款内容。,粮食/储备粮管理,(6-7) 泛型法条被AI分为具体分类'粮食/储备粮管理'，应删除 | 原标记: <泛类型> | 法条: 《粮油仓储管理办法》第二十五条第二款
《粮油仓储管理办法》第二十五条第二款的规定,粮食/储备粮管理,ai,True,<泛类型>,依据粮油仓储管理办法属粮食管理。,粮食/储备粮管理,(6-7) 泛型法条被AI分为具体分类'粮食/储备粮管理'，应删除 | 原标记: <泛类型> | 法条: 《粮油仓储管理办法》第二十五条第二款的规定
《粮食流通管理条例》第九条第二款的规定,粮食/储备粮管理,ai,True,<泛类型>,依据粮食流通管理条例条款规定。,粮食/储备粮管理,(6-7) 泛型法条被AI分为具体分类'粮食/储备粮管理'，应删除 | 原标记: <泛类型> | 法条: 《粮食流通管理条例》第九条第二款的规定
《粮食流通管理条例》第二十三条第一款,粮食/储备粮管理,ai,True,<泛类型>,依据粮食流通管理条例条款内容。,粮食/储备粮管理,(6-7) 泛型法条被AI分为具体分类'粮食/储备粮管理'，应删除 | 原标记: <泛类型> | 法条: 《粮食流通管理条例》第二十三条第一款
《粮食流通管理条例》第四十五条,粮食/储备粮管理,ai,True,<泛类型>,依据粮食流通管理条例相关规定。,粮食/储备粮管理,(6-7) 泛型法条被AI分为具体分类'粮食/储备粮管理'，应删除 | 原标记: <泛类型> | 法条: 《粮食流通管理条例》第四十五条
《粮食流通管理条例》第四十五条第(五)项规定,粮食/储备粮管理,ai,True,<泛类型>,依据《粮食流通管理条例》条款内容。,粮食/储备粮管理,(6-7) 泛型法条被AI分为具体分类'粮食/储备粮管理'，应删除 | 原标记: <泛类型> | 法条: 《粮食流通管理条例》第四十五条第(五)项规定
《粮食流通管理条例》第四十五条第五项,粮食/储备粮管理,ai,True,<泛类型>,依据《粮食流通管理条例》属粮食管理领域。,粮食/储备粮管理,(6-7) 泛型法条被AI分为具体分类'粮食/储备粮管理'，应删除 | 原标记: <泛类型> | 法条: 《粮食流通管理条例》第四十五条第五项
《精品荟萃.彩云导视》,公共文化与传媒,ai,True,<泛类型>,涉及广播电视节目播放管理规范。,公共文化与传媒,(6-7) 泛型法条被AI分为具体分类'公共文化与传媒'，应删除 | 原标记: <泛类型> | 法条: 《精品荟萃.彩云导视》
《精品购物指南》,市场秩序与竞争监管,ai,True,<泛类型>,精品购物指南涉及消费与市场秩序。,消费者权益/市场秩序,(6-7) 泛型法条被AI分为具体分类'市场秩序与竞争监管'，应删除 | 原标记: <泛类型> | 法条: 《精品购物指南》
《精嘉阀门-蝶阀.水力控制阀.专版》,产品质量与安全,ai,True,<泛类型>,阀门产品标准规范，属产品质量。,产品质量,(6-7) 泛型法条被AI分为具体分类'产品质量与安全'，应删除 | 原标记: <泛类型> | 法条: 《精嘉阀门-蝶阀.水力控制阀.专版》
《精油皂外包装订购合同》,消费者权益/市场秩序,ai,True,<泛类型>,系商品包装订购合同争议纠纷。,消费者权益纠纷,(6-7) 泛型法条被AI分为具体分类'消费者权益/市场秩序'，应删除 | 原标记: <泛类型> | 法条: 《精油皂外包装订购合同》
《糖果压片糖果》,产品质量与安全,ai,True,<泛类型>,糖果产品标准，属食品范畴。,食品药品,(6-7) 泛型法条被AI分为具体分类'产品质量与安全'，应删除 | 原标记: <泛类型> | 法条: 《糖果压片糖果》
《紧固件机械性能 螺栓、螺钉和螺柱》,产品质量与安全,ai,True,<泛类型>,涉及紧固件机械性能国家标准规范。,产品质量,(6-7) 泛型法条被AI分为具体分类'产品质量与安全'，应删除 | 原标记: <泛类型> | 法条: 《紧固件机械性能 螺栓、螺钉和螺柱》
《經濟部工廠登記證》,市场主体与登记治理,ai,True,<泛类型>,《工厂登记证》涉及登记管理问题。,无照经营/登记问题,(6-7) 泛型法条被AI分为具体分类'市场主体与登记治理'，应删除 | 原标记: <泛类型> | 法条: 《經濟部工廠登記證》
《纤维制品质量监督管理办法》第十五条第二款、,产品质量与安全,ai,True,<泛类型>,纤维制品质量监督管理，属产品质量。,产品质量,(6-7) 泛型法条被AI分为具体分类'产品质量与安全'，应删除 | 原标记: <泛类型> | 法条: 《纤维制品质量监督管理办法》第十五条第二款、
《纸巾纸》,产品质量与安全,ai,True,<泛类型>,《纸巾纸》为产品质量国家标准依据。,产品质量,(6-7) 泛型法条被AI分为具体分类'产品质量与安全'，应删除 | 原标记: <泛类型> | 法条: 《纸巾纸》
《纺粘/熔喷/纺粘(SMS)法非织造布》,产品质量与安全,ai,True,<泛类型>,为纺粘熔喷非织造布产品技术标准。,产品质量,(6-7) 泛型法条被AI分为具体分类'产品质量与安全'，应删除 | 原标记: <泛类型> | 法条: 《纺粘/熔喷/纺粘(SMS)法非织造布》
《纺织品 静电性能的评定 第3部分：电荷量》,产品质量与安全,ai,True,<泛类型>,《纺织品 静电性能评定》属产品标准。,产品质量,(6-7) 泛型法条被AI分为具体分类'产品质量与安全'，应删除 | 原标记: <泛类型> | 法条: 《纺织品 静电性能的评定 第3部分：电荷量》
《纺织品纤维含量的标识》,产品质量与安全,ai,True,<泛类型>,纺织品纤维含量标识属产品质量管理。,产品质量,(6-7) 泛型法条被AI分为具体分类'产品质量与安全'，应删除 | 原标记: <泛类型> | 法条: 《纺织品纤维含量的标识》
《线路牌》,交通运输,ai,True,<泛类型>,《线路牌》通常规范公交线路牌设置。,交通运输违规,(6-7) 泛型法条被AI分为具体分类'交通运输'，应删除 | 原标记: <泛类型> | 法条: 《线路牌》
《线路牌复印件》,交通运输,ai,True,<泛类型>,涉及线路牌管理，属道路运输管理。,交通运输违规,(6-7) 泛型法条被AI分为具体分类'交通运输'，应删除 | 原标记: <泛类型> | 法条: 《线路牌复印件》
《组织机构代码证（副本）》,未年检登记,ai,True,<泛类型>,《组织机构代码证》管理属登记年检问题。,未年检登记,(6-7) 泛型法条被AI分为具体分类'未年检登记'，应删除 | 原标记: <泛类型> | 法条: 《组织机构代码证（副本）》
《绍兴宝丰纺织服装有限公司自动监控数据审核报告》,环境保护,ai,True,<泛类型>,自动监控数据审核，多涉排污环保。,环境保护,(6-7) 泛型法条被AI分为具体分类'环境保护'，应删除 | 原标记: <泛类型> | 法条: 《绍兴宝丰纺织服装有限公司自动监控数据审核报告》
《绍兴市文化市场行政处罚自由裁量权执行标准》,公共文化与传媒,ai,True,<泛类型>,针对文化市场行政处罚标准相关。,公共文化与传媒,(6-5) 程序性 | 匹配模式: '行政处罚自由裁量权' | 法条: 《绍兴市文化市场行政处罚自由裁量权执行标准》
《绍兴日报》,公共文化与传媒,ai,True,<泛类型>,《绍兴日报》属新闻出版媒体领域。,公共文化与传媒,(6-7) 泛型法条被AI分为具体分类'公共文化与传媒'，应删除 | 原标记: <泛类型> | 法条: 《绍兴日报》
《绍兴柯桥浙江天马实业股份有限公司“11？18”较大中毒窒息事故调查报告》,安全生产,ai,True,<泛类型>,较大中毒窒息事故，涉安全与危化品。,安全生产/危化品,(6-7) 泛型法条被AI分为具体分类'安全生产'，应删除 | 原标记: <泛类型> | 法条: 《绍兴柯桥浙江天马实业股份有限公司“11？18”较大中毒窒息事故调查报告》
《经济导报》,公共文化与传媒,ai,True,<泛类型>,《经济导报》属新闻出版传媒领域。,公共文化与传媒,(6-7) 泛型法条被AI分为具体分类'公共文化与传媒'，应删除 | 原标记: <泛类型> | 法条: 《经济导报》
《结构设计总说明(九)》,建设工程与房地产,ai,True,<泛类型>,《结构设计总说明》属工程设计规范。,建设工程,(6-7) 泛型法条被AI分为具体分类'建设工程与房地产'，应删除 | 原标记: <泛类型> | 法条: 《结构设计总说明(九)》
《给水用聚乙烯（PE)管材》,产品质量与安全,ai,True,<泛类型>,涉及给水用PE管材产品标准规范。,产品质量,(6-7) 泛型法条被AI分为具体分类'产品质量与安全'，应删除 | 原标记: <泛类型> | 法条: 《给水用聚乙烯（PE)管材》
《给水用聚乙烯（PE）管道系统 第2部分：管材》,产品质量与安全,ai,True,<泛类型>,涉及给水用PE管材产品标准规范。,产品质量,(6-7) 泛型法条被AI分为具体分类'产品质量与安全'，应删除 | 原标记: <泛类型> | 法条: 《给水用聚乙烯（PE）管道系统 第2部分：管材》
《给水用聚乙烯（PE）管道系统第2部分：管材》,产品质量与安全,ai,True,<泛类型>,涉及管材产品技术标准与质量要求。,产品质量,(6-7) 泛型法条被AI分为具体分类'产品质量与安全'，应删除 | 原标记: <泛类型> | 法条: 《给水用聚乙烯（PE）管道系统第2部分：管材》
《统计从业资格认定办法》第二十五条,统计相关,ai,True,<泛类型>,依据统计从业资格认定办法条款。,统计相关,(6-7) 泛型法条被AI分为具体分类'统计相关'，应删除 | 原标记: <泛类型> | 法条: 《统计从业资格认定办法》第二十五条
《统计从业资格认定办法》第二条、,统计相关,ai,True,<泛类型>,引用《统计从业资格认定办法》条款。,统计相关,(6-7) 泛型法条被AI分为具体分类'统计相关'，应删除 | 原标记: <泛类型> | 法条: 《统计从业资格认定办法》第二条、
《统计法》,统计相关,ai,True,<泛类型>,依据《统计法》，属统计违法行为。,统计相关,(6-7) 泛型法条被AI分为具体分类'统计相关'，应删除 | 原标记: <泛类型> | 法条: 《统计法》
《统计法》第七条,统计相关,ai,True,<泛类型>,《统计法》条款内容，属统计管理。,统计相关,(6-7) 泛型法条被AI分为具体分类'统计相关'，应删除 | 原标记: <泛类型> | 法条: 《统计法》第七条
《统计法》第七条和,统计相关,ai,True,<泛类型>,《统计法》第七条直接适用。,统计相关,(6-7) 泛型法条被AI分为具体分类'统计相关'，应删除 | 原标记: <泛类型> | 法条: 《统计法》第七条和
《统计法》第四十一条、,统计相关,ai,True,<泛类型>,《统计法》第四十一条直接适用。,统计相关,(6-7) 泛型法条被AI分为具体分类'统计相关'，应删除 | 原标记: <泛类型> | 法条: 《统计法》第四十一条、
《统计法》第四十一条第一款第二项和第二款,统计相关,ai,True,<泛类型>,依据《统计法》条款内容，属统计违法。,统计相关,(6-7) 泛型法条被AI分为具体分类'统计相关'，应删除 | 原标记: <泛类型> | 法条: 《统计法》第四十一条第一款第二项和第二款
《统计法》第四十一条第二款,统计相关,ai,True,<泛类型>,《统计法》条款，典型统计违法。,统计相关,(6-7) 泛型法条被AI分为具体分类'统计相关'，应删除 | 原标记: <泛类型> | 法条: 《统计法》第四十一条第二款
《统计法实施条例》第四条第三款,统计相关,ai,True,<泛类型>,《统计法实施条例》明确属统计领域。,统计相关,(6-7) 泛型法条被AI分为具体分类'统计相关'，应删除 | 原标记: <泛类型> | 法条: 《统计法实施条例》第四条第三款
《统计行政处罚决定告知书》,统计相关,ai,True,<泛类型>,统计行政处罚决定告知书，属统计违法。,统计相关,(6-7) 泛型法条被AI分为具体分类'统计相关'，应删除 | 原标记: <泛类型> | 法条: 《统计行政处罚决定告知书》
《统计行政处罚裁量权实施办法(内部试行)》第六条,统计相关,ai,True,<泛类型>,规范统计行政处罚裁量，属统计领域。,统计相关,(6-5) 程序性 | 匹配模式: '行政处罚裁量权' | 法条: 《统计行政处罚裁量权实施办法(内部试行)》第六条
《统计行政处罚裁量权实施办法（内部试行）》第六条,统计相关,ai,True,<泛类型>,依据统计行政处罚实施办法内容。,统计相关,(6-5) 程序性 | 匹配模式: '行政处罚裁量权' | 法条: 《统计行政处罚裁量权实施办法（内部试行）》第六条
《统计行政处罚裁量权实施办法（内部试行）》第六条,统计相关,ai,True,<泛类型>,《统计行政处罚裁量权实施办法》直接对应统计。,统计相关,(6-5) 程序性 | 匹配模式: '行政处罚裁量权' | 法条: 《统计行政处罚裁量权实施办法（内部试行）》第六条
《维保人员证》,安全生产,ai,True,<泛类型>,电梯维保人员证属特种设备管理。,特种设备,(6-7) 泛型法条被AI分为具体分类'安全生产'，应删除 | 原标记: <泛类型> | 法条: 《维保人员证》
《绵白糖》,产品质量与安全,ai,True,<泛类型>,《绵白糖》为食品标准规范。,食品药品,(6-7) 泛型法条被AI分为具体分类'产品质量与安全'，应删除 | 原标记: <泛类型> | 法条: 《绵白糖》
《绵竹市华森石油化工有限公司关于转让下属红旗加油站的合同》,安全生产,ai,True,<泛类型>,加油站属危化品经营管理领域。,安全生产/危化品,(6-7) 泛型法条被AI分为具体分类'安全生产'，应删除 | 原标记: <泛类型> | 法条: 《绵竹市华森石油化工有限公司关于转让下属红旗加油站的合同》
《综合应用创新题典中点.一年级数学.下:BS版》,公共文化与传媒,ai,True,<泛类型>,小学教材出版发行管理，属公共文化。,公共文化与传媒,(6-7) 泛型法条被AI分为具体分类'公共文化与传媒'，应删除 | 原标记: <泛类型> | 法条: 《综合应用创新题典中点.一年级数学.下:BS版》
《网站制作合同》,消费者权益/市场秩序,ai,True,<泛类型>,网站制作合同属服务合同消费争议。,消费者权益纠纷,(6-7) 泛型法条被AI分为具体分类'消费者权益/市场秩序'，应删除 | 原标记: <泛类型> | 法条: 《网站制作合同》
《网站建设合同》,消费者权益/市场秩序,ai,True,<泛类型>,网站建设合同属民事合同纠纷。,消费者权益纠纷,(6-7) 泛型法条被AI分为具体分类'消费者权益/市场秩序'，应删除 | 原标记: <泛类型> | 法条: 《网站建设合同》
《网络 2020年06月07日12时35分,网络/数据安全,ai,True,<泛类型>,《网络》标题指向网络与数据安全相关。,网络/数据安全,(6-7) 泛型法条被AI分为具体分类'网络/数据安全'，应删除 | 原标记: <泛类型> | 法条: 《网络 2020年06月07日12时35分
《网络出版服务管理规定》第二十七条,公共文化与传媒,ai,True,<泛类型>,《网络出版服务管理规定》属文化出版监管。,公共文化与传媒,(6-7) 泛型法条被AI分为具体分类'公共文化与传媒'，应删除 | 原标记: <泛类型> | 法条: 《网络出版服务管理规定》第二十七条
《网络推广合同》,市场秩序与竞争监管,ai,True,<泛类型>,网络推广合同纠纷属市场交易秩序。,消费者权益/市场秩序,(6-7) 泛型法条被AI分为具体分类'市场秩序与竞争监管'，应删除 | 原标记: <泛类型> | 法条: 《网络推广合同》
《网络游戏管理暂行办法》,公共文化与传媒,ai,True,<泛类型>,规范网络游戏内容和运营管理。,公共文化与传媒,(6-7) 泛型法条被AI分为具体分类'公共文化与传媒'，应删除 | 原标记: <泛类型> | 法条: 《网络游戏管理暂行办法》
《网络游戏管理暂行办法》第九条,公共文化与传媒,ai,True,<泛类型>,《网络游戏管理办法》属网络文化管理。,公共文化与传媒,(6-7) 泛型法条被AI分为具体分类'公共文化与传媒'，应删除 | 原标记: <泛类型> | 法条: 《网络游戏管理暂行办法》第九条
《网络游戏管理暂行办法》第九条第(九)项,公共文化与传媒,ai,True,<泛类型>,网络游戏管理属文化传媒监管范围。,公共文化与传媒,(6-7) 泛型法条被AI分为具体分类'公共文化与传媒'，应删除 | 原标记: <泛类型> | 法条: 《网络游戏管理暂行办法》第九条第(九)项
《网络购买商品七日无理由退货暂行办法》第三条第一款,消费者权益/市场秩序,ai,True,<泛类型>,电商七日无理由退货，属消费者权益。,消费者权益纠纷,(6-7) 泛型法条被AI分为具体分类'消费者权益/市场秩序'，应删除 | 原标记: <泛类型> | 法条: 《网络购买商品七日无理由退货暂行办法》第三条第一款
《网络预约出租 2020年05月18日13时59分,交通运输,ai,True,<泛类型>,涉“网络预约出租”属道路运输管理。,交通运输违规,(6-7) 泛型法条被AI分为具体分类'交通运输'，应删除 | 原标记: <泛类型> | 法条: 《网络预约出租 2020年05月18日13时59分
《网络预约出租 2020年06月17日,交通运输,ai,True,<泛类型>,《网络预约出租汽车经营服务管理》相关规制。,交通运输违规,(6-7) 泛型法条被AI分为具体分类'交通运输'，应删除 | 原标记: <泛类型> | 法条: 《网络预约出租 2020年06月17日
《网络预约出租汽车 2020年05月13日14时31分,交通运输,ai,True,<泛类型>,标题为网络预约出租车领域法规。,交通运输违规,(6-7) 泛型法条被AI分为具体分类'交通运输'，应删除 | 原标记: <泛类型> | 法条: 《网络预约出租汽车 2020年05月13日14时31分
《网络预约出租汽车监管信息交互平台》,交通运输,ai,True,<泛类型>,网约车监管平台属交通运输管理。,交通运输违规,(6-7) 泛型法条被AI分为具体分类'交通运输'，应删除 | 原标记: <泛类型> | 法条: 《网络预约出租汽车监管信息交互平台》
《网络预约出租汽车经营服务 2020年05月07日11时08分,交通运输,ai,True,<泛类型>,涉及网络预约出租汽车经营服务管理。,交通运输违规,(6-7) 泛型法条被AI分为具体分类'交通运输'，应删除 | 原标记: <泛类型> | 法条: 《网络预约出租汽车经营服务 2020年05月07日11时08分
《网络预约出租汽车经营服务管理暂 2020年04月27日10时42分,交通运输,ai,True,<泛类型>,网络预约出租汽车管理，属交通运输领域。,交通运输违规,(6-7) 泛型法条被AI分为具体分类'交通运输'，应删除 | 原标记: <泛类型> | 法条: 《网络预约出租汽车经营服务管理暂 2020年04月27日10时42分
《网络预约出租汽车经营服务管理暂行办法》,交通运输,ai,True,<泛类型>,规范网约车经营服务，属交通运输管理。,交通运输违规,(6-7) 泛型法条被AI分为具体分类'交通运输'，应删除 | 原标记: <泛类型> | 法条: 《网络预约出租汽车经营服务管理暂行办法》
《网络预约出租汽车经营服务管理暂行办法》第46号)第十七条的规定,交通运输,ai,True,<泛类型>,网约车管理办法属交通运输领域监管。,交通运输违规,(6-7) 泛型法条被AI分为具体分类'交通运输'，应删除 | 原标记: <泛类型> | 法条: 《网络预约出租汽车经营服务管理暂行办法》第46号)第十七条的规定
《网络预约出租汽车经营服务管理暂行办法》第46号)第十八条的规定,交通运输,ai,True,<泛类型>,依据网约车管理办法，属交通运输管理。,交通运输违规,(6-7) 泛型法条被AI分为具体分类'交通运输'，应删除 | 原标记: <泛类型> | 法条: 《网络预约出租汽车经营服务管理暂行办法》第46号)第十八条的规定
《网络预约出租汽车经营服务管理暂行办法》第60号）第三十五条第一款第一项,交通运输,ai,True,<泛类型>,《网约车管理办法》属交通运输监管。,交通运输违规,(6-7) 泛型法条被AI分为具体分类'交通运输'，应删除 | 原标记: <泛类型> | 法条: 《网络预约出租汽车经营服务管理暂行办法》第60号）第三十五条第一款第一项
《网络预约出租汽车经营服务管理暂行办法》第60号）第十七条,交通运输,ai,True,<泛类型>,《网约车管理办法》属交通运输规制。,交通运输违规,(6-7) 泛型法条被AI分为具体分类'交通运输'，应删除 | 原标记: <泛类型> | 法条: 《网络预约出租汽车经营服务管理暂行办法》第60号）第十七条
《网络预约出租汽车经营服务管理暂行办法》第61号）第三十五条第一款第一项,交通运输,ai,True,<泛类型>,规范网约车经营服务，属运输管理。,交通运输违规,(6-7) 泛型法条被AI分为具体分类'交通运输'，应删除 | 原标记: <泛类型> | 法条: 《网络预约出租汽车经营服务管理暂行办法》第61号）第三十五条第一款第一项
《网络预约出租汽车经营服务管理暂行办法》第62号）第三十五条第一款第一项,交通运输,ai,True,<泛类型>,网约车管理办法属交通运输领域。,交通运输违规,(6-7) 泛型法条被AI分为具体分类'交通运输'，应删除 | 原标记: <泛类型> | 法条: 《网络预约出租汽车经营服务管理暂行办法》第62号）第三十五条第一款第一项
《网络预约出租汽车经营服务管理暂行办法》第64号）第三十五条第一款第一项,交通运输,ai,True,<泛类型>,网约车管理办法属交通运输监管。,交通运输违规,(6-7) 泛型法条被AI分为具体分类'交通运输'，应删除 | 原标记: <泛类型> | 法条: 《网络预约出租汽车经营服务管理暂行办法》第64号）第三十五条第一款第一项
《网络预约出租汽车经营服务管理暂行办法》第65号）第三十五条第一款第一项,交通运输,ai,True,<泛类型>,网约车管理办法属交通运输监管。,交通运输违规,(6-7) 泛型法条被AI分为具体分类'交通运输'，应删除 | 原标记: <泛类型> | 法条: 《网络预约出租汽车经营服务管理暂行办法》第65号）第三十五条第一款第一项
《网络预约出租汽车经营服务管理暂行办法》第68号）第三十五条第一款第一项,交通运输,ai,True,<泛类型>,网约车管理办法属交通运输监管。,交通运输违规,(6-7) 泛型法条被AI分为具体分类'交通运输'，应删除 | 原标记: <泛类型> | 法条: 《网络预约出租汽车经营服务管理暂行办法》第68号）第三十五条第一款第一项
《网络预约出租汽车经营服务管理暂行办法》第69号）第三十五条第一款第一项,交通运输,ai,True,<泛类型>,《网约车管理办法》属交通运输规制。,交通运输违规,(6-7) 泛型法条被AI分为具体分类'交通运输'，应删除 | 原标记: <泛类型> | 法条: 《网络预约出租汽车经营服务管理暂行办法》第69号）第三十五条第一款第一项
《网络预约出租汽车经营服务管理暂行办法》第70号）第三十五条第一款第一项,交通运输,ai,True,<泛类型>,网约车管理办法属道路运输监管范围。,交通运输违规,(6-7) 泛型法条被AI分为具体分类'交通运输'，应删除 | 原标记: <泛类型> | 法条: 《网络预约出租汽车经营服务管理暂行办法》第70号）第三十五条第一款第一项
《网络预约出租汽车经营服务管理暂行办法》第71号）第三十五条第一款第一项,交通运输,ai,True,<泛类型>,网约车管理办法属道路运输监管。,交通运输违规,(6-7) 泛型法条被AI分为具体分类'交通运输'，应删除 | 原标记: <泛类型> | 法条: 《网络预约出租汽车经营服务管理暂行办法》第71号）第三十五条第一款第一项
《网络预约出租汽车经营服务管理暂行办法》第73号）第三十五条第一款第一项,交通运输,ai,True,<泛类型>,网约车管理办法，属交通运输领域。,交通运输违规,(6-7) 泛型法条被AI分为具体分类'交通运输'，应删除 | 原标记: <泛类型> | 法条: 《网络预约出租汽车经营服务管理暂行办法》第73号）第三十五条第一款第一项
《网络预约出租汽车经营服务管理暂行办法》第75号）第三十五条第一款第一项,交通运输,ai,True,<泛类型>,网约车管理办法属道路运输监管。,交通运输违规,(6-7) 泛型法条被AI分为具体分类'交通运输'，应删除 | 原标记: <泛类型> | 法条: 《网络预约出租汽车经营服务管理暂行办法》第75号）第三十五条第一款第一项
《网络预约出租汽车经营服务管理暂行办法》第80号）第三十五条第一款第一项,交通运输,ai,True,<泛类型>,网约车管理办法属道路运输监管范围。,交通运输违规,(6-7) 泛型法条被AI分为具体分类'交通运输'，应删除 | 原标记: <泛类型> | 法条: 《网络预约出租汽车经营服务管理暂行办法》第80号）第三十五条第一款第一项
《网络预约出租汽车经营服务管理暂行办法》第81号）第三十五条第一款第一项,交通运输,ai,True,<泛类型>,规制网约车服务管理，属交通运输。,交通运输违规,(6-7) 泛型法条被AI分为具体分类'交通运输'，应删除 | 原标记: <泛类型> | 法条: 《网络预约出租汽车经营服务管理暂行办法》第81号）第三十五条第一款第一项
《网络预约出租汽车经营服务管理暂行办法》第82号）第三十五条第一款第一项,交通运输,ai,True,<泛类型>,网约车管理办法属道路运输管理范围。,交通运输违规,(6-7) 泛型法条被AI分为具体分类'交通运输'，应删除 | 原标记: <泛类型> | 法条: 《网络预约出租汽车经营服务管理暂行办法》第82号）第三十五条第一款第一项
《网络预约出租汽车经营服务管理暂行办法》第87号）第三十五条第一款第一项,交通运输,ai,True,<泛类型>,网约车管理办法属交通运输领域监管。,交通运输违规,(6-7) 泛型法条被AI分为具体分类'交通运输'，应删除 | 原标记: <泛类型> | 法条: 《网络预约出租汽车经营服务管理暂行办法》第87号）第三十五条第一款第一项
《网络预约出租汽车经营服务管理暂行办法》第三十五条的规定,交通运输,ai,True,<泛类型>,《网约车办法》属交通运输监管。,交通运输违规,(6-7) 泛型法条被AI分为具体分类'交通运输'，应删除 | 原标记: <泛类型> | 法条: 《网络预约出租汽车经营服务管理暂行办法》第三十五条的规定
《网络预约出租汽车经营服务管理暂行办法》第三十五条第(一)项,交通运输,ai,True,<泛类型>,《网约车管理办法》属交通运输监管。,交通运输违规,(6-7) 泛型法条被AI分为具体分类'交通运输'，应删除 | 原标记: <泛类型> | 法条: 《网络预约出租汽车经营服务管理暂行办法》第三十五条第(一)项
《网络预约出租汽车经营服务管理暂行办法》第三十五条第(一)项,交通运输,ai,True,<泛类型>,《网约车办法》属交通运输管理条例。,交通运输违规,(6-7) 泛型法条被AI分为具体分类'交通运输'，应删除 | 原标记: <泛类型> | 法条: 《网络预约出租汽车经营服务管理暂行办法》第三十五条第(一)项
《网络预约出租汽车经营服务管理暂行办法》第三十五条第(一)项的规定,交通运输,ai,True,<泛类型>,《网约车暂行办法》属交通运输领域。,交通运输违规,(6-7) 泛型法条被AI分为具体分类'交通运输'，应删除 | 原标记: <泛类型> | 法条: 《网络预约出租汽车经营服务管理暂行办法》第三十五条第(一)项的规定
《网络预约出租汽车经营服务管理暂行办法》第三十五条第(二)项,交通运输,ai,True,<泛类型>,网约车管理办法属道路运输领域。,交通运输违规,(6-7) 泛型法条被AI分为具体分类'交通运输'，应删除 | 原标记: <泛类型> | 法条: 《网络预约出租汽车经营服务管理暂行办法》第三十五条第(二)项
《网络预约出租汽车经营服务管理暂行办法》第三十五条第(二)项,交通运输,ai,True,<泛类型>,网约车管理办法属道路运输管理范畴。,交通运输违规,(6-7) 泛型法条被AI分为具体分类'交通运输'，应删除 | 原标记: <泛类型> | 法条: 《网络预约出租汽车经营服务管理暂行办法》第三十五条第(二)项
《网络预约出租汽车经营服务管理暂行办法》第三十五条第(二)项的规定,交通运输,ai,True,<泛类型>,网约车管理办法属交通运输领域规范。,交通运输违规,(6-7) 泛型法条被AI分为具体分类'交通运输'，应删除 | 原标记: <泛类型> | 法条: 《网络预约出租汽车经营服务管理暂行办法》第三十五条第(二)项的规定
《网络预约出租汽车经营服务管理暂行办法》第三十五条第(四)项,交通运输,ai,True,<泛类型>,网约车管理办法属交通运输管理范围。,交通运输违规,(6-7) 泛型法条被AI分为具体分类'交通运输'，应删除 | 原标记: <泛类型> | 法条: 《网络预约出租汽车经营服务管理暂行办法》第三十五条第(四)项
《网络预约出租汽车经营服务管理暂行办法》第三十五条第一款,交通运输,ai,True,<泛类型>,规制网约车营运行为，属交通运输。,交通运输违规,(6-7) 泛型法条被AI分为具体分类'交通运输'，应删除 | 原标记: <泛类型> | 法条: 《网络预约出租汽车经营服务管理暂行办法》第三十五条第一款
《网络预约出租汽车经营服务管理暂行办法》第三十五条第一款的规定,交通运输,ai,True,<泛类型>,网约车管理办法属道路运输管理范畴。,交通运输违规,(6-7) 泛型法条被AI分为具体分类'交通运输'，应删除 | 原标记: <泛类型> | 法条: 《网络预约出租汽车经营服务管理暂行办法》第三十五条第一款的规定
《网络预约出租汽车经营服务管理暂行办法》第三十五条第一款第(一)项,交通运输,ai,True,<泛类型>,网约车管理办法属道路运输管理范畴。,交通运输违规,(6-7) 泛型法条被AI分为具体分类'交通运输'，应删除 | 原标记: <泛类型> | 法条: 《网络预约出租汽车经营服务管理暂行办法》第三十五条第一款第(一)项
"《网络预约出租汽车经营服务管理暂行办法》第三十五条第一款第(一)项,",交通运输,ai,True,<泛类型>,网约车管理办法属交通运输领域监管。,交通运输违规,"(6-7) 泛型法条被AI分为具体分类'交通运输'，应删除 | 原标记: <泛类型> | 法条: 《网络预约出租汽车经营服务管理暂行办法》第三十五条第一款第(一)项,"
"《网络预约出租汽车经营服务管理暂行办法》第三十五条第一款第(一)项,本机关决定给予当事人如下行政处罚:罚款,",交通运输,ai,True,<泛类型>,依据网约车管理办法，属交通运输。,交通运输违规,"(6-7) 泛型法条被AI分为具体分类'交通运输'，应删除 | 原标记: <泛类型> | 法条: 《网络预约出租汽车经营服务管理暂行办法》第三十五条第一款第(一)项,本机关决定给予当事人如下行政处罚..."
《网络预约出租汽车经营服务管理暂行办法》第三十五条第一款第(一)项的规定,交通运输,ai,True,<泛类型>,依据网约车管理办法，属交通运输领域。,交通运输违规,(6-7) 泛型法条被AI分为具体分类'交通运输'，应删除 | 原标记: <泛类型> | 法条: 《网络预约出租汽车经营服务管理暂行办法》第三十五条第一款第(一)项的规定
《网络预约出租汽车经营服务管理暂行办法》第三十五条第一款第(二)项的规定,交通运输,ai,True,<泛类型>,《网约车管理办法》属交通运输管理。,交通运输违规,(6-7) 泛型法条被AI分为具体分类'交通运输'，应删除 | 原标记: <泛类型> | 法条: 《网络预约出租汽车经营服务管理暂行办法》第三十五条第一款第(二)项的规定
《网络预约出租汽车经营服务管理暂行办法》第三十五条第一款第一项,交通运输,ai,True,<泛类型>,网约车管理办法属道路运输管理范畴。,交通运输违规,(6-7) 泛型法条被AI分为具体分类'交通运输'，应删除 | 原标记: <泛类型> | 法条: 《网络预约出租汽车经营服务管理暂行办法》第三十五条第一款第一项
"《网络预约出租汽车经营服务管理暂行办法》第三十五条第一款第一项,",交通运输,ai,True,<泛类型>,与网约车经营管理相关，属交通运输。,交通运输违规,"(6-7) 泛型法条被AI分为具体分类'交通运输'，应删除 | 原标记: <泛类型> | 法条: 《网络预约出租汽车经营服务管理暂行办法》第三十五条第一款第一项,"
《网络预约出租汽车经营服务管理暂行办法》第三十五条第一款第一项的规定给予罚款,交通运输,ai,True,<泛类型>,《网约车办法》属交通运输管理规定。,交通运输违规,(6-7) 泛型法条被AI分为具体分类'交通运输'，应删除 | 原标记: <泛类型> | 法条: 《网络预约出租汽车经营服务管理暂行办法》第三十五条第一款第一项的规定给予罚款
《网络预约出租汽车经营服务管理暂行办法》第三十五条第一款第七项,交通运输,ai,True,<泛类型>,网约车管理办法属交通运输监管。,交通运输违规,(6-7) 泛型法条被AI分为具体分类'交通运输'，应删除 | 原标记: <泛类型> | 法条: 《网络预约出租汽车经营服务管理暂行办法》第三十五条第一款第七项
《网络预约出租汽车经营服务管理暂行办法》第三十五条第一款第二项,交通运输,ai,True,<泛类型>,规范网约车经营服务管理，属交通运输。,交通运输违规,(6-7) 泛型法条被AI分为具体分类'交通运输'，应删除 | 原标记: <泛类型> | 法条: 《网络预约出租汽车经营服务管理暂行办法》第三十五条第一款第二项
《网络预约出租汽车经营服务管理暂行办法》第三十五条第一款第二项,交通运输,ai,True,<泛类型>,《网约车管理办法》属交通运输管理。,交通运输违规,(6-7) 泛型法条被AI分为具体分类'交通运输'，应删除 | 原标记: <泛类型> | 法条: 《网络预约出租汽车经营服务管理暂行办法》第三十五条第一款第二项
《网络预约出租汽车经营服务管理暂行办法》第三十五条第一款第四项,交通运输,ai,True,<泛类型>,规范网约车运营服务管理，属交通运输。,交通运输违规,(6-7) 泛型法条被AI分为具体分类'交通运输'，应删除 | 原标记: <泛类型> | 法条: 《网络预约出租汽车经营服务管理暂行办法》第三十五条第一款第四项
《网络预约出租汽车经营服务管理暂行办法》第三十五条第一款第（一）项,交通运输,ai,True,<泛类型>,规管网约车经营服务，属交通运输。,交通运输违规,(6-7) 泛型法条被AI分为具体分类'交通运输'，应删除 | 原标记: <泛类型> | 法条: 《网络预约出租汽车经营服务管理暂行办法》第三十五条第一款第（一）项
《网络预约出租汽车经营服务管理暂行办法》第三十五条第一款第（一）项的规定,交通运输,ai,True,<泛类型>,网约车经营管理办法，属交通运输领域。,交通运输违规,(6-7) 泛型法条被AI分为具体分类'交通运输'，应删除 | 原标记: <泛类型> | 法条: 《网络预约出租汽车经营服务管理暂行办法》第三十五条第一款第（一）项的规定
《网络预约出租汽车经营服务管理暂行办法》第三十五条第一项,交通运输,ai,True,<泛类型>,网约车办法属道路运输管理范畴。,交通运输违规,(6-7) 泛型法条被AI分为具体分类'交通运输'，应删除 | 原标记: <泛类型> | 法条: 《网络预约出租汽车经营服务管理暂行办法》第三十五条第一项
《网络预约出租汽车经营服务管理暂行办法》第三十五条第一项,交通运输,ai,True,<泛类型>,网约车管理办法属道路运输管理。,交通运输违规,(6-7) 泛型法条被AI分为具体分类'交通运输'，应删除 | 原标记: <泛类型> | 法条: 《网络预约出租汽车经营服务管理暂行办法》第三十五条第一项
《网络预约出租汽车经营服务管理暂行办法》第三十五条第五项,交通运输,ai,True,<泛类型>,网约车管理办法属交通运输管理。,交通运输违规,(6-7) 泛型法条被AI分为具体分类'交通运输'，应删除 | 原标记: <泛类型> | 法条: 《网络预约出租汽车经营服务管理暂行办法》第三十五条第五项
《网络预约出租汽车经营服务管理暂行办法》第三十五条第四项,交通运输,ai,True,<泛类型>,网约车管理办法属道路运输管理范畴。,交通运输违规,(6-7) 泛型法条被AI分为具体分类'交通运输'，应删除 | 原标记: <泛类型> | 法条: 《网络预约出租汽车经营服务管理暂行办法》第三十五条第四项
《网络预约出租汽车经营服务管理暂行办法》第三十五条第（一）项,交通运输,ai,True,<泛类型>,《网约车管理办法》属交通运输领域。,交通运输违规,(6-7) 泛型法条被AI分为具体分类'交通运输'，应删除 | 原标记: <泛类型> | 法条: 《网络预约出租汽车经营服务管理暂行办法》第三十五条第（一）项
《网络预约出租汽车经营服务管理暂行办法》第三十五条第（一）项,交通运输,ai,True,<泛类型>,规制网约车经营服务行为，属交通运输。,交通运输违规,(6-7) 泛型法条被AI分为具体分类'交通运输'，应删除 | 原标记: <泛类型> | 法条: 《网络预约出租汽车经营服务管理暂行办法》第三十五条第（一）项
《网络预约出租汽车经营服务管理暂行办法》第三十四条第一款第(一)项,交通运输,ai,True,<泛类型>,《网约车管理办法》属交通运输领域监管。,交通运输违规,(6-7) 泛型法条被AI分为具体分类'交通运输'，应删除 | 原标记: <泛类型> | 法条: 《网络预约出租汽车经营服务管理暂行办法》第三十四条第一款第(一)项
《网络预约出租汽车经营服务管理暂行办法》第三十四条第一款第(一)项决定给予罚款,交通运输,ai,True,<泛类型>,《网约车管理办法》属交通运输监管。,交通运输违规,(6-7) 泛型法条被AI分为具体分类'交通运输'，应删除 | 原标记: <泛类型> | 法条: 《网络预约出租汽车经营服务管理暂行办法》第三十四条第一款第(一)项决定给予罚款
《网络预约出租汽车经营服务管理暂行办法》第三十四条第一款第(二)项,交通运输,ai,True,<泛类型>,网约车管理办法属交通运输管理范畴。,交通运输违规,(6-7) 泛型法条被AI分为具体分类'交通运输'，应删除 | 原标记: <泛类型> | 法条: 《网络预约出租汽车经营服务管理暂行办法》第三十四条第一款第(二)项
《网络预约出租汽车经营服务管理暂行办法》第二十二条,交通运输,ai,True,<泛类型>,属网约车经营管理领域规定。,交通运输违规,(6-7) 泛型法条被AI分为具体分类'交通运输'，应删除 | 原标记: <泛类型> | 法条: 《网络预约出租汽车经营服务管理暂行办法》第二十二条
《网络预约出租汽车经营服务管理暂行办法》第二十五条,交通运输,ai,True,<泛类型>,网约车管理办法属交通运输监管。,交通运输违规,(6-7) 泛型法条被AI分为具体分类'交通运输'，应删除 | 原标记: <泛类型> | 法条: 《网络预约出租汽车经营服务管理暂行办法》第二十五条
《网络预约出租汽车经营服务管理暂行办法》第二十八条第二款,交通运输,ai,True,<泛类型>,《网约车管理办法》属道路运输监管。,交通运输违规,(6-7) 泛型法条被AI分为具体分类'交通运输'，应删除 | 原标记: <泛类型> | 法条: 《网络预约出租汽车经营服务管理暂行办法》第二十八条第二款
《网络预约出租汽车经营服务管理暂行办法》第二十八条第二款,交通运输,ai,True,<泛类型>,网约车管理办法属交通运输监管。,交通运输违规,(6-7) 泛型法条被AI分为具体分类'交通运输'，应删除 | 原标记: <泛类型> | 法条: 《网络预约出租汽车经营服务管理暂行办法》第二十八条第二款
《网络预约出租汽车经营服务管理暂行办法》第二条第二款,交通运输,ai,True,<泛类型>,网约车办法系道路运输管理规范。,交通运输违规,(6-7) 泛型法条被AI分为具体分类'交通运输'，应删除 | 原标记: <泛类型> | 法条: 《网络预约出租汽车经营服务管理暂行办法》第二条第二款
《网络预约出租汽车经营服务管理暂行办法》第八条,交通运输,ai,True,<泛类型>,网约车管理办法属道路运输管理范畴。,交通运输违规,(6-7) 泛型法条被AI分为具体分类'交通运输'，应删除 | 原标记: <泛类型> | 法条: 《网络预约出租汽车经营服务管理暂行办法》第八条
"《网络预约出租汽车经营服务管理暂行办法》第八条,",交通运输,ai,True,<泛类型>,依据网约车管理办法，属交通运输管理。,交通运输违规,"(6-7) 泛型法条被AI分为具体分类'交通运输'，应删除 | 原标记: <泛类型> | 法条: 《网络预约出租汽车经营服务管理暂行办法》第八条,"
《网络预约出租汽车经营服务管理暂行办法》第六条第一款,交通运输,ai,True,<泛类型>,网约车管理办法属道路运输管理范畴。,交通运输违规,(6-7) 泛型法条被AI分为具体分类'交通运输'，应删除 | 原标记: <泛类型> | 法条: 《网络预约出租汽车经营服务管理暂行办法》第六条第一款
"《网络预约出租汽车经营服务管理暂行办法》第六条第一款,",交通运输,ai,True,<泛类型>,网约车管理办法属交通运输领域监管。,交通运输违规,"(6-7) 泛型法条被AI分为具体分类'交通运输'，应删除 | 原标记: <泛类型> | 法条: 《网络预约出租汽车经营服务管理暂行办法》第六条第一款,"
《网络预约出租汽车经营服务管理暂行办法》第十七条,交通运输,ai,True,<泛类型>,网络预约出租汽车管理办法属交通运输监管。,交通运输违规,(6-7) 泛型法条被AI分为具体分类'交通运输'，应删除 | 原标记: <泛类型> | 法条: 《网络预约出租汽车经营服务管理暂行办法》第十七条
《网络预约出租汽车经营服务管理暂行办法》第十七条,交通运输,ai,True,<泛类型>,网约车管理办法属交通运输监管。,交通运输违规,(6-7) 泛型法条被AI分为具体分类'交通运输'，应删除 | 原标记: <泛类型> | 法条: 《网络预约出租汽车经营服务管理暂行办法》第十七条
"《网络预约出租汽车经营服务管理暂行办法》第十七条,",交通运输,ai,True,<泛类型>,《网约车办法》属交通运输管理规章。,交通运输违规,"(6-7) 泛型法条被AI分为具体分类'交通运输'，应删除 | 原标记: <泛类型> | 法条: 《网络预约出租汽车经营服务管理暂行办法》第十七条,"
《网络预约出租汽车经营服务管理暂行办法》第十七条的规定,交通运输,ai,True,<泛类型>,规范网约车经营服务，属交通运输管理。,交通运输违规,(6-7) 泛型法条被AI分为具体分类'交通运输'，应删除 | 原标记: <泛类型> | 法条: 《网络预约出租汽车经营服务管理暂行办法》第十七条的规定
《网络预约出租汽车经营服务管理暂行办法》第十三条,交通运输,ai,True,<泛类型>,属网约车运营管理范畴，交通运输监管。,交通运输违规,(6-7) 泛型法条被AI分为具体分类'交通运输'，应删除 | 原标记: <泛类型> | 法条: 《网络预约出租汽车经营服务管理暂行办法》第十三条
《网络预约出租汽车经营服务管理暂行办法》第十三条,交通运输,ai,True,<泛类型>,规范网约车经营服务，属交通运输管理。,交通运输违规,(6-7) 泛型法条被AI分为具体分类'交通运输'，应删除 | 原标记: <泛类型> | 法条: 《网络预约出租汽车经营服务管理暂行办法》第十三条
《网络预约出租汽车经营服务管理暂行办法》第十三条,交通运输,ai,True,<泛类型>,规范网约车经营服务，属道路运输管理。,交通运输违规,(6-7) 泛型法条被AI分为具体分类'交通运输'，应删除 | 原标记: <泛类型> | 法条: 《网络预约出租汽车经营服务管理暂行办法》第十三条
"《网络预约出租汽车经营服务管理暂行办法》第十三条,",交通运输,ai,True,<泛类型>,网约车经营管理办法属交通运输领域。,交通运输违规,"(6-7) 泛型法条被AI分为具体分类'交通运输'，应删除 | 原标记: <泛类型> | 法条: 《网络预约出租汽车经营服务管理暂行办法》第十三条,"
《网络预约出租汽车经营服务管理暂行办法》第十三条;网络预约出租汽车经营服务管理暂行办法》第三十五条第(一)项,交通运输,ai,True,<泛类型>,依据网约车管理办法，属交通运输领域管理。,交通运输违规,(6-7) 泛型法条被AI分为具体分类'交通运输'，应删除 | 原标记: <泛类型> | 法条: 《网络预约出租汽车经营服务管理暂行办法》第十三条;网络预约出租汽车经营服务管理暂行办法》第三十五条第...
《网络预约出租汽车经营服务管理暂行办法》第十三条、,交通运输,ai,True,<泛类型>,《网约车办法》属出租汽车管理规制。,交通运输违规,(6-7) 泛型法条被AI分为具体分类'交通运输'，应删除 | 原标记: <泛类型> | 法条: 《网络预约出租汽车经营服务管理暂行办法》第十三条、
《网络预约出租汽车经营服务管理暂行办法》第十三条和,交通运输,ai,True,<泛类型>,依据网约车管理办法，属运输监管。,交通运输违规,(6-7) 泛型法条被AI分为具体分类'交通运输'，应删除 | 原标记: <泛类型> | 法条: 《网络预约出租汽车经营服务管理暂行办法》第十三条和
《网络预约出租汽车经营服务管理暂行办法》第十二、十三条,交通运输,ai,True,<泛类型>,网约车管理办法属道路运输管理范畴。,交通运输违规,(6-7) 泛型法条被AI分为具体分类'交通运输'，应删除 | 原标记: <泛类型> | 法条: 《网络预约出租汽车经营服务管理暂行办法》第十二、十三条
《网络预约出租汽车经营服务管理暂行办法》第十二条,交通运输,ai,True,<泛类型>,网约车管理办法属交通运输领域监管。,交通运输违规,(6-7) 泛型法条被AI分为具体分类'交通运输'，应删除 | 原标记: <泛类型> | 法条: 《网络预约出租汽车经营服务管理暂行办法》第十二条
"《网络预约出租汽车经营服务管理暂行办法》第十二条,",交通运输,ai,True,<泛类型>,规制网约车经营服务，属交通运输。,交通运输违规,"(6-7) 泛型法条被AI分为具体分类'交通运输'，应删除 | 原标记: <泛类型> | 法条: 《网络预约出租汽车经营服务管理暂行办法》第十二条,"
《网络预约出租汽车经营服务管理暂行办法》第十五条,交通运输,ai,True,<泛类型>,《网约车管理办法》属交通运输管理规章。,交通运输违规,(6-7) 泛型法条被AI分为具体分类'交通运输'，应删除 | 原标记: <泛类型> | 法条: 《网络预约出租汽车经营服务管理暂行办法》第十五条
"《网络预约出租汽车经营服务管理暂行办法》第十五条,",交通运输,ai,True,<泛类型>,网约车管理办法属道路运输管理范畴。,交通运输违规,"(6-7) 泛型法条被AI分为具体分类'交通运输'，应删除 | 原标记: <泛类型> | 法条: 《网络预约出租汽车经营服务管理暂行办法》第十五条,"
《网络预约出租汽车经营服务管理暂行办法》第十八条,交通运输,ai,True,<泛类型>,规制网约车运营行为，属交通运输。,交通运输违规,(6-7) 泛型法条被AI分为具体分类'交通运输'，应删除 | 原标记: <泛类型> | 法条: 《网络预约出租汽车经营服务管理暂行办法》第十八条
《网络预约出租汽车经营服务管理暂行办法》第十八条第一款,交通运输,ai,True,<泛类型>,网约车管理办法属交通运输监管。,交通运输违规,(6-7) 泛型法条被AI分为具体分类'交通运输'，应删除 | 原标记: <泛类型> | 法条: 《网络预约出租汽车经营服务管理暂行办法》第十八条第一款
"《网络预约出租汽车经营服务管理暂行办法》第十八条第一款,",交通运输,ai,True,<泛类型>,网约出租车管理办法属交通运输领域。,交通运输违规,"(6-7) 泛型法条被AI分为具体分类'交通运输'，应删除 | 原标记: <泛类型> | 法条: 《网络预约出租汽车经营服务管理暂行办法》第十八条第一款,"
《网络预约出租汽车经营服务管理暂行办法》第十四条,交通运输,ai,True,<泛类型>,网约车管理办法属道路运输监管范畴。,交通运输违规,(6-7) 泛型法条被AI分为具体分类'交通运输'，应删除 | 原标记: <泛类型> | 法条: 《网络预约出租汽车经营服务管理暂行办法》第十四条
"《网络预约出租汽车经营服务管理暂行办法》第十四条,",交通运输,ai,True,<泛类型>,网约车管理办法属道路运输管理范畴。,交通运输违规,"(6-7) 泛型法条被AI分为具体分类'交通运输'，应删除 | 原标记: <泛类型> | 法条: 《网络预约出租汽车经营服务管理暂行办法》第十四条,"
《网络预约出租汽车经营服务管理暂行办法》第十条,交通运输,ai,True,<泛类型>,网约车管理办法属交通运输领域规制。,交通运输违规,(6-7) 泛型法条被AI分为具体分类'交通运输'，应删除 | 原标记: <泛类型> | 法条: 《网络预约出租汽车经营服务管理暂行办法》第十条
"《网络预约出租汽车经营服务管理暂行办法》第十条,",交通运输,ai,True,<泛类型>,属网约车管理办法，交通运输领域。,交通运输违规,"(6-7) 泛型法条被AI分为具体分类'交通运输'，应删除 | 原标记: <泛类型> | 法条: 《网络预约出租汽车经营服务管理暂行办法》第十条,"
《网络预约出租汽车经营服务管理暂行办法》第十条依据,交通运输,ai,True,<泛类型>,规范网约车经营服务，属交通运输管理。,交通运输违规,(6-7) 泛型法条被AI分为具体分类'交通运输'，应删除 | 原标记: <泛类型> | 法条: 《网络预约出租汽车经营服务管理暂行办法》第十条依据
《网络预约出租汽车经营服务管理规定》第三十五条的规定,交通运输,ai,True,<泛类型>,网约车管理规定，属道路运输管理。,交通运输违规,(6-7) 泛型法条被AI分为具体分类'交通运输'，应删除 | 原标记: <泛类型> | 法条: 《网络预约出租汽车经营服务管理规定》第三十五条的规定
《网络预约出租汽车经营许可》,交通运输,ai,True,<泛类型>,网络预约出租汽车经营管理，属交通运输。,交通运输违规,(6-7) 泛型法条被AI分为具体分类'交通运输'，应删除 | 原标记: <泛类型> | 法条: 《网络预约出租汽车经营许可》
《网络预约出租汽车营运证》,交通运输,ai,True,<泛类型>,网约车营运证属道路运输管理范畴。,交通运输违规,(6-7) 泛型法条被AI分为具体分类'交通运输'，应删除 | 原标记: <泛类型> | 法条: 《网络预约出租汽车营运证》
《网络预约出租汽车证》,交通运输,ai,True,<泛类型>,《网络预约出租汽车证》属网约车管理。,交通运输违规,(6-7) 泛型法条被AI分为具体分类'交通运输'，应删除 | 原标记: <泛类型> | 法条: 《网络预约出租汽车证》
《网络预约出租汽车运 2020年06月02日17时38分,交通运输,ai,True,<泛类型>,标题含网络预约出租汽车运营管理内容。,交通运输违规,(6-7) 泛型法条被AI分为具体分类'交通运输'，应删除 | 原标记: <泛类型> | 法条: 《网络预约出租汽车运 2020年06月02日17时38分
《网络预约出租汽车运 2020年06月09日16时14分,交通运输,ai,True,<泛类型>,涉及网络预约出租汽车运营管理事项。,交通运输违规,(6-7) 泛型法条被AI分为具体分类'交通运输'，应删除 | 原标记: <泛类型> | 法条: 《网络预约出租汽车运 2020年06月09日16时14分
《网络预约出租车经营服务管理暂行办法》第十七条,交通运输,ai,True,<泛类型>,网约车管理办法属出租汽车运输管理。,交通运输违规,(6-7) 泛型法条被AI分为具体分类'交通运输'，应删除 | 原标记: <泛类型> | 法条: 《网络预约出租车经营服务管理暂行办法》第十七条
《网页装修设计业务合同》,消费者权益/市场秩序,ai,True,<泛类型>,网页装修设计合同属消费服务合同。,消费者权益纠纷,(6-7) 泛型法条被AI分为具体分类'消费者权益/市场秩序'，应删除 | 原标记: <泛类型> | 法条: 《网页装修设计业务合同》
《罚款决定与罚款收缴分离实施办法》,*行政执法程序*,ai,True,<泛类型>,仅规范罚款与收缴程序。,*行政执法程序*,(6-6) AI分类含星号'*行政执法程序*'，分类不确定 | 法条: 《罚款决定与罚款收缴分离实施办法》
《羊绒针织品》,产品质量与安全,ai,True,<泛类型>,《羊绒针织品》为产品质量标准。,产品质量,(6-7) 泛型法条被AI分为具体分类'产品质量与安全'，应删除 | 原标记: <泛类型> | 法条: 《羊绒针织品》
《美好家园大宗销售管理办法》,*大宗销售管理*,ai,True,<泛类型>,依据大宗销售管理办法内容判定。,*大宗销售管理*,(6-6) AI分类含星号'*大宗销售管理*'，分类不确定 | 法条: 《美好家园大宗销售管理办法》
《羽绒服装》,产品质量与安全,ai,True,<泛类型>,羽绒服装属产品质量标准规范。,产品质量,(6-7) 泛型法条被AI分为具体分类'产品质量与安全'，应删除 | 原标记: <泛类型> | 法条: 《羽绒服装》
《耀明酒精蒸馏生产记录》,产品质量与安全,ai,True,<泛类型>,酒精生产记录，属食品监管范围。,食品药品,(6-7) 泛型法条被AI分为具体分类'产品质量与安全'，应删除 | 原标记: <泛类型> | 法条: 《耀明酒精蒸馏生产记录》
《老年康乐报》,公共文化与传媒,ai,True,<泛类型>,与报纸出版发行管理相关。,公共文化与传媒,(6-7) 泛型法条被AI分为具体分类'公共文化与传媒'，应删除 | 原标记: <泛类型> | 法条: 《老年康乐报》
《老年文摘》,公共文化与传媒,ai,True,<泛类型>,《老年文摘》属出版传媒领域。,公共文化与传媒,(6-7) 泛型法条被AI分为具体分类'公共文化与传媒'，应删除 | 原标记: <泛类型> | 法条: 《老年文摘》
《职工名册》,劳动保障,ai,True,<泛类型>,《职工名册》系劳动用工管理规制。,劳动保障/用工,(6-7) 泛型法条被AI分为具体分类'劳动保障'，应删除 | 原标记: <泛类型> | 法条: 《职工名册》
《职工带薪年休假条例》第五条,劳动保障,ai,True,<泛类型>,涉及职工带薪年休假用工保障。,劳动保障/用工,(6-7) 泛型法条被AI分为具体分类'劳动保障'，应删除 | 原标记: <泛类型> | 法条: 《职工带薪年休假条例》第五条
《职工花名册》,劳动保障,ai,True,<泛类型>,涉及职工名册管理属用工管理】,劳动保障/用工,(6-7) 泛型法条被AI分为具体分类'劳动保障'，应删除 | 原标记: <泛类型> | 法条: 《职工花名册》
《联锁切除工作票》,安全生产,ai,True,<泛类型>,联锁切除属设备安全操作管理。,安全生产,(6-7) 泛型法条被AI分为具体分类'安全生产'，应删除 | 原标记: <泛类型> | 法条: 《联锁切除工作票》
《聚乙烯吹塑农用地面覆盖薄膜》,产品质量与安全,ai,True,<泛类型>,产品标准规范农业用塑料薄膜质量。,产品质量,(6-7) 泛型法条被AI分为具体分类'产品质量与安全'，应删除 | 原标记: <泛类型> | 法条: 《聚乙烯吹塑农用地面覆盖薄膜》
《聚乙烯吹朔家用地面覆盖膜》,产品质量与安全,ai,True,<泛类型>,为具体产品标准，属产品质量监管。,产品质量,(6-7) 泛型法条被AI分为具体分类'产品质量与安全'，应删除 | 原标记: <泛类型> | 法条: 《聚乙烯吹朔家用地面覆盖膜》
《肇庆市城市管理和综合行政执法局行政处罚自由裁量权适用规则》,其他,ai,True,<泛类型>,仅为裁量规则标题，无法细分。,其他违法行为,(6-5) 程序性 | 匹配模式: '行政处罚自由裁量权' | 法条: 《肇庆市城市管理和综合行政执法局行政处罚自由裁量权适用规则》
《肇庆市工商行政管理局端州分局关于限期补报年度报告的通知》,市场主体与登记治理,ai,True,<泛类型>,涉及企业年度报告公示补报事项。,企业信息公示,(6-5) 报告书类 | 匹配模式: '年度报告' | 法条: 《肇庆市工商行政管理局端州分局关于限期补报年度报告的通知》
《肇庆市工商行政管理局端州分局限期补报年度报告公告》,市场主体与登记治理,ai,True,<泛类型>,涉及企业年度报告公示与补报事项。,企业信息公示,(6-5) 报告书类 | 匹配模式: '年度报告' | 法条: 《肇庆市工商行政管理局端州分局限期补报年度报告公告》
《肇庆市行政处罚自由裁量权裁量标准》,其他,ai,True,<泛类型>,仅有标准名称，无具体条文内容。,其他违法行为,(6-5) 程序性 | 匹配模式: '行政处罚自由裁量权' | 法条: 《肇庆市行政处罚自由裁量权裁量标准》
《股东大会决议》,*公司治理程序*,ai,True,<泛类型>,涉及股东大会决议程序与效力。,*公司治理程序*,(6-6) AI分类含星号'*公司治理程序*'，分类不确定 | 法条: 《股东大会决议》
《股权转让担保合同》,财税与金融监管,ai,True,<泛类型>,股权质押担保合同属典型信贷业务。,金融/信贷违规,(6-7) 泛型法条被AI分为具体分类'财税与金融监管'，应删除 | 原标记: <泛类型> | 法条: 《股权转让担保合同》
《胶粘剂挥发性有机化合物限量》,环境保护,ai,True,<泛类型>,涉及VOCs排放限量、污染防治要求。,环境保护,(6-7) 泛型法条被AI分为具体分类'环境保护'，应删除 | 原标记: <泛类型> | 法条: 《胶粘剂挥发性有机化合物限量》
《能源消耗统计台账》,统计相关,ai,True,<泛类型>,《能源消耗统计台账》属统计管理规范。,统计相关,(6-7) 泛型法条被AI分为具体分类'统计相关'，应删除 | 原标记: <泛类型> | 法条: 《能源消耗统计台账》
《能源消费、购进与库存》,统计相关,ai,True,<泛类型>,能源消费购进库存属统计领域管理。,统计相关,(6-7) 泛型法条被AI分为具体分类'统计相关'，应删除 | 原标记: <泛类型> | 法条: 《能源消费、购进与库存》
《能源购进、消费与库存》,统计相关,ai,True,<泛类型>,能源购进消费库存属统计指标管理。,统计相关,(6-7) 泛型法条被AI分为具体分类'统计相关'，应删除 | 原标记: <泛类型> | 法条: 《能源购进、消费与库存》
《能源购进消费与库存表》,统计相关,ai,True,<泛类型>,统计报表名称，属统计领域管理。,统计相关,(6-7) 泛型法条被AI分为具体分类'统计相关'，应删除 | 原标记: <泛类型> | 法条: 《能源购进消费与库存表》
《脱水蔬菜 叶菜类》,产品质量与安全,ai,True,<泛类型>,为脱水蔬菜产品标准，属产品质量规范。,产品质量,(6-7) 泛型法条被AI分为具体分类'产品质量与安全'，应删除 | 原标记: <泛类型> | 法条: 《脱水蔬菜 叶菜类》
《脱脂槽翻槽作业方案》,安全生产,ai,True,<泛类型>,作业方案涉及生产作业安全管理。,安全生产,(6-7) 泛型法条被AI分为具体分类'安全生产'，应删除 | 原标记: <泛类型> | 法条: 《脱脂槽翻槽作业方案》
《自动喷水灭火系统设计规范》,消防安全,ai,True,<泛类型>,《自动喷水灭火系统设计规范》属消防规范。,消防安全,(6-7) 泛型法条被AI分为具体分类'消防安全'，应删除 | 原标记: <泛类型> | 法条: 《自动喷水灭火系统设计规范》
《自动喷水灭火系统设计规范》第6.2.1条,消防安全,ai,True,<泛类型>,自动喷水灭火系统属消防设施规范。,消防安全,(6-7) 泛型法条被AI分为具体分类'消防安全'，应删除 | 原标记: <泛类型> | 法条: 《自动喷水灭火系统设计规范》第6.2.1条
《自动扶梯与自动人行道维护保养记录表》,安全生产,ai,True,<泛类型>,自动扶梯属特种设备安全管理范围。,特种设备,(6-7) 泛型法条被AI分为具体分类'安全生产'，应删除 | 原标记: <泛类型> | 法条: 《自动扶梯与自动人行道维护保养记录表》
《自动扶梯与自动人行道维护保养项目（半月）》,安全生产,ai,True,<泛类型>,自动扶梯属特种设备安全管理范围。,特种设备,(6-7) 泛型法条被AI分为具体分类'安全生产'，应删除 | 原标记: <泛类型> | 法条: 《自动扶梯与自动人行道维护保养项目（半月）》
《自动扶梯日常维护保养记录单》,安全生产,ai,True,<泛类型>,自动扶梯属特种设备监管范围。,特种设备,(6-7) 泛型法条被AI分为具体分类'安全生产'，应删除 | 原标记: <泛类型> | 法条: 《自动扶梯日常维护保养记录单》
《自来水报装和户表改造流程图》,环境保护,ai,True,<泛类型>,涉及自来水报装管理流程。,水资源,(6-7) 泛型法条被AI分为具体分类'环境保护'，应删除 | 原标记: <泛类型> | 法条: 《自来水报装和户表改造流程图》
《自治区人民政府关于修改〈宁夏回族自治区征收教育费附加征收的实施办法〉的通知》,财税与金融监管,ai,True,<泛类型>,涉及教育费附加征收管理，属税费征收。,税收违规,(6-7) 泛型法条被AI分为具体分类'财税与金融监管'，应删除 | 原标记: <泛类型> | 法条: 《自治区人民政府关于修改〈宁夏回族自治区征收教育费附加征收的实施办法〉的通知》
《自治区工商行政管理机关行使行政处罚自由裁量权暂行办法》第六条第（九）项,其他,ai,True,<泛类型>,仅给条款编号无具体内容，无法细分。,其他违法行为,(6-5) 程序性 | 匹配模式: '行政处罚自由裁量权' | 法条: 《自治区工商行政管理机关行使行政处罚自由裁量权暂行办法》第六条第（九）项
《自然资源行政处罚决定书》,建设工程与房地产,ai,True,<泛类型>,自然资源处罚通常涉土地违规。,房地产/土地,(6-7) 泛型法条被AI分为具体分类'建设工程与房地产'，应删除 | 原标记: <泛类型> | 法条: 《自然资源行政处罚决定书》
"《自由裁量基准表》第46项,分贝数55db以上70db以下,每增加5db,罚款数额增加5000元,罚款",环境保护,ai,True,<泛类型>,针对噪声分贝超标的环境违法。,环境保护,"(6-7) 泛型法条被AI分为具体分类'环境保护'，应删除 | 原标记: <泛类型> | 法条: 《自由裁量基准表》第46项,分贝数55db以上70db以下,每增加5db,罚款数额增加5000元,罚..."
《自费出国留学中介服务机构资格认定书》,市场秩序与竞争监管,ai,True,<泛类型>,涉留学中介资格认定，属中介服务监管。,消费者权益/市场秩序,(6-7) 泛型法条被AI分为具体分类'市场秩序与竞争监管'，应删除 | 原标记: <泛类型> | 法条: 《自费出国留学中介服务机构资格认定书》
《致华图各位家长及学员的一封信》,*教育培训服务*,ai,True,<泛类型>,标题指向校外培训告知信。,*教育培训服务*,(6-6) AI分类含星号'*教育培训服务*'，分类不确定 | 法条: 《致华图各位家长及学员的一封信》
《航海健康申报书》,海关/进出口,ai,True,<泛类型>,涉航海检疫申报，属口岸进出口监管。,海关/进出口,(6-7) 泛型法条被AI分为具体分类'海关/进出口'，应删除 | 原标记: <泛类型> | 法条: 《航海健康申报书》
《航行日志》,海事安全,ai,True,<泛类型>,《航行日志》涉及船舶航行管理。,海事安全,(6-7) 泛型法条被AI分为具体分类'海事安全'，应删除 | 原标记: <泛类型> | 法条: 《航行日志》
《航行通告》,海事安全,ai,True,<泛类型>,《航行通告》系规范船舶航行安全。,海事安全,(6-7) 泛型法条被AI分为具体分类'海事安全'，应删除 | 原标记: <泛类型> | 法条: 《航行通告》
《航道违法案件告知表》,交通运输,ai,True,<泛类型>,航道违法属于水路交通管理范畴。,交通运输违规,(6-7) 泛型法条被AI分为具体分类'交通运输'，应删除 | 原标记: <泛类型> | 法条: 《航道违法案件告知表》
《船旗国监督检查报告》,海事安全,ai,True,<泛类型>,《船旗国监督检查报告》属船舶安全监管。,海事安全,(6-7) 泛型法条被AI分为具体分类'海事安全'，应删除 | 原标记: <泛类型> | 法条: 《船旗国监督检查报告》
《船旗国监督检查记录簿》,海事安全,ai,True,<泛类型>,《船旗国监督》属船舶安全监管。,海事安全,(6-7) 泛型法条被AI分为具体分类'海事安全'，应删除 | 原标记: <泛类型> | 法条: 《船旗国监督检查记录簿》
《船用燃料油》,环境保护,ai,True,<泛类型>,船用燃料油多涉及大气排放环保规范。,环境保护,(6-7) 泛型法条被AI分为具体分类'环境保护'，应删除 | 原标记: <泛类型> | 法条: 《船用燃料油》
《船用燃油料》,环境保护,ai,True,<泛类型>,船用燃油排放通常涉及大气污染管控。,环境保护,(6-7) 泛型法条被AI分为具体分类'环境保护'，应删除 | 原标记: <泛类型> | 法条: 《船用燃油料》
《船籍国监督检查报告》,海事安全,ai,True,<泛类型>,涉及船籍国监督检查，属海事安全。,海事安全,(6-7) 泛型法条被AI分为具体分类'海事安全'，应删除 | 原标记: <泛类型> | 法条: 《船籍国监督检查报告》
《艾滋病防治条例》第二十九条,卫生健康,ai,True,<泛类型>,艾滋病防治条例属公共医疗卫生管理。,医疗卫生,(6-7) 泛型法条被AI分为具体分类'卫生健康'，应删除 | 原标记: <泛类型> | 法条: 《艾滋病防治条例》第二十九条
《芜湖日报》,公共文化与传媒,ai,True,<泛类型>,《芜湖日报》系报纸媒体出版物。,公共文化与传媒,(6-7) 泛型法条被AI分为具体分类'公共文化与传媒'，应删除 | 原标记: <泛类型> | 法条: 《芜湖日报》
《芝麻油》,产品质量与安全,ai,True,<泛类型>,芝麻油属食品范畴管理。,食品药品,(6-7) 泛型法条被AI分为具体分类'产品质量与安全'，应删除 | 原标记: <泛类型> | 法条: 《芝麻油》
《苍蝇控制综合方案》,*病媒生物防制*,ai,True,<泛类型>,《苍蝇控制综合方案》属病媒防制。,*病媒生物防制*,(6-6) AI分类含星号'*病媒生物防制*'，分类不确定 | 法条: 《苍蝇控制综合方案》
《苏州市住房和城乡建设系统常见违法行为行政处罚裁量基准》,建设工程与房地产,ai,True,<泛类型>,住房城乡建设系统工程违法裁量基准。,建设工程,(6-7) 泛型法条被AI分为具体分类'建设工程与房地产'，应删除 | 原标记: <泛类型> | 法条: 《苏州市住房和城乡建设系统常见违法行为行政处罚裁量基准》
《英林鉴[2020]263号鉴定范围扣除自然资源局处罚部分示意图》,建设工程与房地产,ai,True,<泛类型>,涉及自然资源局土地处罚范围示意图。,房地产/土地,(6-7) 泛型法条被AI分为具体分类'建设工程与房地产'，应删除 | 原标记: <泛类型> | 法条: 《英林鉴[2020]263号鉴定范围扣除自然资源局处罚部分示意图》
《茂业天地前期物业服务协议》,建设工程与房地产,ai,True,<泛类型>,物业服务协议，属房地产领域。,房地产/土地,(6-7) 泛型法条被AI分为具体分类'建设工程与房地产'，应删除 | 原标记: <泛类型> | 法条: 《茂业天地前期物业服务协议》
《茂名市茂南区市场监督管理局吊销企业营业执照听证公告》,市场主体与登记治理,ai,True,<泛类型>,公告系吊销长期停业企业执照。,未开业/自行停业,(6-7) 泛型法条被AI分为具体分类'市场主体与登记治理'，应删除 | 原标记: <泛类型> | 法条: 《茂名市茂南区市场监督管理局吊销企业营业执照听证公告》
《茂名日报》,公共文化与传媒,ai,True,<泛类型>,《茂名日报》属新闻传媒领域。,公共文化与传媒,(6-7) 泛型法条被AI分为具体分类'公共文化与传媒'，应删除 | 原标记: <泛类型> | 法条: 《茂名日报》
《茅型瓶销售合同》,市场秩序与竞争监管,ai,True,<泛类型>,销售合同纠纷，涉市场交易秩序。,消费者权益/市场秩序,(6-7) 泛型法条被AI分为具体分类'市场秩序与竞争监管'，应删除 | 原标记: <泛类型> | 法条: 《茅型瓶销售合同》
《草书琵琶行长卷》,文物保护,ai,True,<泛类型>,《草书琵琶行》系书画文物作品。,文物保护,(6-7) 泛型法条被AI分为具体分类'文物保护'，应删除 | 原标记: <泛类型> | 法条: 《草书琵琶行长卷》
《草编制品》,产品质量与安全,ai,True,<泛类型>,《草编制品》属产品质量标准规范。,产品质量,(6-7) 泛型法条被AI分为具体分类'产品质量与安全'，应删除 | 原标记: <泛类型> | 法条: 《草编制品》
《草铵膦水剂》,产品质量与安全,ai,True,<泛类型>,农药类产品质量及登记规范相关。,产品质量,(6-7) 泛型法条被AI分为具体分类'产品质量与安全'，应删除 | 原标记: <泛类型> | 法条: 《草铵膦水剂》
《荔湾区花地街“9·24”一般机械伤害事故调查报告》,安全生产,ai,True,<泛类型>,一般机械伤害事故，属生产安全事故。,安全生产,(6-7) 泛型法条被AI分为具体分类'安全生产'，应删除 | 原标记: <泛类型> | 法条: 《荔湾区花地街“9·24”一般机械伤害事故调查报告》
《荧鸿城小区幼儿园建设资金代垫协议》,建设工程与房地产,ai,True,<泛类型>,涉及小区幼儿园建设资金约定问题。,建设工程,(6-7) 泛型法条被AI分为具体分类'建设工程与房地产'，应删除 | 原标记: <泛类型> | 法条: 《荧鸿城小区幼儿园建设资金代垫协议》
《药典》,产品质量与安全,ai,True,<泛类型>,《药典》系药品标准，属药品监管。,食品药品,(6-7) 泛型法条被AI分为具体分类'产品质量与安全'，应删除 | 原标记: <泛类型> | 法条: 《药典》
《药包材注册证》,产品质量与安全,ai,True,<泛类型>,《药包材注册证》属药品监管范畴。,食品药品,(6-7) 泛型法条被AI分为具体分类'产品质量与安全'，应删除 | 原标记: <泛类型> | 法条: 《药包材注册证》
《药包材生产现场考核技术要求》,产品质量与安全,ai,True,<泛类型>,药包材属药品管理范畴。,食品药品,(6-7) 泛型法条被AI分为具体分类'产品质量与安全'，应删除 | 原标记: <泛类型> | 法条: 《药包材生产现场考核技术要求》
《莲芝消炎滴丸销售合作协议》,*合同民事纠纷*,ai,True,<泛类型>,仅为药品销售合作协议文本名称。,*合同民事纠纷*,(6-6) AI分类含星号'*合同民事纠纷*'，分类不确定 | 法条: 《莲芝消炎滴丸销售合作协议》
《菏泽市城市管理现场检查(勘验)影像证据》,*城市管理执法*,ai,True,<泛类型>,涉及城市管理现场检查影像证据。,*城市管理执法*,(6-6) AI分类含星号'*城市管理执法*'，分类不确定 | 法条: 《菏泽市城市管理现场检查(勘验)影像证据》
《菏泽市城市管理行政执法调查(询问)笔录》,*市容环境管理*,ai,True,<泛类型>,城市管理执法，多涉市容环境秩序。,*市容环境管理*,(6-6) AI分类含星号'*市容环境管理*'，分类不确定 | 法条: 《菏泽市城市管理行政执法调查(询问)笔录》
《菜籽油》,产品质量与安全,ai,True,<泛类型>,菜籽油属食用油，归入食品领域。,食品药品,(6-7) 泛型法条被AI分为具体分类'产品质量与安全'，应删除 | 原标记: <泛类型> | 法条: 《菜籽油》
《萌果果大大-阿尔法脑波音乐》,*文化作品版权*,ai,True,<泛类型>,系音乐作品名称，涉著作权。,*文化作品版权*,(6-6) AI分类含星号'*文化作品版权*'，分类不确定 | 法条: 《萌果果大大-阿尔法脑波音乐》
《营业外收入明细账》,财税与金融监管,ai,True,<泛类型>,涉及营业外收入明细账等会计核算。,会计/账务,(6-7) 泛型法条被AI分为具体分类'财税与金融监管'，应删除 | 原标记: <泛类型> | 法条: 《营业外收入明细账》
《营业执照(副本)》,未年检登记,ai,True,<泛类型>,《营业执照》相关，一般属登记年检问题。,未年检登记,(6-7) 泛型法条被AI分为具体分类'未年检登记'，应删除 | 原标记: <泛类型> | 法条: 《营业执照(副本)》
《营业执照(副本)复印件》,市场主体与登记治理,ai,True,<泛类型>,涉及营业执照复印件使用管理。,企业信息公示,(6-7) 泛型法条被AI分为具体分类'市场主体与登记治理'，应删除 | 原标记: <泛类型> | 法条: 《营业执照(副本)复印件》
《营业执照》,市场主体与登记治理,ai,True,<泛类型>,涉及《营业执照》管理及登记事项。,无照经营/登记问题,(6-7) 泛型法条被AI分为具体分类'市场主体与登记治理'，应删除 | 原标记: <泛类型> | 法条: 《营业执照》
《营业执照》,市场主体与登记治理,ai,True,<泛类型>,仅提及《营业执照》，对应登记管理。,无照经营/登记问题,(6-7) 泛型法条被AI分为具体分类'市场主体与登记治理'，应删除 | 原标记: <泛类型> | 法条: 《营业执照》
《营业执照副本》,市场主体与登记治理,ai,True,<泛类型>,涉及营业执照登记及管理事项。,无照经营/登记问题,(6-7) 泛型法条被AI分为具体分类'市场主体与登记治理'，应删除 | 原标记: <泛类型> | 法条: 《营业执照副本》
《营业执照复印件》,市场主体与登记治理,ai,True,<泛类型>,涉及营业执照复印件管理使用问题。,无照经营/登记问题,(6-7) 泛型法条被AI分为具体分类'市场主体与登记治理'，应删除 | 原标记: <泛类型> | 法条: 《营业执照复印件》
《营业执照（副本）》,市场主体与登记治理,ai,True,<泛类型>,涉及营业执照管理及登记事项。,无照经营/登记问题,(6-7) 泛型法条被AI分为具体分类'市场主体与登记治理'，应删除 | 原标记: <泛类型> | 法条: 《营业执照（副本）》
《营业执照（副本）复印件》,市场主体与登记治理,ai,True,<泛类型>,《营业执照》内容属登记公示事项。,企业信息公示,(6-7) 泛型法条被AI分为具体分类'市场主体与登记治理'，应删除 | 原标记: <泛类型> | 法条: 《营业执照（副本）复印件》
《营业执照（复印件）》,市场主体与登记治理,ai,True,<泛类型>,《营业执照》管理相关登记问题,无照经营/登记问题,(6-7) 泛型法条被AI分为具体分类'市场主体与登记治理'，应删除 | 原标记: <泛类型> | 法条: 《营业执照（复印件）》
《营口日报》,公共文化与传媒,ai,True,<泛类型>,《营口日报》属新闻媒体出版领域。,公共文化与传媒,(6-7) 泛型法条被AI分为具体分类'公共文化与传媒'，应删除 | 原标记: <泛类型> | 法条: 《营口日报》
《营运证》,交通运输,ai,True,<泛类型>,《营运证》系道路运输资质管理相关。,交通运输违规,(6-7) 泛型法条被AI分为具体分类'交通运输'，应删除 | 原标记: <泛类型> | 法条: 《营运证》
《营销策划及销售代理合同书》,市场秩序与竞争监管,ai,True,<泛类型>,合同纠纷类营销代理，涉市场秩序。,消费者权益/市场秩序,(6-7) 泛型法条被AI分为具体分类'市场秩序与竞争监管'，应删除 | 原标记: <泛类型> | 法条: 《营销策划及销售代理合同书》
《营鲅市监生实强制〔2022〕1号》,*强制措施程序类,ai,True,<泛类型>,文号为强制措施规程，无具体领域。,*强制措施程序类,(6-6) AI分类含星号'*强制措施程序类'，分类不确定 | 法条: 《营鲅市监生实强制〔2022〕1号》
《著作权行政处罚实施办法》第二十九条第(二)项,侵犯商标/知识产权,ai,True,<泛类型>,著作权行政处罚性质属知识产权违法。,侵犯商标/知识产权,(6-7) 泛型法条被AI分为具体分类'侵犯商标/知识产权'，应删除 | 原标记: <泛类型> | 法条: 《著作权行政处罚实施办法》第二十九条第(二)项
《董事会成员、经理、监事任职证明》,市场主体与登记治理,ai,True,<泛类型>,涉及公司董事经理监事任职证明相关。,企业信息公示,(6-7) 泛型法条被AI分为具体分类'市场主体与登记治理'，应删除 | 原标记: <泛类型> | 法条: 《董事会成员、经理、监事任职证明》
《葫芦岛日报》,公共文化与传媒,ai,True,<泛类型>,涉报纸刊物管理的文化传媒领域。,公共文化与传媒,(6-7) 泛型法条被AI分为具体分类'公共文化与传媒'，应删除 | 原标记: <泛类型> | 法条: 《葫芦岛日报》
《蒸压加气混凝土砌块》,产品质量与安全,ai,True,<泛类型>,为具体产品标准，属产品质量规范。,产品质量,(6-7) 泛型法条被AI分为具体分类'产品质量与安全'，应删除 | 原标记: <泛类型> | 法条: 《蒸压加气混凝土砌块》
《蒸压轻质加气混凝土（砌块） 板材购销合同》,市场秩序与竞争监管,ai,True,<泛类型>,购销合同纠纷，属市场交易秩序。,消费者权益/市场秩序,(6-7) 泛型法条被AI分为具体分类'市场秩序与竞争监管'，应删除 | 原标记: <泛类型> | 法条: 《蒸压轻质加气混凝土（砌块） 板材购销合同》
《蒸馏酒及其配制酒》,产品质量与安全,ai,True,<泛类型>,蒸馏酒标准属食品安全监管范围。,食品药品,(6-7) 泛型法条被AI分为具体分类'产品质量与安全'，应删除 | 原标记: <泛类型> | 法条: 《蒸馏酒及其配制酒》
《蓝基底激光胶片供货协议》,*合同供货纠纷*,ai,True,<泛类型>,仅涉及供货协议合同内容。,*合同供货纠纷*,(6-6) AI分类含星号'*合同供货纠纷*'，分类不确定 | 法条: 《蓝基底激光胶片供货协议》
《蓬莱环成乙炔化工有限公司督导问题及建议清单》,安全生产,ai,True,<泛类型>,乙炔化工企业督导涉及危化品安全。,安全生产/危化品,(6-7) 泛型法条被AI分为具体分类'安全生产'，应删除 | 原标记: <泛类型> | 法条: 《蓬莱环成乙炔化工有限公司督导问题及建议清单》
《虚开证明单》,财税与金融监管,ai,True,<泛类型>,虚开证明单通常涉及虚开发票逃税。,税收违规,(6-7) 泛型法条被AI分为具体分类'财税与金融监管'，应删除 | 原标记: <泛类型> | 法条: 《虚开证明单》
《蜂王浆》,产品质量与安全,ai,True,<泛类型>,蜂王浆属食品药品监管范畴。,食品药品,(6-7) 泛型法条被AI分为具体分类'产品质量与安全'，应删除 | 原标记: <泛类型> | 法条: 《蜂王浆》
《蜜饯通则》,产品质量与安全,ai,True,<泛类型>,《蜜饯通则》属食品标准规范。,食品药品,(6-7) 泛型法条被AI分为具体分类'产品质量与安全'，应删除 | 原标记: <泛类型> | 法条: 《蜜饯通则》
《蜜饯（果糕）工艺流程图》,产品质量与安全,ai,True,<泛类型>,《蜜饯工艺流程图》属食品生产规范。,食品药品,(6-7) 泛型法条被AI分为具体分类'产品质量与安全'，应删除 | 原标记: <泛类型> | 法条: 《蜜饯（果糕）工艺流程图》
《行政处罚自由裁量权》,其他,ai,True,<泛类型>,仅提及标题，无具体条文内容。,其他违法行为,(6-5) 程序性 | 匹配模式: '行政处罚自由裁量权' | 法条: 《行政处罚自由裁量权》
《行政处罚自由裁量权定量标准》,其他,ai,True,<泛类型>,仅出现标准名称，无具体条文内容。,其他违法行为,(6-5) 程序性 | 匹配模式: '行政处罚自由裁量权' | 法条: 《行政处罚自由裁量权定量标准》
《行政处罚自由裁量权指导标准》,其他,ai,True,<泛类型>,仅给出指导标准名称，无法细分。,其他违法行为,(6-5) 程序性 | 匹配模式: '行政处罚自由裁量权' | 法条: 《行政处罚自由裁量权指导标准》
《行政处罚自由裁量权指导标准》第七条,其他,ai,True,<泛类型>,仅给出条款编号，无法判断内容。,其他违法行为,(6-5) 程序性 | 匹配模式: '行政处罚自由裁量权' | 法条: 《行政处罚自由裁量权指导标准》第七条
《行政处罚自由裁量权规范标准》,其他,ai,True,<泛类型>,仅给出标准名称，无法细化归类。,其他违法行为,(6-5) 程序性 | 匹配模式: '行政处罚自由裁量权' | 法条: 《行政处罚自由裁量权规范标准》
《行政处罚自由裁量权规范标准》第六类、七十八、(一)、(二)、3;3,其他,ai,True,<泛类型>,仅给出条款编号，无法对应具体领域。,其他违法行为,(6-5) 程序性 | 匹配模式: '行政处罚自由裁量权' | 法条: 《行政处罚自由裁量权规范标准》第六类、七十八、(一)、(二)、3;3
《行政处罚裁量权基准（试行）的通知》,其他,ai,True,<泛类型>,仅为裁量基准通知，未涉具体领域。,其他违法行为,(6-5) 程序性 | 匹配模式: '行政处罚裁量权' | 法条: 《行政处罚裁量权基准（试行）的通知》
《行政处罚裁量权实施标准》,其他,ai,True,<泛类型>,无具体条文内容，无法准确归类。,其他违法行为,(6-5) 程序性 | 匹配模式: '行政处罚裁量权' | 法条: 《行政处罚裁量权实施标准》
《行政强制法》第四十五条第一款、第二款,*行政强制程序*,ai,True,<泛类型>,《行政强制法》属行政程序规范。,*行政强制程序*,(6-6) AI分类含星号'*行政强制程序*'，分类不确定 | 法条: 《行政强制法》第四十五条第一款、第二款
《行车日志》,交通运输,ai,True,<泛类型>,《行车日志》通常用于车辆行驶管理记录。,交通运输违规,(6-7) 泛型法条被AI分为具体分类'交通运输'，应删除 | 原标记: <泛类型> | 法条: 《行车日志》
《行车证》,交通运输,ai,True,<泛类型>,《行车证》属车辆管理与行驶规范。,交通运输违规,(6-7) 泛型法条被AI分为具体分类'交通运输'，应删除 | 原标记: <泛类型> | 法条: 《行车证》
《行车轨迹复印件》,交通运输,ai,True,<泛类型>,与车辆行车轨迹记录相关，属交通管理。,交通运输违规,(6-7) 泛型法条被AI分为具体分类'交通运输'，应删除 | 原标记: <泛类型> | 法条: 《行车轨迹复印件》
《行驶证》,交通运输,ai,True,<泛类型>,《行驶证》属于道路交通管理领域。,交通运输违规,(6-7) 泛型法条被AI分为具体分类'交通运输'，应删除 | 原标记: <泛类型> | 法条: 《行驶证》
《行驶证》,交通运输,ai,True,<泛类型>,《行驶证》属车辆管理范畴。,交通运输违规,(6-7) 泛型法条被AI分为具体分类'交通运输'，应删除 | 原标记: <泛类型> | 法条: 《行驶证》
《行驶证复印件》,交通运输,ai,True,<泛类型>,《行驶证》属车辆管理与交通领域。,交通运输违规,(6-7) 泛型法条被AI分为具体分类'交通运输'，应删除 | 原标记: <泛类型> | 法条: 《行驶证复印件》
《行驶证照片》,交通运输,ai,True,<泛类型>,涉及行驶证管理，属交通管理行为。,交通运输违规,(6-7) 泛型法条被AI分为具体分类'交通运输'，应删除 | 原标记: <泛类型> | 法条: 《行驶证照片》
《衢住建案移字〔2021〕5号》,建设工程与房地产,ai,True,<泛类型>,文号属住建系统案件移送。,建设工程,(6-7) 泛型法条被AI分为具体分类'建设工程与房地产'，应删除 | 原标记: <泛类型> | 法条: 《衢住建案移字〔2021〕5号》
《衢州日报》,公共文化与传媒,ai,True,<泛类型>,涉及报纸传媒领域相关管理。,公共文化与传媒,(6-7) 泛型法条被AI分为具体分类'公共文化与传媒'，应删除 | 原标记: <泛类型> | 法条: 《衢州日报》
《衢州荣强化工有限公司12kt/a1,环境保护,ai,True,<泛类型>,化工项目建设运行通常涉环评环保。,环境保护,(6-7) 泛型法条被AI分为具体分类'环境保护'，应删除 | 原标记: <泛类型> | 法条: 《衢州荣强化工有限公司12kt/a1
《衢州醉根艺品有限公司规划核实工作联系单》,建设工程与房地产,ai,True,<泛类型>,涉及建设项目规划核实管理事项。,建设工程,(6-7) 泛型法条被AI分为具体分类'建设工程与房地产'，应删除 | 原标记: <泛类型> | 法条: 《衢州醉根艺品有限公司规划核实工作联系单》
《补充协议》第五条——合同生效与解除：5—2条款,*合同效力/解除纠纷*,ai,True,<泛类型>,条款核心为合同生效与解除问题。,*合同效力/解除纠纷*,(6-6) AI分类含星号'*合同效力/解除纠纷*'，分类不确定 | 法条: 《补充协议》第五条——合同生效与解除：5—2条款
《表外授信业务》,财税与金融监管,ai,True,<泛类型>,《表外授信业务》属银行信贷管理。,金融/信贷违规,(6-7) 泛型法条被AI分为具体分类'财税与金融监管'，应删除 | 原标记: <泛类型> | 法条: 《表外授信业务》
《装修保证金台账》,建设工程与房地产,ai,True,<泛类型>,“装修保证金”通常涉及建设装修管理。,建设工程,(6-7) 泛型法条被AI分为具体分类'建设工程与房地产'，应删除 | 原标记: <泛类型> | 法条: 《装修保证金台账》
《装修押金台账》,建设工程与房地产,ai,True,<泛类型>,《装修押金台账》涉小区物业装修管理。,房地产/土地,(6-7) 泛型法条被AI分为具体分类'建设工程与房地产'，应删除 | 原标记: <泛类型> | 法条: 《装修押金台账》
《装修管理服务协议书》,消费者权益/市场秩序,ai,True,<泛类型>,《装修管理服务协议书》属消费合同纠纷。,消费者权益纠纷,(6-7) 泛型法条被AI分为具体分类'消费者权益/市场秩序'，应删除 | 原标记: <泛类型> | 法条: 《装修管理服务协议书》
《装货报告》,交通运输,ai,True,<泛类型>,装货报告属运输装卸管理行为。,交通运输违规,(6-7) 泛型法条被AI分为具体分类'交通运输'，应删除 | 原标记: <泛类型> | 法条: 《装货报告》
《襄阳市文明行为促进条例》第十一条第三项,*文明行为管理*,ai,True,<泛类型>,来源文明行为促进条例第十一条。,*文明行为管理*,(6-6) AI分类含星号'*文明行为管理*'，分类不确定 | 法条: 《襄阳市文明行为促进条例》第十一条第三项
《襄阳市电动车自行车管理条例》第二十二条,交通运输,ai,True,<泛类型>,电动车管理条例属道路交通管理。,交通运输违规,(6-7) 泛型法条被AI分为具体分类'交通运输'，应删除 | 原标记: <泛类型> | 法条: 《襄阳市电动车自行车管理条例》第二十二条
《西三采区皮带巷修复作业规程》,安全生产,ai,True,<泛类型>,矿井巷道修复作业规程属安全生产规程。,安全生产,(6-7) 泛型法条被AI分为具体分类'安全生产'，应删除 | 原标记: <泛类型> | 法条: 《西三采区皮带巷修复作业规程》
《西北商报》,公共文化与传媒,ai,True,<泛类型>,《西北商报》系报纸媒体领域。,公共文化与传媒,(6-7) 泛型法条被AI分为具体分类'公共文化与传媒'，应删除 | 原标记: <泛类型> | 法条: 《西北商报》
《西可郎2号隧道专项方案》,建设工程与房地产,ai,True,<泛类型>,隧道专项施工方案，属建设工程管理。,建设工程,(6-7) 泛型法条被AI分为具体分类'建设工程与房地产'，应删除 | 原标记: <泛类型> | 法条: 《西可郎2号隧道专项方案》
《西安市城管执法行政处罚裁量权使用规定》第十三条的裁量基准,其他,ai,True,<泛类型>,仅给出裁量规定标题，内容缺失。,其他违法行为,(6-5) 程序性 | 匹配模式: '行政处罚裁量权' | 法条: 《西安市城管执法行政处罚裁量权使用规定》第十三条的裁量基准
《西安市工商行政管理局专项清理名存实亡企业工作方案》,市场主体与登记治理,ai,True,<泛类型>,名存实亡企业专项清理对应未开业停业。,未开业/自行停业,(6-7) 泛型法条被AI分为具体分类'市场主体与登记治理'，应删除 | 原标记: <泛类型> | 法条: 《西安市工商行政管理局专项清理名存实亡企业工作方案》
《西安市工商行政管理局清理长期停业未经营企业公告》,市场主体与登记治理,ai,True,<泛类型>,公告针对长期停业未经营企业。,未开业/自行停业,(6-7) 泛型法条被AI分为具体分类'市场主体与登记治理'，应删除 | 原标记: <泛类型> | 法条: 《西安市工商行政管理局清理长期停业未经营企业公告》
《西安市工商行政管理局灞桥分局清理长期停业未经营企业公告》,市场主体与登记治理,ai,True,<泛类型>,标题指长期停业未经营企业清理。,未开业/自行停业,(6-7) 泛型法条被AI分为具体分类'市场主体与登记治理'，应删除 | 原标记: <泛类型> | 法条: 《西安市工商行政管理局灞桥分局清理长期停业未经营企业公告》
《西安市工商行政管理局行政处罚自由裁量权执行基准》,市场秩序与竞争监管,ai,True,<泛类型>,工商部门处罚基准，多涉市场秩序。,消费者权益/市场秩序,(6-5) 程序性 | 匹配模式: '行政处罚自由裁量权' | 法条: 《西安市工商行政管理局行政处罚自由裁量权执行基准》
《西安市工商行政管理局转发陕西省工商行政管理局关于继续开展长期停业未经营企业清理工作的通知的通知》,市场主体与登记治理,ai,True,<泛类型>,文件主题系清理长期停业未经营企业。,未开业/自行停业,(6-7) 泛型法条被AI分为具体分类'市场主体与登记治理'，应删除 | 原标记: <泛类型> | 法条: 《西安市工商行政管理局转发陕西省工商行政管理局关于继续开展长期停业未经营企业清理工作的通知的通知》
《西安晚报》,公共文化与传媒,ai,True,<泛类型>,仅提及报纸名称，属传媒领域。,公共文化与传媒,(6-7) 泛型法条被AI分为具体分类'公共文化与传媒'，应删除 | 原标记: <泛类型> | 法条: 《西安晚报》
《西湖区安评机构执业行为专项整治实施方案》,安全生产,ai,True,<泛类型>,《安评机构执业行为专项整治》属安全生产监管。,安全生产,(6-7) 泛型法条被AI分为具体分类'安全生产'，应删除 | 原标记: <泛类型> | 法条: 《西湖区安评机构执业行为专项整治实施方案》
《西部新区安置房有关问题和城东出口通道建设征收遗留问题专题会议纪要》,建设工程与房地产,ai,True,<泛类型>,涉及安置房及征收遗留问题。,房地产/土地,(6-7) 泛型法条被AI分为具体分类'建设工程与房地产'，应删除 | 原标记: <泛类型> | 法条: 《西部新区安置房有关问题和城东出口通道建设征收遗留问题专题会议纪要》
《规划性质认定表》,建设工程与房地产,ai,True,<泛类型>,涉及规划性质认定，属土地规划管理。,房地产/土地,(6-7) 泛型法条被AI分为具体分类'建设工程与房地产'，应删除 | 原标记: <泛类型> | 法条: 《规划性质认定表》
《规范市场监督管理行政处罚裁量权的指导意见》,其他,ai,True,<泛类型>,仅提及指导意见标题，无法细分。,其他违法行为,(6-5) 程序性 | 匹配模式: '行政处罚裁量权' | 法条: 《规范市场监督管理行政处罚裁量权的指导意见》
《规范行政处罚自由裁量权的若干规定》第十条第一款第（九）项,其他,ai,True,<泛类型>,条款泛指裁量权规范，无法细分。,其他违法行为,(6-5) 程序性 | 匹配模式: '行政处罚自由裁量权' | 法条: 《规范行政处罚自由裁量权的若干规定》第十条第一款第（九）项
《规范行政处罚自由裁量权若干规定》第十一条第一款,其他,ai,True,<泛类型>,仅给出条款编号，无法判断具体领域。,其他违法行为,(6-5) 程序性 | 匹配模式: '行政处罚自由裁量权' | 法条: 《规范行政处罚自由裁量权若干规定》第十一条第一款
《规范行政处罚自由裁量权若干规定》第十条第一款,其他,ai,True,<泛类型>,仅给出条款编号，无法判断具体领域。,其他违法行为,(6-5) 程序性 | 匹配模式: '行政处罚自由裁量权' | 法条: 《规范行政处罚自由裁量权若干规定》第十条第一款
《角向磨光机》,产品质量与安全,ai,True,<泛类型>,《角向磨光机》为产品安全质量标准。,产品质量,(6-7) 泛型法条被AI分为具体分类'产品质量与安全'，应删除 | 原标记: <泛类型> | 法条: 《角向磨光机》
《解放日报》,公共文化与传媒,ai,True,<泛类型>,系报纸出版传媒领域相关规定。,公共文化与传媒,(6-7) 泛型法条被AI分为具体分类'公共文化与传媒'，应删除 | 原标记: <泛类型> | 法条: 《解放日报》
《触电人身伤亡事故现场处置方案》,安全生产,ai,True,<泛类型>,触电事故应对属生产安全管理。,安全生产,(6-7) 泛型法条被AI分为具体分类'安全生产'，应删除 | 原标记: <泛类型> | 法条: 《触电人身伤亡事故现场处置方案》
《计算小能手 口算笔卡 六年级（上）》,*基础教育教材管理*,ai,True,<泛类型>,涉及小学教材内容与管理相关。,*基础教育教材管理*,(6-6) AI分类含星号'*基础教育教材管理*'，分类不确定 | 法条: 《计算小能手 口算笔卡 六年级（上）》
《计算机软件保护条例》第二十四条,侵犯商标/知识产权,ai,True,<泛类型>,软件著作权保护条例属知识产权范畴。,侵犯商标/知识产权,(6-7) 泛型法条被AI分为具体分类'侵犯商标/知识产权'，应删除 | 原标记: <泛类型> | 法条: 《计算机软件保护条例》第二十四条
《计算机软件保护条例》第二十四条第(三)项“除,侵犯商标/知识产权,ai,True,<泛类型>,依据软件保护条例属知识产权范畴。,侵犯商标/知识产权,(6-7) 泛型法条被AI分为具体分类'侵犯商标/知识产权'，应删除 | 原标记: <泛类型> | 法条: 《计算机软件保护条例》第二十四条第(三)项“除
《计算机软件保护条例》第二十四条第一款第(一)项,侵犯商标/知识产权,ai,True,<泛类型>,软件著作权侵权，属知识产权。,侵犯商标/知识产权,(6-7) 泛型法条被AI分为具体分类'侵犯商标/知识产权'，应删除 | 原标记: <泛类型> | 法条: 《计算机软件保护条例》第二十四条第一款第(一)项
《计算机软件保护条例》第八条,侵犯商标/知识产权,ai,True,<泛类型>,软件著作权保护，属知识产权范畴。,侵犯商标/知识产权,(6-7) 泛型法条被AI分为具体分类'侵犯商标/知识产权'，应删除 | 原标记: <泛类型> | 法条: 《计算机软件保护条例》第八条
《计算机软件保护条例》第八条第一款第(四)项“软件著作权人享有下列各项,侵犯商标/知识产权,ai,True,<泛类型>,涉及软件著作权人权利保护。,侵犯商标/知识产权,(6-7) 泛型法条被AI分为具体分类'侵犯商标/知识产权'，应删除 | 原标记: <泛类型> | 法条: 《计算机软件保护条例》第八条第一款第(四)项“软件著作权人享有下列各项
《计算机软件保护条例》第八条第一款第(四)项、第二款,侵犯商标/知识产权,ai,True,<泛类型>,软件著作权保护，属知识产权范围。,侵犯商标/知识产权,(6-7) 泛型法条被AI分为具体分类'侵犯商标/知识产权'，应删除 | 原标记: <泛类型> | 法条: 《计算机软件保护条例》第八条第一款第(四)项、第二款
《计算机软件保护条例》第八条第一款第四项,侵犯商标/知识产权,ai,True,<泛类型>,《软件保护条例》属著作权知识产权。,侵犯商标/知识产权,(6-7) 泛型法条被AI分为具体分类'侵犯商标/知识产权'，应删除 | 原标记: <泛类型> | 法条: 《计算机软件保护条例》第八条第一款第四项
《计算机软件安装使用情况现场检查记录表》,侵犯商标/知识产权,ai,True,<泛类型>,涉及计算机软件安装使用合规检查。,侵犯商标/知识产权,(6-7) 泛型法条被AI分为具体分类'侵犯商标/知识产权'，应删除 | 原标记: <泛类型> | 法条: 《计算机软件安装使用情况现场检查记录表》
《计算机软件安装使用情况现场记录表》,侵犯商标/知识产权,ai,True,<泛类型>,软件安装使用多涉计算机著作权。,侵犯商标/知识产权,(6-7) 泛型法条被AI分为具体分类'侵犯商标/知识产权'，应删除 | 原标记: <泛类型> | 法条: 《计算机软件安装使用情况现场记录表》
《计量检测报告》,计量/器具,ai,True,<泛类型>,涉及计量检测报告，属计量领域。,计量/器具,(6-7) 泛型法条被AI分为具体分类'计量/器具'，应删除 | 原标记: <泛类型> | 法条: 《计量检测报告》
《计量法》第九条,计量/器具,ai,True,<泛类型>,依据《计量法》条文，属计量管理。,计量/器具,(6-7) 泛型法条被AI分为具体分类'计量/器具'，应删除 | 原标记: <泛类型> | 法条: 《计量法》第九条
《认定工伤决定书》,劳动保障,ai,True,<泛类型>,涉及工伤认定，属劳动保障范畴。,劳动保障/用工,(6-7) 泛型法条被AI分为具体分类'劳动保障'，应删除 | 原标记: <泛类型> | 法条: 《认定工伤决定书》
《设备材料购销合同》,市场秩序与竞争监管,ai,True,<泛类型>,购销合同纠纷，属市场交易秩序。,消费者权益/市场秩序,(6-7) 泛型法条被AI分为具体分类'市场秩序与竞争监管'，应删除 | 原标记: <泛类型> | 法条: 《设备材料购销合同》
《设备设施检查、维修保养制度》,安全生产,ai,True,<泛类型>,设备设施检查维护属安全生产管理。,安全生产,(6-7) 泛型法条被AI分为具体分类'安全生产'，应删除 | 原标记: <泛类型> | 法条: 《设备设施检查、维修保养制度》
《设备购销协议》,市场秩序与竞争监管,ai,True,<泛类型>,买卖合同纠纷，涉购销市场秩序。,消费者权益/市场秩序,(6-7) 泛型法条被AI分为具体分类'市场秩序与竞争监管'，应删除 | 原标记: <泛类型> | 法条: 《设备购销协议》
《设计补充、更改图纸通知单》,建设工程与房地产,ai,True,<泛类型>,涉及工程设计图纸变更管理事项。,建设工程,(6-7) 泛型法条被AI分为具体分类'建设工程与房地产'，应删除 | 原标记: <泛类型> | 法条: 《设计补充、更改图纸通知单》
《设计补充、更改图纸通知单》第1条,建设工程与房地产,ai,True,<泛类型>,《设计补充、更改图纸通知单》属工程设计管理。,建设工程,(6-7) 泛型法条被AI分为具体分类'建设工程与房地产'，应删除 | 原标记: <泛类型> | 法条: 《设计补充、更改图纸通知单》第1条
《证券投资》,金融/账户,ai,True,<泛类型>,《证券投资》属金融领域监管。,金融/账户,(6-7) 泛型法条被AI分为具体分类'金融/账户'，应删除 | 原标记: <泛类型> | 法条: 《证券投资》
《证券期货投资者适当性管理办法》第四十一条第（七）项,金融/账户,ai,True,<泛类型>,证券期货投资者适当性管理属金融业务监管。,金融/账户,(6-7) 泛型法条被AI分为具体分类'金融/账户'，应删除 | 原标记: <泛类型> | 法条: 《证券期货投资者适当性管理办法》第四十一条第（七）项
《证券期货经营机构私募资产管理业务运作管理暂行规定》第三条,金融/账户,ai,True,<泛类型>,证券期货私募资管业务监管范畴。,金融/账户,(6-7) 泛型法条被AI分为具体分类'金融/账户'，应删除 | 原标记: <泛类型> | 法条: 《证券期货经营机构私募资产管理业务运作管理暂行规定》第三条
《证券法》,金融/账户,ai,True,<泛类型>,依据《证券法》属于证券金融领域。,金融/账户,(6-7) 泛型法条被AI分为具体分类'金融/账户'，应删除 | 原标记: <泛类型> | 法条: 《证券法》
《证券法》第一百九十七条第二款,金融/账户,ai,True,<泛类型>,依据证券法条款，属证券交易违法。,金融/账户,(6-7) 泛型法条被AI分为具体分类'金融/账户'，应删除 | 原标记: <泛类型> | 法条: 《证券法》第一百九十七条第二款
《证券法》第一百九十三条第一款,金融/账户,ai,True,<泛类型>,证券法规范证券发行交易等金融活动。,金融/账户,(6-7) 泛型法条被AI分为具体分类'金融/账户'，应删除 | 原标记: <泛类型> | 法条: 《证券法》第一百九十三条第一款
《证券法》第一百九十三条第一款、第三款,金融/账户,ai,True,<泛类型>,违反证券法信息披露等证券违法。,金融/账户,(6-7) 泛型法条被AI分为具体分类'金融/账户'，应删除 | 原标记: <泛类型> | 法条: 《证券法》第一百九十三条第一款、第三款
《证券法》第一百九十三条第一款和2019年,金融/账户,ai,True,<泛类型>,《证券法》属金融证券领域违法。,金融/账户,(6-7) 泛型法条被AI分为具体分类'金融/账户'，应删除 | 原标记: <泛类型> | 法条: 《证券法》第一百九十三条第一款和2019年
《证券法》第一百九十八条,金融/账户,ai,True,<泛类型>,《证券法》条文，一般归属证券违规。,金融/账户,(6-7) 泛型法条被AI分为具体分类'金融/账户'，应删除 | 原标记: <泛类型> | 法条: 《证券法》第一百九十八条
《证券法》第七十八条第二款,金融/账户,ai,True,<泛类型>,《证券法》属证券金融领域规范。,金融/账户,(6-7) 泛型法条被AI分为具体分类'金融/账户'，应删除 | 原标记: <泛类型> | 法条: 《证券法》第七十八条第二款
《证券法》第二百二十六条第三款,金融/账户,ai,True,<泛类型>,证券法条款，多属证券交易与账户管理。,金融/账户,(6-7) 泛型法条被AI分为具体分类'金融/账户'，应删除 | 原标记: <泛类型> | 法条: 《证券法》第二百二十六条第三款
《证券法》第二百零二条,金融/账户,ai,True,<泛类型>,《证券法》属金融证券领域法规。,金融/账户,(6-7) 泛型法条被AI分为具体分类'金融/账户'，应删除 | 原标记: <泛类型> | 法条: 《证券法》第二百零二条
《证券法》第二百零八条的规定,金融/账户,ai,True,<泛类型>,证券法属金融领域监管规范。,金融/账户,(6-7) 泛型法条被AI分为具体分类'金融/账户'，应删除 | 原标记: <泛类型> | 法条: 《证券法》第二百零八条的规定
《证券法》第五十八条的规定,金融/账户,ai,True,<泛类型>,《证券法》属证券监管范畴。,金融/账户,(6-7) 泛型法条被AI分为具体分类'金融/账户'，应删除 | 原标记: <泛类型> | 法条: 《证券法》第五十八条的规定
《证券法》第八十六条第一款的规定,金融/账户,ai,True,<泛类型>,《证券法》属证券金融领域管理。,金融/账户,(6-7) 泛型法条被AI分为具体分类'金融/账户'，应删除 | 原标记: <泛类型> | 法条: 《证券法》第八十六条第一款的规定
《证券法》第八十条的规定,金融/账户,ai,True,<泛类型>,证券法规范证券交易属金融领域。,金融/账户,(6-7) 泛型法条被AI分为具体分类'金融/账户'，应删除 | 原标记: <泛类型> | 法条: 《证券法》第八十条的规定
《证券法》第六十三条和2019年,金融/账户,ai,True,<泛类型>,依据《证券法》条款，属证券领域违法。,金融/账户,(6-7) 泛型法条被AI分为具体分类'金融/账户'，应删除 | 原标记: <泛类型> | 法条: 《证券法》第六十三条和2019年
《诊断证明》,卫生健康,ai,True,<泛类型>,《诊断证明》属于医疗文书管理范围。,医疗卫生,(6-7) 泛型法条被AI分为具体分类'卫生健康'，应删除 | 原标记: <泛类型> | 法条: 《诊断证明》
《诸暨日报上》,公共文化与传媒,ai,True,<泛类型>,报纸刊载内容，属传媒领域。,公共文化与传媒,(6-7) 泛型法条被AI分为具体分类'公共文化与传媒'，应删除 | 原标记: <泛类型> | 法条: 《诸暨日报上》
《调价协议》,市场秩序与竞争监管,ai,True,<泛类型>,《调价协议》涉价格调整事项。,价格/收费,(6-7) 泛型法条被AI分为具体分类'市场秩序与竞争监管'，应删除 | 原标记: <泛类型> | 法条: 《调价协议》
《调取帐簿资料通知书》,财税与金融监管,ai,True,<泛类型>,调取账簿资料涉及会计账务管理。,会计/账务,(6-7) 泛型法条被AI分为具体分类'财税与金融监管'，应删除 | 原标记: <泛类型> | 法条: 《调取帐簿资料通知书》
《调味料酒》,产品质量与安全,ai,True,<泛类型>,调味料酒属食品范畴管理。,食品药品,(6-7) 泛型法条被AI分为具体分类'产品质量与安全'，应删除 | 原标记: <泛类型> | 法条: 《调味料酒》
《调料酒》,产品质量与安全,ai,True,<泛类型>,《调料酒》属食品范畴管理。,食品药品,(6-7) 泛型法条被AI分为具体分类'产品质量与安全'，应删除 | 原标记: <泛类型> | 法条: 《调料酒》
《谷氨酸钠（味精）》,产品质量与安全,ai,True,<泛类型>,谷氨酸钠属食品添加剂监管范围。,食品药品,(6-7) 泛型法条被AI分为具体分类'产品质量与安全'，应删除 | 原标记: <泛类型> | 法条: 《谷氨酸钠（味精）》
《象山县人民政府关于宁波大江船业有限公司“6？10”一般中毒和窒息事故调查报告的批复》,安全生产,ai,True,<泛类型>,一般中毒窒息事故，属安全生产领域。,安全生产,(6-7) 泛型法条被AI分为具体分类'安全生产'，应删除 | 原标记: <泛类型> | 法条: 《象山县人民政府关于宁波大江船业有限公司“6？10”一般中毒和窒息事故调查报告的批复》
《豪华陪嫁—赢汽车大奖》,市场秩序与竞争监管,ai,True,<泛类型>,活动标题涉嫌夸大奖品误导消费者。,虚假广告/虚假宣传,(6-7) 泛型法条被AI分为具体分类'市场秩序与竞争监管'，应删除 | 原标记: <泛类型> | 法条: 《豪华陪嫁—赢汽车大奖》
《豫DM0617》,交通运输,ai,True,<泛类型>,《豫DM0617》为机动车号牌编号。,交通运输违规,(6-7) 泛型法条被AI分为具体分类'交通运输'，应删除 | 原标记: <泛类型> | 法条: 《豫DM0617》
《豫K80777》,交通运输,ai,True,<泛类型>,车牌号标识案件，多涉道路运输。,交通运输违规,(6-7) 泛型法条被AI分为具体分类'交通运输'，应删除 | 原标记: <泛类型> | 法条: 《豫K80777》
《豫K81905》,交通运输,ai,True,<泛类型>,车牌号格式显示为道路交通案件。,交通运输违规,(6-7) 泛型法条被AI分为具体分类'交通运输'，应删除 | 原标记: <泛类型> | 法条: 《豫K81905》
《豫K95502》,交通运输,ai,True,<泛类型>,车辆号牌“豫K95502”指向道路交通管理事项。,交通运输违规,(6-7) 泛型法条被AI分为具体分类'交通运输'，应删除 | 原标记: <泛类型> | 法条: 《豫K95502》
《豫LJ7992》,交通运输,ai,True,<泛类型>,系车辆号牌，推定道路交通事项。,交通运输违规,(6-7) 泛型法条被AI分为具体分类'交通运输'，应删除 | 原标记: <泛类型> | 法条: 《豫LJ7992》
《豫QH3178》,交通运输,ai,True,<泛类型>,“豫QH”号牌车辆，属道路运输领域。,交通运输违规,(6-7) 泛型法条被AI分为具体分类'交通运输'，应删除 | 原标记: <泛类型> | 法条: 《豫QH3178》
《财产租赁合同》,消费者权益/市场秩序,ai,True,<泛类型>,《合同》纠纷性质，多涉消费租赁。,消费者权益纠纷,(6-7) 泛型法条被AI分为具体分类'消费者权益/市场秩序'，应删除 | 原标记: <泛类型> | 法条: 《财产租赁合同》
《财政违法行为处罚条例》第十七条,*财政资金管理*,ai,True,<泛类型>,财政违法行为处罚条例属财政资金领域。,*财政资金管理*,(6-6) AI分类含星号'*财政资金管理*'，分类不确定 | 法条: 《财政违法行为处罚条例》第十七条
《财政部关于取消停征和整合部分政府性基金项目等有关问题的通知》,市场秩序与竞争监管,ai,True,<泛类型>,涉及政府性基金征收与取消事项。,价格/收费,(6-7) 泛型法条被AI分为具体分类'市场秩序与竞争监管'，应删除 | 原标记: <泛类型> | 法条: 《财政部关于取消停征和整合部分政府性基金项目等有关问题的通知》
《财政部关于同意甘肃省征收地方教育附加的复函》,财税与金融监管,ai,True,<泛类型>,涉及地方教育附加等税费征收事项。,税收违规,(6-7) 泛型法条被AI分为具体分类'财税与金融监管'，应删除 | 原标记: <泛类型> | 法条: 《财政部关于同意甘肃省征收地方教育附加的复函》
《财政部关于统一地方教育费附加政策有关问题的通知》,财税与金融监管,ai,True,<泛类型>,《地方教育费附加》属于税费征收管理。,税收违规,(6-7) 泛型法条被AI分为具体分类'财税与金融监管'，应删除 | 原标记: <泛类型> | 法条: 《财政部关于统一地方教育费附加政策有关问题的通知》
《财政部门监督办法》,*财政资金监管*,ai,True,<泛类型>,《财政部门监督办法》属财政监督管理。,*财政资金监管*,(6-6) AI分类含星号'*财政资金监管*'，分类不确定 | 法条: 《财政部门监督办法》
《责令停产整治决定书》,安全生产,ai,True,<泛类型>,责令停产整治通常源于安全生产隐患。,安全生产,(6-7) 泛型法条被AI分为具体分类'安全生产'，应删除 | 原标记: <泛类型> | 法条: 《责令停产整治决定书》
《责令停工整改通知书》,建设工程与房地产,ai,True,<泛类型>,责令停工整改，多涉施工建设问题。,建设工程,(6-7) 泛型法条被AI分为具体分类'建设工程与房地产'，应删除 | 原标记: <泛类型> | 法条: 《责令停工整改通知书》
《责令停工通知书》,建设工程与房地产,ai,True,<泛类型>,责令停工一般用于建设施工领域。,建设工程,(6-7) 泛型法条被AI分为具体分类'建设工程与房地产'，应删除 | 原标记: <泛类型> | 法条: 《责令停工通知书》
《责令停止水事违法行为通知书》,环境保护,ai,True,<泛类型>,水事违法行为通知书，属水资源管理。,水资源,(6-7) 泛型法条被AI分为具体分类'环境保护'，应删除 | 原标记: <泛类型> | 法条: 《责令停止水事违法行为通知书》
《责令停驶通知书》,交通运输,ai,True,<泛类型>,责令停驶通常针对交通运输违法行为。,交通运输违规,(6-7) 泛型法条被AI分为具体分类'交通运输'，应删除 | 原标记: <泛类型> | 法条: 《责令停驶通知书》
《责令补报年报通知书》,市场主体与登记治理,ai,True,<泛类型>,与企业年报补报及信息公示相关。,企业信息公示,(6-7) 泛型法条被AI分为具体分类'市场主体与登记治理'，应删除 | 原标记: <泛类型> | 法条: 《责令补报年报通知书》
《责令限期拆除违法建设决定书》,建设工程与房地产,ai,True,<泛类型>,违法建设、责令拆除属土地建设问题。,房地产/土地,(6-7) 泛型法条被AI分为具体分类'建设工程与房地产'，应删除 | 原标记: <泛类型> | 法条: 《责令限期拆除违法建设决定书》
《货物报关单》,海关/进出口,ai,True,<泛类型>,涉及《货物报关单》，属进出口监管。,海关/进出口,(6-7) 泛型法条被AI分为具体分类'海关/进出口'，应删除 | 原标记: <泛类型> | 法条: 《货物报关单》
《货运源头装载证明》,交通运输,ai,True,<泛类型>,《货运源头装载证明》属道路货运管理。,交通运输违规,(6-7) 泛型法条被AI分为具体分类'交通运输'，应删除 | 原标记: <泛类型> | 法条: 《货运源头装载证明》
《质量保证协议书》,产品质量与安全,ai,True,<泛类型>,《质量保证协议书》聚焦产品质量责任。,产品质量,(6-7) 泛型法条被AI分为具体分类'产品质量与安全'，应删除 | 原标记: <泛类型> | 法条: 《质量保证协议书》
《质量信得过企业》,产品质量与安全,ai,True,<泛类型>,与企业产品质量信用评价直接相关。,产品质量,(6-7) 泛型法条被AI分为具体分类'产品质量与安全'，应删除 | 原标记: <泛类型> | 法条: 《质量信得过企业》
《质量验收管理制度》,产品质量与安全,ai,True,<泛类型>,涉及质量验收管理制度规定。,产品质量,(6-7) 泛型法条被AI分为具体分类'产品质量与安全'，应删除 | 原标记: <泛类型> | 法条: 《质量验收管理制度》
《质量验收记录》,建设工程与房地产,ai,True,<泛类型>,质量验收记录通常用于工程施工验收。,建设工程,(6-7) 泛型法条被AI分为具体分类'建设工程与房地产'，应删除 | 原标记: <泛类型> | 法条: 《质量验收记录》
《购房合同》,建设工程与房地产,ai,True,<泛类型>,《购房合同》直接涉及房地产交易。,房地产/土地,(6-7) 泛型法条被AI分为具体分类'建设工程与房地产'，应删除 | 原标记: <泛类型> | 法条: 《购房合同》
《购进（采购）记录》,产品质量与安全,ai,True,<泛类型>,购进采购记录系食品药品进货管理。,食品药品,(6-7) 泛型法条被AI分为具体分类'产品质量与安全'，应删除 | 原标记: <泛类型> | 法条: 《购进（采购）记录》
《购销合同》,消费者权益/市场秩序,ai,True,<泛类型>,购销合同争议，属买卖消费问题。,消费者权益纠纷,(6-7) 泛型法条被AI分为具体分类'消费者权益/市场秩序'，应删除 | 原标记: <泛类型> | 法条: 《购销合同》
《购销合同（景秀江山二期）》,建设工程与房地产,ai,True,<泛类型>,购销合同内容涉房地产项目交易。,房地产/土地,(6-7) 泛型法条被AI分为具体分类'建设工程与房地产'，应删除 | 原标记: <泛类型> | 法条: 《购销合同（景秀江山二期）》
《贵州开阳化工有限公司“10.5”压力容器事故技术分析报告》,安全生产,ai,True,<泛类型>,涉及压力容器事故，属特种设备监管。,特种设备,(6-7) 泛型法条被AI分为具体分类'安全生产'，应删除 | 原标记: <泛类型> | 法条: 《贵州开阳化工有限公司“10.5”压力容器事故技术分析报告》
《贵州开阳化工有限公司“10.5”压力容器事故调查组关于相关责任单位申诉的处理建议》,安全生产,ai,True,<泛类型>,压力容器事故调查，涉危化品安全管理。,安全生产/危化品,(6-7) 泛型法条被AI分为具体分类'安全生产'，应删除 | 原标记: <泛类型> | 法条: 《贵州开阳化工有限公司“10.5”压力容器事故调查组关于相关责任单位申诉的处理建议》
《贵州春江月商贸有限公司销售单》,市场秩序与竞争监管,ai,True,<泛类型>,仅见销售单名称，涉市场交易行为。,消费者权益/市场秩序,(6-7) 泛型法条被AI分为具体分类'市场秩序与竞争监管'，应删除 | 原标记: <泛类型> | 法条: 《贵州春江月商贸有限公司销售单》
《贵州松河煤业发展有限责任公司瓦斯抽采管理制度》,安全生产,ai,True,<泛类型>,矿井瓦斯抽采管理制度属安全生产规范。,安全生产,(6-7) 泛型法条被AI分为具体分类'安全生产'，应删除 | 原标记: <泛类型> | 法条: 《贵州松河煤业发展有限责任公司瓦斯抽采管理制度》
《贵州毕节江天水泥有限公司2021年10月11日发货明细》,财税与金融监管,ai,True,<泛类型>,涉及企业发货明细账务凭证相关。,会计/账务,(6-7) 泛型法条被AI分为具体分类'财税与金融监管'，应删除 | 原标记: <泛类型> | 法条: 《贵州毕节江天水泥有限公司2021年10月11日发货明细》
《贵州省市场监督管理局抽样工作单》,产品质量与安全,ai,True,<泛类型>,抽样工作单属食品药品监管范畴。,食品药品,(6-7) 泛型法条被AI分为具体分类'产品质量与安全'，应删除 | 原标记: <泛类型> | 法条: 《贵州省市场监督管理局抽样工作单》
《贵州省市场监督管理行政处罚裁量权适用规定（试行）》,其他,ai,True,<泛类型>,仅为总则规定，未涉具体领域。,其他违法行为,(6-5) 程序性 | 匹配模式: '行政处罚裁量权' | 法条: 《贵州省市场监督管理行政处罚裁量权适用规定（试行）》
《贵州省能源领域行政裁量权基准》,安全生产,ai,True,<泛类型>,能源领域监管本质属安全生产。,安全生产,(6-7) 泛型法条被AI分为具体分类'安全生产'，应删除 | 原标记: <泛类型> | 法条: 《贵州省能源领域行政裁量权基准》
《贵州省计量监督管理条例》第二十五条,计量/器具,ai,True,<泛类型>,依据计量监督管理条例条款内容。,计量/器具,(6-7) 泛型法条被AI分为具体分类'计量/器具'，应删除 | 原标记: <泛类型> | 法条: 《贵州省计量监督管理条例》第二十五条
《贵州省计量监督管理条例》第十四条,计量/器具,ai,True,<泛类型>,该条例专门规范计量监督管理。,计量/器具,(6-7) 泛型法条被AI分为具体分类'计量/器具'，应删除 | 原标记: <泛类型> | 法条: 《贵州省计量监督管理条例》第十四条
《贵州省贵阳市南明区人民法院民事判决书》,消费者权益/市场秩序,ai,True,<泛类型>,民事判决书，多为消费合同纠纷。,消费者权益纠纷,(6-7) 泛型法条被AI分为具体分类'消费者权益/市场秩序'，应删除 | 原标记: <泛类型> | 法条: 《贵州省贵阳市南明区人民法院民事判决书》
《贵州省高速公路管理条例》第二十二条第一款第六项,交通运输,ai,True,<泛类型>,属高速公路管理规范事项，归交通运输。,交通运输违规,(6-7) 泛型法条被AI分为具体分类'交通运输'，应删除 | 原标记: <泛类型> | 法条: 《贵州省高速公路管理条例》第二十二条第一款第六项
《贵州赤天化集团遵义大兴复肥有限责任公司产品销售调拨单》,财税与金融监管,ai,True,<泛类型>,销售调拨单属企业财务票据管理。,会计/账务,(6-7) 泛型法条被AI分为具体分类'财税与金融监管'，应删除 | 原标记: <泛类型> | 法条: 《贵州赤天化集团遵义大兴复肥有限责任公司产品销售调拨单》
《贵州赤水国家粮食储备库原始检查记录省级储备粮》,粮食/储备粮管理,ai,True,<泛类型>,标题指向省级储备粮检查管理。,粮食/储备粮管理,(6-7) 泛型法条被AI分为具体分类'粮食/储备粮管理'，应删除 | 原标记: <泛类型> | 法条: 《贵州赤水国家粮食储备库原始检查记录省级储备粮》
《贵州金世源贸易有限公司--调拨单》,财税与金融监管,ai,True,<泛类型>,“调拨单”涉及内部账务与票据管理。,会计/账务,(6-7) 泛型法条被AI分为具体分类'财税与金融监管'，应删除 | 原标记: <泛类型> | 法条: 《贵州金世源贸易有限公司--调拨单》
《贵金属饰品质量测量允差的规定》,计量/器具,ai,True,<泛类型>,涉及贵金属饰品质量测量允差规定。,计量/器具,(6-7) 泛型法条被AI分为具体分类'计量/器具'，应删除 | 原标记: <泛类型> | 法条: 《贵金属饰品质量测量允差的规定》
《贵阳市人民政府关于贵州开阳化工有限公司“10.5”压力容器事故处理意见的批复》,安全生产,ai,True,<泛类型>,“压力容器”属特种设备安全管理范畴。,特种设备,(6-7) 泛型法条被AI分为具体分类'安全生产'，应删除 | 原标记: <泛类型> | 法条: 《贵阳市人民政府关于贵州开阳化工有限公司“10.5”压力容器事故处理意见的批复》
《贵阳市停车场条例》,交通运输,ai,True,<泛类型>,涉及城市停车场管理与停车秩序。,交通运输违规,(6-7) 泛型法条被AI分为具体分类'交通运输'，应删除 | 原标记: <泛类型> | 法条: 《贵阳市停车场条例》
《贺州市工商行政管理局八步区分局限期提供证据通知书》,市场主体与登记治理,ai,True,<泛类型>,限期提供证据，多涉企业登记公示问题。,企业信息公示,(6-7) 泛型法条被AI分为具体分类'市场主体与登记治理'，应删除 | 原标记: <泛类型> | 法条: 《贺州市工商行政管理局八步区分局限期提供证据通知书》
《资产证券化市场情况及业务介绍》,财税与金融监管,ai,True,<泛类型>,涉及资产证券化等金融业务内容。,金融/信贷违规,(6-7) 泛型法条被AI分为具体分类'财税与金融监管'，应删除 | 原标记: <泛类型> | 法条: 《资产证券化市场情况及业务介绍》
《资格证》,*职业资格管理*,ai,True,<泛类型>,《资格证》涉及资格证管理规范。,*职业资格管理*,(6-6) AI分类含星号'*职业资格管理*'，分类不确定 | 法条: 《资格证》
《资质等级证》,建设工程与房地产,ai,True,<泛类型>,《资质等级证》系建设资质管理。,建设工程,(6-7) 泛型法条被AI分为具体分类'建设工程与房地产'，应删除 | 原标记: <泛类型> | 法条: 《资质等级证》
《资质证书》,建设工程与房地产,ai,True,<泛类型>,资质证书通常指建设工程相关资质。,建设工程,(6-7) 泛型法条被AI分为具体分类'建设工程与房地产'，应删除 | 原标记: <泛类型> | 法条: 《资质证书》
《资金监管业务合作协议》,金融/账户,ai,True,<泛类型>,资金监管业务合作协议涉及资金账户监管。,金融/账户,(6-7) 泛型法条被AI分为具体分类'金融/账户'，应删除 | 原标记: <泛类型> | 法条: 《资金监管业务合作协议》
《资金监管协议》,金融/账户,ai,True,<泛类型>,《资金监管协议》涉及资金账户监管。,金融/账户,(6-7) 泛型法条被AI分为具体分类'金融/账户'，应删除 | 原标记: <泛类型> | 法条: 《资金监管协议》
《赣州地区电工执照》,安全生产,ai,True,<泛类型>,电工执照管理涉及电气安全生产监管。,安全生产,(6-7) 泛型法条被AI分为具体分类'安全生产'，应删除 | 原标记: <泛类型> | 法条: 《赣州地区电工执照》
《赣州市市场监督管理局企业住所(经营场所)核查函》,市场主体与登记治理,ai,True,<泛类型>,涉及企业住所登记及核查问题。,无照经营/登记问题,(6-7) 泛型法条被AI分为具体分类'市场主体与登记治理'，应删除 | 原标记: <泛类型> | 法条: 《赣州市市场监督管理局企业住所(经营场所)核查函》
《赣州市市场监督管理执法稽查局赣州经济技术开发区分局企业住所(经营场所)核查函》,市场主体与登记治理,ai,True,<泛类型>,涉及企业住所经营场所登记与核查问题。,无照经营/登记问题,(6-7) 泛型法条被AI分为具体分类'市场主体与登记治理'，应删除 | 原标记: <泛类型> | 法条: 《赣州市市场监督管理执法稽查局赣州经济技术开发区分局企业住所(经营场所)核查函》
《赤峰日报》,公共文化与传媒,ai,True,<泛类型>,《赤峰日报》属报纸传媒领域。,公共文化与传媒,(6-7) 泛型法条被AI分为具体分类'公共文化与传媒'，应删除 | 原标记: <泛类型> | 法条: 《赤峰日报》
《起重机械定作专用合同》,安全生产,ai,True,<泛类型>,起重机械属特种设备管理范围。,特种设备,(6-7) 泛型法条被AI分为具体分类'安全生产'，应删除 | 原标记: <泛类型> | 法条: 《起重机械定作专用合同》
《起重机械定期检验规则》,安全生产,ai,True,<泛类型>,起重机械属特种设备安全监管。,特种设备,(6-7) 泛型法条被AI分为具体分类'安全生产'，应删除 | 原标记: <泛类型> | 法条: 《起重机械定期检验规则》
《起重机械定期检验规则》第四条第一款,安全生产,ai,True,<泛类型>,起重机械属特种设备安全监管范围。,特种设备,(6-7) 泛型法条被AI分为具体分类'安全生产'，应删除 | 原标记: <泛类型> | 法条: 《起重机械定期检验规则》第四条第一款
《起重设备采购合同》,安全生产,ai,True,<泛类型>,起重设备属特种设备监管范围。,特种设备,(6-7) 泛型法条被AI分为具体分类'安全生产'，应删除 | 原标记: <泛类型> | 法条: 《起重设备采购合同》
《超声检测记录》,产品质量与安全,ai,True,<泛类型>,超声检测记录系工业产品质量检测。,产品质量,(6-7) 泛型法条被AI分为具体分类'产品质量与安全'，应删除 | 原标记: <泛类型> | 法条: 《超声检测记录》
《超大孔纳米级氧化铝载体工艺与流程技改项目》,环境保护,ai,True,<泛类型>,《建设项目环境影响评价》等环评相关。,环境保护,(6-7) 泛型法条被AI分为具体分类'环境保护'，应删除 | 原标记: <泛类型> | 法条: 《超大孔纳米级氧化铝载体工艺与流程技改项目》
《身份证》,治安管理,ai,True,<泛类型>,居民身份证管理一般归属治安管理。,治安管理,(6-7) 泛型法条被AI分为具体分类'治安管理'，应删除 | 原标记: <泛类型> | 法条: 《身份证》
《身份证》,治安管理,ai,True,<泛类型>,《居民身份证法》通常由公安机关执行。,治安管理,(6-7) 泛型法条被AI分为具体分类'治安管理'，应删除 | 原标记: <泛类型> | 法条: 《身份证》
《身份证》,治安管理,ai,True,<泛类型>,居民身份证管理通常属治安管理范畴。,治安管理,(6-7) 泛型法条被AI分为具体分类'治安管理'，应删除 | 原标记: <泛类型> | 法条: 《身份证》
《身份证件》,*身份证件管理*,ai,True,<泛类型>,条文标题仅指身份证件管理相关。,*身份证件管理*,(6-6) AI分类含星号'*身份证件管理*'，分类不确定 | 法条: 《身份证件》
《车位使用协议》,建设工程与房地产,ai,True,<泛类型>,车位属不动产使用管理纠纷。,房地产/土地,(6-7) 泛型法条被AI分为具体分类'建设工程与房地产'，应删除 | 原标记: <泛类型> | 法条: 《车位使用协议》
《车位使用协议》第三条第1项,*车位使用管理*,ai,True,<泛类型>,仅涉车位协议条款内容。,*车位使用管理*,(6-6) AI分类含星号'*车位使用管理*'，分类不确定 | 法条: 《车位使用协议》第三条第1项
《车用乙醇汽油（E10）》,产品质量与安全,ai,True,<泛类型>,《车用乙醇汽油》属燃油产品质量规范。,产品质量,(6-7) 泛型法条被AI分为具体分类'产品质量与安全'，应删除 | 原标记: <泛类型> | 法条: 《车用乙醇汽油（E10）》
《车用压缩天然气》,燃气安全,ai,True,<泛类型>,涉及车用压缩天然气安全管理规范。,燃气安全,(6-7) 泛型法条被AI分为具体分类'燃气安全'，应删除 | 原标记: <泛类型> | 法条: 《车用压缩天然气》
《车用柴油GB19147-2016》,产品质量与安全,ai,True,<泛类型>,国家柴油产品标准，属产品质量规范。,产品质量,(6-7) 泛型法条被AI分为具体分类'产品质量与安全'，应删除 | 原标记: <泛类型> | 法条: 《车用柴油GB19147-2016》
《车用柴油V》,环境保护,ai,True,<泛类型>,《车用柴油V》属油品环保标准。,环境保护,(6-7) 泛型法条被AI分为具体分类'环境保护'，应删除 | 原标记: <泛类型> | 法条: 《车用柴油V》
《车用柴油》,产品质量与安全,ai,True,<泛类型>,《车用柴油》系产品质量标准规范。,产品质量,(6-7) 泛型法条被AI分为具体分类'产品质量与安全'，应删除 | 原标记: <泛类型> | 法条: 《车用柴油》
《车用柴油（V）》,产品质量与安全,ai,True,<泛类型>,《车用柴油（V）》属产品质量标准规范。,产品质量,(6-7) 泛型法条被AI分为具体分类'产品质量与安全'，应删除 | 原标记: <泛类型> | 法条: 《车用柴油（V）》
《车用柴油（Ⅲ）》,产品质量与安全,ai,True,<泛类型>,车用柴油标准属产品质量规范。,产品质量,(6-7) 泛型法条被AI分为具体分类'产品质量与安全'，应删除 | 原标记: <泛类型> | 法条: 《车用柴油（Ⅲ）》
《车用汽油》,产品质量与安全,ai,True,<泛类型>,《车用汽油》属产品质量标准规范。,产品质量,(6-7) 泛型法条被AI分为具体分类'产品质量与安全'，应删除 | 原标记: <泛类型> | 法条: 《车用汽油》
《车用汽油清净剂》,产品质量与安全,ai,True,<泛类型>,涉及车用汽油清净剂产品标准质量。,产品质量,(6-7) 泛型法条被AI分为具体分类'产品质量与安全'，应删除 | 原标记: <泛类型> | 法条: 《车用汽油清净剂》
《车用汽油（IV）》,产品质量与安全,ai,True,<泛类型>,《车用汽油（IV）》属产品质量标准。,产品质量,(6-7) 泛型法条被AI分为具体分类'产品质量与安全'，应删除 | 原标记: <泛类型> | 法条: 《车用汽油（IV）》
《车用汽油（Ⅱ）》,产品质量与安全,ai,True,<泛类型>,车用汽油标准属产品质量范畴。,产品质量,(6-7) 泛型法条被AI分为具体分类'产品质量与安全'，应删除 | 原标记: <泛类型> | 法条: 《车用汽油（Ⅱ）》
《车用汽油（Ⅲ）》,产品质量与安全,ai,True,<泛类型>,《车用汽油（Ⅲ）》属产品质量标准。,产品质量,(6-7) 泛型法条被AI分为具体分类'产品质量与安全'，应删除 | 原标记: <泛类型> | 法条: 《车用汽油（Ⅲ）》
《车用要汽油（Ⅲ）》,产品质量与安全,ai,True,<泛类型>,《车用汽油》属产品标准与质量管理。,产品质量,(6-7) 泛型法条被AI分为具体分类'产品质量与安全'，应删除 | 原标记: <泛类型> | 法条: 《车用要汽油（Ⅲ）》
《转供电用户电价计算办法》,市场秩序与竞争监管,ai,True,<泛类型>,涉及转供电电价计算与收费管理。,价格/收费,(6-7) 泛型法条被AI分为具体分类'市场秩序与竞争监管'，应删除 | 原标记: <泛类型> | 法条: 《转供电用户电价计算办法》
《转发国家发展改革委等部门关于清理规范城镇供水供电供气供暖行业收费促进行业高质量发展意见的通知》,市场秩序与竞争监管,ai,True,<泛类型>,规范供水供电供气供暖行业收费。,价格/收费,(6-7) 泛型法条被AI分为具体分类'市场秩序与竞争监管'，应删除 | 原标记: <泛类型> | 法条: 《转发国家发展改革委等部门关于清理规范城镇供水供电供气供暖行业收费促进行业高质量发展意见的通知》
《转发财政部关于组织地方财政部门开展2012年度会计监督检查工作的通知》,财税与金融监管,ai,True,<泛类型>,依据财政部组织会计监督检查工作。,会计/账务,(6-7) 泛型法条被AI分为具体分类'财税与金融监管'，应删除 | 原标记: <泛类型> | 法条: 《转发财政部关于组织地方财政部门开展2012年度会计监督检查工作的通知》
《轮机日志》,海事安全,ai,True,<泛类型>,《轮机日志》属船舶机务管理规范。,海事安全,(6-7) 泛型法条被AI分为具体分类'海事安全'，应删除 | 原标记: <泛类型> | 法条: 《轮机日志》
《轻工行业较大危险因素辨识与防范指导手册》第二十五公共部分第二项,安全生产,ai,True,<泛类型>,出自危险因素辨识防范手册，属安全生产。,安全生产,(6-7) 泛型法条被AI分为具体分类'安全生产'，应删除 | 原标记: <泛类型> | 法条: 《轻工行业较大危险因素辨识与防范指导手册》第二十五公共部分第二项
《轻柴油》,产品质量与安全,ai,True,<泛类型>,《轻柴油》属产品标准质量管理。,产品质量,(6-7) 泛型法条被AI分为具体分类'产品质量与安全'，应删除 | 原标记: <泛类型> | 法条: 《轻柴油》
《输送液体用无缝钢管》,产品质量与安全,ai,True,<泛类型>,《输送液体用无缝钢管》属产品标准质量规范。,产品质量,(6-7) 泛型法条被AI分为具体分类'产品质量与安全'，应删除 | 原标记: <泛类型> | 法条: 《输送液体用无缝钢管》
《输配官网巡检业务指导书》,燃气安全,ai,True,<泛类型>,输配管网巡检属燃气设施安全管理。,燃气安全,(6-7) 泛型法条被AI分为具体分类'燃气安全'，应删除 | 原标记: <泛类型> | 法条: 《输配官网巡检业务指导书》
《辖区企业经营状态联合核查证明》,市场主体与登记治理,ai,True,<泛类型>,《经营状态核查》涉及停业情形。,未开业/自行停业,(6-7) 泛型法条被AI分为具体分类'市场主体与登记治理'，应删除 | 原标记: <泛类型> | 法条: 《辖区企业经营状态联合核查证明》
《辽宁省合同监督条例》,市场秩序与竞争监管,ai,True,<泛类型>,合同监督规范交易秩序与权益。,消费者权益/市场秩序,(6-7) 泛型法条被AI分为具体分类'市场秩序与竞争监管'，应删除 | 原标记: <泛类型> | 法条: 《辽宁省合同监督条例》
《辽宁省合同监督条例》第七条一款（四）项,市场秩序与竞争监管,ai,True,<泛类型>,合同监督规范交易行为、维护市场秩序。,消费者权益/市场秩序,(6-7) 泛型法条被AI分为具体分类'市场秩序与竞争监管'，应删除 | 原标记: <泛类型> | 法条: 《辽宁省合同监督条例》第七条一款（四）项
《辽宁省合同监督条例》第十六条,市场秩序与竞争监管,ai,True,<泛类型>,合同监督规范合同行为，属市场秩序。,消费者权益/市场秩序,(6-7) 泛型法条被AI分为具体分类'市场秩序与竞争监管'，应删除 | 原标记: <泛类型> | 法条: 《辽宁省合同监督条例》第十六条
《辽宁省合同监督管理条例》,市场秩序与竞争监管,ai,True,<泛类型>,合同监督管理本质属市场秩序监管。,消费者权益/市场秩序,(6-7) 泛型法条被AI分为具体分类'市场秩序与竞争监管'，应删除 | 原标记: <泛类型> | 法条: 《辽宁省合同监督管理条例》
《辽宁省商品质量监督抽查通知书》,产品质量与安全,ai,True,<泛类型>,商品质量监督抽查事项，属产品质量。,产品质量,(6-7) 泛型法条被AI分为具体分类'产品质量与安全'，应删除 | 原标记: <泛类型> | 法条: 《辽宁省商品质量监督抽查通知书》
《辽宁省市场监督管理行政处罚裁量权适用规则》,其他,ai,True,<泛类型>,仅为裁量规则总则，未涉具体领域。,其他违法行为,(6-5) 程序性 | 匹配模式: '行政处罚裁量权' | 法条: 《辽宁省市场监督管理行政处罚裁量权适用规则》
《辽宁省市场监督管理行政处罚裁量权适用规则》第九条,其他,ai,True,<泛类型>,仅给条号无具体内容，无法细分。,其他违法行为,(6-5) 程序性 | 匹配模式: '行政处罚裁量权' | 法条: 《辽宁省市场监督管理行政处罚裁量权适用规则》第九条
《辽宁省市场监督管理行政处罚裁量权适用规则》第十五条第一款第一项,其他,ai,True,<泛类型>,仅给出条款序号，无具体内容无法判断。,其他违法行为,(6-5) 程序性 | 匹配模式: '行政处罚裁量权' | 法条: 《辽宁省市场监督管理行政处罚裁量权适用规则》第十五条第一款第一项
《辽宁省市场监督管理行政处罚裁量权适用规则》第十六条,其他,ai,True,<泛类型>,仅给出条号，无具体违法内容描述。,其他违法行为,(6-5) 程序性 | 匹配模式: '行政处罚裁量权' | 法条: 《辽宁省市场监督管理行政处罚裁量权适用规则》第十六条
《辽宁省建筑市场管理条例》第三十七条“违反本条,建设工程与房地产,ai,True,<泛类型>,依据建筑市场管理条例内容，属建设工程。,建设工程,(6-7) 泛型法条被AI分为具体分类'建设工程与房地产'，应删除 | 原标记: <泛类型> | 法条: 《辽宁省建筑市场管理条例》第三十七条“违反本条
《辽宁省建筑市场管理条例》第三十五条,建设工程与房地产,ai,True,<泛类型>,依据建筑市场管理条例，属建设活动。,建设工程,(6-7) 泛型法条被AI分为具体分类'建设工程与房地产'，应删除 | 原标记: <泛类型> | 法条: 《辽宁省建筑市场管理条例》第三十五条
《辽宁省建筑市场管理条例》第三十五条第一项的规定及我局,建设工程与房地产,ai,True,<泛类型>,依据建筑市场管理条例，属工程领域。,建设工程,(6-7) 泛型法条被AI分为具体分类'建设工程与房地产'，应删除 | 原标记: <泛类型> | 法条: 《辽宁省建筑市场管理条例》第三十五条第一项的规定及我局
《辽宁省建筑市场管理条例》第三十五条第（一）项,建设工程与房地产,ai,True,<泛类型>,《建筑市场管理条例》属建设工程领域。,建设工程,(6-7) 泛型法条被AI分为具体分类'建设工程与房地产'，应删除 | 原标记: <泛类型> | 法条: 《辽宁省建筑市场管理条例》第三十五条第（一）项
《辽宁省建筑市场管理条例》第二十七条,建设工程与房地产,ai,True,<泛类型>,出自建筑市场管理条例，属建设管理。,建设工程,(6-7) 泛型法条被AI分为具体分类'建设工程与房地产'，应删除 | 原标记: <泛类型> | 法条: 《辽宁省建筑市场管理条例》第二十七条
《辽宁省销售和使用车用乙醇汽油规定》,*成品油经营管理*,ai,True,<泛类型>,规范车用乙醇汽油销售使用行为。,*成品油经营管理*,(6-6) AI分类含星号'*成品油经营管理*'，分类不确定 | 法条: 《辽宁省销售和使用车用乙醇汽油规定》
《辽阳市水泥产业发展规划（2007-2012）》,*产业发展规划管理*,ai,True,<泛类型>,为地方水泥产业专项发展规划。,*产业发展规划管理*,(6-6) AI分类含星号'*产业发展规划管理*'，分类不确定 | 法条: 《辽阳市水泥产业发展规划（2007-2012）》
《达州市大竹县工商行政管理局关于暂停刘琼互联网接入服务的行政建议书》,网络/数据安全,ai,True,<泛类型>,涉及暂停互联网接入服务管理。,网络/数据安全,(6-7) 泛型法条被AI分为具体分类'网络/数据安全'，应删除 | 原标记: <泛类型> | 法条: 《达州市大竹县工商行政管理局关于暂停刘琼互联网接入服务的行政建议书》
《过磅单》,计量/器具,ai,True,<泛类型>,《过磅单》涉及称重计量行为。,计量/器具,(6-7) 泛型法条被AI分为具体分类'计量/器具'，应删除 | 原标记: <泛类型> | 法条: 《过磅单》
《迈腾PK雅阁天籁尽显优势》,市场秩序与竞争监管,ai,True,<泛类型>,广告内容涉车型对比宣传易失实。,虚假广告/虚假宣传,(6-7) 泛型法条被AI分为具体分类'市场秩序与竞争监管'，应删除 | 原标记: <泛类型> | 法条: 《迈腾PK雅阁天籁尽显优势》
《运城市市场监督管理局关于督促长期停业未经营企业限期履行法定义务的公告》,市场主体与登记治理,ai,True,<泛类型>,公告针对长期停业未经营企业情形。,未开业/自行停业,(6-7) 泛型法条被AI分为具体分类'市场主体与登记治理'，应删除 | 原标记: <泛类型> | 法条: 《运城市市场监督管理局关于督促长期停业未经营企业限期履行法定义务的公告》
《运城市市场监督管理局运城经济技术开发区分局关于督促长期停业未经营企业限期履行法定义务的公告》,市场主体与登记治理,ai,True,<泛类型>,公告针对长期停业未经营企业履责问题。,未开业/自行停业,(6-7) 泛型法条被AI分为具体分类'市场主体与登记治理'，应删除 | 原标记: <泛类型> | 法条: 《运城市市场监督管理局运城经济技术开发区分局关于督促长期停业未经营企业限期履行法定义务的公告》
《返利网用户使用协议》,市场秩序与竞争监管,ai,True,<泛类型>,电商平台用户协议，涉消费交易秩序。,消费者权益/市场秩序,(6-7) 泛型法条被AI分为具体分类'市场秩序与竞争监管'，应删除 | 原标记: <泛类型> | 法条: 《返利网用户使用协议》
《返利网用户使用协议》第1条,市场秩序与竞争监管,ai,True,<泛类型>,网络平台用户协议，一般涉消费者及市场秩序。,消费者权益/市场秩序,(6-7) 泛型法条被AI分为具体分类'市场秩序与竞争监管'，应删除 | 原标记: <泛类型> | 法条: 《返利网用户使用协议》第1条
《进一步规范全市国土资源行政处罚裁量的实施意见》,建设工程与房地产,ai,True,<泛类型>,《国土资源行政处罚》明显属土地管理。,房地产/土地,(6-7) 泛型法条被AI分为具体分类'建设工程与房地产'，应删除 | 原标记: <泛类型> | 法条: 《进一步规范全市国土资源行政处罚裁量的实施意见》
《进入受限空间作业票》,安全生产,ai,True,<泛类型>,涉受限空间作业安全管理要求。,安全生产,(6-7) 泛型法条被AI分为具体分类'安全生产'，应删除 | 原标记: <泛类型> | 法条: 《进入受限空间作业票》
《进出境粮食检验检疫监督管理办法》第十条“因口岸条件限制等原因,海关/进出口,ai,True,<泛类型>,涉及进出境粮食检验检疫管理。,海关/进出口,(6-7) 泛型法条被AI分为具体分类'海关/进出口'，应删除 | 原标记: <泛类型> | 法条: 《进出境粮食检验检疫监督管理办法》第十条“因口岸条件限制等原因
《进口旧机电产品检验监管措施清单》,海关/进出口,ai,True,<泛类型>,进口旧机电产品属进出口监管事项。,海关/进出口,(6-7) 泛型法条被AI分为具体分类'海关/进出口'，应删除 | 原标记: <泛类型> | 法条: 《进口旧机电产品检验监管措施清单》
《进货台账》,财税与金融监管,ai,True,<泛类型>,《进货台账》属进货记账管理。,会计/账务,(6-7) 泛型法条被AI分为具体分类'财税与金融监管'，应删除 | 原标记: <泛类型> | 法条: 《进货台账》
《进货查验制度》,市场秩序与竞争监管,ai,True,<泛类型>,进货查验制度属流通环节市场监管。,消费者权益/市场秩序,(6-7) 泛型法条被AI分为具体分类'市场秩序与竞争监管'，应删除 | 原标记: <泛类型> | 法条: 《进货查验制度》
《进销存台账记录》,财税与金融监管,ai,True,<泛类型>,进销存台账记录属于账务管理。,会计/账务,(6-7) 泛型法条被AI分为具体分类'财税与金融监管'，应删除 | 原标记: <泛类型> | 法条: 《进销存台账记录》
《违法建设合理误差外超建面积处罚标准》,建设工程与房地产,ai,True,<泛类型>,涉及违法建设面积处罚标准。,建设工程,(6-7) 泛型法条被AI分为具体分类'建设工程与房地产'，应删除 | 原标记: <泛类型> | 法条: 《违法建设合理误差外超建面积处罚标准》
《违法建设案件移交单》,建设工程与房地产,ai,True,<泛类型>,违法建设案件，一般涉及工程建设。,建设工程,(6-7) 泛型法条被AI分为具体分类'建设工程与房地产'，应删除 | 原标记: <泛类型> | 法条: 《违法建设案件移交单》
《违法用地移交函》,建设工程与房地产,ai,True,<泛类型>,《违法用地移交函》指向违法用地问题。,房地产/土地,(6-7) 泛型法条被AI分为具体分类'建设工程与房地产'，应删除 | 原标记: <泛类型> | 法条: 《违法用地移交函》
《违章建筑示意图》,建设工程与房地产,ai,True,<泛类型>,涉及违章建筑示意及管理问题。,建设工程,(6-7) 泛型法条被AI分为具体分类'建设工程与房地产'，应删除 | 原标记: <泛类型> | 法条: 《违章建筑示意图》
《连山移动客户超越5万三月特惠活动》,*电信促销活动管理*,ai,True,<泛类型>,仅体现电信营销活动名称，无他项匹配。,*电信促销活动管理*,(6-6) AI分类含星号'*电信促销活动管理*'，分类不确定 | 法条: 《连山移动客户超越5万三月特惠活动》
《连续两个年度以上未依法报送年度报告的名单》,市场主体与登记治理,ai,True,<泛类型>,涉及企业年度报告公示义务。,企业信息公示,(6-5) 报告书类 | 匹配模式: '年度报告' | 法条: 《连续两个年度以上未依法报送年度报告的名单》
《连续采煤机应用培训方案》,安全生产,ai,True,<泛类型>,涉及采煤机应用培训，属生产安全。,安全生产,(6-7) 泛型法条被AI分为具体分类'安全生产'，应删除 | 原标记: <泛类型> | 法条: 《连续采煤机应用培训方案》
《连翘解毒丸》,产品质量与安全,ai,True,<泛类型>,《连翘解毒丸》系药品名称。,食品药品,(6-7) 泛型法条被AI分为具体分类'产品质量与安全'，应删除 | 原标记: <泛类型> | 法条: 《连翘解毒丸》
《连衣裙、裙套》,产品质量与安全,ai,True,<泛类型>,为服装产品标准，属产品质量管理。,产品质量,(6-7) 泛型法条被AI分为具体分类'产品质量与安全'，应删除 | 原标记: <泛类型> | 法条: 《连衣裙、裙套》
《退货单》,市场秩序与竞争监管,ai,True,<泛类型>,退货单涉及退货消费权益纠纷。,消费者权益/市场秩序,(6-7) 泛型法条被AI分为具体分类'市场秩序与竞争监管'，应删除 | 原标记: <泛类型> | 法条: 《退货单》
《退运申请》,海关/进出口,ai,True,<泛类型>,“退运申请”系进出口监管事项。,海关/进出口,(6-7) 泛型法条被AI分为具体分类'海关/进出口'，应删除 | 原标记: <泛类型> | 法条: 《退运申请》
《送气工上岗证》,燃气安全,ai,True,<泛类型>,送气工属燃气行业特种作业管理。,燃气安全,(6-7) 泛型法条被AI分为具体分类'燃气安全'，应删除 | 原标记: <泛类型> | 法条: 《送气工上岗证》
《通信资产回购协议》,财税与金融监管,ai,True,<泛类型>,《通信资产回购协议》属融资回购合同。,金融/信贷违规,(6-7) 泛型法条被AI分为具体分类'财税与金融监管'，应删除 | 原标记: <泛类型> | 法条: 《通信资产回购协议》
《通济堰主干渠航拍照片》,环境保护,ai,True,<泛类型>,涉及主干渠水利设施管理相关内容。,水资源,(6-7) 泛型法条被AI分为具体分类'环境保护'，应删除 | 原标记: <泛类型> | 法条: 《通济堰主干渠航拍照片》
《通用用电设备配电设计规范》,安全生产,ai,True,<泛类型>,《配电设计规范》属用电安全要求。,安全生产,(6-7) 泛型法条被AI分为具体分类'安全生产'，应删除 | 原标记: <泛类型> | 法条: 《通用用电设备配电设计规范》
《通用用电设备配电设计规范》第2.3.5条第1款,安全生产,ai,True,<泛类型>,配电设计规范属用电安全管理。,安全生产,(6-7) 泛型法条被AI分为具体分类'安全生产'，应删除 | 原标记: <泛类型> | 法条: 《通用用电设备配电设计规范》第2.3.5条第1款
《通用硅酸盐水泥》,产品质量与安全,ai,True,<泛类型>,《通用硅酸盐水泥》属水泥产品标准。,产品质量,(6-7) 泛型法条被AI分为具体分类'产品质量与安全'，应删除 | 原标记: <泛类型> | 法条: 《通用硅酸盐水泥》
《通辽日报》,公共文化与传媒,ai,True,<泛类型>,《通辽日报》属报刊传媒领域。,公共文化与传媒,(6-7) 泛型法条被AI分为具体分类'公共文化与传媒'，应删除 | 原标记: <泛类型> | 法条: 《通辽日报》
《逮捕通知书》,治安管理,ai,True,<泛类型>,仅有逮捕通知书，多涉治安案件。,治安管理,(6-7) 泛型法条被AI分为具体分类'治安管理'，应删除 | 原标记: <泛类型> | 法条: 《逮捕通知书》
《遵义市红花岗区住房和城乡建设局责令停止违法行为通知书》,建设工程与房地产,ai,True,<泛类型>,住建局责令停止违法施工行为。,建设工程,(6-7) 泛型法条被AI分为具体分类'建设工程与房地产'，应删除 | 原标记: <泛类型> | 法条: 《遵义市红花岗区住房和城乡建设局责令停止违法行为通知书》
《邢台市自然资源和规划局行政处罚裁量基准》第三部分第4条第2款,建设工程与房地产,ai,True,<泛类型>,自然资源规划局处罚，多涉土地管理。,房地产/土地,(6-7) 泛型法条被AI分为具体分类'建设工程与房地产'，应删除 | 原标记: <泛类型> | 法条: 《邢台市自然资源和规划局行政处罚裁量基准》第三部分第4条第2款
《邢台市自然资源和规划局行政处罚裁量基准》第三部分第4条第4款,建设工程与房地产,ai,True,<泛类型>,自然资源规划局裁量基准，多涉土地规划。,房地产/土地,(6-7) 泛型法条被AI分为具体分类'建设工程与房地产'，应删除 | 原标记: <泛类型> | 法条: 《邢台市自然资源和规划局行政处罚裁量基准》第三部分第4条第4款
《邢台市行政处罚自由裁量权实施办法》第十一条第一款,其他,ai,True,<泛类型>,仅给出条款编号，无法判断具体领域。,其他违法行为,(6-5) 程序性 | 匹配模式: '行政处罚自由裁量权' | 法条: 《邢台市行政处罚自由裁量权实施办法》第十一条第一款
《邢台市行政处罚自由裁量权实施标准》,其他,ai,True,<泛类型>,仅给出标准名称，无具体条文内容。,其他违法行为,(6-5) 程序性 | 匹配模式: '行政处罚自由裁量权' | 法条: 《邢台市行政处罚自由裁量权实施标准》
《邢台市行政处罚自由裁量权实施标准》第七十九条中第2条,无法判断*,ai,True,<泛类型>,仅给出条款编号，无具体内容。,无法判断*,(6-5) 程序性 | 匹配模式: '行政处罚自由裁量权' | 法条: 《邢台市行政处罚自由裁量权实施标准》第七十九条中第2条
《邢台市行政处罚自由裁量权实施标准》第六十六条中第1条,其他,ai,True,<泛类型>,仅给出条款编号无法判断具体领域。,其他违法行为,(6-5) 程序性 | 匹配模式: '行政处罚自由裁量权' | 法条: 《邢台市行政处罚自由裁量权实施标准》第六十六条中第1条
《邢台市行政处罚自由裁量权实施标准》第六十四条中第2条,其他,ai,True,<泛类型>,仅给出条款序号，无法判断内容。,其他违法行为,(6-5) 程序性 | 匹配模式: '行政处罚自由裁量权' | 法条: 《邢台市行政处罚自由裁量权实施标准》第六十四条中第2条
《邢台市行政处罚自由裁量权实施标准》第六十四条中第4条,*行政处罚裁量*,ai,True,<泛类型>,依据行政处罚裁量权实施标准内容。,*行政处罚裁量*,(6-5) 程序性 | 匹配模式: '行政处罚自由裁量权' | 法条: 《邢台市行政处罚自由裁量权实施标准》第六十四条中第4条
《邮件快件包装管理办法》第25条第3款,*邮政快递包装*,ai,True,<泛类型>,规范邮件快件包装管理的条款。,*邮政快递包装*,(6-6) AI分类含星号'*邮政快递包装*'，分类不确定 | 法条: 《邮件快件包装管理办法》第25条第3款
《邮件快件包装管理办法》第39条第5款第三十九条,市场秩序与竞争监管,ai,True,<泛类型>,规范快件包装行为，维护寄递市场秩序。,消费者权益/市场秩序,(6-7) 泛型法条被AI分为具体分类'市场秩序与竞争监管'，应删除 | 原标记: <泛类型> | 法条: 《邮件快件包装管理办法》第39条第5款第三十九条
《邮件快件包装管理办法》第41条第5款第四十一条寄递企业违反本办法第二十一条第二款,*寄递包装管理*,ai,True,<泛类型>,针对寄递企业包装管理义务。,*寄递包装管理*,(6-6) AI分类含星号'*寄递包装管理*'，分类不确定 | 法条: 《邮件快件包装管理办法》第41条第5款第四十一条寄递企业违反本办法第二十一条第二款
《邮件快件包装管理办法》第二十一条,交通运输,ai,True,<泛类型>,规范邮件快件包装管理，属寄递运输。,交通运输违规,(6-7) 泛型法条被AI分为具体分类'交通运输'，应删除 | 原标记: <泛类型> | 法条: 《邮件快件包装管理办法》第二十一条
《邮件快件包装管理办法》第二十五条、第四十四条),*邮政快递包装管理*,ai,True,<泛类型>,依据《邮件快件包装管理办法》条款。,*邮政快递包装管理*,(6-6) AI分类含星号'*邮政快递包装管理*'，分类不确定 | 法条: 《邮件快件包装管理办法》第二十五条、第四十四条)
《邮件快件实名收寄管理办法》第12条第2款,交通运输,ai,True,<泛类型>,涉及邮件快件寄递管理，属寄递运输监管。,交通运输违规,(6-7) 泛型法条被AI分为具体分类'交通运输'，应删除 | 原标记: <泛类型> | 法条: 《邮件快件实名收寄管理办法》第12条第2款
"《邮件快件实名收寄管理办法》第12条第2款,",*邮政快递实名*,ai,True,<泛类型>,依据实名收寄管理办法第12条规定。,*邮政快递实名*,"(6-6) AI分类含星号'*邮政快递实名*'，分类不确定 | 法条: 《邮件快件实名收寄管理办法》第12条第2款,"
《邮件快件实名收寄管理办法》第14条第1款,*邮政快递管理*,ai,True,<泛类型>,针对邮件快件实名收寄管理规定。,*邮政快递管理*,(6-6) AI分类含星号'*邮政快递管理*'，分类不确定 | 法条: 《邮件快件实名收寄管理办法》第14条第1款
"《邮件快件实名收寄管理办法》第14条第1款,",反恐,ai,True,<泛类型>,实名收寄制度核心系反恐管理。,反恐,"(6-7) 泛型法条被AI分为具体分类'反恐'，应删除 | 原标记: <泛类型> | 法条: 《邮件快件实名收寄管理办法》第14条第1款,"
《邮件快件实名收寄管理办法》第19条第1款,反恐,ai,True,<泛类型>,实名收寄制度系反恐怖安全管理。,反恐,(6-7) 泛型法条被AI分为具体分类'反恐'，应删除 | 原标记: <泛类型> | 法条: 《邮件快件实名收寄管理办法》第19条第1款
《邮件快件实名收寄管理办法》第19条第1款,*邮政快递实名管理*,ai,True,<泛类型>,涉及邮件快件实名收寄管理规定。,*邮政快递实名管理*,(6-6) AI分类含星号'*邮政快递实名管理*'，分类不确定 | 法条: 《邮件快件实名收寄管理办法》第19条第1款
《邮件快件实名收寄管理办法》第8条第1款,*邮政快递实名收寄*,ai,True,<泛类型>,依据实名收寄管理办法第八条内容。,*邮政快递实名收寄*,(6-6) AI分类含星号'*邮政快递实名收寄*'，分类不确定 | 法条: 《邮件快件实名收寄管理办法》第8条第1款
《邮件快件实名收寄管理办法》第二十条第（四）项,交通运输,ai,True,<泛类型>,规范快件寄递实名收寄，属寄递运输管理。,交通运输违规,(6-7) 泛型法条被AI分为具体分类'交通运输'，应删除 | 原标记: <泛类型> | 法条: 《邮件快件实名收寄管理办法》第二十条第（四）项
《邮件快件实名收寄管理办法》第十一条、第十二条,反恐,ai,True,<泛类型>,实名收寄制度核心系反恐管理。,反恐,(6-7) 泛型法条被AI分为具体分类'反恐'，应删除 | 原标记: <泛类型> | 法条: 《邮件快件实名收寄管理办法》第十一条、第十二条
《邮件快件实名收寄管理办法》第十九条第一款第（五）项,反恐,ai,True,<泛类型>,实名收寄制度核心系反恐管理。,反恐,(6-7) 泛型法条被AI分为具体分类'反恐'，应删除 | 原标记: <泛类型> | 法条: 《邮件快件实名收寄管理办法》第十九条第一款第（五）项
《邮件快件实名收寄管理办法》第十九条第五项,反恐,ai,True,<泛类型>,实名收寄制度核心为落实反恐要求。,反恐,(6-7) 泛型法条被AI分为具体分类'反恐'，应删除 | 原标记: <泛类型> | 法条: 《邮件快件实名收寄管理办法》第十九条第五项
《邮件快件实名收寄管理办法》第十四条,*邮政寄递管理*,ai,True,<泛类型>,涉及邮件快件实名收寄管理要求。,*邮政寄递管理*,(6-6) AI分类含星号'*邮政寄递管理*'，分类不确定 | 法条: 《邮件快件实名收寄管理办法》第十四条
《邮件快件实名收寄管理办法》第十四条的相关规定,交通运输,ai,True,<泛类型>,邮政快递寄递管理，属运输领域。,交通运输违规,(6-7) 泛型法条被AI分为具体分类'交通运输'，应删除 | 原标记: <泛类型> | 法条: 《邮件快件实名收寄管理办法》第十四条的相关规定
《邮政储蓄短信申请书》,金融/账户,ai,True,<泛类型>,涉及邮政储蓄账户短信服务申请。,金融/账户,(6-7) 泛型法条被AI分为具体分类'金融/账户'，应删除 | 原标记: <泛类型> | 法条: 《邮政储蓄短信申请书》
《邮政普遍服务》,*邮政普遍服务监管*,ai,True,<泛类型>,《邮政普遍服务》规范邮政服务行为。,*邮政普遍服务监管*,(6-6) AI分类含星号'*邮政普遍服务监管*'，分类不确定 | 法条: 《邮政普遍服务》
《邮政普遍服务标准》,*邮政普遍服务*,ai,True,<泛类型>,引用《邮政普遍服务标准》相关规定。,*邮政普遍服务*,(6-6) AI分类含星号'*邮政普遍服务*'，分类不确定 | 法条: 《邮政普遍服务标准》
《邮政普遍服务监督管理办法》第49条第1款,*邮政普遍服务监管*,ai,True,<泛类型>,条文属邮政普遍服务管理范围。,*邮政普遍服务监管*,(6-6) AI分类含星号'*邮政普遍服务监管*'，分类不确定 | 法条: 《邮政普遍服务监督管理办法》第49条第1款
《邮政普遍服务监督管理办法》第49条第1款邮政企业办理下列事项,*邮政服务监管*,ai,True,<泛类型>,涉及邮政普遍服务监管条款。,*邮政服务监管*,(6-6) AI分类含星号'*邮政服务监管*'，分类不确定 | 法条: 《邮政普遍服务监督管理办法》第49条第1款邮政企业办理下列事项
《邮政用品用具监督管理办法》第15条第1款,*邮政用品监管*,ai,True,<泛类型>,依据邮政用品用具监督管理规定。,*邮政用品监管*,(6-6) AI分类含星号'*邮政用品监管*'，分类不确定 | 法条: 《邮政用品用具监督管理办法》第15条第1款
《邮票发行监督管理办法》第四十四条规定,公共文化与传媒,ai,True,<泛类型>,邮票发行管理属邮政文化传媒监管。,公共文化与传媒,(6-7) 泛型法条被AI分为具体分类'公共文化与传媒'，应删除 | 原标记: <泛类型> | 法条: 《邮票发行监督管理办法》第四十四条规定
《邯郸市水行政处罚裁量权执行标准》第二条执行标准第四项规定,环境保护,ai,True,<泛类型>,《水行政处罚裁量权》属水事违法监管。,水资源,(6-5) 程序性 | 匹配模式: '行政处罚裁量权' | 法条: 《邯郸市水行政处罚裁量权执行标准》第二条执行标准第四项规定
《邯郸市水资源管理条例》第三十八条第一款,环境保护,ai,True,<泛类型>,依据水资源管理专项地方性法规。,水资源,(6-7) 泛型法条被AI分为具体分类'环境保护'，应删除 | 原标记: <泛类型> | 法条: 《邯郸市水资源管理条例》第三十八条第一款
《邯郸市水资源管理条例》第九条第一款,环境保护,ai,True,<泛类型>,《水资源管理条例》明确属水资源管理。,水资源,(6-7) 泛型法条被AI分为具体分类'环境保护'，应删除 | 原标记: <泛类型> | 法条: 《邯郸市水资源管理条例》第九条第一款
《邯郸市规范行政处罚自由裁量权若干规定》第十六条第三款一般处罚按最高罚款,其他,ai,True,<泛类型>,条文属程序规则，无法对应具体领域。,其他违法行为,(6-5) 程序性 | 匹配模式: '行政处罚自由裁量权' | 法条: 《邯郸市规范行政处罚自由裁量权若干规定》第十六条第三款一般处罚按最高罚款
《邻水县冷家乡天然气安装经营合同》,燃气安全,ai,True,<泛类型>,涉及天然气安装经营合同管理。,燃气安全,(6-7) 泛型法条被AI分为具体分类'燃气安全'，应删除 | 原标记: <泛类型> | 法条: 《邻水县冷家乡天然气安装经营合同》
《郁山古镇福禄居安置房一区项目》,建设工程与房地产,ai,True,<泛类型>,项目为安置房建设工程项目。,建设工程,(6-7) 泛型法条被AI分为具体分类'建设工程与房地产'，应删除 | 原标记: <泛类型> | 法条: 《郁山古镇福禄居安置房一区项目》
《郑州市上街区人民政府关于上街区河南省惠浦建设发展有限公司“11·26”高处坠落事故调查报告的批复》,安全生产,ai,True,<泛类型>,高处坠落事故属典型安全生产责任事故。,安全生产,(6-7) 泛型法条被AI分为具体分类'安全生产'，应删除 | 原标记: <泛类型> | 法条: 《郑州市上街区人民政府关于上街区河南省惠浦建设发展有限公司“11·26”高处坠落事故调查报告的批复》
《郑州市建筑市场管理条例》第十七条的规定;依据了,建设工程与房地产,ai,True,<泛类型>,依据建筑市场管理条例，属工程管理。,建设工程,(6-7) 泛型法条被AI分为具体分类'建设工程与房地产'，应删除 | 原标记: <泛类型> | 法条: 《郑州市建筑市场管理条例》第十七条的规定;依据了
《郑州市建筑市场管理条例》第四十三条,建设工程与房地产,ai,True,<泛类型>,《建筑市场管理条例》属建设工程领域。,建设工程,(6-7) 泛型法条被AI分为具体分类'建设工程与房地产'，应删除 | 原标记: <泛类型> | 法条: 《郑州市建筑市场管理条例》第四十三条
《郴州日报》,公共文化与传媒,ai,True,<泛类型>,《郴州日报》属新闻媒体出版领域。,公共文化与传媒,(6-7) 泛型法条被AI分为具体分类'公共文化与传媒'，应删除 | 原标记: <泛类型> | 法条: 《郴州日报》
《都市女报》,公共文化与传媒,ai,True,<泛类型>,《都市女报》属于新闻传媒领域。,公共文化与传媒,(6-7) 泛型法条被AI分为具体分类'公共文化与传媒'，应删除 | 原标记: <泛类型> | 法条: 《都市女报》
《都市快报》,公共文化与传媒,ai,True,<泛类型>,《都市快报》属媒体出版领域。,公共文化与传媒,(6-7) 泛型法条被AI分为具体分类'公共文化与传媒'，应删除 | 原标记: <泛类型> | 法条: 《都市快报》
《都市消费晨报》,公共文化与传媒,ai,True,<泛类型>,《都市消费晨报》属媒体出版领域。,公共文化与传媒,(6-7) 泛型法条被AI分为具体分类'公共文化与传媒'，应删除 | 原标记: <泛类型> | 法条: 《都市消费晨报》
《鄂中邦【2010】Z验字1-151号验资报告》,财税与金融监管,ai,True,<泛类型>,涉及验资报告，属财务会计事项。,会计/账务,(6-7) 泛型法条被AI分为具体分类'财税与金融监管'，应删除 | 原标记: <泛类型> | 法条: 《鄂中邦【2010】Z验字1-151号验资报告》
《鄞州区新城区临时占用绿地审批表》,环境保护,ai,True,<泛类型>,涉及临时占用绿地审批管理。,环境保护,(6-7) 泛型法条被AI分为具体分类'环境保护'，应删除 | 原标记: <泛类型> | 法条: 《鄞州区新城区临时占用绿地审批表》
《配方工艺单》,产品质量与安全,ai,True,<泛类型>,《配方工艺单》通常涉及食品药品配方。,食品药品,(6-7) 泛型法条被AI分为具体分类'产品质量与安全'，应删除 | 原标记: <泛类型> | 法条: 《配方工艺单》
《配电室绝缘靴合格证复印件及现场检查照片》,安全生产,ai,True,<泛类型>,配电室劳动防护用品管理属安全生产。,安全生产,(6-7) 泛型法条被AI分为具体分类'安全生产'，应删除 | 原标记: <泛类型> | 法条: 《配电室绝缘靴合格证复印件及现场检查照片》
《配电室绝缘靴合格证复印件复查照片》,安全生产,ai,True,<泛类型>,配电室绝缘防护用品管理属安全生产。,安全生产,(6-7) 泛型法条被AI分为具体分类'安全生产'，应删除 | 原标记: <泛类型> | 法条: 《配电室绝缘靴合格证复印件复查照片》
《配装眼镜第1部分:单光和多焦点》,产品质量与安全,ai,True,<泛类型>,眼镜产品技术规范，属产品质量。,产品质量,(6-7) 泛型法条被AI分为具体分类'产品质量与安全'，应删除 | 原标记: <泛类型> | 法条: 《配装眼镜第1部分:单光和多焦点》
《配装眼镜第1部分:单光和多焦点》第3部分:单光老视成镜》)中的标准条款,产品质量与安全,ai,True,<泛类型>,涉及眼镜产品技术标准规范。,产品质量,(6-7) 泛型法条被AI分为具体分类'产品质量与安全'，应删除 | 原标记: <泛类型> | 法条: 《配装眼镜第1部分:单光和多焦点》第3部分:单光老视成镜》)中的标准条款
《配装眼镜第1部分：单光和多焦点》,产品质量与安全,ai,True,<泛类型>,《配装眼镜》属产品标准与质量规范。,产品质量,(6-7) 泛型法条被AI分为具体分类'产品质量与安全'，应删除 | 原标记: <泛类型> | 法条: 《配装眼镜第1部分：单光和多焦点》
《配装眼镜第3部分:单光老视成镜》,产品质量与安全,ai,True,<泛类型>,《配装眼镜》为产品质量标准规范。,产品质量,(6-7) 泛型法条被AI分为具体分类'产品质量与安全'，应删除 | 原标记: <泛类型> | 法条: 《配装眼镜第3部分:单光老视成镜》
《酒仙桥站-北岗子站区间防水设计总说明（四）》,建设工程与房地产,ai,True,<泛类型>,涉及地铁区间防水工程设计内容。,建设工程,(6-7) 泛型法条被AI分为具体分类'建设工程与房地产'，应删除 | 原标记: <泛类型> | 法条: 《酒仙桥站-北岗子站区间防水设计总说明（四）》
《酒盒包装产品加工承揽定做合同》,市场秩序与竞争监管,ai,True,<泛类型>,系商品加工定做合同，涉市场交易秩序。,消费者权益/市场秩序,(6-7) 泛型法条被AI分为具体分类'市场秩序与竞争监管'，应删除 | 原标记: <泛类型> | 法条: 《酒盒包装产品加工承揽定做合同》
《酒类流通随附单（送货单）》,产品质量与安全,ai,True,<泛类型>,酒类流通管理，属食品监管范围。,食品药品,(6-7) 泛型法条被AI分为具体分类'产品质量与安全'，应删除 | 原标记: <泛类型> | 法条: 《酒类流通随附单（送货单）》
《酒类销售合同》,消费者权益/市场秩序,ai,True,<泛类型>,酒类销售合同纠纷属消费合同。,消费者权益纠纷,(6-7) 泛型法条被AI分为具体分类'消费者权益/市场秩序'，应删除 | 原标记: <泛类型> | 法条: 《酒类销售合同》
《酱卤肉制品》,产品质量与安全,ai,True,<泛类型>,酱卤肉制品属食品安全监管范围。,食品药品,(6-7) 泛型法条被AI分为具体分类'产品质量与安全'，应删除 | 原标记: <泛类型> | 法条: 《酱卤肉制品》
《酿造酱油》,产品质量与安全,ai,True,<泛类型>,酿造酱油属食品范畴管理。,食品药品,(6-7) 泛型法条被AI分为具体分类'产品质量与安全'，应删除 | 原标记: <泛类型> | 法条: 《酿造酱油》
《酿造食醋》,产品质量与安全,ai,True,<泛类型>,酿造食醋属食品生产监管范围。,食品药品,(6-7) 泛型法条被AI分为具体分类'产品质量与安全'，应删除 | 原标记: <泛类型> | 法条: 《酿造食醋》
《采区变电所掘进工作面作业规程》,安全生产,ai,True,<泛类型>,《作业规程》属生产作业安全管理。,安全生产,(6-7) 泛型法条被AI分为具体分类'安全生产'，应删除 | 原标记: <泛类型> | 法条: 《采区变电所掘进工作面作业规程》
《采空区自然发火“三带”报告》,安全生产,ai,True,<泛类型>,煤矿采空区自然发火风险属安全生产管理。,安全生产,(6-7) 泛型法条被AI分为具体分类'安全生产'，应删除 | 原标记: <泛类型> | 法条: 《采空区自然发火“三带”报告》
《采购入库单》,财税与金融监管,ai,True,<泛类型>,“采购入库单”属财务票据凭证类。,会计/账务,(6-7) 泛型法条被AI分为具体分类'财税与金融监管'，应删除 | 原标记: <泛类型> | 法条: 《采购入库单》
《采购合同》,市场秩序与竞争监管,ai,True,<泛类型>,采购合同纠纷一般属市场交易秩序。,消费者权益/市场秩序,(6-7) 泛型法条被AI分为具体分类'市场秩序与竞争监管'，应删除 | 原标记: <泛类型> | 法条: 《采购合同》
《采购法》第七十七条,建设工程与房地产,ai,True,<泛类型>,依据《政府采购法》，属招投标采购规范。,工程建设/招投标,(6-7) 泛型法条被AI分为具体分类'建设工程与房地产'，应删除 | 原标记: <泛类型> | 法条: 《采购法》第七十七条
《重庆国际复合材料股份有限公司项目融资建议书》,财税与金融监管,ai,True,<泛类型>,融资建议书属项目融资与信贷领域。,金融/信贷违规,(6-7) 泛型法条被AI分为具体分类'财税与金融监管'，应删除 | 原标记: <泛类型> | 法条: 《重庆国际复合材料股份有限公司项目融资建议书》
《重庆市公路管理条例》第三十四条第一款,交通运输,ai,True,<泛类型>,依据地方公路管理条例，属交通运输管理。,交通运输违规,(6-7) 泛型法条被AI分为具体分类'交通运输'，应删除 | 原标记: <泛类型> | 法条: 《重庆市公路管理条例》第三十四条第一款
《重庆市公路管理条例》第四十一条,交通运输,ai,True,<泛类型>,属公路管理规范范畴，交通运输领域。,交通运输违规,(6-7) 泛型法条被AI分为具体分类'交通运输'，应删除 | 原标记: <泛类型> | 法条: 《重庆市公路管理条例》第四十一条
《重庆市公路路政行政处罚裁量基准》,交通运输,ai,True,<泛类型>,公路路政处罚基准，属交通运输领域。,交通运输违规,(6-7) 泛型法条被AI分为具体分类'交通运输'，应删除 | 原标记: <泛类型> | 法条: 《重庆市公路路政行政处罚裁量基准》
《重庆市夜间作业审核意见书》,建设工程与房地产,ai,True,<泛类型>,夜间施工作业审批，属建设领域。,建设工程,(6-7) 泛型法条被AI分为具体分类'建设工程与房地产'，应删除 | 原标记: <泛类型> | 法条: 《重庆市夜间作业审核意见书》
《重庆市工商行政管理机关流通领域商品质量抽查检验复检结论通知书》,产品质量与安全,ai,True,<泛类型>,流通领域商品质量抽检复检结论通知。,产品质量,(6-7) 泛型法条被AI分为具体分类'产品质量与安全'，应删除 | 原标记: <泛类型> | 法条: 《重庆市工商行政管理机关流通领域商品质量抽查检验复检结论通知书》
《重庆市工商行政管理机关流通领域商品质量抽样取证记录和抽查检验工作单》,产品质量与安全,ai,True,<泛类型>,涉及商品质量抽样检验与处理。,产品质量,(6-7) 泛型法条被AI分为具体分类'产品质量与安全'，应删除 | 原标记: <泛类型> | 法条: 《重庆市工商行政管理机关流通领域商品质量抽样取证记录和抽查检验工作单》
《重庆市工商行政管理机关行政处罚裁量指导基准》,市场秩序与竞争监管,ai,True,<泛类型>,工商机关处罚基准，多涉市场秩序。,消费者权益/市场秩序,(6-7) 泛型法条被AI分为具体分类'市场秩序与竞争监管'，应删除 | 原标记: <泛类型> | 法条: 《重庆市工商行政管理机关行政处罚裁量指导基准》
《重庆市工商行政管理机关行政处罚裁量权适用规则》第七条,其他,ai,True,<泛类型>,仅给出条款序号，无具体内容。,其他违法行为,(6-5) 程序性 | 匹配模式: '行政处罚裁量权' | 法条: 《重庆市工商行政管理机关行政处罚裁量权适用规则》第七条
《重庆市工商行政管理机关行政处罚裁量权适用规则》第七条第（二）项,其他,ai,True,<泛类型>,仅给出条款序号，无法判断具体内容。,其他违法行为,(6-5) 程序性 | 匹配模式: '行政处罚裁量权' | 法条: 《重庆市工商行政管理机关行政处罚裁量权适用规则》第七条第（二）项
《重庆市工商行政管理机关行政处罚裁量权适用规则》第七条第（八）项,其他,ai,True,<泛类型>,仅给出条款序号，无法判断具体类型。,其他违法行为,(6-5) 程序性 | 匹配模式: '行政处罚裁量权' | 法条: 《重庆市工商行政管理机关行政处罚裁量权适用规则》第七条第（八）项
《重庆市工商行政管理机关行政处罚裁量权适用规则》第七条（一）项,其他,ai,True,<泛类型>,仅条款序号无具体内容，无法归类。,其他违法行为,(6-5) 程序性 | 匹配模式: '行政处罚裁量权' | 法条: 《重庆市工商行政管理机关行政处罚裁量权适用规则》第七条（一）项
《重庆市工商行政管理机关行政处罚裁量权适用规则》第七条（一）项规定及,其他,ai,True,<泛类型>,仅提及裁量规则条款，无法细分。,其他违法行为,(6-5) 程序性 | 匹配模式: '行政处罚裁量权' | 法条: 《重庆市工商行政管理机关行政处罚裁量权适用规则》第七条（一）项规定及
《重庆市工商行政管理机关行政处罚裁量权适用规则》第八条,其他,ai,True,<泛类型>,仅给条号无内容，无法细分。,其他违法行为,(6-5) 程序性 | 匹配模式: '行政处罚裁量权' | 法条: 《重庆市工商行政管理机关行政处罚裁量权适用规则》第八条
《重庆市工商行政管理机关行政处罚裁量权适用规则》第八条第（一）项,其他,ai,True,<泛类型>,仅给出条款编号，无法判断内容。,其他违法行为,(6-5) 程序性 | 匹配模式: '行政处罚裁量权' | 法条: 《重庆市工商行政管理机关行政处罚裁量权适用规则》第八条第（一）项
《重庆市工商行政管理机关行政处罚裁量权适用规则》第十四条,其他,ai,True,<泛类型>,仅给出条款编号，缺乏具体内容。,其他违法行为,(6-5) 程序性 | 匹配模式: '行政处罚裁量权' | 法条: 《重庆市工商行政管理机关行政处罚裁量权适用规则》第十四条
《重庆市建筑管理条例》,建设工程与房地产,ai,True,<泛类型>,《重庆市建筑管理条例》属工程建设管理。,建设工程,(6-7) 泛型法条被AI分为具体分类'建设工程与房地产'，应删除 | 原标记: <泛类型> | 法条: 《重庆市建筑管理条例》
《重庆市建筑管理条例》第七条第二项,建设工程与房地产,ai,True,<泛类型>,属地方建筑管理法规规范建设行为。,建设工程,(6-7) 泛型法条被AI分为具体分类'建设工程与房地产'，应删除 | 原标记: <泛类型> | 法条: 《重庆市建筑管理条例》第七条第二项
《重庆市建筑管理条例》第五十一条,建设工程与房地产,ai,True,<泛类型>,出自建筑管理条例，属建设活动。,建设工程,(6-7) 泛型法条被AI分为具体分类'建设工程与房地产'，应删除 | 原标记: <泛类型> | 法条: 《重庆市建筑管理条例》第五十一条
《重庆市建筑管理条例》第五十三条的规定,建设工程与房地产,ai,True,<泛类型>,建筑管理条例属工程建设领域。,建设工程,(6-7) 泛型法条被AI分为具体分类'建设工程与房地产'，应删除 | 原标记: <泛类型> | 法条: 《重庆市建筑管理条例》第五十三条的规定
《重庆市建筑管理条例》第六十六条第六项,建设工程与房地产,ai,True,<泛类型>,地方建筑管理条例，典型建设工程管理事项。,建设工程,(6-7) 泛型法条被AI分为具体分类'建设工程与房地产'，应删除 | 原标记: <泛类型> | 法条: 《重庆市建筑管理条例》第六十六条第六项
《重庆市建筑管理条例》第六十六条第（六）项,建设工程与房地产,ai,True,<泛类型>,属地方建筑管理条例规范施工行为。,建设工程,(6-7) 泛型法条被AI分为具体分类'建设工程与房地产'，应删除 | 原标记: <泛类型> | 法条: 《重庆市建筑管理条例》第六十六条第（六）项
《重庆市建筑管理条例》第六十六条（六）项,建设工程与房地产,ai,True,<泛类型>,《建筑管理条例》属工程建设管理。,建设工程,(6-7) 泛型法条被AI分为具体分类'建设工程与房地产'，应删除 | 原标记: <泛类型> | 法条: 《重庆市建筑管理条例》第六十六条（六）项
《重庆市建筑管理条例》第六十四条,建设工程与房地产,ai,True,<泛类型>,出自地方建筑管理法规条款。,建设工程,(6-7) 泛型法条被AI分为具体分类'建设工程与房地产'，应删除 | 原标记: <泛类型> | 法条: 《重庆市建筑管理条例》第六十四条
《重庆市建筑管理条例》第六十四条第四项之规定,建设工程与房地产,ai,True,<泛类型>,依据建筑管理条例，属建设活动管理】,建设工程,(6-7) 泛型法条被AI分为具体分类'建设工程与房地产'，应删除 | 原标记: <泛类型> | 法条: 《重庆市建筑管理条例》第六十四条第四项之规定
《重庆市建筑管理条例》第四十七条,建设工程与房地产,ai,True,<泛类型>,出自建筑管理条例，属建设活动规范。,建设工程,(6-7) 泛型法条被AI分为具体分类'建设工程与房地产'，应删除 | 原标记: <泛类型> | 法条: 《重庆市建筑管理条例》第四十七条
《重庆市建筑管理条例》第四十八条,建设工程与房地产,ai,True,<泛类型>,依据建筑管理地方性法规条款规定。,建设工程,(6-7) 泛型法条被AI分为具体分类'建设工程与房地产'，应删除 | 原标记: <泛类型> | 法条: 《重庆市建筑管理条例》第四十八条
《重庆市建筑管理条例》第四十八条第一款,建设工程与房地产,ai,True,<泛类型>,依据地方建筑管理条例，属建设活动。,建设工程,(6-7) 泛型法条被AI分为具体分类'建设工程与房地产'，应删除 | 原标记: <泛类型> | 法条: 《重庆市建筑管理条例》第四十八条第一款
《重庆市建筑管理条例》第四十条,建设工程与房地产,ai,True,<泛类型>,《建筑管理条例》属建设活动监管。,建设工程,(6-7) 泛型法条被AI分为具体分类'建设工程与房地产'，应删除 | 原标记: <泛类型> | 法条: 《重庆市建筑管理条例》第四十条
《重庆市成人鞋产品监督抽查实放细则（2021）年》,产品质量与安全,ai,True,<泛类型>,《产品质量法》范畴内的产品抽检。,产品质量,(6-7) 泛型法条被AI分为具体分类'产品质量与安全'，应删除 | 原标记: <泛类型> | 法条: 《重庆市成人鞋产品监督抽查实放细则（2021）年》
《重庆市植物检疫条例》第三十条“违反本条例第二十二条、第二十三条,*植物检疫管理*,ai,True,<泛类型>,依据植物检疫条例条款内容认定。,*植物检疫管理*,(6-6) AI分类含星号'*植物检疫管理*'，分类不确定 | 法条: 《重庆市植物检疫条例》第三十条“违反本条例第二十二条、第二十三条
《重庆市水资源管理条例》第四十一条“违反本条,环境保护,ai,True,<泛类型>,依据重庆市水资源管理条例内容。,水资源,(6-7) 泛型法条被AI分为具体分类'环境保护'，应删除 | 原标记: <泛类型> | 法条: 《重庆市水资源管理条例》第四十一条“违反本条
《重庆市河道管理条例》第二十四条,环境保护,ai,True,<泛类型>,河道管理条例属水域水资源管理。,水资源,(6-7) 泛型法条被AI分为具体分类'环境保护'，应删除 | 原标记: <泛类型> | 法条: 《重庆市河道管理条例》第二十四条
《重庆市物业专项维修资金管理办法》第八条第二款,建设工程与房地产,ai,True,<泛类型>,物业专项维修资金管理属物业房地产领域。,房地产/土地,(6-7) 泛型法条被AI分为具体分类'建设工程与房地产'，应删除 | 原标记: <泛类型> | 法条: 《重庆市物业专项维修资金管理办法》第八条第二款
《重庆市物业专项维修资金管理办法》第四十八条,建设工程与房地产,ai,True,<泛类型>,物业专项维修资金属物业管理范畴。,房地产/土地,(6-7) 泛型法条被AI分为具体分类'建设工程与房地产'，应删除 | 原标记: <泛类型> | 法条: 《重庆市物业专项维修资金管理办法》第四十八条
《重庆市璧山区城市管理局限期拆除违法建筑决定书》,建设工程与房地产,ai,True,<泛类型>,城市管理局责令拆除违法建筑物。,房地产/土地,(6-7) 泛型法条被AI分为具体分类'建设工程与房地产'，应删除 | 原标记: <泛类型> | 法条: 《重庆市璧山区城市管理局限期拆除违法建筑决定书》
《重庆市箱包产品监督抽查实放细则（2021）年》,产品质量与安全,ai,True,<泛类型>,箱包产品监督抽查细则，属产品质量监管。,产品质量,(6-7) 泛型法条被AI分为具体分类'产品质量与安全'，应删除 | 原标记: <泛类型> | 法条: 《重庆市箱包产品监督抽查实放细则（2021）年》
《重庆市规范行政处罚裁量权办法》,其他,ai,True,<泛类型>,仅为裁量权通则，未涉具体领域。,其他违法行为,(6-5) 程序性 | 匹配模式: '行政处罚裁量权' | 法条: 《重庆市规范行政处罚裁量权办法》
《重庆市规范行政处罚裁量权办法》第238号）第十七条第（三）项,其他,ai,True,<泛类型>,仅给出条文编号，无法判断具体领域。,其他违法行为,(6-5) 程序性 | 匹配模式: '行政处罚裁量权' | 法条: 《重庆市规范行政处罚裁量权办法》第238号）第十七条第（三）项
《重庆市规范行政处罚裁量权办法》第十七条第三项“除法律、法规和规章另有规定外,其他,ai,True,<泛类型>,条文内容高度概括，无法细化类别。,其他违法行为,(6-5) 程序性 | 匹配模式: '行政处罚裁量权' | 法条: 《重庆市规范行政处罚裁量权办法》第十七条第三项“除法律、法规和规章另有规定外
《重庆市规范行政处罚裁量权办法》第十四条,其他,ai,True,<泛类型>,仅给出办法条号，无具体行为内容。,其他违法行为,(6-5) 程序性 | 匹配模式: '行政处罚裁量权' | 法条: 《重庆市规范行政处罚裁量权办法》第十四条
《重庆市规范行政处罚裁量权办法》第十四条,*行政处罚裁量规范*,ai,True,<泛类型>,专门规范裁量权行使内容。,*行政处罚裁量规范*,(6-5) 程序性 | 匹配模式: '行政处罚裁量权' | 法条: 《重庆市规范行政处罚裁量权办法》第十四条
《重庆市规范行政处罚裁量权办法》第十四条第三项,其他,ai,True,<泛类型>,仅给出条款序号，无法判断具体领域。,其他违法行为,(6-5) 程序性 | 匹配模式: '行政处罚裁量权' | 法条: 《重庆市规范行政处罚裁量权办法》第十四条第三项
《重庆市规范行政处罚裁量权办法》第十四条第二款第（三）项,其他,ai,True,<泛类型>,仅提供条款序号，无具体行为内容。,其他违法行为,(6-5) 程序性 | 匹配模式: '行政处罚裁量权' | 法条: 《重庆市规范行政处罚裁量权办法》第十四条第二款第（三）项
《重庆市规范行政处罚裁量权办法》第十四条第（七）项,其他,ai,True,<泛类型>,仅给出条款序号，无法判断内容。,其他违法行为,(6-5) 程序性 | 匹配模式: '行政处罚裁量权' | 法条: 《重庆市规范行政处罚裁量权办法》第十四条第（七）项
《重庆市规范行政处罚裁量权办法》第十四条第（三）项,其他,ai,True,<泛类型>,仅给出条款序号，无法确定领域。,其他违法行为,(6-5) 程序性 | 匹配模式: '行政处罚裁量权' | 法条: 《重庆市规范行政处罚裁量权办法》第十四条第（三）项
《重庆市规范行政处罚裁量权办法》第十四条第（二）项,其他,ai,True,<泛类型>,仅给出条款编号，无法判断领域。,其他违法行为,(6-5) 程序性 | 匹配模式: '行政处罚裁量权' | 法条: 《重庆市规范行政处罚裁量权办法》第十四条第（二）项
《重庆市规范行政处罚裁量权办法》第十四条第（四）项,其他,ai,True,<泛类型>,仅有办法条款序号，无法判断领域。,其他违法行为,(6-5) 程序性 | 匹配模式: '行政处罚裁量权' | 法条: 《重庆市规范行政处罚裁量权办法》第十四条第（四）项
《重庆市规范行政处罚裁量权办法》第十四条（二）项,其他,ai,True,<泛类型>,仅给出条款编号，无法判断领域。,其他违法行为,(6-5) 程序性 | 匹配模式: '行政处罚裁量权' | 法条: 《重庆市规范行政处罚裁量权办法》第十四条（二）项
《重庆市计量监督管理条例》,计量/器具,ai,True,<泛类型>,《重庆市计量监督管理条例》属计量管理。,计量/器具,(6-7) 泛型法条被AI分为具体分类'计量/器具'，应删除 | 原标记: <泛类型> | 法条: 《重庆市计量监督管理条例》
《重庆市计量监督管理条例》第十二条第（二）项,计量/器具,ai,True,<泛类型>,条文出自计量监督管理专门规定。,计量/器具,(6-7) 泛型法条被AI分为具体分类'计量/器具'，应删除 | 原标记: <泛类型> | 法条: 《重庆市计量监督管理条例》第十二条第（二）项
《重庆市铜梁县龙泽水务有限责任公司违约金管理规定》,环境保护,ai,True,<泛类型>,涉供水企业违约金内部管理规定。,水资源,(6-7) 泛型法条被AI分为具体分类'环境保护'，应删除 | 原标记: <泛类型> | 法条: 《重庆市铜梁县龙泽水务有限责任公司违约金管理规定》
《重庆市长渝活塞有限公司R225图纸113111-Z810120》,侵犯商标/知识产权,ai,True,<泛类型>,涉及企业技术图纸知识产权内容。,侵犯商标/知识产权,(6-7) 泛型法条被AI分为具体分类'侵犯商标/知识产权'，应删除 | 原标记: <泛类型> | 法条: 《重庆市长渝活塞有限公司R225图纸113111-Z810120》
《重庆市长渝活塞有限公司普通170F图纸103101-000》,侵犯商标/知识产权,ai,True,<泛类型>,企业图纸名称涉及技术资料权利。,侵犯商标/知识产权,(6-7) 泛型法条被AI分为具体分类'侵犯商标/知识产权'，应删除 | 原标记: <泛类型> | 法条: 《重庆市长渝活塞有限公司普通170F图纸103101-000》
《重庆市防御雷电灾害管理办法》第三十二条,安全生产,ai,True,<泛类型>,防御雷电灾害属安全生产管理范畴。,安全生产,(6-7) 泛型法条被AI分为具体分类'安全生产'，应删除 | 原标记: <泛类型> | 法条: 《重庆市防御雷电灾害管理办法》第三十二条
《重庆市防御雷电灾害管理办法》第二十条,安全生产,ai,True,<泛类型>,防御雷电灾害属生产经营安全管理。,安全生产,(6-7) 泛型法条被AI分为具体分类'安全生产'，应删除 | 原标记: <泛类型> | 法条: 《重庆市防御雷电灾害管理办法》第二十条
《重庆建筑管理条例》第六十六条的规定,建设工程与房地产,ai,True,<泛类型>,《重庆建筑管理条例》属工程建设管理。,建设工程,(6-7) 泛型法条被AI分为具体分类'建设工程与房地产'，应删除 | 原标记: <泛类型> | 法条: 《重庆建筑管理条例》第六十六条的规定
《重庆建筑管理条例》第六十六条第七项,建设工程与房地产,ai,True,<泛类型>,《重庆建筑管理条例》属建设工程管理。,建设工程,(6-7) 泛型法条被AI分为具体分类'建设工程与房地产'，应删除 | 原标记: <泛类型> | 法条: 《重庆建筑管理条例》第六十六条第七项
《重庆志成机械股份有限公司股权转让协议》,*股权转让纠纷*,ai,True,<泛类型>,《股权转让协议》引发民商事争议。,*股权转让纠纷*,(6-6) AI分类含星号'*股权转让纠纷*'，分类不确定 | 法条: 《重庆志成机械股份有限公司股权转让协议》
《重庆志成机械股份有限公司董事会决议》,*公司治理决议违规*,ai,True,<泛类型>,仅涉公司董事会决议事项。,*公司治理决议违规*,(6-6) AI分类含星号'*公司治理决议违规*'，分类不确定 | 法条: 《重庆志成机械股份有限公司董事会决议》
《重庆晚报》,公共文化与传媒,ai,True,<泛类型>,《重庆晚报》属报纸传媒领域。,公共文化与传媒,(6-7) 泛型法条被AI分为具体分类'公共文化与传媒'，应删除 | 原标记: <泛类型> | 法条: 《重庆晚报》
《重庆晨报》,公共文化与传媒,ai,True,<泛类型>,《重庆晨报》属新闻传媒领域。,公共文化与传媒,(6-7) 泛型法条被AI分为具体分类'公共文化与传媒'，应删除 | 原标记: <泛类型> | 法条: 《重庆晨报》
《重庆电视台生活频道》,公共文化与传媒,ai,True,<泛类型>,仅提及电视台频道，属传媒领域。,公共文化与传媒,(6-7) 泛型法条被AI分为具体分类'公共文化与传媒'，应删除 | 原标记: <泛类型> | 法条: 《重庆电视台生活频道》
《重庆聚艺影视舞台设备有限公司网站项目服务合同》,市场秩序与竞争监管,ai,True,<泛类型>,网站项目服务合同纠纷，涉服务交易秩序。,消费者权益/市场秩序,(6-7) 泛型法条被AI分为具体分类'市场秩序与竞争监管'，应删除 | 原标记: <泛类型> | 法条: 《重庆聚艺影视舞台设备有限公司网站项目服务合同》
《重点用能单位节能管理办法》第十五条,*节能管理违法*,ai,True,<泛类型>,依据重点用能单位节能管理办法的规定。,*节能管理违法*,(6-6) AI分类含星号'*节能管理违法*'，分类不确定 | 法条: 《重点用能单位节能管理办法》第十五条
《重点监管企业VOCs“一企一策”方案》,环境保护,ai,True,<泛类型>,涉及重点监管VOCs治理与排放控制。,环境保护,(6-7) 泛型法条被AI分为具体分类'环境保护'，应删除 | 原标记: <泛类型> | 法条: 《重点监管企业VOCs“一企一策”方案》
《重组竹地板》,产品质量与安全,ai,True,<泛类型>,涉及《重组竹地板》产品标准规范。,产品质量,(6-7) 泛型法条被AI分为具体分类'产品质量与安全'，应删除 | 原标记: <泛类型> | 法条: 《重组竹地板》
《金乡县人民政府关于对天元建设集团有限公司“4.21”一般坠落事故等4起事故调查报告的批复》,安全生产,ai,True,<泛类型>,“4.21”坠落事故属生产安全事故。,安全生产,(6-7) 泛型法条被AI分为具体分类'安全生产'，应删除 | 原标记: <泛类型> | 法条: 《金乡县人民政府关于对天元建设集团有限公司“4.21”一般坠落事故等4起事故调查报告的批复》
《金华市婺城区综合行政执法局行政处罚自由裁量权细化标准》第【处罚-06548-000】项,其他,ai,True,<泛类型>,仅给出条款编号，无法判断具体领域。,其他违法行为,(6-5) 程序性 | 匹配模式: '行政处罚自由裁量权' | 法条: 《金华市婺城区综合行政执法局行政处罚自由裁量权细化标准》第【处罚-06548-000】项
《金华市市场监督管理局行政处罚自由裁量权暂行规定》第一章第九条,其他,ai,True,<泛类型>,仅见条款编号，无具体行为内容。,其他违法行为,(6-5) 程序性 | 匹配模式: '行政处罚自由裁量权' | 法条: 《金华市市场监督管理局行政处罚自由裁量权暂行规定》第一章第九条
《金华市景德洪商贸有限公司租赁合同》,*合同租赁纠纷*,ai,True,<泛类型>,仅涉及租赁合同权利义务。,*合同租赁纠纷*,(6-6) AI分类含星号'*合同租赁纠纷*'，分类不确定 | 法条: 《金华市景德洪商贸有限公司租赁合同》
《金属切削机床型号编制方法》,产品质量与安全,ai,True,<泛类型>,机床型号编制属产品标准规范。,产品质量,(6-7) 泛型法条被AI分为具体分类'产品质量与安全'，应删除 | 原标记: <泛类型> | 法条: 《金属切削机床型号编制方法》
《金属切削机床型号编制方法》第5.2.2条,*金属机床标准*,ai,True,<泛类型>,涉及机床型号编制国家标准规范。,*金属机床标准*,(6-6) AI分类含星号'*金属机床标准*'，分类不确定 | 法条: 《金属切削机床型号编制方法》第5.2.2条
《金属材料室温拉伸试验方法》,产品质量与安全,ai,True,<泛类型>,《金属材料室温拉伸试验方法》属产品质量标准。,产品质量,(6-7) 泛型法条被AI分为具体分类'产品质量与安全'，应删除 | 原标记: <泛类型> | 法条: 《金属材料室温拉伸试验方法》
《金属材料弯曲试验方法》,产品质量与安全,ai,True,<泛类型>,涉及金属材料试验标准规范。,产品质量,(6-7) 泛型法条被AI分为具体分类'产品质量与安全'，应删除 | 原标记: <泛类型> | 法条: 《金属材料弯曲试验方法》
《金浩仁和天地合同网签表》,建设工程与房地产,ai,True,<泛类型>,《合同网签表》系房地产网签相关。,房地产/土地,(6-7) 泛型法条被AI分为具体分类'建设工程与房地产'，应删除 | 原标记: <泛类型> | 法条: 《金浩仁和天地合同网签表》
《钜丰薪资表》,劳动保障,ai,True,<泛类型>,《薪资表》涉及工资报酬管理。,劳动保障/用工,(6-7) 泛型法条被AI分为具体分类'劳动保障'，应删除 | 原标记: <泛类型> | 法条: 《钜丰薪资表》
《钟山县储备粮管理办法》第二十四条及,粮食/储备粮管理,ai,True,<泛类型>,依据储备粮管理办法第二十四条规定。,粮食/储备粮管理,(6-7) 泛型法条被AI分为具体分类'粮食/储备粮管理'，应删除 | 原标记: <泛类型> | 法条: 《钟山县储备粮管理办法》第二十四条及
《钢瓶充装前、后检查及充装记录》,安全生产,ai,True,<泛类型>,钢瓶充装属危化品安全管理范畴。,安全生产/危化品,(6-7) 泛型法条被AI分为具体分类'安全生产'，应删除 | 原标记: <泛类型> | 法条: 《钢瓶充装前、后检查及充装记录》
《钢筋机械连接技术规程》,建设工程与房地产,ai,True,<泛类型>,建筑领域钢筋连接施工技术规程。,建设工程,(6-7) 泛型法条被AI分为具体分类'建设工程与房地产'，应删除 | 原标记: <泛类型> | 法条: 《钢筋机械连接技术规程》
《钢筋机械连接技术规程》第7.0.4条,建设工程与房地产,ai,True,<泛类型>,建筑施工用钢筋连接技术规范要求。,建设工程,(6-7) 泛型法条被AI分为具体分类'建设工程与房地产'，应删除 | 原标记: <泛类型> | 法条: 《钢筋机械连接技术规程》第7.0.4条
《钢筋混凝土用钢第2部分:热轧带肋钢筋》,产品质量与安全,ai,True,<泛类型>,产品标准规范，属产品质量管理。,产品质量,(6-7) 泛型法条被AI分为具体分类'产品质量与安全'，应删除 | 原标记: <泛类型> | 法条: 《钢筋混凝土用钢第2部分:热轧带肋钢筋》
《钢筋混凝土用钢第2部分:热轧带肋钢筋》第9.3条,产品质量与安全,ai,True,<泛类型>,产品标准条款对应钢筋质量要求。,产品质量,(6-7) 泛型法条被AI分为具体分类'产品质量与安全'，应删除 | 原标记: <泛类型> | 法条: 《钢筋混凝土用钢第2部分:热轧带肋钢筋》第9.3条
《钢筋混凝土用钢第2部分：热轧带肋钢筋》,产品质量与安全,ai,True,<泛类型>,为产品质量国家标准，属质量规范。,产品质量,(6-7) 泛型法条被AI分为具体分类'产品质量与安全'，应删除 | 原标记: <泛类型> | 法条: 《钢筋混凝土用钢第2部分：热轧带肋钢筋》
《钢结构设计规范》,建设工程与房地产,ai,True,<泛类型>,《钢结构设计规范》属工程建设标准。,建设工程,(6-7) 泛型法条被AI分为具体分类'建设工程与房地产'，应删除 | 原标记: <泛类型> | 法条: 《钢结构设计规范》
《钱江晚报》,公共文化与传媒,ai,True,<泛类型>,《钱江晚报》系报纸媒体机构。,公共文化与传媒,(6-7) 泛型法条被AI分为具体分类'公共文化与传媒'，应删除 | 原标记: <泛类型> | 法条: 《钱江晚报》
《铁制和铜制螺纹连接阀门》,产品质量与安全,ai,True,<泛类型>,产品标准《螺纹连接阀门》属质量规范。,产品质量,(6-7) 泛型法条被AI分为具体分类'产品质量与安全'，应删除 | 原标记: <泛类型> | 法条: 《铁制和铜制螺纹连接阀门》
《铁水运行记录》,交通运输,ai,True,<泛类型>,涉及铁水运行记录，属交通运输管理。,交通运输违规,(6-7) 泛型法条被AI分为具体分类'交通运输'，应删除 | 原标记: <泛类型> | 法条: 《铁水运行记录》
《铁路货物装卸作业计费办法》,市场秩序与竞争监管,ai,True,<泛类型>,《铁路货物装卸作业计费办法》属收费管理规定。,价格/收费,(6-7) 泛型法条被AI分为具体分类'市场秩序与竞争监管'，应删除 | 原标记: <泛类型> | 法条: 《铁路货物装卸作业计费办法》
《铁路货物装卸作业计费办法》第22条,市场秩序与竞争监管,ai,True,<泛类型>,计费办法属收费标准管理范围。,价格/收费,(6-7) 泛型法条被AI分为具体分类'市场秩序与竞争监管'，应删除 | 原标记: <泛类型> | 法条: 《铁路货物装卸作业计费办法》第22条
《铁道货运》,交通运输,ai,True,<泛类型>,《铁道货运》属铁路运输管理规范。,交通运输违规,(6-7) 泛型法条被AI分为具体分类'交通运输'，应删除 | 原标记: <泛类型> | 法条: 《铁道货运》
《铜川市人民政府关于地方教育费附加征收管理有关问题的通知》,财税与金融监管,ai,True,<泛类型>,涉及教育费附加征收管理问题。,税收违规,(6-7) 泛型法条被AI分为具体分类'财税与金融监管'，应删除 | 原标记: <泛类型> | 法条: 《铜川市人民政府关于地方教育费附加征收管理有关问题的通知》
《铜陵市义安区人民政府关于铜陵市天门钙业有限责任公司“5·31”高处坠落事故调查报告的批复》,安全生产,ai,True,<泛类型>,高处坠落事故调查批复，属安全生产。,安全生产,(6-7) 泛型法条被AI分为具体分类'安全生产'，应删除 | 原标记: <泛类型> | 法条: 《铜陵市义安区人民政府关于铜陵市天门钙业有限责任公司“5·31”高处坠落事故调查报告的批复》
《铜陵日报》,公共文化与传媒,ai,True,<泛类型>,《铜陵日报》属新闻传媒领域管理。,公共文化与传媒,(6-7) 泛型法条被AI分为具体分类'公共文化与传媒'，应删除 | 原标记: <泛类型> | 法条: 《铜陵日报》
《铝合金建筑型材 第6部分：隔热型材》,产品质量与安全,ai,True,<泛类型>,产品执行铝合金建筑型材产品标准相关。,产品质量,(6-7) 泛型法条被AI分为具体分类'产品质量与安全'，应删除 | 原标记: <泛类型> | 法条: 《铝合金建筑型材 第6部分：隔热型材》
《银川阅海湾新华联广场1号地峰上项目2019年度物料制作及采购合同》,建设工程与房地产,ai,True,<泛类型>,系建设工程项目物料采购合同。,建设工程,(6-7) 泛型法条被AI分为具体分类'建设工程与房地产'，应删除 | 原标记: <泛类型> | 法条: 《银川阅海湾新华联广场1号地峰上项目2019年度物料制作及采购合同》
《银湖街道渣土车整治处理流转单》,交通运输,ai,True,<泛类型>,渣土车整治涉及道路运输管理。,交通运输违规,(6-7) 泛型法条被AI分为具体分类'交通运输'，应删除 | 原标记: <泛类型> | 法条: 《银湖街道渣土车整治处理流转单》
《银监会关于加大防范操作风险工作力度的通知》,财税与金融监管,ai,True,<泛类型>,《银监会通知》属银行监管与信贷管理。,金融/信贷违规,(6-7) 泛型法条被AI分为具体分类'财税与金融监管'，应删除 | 原标记: <泛类型> | 法条: 《银监会关于加大防范操作风险工作力度的通知》
《铺设海底电缆管道管理规定》第六条和,海事安全,ai,True,<泛类型>,海底电缆管道设在海域，属海事安全。,海事安全,(6-7) 泛型法条被AI分为具体分类'海事安全'，应删除 | 原标记: <泛类型> | 法条: 《铺设海底电缆管道管理规定》第六条和
《铺设海底电缆管道管理规定实施办法》第六条、第二十条,*海底电缆管道管理*,ai,True,<泛类型>,依据海底电缆管道专项管理规定。,*海底电缆管道管理*,(6-6) AI分类含星号'*海底电缆管道管理*'，分类不确定 | 法条: 《铺设海底电缆管道管理规定实施办法》第六条、第二十条
《销售凭单》,财税与金融监管,ai,True,<泛类型>,《销售凭单》属财务票据管理。,会计/账务,(6-7) 泛型法条被AI分为具体分类'财税与金融监管'，应删除 | 原标记: <泛类型> | 法条: 《销售凭单》
《销售单》,财税与金融监管,ai,True,<泛类型>,《销售单》属票据凭证管理问题。,会计/账务,(6-7) 泛型法条被AI分为具体分类'财税与金融监管'，应删除 | 原标记: <泛类型> | 法条: 《销售单》
《销售发货单》,财税与金融监管,ai,True,<泛类型>,销售发货单属会计票据凭证范畴。,会计/账务,(6-7) 泛型法条被AI分为具体分类'财税与金融监管'，应删除 | 原标记: <泛类型> | 法条: 《销售发货单》
《销售合同》,消费者权益/市场秩序,ai,True,<泛类型>,基于《销售合同》产生买卖纠纷。,消费者权益纠纷,(6-7) 泛型法条被AI分为具体分类'消费者权益/市场秩序'，应删除 | 原标记: <泛类型> | 法条: 《销售合同》
《销售收据》,财税与金融监管,ai,True,<泛类型>,销售收据属财务票据管理范畴。,会计/账务,(6-7) 泛型法条被AI分为具体分类'财税与金融监管'，应删除 | 原标记: <泛类型> | 法条: 《销售收据》
《销售明细表》,财税与金融监管,ai,True,<泛类型>,《销售明细表》属财务会计凭证。,会计/账务,(6-7) 泛型法条被AI分为具体分类'财税与金融监管'，应删除 | 原标记: <泛类型> | 法条: 《销售明细表》
《销售服务、无形资产、不动产注释》,财税与金融监管,ai,True,<泛类型>,系增值税注释，属税收征管。,税收违规,(6-7) 泛型法条被AI分为具体分类'财税与金融监管'，应删除 | 原标记: <泛类型> | 法条: 《销售服务、无形资产、不动产注释》
《销售服务、无形资产、不动产注释》第一条第(五)项之规定,财税与金融监管,ai,True,<泛类型>,系增值税销售范围注释，属税收问题。,税收违规,(6-7) 泛型法条被AI分为具体分类'财税与金融监管'，应删除 | 原标记: <泛类型> | 法条: 《销售服务、无形资产、不动产注释》第一条第(五)项之规定
《销售统计表》,统计相关,ai,True,<泛类型>,涉及销售统计表统计管理要求。,统计相关,(6-7) 泛型法条被AI分为具体分类'统计相关'，应删除 | 原标记: <泛类型> | 法条: 《销售统计表》
《销售记录》,市场秩序与竞争监管,ai,True,<泛类型>,《销售记录》属市场交易管理规范。,消费者权益/市场秩序,(6-7) 泛型法条被AI分为具体分类'市场秩序与竞争监管'，应删除 | 原标记: <泛类型> | 法条: 《销售记录》
《销货单》,财税与金融监管,ai,True,<泛类型>,销货单属会计票据凭证管理。,会计/账务,(6-7) 泛型法条被AI分为具体分类'财税与金融监管'，应删除 | 原标记: <泛类型> | 法条: 《销货单》
《销货清单》,财税与金融监管,ai,True,<泛类型>,销货清单属于财务票据凭证范畴。,会计/账务,(6-7) 泛型法条被AI分为具体分类'财税与金融监管'，应删除 | 原标记: <泛类型> | 法条: 《销货清单》
《锅炉产品合格证》,安全生产,ai,True,<泛类型>,《锅炉产品合格证》属锅炉特种设备管理。,特种设备,(6-7) 泛型法条被AI分为具体分类'安全生产'，应删除 | 原标记: <泛类型> | 法条: 《锅炉产品合格证》
《锅炉制造监督检验证书》,安全生产,ai,True,<泛类型>,锅炉属特种设备监管范畴。,特种设备,(6-7) 泛型法条被AI分为具体分类'安全生产'，应删除 | 原标记: <泛类型> | 法条: 《锅炉制造监督检验证书》
《锅炉生产委托加工协议》,安全生产,ai,True,<泛类型>,《锅炉生产委托加工协议》涉及锅炉生产。,特种设备,(6-7) 泛型法条被AI分为具体分类'安全生产'，应删除 | 原标记: <泛类型> | 法条: 《锅炉生产委托加工协议》
《锅炉经营合作协议》,安全生产,ai,True,<泛类型>,锅炉属特种设备经营合作相关。,特种设备,(6-7) 泛型法条被AI分为具体分类'安全生产'，应删除 | 原标记: <泛类型> | 法条: 《锅炉经营合作协议》
《锅炉购销协议》,安全生产,ai,True,<泛类型>,锅炉属特种设备购销相关。,特种设备,(6-7) 泛型法条被AI分为具体分类'安全生产'，应删除 | 原标记: <泛类型> | 法条: 《锅炉购销协议》
《锦屏县市场监督管理局质量约谈记录》,产品质量与安全,ai,True,<泛类型>,质量约谈记录，涉及产品质量监管。,产品质量,(6-7) 泛型法条被AI分为具体分类'产品质量与安全'，应删除 | 原标记: <泛类型> | 法条: 《锦屏县市场监督管理局质量约谈记录》
《镇环监（2023）噪字第001号》,环境保护,ai,True,<泛类型>,文号“噪字”指噪声环境污染案件。,环境保护,(6-7) 泛型法条被AI分为具体分类'环境保护'，应删除 | 原标记: <泛类型> | 法条: 《镇环监（2023）噪字第001号》
《长寿文化》,公共文化与传媒,ai,True,<泛类型>,与文化出版传播相关领域。,公共文化与传媒,(6-7) 泛型法条被AI分为具体分类'公共文化与传媒'，应删除 | 原标记: <泛类型> | 法条: 《长寿文化》
《长春市商品煤质量管理暂行办法实施细则》,环境保护,ai,True,<泛类型>,商品煤质量管理，涉及大气环境污染。,环境保护,(6-7) 泛型法条被AI分为具体分类'环境保护'，应删除 | 原标记: <泛类型> | 法条: 《长春市商品煤质量管理暂行办法实施细则》
《长春市规范行政处罚自由裁量权实施办法》第十二条第（三）项,其他,ai,True,<泛类型>,仅给出条款编号，无法判断具体领域。,其他违法行为,(6-5) 程序性 | 匹配模式: '行政处罚自由裁量权' | 法条: 《长春市规范行政处罚自由裁量权实施办法》第十二条第（三）项
《长江中游分道航行规则(试行)》第七条,海事安全,ai,True,<泛类型>,涉航行规则管理，属水上交通安全。,海事安全,(6-7) 泛型法条被AI分为具体分类'海事安全'，应删除 | 原标记: <泛类型> | 法条: 《长江中游分道航行规则(试行)》第七条
《长江中游分道航行规则》第六条第三款,海事安全,ai,True,<泛类型>,属内河船舶航行规则，海事安全领域。,海事安全,(6-7) 泛型法条被AI分为具体分类'海事安全'，应删除 | 原标记: <泛类型> | 法条: 《长江中游分道航行规则》第六条第三款
《长江保护法》第七十二条、,环境保护,ai,True,<泛类型>,《长江保护法》属生态环境保护法律。,环境保护,(6-7) 泛型法条被AI分为具体分类'环境保护'，应删除 | 原标记: <泛类型> | 法条: 《长江保护法》第七十二条、
《长江日报》,公共文化与传媒,ai,True,<泛类型>,《长江日报》系新闻媒体报刊相关。,公共文化与传媒,(6-7) 泛型法条被AI分为具体分类'公共文化与传媒'，应删除 | 原标记: <泛类型> | 法条: 《长江日报》
《长沙县长沙市明辉机械设备制造有限公司“1.19”机械伤害事故调查报告的批复》,安全生产,ai,True,<泛类型>,“机械伤害事故”调查批复属安全生产监管。,安全生产,(6-7) 泛型法条被AI分为具体分类'安全生产'，应删除 | 原标记: <泛类型> | 法条: 《长沙县长沙市明辉机械设备制造有限公司“1.19”机械伤害事故调查报告的批复》
《长沙市城市管理条例》第三十条第三款,*城市市容管理*,ai,True,<泛类型>,依据城市管理条例规定市容秩序。,*城市市容管理*,(6-6) AI分类含星号'*城市市容管理*'，分类不确定 | 法条: 《长沙市城市管理条例》第三十条第三款
《长沙市城市管理条例》第四十六条第四款,*城市管理秩序*,ai,True,<泛类型>,依据城市管理条例属城管领域。,*城市管理秩序*,(6-6) AI分类含星号'*城市管理秩序*'，分类不确定 | 法条: 《长沙市城市管理条例》第四十六条第四款
《门前新三包自我管理承诺书》,*市容环境管理*,ai,True,<泛类型>,《门前三包》属门前市容环境管理。,*市容环境管理*,(6-6) AI分类含星号'*市容环境管理*'，分类不确定 | 法条: 《门前新三包自我管理承诺书》
《门前新三包自我管理责任书》,市容环境管理*,ai,True,<泛类型>,门前三包属市容卫生管理职责。,市容环境管理*,(6-6) AI分类含星号'市容环境管理*'，分类不确定 | 法条: 《门前新三包自我管理责任书》
《门禁及安保管理办法》,治安管理,ai,True,<泛类型>,门禁及安保管理直接涉及治安秩序。,治安管理,(6-7) 泛型法条被AI分为具体分类'治安管理'，应删除 | 原标记: <泛类型> | 法条: 《门禁及安保管理办法》
《门诊日志》,卫生健康,ai,True,<泛类型>,《门诊日志》属医疗服务管理规范。,医疗卫生,(6-7) 泛型法条被AI分为具体分类'卫生健康'，应删除 | 原标记: <泛类型> | 法条: 《门诊日志》
《闽东侨报》,公共文化与传媒,ai,True,<泛类型>,《闽东侨报》属新闻传媒领域相关。,公共文化与传媒,(6-7) 泛型法条被AI分为具体分类'公共文化与传媒'，应删除 | 原标记: <泛类型> | 法条: 《闽东侨报》
《闽西日报》,公共文化与传媒,ai,True,<泛类型>,《闽西日报》属报纸传媒领域相关。,公共文化与传媒,(6-7) 泛型法条被AI分为具体分类'公共文化与传媒'，应删除 | 原标记: <泛类型> | 法条: 《闽西日报》
《防城港市商品房预售资金监管办法》,建设工程与房地产,ai,True,<泛类型>,《商品房预售资金监管办法》属房地产监管。,房地产/土地,(6-7) 泛型法条被AI分为具体分类'建设工程与房地产'，应删除 | 原标记: <泛类型> | 法条: 《防城港市商品房预售资金监管办法》
《防城港市商品房预售资金监管办法》第十八条、第二十一条,建设工程与房地产,ai,True,<泛类型>,商品房预售资金监管办法，属房地产领域。,房地产/土地,(6-7) 泛型法条被AI分为具体分类'建设工程与房地产'，应删除 | 原标记: <泛类型> | 法条: 《防城港市商品房预售资金监管办法》第十八条、第二十一条
《防护服装 阻燃防护 第2部分：焊接服》,产品质量与安全,ai,True,<泛类型>,涉及防护服装焊接服产品标准规范。,产品质量,(6-7) 泛型法条被AI分为具体分类'产品质量与安全'，应删除 | 原标记: <泛类型> | 法条: 《防护服装 阻燃防护 第2部分：焊接服》
《防护服装阻燃防护第2部分:焊接服》,产品质量与安全,ai,True,<泛类型>,《焊接服》产品标准，属质量要求。,产品质量,(6-7) 泛型法条被AI分为具体分类'产品质量与安全'，应删除 | 原标记: <泛类型> | 法条: 《防护服装阻燃防护第2部分:焊接服》
《防止静电事故通用导则》,安全生产,ai,True,<泛类型>,防止静电事故，属生产安全管理。,安全生产,(6-7) 泛型法条被AI分为具体分类'安全生产'，应删除 | 原标记: <泛类型> | 法条: 《防止静电事故通用导则》
《防水卷材设备买卖合同》,消费者权益/市场秩序,ai,True,<泛类型>,设备买卖合同范畴，属交易纠纷。,消费者权益纠纷,(6-7) 泛型法条被AI分为具体分类'消费者权益/市场秩序'，应删除 | 原标记: <泛类型> | 法条: 《防水卷材设备买卖合同》
《防治煤与瓦斯突出细则》第三十六条,安全生产,ai,True,<泛类型>,煤矿防治瓦斯突出，属安全生产。,安全生产,(6-7) 泛型法条被AI分为具体分类'安全生产'，应删除 | 原标记: <泛类型> | 法条: 《防治煤与瓦斯突出细则》第三十六条
《防治煤与瓦斯突出细则》第三十六条第二款;8.,安全生产,ai,True,<泛类型>,煤矿瓦斯突出防治细则属安全生产规范。,安全生产,(6-7) 泛型法条被AI分为具体分类'安全生产'，应删除 | 原标记: <泛类型> | 法条: 《防治煤与瓦斯突出细则》第三十六条第二款;8.
《防治煤与瓦斯突出细则》第四十七条第二款,安全生产,ai,True,<泛类型>,《防治煤与瓦斯突出细则》属矿山安全生产规范。,安全生产,(6-7) 泛型法条被AI分为具体分类'安全生产'，应删除 | 原标记: <泛类型> | 法条: 《防治煤与瓦斯突出细则》第四十七条第二款
《防治煤与瓦斯突出细则》第四十九条第一款,安全生产,ai,True,<泛类型>,《防治煤与瓦斯突出细则》属矿山安全规范。,安全生产,(6-7) 泛型法条被AI分为具体分类'安全生产'，应删除 | 原标记: <泛类型> | 法条: 《防治煤与瓦斯突出细则》第四十九条第一款
《防治煤与瓦斯突出细则》第四十五条第二款、,安全生产,ai,True,<泛类型>,煤矿瓦斯突出防治细则，属安全生产。,安全生产,(6-7) 泛型法条被AI分为具体分类'安全生产'，应删除 | 原标记: <泛类型> | 法条: 《防治煤与瓦斯突出细则》第四十五条第二款、
《防灭火岗位责任制度》,消防安全,ai,True,<泛类型>,防火灭火岗位职责直接属消防管理。,消防安全,(6-7) 泛型法条被AI分为具体分类'消防安全'，应删除 | 原标记: <泛类型> | 法条: 《防灭火岗位责任制度》
《防盗门供货合同》,消费者权益/市场秩序,ai,True,<泛类型>,供货合同纠纷，一般属消费者权益。,消费者权益纠纷,(6-7) 泛型法条被AI分为具体分类'消费者权益/市场秩序'，应删除 | 原标记: <泛类型> | 法条: 《防盗门供货合同》
《防雷减灾管理办法》第三十五条,安全生产,ai,True,<泛类型>,《防雷减灾管理办法》属安全生产管理规章。,安全生产,(6-7) 泛型法条被AI分为具体分类'安全生产'，应删除 | 原标记: <泛类型> | 法条: 《防雷减灾管理办法》第三十五条
《防雷减灾管理办法》第三十五条第一项,安全生产,ai,True,<泛类型>,防雷减灾属安全生产管理领域。,安全生产,(6-7) 泛型法条被AI分为具体分类'安全生产'，应删除 | 原标记: <泛类型> | 法条: 《防雷减灾管理办法》第三十五条第一项
《防雷减灾管理办法（修订）》,安全生产,ai,True,<泛类型>,《防雷减灾管理办法》属安全生产管理。,安全生产,(6-7) 泛型法条被AI分为具体分类'安全生产'，应删除 | 原标记: <泛类型> | 法条: 《防雷减灾管理办法（修订）》
《防雷减灾管理办法（修订）》第24号）第三十四条,安全生产,ai,True,<泛类型>,《防雷减灾管理办法》属防雷安全管理。,安全生产,(6-7) 泛型法条被AI分为具体分类'安全生产'，应删除 | 原标记: <泛类型> | 法条: 《防雷减灾管理办法（修订）》第24号）第三十四条
《防雷减灾管理办法（修订）》第24号）第十五、十七条,*防雷安全管理*,ai,True,<泛类型>,依据防雷减灾管理办法条款内容。,*防雷安全管理*,(6-6) AI分类含星号'*防雷安全管理*'，分类不确定 | 法条: 《防雷减灾管理办法（修订）》第24号）第十五、十七条
《阳泉市富丽城住宅前期物业服务等级与收费标准》,市场秩序与竞争监管,ai,True,<泛类型>,物业服务收费标准，属价格管理。,价格/收费,(6-7) 泛型法条被AI分为具体分类'市场秩序与竞争监管'，应删除 | 原标记: <泛类型> | 法条: 《阳泉市富丽城住宅前期物业服务等级与收费标准》
《阳泉沃尔玛超市关于韭菜销售情况说明》,产品质量与安全,ai,True,<泛类型>,超市韭菜销售行为涉食品安全监管。,食品药品,(6-7) 泛型法条被AI分为具体分类'产品质量与安全'，应删除 | 原标记: <泛类型> | 法条: 《阳泉沃尔玛超市关于韭菜销售情况说明》
《附着式升降脚手架租赁合同》,建设工程与房地产,ai,True,<泛类型>,涉及脚手架施工租赁合同管理。,建设工程,(6-7) 泛型法条被AI分为具体分类'建设工程与房地产'，应删除 | 原标记: <泛类型> | 法条: 《附着式升降脚手架租赁合同》
《陇东报》,公共文化与传媒,ai,True,<泛类型>,《陇东报》属报刊媒体范畴。,公共文化与传媒,(6-7) 泛型法条被AI分为具体分类'公共文化与传媒'，应删除 | 原标记: <泛类型> | 法条: 《陇东报》
《限期拆除决定书》,建筑使用安全,ai,True,<泛类型>,限期拆除多系违法建筑安全问题。,建筑使用安全,(6-7) 泛型法条被AI分为具体分类'建筑使用安全'，应删除 | 原标记: <泛类型> | 法条: 《限期拆除决定书》
《限期拆除告知书》,建筑使用安全,ai,True,<泛类型>,限期拆除违法建筑物告知。,建筑使用安全,(6-7) 泛型法条被AI分为具体分类'建筑使用安全'，应删除 | 原标记: <泛类型> | 法条: 《限期拆除告知书》
《限额以上批发和零售业经营情况》,统计相关,ai,True,<泛类型>,《限额以上批发和零售业经营情况》属统计报表管理。,统计相关,(6-7) 泛型法条被AI分为具体分类'统计相关'，应删除 | 原标记: <泛类型> | 法条: 《限额以上批发和零售业经营情况》
《陕西富源煤业单班入井限员方案》,安全生产,ai,True,<泛类型>,煤矿单班入井限员属安全生产管理。,安全生产,(6-7) 泛型法条被AI分为具体分类'安全生产'，应删除 | 原标记: <泛类型> | 法条: 《陕西富源煤业单班入井限员方案》
《陕西省人民政府办公厅关于印发陕西省地方教育费附加征收管理办法的通知》,财税与金融监管,ai,True,<泛类型>,教育费附加属税费征收管理范畴。,税收违规,(6-7) 泛型法条被AI分为具体分类'财税与金融监管'，应删除 | 原标记: <泛类型> | 法条: 《陕西省人民政府办公厅关于印发陕西省地方教育费附加征收管理办法的通知》
《陕西省卫生计生行政处罚自由裁量权实施标准》第303条,卫生健康,ai,True,<泛类型>,卫生计生系统内部裁量标准，属医疗卫生。,医疗卫生,(6-5) 程序性 | 匹配模式: '行政处罚自由裁量权' | 法条: 《陕西省卫生计生行政处罚自由裁量权实施标准》第303条
《陕西省发展和改革委员会文件》,市场秩序与竞争监管,ai,True,<泛类型>,《发展改革委文件》通常规范价格收费。,价格/收费,(6-7) 泛型法条被AI分为具体分类'市场秩序与竞争监管'，应删除 | 原标记: <泛类型> | 法条: 《陕西省发展和改革委员会文件》
《陕西省地方教育附加征收管理办法》第三条,财税与金融监管,ai,True,<泛类型>,涉及教育附加征收管理，属税收范畴。,税收违规,(6-7) 泛型法条被AI分为具体分类'财税与金融监管'，应删除 | 原标记: <泛类型> | 法条: 《陕西省地方教育附加征收管理办法》第三条
《陕西省城市市政公用设施管理条例》第十八条第八款,*市政设施管理*,ai,True,<泛类型>,针对城市市政公用设施管理行为。,*市政设施管理*,(6-6) AI分类含星号'*市政设施管理*'，分类不确定 | 法条: 《陕西省城市市政公用设施管理条例》第十八条第八款
《陕西省城市市政公用设施管理条例》第四十八条,*市政公用设施管理*,ai,True,<泛类型>,针对城市市政公用设施管理规定。,*市政公用设施管理*,(6-6) AI分类含星号'*市政公用设施管理*'，分类不确定 | 法条: 《陕西省城市市政公用设施管理条例》第四十八条
《陕西省工商行政管理局关于继续开展长期停业未经营企业清理工作的通知》,市场主体与登记治理,ai,True,<泛类型>,针对长期停业未经营企业清理。,未开业/自行停业,(6-7) 泛型法条被AI分为具体分类'市场主体与登记治理'，应删除 | 原标记: <泛类型> | 法条: 《陕西省工商行政管理局关于继续开展长期停业未经营企业清理工作的通知》
《陕西省市场监督管理局行政处罚裁量权适用规则(修订)》第十一条第(三)项,其他,ai,True,<泛类型>,仅给出条款序号，无法判断具体类型。,其他违法行为,(6-5) 程序性 | 匹配模式: '行政处罚裁量权' | 法条: 《陕西省市场监督管理局行政处罚裁量权适用规则(修订)》第十一条第(三)项
《陕西省市场监督管理局行政处罚裁量权适用规则》第十一条,其他,ai,True,<泛类型>,仅有条款编号，无具体行为内容。,其他违法行为,(6-5) 程序性 | 匹配模式: '行政处罚裁量权' | 法条: 《陕西省市场监督管理局行政处罚裁量权适用规则》第十一条
《陕西省征收地方教育费规定》,市场秩序与竞争监管,ai,True,<泛类型>,《征收地方教育费规定》属收费管理事项。,价格/收费,(6-7) 泛型法条被AI分为具体分类'市场秩序与竞争监管'，应删除 | 原标记: <泛类型> | 法条: 《陕西省征收地方教育费规定》
《陕西省民用建筑节能条例》第二十七条,建设工程与房地产,ai,True,<泛类型>,民用建筑节能要求，属建设工程监管。,建设工程,(6-7) 泛型法条被AI分为具体分类'建设工程与房地产'，应删除 | 原标记: <泛类型> | 法条: 《陕西省民用建筑节能条例》第二十七条
《陕西省水利建设基金筹集和使用管理办法》,环境保护,ai,True,<泛类型>,水利建设基金属水利水资源管理事项。,水资源,(6-7) 泛型法条被AI分为具体分类'环境保护'，应删除 | 原标记: <泛类型> | 法条: 《陕西省水利建设基金筹集和使用管理办法》
《陶瓷片密封水嘴》,产品质量与安全,ai,True,<泛类型>,产品标准《陶瓷片密封水嘴》属产品质量规范。,产品质量,(6-7) 泛型法条被AI分为具体分类'产品质量与安全'，应删除 | 原标记: <泛类型> | 法条: 《陶瓷片密封水嘴》
《陶瓷砖》,产品质量与安全,ai,True,<泛类型>,《陶瓷砖》为产品质量技术标准。,产品质量,(6-7) 泛型法条被AI分为具体分类'产品质量与安全'，应删除 | 原标记: <泛类型> | 法条: 《陶瓷砖》
《隐蔽致灾因素普查报告》,安全生产,ai,True,<泛类型>,《隐蔽致灾因素普查报告》属安全生产管理。,安全生产,(6-7) 泛型法条被AI分为具体分类'安全生产'，应删除 | 原标记: <泛类型> | 法条: 《隐蔽致灾因素普查报告》
《隔绝式压缩氧气自救器》,产品质量与安全,ai,True,<泛类型>,《隔绝式压缩氧气自救器》属产品标准规范。,产品质量,(6-7) 泛型法条被AI分为具体分类'产品质量与安全'，应删除 | 原标记: <泛类型> | 法条: 《隔绝式压缩氧气自救器》
《零星预收电费明细表》,市场秩序与竞争监管,ai,True,<泛类型>,涉及电费收取，属价格收费问题。,价格/收费,(6-7) 泛型法条被AI分为具体分类'市场秩序与竞争监管'，应删除 | 原标记: <泛类型> | 法条: 《零星预收电费明细表》
《露酒》,产品质量与安全,ai,True,<泛类型>,露酒属于酒类食品管理范畴。,食品药品,(6-7) 泛型法条被AI分为具体分类'产品质量与安全'，应删除 | 原标记: <泛类型> | 法条: 《露酒》
《青山区2023年巩固和提升全国文明城市创建水平暨迎接国家卫生城镇复审专项行动实施方案》,*文明城市创建管理*,ai,True,<泛类型>,专项行动方案，侧重文明城市管理。,*文明城市创建管理*,(6-6) AI分类含星号'*文明城市创建管理*'，分类不确定 | 法条: 《青山区2023年巩固和提升全国文明城市创建水平暨迎接国家卫生城镇复审专项行动实施方案》
《青岛“3·21”“ARZOYI”轮断缆事故调查报告》,海事安全,ai,True,<泛类型>,船舶断缆事故，涉水上交通与海事安全。,海事安全,(6-7) 泛型法条被AI分为具体分类'海事安全'，应删除 | 原标记: <泛类型> | 法条: 《青岛“3·21”“ARZOYI”轮断缆事故调查报告》
《青岛市人民政府关于青岛市高新区“12.26”一般起重机械挤压事故调查报告的批复》,安全生产,ai,True,<泛类型>,起重机械挤压事故，典型生产安全事故。,安全生产,(6-7) 泛型法条被AI分为具体分类'安全生产'，应删除 | 原标记: <泛类型> | 法条: 《青岛市人民政府关于青岛市高新区“12.26”一般起重机械挤压事故调查报告的批复》
《青岛市住房和城乡建设局行政处罚自由裁量基准》,建设工程与房地产,ai,True,<泛类型>,《住建局处罚基准》属工程建设监管。,建设工程,(6-7) 泛型法条被AI分为具体分类'建设工程与房地产'，应删除 | 原标记: <泛类型> | 法条: 《青岛市住房和城乡建设局行政处罚自由裁量基准》
《青岛市住房和城乡建设局行政处罚自由裁量权细化量化表》,建设工程与房地产,ai,True,<泛类型>,住建局处罚细则，针对建设工程行为。,建设工程,(6-5) 程序性 | 匹配模式: '行政处罚自由裁量权' | 法条: 《青岛市住房和城乡建设局行政处罚自由裁量权细化量化表》
《青岛市住房和城乡建设局行政处罚裁量基准》,建设工程与房地产,ai,True,<泛类型>,《住建局处罚裁量基准》针对建设工程管理。,建设工程,(6-7) 泛型法条被AI分为具体分类'建设工程与房地产'，应删除 | 原标记: <泛类型> | 法条: 《青岛市住房和城乡建设局行政处罚裁量基准》
《青岛市商品房预售合同》,建设工程与房地产,ai,True,<泛类型>,商品房预售合同纠纷，属房地产领域。,房地产/土地,(6-7) 泛型法条被AI分为具体分类'建设工程与房地产'，应删除 | 原标记: <泛类型> | 法条: 《青岛市商品房预售合同》
《青岛市城市管理相对集中行政处罚权条例》,*城市管理执法*,ai,True,<泛类型>,依据城市管理处罚权相关规定。,*城市管理执法*,(6-6) AI分类含星号'*城市管理执法*'，分类不确定 | 法条: 《青岛市城市管理相对集中行政处罚权条例》
《青岛市工商行政管理局行政处罚权裁量标准》,市场秩序与竞争监管,ai,True,<泛类型>,《工商行政管理局》处罚标准侧重市场秩序。,消费者权益/市场秩序,(6-7) 泛型法条被AI分为具体分类'市场秩序与竞争监管'，应删除 | 原标记: <泛类型> | 法条: 《青岛市工商行政管理局行政处罚权裁量标准》
《青岛市市北区市场监督管理局检验结果告知书》,产品质量与安全,ai,True,<泛类型>,检验结果告知，多涉及产品质量问题。,产品质量,(6-7) 泛型法条被AI分为具体分类'产品质量与安全'，应删除 | 原标记: <泛类型> | 法条: 《青岛市市北区市场监督管理局检验结果告知书》
《青岛市建筑外立面管理办法》第十二条,建筑使用安全,ai,True,<泛类型>,建筑外立面管理直接关系使用安全。,建筑使用安全,(6-7) 泛型法条被AI分为具体分类'建筑使用安全'，应删除 | 原标记: <泛类型> | 法条: 《青岛市建筑外立面管理办法》第十二条
《青岛市建筑废弃物管理办法》第十四条,环境保护,ai,True,<泛类型>,建筑废弃物管理实质属环境管理。,环境保护,(6-7) 泛型法条被AI分为具体分类'环境保护'，应删除 | 原标记: <泛类型> | 法条: 《青岛市建筑废弃物管理办法》第十四条
《青岛市文化市场行政执法局行政处罚自由裁量标准》,公共文化与传媒,ai,True,<泛类型>,文化市场执法标准，属文化传媒监管。,公共文化与传媒,(6-7) 泛型法条被AI分为具体分类'公共文化与传媒'，应删除 | 原标记: <泛类型> | 法条: 《青岛市文化市场行政执法局行政处罚自由裁量标准》
《青岛市网络预约出租汽车经营 服务管理暂行办法》第四十二条第一款第二项,交通运输,ai,True,<泛类型>,规制网约车经营服务行为，属运输管理。,交通运输违规,(6-7) 泛型法条被AI分为具体分类'交通运输'，应删除 | 原标记: <泛类型> | 法条: 《青岛市网络预约出租汽车经营 服务管理暂行办法》第四十二条第一款第二项
《青岛市网络预约出租汽车经营服务管理暂行办法》第四十二条第一款第二项,交通运输,ai,True,<泛类型>,网约出租车管理办法，属交通运输领域。,交通运输违规,(6-7) 泛型法条被AI分为具体分类'交通运输'，应删除 | 原标记: <泛类型> | 法条: 《青岛市网络预约出租汽车经营服务管理暂行办法》第四十二条第一款第二项
《青岛市网络预约出租汽车经营服务管理暂行办法》第四十四条一款二项对公司处以罚款,交通运输,ai,True,<泛类型>,网约车经营管理办法，属交通运输领域。,交通运输违规,(6-5) 处罚措施描述 | 匹配模式: '处以罚款' | 法条: 《青岛市网络预约出租汽车经营服务管理暂行办法》第四十四条一款二项对公司处以罚款
《青岛市计量技术研究院检定证书》,计量/器具,ai,True,<泛类型>,《检定证书》属于计量技术活动。,计量/器具,(6-7) 泛型法条被AI分为具体分类'计量/器具'，应删除 | 原标记: <泛类型> | 法条: 《青岛市计量技术研究院检定证书》
《青岛市高新区“12.26”一般起重机械挤压事故调查报告》,安全生产,ai,True,<泛类型>,起重机械挤压事故，属生产安全事故。,安全生产,(6-7) 泛型法条被AI分为具体分类'安全生产'，应删除 | 原标记: <泛类型> | 法条: 《青岛市高新区“12.26”一般起重机械挤压事故调查报告》
《青州市人民政府关于同意青州蒙特机械有限公司“4.5”一般机械伤害事故调查报告的批复》,安全生产,ai,True,<泛类型>,机械伤害事故调查批复，属安全生产。,安全生产,(6-7) 泛型法条被AI分为具体分类'安全生产'，应删除 | 原标记: <泛类型> | 法条: 《青州市人民政府关于同意青州蒙特机械有限公司“4.5”一般机械伤害事故调查报告的批复》
《青州蒙特机械有限公司“4?5”一般机械伤害事故调查报告》,安全生产,ai,True,<泛类型>,机械伤害事故调查，属安全生产领域。,安全生产,(6-7) 泛型法条被AI分为具体分类'安全生产'，应删除 | 原标记: <泛类型> | 法条: 《青州蒙特机械有限公司“4?5”一般机械伤害事故调查报告》
《青年时报》,公共文化与传媒,ai,True,<泛类型>,《青年时报》属报刊传媒领域。,公共文化与传媒,(6-7) 泛型法条被AI分为具体分类'公共文化与传媒'，应删除 | 原标记: <泛类型> | 法条: 《青年时报》
《青龙公司会计情况说明》,财税与金融监管,ai,True,<泛类型>,标题指公司会计情况说明相关。,会计/账务,(6-7) 泛型法条被AI分为具体分类'财税与金融监管'，应删除 | 原标记: <泛类型> | 法条: 《青龙公司会计情况说明》
《非发酵豆制品》,产品质量与安全,ai,True,<泛类型>,《非发酵豆制品》属食品安全标准。,食品药品,(6-7) 泛型法条被AI分为具体分类'产品质量与安全'，应删除 | 原标记: <泛类型> | 法条: 《非发酵豆制品》
《非自行指示秤》,计量/器具,ai,True,<泛类型>,非自行指示秤属计量器具监管范围。,计量/器具,(6-7) 泛型法条被AI分为具体分类'计量/器具'，应删除 | 原标记: <泛类型> | 法条: 《非自行指示秤》
《非首次进口药材品种目录》,海关/进出口,ai,True,<泛类型>,涉及药材进口管理目录规定。,海关/进出口,(6-7) 泛型法条被AI分为具体分类'海关/进出口'，应删除 | 原标记: <泛类型> | 法条: 《非首次进口药材品种目录》
《鞋里用聚氨酯合成革》,产品质量与安全,ai,True,<泛类型>,涉及鞋用材料产品质量标准。,产品质量,(6-7) 泛型法条被AI分为具体分类'产品质量与安全'，应删除 | 原标记: <泛类型> | 法条: 《鞋里用聚氨酯合成革》
《项目定界技术报告书》,建设工程与房地产,ai,True,<泛类型>,“项目定界技术报告书”属工程建设文件。】,建设工程,(6-7) 泛型法条被AI分为具体分类'建设工程与房地产'，应删除 | 原标记: <泛类型> | 法条: 《项目定界技术报告书》
《项目报价表》、,市场秩序与竞争监管,ai,True,<泛类型>,《项目报价表》涉及收费价格事项。,价格/收费,(6-7) 泛型法条被AI分为具体分类'市场秩序与竞争监管'，应删除 | 原标记: <泛类型> | 法条: 《项目报价表》、
《项目经理证》,建设工程与房地产,ai,True,<泛类型>,《项目经理证》系建设工程管理资格。,建设工程,(6-7) 泛型法条被AI分为具体分类'建设工程与房地产'，应删除 | 原标记: <泛类型> | 法条: 《项目经理证》
《项目融资业务指引》,财税与金融监管,ai,True,<泛类型>,项目融资业务属信贷类金融活动。,金融/信贷违规,(6-7) 泛型法条被AI分为具体分类'财税与金融监管'，应删除 | 原标记: <泛类型> | 法条: 《项目融资业务指引》
《项目融资顾问服务协议》,财税与金融监管,ai,True,<泛类型>,《项目融资顾问服务协议》涉融资服务。,金融/信贷违规,(6-7) 泛型法条被AI分为具体分类'财税与金融监管'，应删除 | 原标记: <泛类型> | 法条: 《项目融资顾问服务协议》
《预拌混凝土》,产品质量与安全,ai,True,<泛类型>,《预拌混凝土》属产品质量标准规范。,产品质量,(6-7) 泛型法条被AI分为具体分类'产品质量与安全'，应删除 | 原标记: <泛类型> | 法条: 《预拌混凝土》
《预拌混凝土买卖合同》,建设工程与房地产,ai,True,<泛类型>,预拌混凝土合同系工程建设材料交易。,建设工程,(6-7) 泛型法条被AI分为具体分类'建设工程与房地产'，应删除 | 原标记: <泛类型> | 法条: 《预拌混凝土买卖合同》
《额定电压450/750V及以下橡皮绝缘软线盒软电缆第2部分：通用橡套软电缆》,产品质量与安全,ai,True,<泛类型>,涉及电缆产品技术标准与质量要求。,产品质量,(6-7) 泛型法条被AI分为具体分类'产品质量与安全'，应删除 | 原标记: <泛类型> | 法条: 《额定电压450/750V及以下橡皮绝缘软线盒软电缆第2部分：通用橡套软电缆》
《食堂天然气管道更换方案》,燃气安全,ai,True,<泛类型>,涉及食堂天然气管道更换与安全管理。,燃气安全,(6-7) 泛型法条被AI分为具体分类'燃气安全'，应删除 | 原标记: <泛类型> | 法条: 《食堂天然气管道更换方案》
《食用玉米淀粉》,产品质量与安全,ai,True,<泛类型>,食用玉米淀粉属食品范畴管理。,食品药品,(6-7) 泛型法条被AI分为具体分类'产品质量与安全'，应删除 | 原标记: <泛类型> | 法条: 《食用玉米淀粉》
《食用盐》,产品质量与安全,ai,True,<泛类型>,食用盐属食品范畴监管。,食品药品,(6-7) 泛型法条被AI分为具体分类'产品质量与安全'，应删除 | 原标记: <泛类型> | 法条: 《食用盐》
《食用葛根粉》,产品质量与安全,ai,True,<泛类型>,《食用葛根粉》属食品范畴监管。,食品药品,(6-7) 泛型法条被AI分为具体分类'产品质量与安全'，应删除 | 原标记: <泛类型> | 法条: 《食用葛根粉》
《食用调味汁》,产品质量与安全,ai,True,<泛类型>,食用调味汁属食品范畴监管。,食品药品,(6-7) 泛型法条被AI分为具体分类'产品质量与安全'，应删除 | 原标记: <泛类型> | 法条: 《食用调味汁》
《食盐加碘消除碘缺乏危害管理条例》第二十五条,产品质量与安全,ai,True,<泛类型>,食盐加碘管理，属食品安全监管。,食品药品,(6-7) 泛型法条被AI分为具体分类'产品质量与安全'，应删除 | 原标记: <泛类型> | 法条: 《食盐加碘消除碘缺乏危害管理条例》第二十五条
《饮料通则》,产品质量与安全,ai,True,<泛类型>,饮料属食品范畴，适配食品监管。,食品药品,(6-7) 泛型法条被AI分为具体分类'产品质量与安全'，应删除 | 原标记: <泛类型> | 法条: 《饮料通则》
《饮料酒分类》,产品质量与安全,ai,True,<泛类型>,《饮料酒分类》属食品管理范围。,食品药品,(6-7) 泛型法条被AI分为具体分类'产品质量与安全'，应删除 | 原标记: <泛类型> | 法条: 《饮料酒分类》
《饮食业油烟排放标准》,环境保护,ai,True,<泛类型>,《饮食业油烟排放标准》属环境污染管控。,环境保护,(6-7) 泛型法条被AI分为具体分类'环境保护'，应删除 | 原标记: <泛类型> | 法条: 《饮食业油烟排放标准》
《饶平县柘林镇潮州电厂至益海嘉里供热管道项目“11·18”一般事故调查报告》,安全生产,ai,True,<泛类型>,“一般事故调查报告”典型安全生产事故。,安全生产,(6-7) 泛型法条被AI分为具体分类'安全生产'，应删除 | 原标记: <泛类型> | 法条: 《饶平县柘林镇潮州电厂至益海嘉里供热管道项目“11·18”一般事故调查报告》
《饼干质量通则》,产品质量与安全,ai,True,<泛类型>,涉及饼干质量标准与要求。,产品质量,(6-7) 泛型法条被AI分为具体分类'产品质量与安全'，应删除 | 原标记: <泛类型> | 法条: 《饼干质量通则》
《首次用药须知》,卫生健康,ai,True,<泛类型>,《首次用药须知》涉及医疗用药规范。,医疗卫生,(6-7) 泛型法条被AI分为具体分类'卫生健康'，应删除 | 原标记: <泛类型> | 法条: 《首次用药须知》
《首营企业审批表》,市场主体与登记治理,ai,True,<泛类型>,涉及首营企业审批备案管理情形。,无照经营/登记问题,(6-7) 泛型法条被AI分为具体分类'市场主体与登记治理'，应删除 | 原标记: <泛类型> | 法条: 《首营企业审批表》
《首营品种审批表》,产品质量与安全,ai,True,<泛类型>,《首营品种审批表》涉药品经营审批。,食品药品,(6-7) 泛型法条被AI分为具体分类'产品质量与安全'，应删除 | 原标记: <泛类型> | 法条: 《首营品种审批表》
《首饰 贵金属含量的测定 X射线荧光光谱法》,产品质量与安全,ai,True,<泛类型>,涉及首饰贵金属含量检测标准。,产品质量,(6-7) 泛型法条被AI分为具体分类'产品质量与安全'，应删除 | 原标记: <泛类型> | 法条: 《首饰 贵金属含量的测定 X射线荧光光谱法》
《首饰 贵金属纯度的规定及命名方法》,产品质量与安全,ai,True,<泛类型>,《首饰贵金属纯度规定》属产品质量标准。,产品质量,(6-7) 泛型法条被AI分为具体分类'产品质量与安全'，应删除 | 原标记: <泛类型> | 法条: 《首饰 贵金属纯度的规定及命名方法》
《香辛调味料制品》,产品质量与安全,ai,True,<泛类型>,香辛调味料属食品范畴监管。,食品药品,(6-7) 泛型法条被AI分为具体分类'产品质量与安全'，应删除 | 原标记: <泛类型> | 法条: 《香辛调味料制品》
《马德里协定》,侵犯商标/知识产权,ai,True,<泛类型>,马德里协定系商标国际注册条约。,侵犯商标/知识产权,(6-7) 泛型法条被AI分为具体分类'侵犯商标/知识产权'，应删除 | 原标记: <泛类型> | 法条: 《马德里协定》
《马铃薯片(条、块)》,产品质量与安全,ai,True,<泛类型>,产品标准类目，涉及质量规范。,产品质量,(6-7) 泛型法条被AI分为具体分类'产品质量与安全'，应删除 | 原标记: <泛类型> | 法条: 《马铃薯片(条、块)》
《马鞍山日报》,公共文化与传媒,ai,True,<泛类型>,《马鞍山日报》属新闻出版传媒领域。,公共文化与传媒,(6-7) 泛型法条被AI分为具体分类'公共文化与传媒'，应删除 | 原标记: <泛类型> | 法条: 《马鞍山日报》
《驻马店市驿城区工商分局流通领域商品质量抽查检验工作单》,产品质量与安全,ai,True,<泛类型>,商品质量抽查检验工作单，指向产品质量。,产品质量,(6-7) 泛型法条被AI分为具体分类'产品质量与安全'，应删除 | 原标记: <泛类型> | 法条: 《驻马店市驿城区工商分局流通领域商品质量抽查检验工作单》
《验资业务约定书》,财税与金融监管,ai,True,<泛类型>,验资业务属会计审计范畴。,会计/账务,(6-7) 泛型法条被AI分为具体分类'财税与金融监管'，应删除 | 原标记: <泛类型> | 法条: 《验资业务约定书》
《验资事项说明》,财税与金融监管,ai,True,<泛类型>,“验资事项”涉及资本及财务审计。,会计/账务,(6-7) 泛型法条被AI分为具体分类'财税与金融监管'，应删除 | 原标记: <泛类型> | 法条: 《验资事项说明》
《验资报告》,财税与金融监管,ai,True,<泛类型>,验资报告属财务会计范畴。,会计/账务,(6-7) 泛型法条被AI分为具体分类'财税与金融监管'，应删除 | 原标记: <泛类型> | 法条: 《验资报告》
《高中文言诗文全解精炼助读》,*教育出版物*,ai,True,<泛类型>,系语文辅导教材书名，与教学出版相关。,*教育出版物*,(6-6) AI分类含星号'*教育出版物*'，分类不确定 | 法条: 《高中文言诗文全解精炼助读》
《高处作业证》,安全生产,ai,True,<泛类型>,涉及高处作业票证管理属安全生产。,安全生产,(6-7) 泛型法条被AI分为具体分类'安全生产'，应删除 | 原标记: <泛类型> | 法条: 《高处作业证》
《高耗能落后机电设备(产品)淘汰目录(第二批)》,环境保护,ai,True,<泛类型>,能耗落后设备淘汰，属节能环保监管。,环境保护,(6-7) 泛型法条被AI分为具体分类'环境保护'，应删除 | 原标记: <泛类型> | 法条: 《高耗能落后机电设备(产品)淘汰目录(第二批)》
《鲁中晨报》,公共文化与传媒,ai,True,<泛类型>,报纸媒体相关，属文化传媒领域。,公共文化与传媒,(6-7) 泛型法条被AI分为具体分类'公共文化与传媒'，应删除 | 原标记: <泛类型> | 法条: 《鲁中晨报》
《鸡精调味料》,产品质量与安全,ai,True,<泛类型>,调味料属食品范畴管理。,食品药品,(6-7) 泛型法条被AI分为具体分类'产品质量与安全'，应删除 | 原标记: <泛类型> | 法条: 《鸡精调味料》
《鸭绿江晚报》,公共文化与传媒,ai,True,<泛类型>,报纸媒体相关，属公共文化传媒。,公共文化与传媒,(6-7) 泛型法条被AI分为具体分类'公共文化与传媒'，应删除 | 原标记: <泛类型> | 法条: 《鸭绿江晚报》
《鹿城区文化广电新闻出版局行政处罚自由裁量权指导标准（试行）》第十三项,公共文化与传媒,ai,True,<泛类型>,文化广电新闻出版局处罚事项属传媒领域。,公共文化与传媒,(6-5) 程序性 | 匹配模式: '行政处罚自由裁量权' | 法条: 《鹿城区文化广电新闻出版局行政处罚自由裁量权指导标准（试行）》第十三项
《鹿寨县市场监督管理局检验结果告知书》,产品质量与安全,ai,True,<泛类型>,市场监管局检验结果，多涉食品药品。,食品药品,(6-7) 泛型法条被AI分为具体分类'产品质量与安全'，应删除 | 原标记: <泛类型> | 法条: 《鹿寨县市场监督管理局检验结果告知书》
《麦购休闲广场业主收费项目公示》,市场秩序与竞争监管,ai,True,<泛类型>,系业主收费项目公示，涉收费管理。,价格/收费,(6-7) 泛型法条被AI分为具体分类'市场秩序与竞争监管'，应删除 | 原标记: <泛类型> | 法条: 《麦购休闲广场业主收费项目公示》
《麻醉机和呼吸机用呼吸管路》,产品质量与安全,ai,True,<泛类型>,医疗器械产品标准要求，属质量问题。,产品质量,(6-7) 泛型法条被AI分为具体分类'产品质量与安全'，应删除 | 原标记: <泛类型> | 法条: 《麻醉机和呼吸机用呼吸管路》
《黄河晚报》,公共文化与传媒,ai,True,<泛类型>,报纸媒体属性，属公共文化传媒。,公共文化与传媒,(6-7) 泛型法条被AI分为具体分类'公共文化与传媒'，应删除 | 原标记: <泛类型> | 法条: 《黄河晚报》
《黄酒》,产品质量与安全,ai,True,<泛类型>,黄酒属食品范畴监管。,食品药品,(6-7) 泛型法条被AI分为具体分类'产品质量与安全'，应删除 | 原标记: <泛类型> | 法条: 《黄酒》
《黑龙江省促进散装水泥发展条例》第三十五条,*散装水泥管理*,ai,True,<泛类型>,针对散装水泥推广使用管理。,*散装水泥管理*,(6-6) AI分类含星号'*散装水泥管理*'，分类不确定 | 法条: 《黑龙江省促进散装水泥发展条例》第三十五条
《黑龙江省促进散装水泥发展条例》第二十一条,*散装水泥管理*,ai,True,<泛类型>,针对散装水泥推广使用管理事项。,*散装水泥管理*,(6-6) AI分类含星号'*散装水泥管理*'，分类不确定 | 法条: 《黑龙江省促进散装水泥发展条例》第二十一条
《黑龙江省市场监督管理局行政处罚裁量权适用规则(试行)的通知》,其他,ai,True,<泛类型>,仅为处罚裁量规则通知，无法细分。,其他违法行为,(6-5) 程序性 | 匹配模式: '行政处罚裁量权' | 法条: 《黑龙江省市场监督管理局行政处罚裁量权适用规则(试行)的通知》
《黑龙江省市场监督管理行政处罚裁量权适用规则(试行)》第十一条第三项,其他,ai,True,<泛类型>,仅给条款序号无具体内容，无法判断。,其他违法行为,(6-5) 程序性 | 匹配模式: '行政处罚裁量权' | 法条: 《黑龙江省市场监督管理行政处罚裁量权适用规则(试行)》第十一条第三项
《黑龙江省建筑市场管理条例》第九条,建设工程与房地产,ai,True,<泛类型>,出自建筑市场管理条例，属建设工程。,建设工程,(6-7) 泛型法条被AI分为具体分类'建设工程与房地产'，应删除 | 原标记: <泛类型> | 法条: 《黑龙江省建筑市场管理条例》第九条
《黑龙江省建筑市场管理条例》第五十三条,建设工程与房地产,ai,True,<泛类型>,建筑市场管理条例属建设工程领域。,建设工程,(6-7) 泛型法条被AI分为具体分类'建设工程与房地产'，应删除 | 原标记: <泛类型> | 法条: 《黑龙江省建筑市场管理条例》第五十三条
《黑龙江省建筑市场管理条例》第四十四条,建设工程与房地产,ai,True,<泛类型>,依据建筑市场管理条例，属工程领域。,建设工程,(6-7) 泛型法条被AI分为具体分类'建设工程与房地产'，应删除 | 原标记: <泛类型> | 法条: 《黑龙江省建筑市场管理条例》第四十四条
《黑龙江省河道管理条例》第二十七条,环境保护,ai,True,<泛类型>,依据河道管理条例，属水事管理。,水资源,(6-7) 泛型法条被AI分为具体分类'环境保护'，应删除 | 原标记: <泛类型> | 法条: 《黑龙江省河道管理条例》第二十七条
《黑龙江省统计行政处罚自由裁量权执行标准》第九条第四款,统计相关,ai,True,<泛类型>,《统计行政处罚》标准，属统计领域。,统计相关,(6-5) 程序性 | 匹配模式: '行政处罚自由裁量权' | 法条: 《黑龙江省统计行政处罚自由裁量权执行标准》第九条第四款
《黑龙江省统计行政处罚裁量基准》第七条第一款,统计相关,ai,True,<泛类型>,依据统计行政处罚裁量基准内容。,统计相关,(6-7) 泛型法条被AI分为具体分类'统计相关'，应删除 | 原标记: <泛类型> | 法条: 《黑龙江省统计行政处罚裁量基准》第七条第一款
《黔东南三友管业有限公司关于Ф200mm聚乙烯双壁波纹管材的整改方案》,产品质量与安全,ai,True,<泛类型>,涉及管材整改方案，属产品质量问题。,产品质量,(6-7) 泛型法条被AI分为具体分类'产品质量与安全'，应删除 | 原标记: <泛类型> | 法条: 《黔东南三友管业有限公司关于Ф200mm聚乙烯双壁波纹管材的整改方案》
《齐河县人民政府关于同意山东莱钢永锋钢铁有限公司“5·14”一般触电事故调查报告的批复》,安全生产,ai,True,<泛类型>,企业触电事故调查，典型安全生产责任问题。,安全生产,(6-7) 泛型法条被AI分为具体分类'安全生产'，应删除 | 原标记: <泛类型> | 法条: 《齐河县人民政府关于同意山东莱钢永锋钢铁有限公司“5·14”一般触电事故调查报告的批复》
《齐鲁晚报》,公共文化与传媒,ai,True,<泛类型>,《齐鲁晚报》系新闻传媒报纸。,公共文化与传媒,(6-7) 泛型法条被AI分为具体分类'公共文化与传媒'，应删除 | 原标记: <泛类型> | 法条: 《齐鲁晚报》
《龙游华水水业发展有限公司水费通知单》,市场秩序与竞争监管,ai,True,<泛类型>,《水费通知单》涉及水费收费问题。,价格/收费,(6-7) 泛型法条被AI分为具体分类'市场秩序与竞争监管'，应删除 | 原标记: <泛类型> | 法条: 《龙游华水水业发展有限公司水费通知单》
《龙湖公司瓶装液化石油气供应站检测钢瓶收、发记录表》,燃气安全,ai,True,<泛类型>,涉及液化石油气钢瓶检测记录管理。,燃气安全,(6-7) 泛型法条被AI分为具体分类'燃气安全'，应删除 | 原标记: <泛类型> | 法条: 《龙湖公司瓶装液化石油气供应站检测钢瓶收、发记录表》
上述3项,其他,ai,True,<泛类型>,仅有“上述3项”描述，无法判断具体类型。,其他违法行为,(6-8) 法条不含书名号 | 法条: 上述3项
上述第二项,其他,ai,True,<泛类型>,仅有“上述第二项”字样，信息不足。,其他违法行为,(6-8) 法条不含书名号 | 法条: 上述第二项
下列支出不得扣除:(四)罚金、罚款,财税与金融监管,ai,True,<泛类型>,系税前扣除范围规定，属税务问题。,税收违规,(6-7) 泛型法条被AI分为具体分类'财税与金融监管'，应删除 | 原标记: <泛类型> | 法条: 下列支出不得扣除:(四)罚金、罚款
不得擅自修改专项,其他,ai,True,<泛类型>,信息极少，仅写“不得擅自修改专项”。,其他违法行为,(6-8) 法条不含书名号 | 法条: 不得擅自修改专项
不符合GB50054-2011低压配电设计规范第7.4.1条的规定,建设工程与房地产,ai,True,<泛类型>,涉及配电设计规范，属建筑电气设计。,建设工程,(6-7) 泛型法条被AI分为具体分类'建设工程与房地产'，应删除 | 原标记: <泛类型> | 法条: 不符合GB50054-2011低压配电设计规范第7.4.1条的规定
且存在1项违反强制性条款,其他,ai,True,<泛类型>,仅示“违反强制性条款”，无法细分。,其他违法行为,(6-8) 法条不含书名号 | 法条: 且存在1项违反强制性条款
两项,其他,ai,True,<泛类型>,仅给出“两项”无法识别具体领域。,其他违法行为,(6-8) 法条不含书名号 | 法条: 两项
为收讫款项或者取得索取销售款项,市场秩序与竞争监管,ai,True,<泛类型>,涉及收取价款和销售款项行为。,价格/收费,(6-7) 泛型法条被AI分为具体分类'市场秩序与竞争监管'，应删除 | 原标记: <泛类型> | 法条: 为收讫款项或者取得索取销售款项
为服务、无形资产转让完成的当天或者不动产权属变更的当天。”之规定,财税与金融监管,ai,True,<泛类型>,涉服务、不动产税收纳税时间规定。,税收违规,(6-7) 泛型法条被AI分为具体分类'财税与金融监管'，应删除 | 原标记: <泛类型> | 法条: 为服务、无形资产转让完成的当天或者不动产权属变更的当天。”之规定
为查明案情,其他,ai,True,<泛类型>,仅有“为查明案情”，无法判断具体类型。,其他违法行为,(6-8) 法条不含书名号 | 法条: 为查明案情
为此,其他,ai,True,<泛类型>,条文内容缺失，无法判断具体类型。,其他违法行为,(6-8) 法条不含书名号 | 法条: 为此
为销项,其他,ai,True,<泛类型>,“为销项”信息极少，无法判断具体类型。,其他违法行为,(6-8) 法条不含书名号 | 法条: 为销项
乘客支付订单车费106.93元,交通运输违规,ai,True,(匹配)其他,仅为车费支付事实，无违法内容。,不予处罚,(6-8) 法条不含书名号 | 法条: 乘客支付订单车费106.93元
乘客支付订单车费113.98元,交通运输违规,ai,True,(匹配)消费者权益/市场秩序,涉及乘客支付车费的消费争议。,消费者权益纠纷,(6-8) 法条不含书名号 | 法条: 乘客支付订单车费113.98元
乘客支付订单车费14.8元,交通运输违规,ai,True,(匹配)其他,仅为车费金额描述，无违法情节。,不予处罚,(6-8) 法条不含书名号 | 法条: 乘客支付订单车费14.8元
乘客支付订单车费15.56元,交通运输违规,ai,True,(匹配)其他,仅为乘客正常支付车费，无违规情节。,不予处罚,(6-8) 法条不含书名号 | 法条: 乘客支付订单车费15.56元
乘客支付订单车费16元,交通运输违规,ai,True,(匹配)其他,仅为正常支付车费行为，无违法情形。,不予处罚,(6-8) 法条不含书名号 | 法条: 乘客支付订单车费16元
乘客支付订单车费24.75元,交通运输违规,ai,True,(匹配)交通运输,涉及乘客支付车费，属交通出行场景。,交通运输违规,(6-8) 法条不含书名号 | 法条: 乘客支付订单车费24.75元
乘客支付订单车费42.36元,交通运输违规,ai,True,(匹配)其他,仅为车费支付事实，无违法信息。,不予处罚,(6-8) 法条不含书名号 | 法条: 乘客支付订单车费42.36元
乘客支付订单车费43.6元,交通运输违规,ai,True,(匹配)交通运输,涉及乘客车费订单支付情形。,交通运输违规,(6-8) 法条不含书名号 | 法条: 乘客支付订单车费43.6元
乘客支付订单车费47.83元,交通运输违规,ai,True,(匹配)其他,仅为车费金额记载，无违法信息。,不予处罚,(6-8) 法条不含书名号 | 法条: 乘客支付订单车费47.83元
乘客支付订单车费48.13元,交通运输违规,ai,True,(匹配)市场秩序与竞争监管,涉及乘客支付车费金额与收费问题。,价格/收费,(6-8) 法条不含书名号 | 法条: 乘客支付订单车费48.13元
乘客支付订单车费49.2元,交通运输违规,ai,True,(匹配)其他,仅为车费金额描述，无涉违法情节。,不予处罚,(6-8) 法条不含书名号 | 法条: 乘客支付订单车费49.2元
予以罚款,其他,ai,True,<泛类型>,仅有“予以罚款”，无法判断类型。,其他违法行为,(6-8) 法条不含书名号 | 法条: 予以罚款
于2016年8月31日作出罚款,其他,ai,True,<泛类型>,仅有处罚时间信息，无法判断类型。,其他违法行为,(6-8) 法条不含书名号 | 法条: 于2016年8月31日作出罚款
从中获利536.82元。在我局调查过程中,*违法所得数额*,ai,True,<泛类型>,仅提及获利金额无具体违法内容。,*违法所得数额*,(6-6) AI分类含星号'*违法所得数额*'，分类不确定 | 法条: 从中获利536.82元。在我局调查过程中
从事第三十四条第一至六项,其他,ai,True,<泛类型>,仅见条款序号，无具体行为内容。,其他违法行为,(6-8) 法条不含书名号 | 法条: 从事第三十四条第一至六项
从轻处罚,其他,ai,True,<泛类型>,仅有“从轻处罚”字样，无法判断类型。,其他违法行为,(6-8) 法条不含书名号 | 法条: 从轻处罚
从轻处罚一般按最高罚款,其他,ai,True,<泛类型>,“从轻处罚”表述笼统，无法细分领域。,其他违法行为,(6-8) 法条不含书名号 | 法条: 从轻处罚一般按最高罚款
企业未发生过相同行为的违法行为,其他,ai,True,<泛类型>,首次违法无前科，符合从轻免责。,不予处罚,(6-8) 法条不含书名号 | 法条: 企业未发生过相同行为的违法行为
但是不包括收取的销项,其他,ai,True,<泛类型>,语句残缺无法判断具体领域。,其他违法行为,(6-8) 法条不含书名号 | 法条: 但是不包括收取的销项
但相关商品收银时并未按活动进行减免,市场秩序与竞争监管,ai,True,<泛类型>,涉及未按促销活动价格结算收费。,价格/收费,(6-7) 泛型法条被AI分为具体分类'市场秩序与竞争监管'，应删除 | 原标记: <泛类型> | 法条: 但相关商品收银时并未按活动进行减免
作出“罚款,其他,ai,True,<泛类型>,仅有“罚款”字样，无法判断具体领域。,其他违法行为,(6-8) 法条不含书名号 | 法条: 作出“罚款
作出以下行政处罚决定:处以罚款,其他,ai,True,<泛类型>,仅有“处以罚款”，无法判断具体类型。,其他违法行为,(6-5) 处罚措施描述 | 匹配模式: '处以罚款' | 法条: 作出以下行政处罚决定:处以罚款
作出处二千元罚款,其他,ai,True,<泛类型>,仅有罚款金额描述，无法判断类型。,其他违法行为,(6-8) 法条不含书名号 | 法条: 作出处二千元罚款
作出如下行政处罚:1、处以罚款,其他,ai,True,<泛类型>,仅见罚款结果，无法判断类型。,其他违法行为,(6-5) 处罚措施描述 | 匹配模式: '处以罚款' | 法条: 作出如下行政处罚:1、处以罚款
作出如下行政处罚:处以罚款,其他,ai,True,<泛类型>,仅有处罚结果，无法判断具体类型。,其他违法行为,(6-5) 处罚措施描述 | 匹配模式: '处以罚款' | 法条: 作出如下行政处罚:处以罚款
作出如下行政处罚:处罚款,其他,ai,True,<泛类型>,未提供具体违法事实或法条内容。,其他违法行为,(6-8) 法条不含书名号 | 法条: 作出如下行政处罚:处罚款
作出如下行政处罚:罚款,其他,ai,True,<泛类型>,仅有罚款结果，无法判断类型。,其他违法行为,(6-8) 法条不含书名号 | 法条: 作出如下行政处罚:罚款
作出如下行政处罚:责令改正,其他,ai,True,<泛类型>,仅见“责令改正”，无法确定领域。,其他违法行为,(6-8) 法条不含书名号 | 法条: 作出如下行政处罚:责令改正
作出如下行政处罚决定:罚款,其他,ai,True,<泛类型>,仅见罚款决定，无具体案由信息。,其他违法行为,(6-8) 法条不含书名号 | 法条: 作出如下行政处罚决定:罚款
作出如下行政处罚：1、处以罚款,其他,ai,True,<泛类型>,仅见罚款结果，无具体违法内容。,其他违法行为,(6-5) 处罚措施描述 | 匹配模式: '处以罚款' | 法条: 作出如下行政处罚：1、处以罚款
作出如下行政处罚：处以罚款,其他,ai,True,<泛类型>,仅有处罚结果无案情细节，无法判断。,其他违法行为,(6-5) 处罚措施描述 | 匹配模式: '处以罚款' | 法条: 作出如下行政处罚：处以罚款
作出如下行政处罚：罚款,其他,ai,True,<泛类型>,仅有罚款信息，无法判断类型。,其他违法行为,(6-8) 法条不含书名号 | 法条: 作出如下行政处罚：罚款
作出罚款,其他,ai,True,<泛类型>,仅有“作出罚款”字样，无法判断。,其他违法行为,(6-8) 法条不含书名号 | 法条: 作出罚款
你公司在限定期限内整改完毕,其他,ai,True,<泛类型>,仅说明按期整改，无违法情节。,不予处罚,(6-8) 法条不含书名号 | 法条: 你公司在限定期限内整改完毕
你公司采取将货款,其他,ai,True,<泛类型>,语句残缺无法判断具体类型。,其他违法行为,(6-8) 法条不含书名号 | 法条: 你公司采取将货款
你单位已申报销项,其他,ai,True,<泛类型>,“已申报销项”信息单一，无法判断具体类型。,其他违法行为,(6-8) 法条不含书名号 | 法条: 你单位已申报销项
你单位监理的该项,其他,ai,True,<泛类型>,条文信息极少，无法具体判断。,其他违法行为,(6-8) 法条不含书名号 | 法条: 你单位监理的该项
依据(《中华人民共和国建筑法》第六十四条,建设工程与房地产,ai,True,<泛类型>,引用建筑法条款，属工程建设行为。,建设工程,(6-7) 泛型法条被AI分为具体分类'建设工程与房地产'，应删除 | 原标记: <泛类型> | 法条: 依据(《中华人民共和国建筑法》第六十四条
依据《上海市停车场(库)管理办法》第三十三条第一款第一项,交通运输,ai,True,<泛类型>,停车场管理属城市交通管理领域。,交通运输违规,(6-7) 泛型法条被AI分为具体分类'交通运输'，应删除 | 原标记: <泛类型> | 法条: 依据《上海市停车场(库)管理办法》第三十三条第一款第一项
依据《上海市出租汽车管理条例》第四十四条第一款第三项,交通运输,ai,True,<泛类型>,《出租汽车管理条例》属道路运输管理。,交通运输违规,(6-7) 泛型法条被AI分为具体分类'交通运输'，应删除 | 原标记: <泛类型> | 法条: 依据《上海市出租汽车管理条例》第四十四条第一款第三项
依据《中华人民共和国水法》第六十九条,环境保护,ai,True,<泛类型>,《水法》属水资源管理领域。,水资源,(6-7) 泛型法条被AI分为具体分类'环境保护'，应删除 | 原标记: <泛类型> | 法条: 依据《中华人民共和国水法》第六十九条
依据《中华人民共和国水法》第六十九条第(一)项,环境保护,ai,True,<泛类型>,援引《水法》第六十九条属水资源管理。,水资源,(6-7) 泛型法条被AI分为具体分类'环境保护'，应删除 | 原标记: <泛类型> | 法条: 依据《中华人民共和国水法》第六十九条第(一)项
依据《中华人民共和国水法》第六十九条第一款,环境保护,ai,True,<泛类型>,《水法》属水资源管理领域。,水资源,(6-7) 泛型法条被AI分为具体分类'环境保护'，应删除 | 原标记: <泛类型> | 法条: 依据《中华人民共和国水法》第六十九条第一款
依据《中华人民共和国水法》第六十九条第一项,环境保护,ai,True,<泛类型>,《水法》规范水资源利用与保护。,水资源,(6-7) 泛型法条被AI分为具体分类'环境保护'，应删除 | 原标记: <泛类型> | 法条: 依据《中华人民共和国水法》第六十九条第一项
依据《中华人民共和国水法》第六十九条第一项之规定,环境保护,ai,True,<泛类型>,《水法》规范水资源管理利用。,水资源,(6-7) 泛型法条被AI分为具体分类'环境保护'，应删除 | 原标记: <泛类型> | 法条: 依据《中华人民共和国水法》第六十九条第一项之规定
依据《中华人民共和国节约能源法》第七十条,环境保护,ai,True,<泛类型>,节约能源法属生态环境与资源保护。,环境保护,(6-7) 泛型法条被AI分为具体分类'环境保护'，应删除 | 原标记: <泛类型> | 法条: 依据《中华人民共和国节约能源法》第七十条
依据《中华人民共和国计量法》第二十五条,计量/器具,ai,True,<泛类型>,《计量法》条款直接对应计量领域。,计量/器具,(6-7) 泛型法条被AI分为具体分类'计量/器具'，应删除 | 原标记: <泛类型> | 法条: 依据《中华人民共和国计量法》第二十五条
依据《全国经济普查条例》第三十六条第一款第(二)项,统计相关,ai,True,<泛类型>,全国经济普查条例属于统计领域管理。,统计相关,(6-7) 泛型法条被AI分为具体分类'统计相关'，应删除 | 原标记: <泛类型> | 法条: 依据《全国经济普查条例》第三十六条第一款第(二)项
依据《全国经济普查条例》第三十六条第一款第(二)项及第二款,统计相关,ai,True,<泛类型>,依据经济普查条例，属统计类违法。,统计相关,(6-7) 泛型法条被AI分为具体分类'统计相关'，应删除 | 原标记: <泛类型> | 法条: 依据《全国经济普查条例》第三十六条第一款第(二)项及第二款
依据《公共场所卫生管理条,卫生健康,ai,True,<泛类型>,公共场所卫生管理法规，属卫生监管。,医疗卫生,(6-7) 泛型法条被AI分为具体分类'卫生健康'，应删除 | 原标记: <泛类型> | 法条: 依据《公共场所卫生管理条
依据《公共场所卫生管理条例实施细则》第三十五条第一款,卫生健康,ai,True,<泛类型>,《公共场所卫生管理条例》属卫生监管。,医疗卫生,(6-7) 泛型法条被AI分为具体分类'卫生健康'，应删除 | 原标记: <泛类型> | 法条: 依据《公共场所卫生管理条例实施细则》第三十五条第一款
依据《公共场所卫生管理条例实施细则》第三十六条第(二)项,卫生健康,ai,True,<泛类型>,公共场所卫生管理规范，属卫生监管。,医疗卫生,(6-7) 泛型法条被AI分为具体分类'卫生健康'，应删除 | 原标记: <泛类型> | 法条: 依据《公共场所卫生管理条例实施细则》第三十六条第(二)项
依据《公共场所卫生管理条例实施细则》第三十六条第二项,卫生健康,ai,True,<泛类型>,依据公共场所卫生管理条例，属卫生监管。,医疗卫生,(6-7) 泛型法条被AI分为具体分类'卫生健康'，应删除 | 原标记: <泛类型> | 法条: 依据《公共场所卫生管理条例实施细则》第三十六条第二项
依据《兽药管理条例》第五十六条第一款,产品质量与安全,ai,True,<泛类型>,兽药监管归属药品范畴管理。,食品药品,(6-7) 泛型法条被AI分为具体分类'产品质量与安全'，应删除 | 原标记: <泛类型> | 法条: 依据《兽药管理条例》第五十六条第一款
依据《内部资料性出版物管理办法》第十六条第二款,公共文化与传媒,ai,True,<泛类型>,《内部资料性出版物管理》属出版传媒管理。,公共文化与传媒,(6-7) 泛型法条被AI分为具体分类'公共文化与传媒'，应删除 | 原标记: <泛类型> | 法条: 依据《内部资料性出版物管理办法》第十六条第二款
依据《北京市人民防空条例》第四十七条,*人民防空管理*,ai,True,<泛类型>,依据《北京市人民防空条例》属人防管理。,*人民防空管理*,(6-6) AI分类含星号'*人民防空管理*'，分类不确定 | 法条: 依据《北京市人民防空条例》第四十七条
依据《危险性较大的分部分项,建设工程与房地产,ai,True,<泛类型>,涉及危险性较大分部分项工程施工管理。,建设工程,(6-7) 泛型法条被AI分为具体分类'建设工程与房地产'，应删除 | 原标记: <泛类型> | 法条: 依据《危险性较大的分部分项
依据《商品房销售管理办法》第四十二条,建设工程与房地产,ai,True,<泛类型>,《商品房销售管理办法》属房地产领域。,房地产/土地,(6-7) 泛型法条被AI分为具体分类'建设工程与房地产'，应删除 | 原标记: <泛类型> | 法条: 依据《商品房销售管理办法》第四十二条
依据《市场监督管理行政处罚程序规定》第十九条,其他,ai,True,<泛类型>,仅为程序规定条款，无法对应具体领域。,其他违法行为,(6-5) 程序性，不含实体违规 | 匹配模式: '行政处罚程序' | 法条: 依据《市场监督管理行政处罚程序规定》第十九条
依据《建设项,建设工程与房地产,ai,True,<泛类型>,引述《建设项目》相关规定。,建设工程,(6-7) 泛型法条被AI分为具体分类'建设工程与房地产'，应删除 | 原标记: <泛类型> | 法条: 依据《建设项
依据《旅行社条例实施细则》第54条的规定,市场秩序与竞争监管,ai,True,<泛类型>,旅行社条例多规范旅游经营与消费者权益。,消费者权益/市场秩序,(6-7) 泛型法条被AI分为具体分类'市场秩序与竞争监管'，应删除 | 原标记: <泛类型> | 法条: 依据《旅行社条例实施细则》第54条的规定
依据《汽车销售管理办法》第三十二条,市场秩序与竞争监管,ai,True,<泛类型>,汽车销售管理办法规范汽车销售行为。,消费者权益/市场秩序,(6-7) 泛型法条被AI分为具体分类'市场秩序与竞争监管'，应删除 | 原标记: <泛类型> | 法条: 依据《汽车销售管理办法》第三十二条
依据《河北省公路条列》第六十二条,交通运输,ai,True,<泛类型>,依据公路条列属道路交通领域。,交通运输违规,(6-7) 泛型法条被AI分为具体分类'交通运输'，应删除 | 原标记: <泛类型> | 法条: 依据《河北省公路条列》第六十二条
依据《河北省计量监督管理条例》第三十九条,计量/器具,ai,True,<泛类型>,依据计量监督管理条例，属计量领域。,计量/器具,(6-7) 泛型法条被AI分为具体分类'计量/器具'，应删除 | 原标记: <泛类型> | 法条: 依据《河北省计量监督管理条例》第三十九条
依据《湖北省兽药管理实施办法》第二十五条第一款第四项,产品质量与安全,ai,True,<泛类型>,兽药管理规范，属药品监管范畴。,食品药品,(6-7) 泛型法条被AI分为具体分类'产品质量与安全'，应删除 | 原标记: <泛类型> | 法条: 依据《湖北省兽药管理实施办法》第二十五条第一款第四项
依据《珠海经济特区出租车管理条例》第五十二条第七项,交通运输,ai,True,<泛类型>,出租车管理条例属道路运输监管。,交通运输违规,(6-7) 泛型法条被AI分为具体分类'交通运输'，应删除 | 原标记: <泛类型> | 法条: 依据《珠海经济特区出租车管理条例》第五十二条第七项
依据《珠海经济特区出租车管理条例》第五十二条第四项,交通运输,ai,True,<泛类型>,出租车管理条例属交通运输管理。,交通运输违规,(6-7) 泛型法条被AI分为具体分类'交通运输'，应删除 | 原标记: <泛类型> | 法条: 依据《珠海经济特区出租车管理条例》第五十二条第四项
依据《粮油仓储管理办法》第三十一条,粮食/储备粮管理,ai,True,<泛类型>,依据粮油仓储管理办法属粮油仓储监管。,粮食/储备粮管理,(6-7) 泛型法条被AI分为具体分类'粮食/储备粮管理'，应删除 | 原标记: <泛类型> | 法条: 依据《粮油仓储管理办法》第三十一条
依据《网络预约出租汽车经营服务管理暂行办法》第三十五条第(一)项,交通运输,ai,True,<泛类型>,《网约车管理办法》属交通运输领域。,交通运输违规,(6-7) 泛型法条被AI分为具体分类'交通运输'，应删除 | 原标记: <泛类型> | 法条: 依据《网络预约出租汽车经营服务管理暂行办法》第三十五条第(一)项
依据《网络预约出租汽车经营服务管理暂行办法》第三十五条第一项,交通运输,ai,True,<泛类型>,网约车经营管理办法属交通运输领域。,交通运输违规,(6-7) 泛型法条被AI分为具体分类'交通运输'，应删除 | 原标记: <泛类型> | 法条: 依据《网络预约出租汽车经营服务管理暂行办法》第三十五条第一项
依据《艾滋病防治条例》第六十一条,卫生健康,ai,True,<泛类型>,艾滋病防治条例属公共卫生管理。,医疗卫生,(6-7) 泛型法条被AI分为具体分类'卫生健康'，应删除 | 原标记: <泛类型> | 法条: 依据《艾滋病防治条例》第六十一条
依据《邮票发行监督管理办法》第六十条,公共文化与传媒,ai,True,<泛类型>,涉邮票发行监管，属文化出版管理。,公共文化与传媒,(6-7) 泛型法条被AI分为具体分类'公共文化与传媒'，应删除 | 原标记: <泛类型> | 法条: 依据《邮票发行监督管理办法》第六十条
依据四十四条、二款,其他,ai,True,<泛类型>,仅有条款编号，无具体行为内容。,其他违法行为,(6-8) 法条不含书名号 | 法条: 依据四十四条、二款
依据本条例第四十二条,其他,ai,True,<泛类型>,仅有条号无内容，无法细分类别。,其他违法行为,(6-8) 法条不含书名号 | 法条: 依据本条例第四十二条
依据第一百一十四条第(一)项,其他,ai,True,<泛类型>,仅列条款序号，无法判断内容。,其他违法行为,(6-8) 法条不含书名号 | 法条: 依据第一百一十四条第(一)项
依据第一百三十九条,其他,ai,True,<泛类型>,仅有条款序号，缺乏具体内容。,其他违法行为,(6-8) 法条不含书名号 | 法条: 依据第一百三十九条
依据第一百条第二款,其他,ai,True,<泛类型>,仅有条款序号，无法判断具体领域。,其他违法行为,(6-8) 法条不含书名号 | 法条: 依据第一百条第二款
依据第九十七条第三项,其他,ai,True,<泛类型>,仅见条款序号，无实质内容说明。,其他违法行为,(6-8) 法条不含书名号 | 法条: 依据第九十七条第三项
依据第九十六条,其他,ai,True,<泛类型>,仅有条号无内容，无法判断类别。,其他违法行为,(6-8) 法条不含书名号 | 法条: 依据第九十六条
依据第五十五条第五项,其他,ai,True,<泛类型>,仅有条款序号，无具体内容。,其他违法行为,(6-8) 法条不含书名号 | 法条: 依据第五十五条第五项
依据第十二条,其他,ai,True,<泛类型>,仅含条款序号，无法判断内容。,其他违法行为,(6-8) 法条不含书名号 | 法条: 依据第十二条
依据第四十九条的规定,其他,ai,True,<泛类型>,仅提及第四十九条，无具体案由内容。,其他违法行为,(6-8) 法条不含书名号 | 法条: 依据第四十九条的规定
依据该条规定,其他,ai,True,<泛类型>,条文内容缺失，无法识别具体领域。,其他违法行为,(6-8) 法条不含书名号 | 法条: 依据该条规定
依据该法第一百一十四条第一款,其他,ai,True,<泛类型>,仅见条文序号，无具体违法内容描述。,其他违法行为,(6-8) 法条不含书名号 | 法条: 依据该法第一百一十四条第一款
依据该法第五十条,其他,ai,True,<泛类型>,仅见“该法第五十条”，无法判断具体领域。,其他违法行为,(6-8) 法条不含书名号 | 法条: 依据该法第五十条
依据该法第六十四条,其他,ai,True,<泛类型>,仅提第六十四条，无法判断具体领域。,其他违法行为,(6-8) 法条不含书名号 | 法条: 依据该法第六十四条
依据该规定第三十七条,其他,ai,True,<泛类型>,仅有条款号，无法判断具体领域。,其他违法行为,(6-8) 法条不含书名号 | 法条: 依据该规定第三十七条
依法对其处以罚款,其他,ai,True,<泛类型>,仅有处罚表述，无具体违法内容。,其他违法行为,(6-5) 处罚措施描述 | 匹配模式: '处以罚款' | 法条: 依法对其处以罚款
依法对该单位作出罚款,其他,ai,True,<泛类型>,仅有处罚结果，无具体违法内容描述。,其他违法行为,(6-8) 法条不含书名号 | 法条: 依法对该单位作出罚款
依法给予行政处罚:罚款,其他,ai,True,<泛类型>,仅有罚款信息，无具体违法内容。,其他违法行为,(6-8) 法条不含书名号 | 法条: 依法给予行政处罚:罚款
做出人民币贰万元整的罚款,其他,ai,True,<泛类型>,仅有罚款金额描述，无法判断类型。,其他违法行为,(6-8) 法条不含书名号 | 法条: 做出人民币贰万元整的罚款
做出合同造价8‰的罚款,建设工程与房地产,ai,True,<泛类型>,涉及按合同造价比例计算工程罚款。,建设工程,(6-7) 泛型法条被AI分为具体分类'建设工程与房地产'，应删除 | 原标记: <泛类型> | 法条: 做出合同造价8‰的罚款
做出如下行政处罚:1、处以罚款,其他,ai,True,<泛类型>,仅见处罚结果，无具体法条信息。,其他违法行为,(6-5) 处罚措施描述 | 匹配模式: '处以罚款' | 法条: 做出如下行政处罚:1、处以罚款
做出如下行政处罚:处罚款,其他,ai,True,<泛类型>,仅有罚款结果，无法判断具体类型。,其他违法行为,(6-8) 法条不含书名号 | 法条: 做出如下行政处罚:处罚款
储存批准确认书》,*文书手续瑕疵*,ai,True,<泛类型>,仅见“储存批准确认书”字样，信息不足。,*文书手续瑕疵*,(6-6) AI分类含星号'*文书手续瑕疵*'，分类不确定 | 法条: 储存批准确认书》
全额缴纳罚款,其他,ai,True,<泛类型>,仅提及缴纳罚款，无具体案由信息。,其他违法行为,(6-8) 法条不含书名号 | 法条: 全额缴纳罚款
共10页、快递贴复印件1个,交通运输违规,ai,True,(匹配)其他,仅有“共10页、快递贴复印件”，无法判断具体内容。,其他违法行为,(6-8) 法条不含书名号 | 法条: 共10页、快递贴复印件1个
共2项,建设工程与房地产,ai,True,<泛类型>,《建筑法》《建设工程质量管理条例》。,建设工程,(6-7) 泛型法条被AI分为具体分类'建设工程与房地产'，应删除 | 原标记: <泛类型> | 法条: 共2项
共处贰万壹仟元罚款,其他,ai,True,<泛类型>,仅有罚款金额信息，无法判断类型。,其他违法行为,(6-8) 法条不含书名号 | 法条: 共处贰万壹仟元罚款
共计处罚款,其他,ai,True,<泛类型>,仅有罚款表述，无法判断具体类型。,其他违法行为,(6-8) 法条不含书名号 | 法条: 共计处罚款
其余2条,其他,ai,True,<泛类型>,仅载明“其余2条”，无法判断具体内容。,其他违法行为,(6-8) 法条不含书名号 | 法条: 其余2条
其行为在取得经营许可后又不符合经营许可条,市场主体与登记治理,ai,True,<泛类型>,许可后不再符合法定条件经营。,无照经营/登记问题,(6-7) 泛型法条被AI分为具体分类'市场主体与登记治理'，应删除 | 原标记: <泛类型> | 法条: 其行为在取得经营许可后又不符合经营许可条
决定予以你(单位):1.罚款,其他,ai,True,<泛类型>,仅有罚款结果，未给出案由内容。,其他违法行为,(6-8) 法条不含书名号 | 法条: 决定予以你(单位):1.罚款
决定予以你(单位)罚款,其他,ai,True,<泛类型>,仅有罚款措辞，无具体违法信息。,其他违法行为,(6-8) 法条不含书名号 | 法条: 决定予以你(单位)罚款
决定予以处七十万元人民币罚款,其他,ai,True,<泛类型>,仅见罚款金额，无具体违法内容。,其他违法行为,(6-8) 法条不含书名号 | 法条: 决定予以处七十万元人民币罚款
决定予以罚款,其他,ai,True,<泛类型>,仅有“决定予以罚款”，无具体内容。,其他违法行为,(6-8) 法条不含书名号 | 法条: 决定予以罚款
决定从重处以罚款,其他,ai,True,<泛类型>,仅见处罚措辞，无法判断具体领域。,其他违法行为,(6-5) 处罚措施描述 | 匹配模式: '处以罚款' | 法条: 决定从重处以罚款
决定作出处4万元罚款,其他,ai,True,<泛类型>,仅有罚款金额，无具体案由信息。,其他违法行为,(6-8) 法条不含书名号 | 法条: 决定作出处4万元罚款
决定作出处罚款,其他,ai,True,<泛类型>,仅有处罚决定表述，无法判断类型。,其他违法行为,(6-8) 法条不含书名号 | 法条: 决定作出处罚款
决定作出如下行政处罚:处以江南***项,其他,ai,True,<泛类型>,信息极少，仅见处罚决定措辞。,其他违法行为,(6-8) 法条不含书名号 | 法条: 决定作出如下行政处罚:处以江南***项
决定作出如下行政处罚:处罚款,其他,ai,True,<泛类型>,仅见处罚款表述，无具体案情说明。,其他违法行为,(6-8) 法条不含书名号 | 法条: 决定作出如下行政处罚:处罚款
决定作出如下行政处罚:罚款,其他,ai,True,<泛类型>,仅有处罚结果，无具体违法依据。,其他违法行为,(6-8) 法条不含书名号 | 法条: 决定作出如下行政处罚:罚款
决定作出罚款,其他,ai,True,<泛类型>,仅有处罚决定字样，无法判断类型。,其他违法行为,(6-8) 法条不含书名号 | 法条: 决定作出罚款
决定作出责令改正,其他,ai,True,<泛类型>,仅见“责令改正”，缺乏具体内容。,其他违法行为,(6-8) 法条不含书名号 | 法条: 决定作出责令改正
决定减轻对当事人处罚如下:罚款,其他,ai,True,<泛类型>,仅有减轻罚款表述，无法判断类型。,其他违法行为,(6-8) 法条不含书名号 | 法条: 决定减轻对当事人处罚如下:罚款
决定合并处罚,其他,ai,True,<泛类型>,仅有“决定合并处罚”，无法判断具体类别。,其他违法行为,(6-8) 法条不含书名号 | 法条: 决定合并处罚
决定合并给予人民币陆仟伍佰元罚款,其他,ai,True,<泛类型>,仅见罚款金额，缺乏具体情节。,其他违法行为,(6-8) 法条不含书名号 | 法条: 决定合并给予人民币陆仟伍佰元罚款
决定合并罚款,其他,ai,True,<泛类型>,仅见“决定合并罚款”，无法具体判断。,其他违法行为,(6-8) 法条不含书名号 | 法条: 决定合并罚款
决定合并罚款伍万元整;第6-7项,其他,ai,True,<泛类型>,仅有罚款结果，无具体违法情形。,其他违法行为,(6-8) 法条不含书名号 | 法条: 决定合并罚款伍万元整;第6-7项
决定合并罚款叁万元整;第3-4项,其他,ai,True,<泛类型>,仅有罚款金额与序号，无法判断具体类型。,其他违法行为,(6-8) 法条不含书名号 | 法条: 决定合并罚款叁万元整;第3-4项
决定合并罚款叁万元整;第8-16项,其他,ai,True,<泛类型>,仅有罚款合并表述，无法判断类型。,其他违法行为,(6-8) 法条不含书名号 | 法条: 决定合并罚款叁万元整;第8-16项
决定处人民币壹万元罚款,其他,ai,True,<泛类型>,仅有罚款金额信息，无法判断类型。,其他违法行为,(6-8) 法条不含书名号 | 法条: 决定处人民币壹万元罚款
决定处以人民币叁万元整(￥30000.00元)的罚款,其他,ai,True,<泛类型>,仅有罚款金额，无具体法条信息。,其他违法行为,(6-5) 处罚措施描述 | 匹配模式: '处以人民币叁万元整(￥30000.00元)的罚款' | 法条: 决定处以人民币叁万元整(￥30000.00元)的罚款
决定处以罚款,其他,ai,True,<泛类型>,仅见处罚决定语，无实质案情】,其他违法行为,(6-5) 处罚措施描述 | 匹配模式: '处以罚款' | 法条: 决定处以罚款
决定处罚如下:罚款,其他,ai,True,<泛类型>,仅有罚款决定，无具体违法内容。,其他违法行为,(6-8) 法条不含书名号 | 法条: 决定处罚如下:罚款
决定处罚款,其他,ai,True,<泛类型>,仅见“决定处罚款”，无实质内容。,其他违法行为,(6-8) 法条不含书名号 | 法条: 决定处罚款
决定如下:责令限期改正,其他,ai,True,<泛类型>,仅有“责令改正”语句，无法判断具体领域。,其他违法行为,(6-8) 法条不含书名号 | 法条: 决定如下:责令限期改正
决定对A行为作出如下行政处罚:罚款,其他,ai,True,<泛类型>,仅有罚款信息，无法判断类型。,其他违法行为,(6-8) 法条不含书名号 | 法条: 决定对A行为作出如下行政处罚:罚款
决定对你(单位)作出处一万五千元罚款,其他,ai,True,<泛类型>,仅有罚款金额，无具体违法内容。,其他违法行为,(6-8) 法条不含书名号 | 法条: 决定对你(单位)作出处一万五千元罚款
决定对你(单位)作出如下行政处罚:1.罚款,其他,ai,True,<泛类型>,仅有罚款表述，无法判断具体类型。,其他违法行为,(6-8) 法条不含书名号 | 法条: 决定对你(单位)作出如下行政处罚:1.罚款
决定对你(单位)作出如下行政处罚:罚款,其他,ai,True,<泛类型>,仅有罚款表述，无法判断具体类型。,其他违法行为,(6-8) 法条不含书名号 | 法条: 决定对你(单位)作出如下行政处罚:罚款
决定对你(单位)作出罚款,其他,ai,True,<泛类型>,仅有处罚决定措辞，无法判断类型。,其他违法行为,(6-8) 法条不含书名号 | 法条: 决定对你(单位)作出罚款
决定对你(单位)作出贰万元罚款,其他,ai,True,<泛类型>,仅有罚款金额描述，无法判断类型。,其他违法行为,(6-8) 法条不含书名号 | 法条: 决定对你(单位)作出贰万元罚款
决定对你(单位)合并作出叁万元罚款,其他,ai,True,<泛类型>,仅有罚款金额，无具体违法内容说明。,其他违法行为,(6-8) 法条不含书名号 | 法条: 决定对你(单位)合并作出叁万元罚款
决定对你作出罚款,其他,ai,True,<泛类型>,仅有罚款决定表述，无法判断具体类型。,其他违法行为,(6-8) 法条不含书名号 | 法条: 决定对你作出罚款
决定对你做出罚款,其他,ai,True,<泛类型>,只有罚款结果，无具体违法事实。,其他违法行为,(6-8) 法条不含书名号 | 法条: 决定对你做出罚款
决定对你公司作出处罚款,其他,ai,True,<泛类型>,只提罚款决定，无具体违法内容。,其他违法行为,(6-8) 法条不含书名号 | 法条: 决定对你公司作出处罚款
决定对你公司加处罚款,其他,ai,True,<泛类型>,仅见处罚表述，无具体违法内容。,其他违法行为,(6-5) 处罚措施描述 | 匹配模式: '加处罚款' | 法条: 决定对你公司加处罚款
决定对你单位作出处罚款,其他,ai,True,<泛类型>,仅有处罚决定语句，无法判断。,其他违法行为,(6-8) 法条不含书名号 | 法条: 决定对你单位作出处罚款
决定对你单位作出如下行政处罚:罚款,其他,ai,True,<泛类型>,仅见罚款决定，无具体事由。,其他违法行为,(6-8) 法条不含书名号 | 法条: 决定对你单位作出如下行政处罚:罚款
决定对你单位作出罚款,其他,ai,True,<泛类型>,仅有处罚结果描述，无法判断类型。,其他违法行为,(6-8) 法条不含书名号 | 法条: 决定对你单位作出罚款
决定对你单位作出行政处罚:罚款,其他,ai,True,<泛类型>,文本无具体案由，无法细分判断。,其他违法行为,(6-8) 法条不含书名号 | 法条: 决定对你单位作出行政处罚:罚款
决定对你单位处5000元的罚款,其他,ai,True,<泛类型>,仅见处罚金额，无具体违法内容。,其他违法行为,(6-8) 法条不含书名号 | 法条: 决定对你单位处5000元的罚款
决定对你单位处以230320元罚款,其他,ai,True,<泛类型>,仅有罚款金额，无具体违法内容。,其他违法行为,(6-5) 处罚措施描述 | 匹配模式: '处以230320元罚款' | 法条: 决定对你单位处以230320元罚款
决定对你单位处以罚款,其他,ai,True,<泛类型>,仅有处罚结果，无具体违法内容。,其他违法行为,(6-5) 处罚措施描述 | 匹配模式: '处以罚款' | 法条: 决定对你单位处以罚款
决定对你单位处罚款,其他,ai,True,<泛类型>,语句模糊，仅有处罚款信息。,其他违法行为,(6-8) 法条不含书名号 | 法条: 决定对你单位处罚款
决定对你单位给予从重处罚,其他,ai,True,<泛类型>,仅有从重处罚表述，无法判断具体类型。,其他违法行为,(6-8) 法条不含书名号 | 法条: 决定对你单位给予从重处罚
决定对你单位给予以下行政处罚:罚款,其他,ai,True,<泛类型>,仅有罚款表述，无法判断具体类型。,其他违法行为,(6-8) 法条不含书名号 | 法条: 决定对你单位给予以下行政处罚:罚款
决定对你单位罚款,其他,ai,True,<泛类型>,仅有处罚结果描述，无具体案由。,其他违法行为,(6-8) 法条不含书名号 | 法条: 决定对你单位罚款
决定对你（单位）作出处一万元罚款,其他,ai,True,<泛类型>,仅有罚款结果，无具体违法情形说明。,其他违法行为,(6-8) 法条不含书名号 | 法条: 决定对你（单位）作出处一万元罚款
决定对你（单位）作出处十三万元罚款,其他,ai,True,<泛类型>,仅有罚款金额，无任何案情细节。,其他违法行为,(6-8) 法条不含书名号 | 法条: 决定对你（单位）作出处十三万元罚款
决定对其作出如下行政处罚:罚款,其他,ai,True,<泛类型>,仅有罚款结果，无具体违法内容。,其他违法行为,(6-8) 法条不含书名号 | 法条: 决定对其作出如下行政处罚:罚款
决定对其处以人民币叁仟元罚款,其他,ai,True,<泛类型>,仅见处罚金额，无具体违法情节。,其他违法行为,(6-5) 处罚措施描述 | 匹配模式: '处以人民币叁仟元罚款' | 法条: 决定对其处以人民币叁仟元罚款
决定对其处责令限期改正,其他,ai,True,<泛类型>,只有责令改正表述，无法细分类别。,其他违法行为,(6-8) 法条不含书名号 | 法条: 决定对其处责令限期改正
决定对北京三京汽车配件有限公司处以罚款,其他,ai,True,<泛类型>,仅见处罚决定文字，无法判断类型。,其他违法行为,(6-5) 处罚措施描述 | 匹配模式: '处以罚款' | 法条: 决定对北京三京汽车配件有限公司处以罚款
决定对单位作出处罚款,其他,ai,True,<泛类型>,仅有处罚用语，无法确定具体领域。,其他违法行为,(6-8) 法条不含书名号 | 法条: 决定对单位作出处罚款
决定对台州市大洋渔轮修造有限公司合并处罚款,其他,ai,True,<泛类型>,仅有合并处罚决定标题，信息不足。,其他违法行为,(6-8) 法条不含书名号 | 法条: 决定对台州市大洋渔轮修造有限公司合并处罚款
决定对台州市大洋渔轮修造有限公司给予罚款,其他,ai,True,<泛类型>,仅有处罚决定表述，无法判断类型。,其他违法行为,(6-8) 法条不含书名号 | 法条: 决定对台州市大洋渔轮修造有限公司给予罚款
决定对康保安防系统(中国)有限公司处以罚款,其他,ai,True,<泛类型>,仅有处罚决定，无具体违法内容信息。,其他违法行为,(6-5) 处罚措施描述 | 匹配模式: '处以罚款' | 法条: 决定对康保安防系统(中国)有限公司处以罚款
决定对当事人从轻处罚如下:一、罚款,其他,ai,True,<泛类型>,仅出现罚款用语，无法判断领域。,其他违法行为,(6-8) 法条不含书名号 | 法条: 决定对当事人从轻处罚如下:一、罚款
决定对当事人从轻处罚如下:罚款,其他,ai,True,<泛类型>,仅见处罚措辞，无具体违法内容。,其他违法行为,(6-8) 法条不含书名号 | 法条: 决定对当事人从轻处罚如下:罚款
决定对当事人作出如下行政处罚:处罚款,其他,ai,True,<泛类型>,仅有处罚款表述，无法判断具体类型。,其他违法行为,(6-8) 法条不含书名号 | 法条: 决定对当事人作出如下行政处罚:处罚款
决定对当事人作出如下行政处罚:罚款,其他,ai,True,<泛类型>,仅有罚款决定，无具体案由描述。,其他违法行为,(6-8) 法条不含书名号 | 法条: 决定对当事人作出如下行政处罚:罚款
决定对当事人发布含有以项目到达某一具体参照物的所需时间表示项,市场秩序与竞争监管,ai,True,<泛类型>,广告含到达时间表述涉嫌时间虚假宣传。,虚假广告/虚假宣传,(6-7) 泛型法条被AI分为具体分类'市场秩序与竞争监管'，应删除 | 原标记: <泛类型> | 法条: 决定对当事人发布含有以项目到达某一具体参照物的所需时间表示项
决定对当事人处以罚款,其他,ai,True,<泛类型>,仅有处罚决定表述，无法判断类型。,其他违法行为,(6-5) 处罚措施描述 | 匹配模式: '处以罚款' | 法条: 决定对当事人处以罚款
决定对当事人处罚如下:1.罚款,其他,ai,True,<泛类型>,仅见罚款决定，无具体案由信息。,其他违法行为,(6-8) 法条不含书名号 | 法条: 决定对当事人处罚如下:1.罚款
决定对当事人处罚如下:处以罚款,其他,ai,True,<泛类型>,未提供具体法条内容，无法判断。,其他违法行为,(6-5) 处罚措施描述 | 匹配模式: '处以罚款' | 法条: 决定对当事人处罚如下:处以罚款
决定对当事人处罚如下:罚款,其他,ai,True,<泛类型>,仅有罚款结果，无具体案由可判定。,其他违法行为,(6-8) 法条不含书名号 | 法条: 决定对当事人处罚如下:罚款
决定对当事人杭州联华华商集团有限公司处罚款,其他,ai,True,<泛类型>,仅有处罚决定标题，无法判断具体类型。,其他违法行为,(6-8) 法条不含书名号 | 法条: 决定对当事人杭州联华华商集团有限公司处罚款
决定对当事人科处罚款,其他,ai,True,<泛类型>,仅有处罚表述，无法判定类型。,其他违法行为,(6-8) 法条不含书名号 | 法条: 决定对当事人科处罚款
决定对昭平县联润混凝土有限公司罚款,其他,ai,True,<泛类型>,仅有罚款决定，无法判断具体类型。,其他违法行为,(6-8) 法条不含书名号 | 法条: 决定对昭平县联润混凝土有限公司罚款
决定对深圳宝田医院处以下行政处罚:罚款,卫生健康,ai,True,<泛类型>,对“深圳宝田医院”作出处罚，属医疗领域。,医疗卫生,(6-5) 处罚措施描述 | 匹配模式: '处以下行政处罚:罚款' | 法条: 决定对深圳宝田医院处以下行政处罚:罚款
决定对被处罚人作出如下行政处罚:处罚款,其他,ai,True,<泛类型>,仅有处罚款表述，无法细分类型。,其他违法行为,(6-8) 法条不含书名号 | 法条: 决定对被处罚人作出如下行政处罚:处罚款
决定对被处罚人作出如下行政处罚:罚款,其他,ai,True,<泛类型>,仅有处罚结果描述，无法判断类型。,其他违法行为,(6-8) 法条不含书名号 | 法条: 决定对被处罚人作出如下行政处罚:罚款
决定对该公司作出壹万贰仟元罚款,其他,ai,True,<泛类型>,仅有罚款金额，无具体违法内容。,其他违法行为,(6-8) 法条不含书名号 | 法条: 决定对该公司作出壹万贰仟元罚款
决定对该公司作出处罚款,其他,ai,True,<泛类型>,仅有处罚表述，无实质内容。,其他违法行为,(6-8) 法条不含书名号 | 法条: 决定对该公司作出处罚款
决定对该公司作出如下行政处罚:处以罚款,其他,ai,True,<泛类型>,仅有处罚结果，无具体违法情形。,其他违法行为,(6-5) 处罚措施描述 | 匹配模式: '处以罚款' | 法条: 决定对该公司作出如下行政处罚:处以罚款
决定对该公司作出捌仟元罚款,其他,ai,True,<泛类型>,仅有罚款金额，无任何案情线索。,其他违法行为,(6-8) 法条不含书名号 | 法条: 决定对该公司作出捌仟元罚款
决定对该公司处以150000元的罚款,其他,ai,True,<泛类型>,仅有罚款金额，无具体违法内容。,其他违法行为,(6-5) 处罚措施描述 | 匹配模式: '处以150000元的罚款' | 法条: 决定对该公司处以150000元的罚款
决定对该公司给予以下行政处罚:罚款,其他,ai,True,<泛类型>,仅有罚款决定，无法判断具体类型。,其他违法行为,(6-8) 法条不含书名号 | 法条: 决定对该公司给予以下行政处罚:罚款
决定对该单位作出罚款,其他,ai,True,<泛类型>,仅有罚款决定，无具体案由信息。,其他违法行为,(6-8) 法条不含书名号 | 法条: 决定对该单位作出罚款
决定对该单位处以罚款,其他,ai,True,<泛类型>,仅有处罚决定语句，无法判断具体类型。,其他违法行为,(6-5) 处罚措施描述 | 匹配模式: '处以罚款' | 法条: 决定对该单位处以罚款
决定对该厂作出如下行政处罚:处以罚款,其他,ai,True,<泛类型>,仅见罚款表述，无具体违法信息。,其他违法行为,(6-5) 处罚措施描述 | 匹配模式: '处以罚款' | 法条: 决定对该厂作出如下行政处罚:处以罚款
决定对违反规定条,其他,ai,True,<泛类型>,仅出现“违反规定条”，无具体内容。,其他违法行为,(6-8) 法条不含书名号 | 法条: 决定对违反规定条
决定给与罚款,其他,ai,True,<泛类型>,仅见“决定给予罚款”，无具体案由。,其他违法行为,(6-8) 法条不含书名号 | 法条: 决定给与罚款
决定给予1.责令当场改正2.罚款,其他,ai,True,<泛类型>,仅见处罚决定措辞，无法判断类型。,其他违法行为,(6-8) 法条不含书名号 | 法条: 决定给予1.责令当场改正2.罚款
决定给予12000元罚款,其他,ai,True,<泛类型>,仅有罚款金额，无具体违法内容。,其他违法行为,(6-8) 法条不含书名号 | 法条: 决定给予12000元罚款
决定给予1万元罚款,其他,ai,True,<泛类型>,仅有处罚金额信息，无法判断类型。,其他违法行为,(6-8) 法条不含书名号 | 法条: 决定给予1万元罚款
决定给予20000元罚款,其他,ai,True,<泛类型>,仅见罚款金额，无具体案由信息。,其他违法行为,(6-8) 法条不含书名号 | 法条: 决定给予20000元罚款
决定给予2000元罚款,其他,ai,True,<泛类型>,仅有罚款金额，无案情细节可判。,其他违法行为,(6-8) 法条不含书名号 | 法条: 决定给予2000元罚款
决定给予2800元罚款,其他,ai,True,<泛类型>,仅有罚款金额，无相关法条信息。,其他违法行为,(6-8) 法条不含书名号 | 法条: 决定给予2800元罚款
决定给予30000元(叁万元整)罚款,其他,ai,True,<泛类型>,仅有罚款金额，无具体违法内容。,其他违法行为,(6-8) 法条不含书名号 | 法条: 决定给予30000元(叁万元整)罚款
决定给予5000元罚款,其他,ai,True,<泛类型>,仅有罚款金额，无任何案情信息。,其他违法行为,(6-8) 法条不含书名号 | 法条: 决定给予5000元罚款
决定给予万向一二三股份公司罚款,其他,ai,True,<泛类型>,仅有罚款决定，无具体违法信息。,其他违法行为,(6-8) 法条不含书名号 | 法条: 决定给予万向一二三股份公司罚款
决定给予万科思自控信息(中国)有限公司罚款,其他,ai,True,<泛类型>,仅有处罚决定，无具体违规内容说明。,其他违法行为,(6-8) 法条不含书名号 | 法条: 决定给予万科思自控信息(中国)有限公司罚款
决定给予万纳神核控股集团有限公司罚款,其他,ai,True,<泛类型>,仅有处罚决定表述，无法判断具体类型。,其他违法行为,(6-8) 法条不含书名号 | 法条: 决定给予万纳神核控股集团有限公司罚款
决定给予东阳市泰康文体用品有限公司罚款,其他,ai,True,<泛类型>,仅有罚款决定，缺乏具体案由。,其他违法行为,(6-8) 法条不含书名号 | 法条: 决定给予东阳市泰康文体用品有限公司罚款
决定给予中天建设集团有限公司罚款,建设工程与房地产,ai,True,<泛类型>,主体为建设集团，推定工程类罚款。,建设工程,(6-7) 泛型法条被AI分为具体分类'建设工程与房地产'，应删除 | 原标记: <泛类型> | 法条: 决定给予中天建设集团有限公司罚款
决定给予中欧汽车电器有限公司罚款,其他,ai,True,<泛类型>,仅有处罚决定，无具体违法内容。,其他违法行为,(6-8) 法条不含书名号 | 法条: 决定给予中欧汽车电器有限公司罚款
决定给予丽水市创辉高分子材料有限公司罚款,其他,ai,True,<泛类型>,仅有处罚决定用语，无法判断具体类型。,其他违法行为,(6-8) 法条不含书名号 | 法条: 决定给予丽水市创辉高分子材料有限公司罚款
决定给予丽水市天时科技有限公司罚款,其他,ai,True,<泛类型>,仅有罚款决定，无具体违法内容。,其他违法行为,(6-8) 法条不含书名号 | 法条: 决定给予丽水市天时科技有限公司罚款
决定给予丽水市百货大楼有限公司罚款,其他,ai,True,<泛类型>,仅有罚款决定，未体现具体违法类型。,其他违法行为,(6-8) 法条不含书名号 | 法条: 决定给予丽水市百货大楼有限公司罚款
决定给予义乌市博诚文具有限公司罚款,其他,ai,True,<泛类型>,仅见罚款决定，无具体违法情形。,其他违法行为,(6-8) 法条不含书名号 | 法条: 决定给予义乌市博诚文具有限公司罚款
决定给予义乌市申通快递有限公司罚款,交通运输违规,ai,True,(匹配)交通运输,快递企业运营管理属交通运输领域。,交通运输违规,(6-8) 法条不含书名号 | 法条: 决定给予义乌市申通快递有限公司罚款
决定给予义乌市薇雪服装有限公司罚款,其他,ai,True,<泛类型>,仅有处罚决定描述，无法细分。,其他违法行为,(6-8) 法条不含书名号 | 法条: 决定给予义乌市薇雪服装有限公司罚款
决定给予义乌市金鑫实业有限公司罚款,其他,ai,True,<泛类型>,仅有处罚决定语句，无法判断具体类型。,其他违法行为,(6-8) 法条不含书名号 | 法条: 决定给予义乌市金鑫实业有限公司罚款
决定给予二万元罚款,其他,ai,True,<泛类型>,仅有罚款金额，无具体违法情形。,其他违法行为,(6-8) 法条不含书名号 | 法条: 决定给予二万元罚款
决定给予云南纳芮龙经贸有限公司罚款,其他,ai,True,<泛类型>,仅有罚款决定表述，无法细分违法类型。,其他违法行为,(6-8) 法条不含书名号 | 法条: 决定给予云南纳芮龙经贸有限公司罚款
决定给予云和县奇美乐玩具有限公司罚款,其他,ai,True,<泛类型>,只有罚款结果，无具体违法内容。,其他违法行为,(6-8) 法条不含书名号 | 法条: 决定给予云和县奇美乐玩具有限公司罚款
决定给予云和县森友工艺品有限公司罚款,其他,ai,True,<泛类型>,仅见处罚决定语句，无法判断具体类型。,其他违法行为,(6-8) 法条不含书名号 | 法条: 决定给予云和县森友工艺品有限公司罚款
决定给予人民币三千七百五十元罚款,其他,ai,True,<泛类型>,仅有罚款金额，无具体违法内容。,其他违法行为,(6-8) 法条不含书名号 | 法条: 决定给予人民币三千七百五十元罚款
决定给予人民币五万元罚款,其他,ai,True,<泛类型>,仅见罚款金额，无具体案由信息。,其他违法行为,(6-8) 法条不含书名号 | 法条: 决定给予人民币五万元罚款
决定给予人民币伍万元罚款,其他,ai,True,<泛类型>,仅有处罚金额，无法判断具体领域。,其他违法行为,(6-8) 法条不含书名号 | 法条: 决定给予人民币伍万元罚款
决定给予人民币伍万柒仟伍佰元罚款,其他,ai,True,<泛类型>,仅有罚款金额，无具体违法内容描述。,其他违法行为,(6-8) 法条不含书名号 | 法条: 决定给予人民币伍万柒仟伍佰元罚款
决定给予人民币叁万元罚款,其他,ai,True,<泛类型>,仅有罚款金额，无具体违法内容。,其他违法行为,(6-8) 法条不含书名号 | 法条: 决定给予人民币叁万元罚款
决定给予人民币叁仟伍佰元整罚款,其他,ai,True,<泛类型>,仅有罚款金额，无违法事实描述。,其他违法行为,(6-8) 法条不含书名号 | 法条: 决定给予人民币叁仟伍佰元整罚款
决定给予人民币叁仟元罚款,其他,ai,True,<泛类型>,仅有罚款金额，无具体违法内容。,其他违法行为,(6-8) 法条不含书名号 | 法条: 决定给予人民币叁仟元罚款
决定给予人民币叁仟壹佰元整罚款,其他,ai,True,<泛类型>,仅有处罚金额，无任何案情信息。,其他违法行为,(6-8) 法条不含书名号 | 法条: 决定给予人民币叁仟壹佰元整罚款
决定给予人民币壹万伍仟元罚款,其他,ai,True,<泛类型>,仅见罚款金额，无具体违法内容。,其他违法行为,(6-8) 法条不含书名号 | 法条: 决定给予人民币壹万伍仟元罚款
决定给予人民币壹万元罚款,其他,ai,True,<泛类型>,仅见处罚金额，无具体案由信息。,其他违法行为,(6-8) 法条不含书名号 | 法条: 决定给予人民币壹万元罚款
决定给予人民币壹万壹仟伍佰元罚款,其他,ai,True,<泛类型>,仅有处罚金额，无任何案情信息。,其他违法行为,(6-8) 法条不含书名号 | 法条: 决定给予人民币壹万壹仟伍佰元罚款
决定给予人民币壹万捌仟元罚款,其他,ai,True,<泛类型>,仅有罚款金额，无具体违法情形。,其他违法行为,(6-8) 法条不含书名号 | 法条: 决定给予人民币壹万捌仟元罚款
决定给予人民币壹万贰仟元罚款,其他,ai,True,<泛类型>,仅有罚款金额，无具体违法内容可判定。,其他违法行为,(6-8) 法条不含书名号 | 法条: 决定给予人民币壹万贰仟元罚款
决定给予人民币壹仟捌佰元罚款,其他,ai,True,<泛类型>,仅有处罚金额，无任何案情线索。,其他违法行为,(6-8) 法条不含书名号 | 法条: 决定给予人民币壹仟捌佰元罚款
决定给予人民币壹拾叁万伍仟元罚款,其他,ai,True,<泛类型>,仅有罚款金额描述，无法判断类型。,其他违法行为,(6-8) 法条不含书名号 | 法条: 决定给予人民币壹拾叁万伍仟元罚款
决定给予人民币柒万元罚款,其他,ai,True,<泛类型>,仅有罚款金额描述，无法判断类型。,其他违法行为,(6-8) 法条不含书名号 | 法条: 决定给予人民币柒万元罚款
决定给予人民币柒仟元整罚款,其他,ai,True,<泛类型>,仅见罚款金额，无违法事实描述。,其他违法行为,(6-8) 法条不含书名号 | 法条: 决定给予人民币柒仟元整罚款
决定给予人民币玖仟元罚款,其他,ai,True,<泛类型>,仅有罚款金额信息，无法判断类型。,其他违法行为,(6-8) 法条不含书名号 | 法条: 决定给予人民币玖仟元罚款
决定给予人民币贰万伍仟伍佰元罚款,其他,ai,True,<泛类型>,仅有罚款金额信息，无法判断类型。,其他违法行为,(6-8) 法条不含书名号 | 法条: 决定给予人民币贰万伍仟伍佰元罚款
决定给予人民币贰万元罚款,其他,ai,True,<泛类型>,仅有罚款结果，无具体案由信息。,其他违法行为,(6-8) 法条不含书名号 | 法条: 决定给予人民币贰万元罚款
决定给予人民币贰仟元罚款,其他,ai,True,<泛类型>,仅见罚款金额，无具体违法内容。,其他违法行为,(6-8) 法条不含书名号 | 法条: 决定给予人民币贰仟元罚款
决定给予人民币陆仟元罚款,其他,ai,True,<泛类型>,仅有处罚金额，无法判断具体类型。,其他违法行为,(6-8) 法条不含书名号 | 法条: 决定给予人民币陆仟元罚款
决定给予以下行政处罚:1.罚款人民币贰万玖仟元整;2.罚款,其他,ai,True,<泛类型>,仅见处罚结果，无具体法条信息。,其他违法行为,(6-8) 法条不含书名号 | 法条: 决定给予以下行政处罚:1.罚款人民币贰万玖仟元整;2.罚款
决定给予以下行政处罚:两起事故各处肆拾万元罚款,安全生产,ai,True,<泛类型>,提及两起事故罚款，属安全生产。,安全生产,(6-7) 泛型法条被AI分为具体分类'安全生产'，应删除 | 原标记: <泛类型> | 法条: 决定给予以下行政处罚:两起事故各处肆拾万元罚款
决定给予以下行政处罚:分别:1.罚款人民币贰万伍仟元整;2.罚款,其他,ai,True,<泛类型>,仅见处罚金额，无具体违法内容。,其他违法行为,(6-8) 法条不含书名号 | 法条: 决定给予以下行政处罚:分别:1.罚款人民币贰万伍仟元整;2.罚款
决定给予以下行政处罚:处罚款,其他,ai,True,<泛类型>,仅见处罚款表述，无法判断具体类型。,其他违法行为,(6-8) 法条不含书名号 | 法条: 决定给予以下行政处罚:处罚款
决定给予以下行政处罚:对第1项违法违规行为,其他,ai,True,<泛类型>,未提供具体法条内容，无法判断。,其他违法行为,(6-8) 法条不含书名号 | 法条: 决定给予以下行政处罚:对第1项违法违规行为
决定给予以下行政处罚:罚款,其他,ai,True,<泛类型>,仅有罚款结果，无具体违法内容。,其他违法行为,(6-8) 法条不含书名号 | 法条: 决定给予以下行政处罚:罚款
决定给予以下行政处罚:限期十天改正,其他,ai,True,<泛类型>,仅写明限期改正，无法确定领域。,其他违法行为,(6-8) 法条不含书名号 | 法条: 决定给予以下行政处罚:限期十天改正
决定给予伍仟元罚款,其他,ai,True,<泛类型>,仅有罚款金额描述，无法判断具体类型。,其他违法行为,(6-8) 法条不含书名号 | 法条: 决定给予伍仟元罚款
决定给予余姚市一代佳人娱乐有限公司处罚款,市场主体与登记治理,ai,True,<泛类型>,仅载明处罚决定，未见具体违法事项。,未开业/自行停业,(6-7) 泛型法条被AI分为具体分类'市场主体与登记治理'，应删除 | 原标记: <泛类型> | 法条: 决定给予余姚市一代佳人娱乐有限公司处罚款
决定给予余姚市奇美多日用品有限公司处罚款,其他,ai,True,<泛类型>,仅见处罚决定标题，无法判断类型。,其他违法行为,(6-8) 法条不含书名号 | 法条: 决定给予余姚市奇美多日用品有限公司处罚款
决定给予你(单位)作出处罚款,其他,ai,True,<泛类型>,仅有处罚表述，无具体违法内容。,其他违法行为,(6-8) 法条不含书名号 | 法条: 决定给予你(单位)作出处罚款
决定给予你公司以下行政处罚:罚款,其他,ai,True,<泛类型>,仅有罚款措辞，无法判断具体类型。,其他违法行为,(6-8) 法条不含书名号 | 法条: 决定给予你公司以下行政处罚:罚款
决定给予你公司作出处罚款,其他,ai,True,<泛类型>,仅有处罚决定表述，无法判断具体类型。,其他违法行为,(6-8) 法条不含书名号 | 法条: 决定给予你公司作出处罚款
决定给予你公司的违法行为处罚款,其他,ai,True,<泛类型>,只有处罚决定表述，无法细分类型。,其他违法行为,(6-8) 法条不含书名号 | 法条: 决定给予你公司的违法行为处罚款
决定给予你公司罚款,其他,ai,True,<泛类型>,仅有罚款信息，无法确定类型。,其他违法行为,(6-8) 法条不含书名号 | 法条: 决定给予你公司罚款
决定给予你分公司罚款,其他,ai,True,<泛类型>,仅有罚款表述，无具体违法内容。,其他违法行为,(6-8) 法条不含书名号 | 法条: 决定给予你分公司罚款
决定给予你单位人民币35万元罚款,其他,ai,True,<泛类型>,仅有罚款金额信息，无法判断类别。,其他违法行为,(6-8) 法条不含书名号 | 法条: 决定给予你单位人民币35万元罚款
决定给予你单位人民币伍仟元的罚款,其他,ai,True,<泛类型>,信息极少，仅知被罚无法判断类型。,其他违法行为,(6-8) 法条不含书名号 | 法条: 决定给予你单位人民币伍仟元的罚款
决定给予你单位人民币贰仟元罚款,其他,ai,True,<泛类型>,仅有罚款金额，无任何案情描述。,其他违法行为,(6-8) 法条不含书名号 | 法条: 决定给予你单位人民币贰仟元罚款
决定给予你单位以下行政处罚:罚款,其他,ai,True,<泛类型>,仅有罚款结果，无具体违法内容。,其他违法行为,(6-8) 法条不含书名号 | 法条: 决定给予你单位以下行政处罚:罚款
决定给予你单位以下行政处罚：罚款,其他,ai,True,<泛类型>,仅有罚款表述，无法判断具体领域。,其他违法行为,(6-8) 法条不含书名号 | 法条: 决定给予你单位以下行政处罚：罚款
决定给予你单位杭州金丝源时装有限公司罚款,其他,ai,True,<泛类型>,仅见罚款决定，无具体违法内容。,其他违法行为,(6-8) 法条不含书名号 | 法条: 决定给予你单位杭州金丝源时装有限公司罚款
决定给予你单位罚款,其他,ai,True,<泛类型>,仅有罚款决定语句，无法判断类型。,其他违法行为,(6-8) 法条不含书名号 | 法条: 决定给予你单位罚款
决定给予你处罚款,其他,ai,True,<泛类型>,仅有处罚决定表述，无法判断具体类型。,其他违法行为,(6-8) 法条不含书名号 | 法条: 决定给予你处罚款
决定给予你机构以下行政处罚:罚款,其他,ai,True,<泛类型>,仅见处罚结果，未体现具体违法类型。,其他违法行为,(6-8) 法条不含书名号 | 法条: 决定给予你机构以下行政处罚:罚款
决定给予你罚款,其他,ai,True,<泛类型>,仅有处罚用语，缺乏具体案情信息。,其他违法行为,(6-8) 法条不含书名号 | 法条: 决定给予你罚款
决定给予其如下行政处罚:罚款,其他,ai,True,<泛类型>,仅见罚款决定，无法判断具体领域。,其他违法行为,(6-8) 法条不含书名号 | 法条: 决定给予其如下行政处罚:罚款
决定给予减轻处罚,其他,ai,True,<泛类型>,仅有程序性表述，无法判断类型。,其他违法行为,(6-8) 法条不含书名号 | 法条: 决定给予减轻处罚
决定给予分别罚款,其他,ai,True,<泛类型>,仅有罚款决定表述，无法细分。,其他违法行为,(6-8) 法条不含书名号 | 法条: 决定给予分别罚款
决定给予单位罚款,其他,ai,True,<泛类型>,仅有处罚结果，无法判断具体类型。,其他违法行为,(6-8) 法条不含书名号 | 法条: 决定给予单位罚款
决定给予台州华茂兴业宠物用品有限公司罚款,其他,ai,True,<泛类型>,仅见罚款决定，无具体违法情节。,其他违法行为,(6-8) 法条不含书名号 | 法条: 决定给予台州华茂兴业宠物用品有限公司罚款
决定给予台州大华铁路材料有限公司罚款,其他,ai,True,<泛类型>,仅写明罚款决定，无法判断具体类型。,其他违法行为,(6-8) 法条不含书名号 | 法条: 决定给予台州大华铁路材料有限公司罚款
决定给予台州市巨鼎物业管理有限公司罚款,建筑使用安全,ai,True,(匹配)其他,仅有处罚决定，无具体违法内容说明。,其他违法行为,(6-8) 法条不含书名号 | 法条: 决定给予台州市巨鼎物业管理有限公司罚款
决定给予台州市永锦达包装有限公司罚款,其他,ai,True,<泛类型>,仅有罚款信息，无法判断具体性质。,其他违法行为,(6-8) 法条不含书名号 | 法条: 决定给予台州市永锦达包装有限公司罚款
决定给予台州添盈工艺制品有限公司罚款,其他,ai,True,<泛类型>,仅有罚款决定表述，无法判断类型。,其他违法行为,(6-8) 法条不含书名号 | 法条: 决定给予台州添盈工艺制品有限公司罚款
决定给予台州齐江鞋业有限公司罚款,其他,ai,True,<泛类型>,仅有罚款决定，缺乏具体案由。,其他违法行为,(6-8) 法条不含书名号 | 法条: 决定给予台州齐江鞋业有限公司罚款
决定给予嘉兴丰邦雷克萨斯汽车销售服务有限公司罚款,其他,ai,True,<泛类型>,仅有处罚决定语句，无法细分。,其他违法行为,(6-8) 法条不含书名号 | 法条: 决定给予嘉兴丰邦雷克萨斯汽车销售服务有限公司罚款
决定给予嘉兴佳阳制衣有限公司罚款,其他,ai,True,<泛类型>,仅有处罚决定语句，无法判断类型。,其他违法行为,(6-8) 法条不含书名号 | 法条: 决定给予嘉兴佳阳制衣有限公司罚款
决定给予嘉兴哈雷童车有限公司罚款,其他,ai,True,<泛类型>,仅有罚款决定，无具体违法类型。,其他违法行为,(6-8) 法条不含书名号 | 法条: 决定给予嘉兴哈雷童车有限公司罚款
决定给予嘉兴嘉仁包装材料股份有限公司罚款,其他,ai,True,<泛类型>,仅有罚款决定文字，无法判断具体类型。,其他违法行为,(6-8) 法条不含书名号 | 法条: 决定给予嘉兴嘉仁包装材料股份有限公司罚款
决定给予嘉兴大树物业管理有限公司罚款,建筑使用安全,ai,True,(匹配)其他,仅有处罚决定，无具体违法情节描述。,其他违法行为,(6-8) 法条不含书名号 | 法条: 决定给予嘉兴大树物业管理有限公司罚款
决定给予嘉兴小虎子车业有限公司罚款,其他,ai,True,<泛类型>,仅有处罚决定，无违法内容细节。,其他违法行为,(6-8) 法条不含书名号 | 法条: 决定给予嘉兴小虎子车业有限公司罚款
决定给予嘉兴市华利印染有限公司罚款,其他,ai,True,<泛类型>,仅有处罚决定语句，无法判断具体领域。,其他违法行为,(6-8) 法条不含书名号 | 法条: 决定给予嘉兴市华利印染有限公司罚款
决定给予嘉兴市嘉睦服饰有限公司罚款,其他,ai,True,<泛类型>,仅有罚款决定，缺乏具体案由。,其他违法行为,(6-8) 法条不含书名号 | 法条: 决定给予嘉兴市嘉睦服饰有限公司罚款
决定给予嘉兴市常优纺织有限公司罚款,其他,ai,True,<泛类型>,仅有罚款决定，无具体违法内容。,其他违法行为,(6-8) 法条不含书名号 | 法条: 决定给予嘉兴市常优纺织有限公司罚款
决定给予嘉兴市恒春纺织股份有限公司罚款,其他,ai,True,<泛类型>,仅见罚款决定，未载明案由。,其他违法行为,(6-8) 法条不含书名号 | 法条: 决定给予嘉兴市恒春纺织股份有限公司罚款
决定给予嘉兴市捷豪清洁用品有限公司罚款,其他,ai,True,<泛类型>,仅有罚款决定，无具体违法事实。,其他违法行为,(6-8) 法条不含书名号 | 法条: 决定给予嘉兴市捷豪清洁用品有限公司罚款
决定给予嘉兴市曙光时装有限公司罚款,其他,ai,True,<泛类型>,仅有罚款决定，无法判断具体类型。,其他违法行为,(6-8) 法条不含书名号 | 法条: 决定给予嘉兴市曙光时装有限公司罚款
决定给予嘉兴市秀洲区港丰纺织厂罚款,其他,ai,True,<泛类型>,仅见处罚决定语句，无法判断类型。,其他违法行为,(6-8) 法条不含书名号 | 法条: 决定给予嘉兴市秀洲区港丰纺织厂罚款
决定给予嘉兴市腾翔塑业有限公司罚款,其他,ai,True,<泛类型>,仅有处罚决定语句，无法判断类型。,其他违法行为,(6-8) 法条不含书名号 | 法条: 决定给予嘉兴市腾翔塑业有限公司罚款
决定给予嘉兴市金宇达染整有限公司罚款,环境保护,ai,True,<泛类型>,染整企业多涉废水废气污染。,环境保护,(6-7) 泛型法条被AI分为具体分类'环境保护'，应删除 | 原标记: <泛类型> | 法条: 决定给予嘉兴市金宇达染整有限公司罚款
决定给予嘉兴市锦丰纺织整理有限公司罚款,其他,ai,True,<泛类型>,仅见罚款决定，无具体违法内容。,其他违法行为,(6-8) 法条不含书名号 | 法条: 决定给予嘉兴市锦丰纺织整理有限公司罚款
决定给予嘉兴市鸿缘针织服饰有限公司罚款,其他,ai,True,<泛类型>,仅见罚款决定，无违法情节信息。,其他违法行为,(6-8) 法条不含书名号 | 法条: 决定给予嘉兴市鸿缘针织服饰有限公司罚款
决定给予嘉兴思凯服饰有限公司罚款,其他,ai,True,<泛类型>,仅有处罚决定语句，无法判断具体类型。,其他违法行为,(6-8) 法条不含书名号 | 法条: 决定给予嘉兴思凯服饰有限公司罚款
决定给予嘉兴海力克服饰有限公司罚款,其他,ai,True,<泛类型>,仅见罚款决定，无具体违法内容描述。,其他违法行为,(6-8) 法条不含书名号 | 法条: 决定给予嘉兴海力克服饰有限公司罚款
决定给予嘉兴维特拉电气科技有限公司罚款,其他,ai,True,<泛类型>,仅有处罚决定语句，无法细分类型。,其他违法行为,(6-8) 法条不含书名号 | 法条: 决定给予嘉兴维特拉电气科技有限公司罚款
决定给予嘉兴美多绿汽车皮革有限公司罚款,其他,ai,True,<泛类型>,仅有罚款决定，无法判断领域。,其他违法行为,(6-8) 法条不含书名号 | 法条: 决定给予嘉兴美多绿汽车皮革有限公司罚款
决定给予嘉善声光电子有限公司罚款,其他,ai,True,<泛类型>,仅见罚款决定，无具体违法情形。,其他违法行为,(6-8) 法条不含书名号 | 法条: 决定给予嘉善声光电子有限公司罚款
决定给予嘉善天翔现代办公用品有限公司罚款,其他,ai,True,<泛类型>,仅有罚款决定，无法判断具体类型。,其他违法行为,(6-8) 法条不含书名号 | 法条: 决定给予嘉善天翔现代办公用品有限公司罚款
决定给予嘉善富兴纺织印染有限公司罚款,环境保护,ai,True,<泛类型>,纺织印染企业通常涉污水排放环保违法。,环境保护,(6-7) 泛型法条被AI分为具体分类'环境保护'，应删除 | 原标记: <泛类型> | 法条: 决定给予嘉善富兴纺织印染有限公司罚款
决定给予国海良时期货有限公司罚款,金融/账户,ai,True,<泛类型>,主体为期货公司，属金融领域违法。,金融/账户,(6-7) 泛型法条被AI分为具体分类'金融/账户'，应删除 | 原标记: <泛类型> | 法条: 决定给予国海良时期货有限公司罚款
决定给予处一万五千元罚款,其他,ai,True,<泛类型>,仅有罚款金额，无具体案由信息。,其他违法行为,(6-8) 法条不含书名号 | 法条: 决定给予处一万五千元罚款
决定给予处人民币一万元罚款,其他,ai,True,<泛类型>,仅有罚款金额描述，无法判断类型。,其他违法行为,(6-8) 法条不含书名号 | 法条: 决定给予处人民币一万元罚款
决定给予处人民币二万元罚款,其他,ai,True,<泛类型>,仅有罚款金额，无具体违法情形描述。,其他违法行为,(6-8) 法条不含书名号 | 法条: 决定给予处人民币二万元罚款
决定给予处人民币伍拾万元罚款,其他,ai,True,<泛类型>,仅见罚款金额，无具体违法内容。,其他违法行为,(6-8) 法条不含书名号 | 法条: 决定给予处人民币伍拾万元罚款
决定给予处人民币叁万元整罚款,其他,ai,True,<泛类型>,仅见处罚金额，无具体违法情形。,其他违法行为,(6-8) 法条不含书名号 | 法条: 决定给予处人民币叁万元整罚款
决定给予处人民币叁仟柒佰伍拾元罚款,其他,ai,True,<泛类型>,仅见罚款金额，无任何案情信息。,其他违法行为,(6-8) 法条不含书名号 | 法条: 决定给予处人民币叁仟柒佰伍拾元罚款
决定给予处人民币叁拾万元罚款,其他,ai,True,<泛类型>,仅有罚款金额描述，无法判断类型。,其他违法行为,(6-8) 法条不含书名号 | 法条: 决定给予处人民币叁拾万元罚款
决定给予处人民币壹万元整罚款,其他,ai,True,<泛类型>,仅有罚款金额，无违法事实描述。,其他违法行为,(6-8) 法条不含书名号 | 法条: 决定给予处人民币壹万元整罚款
决定给予处人民币壹万元罚款,其他,ai,True,<泛类型>,仅载明罚款金额，无案由信息。,其他违法行为,(6-8) 法条不含书名号 | 法条: 决定给予处人民币壹万元罚款
决定给予处人民币壹万壹仟元整罚款,其他,ai,True,<泛类型>,仅有罚款结果，无违法内容信息。,其他违法行为,(6-8) 法条不含书名号 | 法条: 决定给予处人民币壹万壹仟元整罚款
决定给予处人民币壹万陆仟元罚款,其他,ai,True,<泛类型>,仅有罚款金额信息，无法判断具体类型。,其他违法行为,(6-8) 法条不含书名号 | 法条: 决定给予处人民币壹万陆仟元罚款
决定给予处人民币肆万伍仟元罚款,其他,ai,True,<泛类型>,仅有处罚金额，无具体违法情形描述。,其他违法行为,(6-8) 法条不含书名号 | 法条: 决定给予处人民币肆万伍仟元罚款
决定给予处人民币贰万伍仟元罚款,其他,ai,True,<泛类型>,仅见罚款金额，无具体违法内容。,其他违法行为,(6-8) 法条不含书名号 | 法条: 决定给予处人民币贰万伍仟元罚款
决定给予处人民币贰万元整罚款,其他,ai,True,<泛类型>,仅见罚款金额，无具体案由信息。,其他违法行为,(6-8) 法条不含书名号 | 法条: 决定给予处人民币贰万元整罚款
决定给予处人民币贰万圆整(20000.00)罚款,其他,ai,True,<泛类型>,仅有罚款金额，无违法内容信息。,其他违法行为,(6-8) 法条不含书名号 | 法条: 决定给予处人民币贰万圆整(20000.00)罚款
决定给予处人民币贰万玖仟元罚款,其他,ai,True,<泛类型>,仅有罚款结果，无具体违法内容。,其他违法行为,(6-8) 法条不含书名号 | 法条: 决定给予处人民币贰万玖仟元罚款
决定给予处人民币贰仟贰佰伍拾元罚款,其他,ai,True,<泛类型>,仅有罚款金额，无具体违法内容。,其他违法行为,(6-8) 法条不含书名号 | 法条: 决定给予处人民币贰仟贰佰伍拾元罚款
决定给予处人民币陆仟元罚款,其他,ai,True,<泛类型>,仅见罚款金额，无具体违法情形。,其他违法行为,(6-8) 法条不含书名号 | 法条: 决定给予处人民币陆仟元罚款
决定给予处以罚款,其他,ai,True,<泛类型>,仅有罚款决定语，无法判断具体类型。,其他违法行为,(6-5) 处罚措施描述 | 匹配模式: '处以罚款' | 法条: 决定给予处以罚款
决定给予处伍仟元罚款,其他,ai,True,<泛类型>,仅有罚款金额，无具体案情线索。,其他违法行为,(6-8) 法条不含书名号 | 法条: 决定给予处伍仟元罚款
决定给予处叁拾万元人民币罚款,其他,ai,True,<泛类型>,仅有处罚金额，无违法内容信息。,其他违法行为,(6-8) 法条不含书名号 | 法条: 决定给予处叁拾万元人民币罚款
决定给予处罚款,其他,ai,True,<泛类型>,仅有处罚决定表述，无法判断类型。,其他违法行为,(6-8) 法条不含书名号 | 法条: 决定给予处罚款
决定给予处肆万元罚款,其他,ai,True,<泛类型>,仅有罚款金额描述，无法判断类型。,其他违法行为,(6-8) 法条不含书名号 | 法条: 决定给予处肆万元罚款
决定给予处肆万玖仟元罚款,其他,ai,True,<泛类型>,仅有罚款金额，无具体案情信息。,其他违法行为,(6-8) 法条不含书名号 | 法条: 决定给予处肆万玖仟元罚款
决定给予如下处罚:罚款,其他,ai,True,<泛类型>,仅有罚款表述，无法判断领域。,其他违法行为,(6-8) 法条不含书名号 | 法条: 决定给予如下处罚:罚款
决定给予如下行政处罚:罚款,其他,ai,True,<泛类型>,仅见罚款决定，无具体案由信息。,其他违法行为,(6-8) 法条不含书名号 | 法条: 决定给予如下行政处罚:罚款
决定给予宁波中新腈纶有限公司罚款,环境保护,ai,True,<泛类型>,企业排污环境违法被处以罚款。,环境保护,(6-7) 泛型法条被AI分为具体分类'环境保护'，应删除 | 原标记: <泛类型> | 法条: 决定给予宁波中新腈纶有限公司罚款
决定给予宁波丹盈服饰有限公司罚款,其他,ai,True,<泛类型>,仅见处罚决定语句，无法判断类型。,其他违法行为,(6-8) 法条不含书名号 | 法条: 决定给予宁波丹盈服饰有限公司罚款
决定给予宁波乾方汽车配件有限公司罚款,其他,ai,True,<泛类型>,仅有罚款决定，无具体案由信息。,其他违法行为,(6-8) 法条不含书名号 | 法条: 决定给予宁波乾方汽车配件有限公司罚款
决定给予宁波佳顺车业有限公司罚款,其他,ai,True,<泛类型>,仅见处罚决定，无具体违法内容说明。,其他违法行为,(6-8) 法条不含书名号 | 法条: 决定给予宁波佳顺车业有限公司罚款
决定给予宁波依兰布艺有限公司处罚款,其他,ai,True,<泛类型>,仅见处罚决定标题，无法具体判断。,其他违法行为,(6-8) 法条不含书名号 | 法条: 决定给予宁波依兰布艺有限公司处罚款
决定给予宁波公牛光电科技有限公司处罚款,其他,ai,True,<泛类型>,仅有处罚决定结论，无法判断类型。,其他违法行为,(6-8) 法条不含书名号 | 法条: 决定给予宁波公牛光电科技有限公司处罚款
决定给予宁波千虹服饰有限公司罚款,其他,ai,True,<泛类型>,仅见罚款决定，未体现具体领域。,其他违法行为,(6-8) 法条不含书名号 | 法条: 决定给予宁波千虹服饰有限公司罚款
决定给予宁波华冠电子有限公司罚款,其他,ai,True,<泛类型>,仅有罚款决定，无具体违法内容。,其他违法行为,(6-8) 法条不含书名号 | 法条: 决定给予宁波华冠电子有限公司罚款
决定给予宁波华旭体育用品有限公司罚款,其他,ai,True,<泛类型>,仅见罚款决定，无具体违法内容。,其他违法行为,(6-8) 法条不含书名号 | 法条: 决定给予宁波华旭体育用品有限公司罚款
决定给予宁波大东南万象科技有限公司罚款,其他,ai,True,<泛类型>,仅见罚款决定，无具体违法内容。,其他违法行为,(6-8) 法条不含书名号 | 法条: 决定给予宁波大东南万象科技有限公司罚款
决定给予宁波大榭开发区天正模具有限公司罚款,其他,ai,True,<泛类型>,仅有处罚决定标题，无法判断具体类型。,其他违法行为,(6-8) 法条不含书名号 | 法条: 决定给予宁波大榭开发区天正模具有限公司罚款
决定给予宁波天韵通信设备有限公司处罚款,其他,ai,True,<泛类型>,仅有处罚决定语句，无法判断类型。,其他违法行为,(6-8) 法条不含书名号 | 法条: 决定给予宁波天韵通信设备有限公司处罚款
决定给予宁波奉诚物业服务有限公司罚款,其他,ai,True,<泛类型>,仅有罚款决定，无具体违法内容说明。,其他违法行为,(6-8) 法条不含书名号 | 法条: 决定给予宁波奉诚物业服务有限公司罚款
决定给予宁波奥格达汽配有限公司罚款,其他,ai,True,<泛类型>,仅有处罚决定表述，无法判断具体类型。,其他违法行为,(6-8) 法条不含书名号 | 法条: 决定给予宁波奥格达汽配有限公司罚款
决定给予宁波宏盛户外用品有限公司罚款,其他,ai,True,<泛类型>,仅有处罚决定表述，无法判断类型。,其他违法行为,(6-8) 法条不含书名号 | 法条: 决定给予宁波宏盛户外用品有限公司罚款
决定给予宁波市丰宏仪表制造有限公司罚款,其他,ai,True,<泛类型>,仅有罚款决定，无具体违法内容。,其他违法行为,(6-8) 法条不含书名号 | 法条: 决定给予宁波市丰宏仪表制造有限公司罚款
决定给予宁波市信测检测技术有限公司处罚款,其他,ai,True,<泛类型>,仅有处罚决定表述，无法判断类型。,其他违法行为,(6-8) 法条不含书名号 | 法条: 决定给予宁波市信测检测技术有限公司处罚款
决定给予宁波市大港印务有限公司罚款,其他,ai,True,<泛类型>,仅有罚款决定，无具体违法事项描述。,其他违法行为,(6-8) 法条不含书名号 | 法条: 决定给予宁波市大港印务有限公司罚款
决定给予宁波市安通机械有限公司罚款,其他,ai,True,<泛类型>,仅见处罚决定，无法判断具体类型。,其他违法行为,(6-8) 法条不含书名号 | 法条: 决定给予宁波市安通机械有限公司罚款
决定给予宁波市恺丰文具礼品有限公司处罚款,其他,ai,True,<泛类型>,仅有处罚决定表述，无法获知具体类型。,其他违法行为,(6-8) 法条不含书名号 | 法条: 决定给予宁波市恺丰文具礼品有限公司处罚款
决定给予宁波市江东房产物业总公司处罚款,建设工程与房地产,ai,True,<泛类型>,处罚对象为房产物业公司。,房地产/土地,(6-7) 泛型法条被AI分为具体分类'建设工程与房地产'，应删除 | 原标记: <泛类型> | 法条: 决定给予宁波市江东房产物业总公司处罚款
决定给予宁波市精典电气技术有限公司罚款,其他,ai,True,<泛类型>,仅有罚款决定，无具体违法情形。,其他违法行为,(6-8) 法条不含书名号 | 法条: 决定给予宁波市精典电气技术有限公司罚款
决定给予宁波康大美术用品有限公司罚款,其他,ai,True,<泛类型>,仅有处罚决定，无具体违法情形描述。,其他违法行为,(6-8) 法条不含书名号 | 法条: 决定给予宁波康大美术用品有限公司罚款
决定给予宁波捷胜海洋开发有限公司罚款,其他,ai,True,<泛类型>,仅有罚款决定，无具体违法内容描述。,其他违法行为,(6-8) 法条不含书名号 | 法条: 决定给予宁波捷胜海洋开发有限公司罚款
决定给予宁波新乐电器有限公司罚款,其他,ai,True,<泛类型>,仅有罚款决定，无具体违法情形。,其他违法行为,(6-8) 法条不含书名号 | 法条: 决定给予宁波新乐电器有限公司罚款
决定给予宁波日富针织有限公司罚款,其他,ai,True,<泛类型>,仅见罚款决定，无具体违法内容。,其他违法行为,(6-8) 法条不含书名号 | 法条: 决定给予宁波日富针织有限公司罚款
决定给予宁波日月集团有限公司处罚款,其他,ai,True,<泛类型>,仅有处罚决定语句，无法判断类型。,其他违法行为,(6-8) 法条不含书名号 | 法条: 决定给予宁波日月集团有限公司处罚款
决定给予宁波武田纺织有限公司罚款,其他,ai,True,<泛类型>,仅有罚款决定，无具体违法内容。,其他违法行为,(6-8) 法条不含书名号 | 法条: 决定给予宁波武田纺织有限公司罚款
决定给予宁波永达物业管理有限公司处罚款,建筑使用安全,ai,True,(匹配)其他,仅见处罚决定，未载明违法类型。,其他违法行为,(6-8) 法条不含书名号 | 法条: 决定给予宁波永达物业管理有限公司处罚款
决定给予宁波波莱达厨卫电器有限公司罚款,其他,ai,True,<泛类型>,仅有罚款决定，无具体违法情形。,其他违法行为,(6-8) 法条不含书名号 | 法条: 决定给予宁波波莱达厨卫电器有限公司罚款
决定给予宁波海曙联丰壹号公馆餐饮娱乐有限公司罚款,食品药品,ai,True,(匹配)其他,仅有罚款决定，无法判断领域。,其他违法行为,(6-8) 法条不含书名号 | 法条: 决定给予宁波海曙联丰壹号公馆餐饮娱乐有限公司罚款
决定给予宁波甬冠玻璃科技有限公司处罚款,其他,ai,True,<泛类型>,仅有处罚决定表述，无法细化类别。,其他违法行为,(6-8) 法条不含书名号 | 法条: 决定给予宁波甬冠玻璃科技有限公司处罚款
决定给予宁波美屋物业管理经营有限公司处罚款,建筑使用安全,ai,True,(匹配)其他,仅有处罚决定标题，无法判断具体类型。,其他违法行为,(6-8) 法条不含书名号 | 法条: 决定给予宁波美屋物业管理经营有限公司处罚款
决定给予宁波银亿物业管理有限公司罚款,建筑使用安全,ai,True,(匹配)其他,仅有处罚决定表述，无法判断具体违法类型。,其他违法行为,(6-8) 法条不含书名号 | 法条: 决定给予宁波银亿物业管理有限公司罚款
决定给予安吉县瑞强海绵有限公司罚款,其他,ai,True,<泛类型>,仅有处罚决定表述，无法判断具体领域。,其他违法行为,(6-8) 法条不含书名号 | 法条: 决定给予安吉县瑞强海绵有限公司罚款
决定给予安吉县迪亚办公家具有限公司罚款,其他,ai,True,<泛类型>,仅有处罚决定语句，无法判断具体类型。,其他违法行为,(6-8) 法条不含书名号 | 法条: 决定给予安吉县迪亚办公家具有限公司罚款
决定给予安吉齐耀家具有限公司罚款,其他,ai,True,<泛类型>,仅有罚款决定，无具体违法内容。,其他违法行为,(6-8) 法条不含书名号 | 法条: 决定给予安吉齐耀家具有限公司罚款
决定给予对该单位罚款人民币壹万玖仟元罚款,其他,ai,True,<泛类型>,仅有处罚金额信息，无法判断类型。,其他违法行为,(6-8) 法条不含书名号 | 法条: 决定给予对该单位罚款人民币壹万玖仟元罚款
决定给予山东浦发钢铁有限公司罚款,其他,ai,True,<泛类型>,仅见罚款决定，无具体违法依据。,其他违法行为,(6-8) 法条不含书名号 | 法条: 决定给予山东浦发钢铁有限公司罚款
决定给予嵊州市圣事达制衣有限公司罚款,其他,ai,True,<泛类型>,只有处罚决定语句，无法细分类别。,其他违法行为,(6-8) 法条不含书名号 | 法条: 决定给予嵊州市圣事达制衣有限公司罚款
决定给予嵊州市安邦制衣有限公司罚款,其他,ai,True,<泛类型>,仅见罚款决定，无具体违法内容。,其他违法行为,(6-8) 法条不含书名号 | 法条: 决定给予嵊州市安邦制衣有限公司罚款
决定给予嵊州市绿环数码胶印有限公司罚款,其他,ai,True,<泛类型>,仅有罚款决定，无案由线索。,其他违法行为,(6-8) 法条不含书名号 | 法条: 决定给予嵊州市绿环数码胶印有限公司罚款
决定给予嵊州市通力机床有限公司罚款,其他,ai,True,<泛类型>,仅有罚款决定，无具体违法内容。,其他违法行为,(6-8) 法条不含书名号 | 法条: 决定给予嵊州市通力机床有限公司罚款
决定给予嵊州市鑫林机械有限公司罚款,其他,ai,True,<泛类型>,仅有罚款决定，无具体违法类型信息。,其他违法行为,(6-8) 法条不含书名号 | 法条: 决定给予嵊州市鑫林机械有限公司罚款
决定给予嵊州市隆盛电子有限公司处罚款,其他,ai,True,<泛类型>,仅有处罚决定表述，无法判断类型。,其他违法行为,(6-8) 法条不含书名号 | 法条: 决定给予嵊州市隆盛电子有限公司处罚款
决定给予嵊州市鸿昌纺织有限公司罚款,其他,ai,True,<泛类型>,仅有罚款决定，未体现具体领域。,其他违法行为,(6-8) 法条不含书名号 | 法条: 决定给予嵊州市鸿昌纺织有限公司罚款
决定给予广东中奥物业管理有限公司宁波分公司罚款,建筑使用安全,ai,True,(匹配)其他,仅有处罚决定，无具体违法内容。,其他违法行为,(6-8) 法条不含书名号 | 法条: 决定给予广东中奥物业管理有限公司宁波分公司罚款
决定给予康师傅(杭州)饮品有限公司罚款,其他,ai,True,<泛类型>,仅有处罚决定文字，无法具体判断。,其他违法行为,(6-8) 法条不含书名号 | 法条: 决定给予康师傅(杭州)饮品有限公司罚款
决定给予建德市万家电器电缆有限公司罚款,其他,ai,True,<泛类型>,仅有罚款决定，无法判断具体领域。,其他违法行为,(6-8) 法条不含书名号 | 法条: 决定给予建德市万家电器电缆有限公司罚款
决定给予建德市乾江彩印有限公司罚款,其他,ai,True,<泛类型>,仅有处罚决定表述，无法判断性质。,其他违法行为,(6-8) 法条不含书名号 | 法条: 决定给予建德市乾江彩印有限公司罚款
决定给予建德市新安江长运有限公司罚款,交通运输,ai,True,<泛类型>,运输企业被罚款，系交通管理领域。,交通运输违规,(6-7) 泛型法条被AI分为具体分类'交通运输'，应删除 | 原标记: <泛类型> | 法条: 决定给予建德市新安江长运有限公司罚款
决定给予建德市耀欣针纺有限公司罚款,其他,ai,True,<泛类型>,仅有罚款决定，无具体违法内容。,其他违法行为,(6-8) 法条不含书名号 | 法条: 决定给予建德市耀欣针纺有限公司罚款
决定给予建德市远丰工具有限公司罚款,其他,ai,True,<泛类型>,仅见罚款决定，无涉案事实描述。,其他违法行为,(6-8) 法条不含书名号 | 法条: 决定给予建德市远丰工具有限公司罚款
决定给予建德鑫鼎纤维材料有限公司罚款,其他,ai,True,<泛类型>,仅有罚款决定，无具体违法内容。,其他违法行为,(6-8) 法条不含书名号 | 法条: 决定给予建德鑫鼎纤维材料有限公司罚款
决定给予开化县建筑设计院有限公司罚款,建设工程与房地产,ai,True,<泛类型>,建筑设计院企业被罚属建设领域。,建设工程,(6-7) 泛型法条被AI分为具体分类'建设工程与房地产'，应删除 | 原标记: <泛类型> | 法条: 决定给予开化县建筑设计院有限公司罚款
决定给予开化洪升饰品有限公司罚款,其他,ai,True,<泛类型>,只有罚款决定描述，无法细分类型。,其他违法行为,(6-8) 法条不含书名号 | 法条: 决定给予开化洪升饰品有限公司罚款
决定给予当事人500元罚款,其他,ai,True,<泛类型>,仅有罚款金额，无法判断具体类型。,其他违法行为,(6-8) 法条不含书名号 | 法条: 决定给予当事人500元罚款
决定给予当事人:处以人民币伍仟元整罚款,其他,ai,True,<泛类型>,仅有处罚金额，无具体违法情形。,其他违法行为,(6-5) 处罚措施描述 | 匹配模式: '处以人民币伍仟元整罚款' | 法条: 决定给予当事人:处以人民币伍仟元整罚款
决定给予当事人壹万伍仟元罚款,其他,ai,True,<泛类型>,仅有处罚金额，无具体案由信息。,其他违法行为,(6-8) 法条不含书名号 | 法条: 决定给予当事人壹万伍仟元罚款
决定给予当事人壹仟元罚款,其他,ai,True,<泛类型>,仅有罚款金额，无违法内容信息。,其他违法行为,(6-8) 法条不含书名号 | 法条: 决定给予当事人壹仟元罚款
决定给予当事人处以1000元罚款,其他,ai,True,<泛类型>,仅有罚款金额，无具体违法内容。,其他违法行为,(6-5) 处罚措施描述 | 匹配模式: '处以1000元罚款' | 法条: 决定给予当事人处以1000元罚款
决定给予当事人罚款,其他,ai,True,<泛类型>,仅见处罚决定，无具体违法内容。,其他违法行为,(6-8) 法条不含书名号 | 法条: 决定给予当事人罚款
决定给予当事人行政罚款,其他,ai,True,<泛类型>,仅有处罚决定语句，无法判断类型。,其他违法行为,(6-8) 法条不含书名号 | 法条: 决定给予当事人行政罚款
决定给予当事人责令改正并处罚款,其他,ai,True,<泛类型>,未提供具体法条内容，无法细分。,其他违法行为,(6-8) 法条不含书名号 | 法条: 决定给予当事人责令改正并处罚款
决定给予德清县万丰竹木制品有限公司罚款,其他,ai,True,<泛类型>,仅有罚款决定，无具体违法事项。,其他违法行为,(6-8) 法条不含书名号 | 法条: 决定给予德清县万丰竹木制品有限公司罚款
决定给予怡人工艺品(宁波)有限公司罚款,其他,ai,True,<泛类型>,仅有处罚决定，无具体违法依据。,其他违法行为,(6-8) 法条不含书名号 | 法条: 决定给予怡人工艺品(宁波)有限公司罚款
决定给予慈溪市亿力磁材实业有限公司处罚款,其他,ai,True,<泛类型>,仅有处罚决定语句，无法判断具体类型。,其他违法行为,(6-8) 法条不含书名号 | 法条: 决定给予慈溪市亿力磁材实业有限公司处罚款
决定给予慈溪市益达电器有限公司处罚款,其他,ai,True,<泛类型>,仅有处罚决定语句，无法判断类型。,其他违法行为,(6-8) 法条不含书名号 | 法条: 决定给予慈溪市益达电器有限公司处罚款
决定给予捌万元罚款,其他,ai,True,<泛类型>,仅有罚款金额信息，无法判断类型。,其他违法行为,(6-8) 法条不含书名号 | 法条: 决定给予捌万元罚款
决定给予新昌县优佰盛家居用品有限公司罚款,其他,ai,True,<泛类型>,仅见罚款决定，无具体违法情形。,其他违法行为,(6-8) 法条不含书名号 | 法条: 决定给予新昌县优佰盛家居用品有限公司罚款
决定给予新昌县昌泰轴承有限公司罚款,其他,ai,True,<泛类型>,仅有罚款决定，未提及具体领域。,其他违法行为,(6-8) 法条不含书名号 | 法条: 决定给予新昌县昌泰轴承有限公司罚款
决定给予新昌县森焱纺织品有限公司罚款,其他,ai,True,<泛类型>,仅有罚款决定，无法判断具体类型。,其他违法行为,(6-8) 法条不含书名号 | 法条: 决定给予新昌县森焱纺织品有限公司罚款
决定给予新昌县洪达服装有限公司罚款,其他,ai,True,<泛类型>,仅有处罚决定描述，无具体违法内容。,其他违法行为,(6-8) 法条不含书名号 | 法条: 决定给予新昌县洪达服装有限公司罚款
决定给予新昌县蓝天精密铸造有限公司罚款,其他,ai,True,<泛类型>,仅有罚款决定，无具体违法内容信息。,其他违法行为,(6-8) 法条不含书名号 | 法条: 决定给予新昌县蓝天精密铸造有限公司罚款
决定给予新黄氏控股集团有限公司罚款,其他,ai,True,<泛类型>,仅有处罚决定表述，无法判断类型。,其他违法行为,(6-8) 法条不含书名号 | 法条: 决定给予新黄氏控股集团有限公司罚款
决定给予昆明捷众汽车有限公司处罚款,其他,ai,True,<泛类型>,仅有处罚决定标题，无法判断类型。,其他违法行为,(6-8) 法条不含书名号 | 法条: 决定给予昆明捷众汽车有限公司处罚款
决定给予晓星化纤(嘉兴)有限公司罚款,其他,ai,True,<泛类型>,仅有罚款决定，缺乏具体案由。,其他违法行为,(6-8) 法条不含书名号 | 法条: 决定给予晓星化纤(嘉兴)有限公司罚款
决定给予朱妙女罚款,其他,ai,True,<泛类型>,仅载明罚款决定，无具体案由信息。,其他违法行为,(6-8) 法条不含书名号 | 法条: 决定给予朱妙女罚款
决定给予杭州一胜布艺有限公司罚款,其他,ai,True,<泛类型>,仅有处罚决定，无具体违法内容。,其他违法行为,(6-8) 法条不含书名号 | 法条: 决定给予杭州一胜布艺有限公司罚款
决定给予杭州万事利丝绸数码印花有限公司罚款,其他,ai,True,<泛类型>,仅有罚款决定，无具体违法情形描述。,其他违法行为,(6-8) 法条不含书名号 | 法条: 决定给予杭州万事利丝绸数码印花有限公司罚款
决定给予杭州万事利漂染有限公司罚款,其他,ai,True,<泛类型>,仅有罚款决定，无具体违法内容。,其他违法行为,(6-8) 法条不含书名号 | 法条: 决定给予杭州万事利漂染有限公司罚款
决定给予杭州临安宏达塑化厂责令停止使用,安全生产,ai,True,<泛类型>,责令停止使用多指安全生产隐患。,安全生产,(6-7) 泛型法条被AI分为具体分类'安全生产'，应删除 | 原标记: <泛类型> | 法条: 决定给予杭州临安宏达塑化厂责令停止使用
决定给予杭州乐金化妆品有限公司罚款,食品药品,ai,True,(匹配)其他,只有处罚决定无具体案由内容。,其他违法行为,(6-8) 法条不含书名号 | 法条: 决定给予杭州乐金化妆品有限公司罚款
决定给予杭州亿达化纤有限公司罚款,其他,ai,True,<泛类型>,仅有处罚决定语句，无法细分类别。,其他违法行为,(6-8) 法条不含书名号 | 法条: 决定给予杭州亿达化纤有限公司罚款
决定给予杭州伊士坦投资管理有限公司罚款,其他,ai,True,<泛类型>,仅见罚款决定，无具体违法内容。,其他违法行为,(6-8) 法条不含书名号 | 法条: 决定给予杭州伊士坦投资管理有限公司罚款
决定给予杭州佳钰纺织有限公司罚款,其他,ai,True,<泛类型>,仅有罚款信息，无法判断具体类型。,其他违法行为,(6-8) 法条不含书名号 | 法条: 决定给予杭州佳钰纺织有限公司罚款
决定给予杭州兴合建筑劳务有限公司罚款,建设工程与房地产,ai,True,<泛类型>,主体为建筑劳务公司，涉工程领域罚款。,建设工程,(6-7) 泛型法条被AI分为具体分类'建设工程与房地产'，应删除 | 原标记: <泛类型> | 法条: 决定给予杭州兴合建筑劳务有限公司罚款
决定给予杭州千岛湖佳诺纺织有限公司罚款,其他,ai,True,<泛类型>,仅有罚款决定，无具体违法内容。,其他违法行为,(6-8) 法条不含书名号 | 法条: 决定给予杭州千岛湖佳诺纺织有限公司罚款
决定给予杭州华元电影大世界有限公司罚款,其他,ai,True,<泛类型>,仅有处罚决定语句，无法判断类型。,其他违法行为,(6-8) 法条不含书名号 | 法条: 决定给予杭州华元电影大世界有限公司罚款
决定给予杭州华力电缆有限公司罚款,其他,ai,True,<泛类型>,仅有处罚决定描述，无法细分类型。,其他违法行为,(6-8) 法条不含书名号 | 法条: 决定给予杭州华力电缆有限公司罚款
决定给予杭州华味亨生物科技有限公司罚款,其他,ai,True,<泛类型>,仅有罚款决定，无具体违法内容。,其他违法行为,(6-8) 法条不含书名号 | 法条: 决定给予杭州华味亨生物科技有限公司罚款
决定给予杭州华裕纺织有限公司罚款,其他,ai,True,<泛类型>,仅有罚款决定，无具体违法情节。,其他违法行为,(6-8) 法条不含书名号 | 法条: 决定给予杭州华裕纺织有限公司罚款
决定给予杭州友俐橡塑制品有限公司罚款,其他,ai,True,<泛类型>,仅有罚款决定，无具体违法内容。,其他违法行为,(6-8) 法条不含书名号 | 法条: 决定给予杭州友俐橡塑制品有限公司罚款
决定给予杭州吉华江东化工有限公司罚款,安全生产,ai,True,<泛类型>,化工企业罚款，多涉及危化安全管理。,安全生产/危化品,(6-7) 泛型法条被AI分为具体分类'安全生产'，应删除 | 原标记: <泛类型> | 法条: 决定给予杭州吉华江东化工有限公司罚款
决定给予杭州嘉翔高强螺栓股份有限公司罚款,其他,ai,True,<泛类型>,仅有处罚决定语句，无法判断具体类型。,其他违法行为,(6-8) 法条不含书名号 | 法条: 决定给予杭州嘉翔高强螺栓股份有限公司罚款
决定给予杭州大东南高科新材料有限公司罚款,其他,ai,True,<泛类型>,仅有处罚决定语句，无法判断类型。,其他违法行为,(6-8) 法条不含书名号 | 法条: 决定给予杭州大东南高科新材料有限公司罚款
决定给予杭州大和热磁电子有限公司罚款,其他,ai,True,<泛类型>,仅有罚款决定，无法判断具体类型。,其他违法行为,(6-8) 法条不含书名号 | 法条: 决定给予杭州大和热磁电子有限公司罚款
决定给予杭州天峰印务有限公司罚款,其他,ai,True,<泛类型>,只有罚款决定，无法判断类型。,其他违法行为,(6-8) 法条不含书名号 | 法条: 决定给予杭州天峰印务有限公司罚款
决定给予杭州好事域针织有限公司罚款,其他,ai,True,<泛类型>,仅有处罚决定标题，无法判断类型。,其他违法行为,(6-8) 法条不含书名号 | 法条: 决定给予杭州好事域针织有限公司罚款
决定给予杭州宝山电光源有限公司罚款,其他,ai,True,<泛类型>,仅有罚款决定，无具体违法内容。,其他违法行为,(6-8) 法条不含书名号 | 法条: 决定给予杭州宝山电光源有限公司罚款
决定给予杭州富阳千嘉商业城有限公司罚款,其他,ai,True,<泛类型>,仅有罚款决定表述，无法具体判断。,其他违法行为,(6-8) 法条不含书名号 | 法条: 决定给予杭州富阳千嘉商业城有限公司罚款
决定给予杭州富阳宏利实业有限公司罚款,其他,ai,True,<泛类型>,只有处罚结论无具体违法情节。,其他违法行为,(6-8) 法条不含书名号 | 法条: 决定给予杭州富阳宏利实业有限公司罚款
决定给予杭州富阳恒达控制阀厂罚款,其他,ai,True,<泛类型>,仅有处罚决定表述，无法判断类型。,其他违法行为,(6-8) 法条不含书名号 | 法条: 决定给予杭州富阳恒达控制阀厂罚款
决定给予杭州得力纺织有限公司罚款,其他,ai,True,<泛类型>,仅见罚款决定，无具体违法内容。,其他违法行为,(6-8) 法条不含书名号 | 法条: 决定给予杭州得力纺织有限公司罚款
决定给予杭州恒兴铝塑门窗有限公司罚款,其他,ai,True,<泛类型>,只有罚款决定语句，无具体事由。,其他违法行为,(6-8) 法条不含书名号 | 法条: 决定给予杭州恒兴铝塑门窗有限公司罚款
决定给予杭州敏坤电子科技有限公司罚款,其他,ai,True,<泛类型>,仅见罚款决定，无具体违法事实。,其他违法行为,(6-8) 法条不含书名号 | 法条: 决定给予杭州敏坤电子科技有限公司罚款
决定给予杭州新宝伞业有限公司罚款,其他,ai,True,<泛类型>,仅有罚款决定，无法判断具体领域。,其他违法行为,(6-8) 法条不含书名号 | 法条: 决定给予杭州新宝伞业有限公司罚款
决定给予杭州星帅尔电器股份有限公司罚款,其他,ai,True,<泛类型>,只有罚款结果，缺乏案由细节。,其他违法行为,(6-8) 法条不含书名号 | 法条: 决定给予杭州星帅尔电器股份有限公司罚款
决定给予杭州梦成塑料包装有限公司罚款,其他,ai,True,<泛类型>,仅有处罚决定语句，无法细分类型。,其他违法行为,(6-8) 法条不含书名号 | 法条: 决定给予杭州梦成塑料包装有限公司罚款
决定给予杭州江干石油燃料有限公司罚款,安全生产,ai,True,<泛类型>,石油燃料企业多涉危化品安全管理。,安全生产/危化品,(6-7) 泛型法条被AI分为具体分类'安全生产'，应删除 | 原标记: <泛类型> | 法条: 决定给予杭州江干石油燃料有限公司罚款
决定给予杭州物良品服装有限公司罚款,其他,ai,True,<泛类型>,仅有罚款决定，无具体违法内容描述。,其他违法行为,(6-8) 法条不含书名号 | 法条: 决定给予杭州物良品服装有限公司罚款
决定给予杭州狮虎涂料有限公司罚款,其他,ai,True,<泛类型>,仅有罚款决定，无具体违法内容。,其他违法行为,(6-8) 法条不含书名号 | 法条: 决定给予杭州狮虎涂料有限公司罚款
决定给予杭州百庆纤维有限公司罚款,其他,ai,True,<泛类型>,仅有罚款决定，无具体违法情形描述。,其他违法行为,(6-8) 法条不含书名号 | 法条: 决定给予杭州百庆纤维有限公司罚款
决定给予杭州科兴生物化工有限公司罚款,其他,ai,True,<泛类型>,仅有罚款决定，无具体违法内容。,其他违法行为,(6-8) 法条不含书名号 | 法条: 决定给予杭州科兴生物化工有限公司罚款
决定给予杭州科昂电力电器有限公司罚款,电力,ai,True,(匹配)其他,仅有罚款决定，无具体案由内容。,其他违法行为,(6-8) 法条不含书名号 | 法条: 决定给予杭州科昂电力电器有限公司罚款
决定给予杭州精驰钢结构有限公司罚款,其他,ai,True,<泛类型>,仅有罚款决定，无具体违法内容。,其他违法行为,(6-8) 法条不含书名号 | 法条: 决定给予杭州精驰钢结构有限公司罚款
决定给予杭州联发纤维有限公司罚款,其他,ai,True,<泛类型>,仅有处罚决定表述，无法细化类别。,其他违法行为,(6-8) 法条不含书名号 | 法条: 决定给予杭州联发纤维有限公司罚款
决定给予杭州艺文报刊印务有限公司罚款,公共文化与传媒,ai,True,<泛类型>,对报刊印务公司作出处罚所致。,公共文化与传媒,(6-7) 泛型法条被AI分为具体分类'公共文化与传媒'，应删除 | 原标记: <泛类型> | 法条: 决定给予杭州艺文报刊印务有限公司罚款
决定给予杭州荣达针纺助剂有限公司罚款,其他,ai,True,<泛类型>,仅有罚款决定，无法判断具体类型。,其他违法行为,(6-8) 法条不含书名号 | 法条: 决定给予杭州荣达针纺助剂有限公司罚款
决定给予杭州萧山第五化工厂罚款,环境保护,ai,True,<泛类型>,化工厂被罚多涉污染环保问题。,环境保护,(6-7) 泛型法条被AI分为具体分类'环境保护'，应删除 | 原标记: <泛类型> | 法条: 决定给予杭州萧山第五化工厂罚款
决定给予杭州萧山美艺花边有限公司处罚款,其他,ai,True,<泛类型>,仅见处罚决定标题，无法细分类型。,其他违法行为,(6-8) 法条不含书名号 | 法条: 决定给予杭州萧山美艺花边有限公司处罚款
决定给予杭州赛洋图像技术有限公司罚款,其他,ai,True,<泛类型>,仅有罚款决定，无具体违法信息。,其他违法行为,(6-8) 法条不含书名号 | 法条: 决定给予杭州赛洋图像技术有限公司罚款
决定给予杭州金弘三鸟羽绒制品有限公司罚款,其他,ai,True,<泛类型>,仅有处罚决定标题，无法判断具体类型。,其他违法行为,(6-8) 法条不含书名号 | 法条: 决定给予杭州金弘三鸟羽绒制品有限公司罚款
决定给予杭州长城伟世投资有限公司罚款,财税与金融监管,ai,True,<泛类型>,公司属投资企业，被处以罚款。,金融/信贷违规,(6-7) 泛型法条被AI分为具体分类'财税与金融监管'，应删除 | 原标记: <泛类型> | 法条: 决定给予杭州长城伟世投资有限公司罚款
决定给予桐乡华桂家具有限公司罚款,其他,ai,True,<泛类型>,仅有罚款决定，无具体违法内容。,其他违法行为,(6-8) 法条不含书名号 | 法条: 决定给予桐乡华桂家具有限公司罚款
决定给予桐乡市衣都服饰有限公司罚款,其他,ai,True,<泛类型>,仅见罚款决定，无案由细节信息。,其他违法行为,(6-8) 法条不含书名号 | 法条: 决定给予桐乡市衣都服饰有限公司罚款
决定给予桐乡市阿尔纳撒吉纺织有限公司罚款,其他,ai,True,<泛类型>,仅有罚款决定，无具体违法情节。,其他违法行为,(6-8) 法条不含书名号 | 法条: 决定给予桐乡市阿尔纳撒吉纺织有限公司罚款
决定给予桐乡市骑塘丝业有限公司罚款,其他,ai,True,<泛类型>,仅有罚款决定，无法判断具体类型。,其他违法行为,(6-8) 法条不含书名号 | 法条: 决定给予桐乡市骑塘丝业有限公司罚款
决定给予武义佳宝丽化工有限公司罚款,安全生产,ai,True,<泛类型>,化工企业多涉危化品安全管理。,安全生产/危化品,(6-7) 泛型法条被AI分为具体分类'安全生产'，应删除 | 原标记: <泛类型> | 法条: 决定给予武义佳宝丽化工有限公司罚款
决定给予武义县明招国际公馆罚款,其他,ai,True,<泛类型>,仅有处罚决定标题，无法判断具体类型。,其他违法行为,(6-8) 法条不含书名号 | 法条: 决定给予武义县明招国际公馆罚款
决定给予武义宝兴钢化玻璃有限公司罚款,其他,ai,True,<泛类型>,仅有处罚决定，未见具体违法内容。,其他违法行为,(6-8) 法条不含书名号 | 法条: 决定给予武义宝兴钢化玻璃有限公司罚款
决定给予武义瑞星特种钢有限公司罚款,其他,ai,True,<泛类型>,仅有罚款决定，无具体违法信息。,其他违法行为,(6-8) 法条不含书名号 | 法条: 决定给予武义瑞星特种钢有限公司罚款
决定给予永康市大华五金气具厂罚款,其他,ai,True,<泛类型>,仅有处罚决定，无具体违法情节描述。,其他违法行为,(6-8) 法条不含书名号 | 法条: 决定给予永康市大华五金气具厂罚款
决定给予永康市宇翔铝业有限公司罚款,其他,ai,True,<泛类型>,仅有罚款决定，未提及违法类型。,其他违法行为,(6-8) 法条不含书名号 | 法条: 决定给予永康市宇翔铝业有限公司罚款
决定给予法德电器有限公司罚款,其他,ai,True,<泛类型>,仅见罚款决定，无具体违法内容。,其他违法行为,(6-8) 法条不含书名号 | 法条: 决定给予法德电器有限公司罚款
决定给予浙江一品电气机械有限公司罚款,其他,ai,True,<泛类型>,仅有罚款决定，无具体违法情形描述。,其他违法行为,(6-8) 法条不含书名号 | 法条: 决定给予浙江一品电气机械有限公司罚款
决定给予浙江万盛股份有限公司罚款,其他,ai,True,<泛类型>,仅有处罚决定表述，无法细分类型。,其他违法行为,(6-8) 法条不含书名号 | 法条: 决定给予浙江万盛股份有限公司罚款
决定给予浙江万翔寝具制品有限公司罚款,其他,ai,True,<泛类型>,仅见处罚决定，无具体违法内容。,其他违法行为,(6-8) 法条不含书名号 | 法条: 决定给予浙江万翔寝具制品有限公司罚款
决定给予浙江三友包装有限公司罚款,其他,ai,True,<泛类型>,仅有罚款决定，无具体违法内容。,其他违法行为,(6-8) 法条不含书名号 | 法条: 决定给予浙江三友包装有限公司罚款
决定给予浙江三和拉链有限公司罚款,其他,ai,True,<泛类型>,仅见处罚决定语句，无法细分。,其他违法行为,(6-8) 法条不含书名号 | 法条: 决定给予浙江三和拉链有限公司罚款
决定给予浙江三晟化工有限公司罚款,安全生产,ai,True,<泛类型>,化工企业多涉危化品安全管理问题。,安全生产/危化品,(6-7) 泛型法条被AI分为具体分类'安全生产'，应删除 | 原标记: <泛类型> | 法条: 决定给予浙江三晟化工有限公司罚款
决定给予浙江下沙荣成包装有限公司罚款,其他,ai,True,<泛类型>,仅有罚款信息，无法判断具体类型。,其他违法行为,(6-8) 法条不含书名号 | 法条: 决定给予浙江下沙荣成包装有限公司罚款
决定给予浙江世宏实业有限公司罚款,其他,ai,True,<泛类型>,仅有处罚决定表述，无法细分类型。,其他违法行为,(6-8) 法条不含书名号 | 法条: 决定给予浙江世宏实业有限公司罚款
决定给予浙江东冠建设有限公司罚款,建设工程与房地产,ai,True,<泛类型>,公司名称含“建设”，推定涉建设工程。,建设工程,(6-7) 泛型法条被AI分为具体分类'建设工程与房地产'，应删除 | 原标记: <泛类型> | 法条: 决定给予浙江东冠建设有限公司罚款
决定给予浙江东冠建设集团有限公司罚款,建设工程与房地产,ai,True,<泛类型>,涉及建设集团公司被罚款处理。,建设工程,(6-7) 泛型法条被AI分为具体分类'建设工程与房地产'，应删除 | 原标记: <泛类型> | 法条: 决定给予浙江东冠建设集团有限公司罚款
决定给予浙江东南网架股份有限公司罚款,其他,ai,True,<泛类型>,仅有罚款决定，未体现具体领域。,其他违法行为,(6-8) 法条不含书名号 | 法条: 决定给予浙江东南网架股份有限公司罚款
决定给予浙江东海新材料科技有限公司罚款,其他,ai,True,<泛类型>,仅见罚款决定，无具体违法内容。,其他违法行为,(6-8) 法条不含书名号 | 法条: 决定给予浙江东海新材料科技有限公司罚款
决定给予浙江东缘油脂有限公司罚款,其他,ai,True,<泛类型>,仅见罚款决定，无具体违法内容。,其他违法行为,(6-8) 法条不含书名号 | 法条: 决定给予浙江东缘油脂有限公司罚款
决定给予浙江临亚休闲用品有限公司罚款,其他,ai,True,<泛类型>,仅有罚款决定，缺乏具体违法情形。,其他违法行为,(6-8) 法条不含书名号 | 法条: 决定给予浙江临亚休闲用品有限公司罚款
决定给予浙江久而久化学有限公司处罚款,安全生产,ai,True,<泛类型>,企业名称含“化学”，多涉危化品安全。,安全生产/危化品,(6-7) 泛型法条被AI分为具体分类'安全生产'，应删除 | 原标记: <泛类型> | 法条: 决定给予浙江久而久化学有限公司处罚款
决定给予浙江佳龙电子有限公司处罚款,其他,ai,True,<泛类型>,仅有处罚决定语句，无法判断类型。,其他违法行为,(6-8) 法条不含书名号 | 法条: 决定给予浙江佳龙电子有限公司处罚款
决定给予浙江兄弟印业有限公司罚款,其他,ai,True,<泛类型>,仅见罚款决定，无法确定类别。,其他违法行为,(6-8) 法条不含书名号 | 法条: 决定给予浙江兄弟印业有限公司罚款
决定给予浙江兄弟路标涂料有限公司处罚款,其他,ai,True,<泛类型>,仅有处罚决定，无具体违法内容。,其他违法行为,(6-8) 法条不含书名号 | 法条: 决定给予浙江兄弟路标涂料有限公司处罚款
决定给予浙江兄弟路标涂料有限公司罚款,其他,ai,True,<泛类型>,仅有处罚决定，无违法内容细节。,其他违法行为,(6-8) 法条不含书名号 | 法条: 决定给予浙江兄弟路标涂料有限公司罚款
决定给予浙江冠松汽车销售服务有限公司罚款,其他,ai,True,<泛类型>,仅见罚款决定文字，无法判断具体类型。,其他违法行为,(6-8) 法条不含书名号 | 法条: 决定给予浙江冠松汽车销售服务有限公司罚款
决定给予浙江凯普化工有限公司其他,其他,ai,True,<泛类型>,仅有公司名称与“其他”，无法判断。,其他违法行为,(6-8) 法条不含书名号 | 法条: 决定给予浙江凯普化工有限公司其他
决定给予浙江凯燕纺织材料有限公司罚款,其他,ai,True,<泛类型>,仅含处罚决定语句，无法判断类型。,其他违法行为,(6-8) 法条不含书名号 | 法条: 决定给予浙江凯燕纺织材料有限公司罚款
决定给予浙江利丰电器股份有限公司罚款,其他,ai,True,<泛类型>,仅见罚款决定，无具体违法类型信息。,其他违法行为,(6-8) 法条不含书名号 | 法条: 决定给予浙江利丰电器股份有限公司罚款
决定给予浙江利马革业有限公司罚款,其他,ai,True,<泛类型>,仅有罚款决定，无法判断领域。,其他违法行为,(6-8) 法条不含书名号 | 法条: 决定给予浙江利马革业有限公司罚款
决定给予浙江力达电器股份有限公司罚款,其他,ai,True,<泛类型>,仅有罚款决定，无违法细节信息。,其他违法行为,(6-8) 法条不含书名号 | 法条: 决定给予浙江力达电器股份有限公司罚款
决定给予浙江华美电器制造有限公司罚款,其他,ai,True,<泛类型>,仅有罚款决定，无法判断具体领域。,其他违法行为,(6-8) 法条不含书名号 | 法条: 决定给予浙江华美电器制造有限公司罚款
决定给予浙江华越设计股份有限公司罚款,其他,ai,True,<泛类型>,仅有罚款决定，无具体违法内容描述。,其他违法行为,(6-8) 法条不含书名号 | 法条: 决定给予浙江华越设计股份有限公司罚款
决定给予浙江卓驰机械有限公司罚款,其他,ai,True,<泛类型>,仅有处罚决定语句，无案由信息。,其他违法行为,(6-8) 法条不含书名号 | 法条: 决定给予浙江卓驰机械有限公司罚款
决定给予浙江博奥铝业有限公司罚款,其他,ai,True,<泛类型>,仅见罚款决定，未涉具体领域。,其他违法行为,(6-8) 法条不含书名号 | 法条: 决定给予浙江博奥铝业有限公司罚款
决定给予浙江卡丹路服饰有限公司罚款,其他,ai,True,<泛类型>,仅见罚款决定，无具体案由说明。,其他违法行为,(6-8) 法条不含书名号 | 法条: 决定给予浙江卡丹路服饰有限公司罚款
决定给予浙江双金麟包装有限公司罚款,其他,ai,True,<泛类型>,仅有罚款信息，无法判断具体类型。,其他违法行为,(6-8) 法条不含书名号 | 法条: 决定给予浙江双金麟包装有限公司罚款
决定给予浙江台州东景工艺有限公司罚款,其他,ai,True,<泛类型>,仅见罚款决定，无具体违法内容。,其他违法行为,(6-8) 法条不含书名号 | 法条: 决定给予浙江台州东景工艺有限公司罚款
决定给予浙江吉特工贸有限公司罚款,其他,ai,True,<泛类型>,仅有处罚决定语句，无法判断类型。,其他违法行为,(6-8) 法条不含书名号 | 法条: 决定给予浙江吉特工贸有限公司罚款
决定给予浙江嘉兴中达建设有限公司罚款,建设工程与房地产,ai,True,<泛类型>,主体为建设公司，涉建设罚款。,建设工程,(6-7) 泛型法条被AI分为具体分类'建设工程与房地产'，应删除 | 原标记: <泛类型> | 法条: 决定给予浙江嘉兴中达建设有限公司罚款
决定给予浙江嘉年华针织服饰股份有限公司罚款,其他,ai,True,<泛类型>,仅见罚款决定，缺乏具体案由。,其他违法行为,(6-8) 法条不含书名号 | 法条: 决定给予浙江嘉年华针织服饰股份有限公司罚款
决定给予浙江国茂羊绒制品有限公司罚款,其他,ai,True,<泛类型>,仅有罚款决定，缺乏具体案情。,其他违法行为,(6-8) 法条不含书名号 | 法条: 决定给予浙江国茂羊绒制品有限公司罚款
决定给予浙江大申建设有限公司责令改正并处罚款,建设工程与房地产,ai,True,<泛类型>,建设有限公司被责令改正并罚款。,建设工程,(6-7) 泛型法条被AI分为具体分类'建设工程与房地产'，应删除 | 原标记: <泛类型> | 法条: 决定给予浙江大申建设有限公司责令改正并处罚款
决定给予浙江天力机车部件有限公司罚款,其他,ai,True,<泛类型>,仅见罚款决定，无具体违法情节。,其他违法行为,(6-8) 法条不含书名号 | 法条: 决定给予浙江天力机车部件有限公司罚款
决定给予浙江天恩太阳能科技有限公司罚款,其他,ai,True,<泛类型>,仅有罚款决定，无具体违法内容。,其他违法行为,(6-8) 法条不含书名号 | 法条: 决定给予浙江天恩太阳能科技有限公司罚款
决定给予浙江天成印染针织有限公司罚款,“*”其他违法行为,ai,True,<泛类型>,仅见处罚决定文字，无法判断类型。,“*”其他违法行为,(6-6) AI分类含星号'“*”其他违法行为'，分类不确定 | 法条: 决定给予浙江天成印染针织有限公司罚款
决定给予浙江奥冠薄钢科技有限公司罚款,其他,ai,True,<泛类型>,仅有罚款信息，无法判断具体类型。,其他违法行为,(6-8) 法条不含书名号 | 法条: 决定给予浙江奥冠薄钢科技有限公司罚款
决定给予浙江娜芙纳富服饰有限公司罚款,其他,ai,True,<泛类型>,仅见罚款决定语句，无法判断类型。,其他违法行为,(6-8) 法条不含书名号 | 法条: 决定给予浙江娜芙纳富服饰有限公司罚款
决定给予浙江安立博休闲用品有限公司罚款,其他,ai,True,<泛类型>,仅见罚款决定，无具体违法内容。,其他违法行为,(6-8) 法条不含书名号 | 法条: 决定给予浙江安立博休闲用品有限公司罚款
决定给予浙江宋氏实业有限公司罚款,其他,ai,True,<泛类型>,仅有罚款决定，无具体违法内容。,其他违法行为,(6-8) 法条不含书名号 | 法条: 决定给予浙江宋氏实业有限公司罚款
决定给予浙江宏武阀门有限公司罚款,其他,ai,True,<泛类型>,仅有处罚决定语句，无法细分。,其他违法行为,(6-8) 法条不含书名号 | 法条: 决定给予浙江宏武阀门有限公司罚款
决定给予浙江宏鼎实业有限公司罚款,其他,ai,True,<泛类型>,仅见罚款决定，无具体违法内容。,其他违法行为,(6-8) 法条不含书名号 | 法条: 决定给予浙江宏鼎实业有限公司罚款
决定给予浙江富士制鞋有限公司罚款,其他,ai,True,<泛类型>,仅有罚款决定，无具体违法内容。,其他违法行为,(6-8) 法条不含书名号 | 法条: 决定给予浙江富士制鞋有限公司罚款
决定给予浙江尼佳电动车业有限公司罚款,其他,ai,True,<泛类型>,仅有罚款决定，无具体违法内容描述。,其他违法行为,(6-8) 法条不含书名号 | 法条: 决定给予浙江尼佳电动车业有限公司罚款
决定给予浙江峰恒电器有限公司罚款,其他,ai,True,<泛类型>,仅有罚款决定，无具体违法内容。,其他违法行为,(6-8) 法条不含书名号 | 法条: 决定给予浙江峰恒电器有限公司罚款
决定给予浙江嵊州元丰模具有限公司罚款,其他,ai,True,<泛类型>,仅有处罚决定标题，无法判断类型。,其他违法行为,(6-8) 法条不含书名号 | 法条: 决定给予浙江嵊州元丰模具有限公司罚款
决定给予浙江帝仕电子科技有限公司罚款,其他,ai,True,<泛类型>,仅有罚款决定，无具体违法内容。,其他违法行为,(6-8) 法条不含书名号 | 法条: 决定给予浙江帝仕电子科技有限公司罚款
决定给予浙江平湖华龙实业股份有限公司罚款,其他,ai,True,<泛类型>,仅写明罚款决定，无法判断类型。,其他违法行为,(6-8) 法条不含书名号 | 法条: 决定给予浙江平湖华龙实业股份有限公司罚款
决定给予浙江弘正工贸有限公司罚款,其他,ai,True,<泛类型>,仅有处罚决定语句，无法细分类别。,其他违法行为,(6-8) 法条不含书名号 | 法条: 决定给予浙江弘正工贸有限公司罚款
决定给予浙江彩盛塑业有限公司罚款,其他,ai,True,<泛类型>,仅见罚款决定，无任何案由信息。,其他违法行为,(6-8) 法条不含书名号 | 法条: 决定给予浙江彩盛塑业有限公司罚款
决定给予浙江得利亚自动化制造有限公司罚款,其他,ai,True,<泛类型>,仅有罚款决定，无具体违法情形描述。,其他违法行为,(6-8) 法条不含书名号 | 法条: 决定给予浙江得利亚自动化制造有限公司罚款
决定给予浙江德清完美箱包有限公司罚款,其他,ai,True,<泛类型>,仅有处罚决定语句，无法判断类型。,其他违法行为,(6-8) 法条不含书名号 | 法条: 决定给予浙江德清完美箱包有限公司罚款
决定给予浙江恒宸建设集团有限公司罚款,建设工程与房地产,ai,True,<泛类型>,建设集团公司被罚，多涉施工违法。,建设工程,(6-7) 泛型法条被AI分为具体分类'建设工程与房地产'，应删除 | 原标记: <泛类型> | 法条: 决定给予浙江恒宸建设集团有限公司罚款
决定给予浙江恒杰椅业有限公司罚款,其他,ai,True,<泛类型>,仅有罚款决定，无法判断具体类型。,其他违法行为,(6-8) 法条不含书名号 | 法条: 决定给予浙江恒杰椅业有限公司罚款
决定给予浙江恒林椅业股份有限公司罚款,其他,ai,True,<泛类型>,仅有处罚决定表述，无法具体判断。,其他违法行为,(6-8) 法条不含书名号 | 法条: 决定给予浙江恒林椅业股份有限公司罚款
决定给予浙江惠华针织有限公司罚款,其他,ai,True,<泛类型>,仅有处罚决定，无具体违法情形描述。,其他违法行为,(6-8) 法条不含书名号 | 法条: 决定给予浙江惠华针织有限公司罚款
决定给予浙江拓展文具有限公司罚款,其他,ai,True,<泛类型>,仅见罚款决定，未含具体情节。,其他违法行为,(6-8) 法条不含书名号 | 法条: 决定给予浙江拓展文具有限公司罚款
决定给予浙江搏奥汽摩部件有限公司罚款,其他,ai,True,<泛类型>,仅见罚款决定，无具体案由描述。,其他违法行为,(6-8) 法条不含书名号 | 法条: 决定给予浙江搏奥汽摩部件有限公司罚款
决定给予浙江新东方紧固件有限公司罚款,其他,ai,True,<泛类型>,仅有罚款决定，无具体违法内容。,其他违法行为,(6-8) 法条不含书名号 | 法条: 决定给予浙江新东方紧固件有限公司罚款
决定给予浙江新中环建筑设计有限公司罚款,建设工程与房地产,ai,True,<泛类型>,建筑设计公司被罚，涉建设工程管理。,建设工程,(6-7) 泛型法条被AI分为具体分类'建设工程与房地产'，应删除 | 原标记: <泛类型> | 法条: 决定给予浙江新中环建筑设计有限公司罚款
决定给予浙江新华新材料科技有限责任公司罚款,其他,ai,True,<泛类型>,仅有处罚决定表述，缺乏案情细节。,其他违法行为,(6-8) 法条不含书名号 | 法条: 决定给予浙江新华新材料科技有限责任公司罚款
决定给予浙江新厦建设有限公司罚款,建设工程与房地产,ai,True,<泛类型>,企业名称含“建设”且被罚款。,建设工程,(6-7) 泛型法条被AI分为具体分类'建设工程与房地产'，应删除 | 原标记: <泛类型> | 法条: 决定给予浙江新厦建设有限公司罚款
决定给予浙江新柴动力有限公司罚款,其他,ai,True,<泛类型>,仅载明罚款决定，无法判断具体类型。,其他违法行为,(6-8) 法条不含书名号 | 法条: 决定给予浙江新柴动力有限公司罚款
决定给予浙江旭达鞋业有限公司罚款,其他,ai,True,<泛类型>,仅有处罚决定，无具体违法情形描述。,其他违法行为,(6-8) 法条不含书名号 | 法条: 决定给予浙江旭达鞋业有限公司罚款
决定给予浙江景昌建设有限公司罚款,建设工程与房地产,ai,True,<泛类型>,公司名称含建设，推定为施工领域罚款。,建设工程,(6-7) 泛型法条被AI分为具体分类'建设工程与房地产'，应删除 | 原标记: <泛类型> | 法条: 决定给予浙江景昌建设有限公司罚款
决定给予浙江格维司箱包有限公司罚款,其他,ai,True,<泛类型>,仅有罚款决定，无案由细节。,其他违法行为,(6-8) 法条不含书名号 | 法条: 决定给予浙江格维司箱包有限公司罚款
决定给予浙江欧朋家具有限公司罚款,其他,ai,True,<泛类型>,仅见罚款决定，未现具体事由。,其他违法行为,(6-8) 法条不含书名号 | 法条: 决定给予浙江欧朋家具有限公司罚款
决定给予浙江正堂实业股份有限公司罚款,其他,ai,True,<泛类型>,仅有罚款决定表述，无具体案由。,其他违法行为,(6-8) 法条不含书名号 | 法条: 决定给予浙江正堂实业股份有限公司罚款
决定给予浙江正邦汽车模具有限公司处罚款,其他,ai,True,<泛类型>,仅有处罚决定标题，无法判断具体类型。,其他违法行为,(6-8) 法条不含书名号 | 法条: 决定给予浙江正邦汽车模具有限公司处罚款
决定给予浙江步步乐箱包有限公司罚款,其他,ai,True,<泛类型>,仅见罚款决定，无具体案由。,其他违法行为,(6-8) 法条不含书名号 | 法条: 决定给予浙江步步乐箱包有限公司罚款
决定给予浙江永合新材料科技有限公司罚款,其他,ai,True,<泛类型>,仅见处罚决定语句，无法判断具体领域。,其他违法行为,(6-8) 法条不含书名号 | 法条: 决定给予浙江永合新材料科技有限公司罚款
决定给予浙江永安时装有限公司罚款,其他,ai,True,<泛类型>,仅有处罚决定，无具体违法情节。,其他违法行为,(6-8) 法条不含书名号 | 法条: 决定给予浙江永安时装有限公司罚款
决定给予浙江永成物业管理有限公司处罚款,建筑使用安全,ai,True,(匹配)其他,仅见处罚决定标题，无法判断具体类型。,其他违法行为,(6-8) 法条不含书名号 | 法条: 决定给予浙江永成物业管理有限公司处罚款
决定给予浙江汇辰电子科技有限公司罚款,其他,ai,True,<泛类型>,仅有处罚决定表述，无法细分类型。,其他违法行为,(6-8) 法条不含书名号 | 法条: 决定给予浙江汇辰电子科技有限公司罚款
决定给予浙江海之拓数据科技有限公司罚款,其他,ai,True,<泛类型>,仅有处罚决定语句，无法细分类型。,其他违法行为,(6-8) 法条不含书名号 | 法条: 决定给予浙江海之拓数据科技有限公司罚款
决定给予浙江深蓝工贸有限公司罚款,其他,ai,True,<泛类型>,仅见罚款决定，无具体案由信息。,其他违法行为,(6-8) 法条不含书名号 | 法条: 决定给予浙江深蓝工贸有限公司罚款
决定给予浙江源美塑料包装有限公司罚款,其他,ai,True,<泛类型>,仅有罚款决定，无具体违法情节。,其他违法行为,(6-8) 法条不含书名号 | 法条: 决定给予浙江源美塑料包装有限公司罚款
决定给予浙江澳奇利服饰有限公司罚款,其他,ai,True,<泛类型>,仅见罚款决定，无违法事实细节。,其他违法行为,(6-8) 法条不含书名号 | 法条: 决定给予浙江澳奇利服饰有限公司罚款
决定给予浙江濛花喷雾器有限公司罚款,其他,ai,True,<泛类型>,仅有处罚决定语句，无法判断类型。,其他违法行为,(6-8) 法条不含书名号 | 法条: 决定给予浙江濛花喷雾器有限公司罚款
决定给予浙江爱茵霍芬置业有限公司罚款,建设工程与房地产,ai,True,<泛类型>,置业公司被罚，多涉房地产领域。,房地产/土地,(6-7) 泛型法条被AI分为具体分类'建设工程与房地产'，应删除 | 原标记: <泛类型> | 法条: 决定给予浙江爱茵霍芬置业有限公司罚款
决定给予浙江瑞浦科技有限公司罚款,其他,ai,True,<泛类型>,仅有处罚决定，无具体违法内容。,其他违法行为,(6-8) 法条不含书名号 | 法条: 决定给予浙江瑞浦科技有限公司罚款
决定给予浙江瑞豪橡塑有限公司罚款,其他,ai,True,<泛类型>,仅有罚款决定，无具体违法内容。,其他违法行为,(6-8) 法条不含书名号 | 法条: 决定给予浙江瑞豪橡塑有限公司罚款
决定给予浙江白马实业有限公司罚款,其他,ai,True,<泛类型>,仅有罚款决定，无具体案由信息。,其他违法行为,(6-8) 法条不含书名号 | 法条: 决定给予浙江白马实业有限公司罚款
决定给予浙江百速鞋业有限公司罚款,其他,ai,True,<泛类型>,仅有罚款决定，无具体违法事实说明。,其他违法行为,(6-8) 法条不含书名号 | 法条: 决定给予浙江百速鞋业有限公司罚款
决定给予浙江盛越电子科技有限公司罚款,其他,ai,True,<泛类型>,仅有处罚决定语句，无法判断类型。,其他违法行为,(6-8) 法条不含书名号 | 法条: 决定给予浙江盛越电子科技有限公司罚款
决定给予浙江省一建建设集团有限公司责令改正并处罚款,建设工程与房地产,ai,True,<泛类型>,建设公司被责令改正并罚款所致。,建设工程,(6-7) 泛型法条被AI分为具体分类'建设工程与房地产'，应删除 | 原标记: <泛类型> | 法条: 决定给予浙江省一建建设集团有限公司责令改正并处罚款
决定给予浙江省二建建设集团有限公司罚款,建设工程与房地产,ai,True,<泛类型>,涉及建设集团公司被罚款行为。,建设工程,(6-7) 泛型法条被AI分为具体分类'建设工程与房地产'，应删除 | 原标记: <泛类型> | 法条: 决定给予浙江省二建建设集团有限公司罚款
决定给予浙江省纺织品进出口集团有限公司罚款,海关/进出口,ai,True,(匹配)海关/进出口,进出口集团被罚属进出口违规。,海关/进出口,(6-8) 法条不含书名号 | 法条: 决定给予浙江省纺织品进出口集团有限公司罚款
决定给予浙江磐石电子有限公司罚款,其他,ai,True,<泛类型>,仅有罚款决定，无具体违法情形。,其他违法行为,(6-8) 法条不含书名号 | 法条: 决定给予浙江磐石电子有限公司罚款
决定给予浙江福发纺织有限公司罚款,其他,ai,True,<泛类型>,仅见处罚决定，无具体违法情形。,其他违法行为,(6-8) 法条不含书名号 | 法条: 决定给予浙江福发纺织有限公司罚款
决定给予浙江福安织造科技有限公司罚款,其他,ai,True,<泛类型>,仅有罚款决定，无具体违法情形。,其他违法行为,(6-8) 法条不含书名号 | 法条: 决定给予浙江福安织造科技有限公司罚款
决定给予浙江福德工贸有限公司罚款,其他,ai,True,<泛类型>,仅有处罚决定表述，无法判断类型。,其他违法行为,(6-8) 法条不含书名号 | 法条: 决定给予浙江福德工贸有限公司罚款
决定给予浙江科华数码广场有限公司罚款,其他,ai,True,<泛类型>,仅有罚款决定，无法识别具体领域。,其他违法行为,(6-8) 法条不含书名号 | 法条: 决定给予浙江科华数码广场有限公司罚款
决定给予浙江精威神龙五金有限公司罚款,其他,ai,True,<泛类型>,仅有罚款决定，无具体违法内容。,其他违法行为,(6-8) 法条不含书名号 | 法条: 决定给予浙江精威神龙五金有限公司罚款
决定给予浙江维泰橡胶有限公司罚款,其他,ai,True,<泛类型>,只有罚款决定，无具体违法内容。,其他违法行为,(6-8) 法条不含书名号 | 法条: 决定给予浙江维泰橡胶有限公司罚款
决定给予浙江美丽达被服有限公司责令停产停业,安全生产,ai,True,<泛类型>,责令停产停业通常源于安全生产隐患。,安全生产,(6-7) 泛型法条被AI分为具体分类'安全生产'，应删除 | 原标记: <泛类型> | 法条: 决定给予浙江美丽达被服有限公司责令停产停业
决定给予浙江美达斯洁具有限公司罚款,其他,ai,True,<泛类型>,仅有处罚结论，未见具体违法内容。,其他违法行为,(6-8) 法条不含书名号 | 法条: 决定给予浙江美达斯洁具有限公司罚款
决定给予浙江羿阳太阳能科技有限公司罚款,其他,ai,True,<泛类型>,仅有处罚决定无具体违法内容。,其他违法行为,(6-8) 法条不含书名号 | 法条: 决定给予浙江羿阳太阳能科技有限公司罚款
决定给予浙江聚成服饰有限公司罚款,其他,ai,True,<泛类型>,仅有罚款决定，无具体违法情形说明。,其他违法行为,(6-8) 法条不含书名号 | 法条: 决定给予浙江聚成服饰有限公司罚款
决定给予浙江胜道体育用品有限公司罚款,其他,ai,True,<泛类型>,仅见罚款决定语，无法判断类型。,其他违法行为,(6-8) 法条不含书名号 | 法条: 决定给予浙江胜道体育用品有限公司罚款
决定给予浙江舒友仪器设备有限公司罚款,其他,ai,True,<泛类型>,仅见处罚决定文字，无具体事由。,其他违法行为,(6-8) 法条不含书名号 | 法条: 决定给予浙江舒友仪器设备有限公司罚款
决定给予浙江航民科尔纺织有限公司罚款,其他,ai,True,<泛类型>,仅有罚款决定，无具体违法内容。,其他违法行为,(6-8) 法条不含书名号 | 法条: 决定给予浙江航民科尔纺织有限公司罚款
决定给予浙江航艇针织有限公司罚款,其他,ai,True,<泛类型>,仅见罚款决定，无具体违法内容。,其他违法行为,(6-8) 法条不含书名号 | 法条: 决定给予浙江航艇针织有限公司罚款
决定给予浙江荣达建设有限公司罚款,建设工程与房地产,ai,True,<泛类型>,涉建设有限公司被罚，多属建工领域。,建设工程,(6-7) 泛型法条被AI分为具体分类'建设工程与房地产'，应删除 | 原标记: <泛类型> | 法条: 决定给予浙江荣达建设有限公司罚款
决定给予浙江莱克藤艺有限公司罚款,其他,ai,True,<泛类型>,仅有罚款决定，无具体违法内容。,其他违法行为,(6-8) 法条不含书名号 | 法条: 决定给予浙江莱克藤艺有限公司罚款
决定给予浙江菱格木业有限公司罚款,其他,ai,True,<泛类型>,仅有处罚决定语句，无法判断类型。,其他违法行为,(6-8) 法条不含书名号 | 法条: 决定给予浙江菱格木业有限公司罚款
决定给予浙江萨巨利维能源科技有限公司罚款,其他,ai,True,<泛类型>,仅有处罚决定语句，无法判断具体类型。,其他违法行为,(6-8) 法条不含书名号 | 法条: 决定给予浙江萨巨利维能源科技有限公司罚款
决定给予浙江诚品压克力材料有限公司罚款,其他,ai,True,<泛类型>,仅有罚款决定，无具体违法信息可判。,其他违法行为,(6-8) 法条不含书名号 | 法条: 决定给予浙江诚品压克力材料有限公司罚款
决定给予浙江诚品针纺有限公司罚款,其他,ai,True,<泛类型>,仅有罚款决定，无具体违法内容。,其他违法行为,(6-8) 法条不含书名号 | 法条: 决定给予浙江诚品针纺有限公司罚款
决定给予浙江隆源高分子科技有限公司罚款,其他,ai,True,<泛类型>,仅有罚款决定，无具体违法内容。,其他违法行为,(6-8) 法条不含书名号 | 法条: 决定给予浙江隆源高分子科技有限公司罚款
决定给予浙江鸿星文具有限公司罚款,其他,ai,True,<泛类型>,仅有罚款决定，无具体违法情形。,其他违法行为,(6-8) 法条不含书名号 | 法条: 决定给予浙江鸿星文具有限公司罚款
决定给予浙江鸿翔物业管理服务有限公司罚款,建筑使用安全,ai,True,(匹配)其他,仅有罚款决定，无具体违法内容。,其他违法行为,(6-8) 法条不含书名号 | 法条: 决定给予浙江鸿翔物业管理服务有限公司罚款
决定给予浙江黄岩万事发塑料制品厂罚款,其他,ai,True,<泛类型>,仅有处罚决定语句，未涉具体领域。,其他违法行为,(6-8) 法条不含书名号 | 法条: 决定给予浙江黄岩万事发塑料制品厂罚款
决定给予浙江龙达实业股份有限公司罚款,其他,ai,True,<泛类型>,仅见处罚决定语句，无法判断类型。,其他违法行为,(6-8) 法条不含书名号 | 法条: 决定给予浙江龙达实业股份有限公司罚款
决定给予海啊集团有限公司罚款,其他,ai,True,<泛类型>,仅有罚款决定表述，信息不足。,其他违法行为,(6-8) 法条不含书名号 | 法条: 决定给予海啊集团有限公司罚款
决定给予海宁市现代化工有限公司罚款,其他,ai,True,<泛类型>,仅有罚款决定，无具体违法内容。,其他违法行为,(6-8) 法条不含书名号 | 法条: 决定给予海宁市现代化工有限公司罚款
决定给予海盐县精细化工有限公司罚款,安全生产,ai,True,<泛类型>,精细化工企业多涉危化品安全监管。,安全生产/危化品,(6-7) 泛型法条被AI分为具体分类'安全生产'，应删除 | 原标记: <泛类型> | 法条: 决定给予海盐县精细化工有限公司罚款
决定给予海盐嘉源色彩科技股份有限公司罚款,其他,ai,True,<泛类型>,仅有处罚决定语句，无法判断具体性质。,其他违法行为,(6-8) 法条不含书名号 | 法条: 决定给予海盐嘉源色彩科技股份有限公司罚款
决定给予海盐奇标经编有限公司罚款,其他,ai,True,<泛类型>,仅见罚款决定，无法识别具体领域。,其他违法行为,(6-8) 法条不含书名号 | 法条: 决定给予海盐奇标经编有限公司罚款
决定给予淳安千岛湖饭店有限公司罚款,其他,ai,True,<泛类型>,仅有罚款决定字样，无法判断类型。,其他违法行为,(6-8) 法条不含书名号 | 法条: 决定给予淳安千岛湖饭店有限公司罚款
决定给予淳安华锦丝绸纺织有限公司罚款,其他,ai,True,<泛类型>,仅有罚款决定，无具体违法情节。,其他违法行为,(6-8) 法条不含书名号 | 法条: 决定给予淳安华锦丝绸纺织有限公司罚款
决定给予温岭市电气配套设备制造有限公司罚款,其他,ai,True,<泛类型>,仅有罚款决定，无具体违法内容。,其他违法行为,(6-8) 法条不含书名号 | 法条: 决定给予温岭市电气配套设备制造有限公司罚款
决定给予温州俊奇经济发展有限公司罚款,其他,ai,True,<泛类型>,仅有处罚决定表述，无法判断具体领域。,其他违法行为,(6-8) 法条不含书名号 | 法条: 决定给予温州俊奇经济发展有限公司罚款
决定给予温州全宇服饰有限公司罚款,其他,ai,True,<泛类型>,仅有处罚决定语句，无法判断类型。,其他违法行为,(6-8) 法条不含书名号 | 法条: 决定给予温州全宇服饰有限公司罚款
决定给予温州华贝科技有限公司罚款,其他,ai,True,<泛类型>,仅有罚款决定，无案由细节信息。,其他违法行为,(6-8) 法条不含书名号 | 法条: 决定给予温州华贝科技有限公司罚款
决定给予温州宏达箱包有限公司罚款,其他,ai,True,<泛类型>,仅有罚款决定，无具体违法情节。,其他违法行为,(6-8) 法条不含书名号 | 法条: 决定给予温州宏达箱包有限公司罚款
决定给予温州山海实业有限公司罚款,其他,ai,True,<泛类型>,仅有罚款决定，无具体违法信息。,其他违法行为,(6-8) 法条不含书名号 | 法条: 决定给予温州山海实业有限公司罚款
决定给予温州市万泰鞋业股份有限公司罚款,其他,ai,True,<泛类型>,仅见罚款决定，无具体违法情形。,其他违法行为,(6-8) 法条不含书名号 | 法条: 决定给予温州市万泰鞋业股份有限公司罚款
决定给予温州市中乔皮业有限公司罚款,其他,ai,True,<泛类型>,仅见罚款决定，无具体违法内容。,其他违法行为,(6-8) 法条不含书名号 | 法条: 决定给予温州市中乔皮业有限公司罚款
决定给予温州市中泰鞋业有限公司罚款,其他,ai,True,<泛类型>,仅见罚款决定语句，无法判断类型。,其他违法行为,(6-8) 法条不含书名号 | 法条: 决定给予温州市中泰鞋业有限公司罚款
决定给予温州市众邦拉链有限公司罚款,其他,ai,True,<泛类型>,仅见罚款决定，无具体违法情节。,其他违法行为,(6-8) 法条不含书名号 | 法条: 决定给予温州市众邦拉链有限公司罚款
决定给予温州市华伦电器有限公司罚款,其他,ai,True,<泛类型>,仅有罚款决定，无具体违法信息。,其他违法行为,(6-8) 法条不含书名号 | 法条: 决定给予温州市华伦电器有限公司罚款
决定给予温州市华杰皮业有限公司罚款,其他,ai,True,<泛类型>,仅见罚款决定，未提具体事由。,其他违法行为,(6-8) 法条不含书名号 | 法条: 决定给予温州市华杰皮业有限公司罚款
决定给予温州市名辰皮业有限公司罚款,其他,ai,True,<泛类型>,仅见罚款决定，无具体违法内容。,其他违法行为,(6-8) 法条不含书名号 | 法条: 决定给予温州市名辰皮业有限公司罚款
决定给予温州市城开物业管理有限公司罚款,建筑使用安全,ai,True,(匹配)其他,仅有罚款决定，无具体违法情形。,其他违法行为,(6-8) 法条不含书名号 | 法条: 决定给予温州市城开物业管理有限公司罚款
决定给予温州市意柏朗服饰有限公司罚款,其他,ai,True,<泛类型>,仅有处罚决定标题，无法判断类型。,其他违法行为,(6-8) 法条不含书名号 | 法条: 决定给予温州市意柏朗服饰有限公司罚款
决定给予温州市日丽鞋业有限公司罚款,其他,ai,True,<泛类型>,仅有罚款决定，无具体事由。,其他违法行为,(6-8) 法条不含书名号 | 法条: 决定给予温州市日丽鞋业有限公司罚款
决定给予温州市春龙电镀厂(普通合伙)罚款,环境保护,ai,True,<泛类型>,电镀企业污染排放典型环保违法。,环境保护,(6-7) 泛型法条被AI分为具体分类'环境保护'，应删除 | 原标记: <泛类型> | 法条: 决定给予温州市春龙电镀厂(普通合伙)罚款
决定给予温州市民泰刀具有限公司罚款,市场主体与登记治理,ai,True,<泛类型>,仅提公司被罚款，疑似登记问题。,无照经营/登记问题,(6-7) 泛型法条被AI分为具体分类'市场主体与登记治理'，应删除 | 原标记: <泛类型> | 法条: 决定给予温州市民泰刀具有限公司罚款
决定给予温州市米町服饰有限公司罚款,其他,ai,True,<泛类型>,仅有罚款决定，无具体违法内容。,其他违法行为,(6-8) 法条不含书名号 | 法条: 决定给予温州市米町服饰有限公司罚款
决定给予温州市金穗制衣有限公司罚款,其他,ai,True,<泛类型>,仅有罚款决定，未涉案由细节。,其他违法行为,(6-8) 法条不含书名号 | 法条: 决定给予温州市金穗制衣有限公司罚款
决定给予温州建设集团有限公司罚款,建设工程与房地产,ai,True,<泛类型>,涵盖建设集团施工类违法行为。,建设工程,(6-7) 泛型法条被AI分为具体分类'建设工程与房地产'，应删除 | 原标记: <泛类型> | 法条: 决定给予温州建设集团有限公司罚款
决定给予温州本色鸟服饰有限公司罚款,其他,ai,True,<泛类型>,仅有处罚决定表述，无法判断类型。,其他违法行为,(6-8) 法条不含书名号 | 法条: 决定给予温州本色鸟服饰有限公司罚款
决定给予温州海螺集团有限公司罚款,其他,ai,True,<泛类型>,仅见罚款决定语句，无法判断具体类型。,其他违法行为,(6-8) 法条不含书名号 | 法条: 决定给予温州海螺集团有限公司罚款
决定给予温州瑞乐轻工机械有限公司罚款,其他,ai,True,<泛类型>,仅有罚款决定，无法判断具体类型。,其他违法行为,(6-8) 法条不含书名号 | 法条: 决定给予温州瑞乐轻工机械有限公司罚款
决定给予温州盛隆乳胶制品有限公司罚款,其他,ai,True,<泛类型>,仅见罚款决定，无具体违法内容。,其他违法行为,(6-8) 法条不含书名号 | 法条: 决定给予温州盛隆乳胶制品有限公司罚款
决定给予温州红星国际家居广场有限公司罚款,其他,ai,True,<泛类型>,仅有罚款决定，无具体违法内容。,其他违法行为,(6-8) 法条不含书名号 | 法条: 决定给予温州红星国际家居广场有限公司罚款
决定给予温州罗克维电气有限公司罚款,其他,ai,True,<泛类型>,仅见处罚决定，无具体违法内容。,其他违法行为,(6-8) 法条不含书名号 | 法条: 决定给予温州罗克维电气有限公司罚款
决定给予温州群发薄膜材料有限公司罚款,其他,ai,True,<泛类型>,仅有罚款决定，无具体违法情形。,其他违法行为,(6-8) 法条不含书名号 | 法条: 决定给予温州群发薄膜材料有限公司罚款
决定给予温州远标鞋业有限公司罚款,其他,ai,True,<泛类型>,仅有处罚决定标题，缺乏具体案由。,其他违法行为,(6-8) 法条不含书名号 | 法条: 决定给予温州远标鞋业有限公司罚款
决定给予温州阿安箱包有限公司罚款,其他,ai,True,<泛类型>,仅有处罚决定表述，无法细分类型。,其他违法行为,(6-8) 法条不含书名号 | 法条: 决定给予温州阿安箱包有限公司罚款
决定给予温州静音轴承有限公司罚款,其他,ai,True,<泛类型>,仅有处罚决定语句，无法细分类型。,其他违法行为,(6-8) 法条不含书名号 | 法条: 决定给予温州静音轴承有限公司罚款
决定给予温州鼎丰鞋业有限公司罚款,其他,ai,True,<泛类型>,仅有罚款决定，无涉案事实细节。,其他违法行为,(6-8) 法条不含书名号 | 法条: 决定给予温州鼎丰鞋业有限公司罚款
决定给予湖州东方针织服装厂罚款,其他,ai,True,<泛类型>,仅有罚款决定，无具体违法情形说明。,其他违法行为,(6-8) 法条不含书名号 | 法条: 决定给予湖州东方针织服装厂罚款
决定给予湖州嘉日休闲用品有限公司罚款,其他,ai,True,<泛类型>,仅有罚款决定，无具体违法内容。,其他违法行为,(6-8) 法条不含书名号 | 法条: 决定给予湖州嘉日休闲用品有限公司罚款
决定给予湖州圆彤速递有限公司罚款,市场主体与登记治理,ai,True,<泛类型>,仅写明罚款决定，疑似经营状态问题。,未开业/自行停业,(6-7) 泛型法条被AI分为具体分类'市场主体与登记治理'，应删除 | 原标记: <泛类型> | 法条: 决定给予湖州圆彤速递有限公司罚款
决定给予湖州巨宏电机有限公司罚款,其他,ai,True,<泛类型>,仅有罚款决定，无具体案由信息。,其他违法行为,(6-8) 法条不含书名号 | 法条: 决定给予湖州巨宏电机有限公司罚款
决定给予湖州市富顺达丝纺有限公司罚款,其他,ai,True,<泛类型>,仅有罚款决定，无案件细节可判。,其他违法行为,(6-8) 法条不含书名号 | 法条: 决定给予湖州市富顺达丝纺有限公司罚款
决定给予湖州新亚纺织品有限公司罚款,其他,ai,True,<泛类型>,仅有罚款决定，无具体违法情形。,其他违法行为,(6-8) 法条不含书名号 | 法条: 决定给予湖州新亚纺织品有限公司罚款
决定给予湖州润科电子胶带有限公司罚款,其他,ai,True,<泛类型>,仅见处罚决定语句，无法判断具体类型。,其他违法行为,(6-8) 法条不含书名号 | 法条: 决定给予湖州润科电子胶带有限公司罚款
决定给予湖州织里友友服饰有限公司罚款,其他,ai,True,<泛类型>,仅有罚款决定，无具体违法内容。,其他违法行为,(6-8) 法条不含书名号 | 法条: 决定给予湖州织里友友服饰有限公司罚款
决定给予玉林市正威饲料有限公司作出处罚款,食品药品,ai,True,(匹配)其他,仅见罚款决定语句，无法细分类型。,其他违法行为,(6-8) 法条不含书名号 | 法条: 决定给予玉林市正威饲料有限公司作出处罚款
决定给予瑞安市康尔纳鞋业有限公司罚款,其他,ai,True,<泛类型>,仅有处罚决定语句，无法细分类型。,其他违法行为,(6-8) 法条不含书名号 | 法条: 决定给予瑞安市康尔纳鞋业有限公司罚款
决定给予瑞安市海霸洁具有限公司罚款,其他,ai,True,<泛类型>,仅有罚款决定，无具体违法内容。,其他违法行为,(6-8) 法条不含书名号 | 法条: 决定给予瑞安市海霸洁具有限公司罚款
决定给予瑞安市豫宏服饰有限公司罚款,其他,ai,True,<泛类型>,仅有罚款决定，无具体违法事项。,其他违法行为,(6-8) 法条不含书名号 | 法条: 决定给予瑞安市豫宏服饰有限公司罚款
决定给予笨笨家族体育用品有限公司罚款,其他,ai,True,<泛类型>,仅有处罚决定，无具体违法内容。,其他违法行为,(6-8) 法条不含书名号 | 法条: 决定给予笨笨家族体育用品有限公司罚款
决定给予绍兴天场家纺有限公司罚款,其他,ai,True,<泛类型>,仅有罚款决定，无法判断具体领域。,其他违法行为,(6-8) 法条不含书名号 | 法条: 决定给予绍兴天场家纺有限公司罚款
决定给予绍兴市上虞三维化工有限公司罚款,其他,ai,True,<泛类型>,仅有罚款决定，无具体违法情形描述。,其他违法行为,(6-8) 法条不含书名号 | 法条: 决定给予绍兴市上虞三维化工有限公司罚款
决定给予绍兴市信利印染有限公司罚款,环境保护,ai,True,<泛类型>,印染企业多涉污染排放环保问题。,环境保护,(6-7) 泛型法条被AI分为具体分类'环境保护'，应删除 | 原标记: <泛类型> | 法条: 决定给予绍兴市信利印染有限公司罚款
决定给予绍兴市兆山建材有限公司罚款,其他,ai,True,<泛类型>,仅见罚款决定，无具体案由。,其他违法行为,(6-8) 法条不含书名号 | 法条: 决定给予绍兴市兆山建材有限公司罚款
决定给予绍兴市新凯包装有限公司罚款,其他,ai,True,<泛类型>,仅见罚款决定，无具体违法内容。,其他违法行为,(6-8) 法条不含书名号 | 法条: 决定给予绍兴市新凯包装有限公司罚款
决定给予绍兴市科恩实验设备有限公司罚款,其他,ai,True,<泛类型>,仅有处罚决定表述，无法判断具体类型。,其他违法行为,(6-8) 法条不含书名号 | 法条: 决定给予绍兴市科恩实验设备有限公司罚款
决定给予绍兴市装璜电化有限公司罚款,其他,ai,True,<泛类型>,仅有罚款决定，无具体违法内容。,其他违法行为,(6-8) 法条不含书名号 | 法条: 决定给予绍兴市装璜电化有限公司罚款
决定给予绍兴梓泓针纺有限公司罚款,其他,ai,True,<泛类型>,仅见罚款决定，无具体违法内容。,其他违法行为,(6-8) 法条不含书名号 | 法条: 决定给予绍兴梓泓针纺有限公司罚款
决定给予绍兴港峰医用品有限公司罚款,其他,ai,True,<泛类型>,仅见罚款决定，无具体违法内容。,其他违法行为,(6-8) 法条不含书名号 | 法条: 决定给予绍兴港峰医用品有限公司罚款
决定给予绍兴瑞和汽车销售服务有限公司罚款,其他,ai,True,<泛类型>,仅有处罚决定，未见具体违法情形。,其他违法行为,(6-8) 法条不含书名号 | 法条: 决定给予绍兴瑞和汽车销售服务有限公司罚款
决定给予绍兴红宝石纺织品有限公司罚款,其他,ai,True,<泛类型>,仅有罚款决定，未体现具体领域。,其他违法行为,(6-8) 法条不含书名号 | 法条: 决定给予绍兴红宝石纺织品有限公司罚款
决定给予绍兴翔宇绿色包装有限公司罚款,其他,ai,True,<泛类型>,仅有罚款决定，无具体违法情形。,其他违法行为,(6-8) 法条不含书名号 | 法条: 决定给予绍兴翔宇绿色包装有限公司罚款
决定给予绍兴路德行汽车有限公司罚款,其他,ai,True,<泛类型>,仅有罚款决定，无具体违法事项。,其他违法行为,(6-8) 法条不含书名号 | 法条: 决定给予绍兴路德行汽车有限公司罚款
决定给予绍兴陶堰纺织有限公司罚款,其他,ai,True,<泛类型>,仅有罚款决定，无法判断具体领域。,其他违法行为,(6-8) 法条不含书名号 | 法条: 决定给予绍兴陶堰纺织有限公司罚款
决定给予缙云县四方电镀厂罚款,环境保护,ai,True,<泛类型>,电镀厂生产易涉污染环境。,环境保护,(6-7) 泛型法条被AI分为具体分类'环境保护'，应删除 | 原标记: <泛类型> | 法条: 决定给予缙云县四方电镀厂罚款
决定给予缪棋处以罚款,其他,ai,True,<泛类型>,仅有罚款决定，无具体案由信息。,其他违法行为,(6-5) 处罚措施描述 | 匹配模式: '处以罚款' | 法条: 决定给予缪棋处以罚款
决定给予罚款,其他,ai,True,<泛类型>,仅有罚款决定字样，无法判断。,其他违法行为,(6-8) 法条不含书名号 | 法条: 决定给予罚款
决定给予罚款人民币玖仟元;罚款,其他,ai,True,<泛类型>,仅见罚款金额，无案由及法条。,其他违法行为,(6-8) 法条不含书名号 | 法条: 决定给予罚款人民币玖仟元;罚款
决定给予肆仟元罚款,其他,ai,True,<泛类型>,仅见罚款金额，无具体案由信息。,其他违法行为,(6-8) 法条不含书名号 | 法条: 决定给予肆仟元罚款
决定给予蜘蛛王集团鞋业有限公司罚款,其他,ai,True,<泛类型>,仅有处罚决定文字，无具体事由。,其他违法行为,(6-8) 法条不含书名号 | 法条: 决定给予蜘蛛王集团鞋业有限公司罚款
决定给予行政罚款,其他,ai,True,<泛类型>,仅有处罚决定表述，无法判断类型。,其他违法行为,(6-8) 法条不含书名号 | 法条: 决定给予行政罚款
决定给予衢州中润钙业有限公司罚款,其他,ai,True,<泛类型>,仅见罚款决定，无具体违法内容。,其他违法行为,(6-8) 法条不含书名号 | 法条: 决定给予衢州中润钙业有限公司罚款
决定给予衢州清达试剂有限公司罚款,其他,ai,True,<泛类型>,仅有罚款决定，无法知具体违法类型。,其他违法行为,(6-8) 法条不含书名号 | 法条: 决定给予衢州清达试剂有限公司罚款
决定给予该公司合并罚款,其他,ai,True,<泛类型>,仅见合并罚款表述，无法判断类型。,其他违法行为,(6-8) 法条不含书名号 | 法条: 决定给予该公司合并罚款
决定给予该公司罚款,其他,ai,True,<泛类型>,只有罚款结果描述，无法判断类型。,其他违法行为,(6-8) 法条不含书名号 | 法条: 决定给予该公司罚款
决定给予该单位“处人民币壹万元罚款,其他,ai,True,<泛类型>,仅见罚款金额，无具体违法信息。,其他违法行为,(6-8) 法条不含书名号 | 法条: 决定给予该单位“处人民币壹万元罚款
决定给予该单位从轻处罚处以罚款,其他,ai,True,<泛类型>,仅有处罚表述，无法判断领域。,其他违法行为,(6-5) 处罚措施描述 | 匹配模式: '处以罚款' | 法条: 决定给予该单位从轻处罚处以罚款
决定给予该单位作出处罚款,其他,ai,True,<泛类型>,仅有罚款措辞，无具体案由信息。,其他违法行为,(6-8) 法条不含书名号 | 法条: 决定给予该单位作出处罚款
决定给予该单位处罚款,其他,ai,True,<泛类型>,仅有处罚用语，无法判断具体领域。,其他违法行为,(6-8) 法条不含书名号 | 法条: 决定给予该单位处罚款
决定给予诸暨市吉事达纺织有限公司罚款,其他,ai,True,<泛类型>,仅有罚款决定，无具体违法内容。,其他违法行为,(6-8) 法条不含书名号 | 法条: 决定给予诸暨市吉事达纺织有限公司罚款
决定给予诸暨市鼎恒电镀有限公司罚款,环境保护,ai,True,<泛类型>,电镀企业多涉污染排放违法。,环境保护,(6-7) 泛型法条被AI分为具体分类'环境保护'，应删除 | 原标记: <泛类型> | 法条: 决定给予诸暨市鼎恒电镀有限公司罚款
决定给予象山众德汽车维修有限公司罚款,其他,ai,True,<泛类型>,仅有处罚决定语句，无法细分类别。,其他违法行为,(6-8) 法条不含书名号 | 法条: 决定给予象山众德汽车维修有限公司罚款
决定给予象山恒润机械有限公司罚款,其他,ai,True,<泛类型>,仅见处罚决定语句，无法判断类型。,其他违法行为,(6-8) 法条不含书名号 | 法条: 决定给予象山恒润机械有限公司罚款
决定给予象山新港服饰有限公司罚款,其他,ai,True,<泛类型>,仅见罚款决定，无具体违法信息。,其他违法行为,(6-8) 法条不含书名号 | 法条: 决定给予象山新港服饰有限公司罚款
决定给予象山永久电力设备机具有限公司罚款,电力,ai,True,(匹配)其他,仅有罚款决定，未体现具体案由。,其他违法行为,(6-8) 法条不含书名号 | 法条: 决定给予象山永久电力设备机具有限公司罚款
决定给予财纳福诺木业(中国)有限公司罚款,其他,ai,True,<泛类型>,仅见罚款决定，无具体违法内容。,其他违法行为,(6-8) 法条不含书名号 | 法条: 决定给予财纳福诺木业(中国)有限公司罚款
决定给予责令停止违规行为,其他,ai,True,<泛类型>,仅有停止违规表述，无法细分类别。,其他违法行为,(6-8) 法条不含书名号 | 法条: 决定给予责令停止违规行为
决定给予责令改正,其他,ai,True,<泛类型>,仅有“责令改正”，无法判断具体领域。,其他违法行为,(6-8) 法条不含书名号 | 法条: 决定给予责令改正
决定给予责令改正并处罚款,其他,ai,True,<泛类型>,仅见处罚决定语，无具体情节可判。,其他违法行为,(6-8) 法条不含书名号 | 法条: 决定给予责令改正并处罚款
决定给予责令改正违法行为,其他,ai,True,<泛类型>,仅见“责令改正”，无具体违法内容可判定。,其他违法行为,(6-8) 法条不含书名号 | 法条: 决定给予责令改正违法行为
决定给予责令限期改正,其他,ai,True,<泛类型>,仅有责令改正表述，无法细分类型。,其他违法行为,(6-8) 法条不含书名号 | 法条: 决定给予责令限期改正
决定给予责令限期改正并处罚款,其他,ai,True,<泛类型>,仅有处罚决定语句，无法判断类型。,其他违法行为,(6-8) 法条不含书名号 | 法条: 决定给予责令限期改正并处罚款
决定给予责令限期整改,其他,ai,True,<泛类型>,仅有责令整改文字，信息不足。,其他违法行为,(6-8) 法条不含书名号 | 法条: 决定给予责令限期整改
决定给予贰万元罚款,其他,ai,True,<泛类型>,仅有罚款金额，无具体案情内容。,其他违法行为,(6-8) 法条不含书名号 | 法条: 决定给予贰万元罚款
决定给予贰万元行政罚款,其他,ai,True,<泛类型>,仅有处罚金额无具体违法内容。,其他违法行为,(6-8) 法条不含书名号 | 法条: 决定给予贰万元行政罚款
决定给予郑益军罚款,其他,ai,True,<泛类型>,仅见处罚决定姓名，无具体案由。,其他违法行为,(6-8) 法条不含书名号 | 法条: 决定给予郑益军罚款
决定给予金健峰集团平湖童车有限公司罚款,其他,ai,True,<泛类型>,仅有罚款决定，无具体违法内容。,其他违法行为,(6-8) 法条不含书名号 | 法条: 决定给予金健峰集团平湖童车有限公司罚款
决定给予金华市三伍服饰配件厂罚款,其他,ai,True,<泛类型>,仅有罚款决定描述，无法细分类型。,其他违法行为,(6-8) 法条不含书名号 | 法条: 决定给予金华市三伍服饰配件厂罚款
决定给予金华市三鑫电子玩具厂罚款,其他,ai,True,<泛类型>,仅有罚款决定，无具体违法内容。,其他违法行为,(6-8) 法条不含书名号 | 法条: 决定给予金华市三鑫电子玩具厂罚款
决定给予金华市华尔元针织服饰有限公司罚款,其他,ai,True,<泛类型>,仅有罚款决定，无具体违法情形描述。,其他违法行为,(6-8) 法条不含书名号 | 法条: 决定给予金华市华尔元针织服饰有限公司罚款
决定给予金华市明辉户外装备有限公司罚款,其他,ai,True,<泛类型>,仅有处罚决定，无具体违法情形描述。,其他违法行为,(6-8) 法条不含书名号 | 法条: 决定给予金华市明辉户外装备有限公司罚款
决定给予金华市景迪医疗用品有限公司罚款,卫生健康,ai,True,(匹配)其他,仅有罚款决定，无法判断具体类型。,其他违法行为,(6-8) 法条不含书名号 | 法条: 决定给予金华市景迪医疗用品有限公司罚款
决定给予金华市永大服饰有限公司罚款,其他,ai,True,<泛类型>,仅见罚款决定，无具体违法内容。,其他违法行为,(6-8) 法条不含书名号 | 法条: 决定给予金华市永大服饰有限公司罚款
决定给予金华市皇晟文具有限公司罚款,其他,ai,True,<泛类型>,仅见罚款决定，未载明违法类型。,其他违法行为,(6-8) 法条不含书名号 | 法条: 决定给予金华市皇晟文具有限公司罚款
决定给予金华市致厚服装有限公司罚款,其他,ai,True,<泛类型>,仅有处罚决定语句，无法判断类型。,其他违法行为,(6-8) 法条不含书名号 | 法条: 决定给予金华市致厚服装有限公司罚款
决定给予金华帅达毛纺织品有限公司罚款,其他,ai,True,<泛类型>,仅有罚款结论，无法判断类型。,其他违法行为,(6-8) 法条不含书名号 | 法条: 决定给予金华帅达毛纺织品有限公司罚款
决定给予金华金星纸业有限公司罚款,其他,ai,True,<泛类型>,仅有罚款决定，无具体违法内容。,其他违法行为,(6-8) 法条不含书名号 | 法条: 决定给予金华金星纸业有限公司罚款
决定给予雪谷集团有限公司责令停产停业,安全生产,ai,True,<泛类型>,责令停产停业，多因安全生产问题。,安全生产,(6-7) 泛型法条被AI分为具体分类'安全生产'，应删除 | 原标记: <泛类型> | 法条: 决定给予雪谷集团有限公司责令停产停业
决定给予鸿顺达控股有限公司罚款,其他,ai,True,<泛类型>,仅有处罚决定，无具体违法情形。,其他违法行为,(6-8) 法条不含书名号 | 法条: 决定给予鸿顺达控股有限公司罚款
决定给罚款,其他,ai,True,<泛类型>,仅有罚款表述，无法判断具体领域。,其他违法行为,(6-8) 法条不含书名号 | 法条: 决定给罚款
决定罚款,其他,ai,True,<泛类型>,仅有“决定罚款”无法判断具体领域。,其他违法行为,(6-8) 法条不含书名号 | 法条: 决定罚款
决定罚款壹万元整;第2-3项,其他,ai,True,<泛类型>,仅有罚款金额与条款序号，无法判断。,其他违法行为,(6-8) 法条不含书名号 | 法条: 决定罚款壹万元整;第2-3项
决定责令你公司改正,其他,ai,True,<泛类型>,仅有责令改正表述，无法判断类型。,其他违法行为,(6-8) 法条不含书名号 | 法条: 决定责令你公司改正
决定责令改正,其他,ai,True,<泛类型>,仅有责令改正表述，无法判断类型。,其他违法行为,(6-8) 法条不含书名号 | 法条: 决定责令改正
决定责令限期改正,其他,ai,True,<泛类型>,仅见责令改正用语，无法细分类型。,其他违法行为,(6-8) 法条不含书名号 | 法条: 决定责令限期改正
决定追缴等值价款,其他,ai,True,<泛类型>,仅见“追缴等值价款”，无细节可判。,其他违法行为,(6-8) 法条不含书名号 | 法条: 决定追缴等值价款
决定金中控股有限公司罚款,其他,ai,True,<泛类型>,仅有罚款决定标题，无具体案由。,其他违法行为,(6-8) 法条不含书名号 | 法条: 决定金中控股有限公司罚款
分别作出2万元罚款、3万元罚款,其他,ai,True,<泛类型>,仅有罚款金额，无具体案由信息。,其他违法行为,(6-8) 法条不含书名号 | 法条: 分别作出2万元罚款、3万元罚款
分贝数55db以上70db以下,环境保护,ai,True,<泛类型>,噪声超标扰民，属环境噪声污染。,环境保护,(6-7) 泛型法条被AI分为具体分类'环境保护'，应删除 | 原标记: <泛类型> | 法条: 分贝数55db以上70db以下
利润总额-302928.74元,其他,ai,True,<泛类型>,仅见利润数值，无法判断具体违法类型。,其他违法行为,(6-8) 法条不含书名号 | 法条: 利润总额-302928.74元
到期不缴纳罚款的,未缴纳罚款*,ai,True,<泛类型>,仅涉及未按期缴纳罚款行为。,未缴纳罚款*,(6-6) AI分类含星号'未缴纳罚款*'，分类不确定 | 法条: 到期不缴纳罚款的
加处罚款,其他,ai,True,<泛类型>,仅有“加处罚款”字样，信息不足。,其他违法行为,(6-5) 处罚措施描述 | 匹配模式: '加处罚款' | 法条: 加处罚款
加处罚款总额不超出罚款,其他,ai,True,<泛类型>,仅见罚款表述，无法对应具体领域。,其他违法行为,(6-5) 处罚措施描述 | 匹配模式: '加处罚款总额不超出罚款' | 法条: 加处罚款总额不超出罚款
加处罚款数额不超罚款,其他,ai,True,<泛类型>,语句模糊，仅涉罚款原则，无法具体对应。,其他违法行为,(6-5) 处罚措施描述 | 匹配模式: '加处罚款数额不超罚款' | 法条: 加处罚款数额不超罚款
加处罚款的数额不得超出罚款,财税与金融监管,ai,True,<泛类型>,加处罚款表述典型源自税收加罚规定。,税收违规,(6-5) 处罚措施描述 | 匹配模式: '加处罚款的数额不得超出罚款' | 法条: 加处罚款的数额不得超出罚款
加处罚款的数额不超出罚款,其他,ai,True,<泛类型>,条文内容极少，无法对应具体领域。,其他违法行为,(6-5) 处罚措施描述 | 匹配模式: '加处罚款的数额不超出罚款' | 法条: 加处罚款的数额不超出罚款
加处罚款的数额不超岀罚款,“不予处罚”,ai,True,<泛类型>,仅为罚款规则表述，无具体违法行为。,“不予处罚”,(6-5) 处罚措施描述 | 匹配模式: '加处罚款的数额不超岀罚款' | 法条: 加处罚款的数额不超岀罚款
即人民币罚款,其他,ai,True,<泛类型>,仅见“人民币罚款”，无法判断具体类型。,其他违法行为,(6-8) 法条不含书名号 | 法条: 即人民币罚款
即处二十万元罚款,其他,ai,True,<泛类型>,仅有罚款金额，无法判断领域。,其他违法行为,(6-8) 法条不含书名号 | 法条: 即处二十万元罚款
即最终罚款,其他,ai,True,<泛类型>,仅有“即最终罚款”，无法判断具体领域。,其他违法行为,(6-8) 法条不含书名号 | 法条: 即最终罚款
参照《天祝藏族自治县人民政府关于印发〈建设项,建设工程与房地产,ai,True,<泛类型>,涉及县政府建设项目管理规定。,建设工程,(6-7) 泛型法条被AI分为具体分类'建设工程与房地产'，应删除 | 原标记: <泛类型> | 法条: 参照《天祝藏族自治县人民政府关于印发〈建设项
取得相关证据,其他,ai,True,<泛类型>,仅有“取得相关证据”，无法判断内容。,其他违法行为,(6-8) 法条不含书名号 | 法条: 取得相关证据
可以处1万元以上2万元以下的罚款,其他,ai,True,<泛类型>,未提供具体法条内容无法判断。,其他违法行为,(6-5) 处罚措施描述 | 匹配模式: '可以处1万元以上2万元以下的罚款' | 法条: 可以处1万元以上2万元以下的罚款
可以处五万元以下的罚款,其他,ai,True,<泛类型>,仅见罚款幅度，无任何行为线索。】,其他违法行为,(6-5) 处罚措施描述 | 匹配模式: '可以处五万元以下的罚款' | 法条: 可以处五万元以下的罚款
可以处五十元罚款;违反第四项、第五项规定的,其他,ai,True,<泛类型>,仅有罚款表述，无具体违法内容。,其他违法行为,(6-5) 处罚措施描述 | 匹配模式: '可以处五十元罚款' | 法条: 可以处五十元罚款;违反第四项、第五项规定的
可以对你(单位)采取每日按罚款数额的3%加处罚款,财税与金融监管,ai,True,<泛类型>,按日加收滞纳金系税务处罚方式。,税收违规,(6-5) 处罚措施描述 | 匹配模式: '可以对你(单位)采取每日按罚款数额的3%加处罚款' | 法条: 可以对你(单位)采取每日按罚款数额的3%加处罚款
可以对你公司采取每日按罚款数额的3%加处罚款,市场秩序与竞争监管,ai,True,<泛类型>,按日加收百分比罚款属价格收费。,价格/收费,(6-5) 处罚措施描述 | 匹配模式: '可以对你公司采取每日按罚款数额的3%加处罚款' | 法条: 可以对你公司采取每日按罚款数额的3%加处罚款
可以对你单位采取每日按罚款数额的3%加处罚款,财税与金融监管,ai,True,<泛类型>,涉及按日加收滞纳金式税务罚款。,税收违规,(6-5) 处罚措施描述 | 匹配模式: '可以对你单位采取每日按罚款数额的3%加处罚款' | 法条: 可以对你单位采取每日按罚款数额的3%加处罚款
可以对你单位采取每日按罚款数额的百分之三加处罚款,财税与金融监管,ai,True,<泛类型>,涉按日加处罚款，多见税法。,税收违规,(6-5) 处罚措施描述 | 匹配模式: '可以对你单位采取每日按罚款数额的百分之三加处罚款' | 法条: 可以对你单位采取每日按罚款数额的百分之三加处罚款
可以对其处壹万壹仟元罚款,其他,ai,True,<泛类型>,仅见罚款金额，无实质违法内容。,其他违法行为,(6-5) 处罚措施描述 | 匹配模式: '可以对其处壹万壹仟元罚款' | 法条: 可以对其处壹万壹仟元罚款
可以对其处玖仟罚款,其他,ai,True,<泛类型>,仅有罚款额度描述，无法判断类型。,其他违法行为,(6-5) 处罚措施描述 | 匹配模式: '可以对其处玖仟罚款' | 法条: 可以对其处玖仟罚款
可以对该单位采取每日按罚款数额的3%加处罚款,财税与金融监管,ai,True,<泛类型>,按日加罚常用于税收滞纳罚款制度。,税收违规,(6-5) 处罚措施描述 | 匹配模式: '可以对该单位采取每日按罚款数额的3%加处罚款' | 法条: 可以对该单位采取每日按罚款数额的3%加处罚款
可以并处罚款,其他,ai,True,<泛类型>,仅出现并处罚款表述，无法判断具体类型。,其他违法行为,(6-5) 处罚措施描述 | 匹配模式: '可以并处罚款' | 法条: 可以并处罚款
可以按以下标准处罚款,其他,ai,True,<泛类型>,未提供具体法条内容，无法细分。,其他违法行为,(6-5) 处罚措施描述 | 匹配模式: '可以按以下标准处罚款' | 法条: 可以按以下标准处罚款
可以每日按罚款数额的3%加处罚款,市场秩序与竞争监管,ai,True,<泛类型>,按日加收罚款属价格收费领域。,价格/收费,(6-5) 处罚措施描述 | 匹配模式: '可以每日按罚款数额的3%加处罚款' | 法条: 可以每日按罚款数额的3%加处罚款
合并处罚款,其他,ai,True,<泛类型>,仅有“合并处罚款”，无法细分类型。,其他违法行为,(6-8) 法条不含书名号 | 法条: 合并处罚款
合计处以罚款,其他,ai,True,<泛类型>,仅有罚款表述，无法判断领域。,其他违法行为,(6-5) 处罚措施描述 | 匹配模式: '处以罚款' | 法条: 合计处以罚款
合计罚款,其他,ai,True,<泛类型>,仅有“合计罚款”字样，无法判断具体类型。,其他违法行为,(6-8) 法条不含书名号 | 法条: 合计罚款
吴伟明作为该项,其他,ai,True,<泛类型>,仅有人名无情节，无法判断具体类型。,其他违法行为,(6-8) 法条不含书名号 | 法条: 吴伟明作为该项
和第二十八条,其他,ai,True,<泛类型>,仅有条号无内容，无法判断。,其他违法行为,(6-8) 法条不含书名号 | 法条: 和第二十八条
和自由裁量权违反建设项,建设工程与房地产,ai,True,<泛类型>,出现“建设项”疑涉建设工程管理。,建设工程,(6-7) 泛型法条被AI分为具体分类'建设工程与房地产'，应删除 | 原标记: <泛类型> | 法条: 和自由裁量权违反建设项
四项,其他,ai,True,<泛类型>,仅给出“四项”，无法判断具体类型。,其他违法行为,(6-8) 法条不含书名号 | 法条: 四项
因此依据《企业事业单位内部治安保卫条例》第十九条第一款,治安管理,ai,True,<泛类型>,《治安保卫条例》属内部治安管理范畴。,治安管理,(6-7) 泛型法条被AI分为具体分类'治安管理'，应删除 | 原标记: <泛类型> | 法条: 因此依据《企业事业单位内部治安保卫条例》第十九条第一款
国有资金占控股或者占主导地位的依法必须进行招标的项,建设工程与房地产,ai,True,<泛类型>,涉及招标投标程序及监管问题。,工程建设/招投标,(6-7) 泛型法条被AI分为具体分类'建设工程与房地产'，应删除 | 原标记: <泛类型> | 法条: 国有资金占控股或者占主导地位的依法必须进行招标的项
在基准罚款额基础上减少30%罚款额,其他,ai,True,<泛类型>,仅说明罚款幅度，无具体案由。,其他违法行为,(6-8) 法条不含书名号 | 法条: 在基准罚款额基础上减少30%罚款额
在建设项,建设工程与房地产,ai,True,<泛类型>,关键词“在建设项”指工程建设领域。,建设工程,(6-7) 泛型法条被AI分为具体分类'建设工程与房地产'，应删除 | 原标记: <泛类型> | 法条: 在建设项
在裁量表裁定的罚款金额的基础上减少一定罚款,其他,ai,True,<泛类型>,仅体现裁量减罚，无具体违法类型。,其他违法行为,(6-8) 法条不含书名号 | 法条: 在裁量表裁定的罚款金额的基础上减少一定罚款
处1000元罚款,其他,ai,True,<泛类型>,仅有罚款额度描述，无法判断类型。,其他违法行为,(6-8) 法条不含书名号 | 法条: 处1000元罚款
处11万元罚款,其他,ai,True,<泛类型>,仅有罚款金额，缺乏案情信息。,其他违法行为,(6-8) 法条不含书名号 | 法条: 处11万元罚款
处13万元罚款,其他,ai,True,<泛类型>,仅有罚款金额，无法判断具体类型。,其他违法行为,(6-8) 法条不含书名号 | 法条: 处13万元罚款
处1万元以上5万元以下罚款,其他,ai,True,<泛类型>,仅有罚款幅度描述无法判断类型。,其他违法行为,(6-8) 法条不含书名号 | 法条: 处1万元以上5万元以下罚款
处1万元罚款,其他,ai,True,<泛类型>,仅有处罚金额，无具体案由。,其他违法行为,(6-8) 法条不含书名号 | 法条: 处1万元罚款
处2000元罚款,其他,ai,True,<泛类型>,仅有罚款金额描述，无法判断类型。,其他违法行为,(6-8) 法条不含书名号 | 法条: 处2000元罚款
处25000元(大写:贰万伍仟元)罚款;第2项,其他,ai,True,<泛类型>,仅有罚款金额与序号无法判断。,其他违法行为,(6-8) 法条不含书名号 | 法条: 处25000元(大写:贰万伍仟元)罚款;第2项
处2万以上3万以下的罚款,其他,ai,True,<泛类型>,仅有罚款幅度，无具体违法内容无法判断。,其他违法行为,(6-8) 法条不含书名号 | 法条: 处2万以上3万以下的罚款
处2万以下罚款,其他,ai,True,<泛类型>,仅有罚款幅度，无具体违法内容。,其他违法行为,(6-8) 法条不含书名号 | 法条: 处2万以下罚款
处4000元罚款,其他,ai,True,<泛类型>,仅有罚款金额，无具体法条内容。,其他违法行为,(6-8) 法条不含书名号 | 法条: 处4000元罚款
处4万元的罚款;对第2项,其他,ai,True,<泛类型>,仅有处罚金额，无具体违法内容。,其他违法行为,(6-8) 法条不含书名号 | 法条: 处4万元的罚款;对第2项
处5000.00元罚款,其他,ai,True,<泛类型>,仅有罚款金额，无法判断具体类型。,其他违法行为,(6-8) 法条不含书名号 | 法条: 处5000.00元罚款
处50000元罚款,其他,ai,True,<泛类型>,仅有罚款金额信息，无法判断类型。,其他违法行为,(6-8) 法条不含书名号 | 法条: 处50000元罚款
处5万元罚款,其他,ai,True,<泛类型>,仅有罚款金额，无具体违法内容。,其他违法行为,(6-8) 法条不含书名号 | 法条: 处5万元罚款
处6万元罚款,其他,ai,True,<泛类型>,仅有罚款金额，无法判断类型。,其他违法行为,(6-8) 法条不含书名号 | 法条: 处6万元罚款
处80000元的罚款,其他,ai,True,<泛类型>,仅有罚款金额，无具体案由信息。,其他违法行为,(6-8) 法条不含书名号 | 法条: 处80000元的罚款
处800元罚款,其他,ai,True,<泛类型>,仅有罚款金额信息，无法判断类型。,其他违法行为,(6-8) 法条不含书名号 | 法条: 处800元罚款
处一万元罚款,其他,ai,True,<泛类型>,仅有处罚结果，无具体案由信息。,其他违法行为,(6-8) 法条不含书名号 | 法条: 处一万元罚款
处七千元罚款,其他,ai,True,<泛类型>,仅有罚款金额，无法判断具体领域。,其他违法行为,(6-8) 法条不含书名号 | 法条: 处七千元罚款
处三万元罚款,其他,ai,True,<泛类型>,仅见罚款金额，无具体违法内容。,其他违法行为,(6-8) 法条不含书名号 | 法条: 处三万元罚款
处中标项,其他,ai,True,<泛类型>,“处中标项”无任何违规内容可判定。,其他违法行为,(6-8) 法条不含书名号 | 法条: 处中标项
处二万元以上二十万元以下的罚款,其他,ai,True,<泛类型>,仅有罚款幅度，无具体违法内容。,其他违法行为,(6-8) 法条不含书名号 | 法条: 处二万元以上二十万元以下的罚款
处二万元罚款,其他,ai,True,<泛类型>,仅有罚款金额，无具体法条内容。,其他违法行为,(6-8) 法条不含书名号 | 法条: 处二万元罚款
处二千元罚款,其他,ai,True,<泛类型>,仅有处罚金额，无法判断类型。,其他违法行为,(6-8) 法条不含书名号 | 法条: 处二千元罚款
处二百元罚款,其他,ai,True,<泛类型>,仅有罚款金额描述，无法细分类别。,其他违法行为,(6-8) 法条不含书名号 | 法条: 处二百元罚款
处于0.5倍的罚款,其他,ai,True,<泛类型>,仅提及罚款倍数，无具体领域信息。,其他违法行为,(6-8) 法条不含书名号 | 法条: 处于0.5倍的罚款
处于0倍的罚款,其他,ai,True,<泛类型>,仅描述罚款倍数，无法判断领域。,其他违法行为,(6-8) 法条不含书名号 | 法条: 处于0倍的罚款
处于1倍的罚款,其他,ai,True,<泛类型>,仅有罚款倍数描述，无法细分。,其他违法行为,(6-8) 法条不含书名号 | 法条: 处于1倍的罚款
处于2倍的罚款,其他,ai,True,<泛类型>,仅有罚款倍数表述，无法判断类型。,其他违法行为,(6-8) 法条不含书名号 | 法条: 处于2倍的罚款
处于倍的罚款,其他,ai,True,<泛类型>,条文信息过少，无法明确归类。,其他违法行为,(6-8) 法条不含书名号 | 法条: 处于倍的罚款
处五万元罚款,其他,ai,True,<泛类型>,仅见罚款数额，无具体案由信息。,其他违法行为,(6-8) 法条不含书名号 | 法条: 处五万元罚款
处五千元整罚款,其他,ai,True,<泛类型>,仅有罚款金额，无法判断具体类型。,其他违法行为,(6-8) 法条不含书名号 | 法条: 处五千元整罚款
处五千元罚款,其他,ai,True,<泛类型>,仅有罚款数额，无具体案由信息。,其他违法行为,(6-8) 法条不含书名号 | 法条: 处五千元罚款
处人民币10000元(壹万元整)罚款,其他,ai,True,<泛类型>,仅有罚款金额描述，无法判断类型。,其他违法行为,(6-8) 法条不含书名号 | 法条: 处人民币10000元(壹万元整)罚款
处人民币五千元罚款,其他,ai,True,<泛类型>,仅有罚款金额，无具体违法内容。,其他违法行为,(6-8) 法条不含书名号 | 法条: 处人民币五千元罚款
处人民币八万一千元罚款,其他,ai,True,<泛类型>,仅有罚款金额，无具体案由信息。,其他违法行为,(6-8) 法条不含书名号 | 法条: 处人民币八万一千元罚款
处人民币六万元的罚款,其他,ai,True,<泛类型>,仅有罚款金额信息，无法判断类型。,其他违法行为,(6-8) 法条不含书名号 | 法条: 处人民币六万元的罚款
处人民币壹万元整罚款,其他,ai,True,<泛类型>,仅有罚款金额描述，无法判断具体类型。,其他违法行为,(6-8) 法条不含书名号 | 法条: 处人民币壹万元整罚款
处人民币壹拾伍万伍仟元罚款,其他,ai,True,<泛类型>,仅有罚款金额描述，无法判断类型。,其他违法行为,(6-8) 法条不含书名号 | 法条: 处人民币壹拾伍万伍仟元罚款
处以10000元罚款,其他,ai,True,<泛类型>,仅有罚款金额，无任何案情信息。,其他违法行为,(6-5) 处罚措施描述 | 匹配模式: '处以10000元罚款' | 法条: 处以10000元罚款
处以1000元以上1万元以下罚款,其他,ai,True,<泛类型>,仅有罚款幅度，无法判断领域。,其他违法行为,(6-5) 处罚措施描述 | 匹配模式: '处以1000元以上1万元以下罚款' | 法条: 处以1000元以上1万元以下罚款
处以2050元罚款,其他,ai,True,<泛类型>,仅有罚款金额，无法判断具体类型。,其他违法行为,(6-5) 处罚措施描述 | 匹配模式: '处以2050元罚款' | 法条: 处以2050元罚款
处以27.1万元罚款,其他,ai,True,<泛类型>,仅有罚款金额，无具体案情信息。,其他违法行为,(6-5) 处罚措施描述 | 匹配模式: '处以27.1万元罚款' | 法条: 处以27.1万元罚款
处以3万元罚款,其他,ai,True,<泛类型>,仅有罚款金额，无具体违法信息。,其他违法行为,(6-5) 处罚措施描述 | 匹配模式: '处以3万元罚款' | 法条: 处以3万元罚款
处以495951.76元罚款,其他,ai,True,<泛类型>,仅有罚款金额，无法判断类型。,其他违法行为,(6-5) 处罚措施描述 | 匹配模式: '处以495951.76元罚款' | 法条: 处以495951.76元罚款
处以60000元罚款,其他,ai,True,<泛类型>,只有罚款金额信息，无法判断类型。,其他违法行为,(6-5) 处罚措施描述 | 匹配模式: '处以60000元罚款' | 法条: 处以60000元罚款
处以6万元罚款,其他,ai,True,<泛类型>,仅有罚款金额，无具体违法内容。,其他违法行为,(6-5) 处罚措施描述 | 匹配模式: '处以6万元罚款' | 法条: 处以6万元罚款
处以人民币九万元罚款,其他,ai,True,<泛类型>,仅有罚款金额，无具体案由信息。,其他违法行为,(6-5) 处罚措施描述 | 匹配模式: '处以人民币九万元罚款' | 法条: 处以人民币九万元罚款
处以人民币十万元罚款,其他,ai,True,<泛类型>,仅有罚款金额，无具体违法内容。,其他违法行为,(6-5) 处罚措施描述 | 匹配模式: '处以人民币十万元罚款' | 法条: 处以人民币十万元罚款
处以人民币贰万元整(￥20000)罚款,其他,ai,True,<泛类型>,无具体法条内容，无法判断类型。,其他违法行为,(6-5) 处罚措施描述 | 匹配模式: '处以人民币贰万元整(￥20000)罚款' | 法条: 处以人民币贰万元整(￥20000)罚款
处以树木价值1至5倍罚款,环境保护,ai,True,<泛类型>,涉及违法砍伐树木价值罚款。,环境保护,(6-5) 处罚措施描述 | 匹配模式: '处以树木价值1至5倍罚款' | 法条: 处以树木价值1至5倍罚款
处以罚款,其他,ai,True,<泛类型>,只有“处以罚款”，无实质内容。,其他违法行为,(6-5) 处罚措施描述 | 匹配模式: '处以罚款' | 法条: 处以罚款
处以罚款135万元,其他,ai,True,<泛类型>,仅有罚款金额，无任何案情信息。,其他违法行为,(6-5) 处罚措施描述 | 匹配模式: '处以罚款' | 法条: 处以罚款135万元
处以罚款二万元,其他,ai,True,<泛类型>,仅有罚款金额，无具体案情信息。,其他违法行为,(6-5) 处罚措施描述 | 匹配模式: '处以罚款' | 法条: 处以罚款二万元
处以罚款二万六千元;合计处以罚款,其他,ai,True,<泛类型>,仅有罚款金额，无法判断领域。,其他违法行为,(6-5) 处罚措施描述 | 匹配模式: '处以罚款二万六千元;合计处以罚款' | 法条: 处以罚款二万六千元;合计处以罚款
处以罚款五千元,其他,ai,True,<泛类型>,仅有罚款金额，无任何案情信息。,其他违法行为,(6-5) 处罚措施描述 | 匹配模式: '处以罚款' | 法条: 处以罚款五千元
处以该单位伍仟元罚款,其他,ai,True,<泛类型>,仅有罚款金额，无具体违法情形。,其他违法行为,(6-5) 处罚措施描述 | 匹配模式: '处以该单位伍仟元罚款' | 法条: 处以该单位伍仟元罚款
处以该单位壹万元罚款,其他,ai,True,<泛类型>,仅见罚款金额，无具体违法情形。,其他违法行为,(6-5) 处罚措施描述 | 匹配模式: '处以该单位壹万元罚款' | 法条: 处以该单位壹万元罚款
处以进货总额26100元9%的罚款,市场秩序与竞争监管,ai,True,<泛类型>,按进货总额比例罚款，多涉价格违法。,价格/收费,(6-5) 处罚措施描述 | 匹配模式: '处以进货总额26100元9%的罚款' | 法条: 处以进货总额26100元9%的罚款
处十万元罚款,其他,ai,True,<泛类型>,仅有罚款金额描述，无法判断类别。,其他违法行为,(6-8) 法条不含书名号 | 法条: 处十万元罚款
处十二万元罚款,其他,ai,True,<泛类型>,仅有罚款金额，无法判断具体领域。,其他违法行为,(6-8) 法条不含书名号 | 法条: 处十二万元罚款
处叁万元罚款,其他,ai,True,<泛类型>,仅有罚款金额，无实质案情信息。,其他违法行为,(6-8) 法条不含书名号 | 法条: 处叁万元罚款
处捌万元整罚款,其他,ai,True,<泛类型>,仅有罚款金额，无法判断类型。,其他违法行为,(6-8) 法条不含书名号 | 法条: 处捌万元整罚款
处百分之五十的罚款,其他,ai,True,<泛类型>,仅有罚款幅度表述，无法判断类型。,其他违法行为,(6-8) 法条不含书名号 | 法条: 处百分之五十的罚款
处罚人民币陆万肆佰捌拾元,其他,ai,True,<泛类型>,仅有处罚金额，无具体案由信息。,其他违法行为,(6-8) 法条不含书名号 | 法条: 处罚人民币陆万肆佰捌拾元
处罚伍仟元罚款,其他,ai,True,<泛类型>,仅有罚款金额，无具体案由。,其他违法行为,(6-8) 法条不含书名号 | 法条: 处罚伍仟元罚款
处罚决定:处罚款,其他,ai,True,<泛类型>,仅有处罚款表述，无法判断类型。,其他违法行为,(6-8) 法条不含书名号 | 法条: 处罚决定:处罚款
处罚决定:罚款,其他,ai,True,<泛类型>,仅有罚款结果，无法判断具体类型。,其他违法行为,(6-8) 法条不含书名号 | 法条: 处罚决定:罚款
处罚决定:责令改正,其他,ai,True,<泛类型>,仅有责令改正，无具体违法内容可判定。,其他违法行为,(6-8) 法条不含书名号 | 法条: 处罚决定:责令改正
处罚如下:罚款,其他,ai,True,<泛类型>,仅有罚款表述，无法判断具体类型。,其他违法行为,(6-8) 法条不含书名号 | 法条: 处罚如下:罚款
处罚款,其他,ai,True,<泛类型>,仅有“处罚款”字样，无法判断。,其他违法行为,(6-8) 法条不含书名号 | 法条: 处罚款
处陆万元罚款,其他,ai,True,<泛类型>,仅有罚款金额表述，无法判断类型。,其他违法行为,(6-8) 法条不含书名号 | 法条: 处陆万元罚款
外墙窗口设置影响逃生和灭火救援的障碍物,消防安全,ai,True,<泛类型>,外墙开窗影响逃生灭火，属消防隐患。,消防安全,(6-7) 泛型法条被AI分为具体分类'消防安全'，应删除 | 原标记: <泛类型> | 法条: 外墙窗口设置影响逃生和灭火救援的障碍物
定性处理,其他,ai,True,<泛类型>,无具体法条内容，无法细分。,其他违法行为,(6-8) 法条不含书名号 | 法条: 定性处理
对上述二项,其他,ai,True,<泛类型>,仅有“对上述二项”表述，无法判断具体类型。,其他违法行为,(6-8) 法条不含书名号 | 法条: 对上述二项
对上述第7项,其他,ai,True,<泛类型>,仅有条目标注，无法判断内容。,其他违法行为,(6-8) 法条不含书名号 | 法条: 对上述第7项
对个人进行坠落防护时,安全生产,ai,True,<泛类型>,涉及作业人员坠落防护安全义务。,安全生产,(6-7) 泛型法条被AI分为具体分类'安全生产'，应删除 | 原标记: <泛类型> | 法条: 对个人进行坠落防护时
对中华联合驻马店中支责令改正,其他,ai,True,<泛类型>,仅见责令改正，无具体违法情形描述。,其他违法行为,(6-8) 法条不含书名号 | 法条: 对中华联合驻马店中支责令改正
对中峥建设集团有限公司处以罚款,建设工程与房地产,ai,True,<泛类型>,当事人为建设集团公司，被处以罚款。,建设工程,(6-5) 处罚措施描述 | 匹配模式: '处以罚款' | 法条: 对中峥建设集团有限公司处以罚款
对中银天津分公司处24万元罚款,财税与金融监管,ai,True,<泛类型>,主体为银行分支机构受罚。,金融/信贷违规,(6-7) 泛型法条被AI分为具体分类'财税与金融监管'，应删除 | 原标记: <泛类型> | 法条: 对中银天津分公司处24万元罚款
对以上违法行为,其他,ai,True,<泛类型>,条文内容空泛，无法判断具体类型。,其他违法行为,(6-8) 法条不含书名号 | 法条: 对以上违法行为
对你(单位)作出处以罚款,其他,ai,True,<泛类型>,仅有处罚表述，无法判断具体类型。,其他违法行为,(6-5) 处罚措施描述 | 匹配模式: '处以罚款' | 法条: 对你(单位)作出处以罚款
对你(单位)作出罚款,其他,ai,True,<泛类型>,无具体违法行为描述，无法细分。,其他违法行为,(6-8) 法条不含书名号 | 法条: 对你(单位)作出罚款
对你公司作出处罚款,其他,ai,True,<泛类型>,仅有处罚决定表述，无法判断具体类型。,其他违法行为,(6-8) 法条不含书名号 | 法条: 对你公司作出处罚款
对你公司处1000万元总投资额百分之二罚款,其他,ai,True,<泛类型>,仅有罚款金额，无具体法条情节。,其他违法行为,(6-8) 法条不含书名号 | 法条: 对你公司处1000万元总投资额百分之二罚款
对你公司处一万元罚款,其他,ai,True,<泛类型>,仅说明罚款金额，无具体违法内容。,其他违法行为,(6-8) 法条不含书名号 | 法条: 对你公司处一万元罚款
对你公司处七万元罚款,其他,ai,True,<泛类型>,仅有罚款金额描述，无法判断类型。,其他违法行为,(6-8) 法条不含书名号 | 法条: 对你公司处七万元罚款
对你公司处以1000元罚款,其他,ai,True,<泛类型>,仅有罚款金额，无任何案由信息。,其他违法行为,(6-5) 处罚措施描述 | 匹配模式: '处以1000元罚款' | 法条: 对你公司处以1000元罚款
对你公司处以罚款,其他,ai,True,<泛类型>,仅有罚款描述，无法判断具体类型。,其他违法行为,(6-5) 处罚措施描述 | 匹配模式: '处以罚款' | 法条: 对你公司处以罚款
对你公司处十万元罚款,其他,ai,True,<泛类型>,仅有罚款金额，无具体事由。,其他违法行为,(6-8) 法条不含书名号 | 法条: 对你公司处十万元罚款
对你单位作出合并罚款,其他,ai,True,<泛类型>,仅见“合并罚款”，无法判断具体领域。,其他违法行为,(6-8) 法条不含书名号 | 法条: 对你单位作出合并罚款
对你单位作出处人民币壹万圆罚款,其他,ai,True,<泛类型>,仅提及罚款金额，无具体违法内容。,其他违法行为,(6-8) 法条不含书名号 | 法条: 对你单位作出处人民币壹万圆罚款
对你单位作出如下行政处罚:罚款,其他,ai,True,<泛类型>,仅有罚款结果，无法判断具体类型。,其他违法行为,(6-8) 法条不含书名号 | 法条: 对你单位作出如下行政处罚:罚款
对你单位处3万元罚款,其他,ai,True,<泛类型>,仅有罚款金额描述，无法判断具体领域。,其他违法行为,(6-8) 法条不含书名号 | 法条: 对你单位处3万元罚款
对你单位处罚款,其他,ai,True,<泛类型>,仅有处罚款表述，无法判断类型。,其他违法行为,(6-8) 法条不含书名号 | 法条: 对你单位处罚款
对你砖厂未按照《建设项,建设工程与房地产,ai,True,<泛类型>,与建设项目相关，属建设工程管理。,建设工程,(6-7) 泛型法条被AI分为具体分类'建设工程与房地产'，应删除 | 原标记: <泛类型> | 法条: 对你砖厂未按照《建设项
对公司罚款,其他,ai,True,<泛类型>,仅有“对公司罚款”，无法判断类型。,其他违法行为,(6-8) 法条不含书名号 | 法条: 对公司罚款
对兰州力升建机租赁部处0.5万元罚款,其他,ai,True,<泛类型>,仅见罚款金额，无具体违法情形。,其他违法行为,(6-8) 法条不含书名号 | 法条: 对兰州力升建机租赁部处0.5万元罚款
对其主要负责人张海秋处2千元罚款,其他,ai,True,<泛类型>,仅有罚款信息，无具体违法情形可判定。,其他违法行为,(6-8) 法条不含书名号 | 法条: 对其主要负责人张海秋处2千元罚款
对其作出:1.罚款,其他,ai,True,<泛类型>,仅有罚款结果，无具体违法内容。,其他违法行为,(6-8) 法条不含书名号 | 法条: 对其作出:1.罚款
对其作出处罚:罚款,其他,ai,True,<泛类型>,仅有罚款结果，缺乏具体案情。,其他违法行为,(6-8) 法条不含书名号 | 法条: 对其作出处罚:罚款
对其作出责令改正,其他,ai,True,<泛类型>,仅有责令改正表述，无法判断具体类型。,其他违法行为,(6-8) 法条不含书名号 | 法条: 对其作出责令改正
对其处人民币叁万元罚款,其他,ai,True,<泛类型>,仅有罚款金额描述，无法判断领域。,其他违法行为,(6-8) 法条不含书名号 | 法条: 对其处人民币叁万元罚款
对其处以罚款,其他,ai,True,<泛类型>,仅见罚款表述，无具体违法内容。,其他违法行为,(6-5) 处罚措施描述 | 匹配模式: '处以罚款' | 法条: 对其处以罚款
对其处以行政处罚罚款,其他,ai,True,<泛类型>,仅有处罚表述，无法判断类型。,其他违法行为,(6-5) 处罚措施描述 | 匹配模式: '处以行政处罚罚款' | 法条: 对其处以行政处罚罚款
对其处罚款,其他,ai,True,<泛类型>,仅见处罚用语，无具体案情内容。,其他违法行为,(6-8) 法条不含书名号 | 法条: 对其处罚款
对北京临衡商贸中心处以罚款,其他,ai,True,<泛类型>,仅有处罚结果，无法判断具体类型。,其他违法行为,(6-5) 处罚措施描述 | 匹配模式: '处以罚款' | 法条: 对北京临衡商贸中心处以罚款
对北京城乡建设集团有限责任公司处以罚款,建设工程与房地产,ai,True,<泛类型>,主体为建设集团，推定系工程违规。,建设工程,(6-5) 处罚措施描述 | 匹配模式: '处以罚款' | 法条: 对北京城乡建设集团有限责任公司处以罚款
对北京大潮饭庄作出罚款,其他,ai,True,<泛类型>,仅有处罚对象和罚款，无具体事由。,其他违法行为,(6-8) 法条不含书名号 | 法条: 对北京大潮饭庄作出罚款
对北京寰宇光伟科技有限公司作出罚款,其他,ai,True,<泛类型>,仅见罚款信息，未体现具体违法类型。,其他违法行为,(6-8) 法条不含书名号 | 法条: 对北京寰宇光伟科技有限公司作出罚款
对北京腾飞大灶台餐饮有限公司作出罚款,食品药品,ai,True,(匹配)产品质量与安全,餐饮企业主体，推定涉食品安全。,食品药品,(6-8) 法条不含书名号 | 法条: 对北京腾飞大灶台餐饮有限公司作出罚款
对北京诚智慧中物业管理有限公司作出罚款,建筑使用安全,ai,True,(匹配)其他,仅有处罚对象与罚款信息，无法判断。,其他违法行为,(6-8) 法条不含书名号 | 法条: 对北京诚智慧中物业管理有限公司作出罚款
对北京金湖国际度假村有限公司作出罚款,其他,ai,True,<泛类型>,仅有处罚结果，无案由及法条。,其他违法行为,(6-8) 法条不含书名号 | 法条: 对北京金湖国际度假村有限公司作出罚款
对单位处以人民币25万元罚款,其他,ai,True,<泛类型>,仅有罚款金额描述，无法判断具体类型。,其他违法行为,(6-5) 处罚措施描述 | 匹配模式: '处以人民币25万元罚款' | 法条: 对单位处以人民币25万元罚款
对单位处以罚款,其他,ai,True,<泛类型>,仅见罚款表述，无具体违法内容。,其他违法行为,(6-5) 处罚措施描述 | 匹配模式: '处以罚款' | 法条: 对单位处以罚款
对厦门住总建设有限公司作出罚款,建设工程与房地产,ai,True,<泛类型>,主体为建设公司，推定系施工违法。,建设工程,(6-7) 泛型法条被AI分为具体分类'建设工程与房地产'，应删除 | 原标记: <泛类型> | 法条: 对厦门住总建设有限公司作出罚款
对太平人寿南阳中支处以20万元罚款,财税与金融监管,ai,True,<泛类型>,主体为保险公司，涉金融监管处罚。,金融/信贷违规,(6-5) 处罚措施描述 | 匹配模式: '处以20万元罚款' | 法条: 对太平人寿南阳中支处以20万元罚款
对容县农村信用合作联社处以人民币30.4万元罚款,财税与金融监管,ai,True,<泛类型>,主体为农村信用社，涉金融罚款。,金融/信贷违规,(6-5) 处罚措施描述 | 匹配模式: '处以人民币30.4万元罚款' | 法条: 对容县农村信用合作联社处以人民币30.4万元罚款
对富利建设集团有限公司责令罚款,建设工程与房地产,ai,True,<泛类型>,建设集团公司被罚，多涉工程施工。,建设工程,(6-7) 泛型法条被AI分为具体分类'建设工程与房地产'，应删除 | 原标记: <泛类型> | 法条: 对富利建设集团有限公司责令罚款
对平遥县书林三期项,其他,ai,True,<泛类型>,仅有项目名称，无法判断具体违规类型。,其他违法行为,(6-8) 法条不含书名号 | 法条: 对平遥县书林三期项
对应当给予处人民币伍仟元整罚款,其他,ai,True,<泛类型>,仅有罚款金额描述，无法判断类型。,其他违法行为,(6-8) 法条不含书名号 | 法条: 对应当给予处人民币伍仟元整罚款
对建设项,建设工程与房地产,ai,True,<泛类型>,涉及“建设项”判断为建设工程。,建设工程,(6-7) 泛型法条被AI分为具体分类'建设工程与房地产'，应删除 | 原标记: <泛类型> | 法条: 对建设项
对当事人作出以下行政处罚:罚款,其他,ai,True,<泛类型>,仅有罚款结果，无具体违法内容。,其他违法行为,(6-8) 法条不含书名号 | 法条: 对当事人作出以下行政处罚:罚款
对当事人作出如下行政处罚:处罚款,其他,ai,True,<泛类型>,仅有处罚款表述，无法判断类型。,其他违法行为,(6-8) 法条不含书名号 | 法条: 对当事人作出如下行政处罚:处罚款
对当事人作出如下行政处罚:罚款,其他,ai,True,<泛类型>,处罚内容严重不足，无法判断具体类型。,其他违法行为,(6-8) 法条不含书名号 | 法条: 对当事人作出如下行政处罚:罚款
对当事人作出如下行政处罚决定:1.处以罚款,其他,ai,True,<泛类型>,未给出具体法条内容，无法细分。,其他违法行为,(6-5) 处罚措施描述 | 匹配模式: '处以罚款' | 法条: 对当事人作出如下行政处罚决定:1.处以罚款
对当事人作出如下行政处罚决定:处以罚款,其他,ai,True,<泛类型>,未提供具体违法事实与法条信息。,其他违法行为,(6-5) 处罚措施描述 | 匹配模式: '处以罚款' | 法条: 对当事人作出如下行政处罚决定:处以罚款
对当事人作出如下行政处罚决定:罚款,其他,ai,True,<泛类型>,仅有处罚表述，无具体违法情形。,其他违法行为,(6-8) 法条不含书名号 | 法条: 对当事人作出如下行政处罚决定:罚款
对当事人作出罚款,其他,ai,True,<泛类型>,仅有罚款表述，无法判断类别。,其他违法行为,(6-8) 法条不含书名号 | 法条: 对当事人作出罚款
对当事人作出责令改正,其他,ai,True,<泛类型>,仅有责令改正用语，无法判断具体领域。,其他违法行为,(6-8) 法条不含书名号 | 法条: 对当事人作出责令改正
对当事人作出限期改正,其他,ai,True,<泛类型>,只有“限期改正”表述，无法细分类型。,其他违法行为,(6-8) 法条不含书名号 | 法条: 对当事人作出限期改正
对当事人做出如下行政处罚:处罚款,其他,ai,True,<泛类型>,仅见处罚款表述，无法判断具体领域。,其他违法行为,(6-8) 法条不含书名号 | 法条: 对当事人做出如下行政处罚:处罚款
对当事人处以罚款,其他,ai,True,<泛类型>,仅有罚款措辞，无实质违法信息。,其他违法行为,(6-5) 处罚措施描述 | 匹配模式: '处以罚款' | 法条: 对当事人处以罚款
对当事人处以货值金额等值的罚款,其他,ai,True,<泛类型>,条文过于笼统，无法对应具体领域。,其他违法行为,(6-5) 处罚措施描述 | 匹配模式: '处以货值金额等值的罚款' | 法条: 对当事人处以货值金额等值的罚款
对当事人处出265743.68元罚款,其他,ai,True,<泛类型>,仅有罚款金额信息，无法判断类型。,其他违法行为,(6-8) 法条不含书名号 | 法条: 对当事人处出265743.68元罚款
对当事人处罚款,其他,ai,True,<泛类型>,仅含处罚款字样，无法判断类型。,其他违法行为,(6-8) 法条不含书名号 | 法条: 对当事人处罚款
对当事人应当从重处罚,其他,ai,True,<泛类型>,仅有从重处罚表述，无法细分领域。,其他违法行为,(6-8) 法条不含书名号 | 法条: 对当事人应当从重处罚
对当事人的行为作出罚款,其他,ai,True,<泛类型>,法律条文内容缺失，无法判断具体类型。,其他违法行为,(6-8) 法条不含书名号 | 法条: 对当事人的行为作出罚款
对当事人的违法行为处以罚款,其他,ai,True,<泛类型>,未提供具体法条内容无法判断。,其他违法行为,(6-5) 处罚措施描述 | 匹配模式: '处以罚款' | 法条: 对当事人的违法行为处以罚款
对当事人罚款,其他,ai,True,<泛类型>,仅有罚款表述，无法具体判断。,其他违法行为,(6-8) 法条不含书名号 | 法条: 对当事人罚款
对机电副总刘光育处贰仟元罚款,其他,ai,True,<泛类型>,仅有罚款信息，无具体违法内容。,其他违法行为,(6-8) 法条不含书名号 | 法条: 对机电副总刘光育处贰仟元罚款
对此做出罚款,其他,ai,True,<泛类型>,条文内容极少，无法判断具体类型。,其他违法行为,(6-8) 法条不含书名号 | 法条: 对此做出罚款
对此类违法行为处二万元以上二十万元以下的罚款,其他,ai,True,<泛类型>,仅罚款幅度描述，无法对应具体领域。,其他违法行为,(6-8) 法条不含书名号 | 法条: 对此类违法行为处二万元以上二十万元以下的罚款
对江苏圣欣不锈钢制品有限公司处以1万元罚款,其他,ai,True,<泛类型>,仅有处罚结果，无案由和法条。,其他违法行为,(6-5) 处罚措施描述 | 匹配模式: '处以1万元罚款' | 法条: 对江苏圣欣不锈钢制品有限公司处以1万元罚款
对浙江泰丰竹木有限公司责令限期改正,市场主体与登记治理,ai,True,<泛类型>,仅责令限期改正，无具体违法行为描述。,未开业/自行停业,(6-7) 泛型法条被AI分为具体分类'市场主体与登记治理'，应删除 | 原标记: <泛类型> | 法条: 对浙江泰丰竹木有限公司责令限期改正
对浙江顺畅高等级公路养护有限公司金华项,交通运输,ai,True,<泛类型>,涉及高等级公路养护管理事项。,交通运输违规,(6-7) 泛型法条被AI分为具体分类'交通运输'，应删除 | 原标记: <泛类型> | 法条: 对浙江顺畅高等级公路养护有限公司金华项
对界龙集团责令改正,其他,ai,True,<泛类型>,仅有“责令改正”措辞，信息不足。,其他违法行为,(6-8) 法条不含书名号 | 法条: 对界龙集团责令改正
对监控队队长隋强强处贰仟元罚款,其他,ai,True,<泛类型>,仅有罚款决定，无案由和法条依据。,其他违法行为,(6-8) 法条不含书名号 | 法条: 对监控队队长隋强强处贰仟元罚款
对福建武夷沥青混凝土有限公司处罚款,其他,ai,True,<泛类型>,仅有单位名称和处罚款，信息不足。,其他违法行为,(6-8) 法条不含书名号 | 法条: 对福建武夷沥青混凝土有限公司处罚款
对第3条违法违规行为处壹万元罚款,其他,ai,True,<泛类型>,条文信息极少，无法具体判断。,其他违法行为,(6-8) 法条不含书名号 | 法条: 对第3条违法违规行为处壹万元罚款
对第6条违法违规行为处贰万元罚款,其他,ai,True,<泛类型>,仅提及第6条罚款，无法判断领域。,其他违法行为,(6-8) 法条不含书名号 | 法条: 对第6条违法违规行为处贰万元罚款
对第7条违法违规行为处贰万元罚款,其他,ai,True,<泛类型>,仅提及第7条罚款，无法判断具体领域。,其他违法行为,(6-8) 法条不含书名号 | 法条: 对第7条违法违规行为处贰万元罚款
对第8条违法违规行为处肆万元罚款,其他,ai,True,<泛类型>,仅见处罚金额与条次，无法判断。,其他违法行为,(6-8) 法条不含书名号 | 法条: 对第8条违法违规行为处肆万元罚款
对被处罚人东阳市崇光百货有限公司处以罚款,其他,ai,True,<泛类型>,仅有处罚结果，无具体违法情形描述。,其他违法行为,(6-5) 处罚措施描述 | 匹配模式: '处以罚款' | 法条: 对被处罚人东阳市崇光百货有限公司处以罚款
对被处罚人作出如下行政处罚:罚款,其他,ai,True,<泛类型>,仅有罚款结果，无具体法条信息。,其他违法行为,(6-8) 法条不含书名号 | 法条: 对被处罚人作出如下行政处罚:罚款
对被处罚人张立辉做出罚款,其他,ai,True,<泛类型>,仅有罚款信息，无法判断具体类型。,其他违法行为,(6-8) 法条不含书名号 | 法条: 对被处罚人张立辉做出罚款
对该公司作出了罚款,其他,ai,True,<泛类型>,仅知被罚款，无法判断具体类型。,其他违法行为,(6-8) 法条不含书名号 | 法条: 对该公司作出了罚款
对该公司作出处人民币捌仟元罚款,其他,ai,True,<泛类型>,仅有处罚金额信息，无法具体判断。,其他违法行为,(6-8) 法条不含书名号 | 法条: 对该公司作出处人民币捌仟元罚款
对该公司作出罚款,其他,ai,True,<泛类型>,仅知被罚款，无法判明类型。,其他违法行为,(6-8) 法条不含书名号 | 法条: 对该公司作出罚款
对该公司处以5万元罚款,其他,ai,True,<泛类型>,仅有处罚金额，无具体违法情形。,其他违法行为,(6-5) 处罚措施描述 | 匹配模式: '处以5万元罚款' | 法条: 对该公司处以5万元罚款
对该公司处贰万元罚款,其他,ai,True,<泛类型>,仅说明罚款金额，无具体案由。,其他违法行为,(6-8) 法条不含书名号 | 法条: 对该公司处贰万元罚款
对该公司给予处人民币肆万伍仟元罚款,其他,ai,True,<泛类型>,仅有罚款金额，无具体违法事项描述。,其他违法行为,(6-8) 法条不含书名号 | 法条: 对该公司给予处人民币肆万伍仟元罚款
对该公司罚款,其他,ai,True,<泛类型>,仅见“罚款”表述，无法判断具体类型。,其他违法行为,(6-8) 法条不含书名号 | 法条: 对该公司罚款
对该加油站作出责令限期整改,安全生产,ai,True,<泛类型>,加油站属危化品经营，责令整改安全隐患。,安全生产/危化品,(6-7) 泛型法条被AI分为具体分类'安全生产'，应删除 | 原标记: <泛类型> | 法条: 对该加油站作出责令限期整改
对该单位作出处罚款,其他,ai,True,<泛类型>,仅有处罚表述，无具体案由信息。,其他违法行为,(6-8) 法条不含书名号 | 法条: 对该单位作出处罚款
对该单位作出罚款,其他,ai,True,<泛类型>,仅有罚款表述，无法具体判断。,其他违法行为,(6-8) 法条不含书名号 | 法条: 对该单位作出罚款
对该单位处3000元罚款,其他,ai,True,<泛类型>,仅有罚款金额，无具体违法内容。,其他违法行为,(6-8) 法条不含书名号 | 法条: 对该单位处3000元罚款
对该单位处于10000元罚款,其他,ai,True,<泛类型>,仅见罚款金额，无具体违法内容。,其他违法行为,(6-8) 法条不含书名号 | 法条: 对该单位处于10000元罚款
对该单位处以罚款,其他,ai,True,<泛类型>,仅有处罚结果，无具体案由信息。,其他违法行为,(6-5) 处罚措施描述 | 匹配模式: '处以罚款' | 法条: 对该单位处以罚款
对该单位处罚款,其他,ai,True,<泛类型>,仅有处罚表述，无法判断具体类型。,其他违法行为,(6-8) 法条不含书名号 | 法条: 对该单位处罚款
对该单位的行为处以罚款,其他,ai,True,<泛类型>,仅有处罚结果描述，无法判断具体领域。,其他违法行为,(6-5) 处罚措施描述 | 匹配模式: '处以罚款' | 法条: 对该单位的行为处以罚款
对通风科科长冯相琛处1.5万元罚款,安全生产,ai,True,<泛类型>,通风科科长多涉矿山安全生产职责。,安全生产,(6-7) 泛型法条被AI分为具体分类'安全生产'，应删除 | 原标记: <泛类型> | 法条: 对通风科科长冯相琛处1.5万元罚款
对青岛海帆建筑劳务有限公司作出罚款,建设工程与房地产,ai,True,<泛类型>,公司名含建筑劳务，推定涉建设活动。,建设工程,(6-7) 泛型法条被AI分为具体分类'建设工程与房地产'，应删除 | 原标记: <泛类型> | 法条: 对青岛海帆建筑劳务有限公司作出罚款
将该项,其他,ai,True,<泛类型>,条文内容缺失，无法具体判断。,其他违法行为,(6-8) 法条不含书名号 | 法条: 将该项
少计销项,财税与金融监管,ai,True,<泛类型>,少计销项系虚报瞒报增值税。,税收违规,(6-7) 泛型法条被AI分为具体分类'财税与金融监管'，应删除 | 原标记: <泛类型> | 法条: 少计销项
就此项,其他,ai,True,<泛类型>,条文内容缺失，无法确定类别。,其他违法行为,(6-8) 法条不含书名号 | 法条: 就此项
就该项违法行为,其他,ai,True,<泛类型>,无具体条文内容，无法判断。,其他违法行为,(6-8) 法条不含书名号 | 法条: 就该项违法行为
属于在格式条款,市场秩序与竞争监管,ai,True,<泛类型>,涉及格式条款效力与消费者权益保护。,消费者权益/市场秩序,(6-7) 泛型法条被AI分为具体分类'市场秩序与竞争监管'，应删除 | 原标记: <泛类型> | 法条: 属于在格式条款
属于超过一定规模的危险性较大的分部分项,建设工程与房地产,ai,True,<泛类型>,危险性较大分部分项属于施工工程管理】,建设工程,(6-7) 泛型法条被AI分为具体分类'建设工程与房地产'，应删除 | 原标记: <泛类型> | 法条: 属于超过一定规模的危险性较大的分部分项
属于除前款和本法第一百二十三条,其他,ai,True,<泛类型>,条文极度抽象，仅作兜底条款。,其他违法行为,(6-8) 法条不含书名号 | 法条: 属于除前款和本法第一百二十三条
属未严格按照专项,其他,ai,True,<泛类型>,信息极少，仅提专项未严格执行。,其他违法行为,(6-8) 法条不含书名号 | 法条: 属未严格按照专项
已整改完毕,其他,ai,True,<泛类型>,仅说明已整改完毕，无法识别违法内容。,不予处罚,(6-8) 法条不含书名号 | 法条: 已整改完毕
已构成违法,其他,ai,True,<泛类型>,仅说明已违法，无法判断具体类型。,其他违法行为,(6-8) 法条不含书名号 | 法条: 已构成违法
已经办理了建设项,建设工程与房地产,ai,True,<泛类型>,涉及“建设项目”办理相关内容。,建设工程,(6-7) 泛型法条被AI分为具体分类'建设工程与房地产'，应删除 | 原标记: <泛类型> | 法条: 已经办理了建设项
并作出如下行政处罚:罚款人民币柒仟肆佰元整(罚款,其他,ai,True,<泛类型>,仅见罚款金额，无具体法条内容。,其他违法行为,(6-8) 法条不含书名号 | 法条: 并作出如下行政处罚:罚款人民币柒仟肆佰元整(罚款
并作罚款,其他,ai,True,<泛类型>,仅出现“并作罚款”，无法判断具体领域。,其他违法行为,(6-8) 法条不含书名号 | 法条: 并作罚款
并决定对你公司作出罚款,其他,ai,True,<泛类型>,仅有处罚表述，无法判断具体类型。,其他违法行为,(6-8) 法条不含书名号 | 法条: 并决定对你公司作出罚款
并决定给予你公司罚款,其他,ai,True,<泛类型>,仅见处罚结果，无具体违法情形。,其他违法行为,(6-8) 法条不含书名号 | 法条: 并决定给予你公司罚款
并决定给予如下行政处罚:罚款,其他,ai,True,<泛类型>,《法律条文》内容缺失，无法判断。,其他违法行为,(6-8) 法条不含书名号 | 法条: 并决定给予如下行政处罚:罚款
并决定给予罚款,其他,ai,True,<泛类型>,仅有罚款表述，无法判断具体类型。,其他违法行为,(6-8) 法条不含书名号 | 法条: 并决定给予罚款
并处2万元罚款;针对第四条责令限期改正,其他,ai,True,<泛类型>,仅见罚款与责令改正，无法定性。,其他违法行为,(6-8) 法条不含书名号 | 法条: 并处2万元罚款;针对第四条责令限期改正
并处3万元的罚款,其他,ai,True,<泛类型>,仅见罚款金额，无具体法条信息。,其他违法行为,(6-8) 法条不含书名号 | 法条: 并处3万元的罚款
并处3万元罚款,其他,ai,True,<泛类型>,仅涉及罚款金额，无具体违法情形。,其他违法行为,(6-8) 法条不含书名号 | 法条: 并处3万元罚款
并处5000元罚款,其他,ai,True,<泛类型>,仅有罚款金额描述，无法判断类型。,其他违法行为,(6-8) 法条不含书名号 | 法条: 并处5000元罚款
并处95万元罚款,其他,ai,True,<泛类型>,只有罚款金额描述，无法判断类型。,其他违法行为,(6-8) 法条不含书名号 | 法条: 并处95万元罚款
并处一万元以上三万元以下的罚款,其他,ai,True,<泛类型>,仅有罚款幅度，无法判断具体领域。,其他违法行为,(6-8) 法条不含书名号 | 法条: 并处一万元以上三万元以下的罚款
并处人民币伍仟元罚款,其他,ai,True,<泛类型>,仅有罚款金额描述，无法判断类型。,其他违法行为,(6-8) 法条不含书名号 | 法条: 并处人民币伍仟元罚款
并处人民币叁万元罚款,其他,ai,True,<泛类型>,仅见罚款表述，无法判断具体类型。,其他违法行为,(6-8) 法条不含书名号 | 法条: 并处人民币叁万元罚款
并处人民币壹万元罚款,其他,ai,True,<泛类型>,仅有罚款表述，无任何案情信息。,其他违法行为,(6-8) 法条不含书名号 | 法条: 并处人民币壹万元罚款
并处人民币壹拾万零玖仟元罚款,其他,ai,True,<泛类型>,仅出现罚款金额，无法判断具体违法类型。,其他违法行为,(6-8) 法条不含书名号 | 法条: 并处人民币壹拾万零玖仟元罚款
并处以10万元罚款,其他,ai,True,<泛类型>,仅有罚款金额描述，无法判断类型。,其他违法行为,(6-5) 处罚措施描述 | 匹配模式: '处以10万元罚款' | 法条: 并处以10万元罚款
并处以二万元罚款,其他,ai,True,<泛类型>,仅有罚款金额，无具体违法内容。,其他违法行为,(6-5) 处罚措施描述 | 匹配模式: '处以二万元罚款' | 法条: 并处以二万元罚款
并处以壹万元罚款,其他,ai,True,<泛类型>,仅有罚款表述，无法识别领域。,其他违法行为,(6-5) 处罚措施描述 | 匹配模式: '处以壹万元罚款' | 法条: 并处以壹万元罚款
并处以罚款,其他,ai,True,<泛类型>,仅出现并处以罚款，无法判断类型。,其他违法行为,(6-5) 处罚措施描述 | 匹配模式: '处以罚款' | 法条: 并处以罚款
并处罚款,其他,ai,True,<泛类型>,仅有“并处罚款”，无法判断类型。,其他违法行为,(6-8) 法条不含书名号 | 法条: 并处罚款
并处肆仟元罚款,其他,ai,True,<泛类型>,仅见罚款金额，无具体违法内容。,其他违法行为,(6-8) 法条不含书名号 | 法条: 并处肆仟元罚款
并处贰万元整的罚款,其他,ai,True,<泛类型>,仅有罚款金额，无法判断具体类型。,其他违法行为,(6-8) 法条不含书名号 | 法条: 并处贰万元整的罚款
并处贰万元罚款,其他,ai,True,<泛类型>,仅有罚款结果，无具体违法内容。,其他违法行为,(6-8) 法条不含书名号 | 法条: 并处贰万元罚款
并处贰万捌仟元罚款,其他,ai,True,<泛类型>,仅有罚款金额描述，无法判断类型。,其他违法行为,(6-8) 法条不含书名号 | 法条: 并处贰万捌仟元罚款
并对4名相关责任人员处以人民币4万元罚款,其他,ai,True,<泛类型>,仅有罚款表述，无法判断类型。,其他违法行为,(6-5) 处罚措施描述 | 匹配模式: '处以人民币4万元罚款' | 法条: 并对4名相关责任人员处以人民币4万元罚款
并对你公司作出处罚款,其他,ai,True,<泛类型>,仅出现处罚款字样，无法判断类型。,其他违法行为,(6-8) 法条不含书名号 | 法条: 并对你公司作出处罚款
并对你公司处以5万元罚款,其他,ai,True,<泛类型>,仅提罚款金额，无具体法条内容。,其他违法行为,(6-5) 处罚措施描述 | 匹配模式: '处以5万元罚款' | 法条: 并对你公司处以5万元罚款
并对公司作出罚款,其他,ai,True,<泛类型>,仅见处罚结果，无法判断具体领域。,其他违法行为,(6-8) 法条不含书名号 | 法条: 并对公司作出罚款
并对加油员顾玉霞罚款,安全生产,ai,True,<泛类型>,涉及加油站作业，多为危化品安全。,安全生产/危化品,(6-7) 泛型法条被AI分为具体分类'安全生产'，应删除 | 原标记: <泛类型> | 法条: 并对加油员顾玉霞罚款
并对单位负责人处五千元罚款,其他,ai,True,<泛类型>,仅见罚款结果，无具体违法情形。,其他违法行为,(6-8) 法条不含书名号 | 法条: 并对单位负责人处五千元罚款
并对单位负责人处四千一百元罚款,其他,ai,True,<泛类型>,仅有罚款信息，无法判断领域。,其他违法行为,(6-8) 法条不含书名号 | 法条: 并对单位负责人处四千一百元罚款
并对处以罚款,其他,ai,True,<泛类型>,条文信息极少，无法具体判断。,其他违法行为,(6-5) 处罚措施描述 | 匹配模式: '处以罚款' | 法条: 并对处以罚款
并对处罚款,其他,ai,True,<泛类型>,仅见“并对处罚款”，信息不足。,其他违法行为,(6-8) 法条不含书名号 | 法条: 并对处罚款
并对相关责任人员共处以罚款,其他,ai,True,<泛类型>,仅有处罚表述无法判断具体类型。,其他违法行为,(6-5) 处罚措施描述 | 匹配模式: '处以罚款' | 法条: 并对相关责任人员共处以罚款
并拟处罚款,其他,ai,True,<泛类型>,仅有“并拟处罚款”，无法判断。,其他违法行为,(6-8) 法条不含书名号 | 法条: 并拟处罚款
并拟对你(单位)作出处罚:罚款,其他,ai,True,<泛类型>,仅见罚款表述，无具体案由。,其他违法行为,(6-8) 法条不含书名号 | 法条: 并拟对你(单位)作出处罚:罚款
并收取客户购房定金和购房款,建设工程与房地产,ai,True,<泛类型>,涉及收取购房定金及购房款行为。,房地产/土地,(6-7) 泛型法条被AI分为具体分类'建设工程与房地产'，应删除 | 原标记: <泛类型> | 法条: 并收取客户购房定金和购房款
并构成同法第八十六条第(三)项,其他,ai,True,<泛类型>,仅提及条款项次，无法判断具体类型。,其他违法行为,(6-8) 法条不含书名号 | 法条: 并构成同法第八十六条第(三)项
并给予罚款,其他,ai,True,<泛类型>,仅有“并给予罚款”，无法判断具体领域。,其他违法行为,(6-8) 法条不含书名号 | 法条: 并给予罚款
并罚款,其他,ai,True,<泛类型>,仅见“并罚款”字样，信息不足。,其他违法行为,(6-8) 法条不含书名号 | 法条: 并罚款
应予以处罚,其他,ai,True,<泛类型>,“应予以处罚”表述笼统，无法细分。,其他违法行为,(6-8) 法条不含书名号 | 法条: 应予以处罚
应予以柒仟元的罚款,其他,ai,True,<泛类型>,仅有罚款金额描述，无法细分类型。,其他违法行为,(6-8) 法条不含书名号 | 法条: 应予以柒仟元的罚款
应予以罚款,其他,ai,True,<泛类型>,仅有“应予以罚款”，无法细分类型。,其他违法行为,(6-8) 法条不含书名号 | 法条: 应予以罚款
应予处罚,其他,ai,True,<泛类型>,仅有“应予处罚”字样，无法判断具体类型。,其他违法行为,(6-8) 法条不含书名号 | 法条: 应予处罚
应当明确公布奖项种类、参与条,市场秩序与竞争监管,ai,True,<泛类型>,涉及奖项公示不清的促销宣传。,虚假广告/虚假宣传,(6-7) 泛型法条被AI分为具体分类'市场秩序与竞争监管'，应删除 | 原标记: <泛类型> | 法条: 应当明确公布奖项种类、参与条
应当给予人民币壹万元罚款,其他,ai,True,<泛类型>,仅见罚款金额，无具体法条内容。,其他违法行为,(6-8) 法条不含书名号 | 法条: 应当给予人民币壹万元罚款
应当给予广源化工罚款,其他,ai,True,<泛类型>,仅有罚款措辞，无法判断具体领域。,其他违法行为,(6-8) 法条不含书名号 | 法条: 应当给予广源化工罚款
应当给予罚款,其他,ai,True,<泛类型>,仅有“应当给予罚款”，无法判断具体领域。,其他违法行为,(6-8) 法条不含书名号 | 法条: 应当给予罚款
应当给予行政处罚,其他,ai,True,<泛类型>,仅提及应罚未含具体内容。,其他违法行为,(6-8) 法条不含书名号 | 法条: 应当给予行政处罚
应当给予行政处罚罚款,其他,ai,True,<泛类型>,仅提及应罚款，缺乏具体情节。,其他违法行为,(6-8) 法条不含书名号 | 法条: 应当给予行政处罚罚款
应当责令改正,其他,ai,True,<泛类型>,仅有“应当责令改正”，无法判断具体类型。,其他违法行为,(6-8) 法条不含书名号 | 法条: 应当责令改正
应按照规定申请办理两用物项,海关/进出口,ai,True,<泛类型>,涉及两用物项出口管制审批手续。,海关/进出口,(6-7) 泛型法条被AI分为具体分类'海关/进出口'，应删除 | 原标记: <泛类型> | 法条: 应按照规定申请办理两用物项
应标示所强调配料或成分的添加量或在成品中的含量。”的要求,产品质量与安全,ai,True,<泛类型>,涉及配料含量标签标示义务。,食品药品,(6-7) 泛型法条被AI分为具体分类'产品质量与安全'，应删除 | 原标记: <泛类型> | 法条: 应标示所强调配料或成分的添加量或在成品中的含量。”的要求
应转出已抵扣的进项,财税与金融监管,ai,True,<泛类型>,涉进项税额转出及抵扣管理。,税收违规,(6-7) 泛型法条被AI分为具体分类'财税与金融监管'，应删除 | 原标记: <泛类型> | 法条: 应转出已抵扣的进项
建议予以罚款,其他,ai,True,<泛类型>,仅有“建议予以罚款”，无法判断具体类型。,其他违法行为,(6-8) 法条不含书名号 | 法条: 建议予以罚款
建议依据第三十七条规定处以50000元罚款,其他,ai,True,<泛类型>,仅有罚款金额与条款序号，无法判断。,其他违法行为,(6-5) 处罚措施描述 | 匹配模式: '处以50000元罚款' | 法条: 建议依据第三十七条规定处以50000元罚款
建议处以2000.00元的罚款,其他,ai,True,<泛类型>,仅有罚款金额，无具体案由信息。,其他违法行为,(6-5) 处罚措施描述 | 匹配模式: '处以2000.00元的罚款' | 法条: 建议处以2000.00元的罚款
建议处罚如下:罚款,其他,ai,True,<泛类型>,仅有罚款表述，无法判断具体类型。,其他违法行为,(6-8) 法条不含书名号 | 法条: 建议处罚如下:罚款
建议对当事人:1、责令改正;2、罚款,其他,ai,True,<泛类型>,仅有处罚措施，无具体违法事实。,其他违法行为,(6-8) 法条不含书名号 | 法条: 建议对当事人:1、责令改正;2、罚款
建议对当事人作出如下行政处罚:罚款,其他,ai,True,<泛类型>,仅见罚款用语，无具体案由信息。,其他违法行为,(6-8) 法条不含书名号 | 法条: 建议对当事人作出如下行政处罚:罚款
建议对当事人作罚款,其他,ai,True,<泛类型>,仅有罚款建议，无法判断具体类型。,其他违法行为,(6-8) 法条不含书名号 | 法条: 建议对当事人作罚款
建议对当事人处以罚款,其他,ai,True,<泛类型>,仅见处罚用语，无具体案由。,其他违法行为,(6-5) 处罚措施描述 | 匹配模式: '处以罚款' | 法条: 建议对当事人处以罚款
建议对当事人处罚如下:罚款,其他,ai,True,<泛类型>,仅有罚款表述，无法判断类型。,其他违法行为,(6-8) 法条不含书名号 | 法条: 建议对当事人处罚如下:罚款
建议对当事人处罚款,其他,ai,True,<泛类型>,仅有处罚表述，无法确定具体领域。,其他违法行为,(6-8) 法条不含书名号 | 法条: 建议对当事人处罚款
建议对当事人的违法行为拟处罚10000元的罚款,其他,ai,True,<泛类型>,仅有罚款金额，无具体违法信息。,其他违法行为,(6-8) 法条不含书名号 | 法条: 建议对当事人的违法行为拟处罚10000元的罚款
建议对当事人罚款,其他,ai,True,<泛类型>,仅见罚款表述，无法判断具体领域。,其他违法行为,(6-8) 法条不含书名号 | 法条: 建议对当事人罚款
建议对该单位作出罚款,其他,ai,True,<泛类型>,仅有处罚表述，无法判断具体领域。,其他违法行为,(6-8) 法条不含书名号 | 法条: 建议对该单位作出罚款
建议给予叁仟元人民币罚款,其他,ai,True,<泛类型>,仅有罚款金额，无法判断类型。,其他违法行为,(6-8) 法条不含书名号 | 法条: 建议给予叁仟元人民币罚款
建议给予当事人从轻处罚如下:处罚款,其他,ai,True,<泛类型>,仅有从轻处罚表述，无法判断类型。,其他违法行为,(6-8) 法条不含书名号 | 法条: 建议给予当事人从轻处罚如下:处罚款
建议给予当事人罚款,其他,ai,True,<泛类型>,仅见处罚表述，无法判断具体类型。,其他违法行为,(6-8) 法条不含书名号 | 法条: 建议给予当事人罚款
建议给予当事人行政处罚如下:罚款,其他,ai,True,<泛类型>,仅有罚款措辞，无法具体判断。,其他违法行为,(6-8) 法条不含书名号 | 法条: 建议给予当事人行政处罚如下:罚款
建议给予泰兴协联众达化学有限公司罚款,其他,ai,True,<泛类型>,仅有罚款信息，无法判断具体领域。,其他违法行为,(6-8) 法条不含书名号 | 法条: 建议给予泰兴协联众达化学有限公司罚款
建议给予泰兴市骏达金属制品有限公司罚款人民币壹万元整的处罚,其他,ai,True,<泛类型>,仅有处罚金额信息，无法细分类别。,其他违法行为,(6-8) 法条不含书名号 | 法条: 建议给予泰兴市骏达金属制品有限公司罚款人民币壹万元整的处罚
建议给予罚款,其他,ai,True,<泛类型>,仅有罚款措辞，无法判断类型。,其他违法行为,(6-8) 法条不含书名号 | 法条: 建议给予罚款
建议给当事人做出罚款,其他,ai,True,<泛类型>,仅有罚款建议，无具体案情。,其他违法行为,(6-8) 法条不含书名号 | 法条: 建议给当事人做出罚款
建议责令限期改正,其他,ai,True,<泛类型>,仅有程序用语，无法判断具体类型。,其他违法行为,(6-8) 法条不含书名号 | 法条: 建议责令限期改正
建设单位应当向审批该建设项,建设工程与房地产,ai,True,<泛类型>,涉及建设项目报批程序要求。,建设工程,(6-7) 泛型法条被AI分为具体分类'建设工程与房地产'，应删除 | 原标记: <泛类型> | 法条: 建设单位应当向审批该建设项
建设单位应当向审批该项,建设工程与房地产,ai,True,<泛类型>,涉及建设单位审批行为规范。,建设工程,(6-7) 泛型法条被AI分为具体分类'建设工程与房地产'，应删除 | 原标记: <泛类型> | 法条: 建设单位应当向审批该项
建设项,建设工程与房地产,ai,True,<泛类型>,标题为“建设项”，指向建设工程相关。,建设工程,(6-7) 泛型法条被AI分为具体分类'建设工程与房地产'，应删除 | 原标记: <泛类型> | 法条: 建设项
当事人作出如下行政处罚:科处罚款,其他,ai,True,<泛类型>,仅见处罚结果，未载明案由。,其他违法行为,(6-8) 法条不含书名号 | 法条: 当事人作出如下行政处罚:科处罚款
当事人已整改。当事人未做好监督生活垃圾分类投放工作,环境保护,ai,True,(匹配)环境保护,涉及生活垃圾分类管理与监督问题。,环境保护,(6-8) 法条不含书名号 | 法条: 当事人已整改。当事人未做好监督生活垃圾分类投放工作
当事人已联系供货公司西安文乔贸易有限公司召回。 以上事实有以下证据证明：1、现场检查笔录；2、询问笔录；3、当事人营业执照复印件；4、陕西龙门钢铁有限责任公司《鉴定表》,产品质量与安全,ai,True,<泛类型>,涉及产品召回及钢铁产品鉴定证明。,产品质量,(6-7) 泛型法条被AI分为具体分类'产品质量与安全'，应删除 | 原标记: <泛类型> | 法条: 当事人已联系供货公司西安文乔贸易有限公司召回。 以上事实有以下证据证明：1、现场检查笔录；2、询问笔...
当事人称该批次钢筋是从西安钢材市场进购,产品质量与安全,ai,True,<泛类型>,涉及钢筋进货，关联建筑材料质量。,产品质量,(6-7) 泛型法条被AI分为具体分类'产品质量与安全'，应删除 | 原标记: <泛类型> | 法条: 当事人称该批次钢筋是从西安钢材市场进购
当事人符合“两证”办理条,其他,ai,True,<泛类型>,仅表述符合两证办理，无违规内容。,不予处罚,(6-8) 法条不含书名号 | 法条: 当事人符合“两证”办理条
我分局决定对你公司责令改正,其他,ai,True,<泛类型>,仅有责令改正表述，无法判断具体类型。,其他违法行为,(6-8) 法条不含书名号 | 法条: 我分局决定对你公司责令改正
我分局决定对平安人寿日照中支予以罚款,其他,ai,True,<泛类型>,仅有处罚决定描述，无法细分类别。,其他违法行为,(6-8) 法条不含书名号 | 法条: 我分局决定对平安人寿日照中支予以罚款
我分局决定对永安财险滨州中心支公司予以罚款,财税与金融监管,ai,True,<泛类型>,涉财险公司被罚属金融领域。,金融/信贷违规,(6-7) 泛型法条被AI分为具体分类'财税与金融监管'，应删除 | 原标记: <泛类型> | 法条: 我分局决定对永安财险滨州中心支公司予以罚款
我分局决定给予平安人寿济宁中支罚款,金融/账户,ai,True,<泛类型>,主体为保险机构，涉金融监管处罚。,金融/账户,(6-7) 泛型法条被AI分为具体分类'金融/账户'，应删除 | 原标记: <泛类型> | 法条: 我分局决定给予平安人寿济宁中支罚款
我分局对人保财险台安支公司处罚款,财税与金融监管,ai,True,<泛类型>,涉财险公司被罚，属金融监管。,金融/信贷违规,(6-7) 泛型法条被AI分为具体分类'财税与金融监管'，应删除 | 原标记: <泛类型> | 法条: 我分局对人保财险台安支公司处罚款
我分局责令景谷县联社改正,其他,ai,True,<泛类型>,仅有责令改正语句，无法判断具体类型。,其他违法行为,(6-8) 法条不含书名号 | 法条: 我分局责令景谷县联社改正
我单位对当事人依法作出罚款,其他,ai,True,<泛类型>,仅有罚款表述，无法判断具体类型。,其他违法行为,(6-8) 法条不含书名号 | 法条: 我单位对当事人依法作出罚款
我厅决定给予你公司罚款,其他,ai,True,<泛类型>,仅有处罚决定表述，无法细分类别。,其他违法行为,(6-8) 法条不含书名号 | 法条: 我厅决定给予你公司罚款
我大队将对你单位处罚款,其他,ai,True,<泛类型>,仅有处罚款表述，无法判断具体领域。,其他违法行为,(6-8) 法条不含书名号 | 法条: 我大队将对你单位处罚款
我局决定:给予你单位罚款,其他,ai,True,<泛类型>,仅有处罚决定语句，无法判断类型。,其他违法行为,(6-8) 法条不含书名号 | 法条: 我局决定:给予你单位罚款
我局决定处以13060元罚款,其他,ai,True,<泛类型>,仅有罚款金额，无具体案由信息。,其他违法行为,(6-5) 处罚措施描述 | 匹配模式: '处以13060元罚款' | 法条: 我局决定处以13060元罚款
我局决定处罚款,其他,ai,True,<泛类型>,仅有处罚决定表述，无法判断类型。,其他违法行为,(6-8) 法条不含书名号 | 法条: 我局决定处罚款
我局决定如下:处四万九千元罚款,其他,ai,True,<泛类型>,仅见罚款金额，无具体违法内容。,其他违法行为,(6-8) 法条不含书名号 | 法条: 我局决定如下:处四万九千元罚款
我局决定如下:处壹万元整(￥10000.00)罚款,其他,ai,True,<泛类型>,仅有处罚金额，无法判断具体类型。,其他违法行为,(6-8) 法条不含书名号 | 法条: 我局决定如下:处壹万元整(￥10000.00)罚款
我局决定对人保财险阜阳市分公司罚款,财税与金融监管,ai,True,<泛类型>,保险公司被罚款，属金融领域。,金融/信贷违规,(6-7) 泛型法条被AI分为具体分类'财税与金融监管'，应删除 | 原标记: <泛类型> | 法条: 我局决定对人保财险阜阳市分公司罚款
我局决定对你中心支公司处以一万元罚款,其他,ai,True,<泛类型>,仅有处罚结果，无具体违法内容。,其他违法行为,(6-5) 处罚措施描述 | 匹配模式: '处以一万元罚款' | 法条: 我局决定对你中心支公司处以一万元罚款
我局决定对你中心支公司处以五万元罚款,其他,ai,True,<泛类型>,仅有处罚结果，无具体案由无法判断。,其他违法行为,(6-5) 处罚措施描述 | 匹配模式: '处以五万元罚款' | 法条: 我局决定对你中心支公司处以五万元罚款
我局决定对你中心支公司处以十万元罚款,其他,ai,True,<泛类型>,仅见处罚结果，无具体违法情节。,其他违法行为,(6-5) 处罚措施描述 | 匹配模式: '处以十万元罚款' | 法条: 我局决定对你中心支公司处以十万元罚款
我局决定对你中心支公司给予罚款,其他,ai,True,<泛类型>,仅有处罚决定表述，无法判断类型。,其他违法行为,(6-8) 法条不含书名号 | 法条: 我局决定对你中心支公司给予罚款
我局决定对你公司作出罚款,其他,ai,True,<泛类型>,仅有处罚表述，无具体案由信息。,其他违法行为,(6-8) 法条不含书名号 | 法条: 我局决定对你公司作出罚款
我局决定对你公司作出责令改正,其他,ai,True,<泛类型>,仅有责令改正表述，无法判断领域。,其他违法行为,(6-8) 法条不含书名号 | 法条: 我局决定对你公司作出责令改正
我局决定对你公司减轻处罚,其他,ai,True,<泛类型>,仅有减轻处罚表述，无法判断类型。,其他违法行为,(6-8) 法条不含书名号 | 法条: 我局决定对你公司减轻处罚
我局决定对你公司处以15万元罚款,其他,ai,True,<泛类型>,仅有罚款金额，无违法线索。,其他违法行为,(6-5) 处罚措施描述 | 匹配模式: '处以15万元罚款' | 法条: 我局决定对你公司处以15万元罚款
我局决定对你公司处以1万元罚款,其他,ai,True,<泛类型>,仅有处罚结果，未体现具体领域。,其他违法行为,(6-5) 处罚措施描述 | 匹配模式: '处以1万元罚款' | 法条: 我局决定对你公司处以1万元罚款
我局决定对你公司处以罚款,其他,ai,True,<泛类型>,仅有处罚决定表述，无法判断类型。,其他违法行为,(6-5) 处罚措施描述 | 匹配模式: '处以罚款' | 法条: 我局决定对你公司处以罚款
我局决定对你公司实施罚款,其他,ai,True,<泛类型>,仅有处罚决定表述，无法判断类型。,其他违法行为,(6-8) 法条不含书名号 | 法条: 我局决定对你公司实施罚款
我局决定对你公司给予罚款,其他,ai,True,<泛类型>,仅有处罚决定表述，无法判断具体类型。,其他违法行为,(6-8) 法条不含书名号 | 法条: 我局决定对你公司给予罚款
我局决定对你公司罚款,其他,ai,True,<泛类型>,仅见处罚决定用语，无法细分类型。,其他违法行为,(6-8) 法条不含书名号 | 法条: 我局决定对你公司罚款
我局决定对你公司责令改正,其他,ai,True,<泛类型>,仅有责令改正表述，无法判断类型。,其他违法行为,(6-8) 法条不含书名号 | 法条: 我局决定对你公司责令改正
我局决定对你分公司处以8万元罚款,其他,ai,True,<泛类型>,仅有处罚金额描述，无法判断类型。,其他违法行为,(6-5) 处罚措施描述 | 匹配模式: '处以8万元罚款' | 法条: 我局决定对你分公司处以8万元罚款
我局决定对你分公司处以十万元罚款,其他,ai,True,<泛类型>,仅有罚款结果，无具体违法内容。,其他违法行为,(6-5) 处罚措施描述 | 匹配模式: '处以十万元罚款' | 法条: 我局决定对你分公司处以十万元罚款
我局决定对你分公司处罚款,其他,ai,True,<泛类型>,仅有处罚决定语句，无法判断类型。,其他违法行为,(6-8) 法条不含书名号 | 法条: 我局决定对你分公司处罚款
我局决定对你分公司给予罚款,其他,ai,True,<泛类型>,仅有处罚决定语，无法判断类别。,其他违法行为,(6-8) 法条不含书名号 | 法条: 我局决定对你分公司给予罚款
我局决定对你分公司责令改正,其他,ai,True,<泛类型>,仅有责令改正措辞，无法判断具体领域。,其他违法行为,(6-8) 法条不含书名号 | 法条: 我局决定对你分公司责令改正
我局决定对你单位作出如下行政处罚:罚款,其他,ai,True,<泛类型>,仅出现罚款决定，无法判断类型。,其他违法行为,(6-8) 法条不含书名号 | 法条: 我局决定对你单位作出如下行政处罚:罚款
我局决定对你单位处以罚款,其他,ai,True,<泛类型>,仅见处罚用语，无具体违法内容。,其他违法行为,(6-5) 处罚措施描述 | 匹配模式: '处以罚款' | 法条: 我局决定对你单位处以罚款
我局决定对你单位给予罚款,其他,ai,True,<泛类型>,仅有处罚决定表述，无法判断类型。,其他违法行为,(6-8) 法条不含书名号 | 法条: 我局决定对你单位给予罚款
我局决定对你厂作出罚款,其他,ai,True,<泛类型>,仅见罚款表述，无具体内容可判定。,其他违法行为,(6-8) 法条不含书名号 | 法条: 我局决定对你厂作出罚款
我局决定对你支公司处以二万元罚款,其他,ai,True,<泛类型>,只有罚款结果，无具体案由信息。,其他违法行为,(6-5) 处罚措施描述 | 匹配模式: '处以二万元罚款' | 法条: 我局决定对你支公司处以二万元罚款
我局决定对你营业部给予罚款,其他,ai,True,<泛类型>,仅见处罚结论，无法判断具体类型。,其他违法行为,(6-8) 法条不含书名号 | 法条: 我局决定对你营业部给予罚款
我局决定对你营销服务部作出罚款,其他,ai,True,<泛类型>,仅有处罚决定语句，无法具体判断。,其他违法行为,(6-8) 法条不含书名号 | 法条: 我局决定对你营销服务部作出罚款
我局决定对你行作出罚款,其他,ai,True,<泛类型>,仅有处罚决定语句，无法具体判断。,其他违法行为,(6-8) 法条不含书名号 | 法条: 我局决定对你行作出罚款
我局决定对其责令改正,其他,ai,True,<泛类型>,仅见“责令改正”，无法判断具体领域。,其他违法行为,(6-8) 法条不含书名号 | 法条: 我局决定对其责令改正
我局决定对国华人寿山东分公司罚款,财税与金融监管,ai,True,<泛类型>,涉及保险机构被罚属金融领域。,金融/信贷违规,(6-7) 泛型法条被AI分为具体分类'财税与金融监管'，应删除 | 原标记: <泛类型> | 法条: 我局决定对国华人寿山东分公司罚款
我局决定对宁波麦迅机械科技有限公司作出罚款,其他,ai,True,<泛类型>,仅有罚款决定表述，缺乏细节内容。,其他违法行为,(6-8) 法条不含书名号 | 法条: 我局决定对宁波麦迅机械科技有限公司作出罚款
我局决定对安诺经纪甘肃分公司罚款,其他,ai,True,<泛类型>,仅有罚款决定，无具体案由说明。,其他违法行为,(6-8) 法条不含书名号 | 法条: 我局决定对安诺经纪甘肃分公司罚款
我局决定对该单位作出罚款,其他,ai,True,<泛类型>,仅有处罚决定表述，无法判断。,其他违法行为,(6-8) 法条不含书名号 | 法条: 我局决定对该单位作出罚款
我局决定对该单位处罚款,其他,ai,True,<泛类型>,仅有处罚决定表述，无法细分类型。,其他违法行为,(6-8) 法条不含书名号 | 法条: 我局决定对该单位处罚款
我局决定对阳光人寿山东分公司罚款,财税与金融监管,ai,True,<泛类型>,主体为人寿保险公司，涉金融领域处罚。,金融/信贷违规,(6-7) 泛型法条被AI分为具体分类'财税与金融监管'，应删除 | 原标记: <泛类型> | 法条: 我局决定对阳光人寿山东分公司罚款
我局决定对阳光财险吉林省分公司营业部罚款,财税与金融监管,ai,True,<泛类型>,涉及保险公司行政罚款，属金融领域。,金融/信贷违规,(6-7) 泛型法条被AI分为具体分类'财税与金融监管'，应删除 | 原标记: <泛类型> | 法条: 我局决定对阳光财险吉林省分公司营业部罚款
我局决定给予中国人寿渝水支公司罚款,其他,ai,True,<泛类型>,仅有处罚决定表述，无法判断具体领域。,其他违法行为,(6-8) 法条不含书名号 | 法条: 我局决定给予中国人寿渝水支公司罚款
我局决定给予你中心支公司罚款,其他,ai,True,<泛类型>,仅有罚款表述，无具体违法内容。,其他违法行为,(6-8) 法条不含书名号 | 法条: 我局决定给予你中心支公司罚款
我局决定给予你公司15,其他,ai,True,<泛类型>,信息极少，仅见处罚决定字样。,其他违法行为,(6-8) 法条不含书名号 | 法条: 我局决定给予你公司15
我局决定给予你公司2万元罚款,其他,ai,True,<泛类型>,仅见处罚金额，无具体违法内容。,其他违法行为,(6-8) 法条不含书名号 | 法条: 我局决定给予你公司2万元罚款
我局决定给予你公司以下行政处罚:罚款,其他,ai,True,<泛类型>,仅有罚款表述，无法判断具体类型。,其他违法行为,(6-8) 法条不含书名号 | 法条: 我局决定给予你公司以下行政处罚:罚款
我局决定给予你公司罚款,其他,ai,True,<泛类型>,仅有处罚结果，无具体案由信息。,其他违法行为,(6-8) 法条不含书名号 | 法条: 我局决定给予你公司罚款
我局决定给予你分公司罚款,其他,ai,True,<泛类型>,仅见处罚决定表述，无法判断类型。,其他违法行为,(6-8) 法条不含书名号 | 法条: 我局决定给予你分公司罚款
我局决定给予你支公司罚款,其他,ai,True,<泛类型>,文本信息不足，无法判断具体类型。,其他违法行为,(6-8) 法条不含书名号 | 法条: 我局决定给予你支公司罚款
我局决定给予你支公司责令改正并罚款,其他,ai,True,<泛类型>,仅有处罚决定表述，无法判断类型。,其他违法行为,(6-8) 法条不含书名号 | 法条: 我局决定给予你支公司责令改正并罚款
我局决定给予你行罚款,其他,ai,True,<泛类型>,仅有处罚表述，无具体违法情节。,其他违法行为,(6-8) 法条不含书名号 | 法条: 我局决定给予你行罚款
我局决定给予对你分公司罚款,其他,ai,True,<泛类型>,仅有罚款表述，无法判断类型。,其他违法行为,(6-8) 法条不含书名号 | 法条: 我局决定给予对你分公司罚款
我局决定给予渭南中心支公司罚款,其他,ai,True,<泛类型>,仅有罚款决定，无具体违法内容。,其他违法行为,(6-8) 法条不含书名号 | 法条: 我局决定给予渭南中心支公司罚款
我局决定责令你分公司改正,其他,ai,True,<泛类型>,仅有责令改正语句，信息不足。,其他违法行为,(6-8) 法条不含书名号 | 法条: 我局决定责令你分公司改正
我局决定责令你单位改正,其他,ai,True,<泛类型>,仅有责令改正表述，无法判断具体类型。,其他违法行为,(6-8) 法条不含书名号 | 法条: 我局决定责令你单位改正
我局对当事人处以1000元罚款,其他,ai,True,<泛类型>,仅有罚款金额，无任何案情线索。,其他违法行为,(6-5) 处罚措施描述 | 匹配模式: '处以1000元罚款' | 法条: 我局对当事人处以1000元罚款
我局对该单位处壹万元整的罚款,其他,ai,True,<泛类型>,仅有罚款金额，无违法内容信息。,其他违法行为,(6-8) 法条不含书名号 | 法条: 我局对该单位处壹万元整的罚款
我局将每日按罚款数额的3%加处罚款,其他,ai,True,<泛类型>,仅涉加处罚款比例，信息不足。,其他违法行为,(6-5) 处罚措施描述 | 匹配模式: '加处罚款' | 法条: 我局将每日按罚款数额的3%加处罚款
我局工作人员会同承德成品油质量检验站工作人员,产品质量与安全,ai,True,<泛类型>,涉及成品油质量检验行为。,产品质量,(6-7) 泛型法条被AI分为具体分类'产品质量与安全'，应删除 | 原标记: <泛类型> | 法条: 我局工作人员会同承德成品油质量检验站工作人员
我局拟对你公司处以罚款,其他,ai,True,<泛类型>,仅有处罚表述，无具体违法内容。,其他违法行为,(6-5) 处罚措施描述 | 匹配模式: '处以罚款' | 法条: 我局拟对你公司处以罚款
我局拟对该公司作出行政处罚罚款,其他,ai,True,<泛类型>,仅有拟处罚表述，未见具体违法情形。,其他违法行为,(6-8) 法条不含书名号 | 法条: 我局拟对该公司作出行政处罚罚款
我局现给予你公司罚款,其他,ai,True,<泛类型>,只有处罚表述，无具体违法内容。,其他违法行为,(6-8) 法条不含书名号 | 法条: 我局现给予你公司罚款
我局责令你中心支公司改正,其他,ai,True,<泛类型>,仅有改正措辞，无法判断具体类型。,其他违法行为,(6-8) 法条不含书名号 | 法条: 我局责令你中心支公司改正
我局责令你公司改正,其他,ai,True,<泛类型>,仅有改正指令，无具体违法内容。,其他违法行为,(6-8) 法条不含书名号 | 法条: 我局责令你公司改正
我局责令你分公司改正,其他,ai,True,<泛类型>,仅有“责令改正”无具体违法信息。,其他违法行为,(6-8) 法条不含书名号 | 法条: 我局责令你分公司改正
我局责令公司改正,其他,ai,True,<泛类型>,仅有“责令改正”表述，无法判断具体类型。,其他违法行为,(6-8) 法条不含书名号 | 法条: 我局责令公司改正
承办人建议对上述违法行为进行合并处罚,其他,ai,True,<泛类型>,仅有合并处罚表述，无法判断类型。,其他违法行为,(6-8) 法条不含书名号 | 法条: 承办人建议对上述违法行为进行合并处罚
招用不符合条例规定条,劳动保障,ai,True,<泛类型>,涉及用工招用不符合规定。,劳动保障/用工,(6-7) 泛型法条被AI分为具体分类'劳动保障'，应删除 | 原标记: <泛类型> | 法条: 招用不符合条例规定条
拟作出合并罚款,其他,ai,True,<泛类型>,仅有“拟作出合并罚款”，无法判断。,其他违法行为,(6-8) 法条不含书名号 | 法条: 拟作出合并罚款
拟作出如下行政处罚:处罚款,其他,ai,True,<泛类型>,仅有“处罚款”表述，无法具体判断。,其他违法行为,(6-8) 法条不含书名号 | 法条: 拟作出如下行政处罚:处罚款
拟作出罚款,其他,ai,True,<泛类型>,仅有“拟作出罚款”，无法判断类型。,其他违法行为,(6-8) 法条不含书名号 | 法条: 拟作出罚款
拟决定给予如下处罚:罚款,其他,ai,True,<泛类型>,仅有罚款表述，无法判断类型。,其他违法行为,(6-8) 法条不含书名号 | 法条: 拟决定给予如下处罚:罚款
拟决定罚款,其他,ai,True,<泛类型>,仅有“拟决定罚款”表述，无法判断。,其他违法行为,(6-8) 法条不含书名号 | 法条: 拟决定罚款
拟处罚款,其他,ai,True,<泛类型>,仅出现“拟处罚款”，无法判断具体类型。,其他违法行为,(6-8) 法条不含书名号 | 法条: 拟处罚款
拟对你(单位)作出如下行政处罚:罚款,其他,ai,True,<泛类型>,未提供具体违法事实与法条。,其他违法行为,(6-8) 法条不含书名号 | 法条: 拟对你(单位)作出如下行政处罚:罚款
拟对你(单位)作出罚款,其他,ai,True,<泛类型>,仅有处罚表述，无法判断具体类型。,其他违法行为,(6-8) 法条不含书名号 | 法条: 拟对你(单位)作出罚款
拟对你单位作出人民币叁万元罚款,其他,ai,True,<泛类型>,仅有处罚金额，无具体违法内容。,其他违法行为,(6-8) 法条不含书名号 | 法条: 拟对你单位作出人民币叁万元罚款
拟对你单位作出如下行政处罚:罚款,其他,ai,True,<泛类型>,仅见罚款表述，无具体违法内容。,其他违法行为,(6-8) 法条不含书名号 | 法条: 拟对你单位作出如下行政处罚:罚款
拟对你单位作出罚款,其他,ai,True,<泛类型>,仅有拟处罚表述，无法判断具体类型。,其他违法行为,(6-8) 法条不含书名号 | 法条: 拟对你单位作出罚款
拟对你单位做出罚款,其他,ai,True,<泛类型>,仅有拟罚款表述，无法判断类型。,其他违法行为,(6-8) 法条不含书名号 | 法条: 拟对你单位做出罚款
拟对其处以罚款,其他,ai,True,<泛类型>,仅有罚款表述，无法判断具体类型。,其他违法行为,(6-5) 处罚措施描述 | 匹配模式: '处以罚款' | 法条: 拟对其处以罚款
拟对当事人处以罚款,其他,ai,True,<泛类型>,仅有处罚表述，无具体违法内容。,其他违法行为,(6-5) 处罚措施描述 | 匹配模式: '处以罚款' | 法条: 拟对当事人处以罚款
拟对该公司作出处罚人民币肆万元罚款,其他,ai,True,<泛类型>,仅有处罚金额，缺乏任何案情信息。,其他违法行为,(6-8) 法条不含书名号 | 法条: 拟对该公司作出处罚人民币肆万元罚款
拟对青岛一建集团有限公司处罚款,建设工程与房地产,ai,True,<泛类型>,主体为建筑集团，公司多涉工程施工。,建设工程,(6-7) 泛型法条被AI分为具体分类'建设工程与房地产'，应删除 | 原标记: <泛类型> | 法条: 拟对青岛一建集团有限公司处罚款
拟对青岛亿联建设集团股份有限公司处罚款,建设工程与房地产,ai,True,<泛类型>,主体为建设集团，涉建设活动。,建设工程,(6-7) 泛型法条被AI分为具体分类'建设工程与房地产'，应删除 | 原标记: <泛类型> | 法条: 拟对青岛亿联建设集团股份有限公司处罚款
拟对青岛军民融合发展集团有限公司处罚款,其他,ai,True,<泛类型>,仅有处罚表述，无具体事由。,其他违法行为,(6-8) 法条不含书名号 | 法条: 拟对青岛军民融合发展集团有限公司处罚款
拟对青岛建通浩源集团有限公司处罚款,其他,ai,True,<泛类型>,仅有处罚款表述，无具体违法信息。,其他违法行为,(6-8) 法条不含书名号 | 法条: 拟对青岛建通浩源集团有限公司处罚款
拟对青岛恒辉建设集团有限公司处罚款,建设工程与房地产,ai,True,<泛类型>,涉建设集团被罚，推定工程领域。,建设工程,(6-7) 泛型法条被AI分为具体分类'建设工程与房地产'，应删除 | 原标记: <泛类型> | 法条: 拟对青岛恒辉建设集团有限公司处罚款
拟对青岛红塔建设集团股份有限公司处罚款,建设工程与房地产,ai,True,<泛类型>,主体为建设集团，拟被施工类处罚。,建设工程,(6-7) 泛型法条被AI分为具体分类'建设工程与房地产'，应删除 | 原标记: <泛类型> | 法条: 拟对青岛红塔建设集团股份有限公司处罚款
拟给予1001元的行政处罚,其他,ai,True,<泛类型>,仅载明处罚金额，无法判断类型。,其他违法行为,(6-8) 法条不含书名号 | 法条: 拟给予1001元的行政处罚
拟给予罚款,其他,ai,True,<泛类型>,仅有“拟给予罚款”，无法判断具体类型。,其他违法行为,(6-8) 法条不含书名号 | 法条: 拟给予罚款
拟罚款,其他,ai,True,<泛类型>,仅有“拟罚款”字样，信息不足。,其他违法行为,(6-8) 法条不含书名号 | 法条: 拟罚款
拟责令当事人改正违法行为,其他,ai,True,<泛类型>,仅写“改正违法行为”，无具体内容。,其他违法行为,(6-8) 法条不含书名号 | 法条: 拟责令当事人改正违法行为
按有关规定处以罚款,其他,ai,True,<泛类型>,仅提及按规定罚款，无法细分类型。,其他违法行为,(6-5) 处罚措施描述 | 匹配模式: '处以罚款' | 法条: 按有关规定处以罚款
提出如下处理建议:处罚款,其他,ai,True,<泛类型>,仅有罚款结果，无具体案由信息。,其他违法行为,(6-8) 法条不含书名号 | 法条: 提出如下处理建议:处罚款
提高免疫力》,市场秩序与竞争监管,ai,True,<泛类型>,涉及“提高免疫力”违规宣传表述。,虚假广告/虚假宣传,(6-7) 泛型法条被AI分为具体分类'市场秩序与竞争监管'，应删除 | 原标记: <泛类型> | 法条: 提高免疫力》
数项,其他,ai,True,<泛类型>,仅含“数项”无法对应具体领域。,其他违法行为,(6-8) 法条不含书名号 | 法条: 数项
文成现代文旅康养项,其他,ai,True,<泛类型>,仅有项目名称，无法判断具体类型。,其他违法行为,(6-8) 法条不含书名号 | 法条: 文成现代文旅康养项
是指书面合同确定的付款日期；未签订书面合同或者书面合同未确定付款日期的,“*合同支付期限*”,ai,True,<泛类型>,仅涉合同付款日期约定义务。,“*合同支付期限*”,(6-6) AI分类含星号'“*合同支付期限*”'，分类不确定 | 法条: 是指书面合同确定的付款日期；未签订书面合同或者书面合同未确定付款日期的
显示该批次热轧带肋钢筋共计9捆,产品质量与安全,ai,True,<泛类型>,涉及热轧带肋钢筋批次产品质量问题。,产品质量,(6-7) 泛型法条被AI分为具体分类'产品质量与安全'，应删除 | 原标记: <泛类型> | 法条: 显示该批次热轧带肋钢筋共计9捆
最高不超过罚款,其他,ai,True,<泛类型>,仅有“最高不超过罚款”，无法判断具体领域。,其他违法行为,(6-8) 法条不含书名号 | 法条: 最高不超过罚款
未经许可进行本条例第二十七条第一项至第五项,市场主体与登记治理,ai,True,<泛类型>,未经许可从事需许可事项经营。,无照经营/登记问题,(6-7) 泛型法条被AI分为具体分类'市场主体与登记治理'，应删除 | 原标记: <泛类型> | 法条: 未经许可进行本条例第二十七条第一项至第五项
本办法规定的罚款,其他,ai,True,<泛类型>,仅提及罚款条款，无法判断领域。,其他违法行为,(6-8) 法条不含书名号 | 法条: 本办法规定的罚款
本单位决定对当事人处以人民币1000元罚款,其他,ai,True,<泛类型>,仅有罚款金额，无具体违法内容。,其他违法行为,(6-5) 处罚措施描述 | 匹配模式: '处以人民币1000元罚款' | 法条: 本单位决定对当事人处以人民币1000元罚款
本单位决定对当事人处以人民币2000元罚款,其他,ai,True,<泛类型>,仅有罚款金额，无具体违法情形。,其他违法行为,(6-5) 处罚措施描述 | 匹配模式: '处以人民币2000元罚款' | 法条: 本单位决定对当事人处以人民币2000元罚款
本单位决定对当事人处以人民币200元罚款,其他,ai,True,<泛类型>,仅见处罚金额，无具体违法内容。,其他违法行为,(6-5) 处罚措施描述 | 匹配模式: '处以人民币200元罚款' | 法条: 本单位决定对当事人处以人民币200元罚款
本局依法作出如下行政处罚决定:处罚款,其他,ai,True,<泛类型>,仅有处罚款表述，无法判断类型。,其他违法行为,(6-8) 法条不含书名号 | 法条: 本局依法作出如下行政处罚决定:处罚款
本局依法做出如下行政处罚决定:处罚款,其他,ai,True,<泛类型>,仅有处罚款信息，无法判断具体领域。,其他违法行为,(6-8) 法条不含书名号 | 法条: 本局依法做出如下行政处罚决定:处罚款
本局决定对当事人处于罚款,其他,ai,True,<泛类型>,仅有处罚用语，无具体案情。,其他违法行为,(6-8) 法条不含书名号 | 法条: 本局决定对当事人处于罚款
本局决定责令当事人改正违法行为,其他,ai,True,<泛类型>,文字极少，无具体违法内容可判定。,其他违法行为,(6-8) 法条不含书名号 | 法条: 本局决定责令当事人改正违法行为
本局可每日按罚款数额的百分之三加处罚款,其他,ai,True,<泛类型>,仅涉及罚款加罚比例，无法具体判断。,其他违法行为,(6-5) 处罚措施描述 | 匹配模式: '加处罚款' | 法条: 本局可每日按罚款数额的百分之三加处罚款
本局可采取以下措施:(一)到期不缴纳罚款的,其他,ai,True,<泛类型>,仅涉及罚款缴纳义务，无法细分业务类型。,其他违法行为,(6-8) 法条不含书名号 | 法条: 本局可采取以下措施:(一)到期不缴纳罚款的
本局对上述违法行为合并处罚,其他,ai,True,<泛类型>,仅见合并处罚表述，无法细分类型。,其他违法行为,(6-8) 法条不含书名号 | 法条: 本局对上述违法行为合并处罚
本局将每日按罚款数额的百分之三加处罚款,市场秩序与竞争监管,ai,True,<泛类型>,与加收罚款金额比例有关。,价格/收费,(6-5) 处罚措施描述 | 匹配模式: '加处罚款' | 法条: 本局将每日按罚款数额的百分之三加处罚款
本局现依法做出如下行政处罚决定:处罚款,其他,ai,True,<泛类型>,仅见处罚款表述，无法判断类型。,其他违法行为,(6-8) 法条不含书名号 | 法条: 本局现依法做出如下行政处罚决定:处罚款
本应给予你分公司罚款,其他,ai,True,<泛类型>,仅见“罚款”表述，无法细分类型。,其他违法行为,(6-8) 法条不含书名号 | 法条: 本应给予你分公司罚款
本机关作出如下行政决定:罚款,其他,ai,True,<泛类型>,仅见罚款决定，无具体法条内容。,其他违法行为,(6-8) 法条不含书名号 | 法条: 本机关作出如下行政决定:罚款
本机关作出罚款,其他,ai,True,<泛类型>,仅有处罚表述，无法判断具体类型。,其他违法行为,(6-8) 法条不含书名号 | 法条: 本机关作出罚款
本机关依法对当事人作出以下处罚决定:罚款,其他,ai,True,<泛类型>,仅有罚款结果，未体现具体违法类型。,其他违法行为,(6-8) 法条不含书名号 | 法条: 本机关依法对当事人作出以下处罚决定:罚款
本机关决定(符合开工条,建设工程与房地产,ai,True,<泛类型>,涉及开工条款，属工程建设管理。,建设工程,(6-7) 泛型法条被AI分为具体分类'建设工程与房地产'，应删除 | 原标记: <泛类型> | 法条: 本机关决定(符合开工条
本机关决定处10000元罚款,其他,ai,True,<泛类型>,仅有罚款金额，无具体违法内容。,其他违法行为,(6-8) 法条不含书名号 | 法条: 本机关决定处10000元罚款
本机关决定处1000元的罚款,其他,ai,True,<泛类型>,仅有罚款金额，无具体案由信息。,其他违法行为,(6-8) 法条不含书名号 | 法条: 本机关决定处1000元的罚款
本机关决定处1000元罚款,其他,ai,True,<泛类型>,仅有罚款金额信息，无法判断性质。,其他违法行为,(6-8) 法条不含书名号 | 法条: 本机关决定处1000元罚款
本机关决定处4000元罚款,其他,ai,True,<泛类型>,仅有罚款金额，无具体违法内容。,其他违法行为,(6-8) 法条不含书名号 | 法条: 本机关决定处4000元罚款
本机关决定对你(单位)作出以下行政处罚:罚款,其他,ai,True,<泛类型>,仅有处罚结果，无具体违法情形描述。,其他违法行为,(6-8) 法条不含书名号 | 法条: 本机关决定对你(单位)作出以下行政处罚:罚款
本机关决定对你作出如下处罚:罚款,其他,ai,True,<泛类型>,仅有处罚用语，无法判断具体类型。,其他违法行为,(6-8) 法条不含书名号 | 法条: 本机关决定对你作出如下处罚:罚款
本机关决定对你公司作出罚款,其他,ai,True,<泛类型>,仅有处罚决定描述，无法细分类型。,其他违法行为,(6-8) 法条不含书名号 | 法条: 本机关决定对你公司作出罚款
本机关决定对你公司处以罚款,其他,ai,True,<泛类型>,仅有处罚决定表述，无法判断类型。,其他违法行为,(6-5) 处罚措施描述 | 匹配模式: '处以罚款' | 法条: 本机关决定对你公司处以罚款
本机关决定对你加油站处以罚款,其他,ai,True,<泛类型>,仅有加油站被罚信息，无法细分。,其他违法行为,(6-5) 处罚措施描述 | 匹配模式: '处以罚款' | 法条: 本机关决定对你加油站处以罚款
本机关决定对你单位作出以下行政处罚:1、罚款,其他,ai,True,<泛类型>,仅有处罚结果，无法判断具体类型。,其他违法行为,(6-8) 法条不含书名号 | 法条: 本机关决定对你单位作出以下行政处罚:1、罚款
本机关决定对你单位作出以下行政处罚:罚款,其他,ai,True,<泛类型>,仅见罚款决定，无具体法条信息。,其他违法行为,(6-8) 法条不含书名号 | 法条: 本机关决定对你单位作出以下行政处罚:罚款
本机关决定对你单位作出罚款,其他,ai,True,<泛类型>,仅见处罚决定语，无具体案由。,其他违法行为,(6-8) 法条不含书名号 | 法条: 本机关决定对你单位作出罚款
本机关决定对你单位给予一般处罚,其他,ai,True,<泛类型>,仅有处罚结论，无法判断具体类型。,其他违法行为,(6-8) 法条不含书名号 | 法条: 本机关决定对你单位给予一般处罚
本机关决定对你单位给予一般处罚:罚款,其他,ai,True,<泛类型>,仅有罚款表述，无法判断具体领域。,其他违法行为,(6-8) 法条不含书名号 | 法条: 本机关决定对你单位给予一般处罚:罚款
本机关决定对你﹝单位﹞作出罚款,其他,ai,True,<泛类型>,仅有处罚决定语句，无法判断类型。,其他违法行为,(6-8) 法条不含书名号 | 法条: 本机关决定对你﹝单位﹞作出罚款
本机关决定对其作出罚款,其他,ai,True,<泛类型>,仅见罚款决定语，无具体违法内容。,其他违法行为,(6-8) 法条不含书名号 | 法条: 本机关决定对其作出罚款
本机关决定对北京福创科技股份有限公司处罚款,其他,ai,True,<泛类型>,仅有处罚决定语句，无法判断具体类型。,其他违法行为,(6-8) 法条不含书名号 | 法条: 本机关决定对北京福创科技股份有限公司处罚款
本机关决定对当事人作出罚款,其他,ai,True,<泛类型>,仅有处罚决定表述，无法判断类型。,其他违法行为,(6-8) 法条不含书名号 | 法条: 本机关决定对当事人作出罚款
本机关决定对当事人给予责令改正,其他,ai,True,<泛类型>,仅有责令改正表述，无法判断具体类型。,其他违法行为,(6-8) 法条不含书名号 | 法条: 本机关决定对当事人给予责令改正
本机关决定给予1万元人民币罚款,其他,ai,True,<泛类型>,仅有罚款金额描述，无法判断类型。,其他违法行为,(6-8) 法条不含书名号 | 法条: 本机关决定给予1万元人民币罚款
本机关决定给予你公司责令改正,其他,ai,True,<泛类型>,仅见“责令改正”，无法判断具体领域。,其他违法行为,(6-8) 法条不含书名号 | 法条: 本机关决定给予你公司责令改正
本机关决定给予当事人处罚款,其他,ai,True,<泛类型>,条文内容过少，无法判断具体类型。,其他违法行为,(6-8) 法条不含书名号 | 法条: 本机关决定给予当事人处罚款
本机关决定给予当事人如下行政处罚:罚款,其他,ai,True,<泛类型>,仅见罚款表述，无具体法条内容。,其他违法行为,(6-8) 法条不含书名号 | 法条: 本机关决定给予当事人如下行政处罚:罚款
本机关决定给予罚款,其他,ai,True,<泛类型>,仅有处罚用语，无法判断具体类型。,其他违法行为,(6-8) 法条不含书名号 | 法条: 本机关决定给予罚款
本机关决定给予责令改正,其他,ai,True,<泛类型>,仅有责令改正用语，无法判断具体类型。,其他违法行为,(6-8) 法条不含书名号 | 法条: 本机关决定给予责令改正
本机关对你(单位)作出如下行政处罚:罚款,其他,ai,True,<泛类型>,未提供任何具体违法事实内容。,其他违法行为,(6-8) 法条不含书名号 | 法条: 本机关对你(单位)作出如下行政处罚:罚款
本机关对你(单位)作出罚款,其他,ai,True,<泛类型>,仅有处罚表述，无法判断具体类型。,其他违法行为,(6-8) 法条不含书名号 | 法条: 本机关对你(单位)作出罚款
本机关对你(单位)处以罚款,其他,ai,True,<泛类型>,仅有处罚表述，无具体案由信息。,其他违法行为,(6-5) 处罚措施描述 | 匹配模式: '处以罚款' | 法条: 本机关对你(单位)处以罚款
本机关对你单位做出处以2万元(贰万元整)罚款,其他,ai,True,<泛类型>,仅有处罚金额描述，无法判断类型。,其他违法行为,(6-5) 处罚措施描述 | 匹配模式: '处以2万元(贰万元整)罚款' | 法条: 本机关对你单位做出处以2万元(贰万元整)罚款
本机关拟作出罚款,其他,ai,True,<泛类型>,仅有拟罚款表述，无法判断具体类型。,其他违法行为,(6-8) 法条不含书名号 | 法条: 本机关拟作出罚款
本机关拟做出罚款,其他,ai,True,<泛类型>,仅有处罚表述，无具体违法行为描述。,其他违法行为,(6-8) 法条不含书名号 | 法条: 本机关拟做出罚款
本机关拟对你(单位)作出处以人民币伍万元行政罚款,其他,ai,True,<泛类型>,无具体违法事实描述，无法判断。,其他违法行为,(6-5) 处罚措施描述 | 匹配模式: '处以人民币伍万元行政罚款' | 法条: 本机关拟对你(单位)作出处以人民币伍万元行政罚款
本机关接到乘客投诉,交通运输违规,ai,True,(匹配)交通运输,涉及乘客投诉，推定为运输服务纠纷。,交通运输违规,(6-8) 法条不含书名号 | 法条: 本机关接到乘客投诉
本机关接到市民投诉,其他,ai,True,<泛类型>,仅有投诉表述，无法判断类型。,其他违法行为,(6-8) 法条不含书名号 | 法条: 本机关接到市民投诉
本机关接到群众举报,其他,ai,True,<泛类型>,未提供具体条文内容，无法判断。,其他违法行为,(6-8) 法条不含书名号 | 法条: 本机关接到群众举报
本机关根据《中华人民共和国水法》第六十九条第一款第一项,环境保护,ai,True,<泛类型>,《水法》条款直接规制水资源。,水资源,(6-7) 泛型法条被AI分为具体分类'环境保护'，应删除 | 原标记: <泛类型> | 法条: 本机关根据《中华人民共和国水法》第六十九条第一款第一项
本机关现依法作出如下行政处罚决定:处罚款,其他,ai,True,<泛类型>,仅见处罚款表述，无法判断具体类型。,其他违法行为,(6-8) 法条不含书名号 | 法条: 本机关现依法作出如下行政处罚决定:处罚款
本机关现决定对此项,其他,ai,True,<泛类型>,仅有程序性表述，无法判断具体类型。,其他违法行为,(6-8) 法条不含书名号 | 法条: 本机关现决定对此项
本机关责令改正,其他,ai,True,<泛类型>,仅有“责令改正”措辞，信息不足。,其他违法行为,(6-8) 法条不含书名号 | 法条: 本机关责令改正
本行政机关决定对该单位作出罚款,其他,ai,True,<泛类型>,仅见罚款措辞，无法判断具体领域。,其他违法行为,(6-8) 法条不含书名号 | 法条: 本行政机关决定对该单位作出罚款
机关执法人员通过网上稽查发现当事人滴滴出行科技有限公司通过滴滴出行网络预约出租汽车平台向刘建辉派单(订单编号35214501365914)。经查:2020年06月16日22时49分,交通运输,ai,True,<泛类型>,网约车派单行为涉道路运输管理。,交通运输违规,(6-7) 泛型法条被AI分为具体分类'交通运输'，应删除 | 原标记: <泛类型> | 法条: 机关执法人员通过网上稽查发现当事人滴滴出行科技有限公司通过滴滴出行网络预约出租汽车平台向刘建辉派单(...
机关执法人员通过网上稽查发现当事人滴滴出行科技有限公司通过滴滴出行网络预约出租汽车平台向赵福华派单(订单编号35214450116309)。经查:2020年06月16日07时37分,交通运输,ai,True,<泛类型>,涉及网约车平台派单行为。,交通运输违规,(6-7) 泛型法条被AI分为具体分类'交通运输'，应删除 | 原标记: <泛类型> | 法条: 机关执法人员通过网上稽查发现当事人滴滴出行科技有限公司通过滴滴出行网络预约出租汽车平台向赵福华派单(...
构成2005年《证券法》第二百零八条第一款,金融/账户,ai,True,<泛类型>,证券法处罚条款，一般涉证券账户交易。,金融/账户,(6-7) 泛型法条被AI分为具体分类'金融/账户'，应删除 | 原标记: <泛类型> | 法条: 构成2005年《证券法》第二百零八条第一款
构成《中华人民共和国海关行政处罚实施条例》第十八条第一款第(四)项,海关/进出口,ai,True,<泛类型>,《海关行政处罚实施条例》下违反行为。,海关/进出口,(6-7) 泛型法条被AI分为具体分类'海关/进出口'，应删除 | 原标记: <泛类型> | 法条: 构成《中华人民共和国海关行政处罚实施条例》第十八条第一款第(四)项
构成《中华人民共和国海关行政处罚实施条例》第十四条第一款,海关/进出口,ai,True,<泛类型>,《海关行政处罚实施条例》属海关领域。,海关/进出口,(6-7) 泛型法条被AI分为具体分类'海关/进出口'，应删除 | 原标记: <泛类型> | 法条: 构成《中华人民共和国海关行政处罚实施条例》第十四条第一款
构成《证券法》第一百九十五条,金融/账户,ai,True,<泛类型>,证券法条款，属证券交易违法。,金融/账户,(6-7) 泛型法条被AI分为具体分类'金融/账户'，应删除 | 原标记: <泛类型> | 法条: 构成《证券法》第一百九十五条
构成不落实单位内部保卫条,治安管理,ai,True,<泛类型>,涉及单位内部治安保卫责任不落实。,治安管理,(6-7) 泛型法条被AI分为具体分类'治安管理'，应删除 | 原标记: <泛类型> | 法条: 构成不落实单位内部保卫条
构成了2005年《证券法》第一百九十三条,金融/账户,ai,True,<泛类型>,《证券法》系金融证券领域违法。,金融/账户,(6-7) 泛型法条被AI分为具体分类'金融/账户'，应删除 | 原标记: <泛类型> | 法条: 构成了2005年《证券法》第一百九十三条
构成了《中华人民共和国公司法》第二百一十一条,财税与金融监管,ai,True,<泛类型>,公司法第二百一十一条主要规范会计账簿。,会计/账务,(6-7) 泛型法条被AI分为具体分类'财税与金融监管'，应删除 | 原标记: <泛类型> | 法条: 构成了《中华人民共和国公司法》第二百一十一条
构成经销的商品印有未经核准注册商品条,侵犯商标/知识产权,ai,True,<泛类型>,商品标识未经核准注册使用。,侵犯商标/知识产权,(6-7) 泛型法条被AI分为具体分类'侵犯商标/知识产权'，应删除 | 原标记: <泛类型> | 法条: 构成经销的商品印有未经核准注册商品条
构成违反规定条,其他,ai,True,<泛类型>,条文内容缺失，无法判断具体类型。,其他违法行为,(6-8) 法条不含书名号 | 法条: 构成违反规定条
根据《中华人民共和国公司法》第二百一十一条第一款,财税与金融监管,ai,True,<泛类型>,公司法该条多涉及会计账簿义务。,会计/账务,(6-7) 泛型法条被AI分为具体分类'财税与金融监管'，应删除 | 原标记: <泛类型> | 法条: 根据《中华人民共和国公司法》第二百一十一条第一款
根据《中华人民共和国建筑法》第七十四条,建设工程与房地产,ai,True,<泛类型>,依据《建筑法》，属建筑施工管理。,建设工程,(6-7) 泛型法条被AI分为具体分类'建设工程与房地产'，应删除 | 原标记: <泛类型> | 法条: 根据《中华人民共和国建筑法》第七十四条
根据《中华人民共和国建筑法》第六十七条,建设工程与房地产,ai,True,<泛类型>,依据建筑法规定，属建设活动管理。,建设工程,(6-7) 泛型法条被AI分为具体分类'建设工程与房地产'，应删除 | 原标记: <泛类型> | 法条: 根据《中华人民共和国建筑法》第六十七条
根据《中华人民共和国水法》第六十九条,环境保护,ai,True,<泛类型>,适用《水法》第六十九条水事违法。,水资源,(6-7) 泛型法条被AI分为具体分类'环境保护'，应删除 | 原标记: <泛类型> | 法条: 根据《中华人民共和国水法》第六十九条
根据《中华人民共和国水法》第六十九条第(二)项,环境保护,ai,True,<泛类型>,《水法》规范取用水等水资源行为。,水资源,(6-7) 泛型法条被AI分为具体分类'环境保护'，应删除 | 原标记: <泛类型> | 法条: 根据《中华人民共和国水法》第六十九条第(二)项
根据《中华人民共和国水法》第六十九条第一款,环境保护,ai,True,<泛类型>,《水法》属水资源管理法律。,水资源,(6-7) 泛型法条被AI分为具体分类'环境保护'，应删除 | 原标记: <泛类型> | 法条: 根据《中华人民共和国水法》第六十九条第一款
根据《中华人民共和国水法》第六十五条第二款,环境保护,ai,True,<泛类型>,《水法》条款直接规制水资源行为。,水资源,(6-7) 泛型法条被AI分为具体分类'环境保护'，应删除 | 原标记: <泛类型> | 法条: 根据《中华人民共和国水法》第六十五条第二款
根据《云南省滇池保护条例》第六十一条,环境保护,ai,True,<泛类型>,滇池保护条例属地方环境保护法规。,环境保护,(6-7) 泛型法条被AI分为具体分类'环境保护'，应删除 | 原标记: <泛类型> | 法条: 根据《云南省滇池保护条例》第六十一条
根据《互联网上网服务营业场所管理条例》第三十二条第(三)项,公共文化与传媒,ai,True,<泛类型>,属网吧管理规定，文化管理范畴。,公共文化与传媒,(6-7) 泛型法条被AI分为具体分类'公共文化与传媒'，应删除 | 原标记: <泛类型> | 法条: 根据《互联网上网服务营业场所管理条例》第三十二条第(三)项
根据《北京市机动车停车管理办法》第三十二条第二款,交通运输,ai,True,<泛类型>,机动车停车管理办法属交通管理领域。,交通运输违规,(6-7) 泛型法条被AI分为具体分类'交通运输'，应删除 | 原标记: <泛类型> | 法条: 根据《北京市机动车停车管理办法》第三十二条第二款
根据《北京市集中空调通风系统卫生管理办法》第十九条第一款,卫生健康,ai,True,<泛类型>,集中空调卫生管理，属公共卫生。,医疗卫生,(6-7) 泛型法条被AI分为具体分类'卫生健康'，应删除 | 原标记: <泛类型> | 法条: 根据《北京市集中空调通风系统卫生管理办法》第十九条第一款
根据《危险性较大的分部分项,建设工程与房地产,ai,True,<泛类型>,涉及危险性较大分部分项工程管理规范。,建设工程,(6-7) 泛型法条被AI分为具体分类'建设工程与房地产'，应删除 | 原标记: <泛类型> | 法条: 根据《危险性较大的分部分项
根据《宁夏回族自治区建筑管理条,建设工程与房地产,ai,True,<泛类型>,依据地方建筑管理条文，属建设活动。,建设工程,(6-7) 泛型法条被AI分为具体分类'建设工程与房地产'，应删除 | 原标记: <泛类型> | 法条: 根据《宁夏回族自治区建筑管理条
根据《山东省供热条例》第44条,*供热服务管理*,ai,True,<泛类型>,依据供热条例规范供热行为。,*供热服务管理*,(6-6) AI分类含星号'*供热服务管理*'，分类不确定 | 法条: 根据《山东省供热条例》第44条
根据《山东省建筑市场管理条例》第四十九条第四项,建设工程与房地产,ai,True,<泛类型>,依据建筑市场管理条例，属建设活动。,建设工程,(6-7) 泛型法条被AI分为具体分类'建设工程与房地产'，应删除 | 原标记: <泛类型> | 法条: 根据《山东省建筑市场管理条例》第四十九条第四项
根据《工商行政管理机关行政处罚程序规定》第十六、十七、十八条,其他,ai,True,<泛类型>,仅提程序规定，无法对应具体领域。,其他违法行为,(6-5) 程序性，不含实体违规 | 匹配模式: '行政处罚程序' | 法条: 根据《工商行政管理机关行政处罚程序规定》第十六、十七、十八条
根据《市场监督管理行政处罚程序规定》第十八条,其他,ai,True,<泛类型>,仅为程序规定条款，无法细分。,其他违法行为,(6-5) 程序性，不含实体违规 | 匹配模式: '行政处罚程序' | 法条: 根据《市场监督管理行政处罚程序规定》第十八条
根据《广东省水土保持条例》第四十二条,环境保护,ai,True,<泛类型>,水土保持属生态环境保护范畴。,环境保护,(6-7) 泛型法条被AI分为具体分类'环境保护'，应删除 | 原标记: <泛类型> | 法条: 根据《广东省水土保持条例》第四十二条
根据《检验检测机构监督管理办法》第二十五条,产品质量与安全,ai,True,<泛类型>,检验检测机构监管，直接关联产品质量。,产品质量,(6-7) 泛型法条被AI分为具体分类'产品质量与安全'，应删除 | 原标记: <泛类型> | 法条: 根据《检验检测机构监督管理办法》第二十五条
根据《水行政许可实施办法》第五十八条,环境保护,ai,True,<泛类型>,依据水行政许可办法，属水事管理。,水资源,(6-7) 泛型法条被AI分为具体分类'环境保护'，应删除 | 原标记: <泛类型> | 法条: 根据《水行政许可实施办法》第五十八条
根据《深圳市建筑废弃物管理办法》第五十四条第(二)项,环境保护,ai,True,<泛类型>,建筑废弃物管理，本质属环境管理。,环境保护,(6-7) 泛型法条被AI分为具体分类'环境保护'，应删除 | 原标记: <泛类型> | 法条: 根据《深圳市建筑废弃物管理办法》第五十四条第(二)项
根据《生猪屠宰管理条例》第三十二条,产品质量与安全,ai,True,<泛类型>,《生猪屠宰管理条例》属食品安全监管。,食品药品,(6-7) 泛型法条被AI分为具体分类'产品质量与安全'，应删除 | 原标记: <泛类型> | 法条: 根据《生猪屠宰管理条例》第三十二条
根据《粮食流通管理条例》第四十三条,粮食/储备粮管理,ai,True,<泛类型>,依据粮食流通管理条例第四十三条。,粮食/储备粮管理,(6-7) 泛型法条被AI分为具体分类'粮食/储备粮管理'，应删除 | 原标记: <泛类型> | 法条: 根据《粮食流通管理条例》第四十三条
根据《网络预约出租汽车经营服务管理暂行办法》第三十五条第(一)项,交通运输,ai,True,<泛类型>,网约车经营管理办法属道路运输管理。,交通运输违规,(6-7) 泛型法条被AI分为具体分类'交通运输'，应删除 | 原标记: <泛类型> | 法条: 根据《网络预约出租汽车经营服务管理暂行办法》第三十五条第(一)项
根据《邮件快件实名收寄管理办法》第十九条第五项,网络/数据安全,ai,True,<泛类型>,实名收寄涉及用户身份与数据管理。,网络/数据安全,(6-7) 泛型法条被AI分为具体分类'网络/数据安全'，应删除 | 原标记: <泛类型> | 法条: 根据《邮件快件实名收寄管理办法》第十九条第五项
根据《重庆市建筑管理条例》第六十六条,建设工程与房地产,ai,True,<泛类型>,依据地方建筑管理条例属建设活动管理。,建设工程,(6-7) 泛型法条被AI分为具体分类'建设工程与房地产'，应删除 | 原标记: <泛类型> | 法条: 根据《重庆市建筑管理条例》第六十六条
根据依据《重庆市建筑管理条,建设工程与房地产,ai,True,<泛类型>,依据地方建筑管理条款，属建设工程。,建设工程,(6-7) 泛型法条被AI分为具体分类'建设工程与房地产'，应删除 | 原标记: <泛类型> | 法条: 根据依据《重庆市建筑管理条
根据情节对你单位处以1050元罚款,其他,ai,True,<泛类型>,仅有罚款金额描述，无法判断类型。,其他违法行为,(6-5) 处罚措施描述 | 匹配模式: '处以1050元罚款' | 法条: 根据情节对你单位处以1050元罚款
根据本办法第四十二条,其他,ai,True,<泛类型>,仅提条款序号，无实质内容可判。,其他违法行为,(6-8) 法条不含书名号 | 法条: 根据本办法第四十二条
根据本法第一百七十二条第一项,其他,ai,True,<泛类型>,仅指条款序号无法判断具体领域。,其他违法行为,(6-8) 法条不含书名号 | 法条: 根据本法第一百七十二条第一项
根据本法第一百六十二条,其他,ai,True,<泛类型>,仅给出条号，无具体违法内容信息。,其他违法行为,(6-8) 法条不含书名号 | 法条: 根据本法第一百六十二条
根据此法第一百零八条第五项,其他,ai,True,<泛类型>,仅见条款序号，无具体行为内容。,其他违法行为,(6-8) 法条不含书名号 | 法条: 根据此法第一百零八条第五项
根据该办法第三十四条规定,其他,ai,True,<泛类型>,仅有条款序号，无具体违法内容。,其他违法行为,(6-8) 法条不含书名号 | 法条: 根据该办法第三十四条规定
根据该法第一百七十条第一项的规定,其他,ai,True,<泛类型>,仅提及条款序号，无法判断内容。,其他违法行为,(6-8) 法条不含书名号 | 法条: 根据该法第一百七十条第一项的规定
根据该法第一百七十条第三项的规定,其他,ai,True,<泛类型>,仅提及条款序号，无具体内容。,其他违法行为,(6-8) 法条不含书名号 | 法条: 根据该法第一百七十条第三项的规定
根据该法规第四十八条,其他,ai,True,<泛类型>,仅给出条款序号无法判断内容。,其他违法行为,(6-8) 法条不含书名号 | 法条: 根据该法规第四十八条
根据违法情节,其他,ai,True,<泛类型>,未提供具体条文内容，无法细分。,其他违法行为,(6-8) 法条不含书名号 | 法条: 根据违法情节
检查当日,其他,ai,True,<泛类型>,仅有“检查当日”字样无法判断具体类别。,其他违法行为,(6-8) 法条不含书名号 | 法条: 检查当日
检查调整后的所得额应为-139332.98元,其他,ai,True,<泛类型>,仅为负所得额调整，无违法事实。,不予处罚,(6-8) 法条不含书名号 | 法条: 检查调整后的所得额应为-139332.98元
检测结论：依据Q/CWS 38-2019《0.62%四氟甲醚菊酯电热蚊香液》,产品质量与安全,ai,True,<泛类型>,依据产品企业标准判定质量问题。,产品质量,(6-7) 泛型法条被AI分为具体分类'产品质量与安全'，应删除 | 原标记: <泛类型> | 法条: 检测结论：依据Q/CWS 38-2019《0.62%四氟甲醚菊酯电热蚊香液》
检验结论为:经抽样检验,其他,ai,True,<泛类型>,仅有检验结论语句，无法判断具体领域。,其他违法行为,(6-8) 法条不含书名号 | 法条: 检验结论为:经抽样检验
此行为决定给予罚款,其他,ai,True,<泛类型>,仅有“罚款”表述，无法具体判断。,其他违法行为,(6-8) 法条不含书名号 | 法条: 此行为决定给予罚款
每增加1立方米增加罚款,其他,ai,True,<泛类型>,仅见罚款量化表述，无法判断领域。,其他违法行为,(6-8) 法条不含书名号 | 法条: 每增加1立方米增加罚款
每增加5db,计量/器具,ai,True,<泛类型>,“每增加5db”涉及计量标准与器具使用。,计量/器具,(6-7) 泛型法条被AI分为具体分类'计量/器具'，应删除 | 原标记: <泛类型> | 法条: 每增加5db
每日将按罚款数额的3%加处罚款,财税与金融监管,ai,True,<泛类型>,3%按日加罚多见于税收滞纳金。,税收违规,(6-5) 处罚措施描述 | 匹配模式: '加处罚款' | 法条: 每日将按罚款数额的3%加处罚款
每日按未缴纳罚款数额的百分之三加处罚款,其他,ai,True,<泛类型>,仅涉罚款加处罚，无具体领域。,其他违法行为,(6-5) 处罚措施描述 | 匹配模式: '加处罚款' | 法条: 每日按未缴纳罚款数额的百分之三加处罚款
每日按罚款,其他,ai,True,<泛类型>,仅有“每日按罚款”，无法判断具体领域。,其他违法行为,(6-8) 法条不含书名号 | 法条: 每日按罚款
每日按罚款数额的3%加处罚款,财税与金融监管,ai,True,<泛类型>,按日加收滞纳金系税收罚款方式】,税收违规,(6-5) 处罚措施描述 | 匹配模式: '加处罚款' | 法条: 每日按罚款数额的3%加处罚款
每日按罚款数额的3加处罚款,其他,ai,True,<泛类型>,仅提罚款计算方式，无法细分类型。,其他违法行为,(6-5) 处罚措施描述 | 匹配模式: '加处罚款' | 法条: 每日按罚款数额的3加处罚款
每日按罚款数额的百分之三加处罚款,财税与金融监管,ai,True,<泛类型>,按日加罚款常见于税收滞纳金。,税收违规,(6-5) 处罚措施描述 | 匹配模式: '加处罚款' | 法条: 每日按罚款数额的百分之三加处罚款
每日按罚没款数额的3%加处罚款,财税与金融监管,ai,True,<泛类型>,罚没款按日计息式加罚，多见金融领域。,金融/信贷违规,(6-5) 处罚措施描述 | 匹配模式: '加处罚款' | 法条: 每日按罚没款数额的3%加处罚款
每超1000千克罚款,其他,ai,True,<泛类型>,仅有罚款表述，无法判断领域。,其他违法行为,(6-8) 法条不含书名号 | 法条: 每超1000千克罚款
民场检查,其他,ai,True,<泛类型>,仅有“民场检查”，无法判断具体类别。,其他违法行为,(6-8) 法条不含书名号 | 法条: 民场检查
没收违法所得,其他,ai,True,<泛类型>,仅见没收违法所得，无法细分类别。,其他违法行为,(6-8) 法条不含书名号 | 法条: 没收违法所得
没收违法所得110元,其他,ai,True,<泛类型>,仅没收违法所得金额，无法判断类型。,其他违法行为,(6-8) 法条不含书名号 | 法条: 没收违法所得110元
没收违法所得8242元,其他,ai,True,<泛类型>,仅表述没收违法所得，无法判断类型。,其他违法行为,(6-8) 法条不含书名号 | 法条: 没收违法所得8242元
没收违法生产的产品,产品质量与安全,ai,True,<泛类型>,涉及违法生产产品被没收，属产品质量。,产品质量,(6-7) 泛型法条被AI分为具体分类'产品质量与安全'，应删除 | 原标记: <泛类型> | 法条: 没收违法生产的产品
没有规定罚款,其他,ai,True,<泛类型>,条文仅说明无罚款规定，不处罚。,不予处罚,(6-8) 法条不含书名号 | 法条: 没有规定罚款
法律规范条款只规定罚款上限,其他,ai,True,<泛类型>,仅见罚款上限描述，无法细分。,其他违法行为,(6-8) 法条不含书名号 | 法条: 法律规范条款只规定罚款上限
涉嫌价格欺诈。执法人员于2020年7月1日对当事人的经营场所进行现场检查,价格/收费,ai,True,(匹配)市场秩序与竞争监管,案由明确涉嫌价格欺诈行为。,价格/收费,(6-8) 法条不含书名号 | 法条: 涉嫌价格欺诈。执法人员于2020年7月1日对当事人的经营场所进行现场检查
现依据《危险性较大的分部分项,建设工程与房地产,ai,True,<泛类型>,涉及危险性较大分部分项工程管理。,建设工程,(6-7) 泛型法条被AI分为具体分类'建设工程与房地产'，应删除 | 原标记: <泛类型> | 法条: 现依据《危险性较大的分部分项
现决定对你作出罚款,其他,ai,True,<泛类型>,仅有罚款决定表述，无法判断类型。,其他违法行为,(6-8) 法条不含书名号 | 法条: 现决定对你作出罚款
现决定对当事人作出如下行政处罚:罚款,其他,ai,True,<泛类型>,仅有罚款表述，无法判断具体类型。,其他违法行为,(6-8) 法条不含书名号 | 法条: 现决定对当事人作出如下行政处罚:罚款
现决定对扬中金州水务有限公司罚款,其他,ai,True,<泛类型>,仅见罚款决定，无具体违法内容。,其他违法行为,(6-8) 法条不含书名号 | 法条: 现决定对扬中金州水务有限公司罚款
现决定给予东莞实英电子有限公司罚款,其他,ai,True,<泛类型>,仅有罚款决定，无法判断具体类型。,其他违法行为,(6-8) 法条不含书名号 | 法条: 现决定给予东莞实英电子有限公司罚款
现决定给予东莞市兆昌洗漂厂罚款,其他,ai,True,<泛类型>,仅有处罚决定语句，无法判断领域。,其他违法行为,(6-8) 法条不含书名号 | 法条: 现决定给予东莞市兆昌洗漂厂罚款
现决定给予东莞市松益塑胶有限公司罚款,其他,ai,True,<泛类型>,仅有罚款决定，无任何案由信息。,其他违法行为,(6-8) 法条不含书名号 | 法条: 现决定给予东莞市松益塑胶有限公司罚款
现决定给予东莞市现代物业管理有限公司罚款,建筑使用安全,ai,True,(匹配)其他,仅有处罚决定，无涉案事实细节。,其他违法行为,(6-8) 法条不含书名号 | 法条: 现决定给予东莞市现代物业管理有限公司罚款
现决定给予东莞市科隆家具有限公司罚款,其他,ai,True,<泛类型>,仅有罚款决定，无具体违法内容。,其他违法行为,(6-8) 法条不含书名号 | 法条: 现决定给予东莞市科隆家具有限公司罚款
现决定给予东莞市联屹实业有限公司罚款人民币壹万捌仟伍佰元整;合并执行:处罚款,其他,ai,True,<泛类型>,仅有罚款金额描述，无法判断类型。,其他违法行为,(6-8) 法条不含书名号 | 法条: 现决定给予东莞市联屹实业有限公司罚款人民币壹万捌仟伍佰元整;合并执行:处罚款
现决定给予东莞源泰运动器材有限公司罚款,其他,ai,True,<泛类型>,仅有处罚决定语句，无法判断类型。,其他违法行为,(6-8) 法条不含书名号 | 法条: 现决定给予东莞源泰运动器材有限公司罚款
现决定给予东莞直兴鞋材有限公司罚款,其他,ai,True,<泛类型>,仅有处罚决定，无法判断具体领域。,其他违法行为,(6-8) 法条不含书名号 | 法条: 现决定给予东莞直兴鞋材有限公司罚款
现决定给予中海宏洋物业管理有限公司罚款,建筑使用安全,ai,True,(匹配)其他,仅有处罚决定语句，无法判断具体类型。,其他违法行为,(6-8) 法条不含书名号 | 法条: 现决定给予中海宏洋物业管理有限公司罚款
现决定给予临沂康都瓷业有限公司罚款,其他,ai,True,<泛类型>,仅有罚款决定，未提及具体领域。,其他违法行为,(6-8) 法条不含书名号 | 法条: 现决定给予临沂康都瓷业有限公司罚款
现决定给予乌海市宏阳焦化有限责任公司罚款,其他,ai,True,<泛类型>,仅有罚款决定，无法判断类型。,其他违法行为,(6-8) 法条不含书名号 | 法条: 现决定给予乌海市宏阳焦化有限责任公司罚款
现决定给予云南云电阳光物业管理有限公司罚款,建筑使用安全,ai,True,(匹配)其他,仅有处罚决定语句，无法判断类型。,其他违法行为,(6-8) 法条不含书名号 | 法条: 现决定给予云南云电阳光物业管理有限公司罚款
现决定给予云南胜威化工有限公司罚款,安全生产,ai,True,<泛类型>,企业名称含化工，推断涉危化安全。,安全生产/危化品,(6-7) 泛型法条被AI分为具体分类'安全生产'，应删除 | 原标记: <泛类型> | 法条: 现决定给予云南胜威化工有限公司罚款
现决定给予今晨集团有限公司罚款,其他,ai,True,<泛类型>,仅出现罚款决定，无法判断类型。,其他违法行为,(6-8) 法条不含书名号 | 法条: 现决定给予今晨集团有限公司罚款
现决定给予保亭创基物业服务有限公司罚款,其他,ai,True,<泛类型>,仅有处罚决定表述，无法判断具体领域。,其他违法行为,(6-8) 法条不含书名号 | 法条: 现决定给予保亭创基物业服务有限公司罚款
现决定给予信达投资有限公司罚款,其他,ai,True,<泛类型>,仅有处罚结果，无具体违法内容。,其他违法行为,(6-8) 法条不含书名号 | 法条: 现决定给予信达投资有限公司罚款
现决定给予兰州银大百货有限公司处罚款,其他,ai,True,<泛类型>,仅有处罚决定表述，无法判断类型。,其他违法行为,(6-8) 法条不含书名号 | 法条: 现决定给予兰州银大百货有限公司处罚款
现决定给予内蒙古华奥化工有限公司罚款,其他,ai,True,<泛类型>,仅有罚款决定语，无具体违法信息。,其他违法行为,(6-8) 法条不含书名号 | 法条: 现决定给予内蒙古华奥化工有限公司罚款
现决定给予内蒙古恒业成有机硅有限公司罚款,其他,ai,True,<泛类型>,仅有罚款决定，无具体违法内容。,其他违法行为,(6-8) 法条不含书名号 | 法条: 现决定给予内蒙古恒业成有机硅有限公司罚款
现决定给予内蒙古邦诚电子技术服务有限公司罚款,其他,ai,True,<泛类型>,仅有处罚决定语句，无法判断具体类型。,其他违法行为,(6-8) 法条不含书名号 | 法条: 现决定给予内蒙古邦诚电子技术服务有限公司罚款
现决定给予化德县中泰镍铁有限公司罚款,其他,ai,True,<泛类型>,仅有罚款决定，未体现具体事项。,其他违法行为,(6-8) 法条不含书名号 | 法条: 现决定给予化德县中泰镍铁有限公司罚款
现决定给予北京东华慧科物业服务有限公司罚款,其他,ai,True,<泛类型>,仅有处罚决定表述，无法判断具体领域。,其他违法行为,(6-8) 法条不含书名号 | 法条: 现决定给予北京东华慧科物业服务有限公司罚款
现决定给予北京中通北祥快递服务有限公司罚款,交通运输违规,ai,True,(匹配)其他,仅有处罚决定语句，无法判断具体类型。,其他违法行为,(6-8) 法条不含书名号 | 法条: 现决定给予北京中通北祥快递服务有限公司罚款
现决定给予北京九洲通电缆厂罚款,其他,ai,True,<泛类型>,仅有罚款决议，无具体违法内容。,其他违法行为,(6-8) 法条不含书名号 | 法条: 现决定给予北京九洲通电缆厂罚款
现决定给予北京五棵松饭店有限公司罚款,其他,ai,True,<泛类型>,仅有处罚决定语句，无法判断类型。,其他违法行为,(6-8) 法条不含书名号 | 法条: 现决定给予北京五棵松饭店有限公司罚款
现决定给予北京住总装饰有限责任公司罚款,其他,ai,True,<泛类型>,仅有处罚决定表述，无法判断具体领域。,其他违法行为,(6-8) 法条不含书名号 | 法条: 现决定给予北京住总装饰有限责任公司罚款
现决定给予北京兴城发卡工贸有限公司罚款,其他,ai,True,<泛类型>,仅有处罚决定语句，无法判断具体领域。,其他违法行为,(6-8) 法条不含书名号 | 法条: 现决定给予北京兴城发卡工贸有限公司罚款
现决定给予北京利和制药有限公司处罚款,产品质量与安全,ai,True,<泛类型>,企业名称含“制药”，推定药品相关。,食品药品,(6-7) 泛型法条被AI分为具体分类'产品质量与安全'，应删除 | 原标记: <泛类型> | 法条: 现决定给予北京利和制药有限公司处罚款
现决定给予北京博瑞家具有限公司处罚款,其他,ai,True,<泛类型>,仅有处罚决定表述，无法判断类型。,其他违法行为,(6-8) 法条不含书名号 | 法条: 现决定给予北京博瑞家具有限公司处罚款
现决定给予北京国泰永盛科技发展有限公司罚款,其他,ai,True,<泛类型>,仅有处罚决定语句，无法判断类型。,其他违法行为,(6-8) 法条不含书名号 | 法条: 现决定给予北京国泰永盛科技发展有限公司罚款
现决定给予北京城建亚泰建设集团有限公司罚款,建设工程与房地产,ai,True,<泛类型>,涉及建设集团公司被罚款，属建筑领域。,建设工程,(6-7) 泛型法条被AI分为具体分类'建设工程与房地产'，应删除 | 原标记: <泛类型> | 法条: 现决定给予北京城建亚泰建设集团有限公司罚款
现决定给予北京天龙海三联科贸有限公司罚款,其他,ai,True,<泛类型>,仅有处罚决定表述，无法判断类型。,其他违法行为,(6-8) 法条不含书名号 | 法条: 现决定给予北京天龙海三联科贸有限公司罚款
现决定给予北京奥达服饰有限公司罚款,其他,ai,True,<泛类型>,仅有罚款结果，无具体违法内容。,其他违法行为,(6-8) 法条不含书名号 | 法条: 现决定给予北京奥达服饰有限公司罚款
现决定给予北京妫川双信商城有限公司处罚款,其他,ai,True,<泛类型>,仅见处罚决定用语，无法判断类型。,其他违法行为,(6-8) 法条不含书名号 | 法条: 现决定给予北京妫川双信商城有限公司处罚款
现决定给予北京安通林汽车饰件有限公司罚款,其他,ai,True,<泛类型>,仅有处罚决定语句，无法判断类型。,其他违法行为,(6-8) 法条不含书名号 | 法条: 现决定给予北京安通林汽车饰件有限公司罚款
现决定给予北京尊宝成置业有限公司罚款,其他,ai,True,<泛类型>,仅有罚款决定，无具体违法内容。,其他违法行为,(6-8) 法条不含书名号 | 法条: 现决定给予北京尊宝成置业有限公司罚款
现决定给予北京康辉服饰有限公司罚款,其他,ai,True,<泛类型>,仅有罚款决定，缺乏具体案情。,其他违法行为,(6-8) 法条不含书名号 | 法条: 现决定给予北京康辉服饰有限公司罚款
现决定给予北京惠通顺商贸有限公司罚款,其他,ai,True,<泛类型>,仅含处罚决定语，无具体案由。,其他违法行为,(6-8) 法条不含书名号 | 法条: 现决定给予北京惠通顺商贸有限公司罚款
现决定给予北京明德嘉业装饰材料有限公司罚款,其他,ai,True,<泛类型>,仅有处罚决定表述，无法具体判断。,其他违法行为,(6-8) 法条不含书名号 | 法条: 现决定给予北京明德嘉业装饰材料有限公司罚款
现决定给予北京星岛置业有限公司罚款,其他,ai,True,<泛类型>,仅有罚款决定语句，无法判断具体类型。,其他违法行为,(6-8) 法条不含书名号 | 法条: 现决定给予北京星岛置业有限公司罚款
现决定给予北京汇源生物科技有限公司罚款,其他,ai,True,<泛类型>,仅有罚款决定，无具体违法事项。,其他违法行为,(6-8) 法条不含书名号 | 法条: 现决定给予北京汇源生物科技有限公司罚款
现决定给予北京艺能海桥文化有限公司处罚款,其他,ai,True,<泛类型>,仅有罚款决定，无具体违法内容。,其他违法行为,(6-8) 法条不含书名号 | 法条: 现决定给予北京艺能海桥文化有限公司处罚款
现决定给予北京鑫港亿家家政服务有限公司罚款,其他,ai,True,<泛类型>,仅有罚款结果，未见具体违法情形。,其他违法行为,(6-8) 法条不含书名号 | 法条: 现决定给予北京鑫港亿家家政服务有限公司罚款
现决定给予北京雁栖万方餐饮有限公司罚款,食品药品,ai,True,(匹配)其他,仅有处罚决定语句，无法判断类型。,其他违法行为,(6-8) 法条不含书名号 | 法条: 现决定给予北京雁栖万方餐饮有限公司罚款
现决定给予北京雅仕龙安轻钢板材有限公司罚款,其他,ai,True,<泛类型>,仅有罚款决定，无具体违法内容说明。,其他违法行为,(6-8) 法条不含书名号 | 法条: 现决定给予北京雅仕龙安轻钢板材有限公司罚款
现决定给予南京安居物业有限公司罚款,其他,ai,True,<泛类型>,仅有处罚决定表述，无法判断类型。,其他违法行为,(6-8) 法条不含书名号 | 法条: 现决定给予南京安居物业有限公司罚款
现决定给予哈尔滨海迅投资有限公司罚款,其他,ai,True,<泛类型>,仅见罚款决定，无具体违法内容描述。,其他违法行为,(6-8) 法条不含书名号 | 法条: 现决定给予哈尔滨海迅投资有限公司罚款
现决定给予唐秋明罚款,其他,ai,True,<泛类型>,仅有处罚决定表述，无法细分。,其他违法行为,(6-8) 法条不含书名号 | 法条: 现决定给予唐秋明罚款
现决定给予四川关家建设股份有限公司罚款,建设工程与房地产,ai,True,<泛类型>,公司名称含建设股份，推定工程领域。,建设工程,(6-7) 泛型法条被AI分为具体分类'建设工程与房地产'，应删除 | 原标记: <泛类型> | 法条: 现决定给予四川关家建设股份有限公司罚款
现决定给予四川邻南建筑劳务有限公司罚款人民币贰万元整;合并执行:处罚款,建设工程与房地产,ai,True,<泛类型>,涉建筑劳务公司，多为工程领域。,建设工程,(6-7) 泛型法条被AI分为具体分类'建设工程与房地产'，应删除 | 原标记: <泛类型> | 法条: 现决定给予四川邻南建筑劳务有限公司罚款人民币贰万元整;合并执行:处罚款
现决定给予国鼎(南通)管桩有限公司罚款,其他,ai,True,<泛类型>,仅见罚款决定语句，无法判断。,其他违法行为,(6-8) 法条不含书名号 | 法条: 现决定给予国鼎(南通)管桩有限公司罚款
现决定给予大理祥和商贸有限公司罚款,其他,ai,True,<泛类型>,仅有罚款决定，无案情细节可判。,其他违法行为,(6-8) 法条不含书名号 | 法条: 现决定给予大理祥和商贸有限公司罚款
现决定给予娄底友邻恒昌物业管理有限公司罚款,建筑使用安全,ai,True,(匹配)其他,仅有处罚决定，无具体违法内容。,其他违法行为,(6-8) 法条不含书名号 | 法条: 现决定给予娄底友邻恒昌物业管理有限公司罚款
现决定给予宁夏和瑞包装有限公司罚款,其他,ai,True,<泛类型>,仅有罚款决定，无具体违法内容。,其他违法行为,(6-8) 法条不含书名号 | 法条: 现决定给予宁夏和瑞包装有限公司罚款
现决定给予宁夏温州商城有限公司罚款,其他,ai,True,<泛类型>,只有处罚决定语句，无具体违法内容。,其他违法行为,(6-8) 法条不含书名号 | 法条: 现决定给予宁夏温州商城有限公司罚款
现决定给予山东多星电器有限公司罚款,其他,ai,True,<泛类型>,仅见罚款决定，无具体违法内容。,其他违法行为,(6-8) 法条不含书名号 | 法条: 现决定给予山东多星电器有限公司罚款
现决定给予平谷县东光纸箱厂罚款,其他,ai,True,<泛类型>,仅有处罚决定，无具体违法内容。,其他违法行为,(6-8) 法条不含书名号 | 法条: 现决定给予平谷县东光纸箱厂罚款
现决定给予广西利升石业有限公司罚款,其他,ai,True,<泛类型>,仅有罚款决定，无具体违法情形。,其他违法行为,(6-8) 法条不含书名号 | 法条: 现决定给予广西利升石业有限公司罚款
现决定给予张家口汽车修理总公司罚款,其他,ai,True,<泛类型>,仅有罚款决定，无具体违法内容。,其他违法行为,(6-8) 法条不含书名号 | 法条: 现决定给予张家口汽车修理总公司罚款
现决定给予方海洲罚款,其他,ai,True,<泛类型>,仅见处罚决定，无具体案由内容。,其他违法行为,(6-8) 法条不含书名号 | 法条: 现决定给予方海洲罚款
现决定给予昆山德邦木业有限公司罚款,其他,ai,True,<泛类型>,仅有罚款决定，未体现具体领域。,其他违法行为,(6-8) 法条不含书名号 | 法条: 现决定给予昆山德邦木业有限公司罚款
现决定给予昆山福成机械有限公司处罚款,其他,ai,True,<泛类型>,仅有处罚决定语句，无法判断类型。,其他违法行为,(6-8) 法条不含书名号 | 法条: 现决定给予昆山福成机械有限公司处罚款
现决定给予明拓集团铬业科技有限公司罚款,其他,ai,True,<泛类型>,仅见罚款决定，无具体违法内容。,其他违法行为,(6-8) 法条不含书名号 | 法条: 现决定给予明拓集团铬业科技有限公司罚款
现决定给予江苏天脉化工有限公司罚款,其他,ai,True,<泛类型>,仅有罚款信息，未体现具体违法类型。,其他违法行为,(6-8) 法条不含书名号 | 法条: 现决定给予江苏天脉化工有限公司罚款
现决定给予江苏汇达商贸有限公司罚款,其他,ai,True,<泛类型>,仅有罚款决定，无法判断具体类型。,其他违法行为,(6-8) 法条不含书名号 | 法条: 现决定给予江苏汇达商贸有限公司罚款
现决定给予沙洋顺泰塑业有限公司罚款,其他,ai,True,<泛类型>,仅有罚款决定，无具体违法情形。,其他违法行为,(6-8) 法条不含书名号 | 法条: 现决定给予沙洋顺泰塑业有限公司罚款
现决定给予河北中复玻璃钢有限公司罚款,其他,ai,True,<泛类型>,仅见罚款决定，无具体法条内容。,其他违法行为,(6-8) 法条不含书名号 | 法条: 现决定给予河北中复玻璃钢有限公司罚款
现决定给予泰州明昕微电子有限公司罚款,其他,ai,True,<泛类型>,仅有罚款决定，无具体违法内容。,其他违法行为,(6-8) 法条不含书名号 | 法条: 现决定给予泰州明昕微电子有限公司罚款
现决定给予润嘉物业管理(北京)有限公司罚款,建筑使用安全,ai,True,(匹配)其他,仅有处罚决定无具体违法内容。,其他违法行为,(6-8) 法条不含书名号 | 法条: 现决定给予润嘉物业管理(北京)有限公司罚款
现决定给予湘潭嘉乐置业有限公司罚款,其他,ai,True,<泛类型>,仅有罚款决定，无具体违法信息。,其他违法行为,(6-8) 法条不含书名号 | 法条: 现决定给予湘潭嘉乐置业有限公司罚款
现决定给予甘肃高山新能源有限公司罚款,其他,ai,True,<泛类型>,仅有处罚决定语句，无法判断。,其他违法行为,(6-8) 法条不含书名号 | 法条: 现决定给予甘肃高山新能源有限公司罚款
现决定给予祝娇燕罚款,其他,ai,True,<泛类型>,仅有处罚决定，无具体违法情节。,其他违法行为,(6-8) 法条不含书名号 | 法条: 现决定给予祝娇燕罚款
现决定给予绥宁县华硕化工有限公司罚款,安全生产,ai,True,<泛类型>,化工企业多涉危化品安全管理。,安全生产/危化品,(6-7) 泛型法条被AI分为具体分类'安全生产'，应删除 | 原标记: <泛类型> | 法条: 现决定给予绥宁县华硕化工有限公司罚款
现决定给予绥宁县益嘉木业(普通合伙)罚款,其他,ai,True,<泛类型>,仅有处罚决定语句，无法判断具体类型。,其他违法行为,(6-8) 法条不含书名号 | 法条: 现决定给予绥宁县益嘉木业(普通合伙)罚款
现决定给予罚款,其他,ai,True,<泛类型>,仅有罚款决定文字，无法判断。,其他违法行为,(6-8) 法条不含书名号 | 法条: 现决定给予罚款
现决定给予肖淼凤罚款,其他,ai,True,<泛类型>,仅有处罚决定描述，无法判断具体类型。,其他违法行为,(6-8) 法条不含书名号 | 法条: 现决定给予肖淼凤罚款
现决定给予苏州华东镀膜玻璃有限公司罚款,其他,ai,True,<泛类型>,仅有罚款决定，未体现具体领域。,其他违法行为,(6-8) 法条不含书名号 | 法条: 现决定给予苏州华东镀膜玻璃有限公司罚款
现决定给予苏州奥斯锻造有限公司罚款,其他,ai,True,<泛类型>,仅有罚款信息，无法判断具体领域。,其他违法行为,(6-8) 法条不含书名号 | 法条: 现决定给予苏州奥斯锻造有限公司罚款
现决定给予苏州市天贸建材有限公司罚款,其他,ai,True,<泛类型>,仅有罚款决定，无具体违法内容。,其他违法行为,(6-8) 法条不含书名号 | 法条: 现决定给予苏州市天贸建材有限公司罚款
现决定给予苏州市方正印业有限公司罚款,其他,ai,True,<泛类型>,仅有处罚决定描述，无法判断类型。,其他违法行为,(6-8) 法条不含书名号 | 法条: 现决定给予苏州市方正印业有限公司罚款
现决定给予苏州市立达印务有限公司罚款,其他,ai,True,<泛类型>,仅有处罚决定描述，无法细分类别。,其他违法行为,(6-8) 法条不含书名号 | 法条: 现决定给予苏州市立达印务有限公司罚款
现决定给予苏州明纬科技有限公司罚款,其他,ai,True,<泛类型>,仅有罚款决定，无具体违法内容。,其他违法行为,(6-8) 法条不含书名号 | 法条: 现决定给予苏州明纬科技有限公司罚款
现决定给予苏州韵安电器有限公司罚款,其他,ai,True,<泛类型>,仅有处罚决定语，无法判断具体类型。,其他违法行为,(6-8) 法条不含书名号 | 法条: 现决定给予苏州韵安电器有限公司罚款
现决定给予菏泽市方正技术设备安装有限公司罚款,其他,ai,True,<泛类型>,仅有罚款信息，无法判断具体类型。,其他违法行为,(6-8) 法条不含书名号 | 法条: 现决定给予菏泽市方正技术设备安装有限公司罚款
现决定给予豪烽国际鞋业有限公司罚款,其他,ai,True,<泛类型>,仅有罚款决定，无法判断类型。,其他违法行为,(6-8) 法条不含书名号 | 法条: 现决定给予豪烽国际鞋业有限公司罚款
现决定给予远纺织染(苏州)有限公司罚款,其他,ai,True,<泛类型>,仅有处罚决定，无具体违法情节。,其他违法行为,(6-8) 法条不含书名号 | 法条: 现决定给予远纺织染(苏州)有限公司罚款
现决定给予违法行为人罚款,其他,ai,True,<泛类型>,仅有处罚决定语句，无法细分类别。,其他违法行为,(6-8) 法条不含书名号 | 法条: 现决定给予违法行为人罚款
现决定给予重庆建博实业有限公司罚款,其他,ai,True,<泛类型>,仅有处罚决定语句，无法判断类型。,其他违法行为,(6-8) 法条不含书名号 | 法条: 现决定给予重庆建博实业有限公司罚款
现决定给予银川盛广汇商业经营管理有限公司罚款,其他,ai,True,<泛类型>,仅有处罚决定，无具体违法内容。,其他违法行为,(6-8) 法条不含书名号 | 法条: 现决定给予银川盛广汇商业经营管理有限公司罚款
现决定给予青创物业管理有限公司罚款,建筑使用安全,ai,True,(匹配)其他,仅有罚款决定，无具体违法内容。,其他违法行为,(6-8) 法条不含书名号 | 法条: 现决定给予青创物业管理有限公司罚款
现决定给予鹤岗市平安医院罚款,卫生健康,ai,True,<泛类型>,主体为医院，被处罚属医疗管理范围。,医疗卫生,(6-7) 泛型法条被AI分为具体分类'卫生健康'，应删除 | 原标记: <泛类型> | 法条: 现决定给予鹤岗市平安医院罚款
现决定给予龚勇龙处罚款,其他,ai,True,<泛类型>,仅有处罚款表述，无法判断类型。,其他违法行为,(6-8) 法条不含书名号 | 法条: 现决定给予龚勇龙处罚款
现场抽取“枪手杀虫气雾剂绿茶香600ml、枪手杀虫气雾剂小骑士600ml”进行模拟收银测试,计量/器具,ai,True,<泛类型>,抽取商品模拟收银，涉及计量准确性。,计量/器具,(6-7) 泛型法条被AI分为具体分类'计量/器具'，应删除 | 原标记: <泛类型> | 法条: 现场抽取“枪手杀虫气雾剂绿茶香600ml、枪手杀虫气雾剂小骑士600ml”进行模拟收银测试
现对你单位作出<br/>罚款,其他,ai,True,<泛类型>,仅有处罚结果表述，无法判断类型。,其他违法行为,(6-8) 法条不含书名号 | 法条: 现对你单位作出<br/>罚款
现对你单位作出罚款,其他,ai,True,<泛类型>,仅有罚款表述，无法判断具体类别。,其他违法行为,(6-8) 法条不含书名号 | 法条: 现对你单位作出罚款
现拟对你单位处罚款,其他,ai,True,<泛类型>,只有处罚表述，无任何案情细节。,其他违法行为,(6-8) 法条不含书名号 | 法条: 现拟对你单位处罚款
监理单位未履行第二十二条第(二)项,建设工程与房地产,ai,True,<泛类型>,监理单位职责未履行，属建设工程领域。,建设工程,(6-7) 泛型法条被AI分为具体分类'建设工程与房地产'，应删除 | 原标记: <泛类型> | 法条: 监理单位未履行第二十二条第(二)项
确定罚款,其他,ai,True,<泛类型>,仅写“确定罚款”，无法判断具体类型。,其他违法行为,(6-8) 法条不含书名号 | 法条: 确定罚款
科处罚款,其他,ai,True,<泛类型>,仅有“科处罚款”，无法判断具体类型。,其他违法行为,(6-8) 法条不含书名号 | 法条: 科处罚款
符合立案条,其他,ai,True,<泛类型>,仅有“符合立案条”字样，信息不足。,其他违法行为,(6-8) 法条不含书名号 | 法条: 符合立案条
第(1)项,其他,ai,True,<泛类型>,未提供具体条文内容，无法判断。,其他违法行为,(6-8) 法条不含书名号 | 法条: 第(1)项
第(2)项规定及询问笔录,其他,ai,True,<泛类型>,未提供具体案情内容，无法判断。,其他违法行为,(6-8) 法条不含书名号 | 法条: 第(2)项规定及询问笔录
第(三)项,其他,ai,True,<泛类型>,仅列“第三项”，无实质内容可判定。,其他违法行为,(6-8) 法条不含书名号 | 法条: 第(三)项
第(二)款第(三)项、违法行为为“一般等级”责令改正并处罚款,其他,ai,True,<泛类型>,仅含处罚表述无具体领域信息。,其他违法行为,(6-8) 法条不含书名号 | 法条: 第(二)款第(三)项、违法行为为“一般等级”责令改正并处罚款
第****号),其他,ai,True,<泛类型>,条文内容空缺，无法判断具体类型。,其他违法行为,(6-8) 法条不含书名号 | 法条: 第****号)
第0039号1页;2014年科目明细账——专项经费(其他应付款,财税与金融监管,ai,True,<泛类型>,涉及科目明细账及专项经费记载。,会计/账务,(6-7) 泛型法条被AI分为具体分类'财税与金融监管'，应删除 | 原标记: <泛类型> | 法条: 第0039号1页;2014年科目明细账——专项经费(其他应付款
第0153号1页;2015年年科目明细账——专项经费(其他应付款,财税与金融监管,ai,True,<泛类型>,涉及科目明细账及专项经费核算。,会计/账务,(6-7) 泛型法条被AI分为具体分类'财税与金融监管'，应删除 | 原标记: <泛类型> | 法条: 第0153号1页;2015年年科目明细账——专项经费(其他应付款
第05号）罚款,其他,ai,True,<泛类型>,仅见“第05号罚款”，无实质内容。,其他违法行为,(6-8) 法条不含书名号 | 法条: 第05号）罚款
第1-2项,其他,ai,True,<泛类型>,仅有“第1-2项”序号，无法判断具体内容。,其他违法行为,(6-8) 法条不含书名号 | 法条: 第1-2项
第1.1项,其他,ai,True,<泛类型>,未提供具体条文内容，无法判断。,其他违法行为,(6-8) 法条不含书名号 | 法条: 第1.1项
第10条,其他,ai,True,<泛类型>,仅有条号无内容，无法判断。,其他违法行为,(6-8) 法条不含书名号 | 法条: 第10条
第11、12号凭证记载已作进项,会计/账务,ai,True,(匹配)财税与金融监管,凭证进项记载异常，涉账务处理。,会计/账务,(6-8) 法条不含书名号 | 法条: 第11、12号凭证记载已作进项
第11项,其他,ai,True,<泛类型>,仅有序号无具体条文内容。,其他违法行为,(6-8) 法条不含书名号 | 法条: 第11项
第12条,其他,ai,True,<泛类型>,仅有条号无内容，无法判断具体类别。,其他违法行为,(6-8) 法条不含书名号 | 法条: 第12条
第12项,其他,ai,True,<泛类型>,该项未提供具体条文内容。,其他违法行为,(6-8) 法条不含书名号 | 法条: 第12项
第15执法组对企业开展专项,其他,ai,True,<泛类型>,仅有执法组开展专项，信息不足。,其他违法行为,(6-8) 法条不含书名号 | 法条: 第15执法组对企业开展专项
第1号)第二条,其他,ai,True,<泛类型>,仅有条次编号，无法判断具体类型。,其他违法行为,(6-8) 法条不含书名号 | 法条: 第1号)第二条
第1条、第2条为强制性条,其他,ai,True,<泛类型>,仅说明强制性条款，无具体内容可判。,其他违法行为,(6-8) 法条不含书名号 | 法条: 第1条、第2条为强制性条
第1条为强制性条文,其他,ai,True,<泛类型>,仅知第1条为强制性条文，信息不足。,其他违法行为,(6-8) 法条不含书名号 | 法条: 第1条为强制性条文
第1款,其他,ai,True,<泛类型>,条文内容空缺，无法判断具体类型。,其他违法行为,(6-8) 法条不含书名号 | 法条: 第1款
第1部分:钢直梯》GB4053.1-2009第5.7.1条,建筑使用安全,ai,True,<泛类型>,涉及钢直梯国家标准，属建筑设施安全。,建筑使用安全,(6-7) 泛型法条被AI分为具体分类'建筑使用安全'，应删除 | 原标记: <泛类型> | 法条: 第1部分:钢直梯》GB4053.1-2009第5.7.1条
第1项,其他,ai,True,<泛类型>,未提供任何法律条文内容，无法判断。,其他违法行为,(6-8) 法条不含书名号 | 法条: 第1项
第1项违法行为给予人民币伍拾万元整罚款的行政处罚,其他,ai,True,<泛类型>,仅有罚款金额描述，无法判断具体类型。,其他违法行为,(6-8) 法条不含书名号 | 法条: 第1项违法行为给予人民币伍拾万元整罚款的行政处罚
第1项问题作出处人民币伍仟元罚款,其他,ai,True,<泛类型>,仅见罚款金额，无具体违法内容。,其他违法行为,(6-8) 法条不含书名号 | 法条: 第1项问题作出处人民币伍仟元罚款
第1项问题处人民币伍仟元罚款,其他,ai,True,<泛类型>,仅有罚款表述，无法判断类型。,其他违法行为,(6-8) 法条不含书名号 | 法条: 第1项问题处人民币伍仟元罚款
第2.0.4条,其他,ai,True,<泛类型>,仅给出条号，无具体内容可判定。**,其他违法行为,(6-8) 法条不含书名号 | 法条: 第2.0.4条
第2.4.20条,其他,ai,True,<泛类型>,条文内容缺失，无法判断具体类型。,其他违法行为,(6-8) 法条不含书名号 | 法条: 第2.4.20条
第22条,其他,ai,True,<泛类型>,仅有条号无内容，无法判断。,其他违法行为,(6-8) 法条不含书名号 | 法条: 第22条
第22项“插头A”1.301千克、第27项,海关/进出口,ai,True,<泛类型>,涉及进出口货物项目重量描述。,海关/进出口,(6-7) 泛型法条被AI分为具体分类'海关/进出口'，应删除 | 原标记: <泛类型> | 法条: 第22项“插头A”1.301千克、第27项
第22项“插头A”10.46千克,*危险物品运输*,ai,True,<泛类型>,“插头A”大宗计量运输，疑涉危运管理。,*危险物品运输*,(6-6) AI分类含星号'*危险物品运输*'，分类不确定 | 法条: 第22项“插头A”10.46千克
第23号)第四条第三项,其他,ai,True,<泛类型>,仅有条款编号，无具体内容可判。,其他违法行为,(6-8) 法条不含书名号 | 法条: 第23号)第四条第三项
第23条,其他,ai,True,<泛类型>,仅有条号无具体内容无法判断。,其他违法行为,(6-8) 法条不含书名号 | 法条: 第23条
第24项,其他,ai,True,<泛类型>,仅有序号无内容，无法判断。,其他违法行为,(6-8) 法条不含书名号 | 法条: 第24项
第26号凭证资料中“关于衢州碧桂园项目各总包单位借款,会计/账务,ai,True,(匹配)建设工程与房地产,项目总包单位借款涉工程建设管理。,工程建设/招投标,(6-8) 法条不含书名号 | 法条: 第26号凭证资料中“关于衢州碧桂园项目各总包单位借款
第27项“咪头”2820个,计量/器具,ai,True,<泛类型>,咪头属计量器具，数量涉计量管理。,计量/器具,(6-7) 泛型法条被AI分为具体分类'计量/器具'，应删除 | 原标记: <泛类型> | 法条: 第27项“咪头”2820个
第28号)第十二条,其他,ai,True,<泛类型>,仅有条号无内容，无法判断具体类别。,其他违法行为,(6-8) 法条不含书名号 | 法条: 第28号)第十二条
第29号《两用物项,海关/进出口,ai,True,<泛类型>,两用物项属进出口管制领域。,海关/进出口,(6-7) 泛型法条被AI分为具体分类'海关/进出口'，应删除 | 原标记: <泛类型> | 法条: 第29号《两用物项
第29项,其他,ai,True,<泛类型>,未提供具体条文内容，无法判断。,其他违法行为,(6-8) 法条不含书名号 | 法条: 第29项
第2、3款,其他,ai,True,<泛类型>,条文内容缺失，无法判断类别。,其他违法行为,(6-8) 法条不含书名号 | 法条: 第2、3款
第2、3项问题违反了强制性条,其他,ai,True,<泛类型>,无法获取具体条文内容无法细分。,其他违法行为,(6-8) 法条不含书名号 | 法条: 第2、3项问题违反了强制性条
第2号修改)第35项,其他,ai,True,<泛类型>,仅有条次无内容，无法判断。,其他违法行为,(6-8) 法条不含书名号 | 法条: 第2号修改)第35项
第2条,其他,ai,True,<泛类型>,仅有条号无内容，无法判断。,其他违法行为,(6-8) 法条不含书名号 | 法条: 第2条
第2档和第3档情形的,其他,ai,True,<泛类型>,仅有“第2档第3档情形”，无法判断具体领域。,其他违法行为,(6-8) 法条不含书名号 | 法条: 第2档和第3档情形的
第2款,其他,ai,True,<泛类型>,未提供具体条文内容，无法细分。,其他违法行为,(6-8) 法条不含书名号 | 法条: 第2款
第2裁量档次情形,其他,ai,True,<泛类型>,仅有档次表述，无具体违法内容。,其他违法行为,(6-8) 法条不含书名号 | 法条: 第2裁量档次情形
第2部分：钢斜梯》（GB4053.2-2009）第5.6.5条,产品质量与安全,ai,True,<泛类型>,引用强制性产品安全标准条款。,产品质量,(6-7) 泛型法条被AI分为具体分类'产品质量与安全'，应删除 | 原标记: <泛类型> | 法条: 第2部分：钢斜梯》（GB4053.2-2009）第5.6.5条
第2项,其他,ai,True,<泛类型>,仅有“第2项”条款序号，无法判断具体内容。,其他违法行为,(6-8) 法条不含书名号 | 法条: 第2项
第2项、3项、5项,其他,ai,True,<泛类型>,仅给出条次序号，无具体内容。,其他违法行为,(6-8) 法条不含书名号 | 法条: 第2项、3项、5项
第2项违法行为给予人民币壹佰万元整罚款,其他,ai,True,<泛类型>,仅见罚款金额，无任何案由信息。,其他违法行为,(6-8) 法条不含书名号 | 法条: 第2项违法行为给予人民币壹佰万元整罚款
第2项问题作出处人民币伍仟元罚款,其他,ai,True,<泛类型>,仅有罚款金额，无具体案情内容。,其他违法行为,(6-8) 法条不含书名号 | 法条: 第2项问题作出处人民币伍仟元罚款
第2项问题处人民币壹万伍仟元罚款,其他,ai,True,<泛类型>,仅有罚款金额，无具体违法内容。,其他违法行为,(6-8) 法条不含书名号 | 法条: 第2项问题处人民币壹万伍仟元罚款
第2项问题处人民币贰万元,其他,ai,True,<泛类型>,仅涉金额表述，无具体违法事项。,其他违法行为,(6-8) 法条不含书名号 | 法条: 第2项问题处人民币贰万元
第3-4项,其他,ai,True,<泛类型>,仅给出“第3-4项”，无法判断具体领域。,其他违法行为,(6-8) 法条不含书名号 | 法条: 第3-4项
第3.0.4条,其他,ai,True,<泛类型>,条文内容缺失，无法判断具体类型。,其他违法行为,(6-8) 法条不含书名号 | 法条: 第3.0.4条
第3.0.4条第5款,其他,ai,True,<泛类型>,条文内容缺失，无法判断具体类型。,其他违法行为,(6-8) 法条不含书名号 | 法条: 第3.0.4条第5款
第3.0.4条第5项,其他,ai,True,<泛类型>,仅列条款序号，无法判断内容。,其他违法行为,(6-8) 法条不含书名号 | 法条: 第3.0.4条第5项
第3.1条款,其他,ai,True,<泛类型>,条款内容空缺，无法判断具体领域。,其他违法行为,(6-8) 法条不含书名号 | 法条: 第3.1条款
第3.4.1条,其他,ai,True,<泛类型>,条文内容缺失，无法判断具体类型。,其他违法行为,(6-8) 法条不含书名号 | 法条: 第3.4.1条
第3.4.1条注2,其他,ai,True,<泛类型>,条文仅有编号无内容，无法判断。,其他违法行为,(6-8) 法条不含书名号 | 法条: 第3.4.1条注2
第3、6项问题处人民币叁万元,其他,ai,True,<泛类型>,仅金额表述，无具体违法内容。,其他违法行为,(6-8) 法条不含书名号 | 法条: 第3、6项问题处人民币叁万元
第3条,其他,ai,True,<泛类型>,条文内容空缺，无法判断具体类型。,其他违法行为,(6-8) 法条不含书名号 | 法条: 第3条
第3条为非强制性条,其他,ai,True,<泛类型>,仅为非强制性条款，不设处罚。,不予处罚,(6-8) 法条不含书名号 | 法条: 第3条为非强制性条
第3类、4类3项、5类1项、6类1项,其他,ai,True,<泛类型>,仅列举条款编号，无法确定具体领域。,其他违法行为,(6-8) 法条不含书名号 | 法条: 第3类、4类3项、5类1项、6类1项
第3项,其他,ai,True,<泛类型>,未给出任何具体法律内容，无法判断。,其他违法行为,(6-8) 法条不含书名号 | 法条: 第3项
第4.1.1条,其他,ai,True,<泛类型>,仅有条号无内容，无法判断。,其他违法行为,(6-8) 法条不含书名号 | 法条: 第4.1.1条
第4.1.3.1.3条款,其他,ai,True,<泛类型>,条款内容缺失，无法识别具体领域。,其他违法行为,(6-8) 法条不含书名号 | 法条: 第4.1.3.1.3条款
第4.11条,其他,ai,True,<泛类型>,条文内容缺失，无法确定类别。,其他违法行为,(6-8) 法条不含书名号 | 法条: 第4.11条
第4.13.1条,其他,ai,True,<泛类型>,条文内容缺失，无法判断具体类型。,其他违法行为,(6-8) 法条不含书名号 | 法条: 第4.13.1条
第4.13.2条,其他,ai,True,<泛类型>,条文无具体内容，无法判断。,其他违法行为,(6-8) 法条不含书名号 | 法条: 第4.13.2条
第4.13.3条,其他,ai,True,<泛类型>,仅给出条号，无具体内容可判。,其他违法行为,(6-8) 法条不含书名号 | 法条: 第4.13.3条
第4.13.4条,其他,ai,True,<泛类型>,仅有条号，无具体内容可判定。,其他违法行为,(6-8) 法条不含书名号 | 法条: 第4.13.4条
第4.13.5条,其他,ai,True,<泛类型>,条文内容空缺，无法判断具体类型。,其他违法行为,(6-8) 法条不含书名号 | 法条: 第4.13.5条
第4.2条,其他,ai,True,<泛类型>,条文内容缺失，无法判断具体类型。,其他违法行为,(6-8) 法条不含书名号 | 法条: 第4.2条
第43项,其他,ai,True,<泛类型>,第43项未提供具体内容，无法判断。,其他违法行为,(6-8) 法条不含书名号 | 法条: 第43项
第44条,其他,ai,True,<泛类型>,仅有条号无内容，无法判断。,其他违法行为,(6-8) 法条不含书名号 | 法条: 第44条
第45条第4项,其他,ai,True,<泛类型>,仅给出条款序号，无具体内容。,其他违法行为,(6-8) 法条不含书名号 | 法条: 第45条第4项
第49号）第六十九条,其他,ai,True,<泛类型>,仅给出条文序号，无法判断内容。,其他违法行为,(6-8) 法条不含书名号 | 法条: 第49号）第六十九条
第4、5、7、8、9项,其他,ai,True,<泛类型>,仅给出条款序号无法判断内容。,其他违法行为,(6-8) 法条不含书名号 | 法条: 第4、5、7、8、9项
第4条,其他,ai,True,<泛类型>,仅有条号无内容，无法判断。,其他违法行为,(6-8) 法条不含书名号 | 法条: 第4条
第4组气雾阻化喷头堵塞,消防安全,ai,True,<泛类型>,喷头堵塞影响消防喷淋灭火功能。,消防安全,(6-7) 泛型法条被AI分为具体分类'消防安全'，应删除 | 原标记: <泛类型> | 法条: 第4组气雾阻化喷头堵塞
第4裁量档次情形,其他,ai,True,<泛类型>,仅有裁量档次表述，无法判断具体领域。,其他违法行为,(6-8) 法条不含书名号 | 法条: 第4裁量档次情形
第4项,其他,ai,True,<泛类型>,仅列“第4项”，无实质内容可判定。,其他违法行为,(6-8) 法条不含书名号 | 法条: 第4项
第51号令的规定,其他,ai,True,<泛类型>,仅提及第51号令，无具体条文内容。,其他违法行为,(6-8) 法条不含书名号 | 法条: 第51号令的规定
第5条,其他,ai,True,<泛类型>,仅有条号无内容，无法判断。,其他违法行为,(6-8) 法条不含书名号 | 法条: 第5条
第5类第1项,其他,ai,True,<泛类型>,仅给出条款序号，无法判断内容。,其他违法行为,(6-8) 法条不含书名号 | 法条: 第5类第1项
第5项,其他,ai,True,<泛类型>,未提供任何具体违法条文内容。,其他违法行为,(6-8) 法条不含书名号 | 法条: 第5项
第6.1.6条,其他,ai,True,<泛类型>,条文内容缺失，无法判断具体类型。,其他违法行为,(6-8) 法条不含书名号 | 法条: 第6.1.6条
第6.3.9条,其他,ai,True,<泛类型>,条文内容缺失，无法判断具体类型。,其他违法行为,(6-8) 法条不含书名号 | 法条: 第6.3.9条
第628号、第666号修改)有关条款的规定,其他,ai,True,<泛类型>,仅见条号无具体行为内容，无法细判。,其他违法行为,(6-8) 法条不含书名号 | 法条: 第628号、第666号修改)有关条款的规定
第6条,其他,ai,True,<泛类型>,仅有条号无内容，无法判断。,其他违法行为,(6-8) 法条不含书名号 | 法条: 第6条
第7.1.4条,其他,ai,True,<泛类型>,条文内容缺失，无法判断类型。,其他违法行为,(6-8) 法条不含书名号 | 法条: 第7.1.4条
第7.1条第（3）项,其他,ai,True,<泛类型>,仅有条款编号，无任何具体内容。,其他违法行为,(6-8) 法条不含书名号 | 法条: 第7.1条第（3）项
第7.4.1条的规定,其他,ai,True,<泛类型>,条文内容缺失，无法对应具体领域。,其他违法行为,(6-8) 法条不含书名号 | 法条: 第7.4.1条的规定
第77号令修正)第三十条第一项,其他,ai,True,<泛类型>,仅条款序号无具体内容，无法判断。,其他违法行为,(6-8) 法条不含书名号 | 法条: 第77号令修正)第三十条第一项
第77号令修正)第九条及第十条第一款的规定,其他,ai,True,<泛类型>,仅有条款编号，无具体内容可判。,其他违法行为,(6-8) 法条不含书名号 | 法条: 第77号令修正)第九条及第十条第一款的规定
第7类的链条,其他,ai,True,<泛类型>,仅有“第7类的链条”，无法判断具体类型。,其他违法行为,(6-8) 法条不含书名号 | 法条: 第7类的链条
第8.1条,其他,ai,True,<泛类型>,条文内容缺失，无法判断具体类别。,其他违法行为,(6-8) 法条不含书名号 | 法条: 第8.1条
第8.3.1条,其他,ai,True,<泛类型>,仅列条号无任何具体内容，无法判断。,其他违法行为,(6-8) 法条不含书名号 | 法条: 第8.3.1条
第8.4.3条,其他,ai,True,<泛类型>,仅编号无内容，无法判断具体。,其他违法行为,(6-8) 法条不含书名号 | 法条: 第8.4.3条
第89号令修改)第七条第六款,其他,ai,True,<泛类型>,仅条款编号无具体内容，无法判断。,其他违法行为,(6-8) 法条不含书名号 | 法条: 第89号令修改)第七条第六款
第8项,其他,ai,True,<泛类型>,第8项无具体条文内容，无法判断。,其他违法行为,(6-8) 法条不含书名号 | 法条: 第8项
第8项传动系统检查和第13项,安全生产,ai,True,<泛类型>,涉及设备传动系统安全检查义务。,安全生产,(6-7) 泛型法条被AI分为具体分类'安全生产'，应删除 | 原标记: <泛类型> | 法条: 第8项传动系统检查和第13项
第93条,其他,ai,True,<泛类型>,仅给出条号，无具体内容可判定。,其他违法行为,(6-8) 法条不含书名号 | 法条: 第93条
第9号)第三十八条,其他,ai,True,<泛类型>,仅有条号无内容，无法判断。,其他违法行为,(6-8) 法条不含书名号 | 法条: 第9号)第三十八条
第J20210136588号),其他,ai,True,<泛类型>,仅有案号无事实及法条内容。,其他违法行为,(6-8) 法条不含书名号 | 法条: 第J20210136588号)
第”项,其他,ai,True,<泛类型>,仅有“第项”字样，无法判断具体内容。,其他违法行为,(6-8) 法条不含书名号 | 法条: 第”项
第一城20号楼”项,建筑使用安全,ai,True,<泛类型>,“20号楼”表述涉及建筑物使用安全。,建筑使用安全,(6-7) 泛型法条被AI分为具体分类'建筑使用安全'，应删除 | 原标记: <泛类型> | 法条: 第一城20号楼”项
第一批城乡挂钩试点项,其他,ai,True,<泛类型>,仅有标题无实质内容，无法判断。,其他违法行为,(6-8) 法条不含书名号 | 法条: 第一批城乡挂钩试点项
第一时间对该款,其他,ai,True,<泛类型>,条文内容缺失，无法判断具体类型。,其他违法行为,(6-8) 法条不含书名号 | 法条: 第一时间对该款
第一条,其他,ai,True,<泛类型>,仅见“第一条”标题，无法判断内容。,其他违法行为,(6-8) 法条不含书名号 | 法条: 第一条
第一条的规定,其他,ai,True,<泛类型>,仅有“第一条规定”，无法判断内容。,其他违法行为,(6-8) 法条不含书名号 | 法条: 第一条的规定
第一条的规定属于危险性较大的分部分项,建设工程与房地产,ai,True,<泛类型>,危险性较大分部分项工程条款。,建设工程,(6-7) 泛型法条被AI分为具体分类'建设工程与房地产'，应删除 | 原标记: <泛类型> | 法条: 第一条的规定属于危险性较大的分部分项
第一条责令限期改正,其他,ai,True,<泛类型>,仅见程序性表述，无法确定领域。,其他违法行为,(6-8) 法条不含书名号 | 法条: 第一条责令限期改正
第一次维保记录《半月保养项,安全生产,ai,True,<泛类型>,涉及维保记录，多对应电梯等特设。,特种设备,(6-7) 泛型法条被AI分为具体分类'安全生产'，应删除 | 原标记: <泛类型> | 法条: 第一次维保记录《半月保养项
第一款”抗菌防霉健康冷柜”引用数据“第一款,市场秩序与竞争监管,ai,True,<泛类型>,宣传“抗菌防霉健康”涉嫌功效夸大,虚假广告/虚假宣传,(6-7) 泛型法条被AI分为具体分类'市场秩序与竞争监管'，应删除 | 原标记: <泛类型> | 法条: 第一款”抗菌防霉健康冷柜”引用数据“第一款
第一款、第三款,其他,ai,True,<泛类型>,仅见“第一款、第三款”，无法判断内容。,其他违法行为,(6-8) 法条不含书名号 | 法条: 第一款、第三款
第一款抗菌防霉健康冷柜”“第一款,*广告表述不规范*,ai,True,<泛类型>,产品宣称抗菌防霉健康，涉宣传用语。,*广告表述不规范*,(6-6) AI分类含星号'*广告表述不规范*'，分类不确定 | 法条: 第一款抗菌防霉健康冷柜”“第一款
第一款抗菌防霉健康冷柜”引用的“国内第一款抗菌防霉健康冷柜”引用数据“第一款,市场秩序与竞争监管,ai,True,<泛类型>,宣称“国内第一款”涉夸大宣传。,虚假广告/虚假宣传,(6-7) 泛型法条被AI分为具体分类'市场秩序与竞争监管'，应删除 | 原标记: <泛类型> | 法条: 第一款抗菌防霉健康冷柜”引用的“国内第一款抗菌防霉健康冷柜”引用数据“第一款
第一款第(三)项,其他,ai,True,<泛类型>,仅有款项序号，无具体法条内容。】,其他违法行为,(6-8) 法条不含书名号 | 法条: 第一款第(三)项
第一汽车(苏州)服务贸易有限公司罚款,其他,ai,True,<泛类型>,仅有企业名称和罚款，无法判断具体类型。,其他违法行为,(6-8) 法条不含书名号 | 法条: 第一汽车(苏州)服务贸易有限公司罚款
第一百一十五条,其他,ai,True,<泛类型>,仅有条号无内容，无法判断。,其他违法行为,(6-8) 法条不含书名号 | 法条: 第一百一十五条
第一百七十一条,其他,ai,True,<泛类型>,仅有条号无内容，无法判断。,其他违法行为,(6-8) 法条不含书名号 | 法条: 第一百七十一条
第一百七十三条,其他,ai,True,<泛类型>,仅给出条号无具体内容，难判断。,其他违法行为,(6-8) 法条不含书名号 | 法条: 第一百七十三条
第一百二十五条第一款第二项,其他,ai,True,<泛类型>,仅条款序号无内容，无法判断。,其他违法行为,(6-8) 法条不含书名号 | 法条: 第一百二十五条第一款第二项
第一百零一条第四、五项,其他,ai,True,<泛类型>,仅有条款序号，无具体违法内容。,其他违法行为,(6-8) 法条不含书名号 | 法条: 第一百零一条第四、五项
第一组：当事人的营业执照、当事人常务副院长周茜和项,市场主体与登记治理,ai,True,<泛类型>,涉及营业执照及主体登记信息问题。,无照经营/登记问题,(6-7) 泛型法条被AI分为具体分类'市场主体与登记治理'，应删除 | 原标记: <泛类型> | 法条: 第一组：当事人的营业执照、当事人常务副院长周茜和项
第一项,其他,ai,True,<泛类型>,缺少具体法律内容，无法判断。,其他违法行为,(6-8) 法条不含书名号 | 法条: 第一项
第一项行为罚款壹万玖仟元;第二项行为罚款,其他,ai,True,<泛类型>,条文内容残缺，无法判断具体领域。,其他违法行为,(6-8) 法条不含书名号 | 法条: 第一项行为罚款壹万玖仟元;第二项行为罚款
第七十一条,其他,ai,True,<泛类型>,仅有条号无内容，无法判断。,其他违法行为,(6-8) 法条不含书名号 | 法条: 第七十一条
第七十七条,其他,ai,True,<泛类型>,仅有条文序号，无具体内容可判。,其他违法行为,(6-8) 法条不含书名号 | 法条: 第七十七条
第七十二条,其他,ai,True,<泛类型>,仅有条号无内容，无法判断。,其他违法行为,(6-8) 法条不含书名号 | 法条: 第七十二条
第七十八条,其他,ai,True,<泛类型>,仅有条文序号无内容，无法判断。,其他违法行为,(6-8) 法条不含书名号 | 法条: 第七十八条
第七十六条,其他,ai,True,<泛类型>,仅有条文序号，无任何实质内容。,其他违法行为,(6-8) 法条不含书名号 | 法条: 第七十六条
第七十条,其他,ai,True,<泛类型>,仅有条号无内容，无法判断。,其他违法行为,(6-8) 法条不含书名号 | 法条: 第七十条
第七条,其他,ai,True,<泛类型>,仅有条款序号，无任何实体内容可判。,其他违法行为,(6-8) 法条不含书名号 | 法条: 第七条
第七条(六)的规定,其他,ai,True,<泛类型>,仅有条款序号，无法判断具体类型。,其他违法行为,(6-8) 法条不含书名号 | 法条: 第七条(六)的规定
第七条第一、三项,其他,ai,True,<泛类型>,仅给出条款序号，无法判断内容。,其他违法行为,(6-8) 法条不含书名号 | 法条: 第七条第一、三项
第七督察组在2019年9月25日对博鑫翰城项,其他,ai,True,<泛类型>,仅有检查时间地点，无法判断类型。,其他违法行为,(6-8) 法条不含书名号 | 法条: 第七督察组在2019年9月25日对博鑫翰城项
第七章第二节第四条,其他,ai,True,<泛类型>,条文内容缺失，无法对应具体类别。,其他违法行为,(6-8) 法条不含书名号 | 法条: 第七章第二节第四条
第三、四条,其他,ai,True,<泛类型>,仅有条次无具体内容，无法判断。,其他违法行为,(6-8) 法条不含书名号 | 法条: 第三、四条
第三分公司沥青拌和站运载沥青下面层混合料到茂湛改扩建TJ1标项,建设工程与房地产,ai,True,<泛类型>,涉及公路改扩建工程施工运输行为。,建设工程,(6-7) 泛型法条被AI分为具体分类'建设工程与房地产'，应删除 | 原标记: <泛类型> | 法条: 第三分公司沥青拌和站运载沥青下面层混合料到茂湛改扩建TJ1标项
第三十一条,其他,ai,True,<泛类型>,仅有条号无内容，无法判断。,其他违法行为,(6-8) 法条不含书名号 | 法条: 第三十一条
第三十七条,其他,ai,True,<泛类型>,仅有条号无内容，无法判断。,其他违法行为,(6-8) 法条不含书名号 | 法条: 第三十七条
第三十三条,其他,ai,True,<泛类型>,仅有条号无具体内容，无法判断。,其他违法行为,(6-8) 法条不含书名号 | 法条: 第三十三条
第三十三条、第四十三条、第四十四条,其他,ai,True,<泛类型>,仅有条号无具体内容，无法归类。,其他违法行为,(6-8) 法条不含书名号 | 法条: 第三十三条、第四十三条、第四十四条
第三十三条第二款,其他,ai,True,<泛类型>,仅有条款序号，无具体行为内容。,其他违法行为,(6-8) 法条不含书名号 | 法条: 第三十三条第二款
第三十九条,其他,ai,True,<泛类型>,仅有条号无内容，无法判断。,其他违法行为,(6-8) 法条不含书名号 | 法条: 第三十九条
第三十二条,其他,ai,True,<泛类型>,仅有条文序号，缺乏具体内容。,其他违法行为,(6-8) 法条不含书名号 | 法条: 第三十二条
第三十二条第(八)项,其他,ai,True,<泛类型>,仅给出条款序号，无法判断内容。,其他违法行为,(6-8) 法条不含书名号 | 法条: 第三十二条第(八)项
第三十二条第一款第(一)项,其他,ai,True,<泛类型>,仅给出条款序号，无法判断内容。,其他违法行为,(6-8) 法条不含书名号 | 法条: 第三十二条第一款第(一)项
第三十二条违反本办法第十九条第三款、第二十六条、第二十七条、第二十八条第一款,其他,ai,True,<泛类型>,条文仅列条款编号，无法判断类型。,其他违法行为,(6-8) 法条不含书名号 | 法条: 第三十二条违反本办法第十九条第三款、第二十六条、第二十七条、第二十八条第一款
第三十五条,其他,ai,True,<泛类型>,仅有条号无内容，无法判断类型。,其他违法行为,(6-8) 法条不含书名号 | 法条: 第三十五条
第三十五条第一款;第十四条,其他,ai,True,<泛类型>,仅有条号无内容，无法判断类型。,其他违法行为,(6-8) 法条不含书名号 | 法条: 第三十五条第一款;第十四条
第三十五条第二款,其他,ai,True,<泛类型>,仅有条款编号，无法判断内容。,其他违法行为,(6-8) 法条不含书名号 | 法条: 第三十五条第二款
第三十八条第一款,其他,ai,True,<泛类型>,仅有条款序号，无具体违法内容。,其他违法行为,(6-8) 法条不含书名号 | 法条: 第三十八条第一款
第三十六条第一款,其他,ai,True,<泛类型>,仅给出条款序号，无法判断具体内容。,其他违法行为,(6-8) 法条不含书名号 | 法条: 第三十六条第一款
第三十六条第二款,其他,ai,True,<泛类型>,仅有条款序号无法判断具体类型。,其他违法行为,(6-8) 法条不含书名号 | 法条: 第三十六条第二款
第三十六条第二项,其他,ai,True,<泛类型>,仅有条款序号，无法判断具体内容。,其他违法行为,(6-8) 法条不含书名号 | 法条: 第三十六条第二项
第三十四条,其他,ai,True,<泛类型>,仅有条号无内容，无法判断。,其他违法行为,(6-8) 法条不含书名号 | 法条: 第三十四条
第三十四条之规定,其他,ai,True,<泛类型>,仅提及条款序号，无法判断内容。,其他违法行为,(6-8) 法条不含书名号 | 法条: 第三十四条之规定
第三十四条第一款第一项,其他,ai,True,<泛类型>,仅有条款序号，无具体内容可判定。,其他违法行为,(6-8) 法条不含书名号 | 法条: 第三十四条第一款第一项
第三十四条第二款,其他,ai,True,<泛类型>,仅有条款编号，无实质内容。,其他违法行为,(6-8) 法条不含书名号 | 法条: 第三十四条第二款
第三十条第三项,其他,ai,True,<泛类型>,仅见条款序号，无具体行为内容。,其他违法行为,(6-8) 法条不含书名号 | 法条: 第三十条第三项
第三季度区级专项,其他,ai,True,<泛类型>,仅有“第三季度区级专项”字样，信息不足。,其他违法行为,(6-8) 法条不含书名号 | 法条: 第三季度区级专项
第三斗车样品作了同步检测）进行出厂检测和项,产品质量与安全,ai,True,<泛类型>,涉及产品出厂检测与样品同步检测。,产品质量,(6-7) 泛型法条被AI分为具体分类'产品质量与安全'，应删除 | 原标记: <泛类型> | 法条: 第三斗车样品作了同步检测）进行出厂检测和项
第三方平台“饿了么”上超过许可的经营项,产品质量与安全,ai,True,<泛类型>,餐饮平台经营项目超许可范围。,食品药品,(6-7) 泛型法条被AI分为具体分类'产品质量与安全'，应删除 | 原标记: <泛类型> | 法条: 第三方平台“饿了么”上超过许可的经营项
第三条,其他,ai,True,<泛类型>,未提供具体条文内容无法判断。,其他违法行为,(6-8) 法条不含书名号 | 法条: 第三条
第三条第二项,其他,ai,True,<泛类型>,仅见条款序号，无具体内容可判定。,其他违法行为,(6-8) 法条不含书名号 | 法条: 第三条第二项
第三条订购及约定又分为7项,*合同订立管理*,ai,True,<泛类型>,涉及订购约定条款分类管理。,*合同订立管理*,(6-6) AI分类含星号'*合同订立管理*'，分类不确定 | 法条: 第三条订购及约定又分为7项
第三次修正）第十九条第一款,其他,ai,True,<泛类型>,仅有条款序号，无法判断内容。,其他违法行为,(6-8) 法条不含书名号 | 法条: 第三次修正）第十九条第一款
第三款,其他,ai,True,<泛类型>,仅有“第三款”字样，无法判断。,其他违法行为,(6-8) 法条不含书名号 | 法条: 第三款
第三航运公司罚款,交通运输,ai,True,<泛类型>,标题为航运公司罚款，属运输领域。,交通运输违规,(6-7) 泛型法条被AI分为具体分类'交通运输'，应删除 | 原标记: <泛类型> | 法条: 第三航运公司罚款
第三项,其他,ai,True,<泛类型>,仅有“第三项”字样，无法判断具体类型。,其他违法行为,(6-8) 法条不含书名号 | 法条: 第三项
第九十七条,其他,ai,True,<泛类型>,仅有条号无内容，无法判断。,其他违法行为,(6-8) 法条不含书名号 | 法条: 第九十七条
第九十九条第一项,其他,ai,True,<泛类型>,仅有条号无内容，无法对应。,其他违法行为,(6-8) 法条不含书名号 | 法条: 第九十九条第一项
第九十六条第一项,其他,ai,True,<泛类型>,仅有条号无具体内容，无法判断。,其他违法行为,(6-8) 法条不含书名号 | 法条: 第九十六条第一项
第九条,其他,ai,True,<泛类型>,仅有条号无内容，无法判断。,其他违法行为,(6-8) 法条不含书名号 | 法条: 第九条
第九条有关甲方逾期交房的违约责任条款,建设工程与房地产,ai,True,<泛类型>,商品房逾期交付违约责任纠纷。,房地产/土地,(6-7) 泛型法条被AI分为具体分类'建设工程与房地产'，应删除 | 原标记: <泛类型> | 法条: 第九条有关甲方逾期交房的违约责任条款
第九条第(二)项、第(三)项、第(四)项、第(五)项,其他,ai,True,<泛类型>,仅列条款序号，无具体内容。,其他违法行为,(6-8) 法条不含书名号 | 法条: 第九条第(二)项、第(三)项、第(四)项、第(五)项
第九条第5项,其他,ai,True,<泛类型>,仅有条款序号，无具体内容可判定。,其他违法行为,(6-8) 法条不含书名号 | 法条: 第九条第5项
第二医院）项,其他,ai,True,<泛类型>,条文内容残缺，无法识别具体领域。,其他违法行为,(6-8) 法条不含书名号 | 法条: 第二医院）项
第二十一条,其他,ai,True,<泛类型>,仅有条文序号，无具体内容可判。,其他违法行为,(6-8) 法条不含书名号 | 法条: 第二十一条
第二十一条第五项,其他,ai,True,<泛类型>,仅有条款序号，无法判断具体内容。,其他违法行为,(6-8) 法条不含书名号 | 法条: 第二十一条第五项
第二十七条第一款,其他,ai,True,<泛类型>,仅有条款序号，无具体内容可判。,其他违法行为,(6-8) 法条不含书名号 | 法条: 第二十七条第一款
第二十七条第一款第（三）项,其他,ai,True,<泛类型>,仅有条款序号，无具体内容可判定。,其他违法行为,(6-8) 法条不含书名号 | 法条: 第二十七条第一款第（三）项
第二十三条,其他,ai,True,<泛类型>,仅有条号无内容，无法判断。,其他违法行为,(6-8) 法条不含书名号 | 法条: 第二十三条
第二十九条第二项,其他,ai,True,<泛类型>,仅有条款序号，无具体行为内容。,其他违法行为,(6-8) 法条不含书名号 | 法条: 第二十九条第二项
第二十二条,其他,ai,True,<泛类型>,仅有条号无内容，无法判断。,其他违法行为,(6-8) 法条不含书名号 | 法条: 第二十二条
第二十二条第一款,其他,ai,True,<泛类型>,仅给出条款序号，无法判断内容。,其他违法行为,(6-8) 法条不含书名号 | 法条: 第二十二条第一款
第二十二条第六项,其他,ai,True,<泛类型>,仅有条款序号无具体内容，无法判断。,其他违法行为,(6-8) 法条不含书名号 | 法条: 第二十二条第六项
第二十五条,其他,ai,True,<泛类型>,仅有条号无具体内容，无法判断。,其他违法行为,(6-8) 法条不含书名号 | 法条: 第二十五条
第二十五条之规定,其他,ai,True,<泛类型>,仅有条号无内容，无法具体判断。,其他违法行为,(6-8) 法条不含书名号 | 法条: 第二十五条之规定
第二十六条,其他,ai,True,<泛类型>,仅有条号无内容，无法判断。,其他违法行为,(6-8) 法条不含书名号 | 法条: 第二十六条
第二十六条第(一)项,其他,ai,True,<泛类型>,仅给出条款序号，无法判断内容。,其他违法行为,(6-8) 法条不含书名号 | 法条: 第二十六条第(一)项
第二十四条,其他,ai,True,<泛类型>,仅有条号无内容，无法判断。,其他违法行为,(6-8) 法条不含书名号 | 法条: 第二十四条
第二十四条第二款,其他,ai,True,<泛类型>,仅给出条款序号，无法判断内容。,其他违法行为,(6-8) 法条不含书名号 | 法条: 第二十四条第二款
第二十条第一款,其他,ai,True,<泛类型>,仅见条款序号，无具体内容可判。,其他违法行为,(6-8) 法条不含书名号 | 法条: 第二十条第一款
第二十条第（一）款,其他,ai,True,<泛类型>,仅给出条款序号，无法判断内容。,其他违法行为,(6-8) 法条不含书名号 | 法条: 第二十条第（一）款
第二季度商品质量专项,产品质量与安全,ai,True,<泛类型>,与商品质量专项检查直接相关。,产品质量,(6-7) 泛型法条被AI分为具体分类'产品质量与安全'，应删除 | 原标记: <泛类型> | 法条: 第二季度商品质量专项
第二条,其他,ai,True,<泛类型>,条文内容缺失，无法判断具体类型。,其他违法行为,(6-8) 法条不含书名号 | 法条: 第二条
第二条、对合同第三条的补充：发生下列情形导致合同项,其他,ai,True,<泛类型>,条文内容不完整，无法判断具体类型。,其他违法行为,(6-8) 法条不含书名号 | 法条: 第二条、对合同第三条的补充：发生下列情形导致合同项
第二条内容为“预付款仅作为买方订车预付款项,市场秩序与竞争监管,ai,True,<泛类型>,涉及预付款定金使用规范与交易秩序。,消费者权益/市场秩序,(6-7) 泛型法条被AI分为具体分类'市场秩序与竞争监管'，应删除 | 原标记: <泛类型> | 法条: 第二条内容为“预付款仅作为买方订车预付款项
第二条第(二)项,其他,ai,True,<泛类型>,仅给出条款序号，无具体内容。,其他违法行为,(6-8) 法条不含书名号 | 法条: 第二条第(二)项
第二条第一款,其他,ai,True,<泛类型>,仅有条款序号，无任何实质内容可判。,其他违法行为,(6-8) 法条不含书名号 | 法条: 第二条第一款
第二条第三款,其他,ai,True,<泛类型>,仅有条款序号，无具体内容可判。,其他违法行为,(6-8) 法条不含书名号 | 法条: 第二条第三款
第二条第（十八）款,其他,ai,True,<泛类型>,仅有条款序号，无法判断内容。,其他违法行为,(6-8) 法条不含书名号 | 法条: 第二条第（十八）款
第二款,其他,ai,True,<泛类型>,仅有“第二款”字样，无法判断具体内容。,其他违法行为,(6-8) 法条不含书名号 | 法条: 第二款
第二款第二项、第三项,其他,ai,True,<泛类型>,仅有条款编号，无法判断内容。,其他违法行为,(6-8) 法条不含书名号 | 法条: 第二款第二项、第三项
第二百二十四条,其他,ai,True,<泛类型>,仅有条文序号，无具体内容可判定。,其他违法行为,(6-8) 法条不含书名号 | 法条: 第二百二十四条
第二组：杨柳的询问笔录、周茜的询问笔录、规划设计合同、当事人项,建设工程与房地产,ai,True,<泛类型>,涉及规划设计合同及工程建设内容。,建设工程,(6-7) 泛型法条被AI分为具体分类'建设工程与房地产'，应删除 | 原标记: <泛类型> | 法条: 第二组：杨柳的询问笔录、周茜的询问笔录、规划设计合同、当事人项
第二项,其他,ai,True,<泛类型>,仅有“第二项”字样，无法判断具体内容。,其他违法行为,(6-8) 法条不含书名号 | 法条: 第二项
第二项、第四项、第五项,其他,ai,True,<泛类型>,仅有条次序号，无具体内容可判。,其他违法行为,(6-8) 法条不含书名号 | 法条: 第二项、第四项、第五项
第二高级中学北的“学府家园”项,建设工程与房地产,ai,True,<泛类型>,项目名称涉小区房产建设。,房地产/土地,(6-7) 泛型法条被AI分为具体分类'建设工程与房地产'，应删除 | 原标记: <泛类型> | 法条: 第二高级中学北的“学府家园”项
第五十五条第一款,其他,ai,True,<泛类型>,仅给出条款编号无法判断内容。,其他违法行为,(6-8) 法条不含书名号 | 法条: 第五十五条第一款
第五十八条,其他,ai,True,<泛类型>,仅有条文序号，无具体内容可判。,其他违法行为,(6-8) 法条不含书名号 | 法条: 第五十八条
第五十条第一款,其他,ai,True,<泛类型>,仅有条款序号，无具体违法内容。,其他违法行为,(6-8) 法条不含书名号 | 法条: 第五十条第一款
第五条,其他,ai,True,<泛类型>,条文内容缺失，无法判断具体类别。,其他违法行为,(6-8) 法条不含书名号 | 法条: 第五条
第五条五、六项,其他,ai,True,<泛类型>,仅给出条款序号，无法判断具体领域。,其他违法行为,(6-8) 法条不含书名号 | 法条: 第五条五、六项
第五项,其他,ai,True,<泛类型>,仅有“第五项”字样，无法判断具体内容。,其他违法行为,(6-8) 法条不含书名号 | 法条: 第五项
第八十一条,其他,ai,True,<泛类型>,仅提供条号无内容，无法判断。,其他违法行为,(6-8) 法条不含书名号 | 法条: 第八十一条
第八十三条,其他,ai,True,<泛类型>,仅有条号无具体内容，无法判断。,其他违法行为,(6-8) 法条不含书名号 | 法条: 第八十三条
第八十三条、第八十四条、第八十五条,其他,ai,True,<泛类型>,仅给出条文序号，无法判断具体领域。,其他违法行为,(6-8) 法条不含书名号 | 法条: 第八十三条、第八十四条、第八十五条
第八十二条,其他,ai,True,<泛类型>,仅有条号无内容，无法判断。,其他违法行为,(6-8) 法条不含书名号 | 法条: 第八十二条
第八十六条第二款,其他,ai,True,<泛类型>,仅给出条款序号，无法判断内容。,其他违法行为,(6-8) 法条不含书名号 | 法条: 第八十六条第二款
第八十条,其他,ai,True,<泛类型>,仅有条文序号，无具体内容可判定。,其他违法行为,(6-8) 法条不含书名号 | 法条: 第八十条
第八十条第三项,其他,ai,True,<泛类型>,仅有条款序号，无法判断内容。,其他违法行为,(6-8) 法条不含书名号 | 法条: 第八十条第三项
第八十条第五项,其他,ai,True,<泛类型>,仅有条款序号，无法识别内容。,其他违法行为,(6-8) 法条不含书名号 | 法条: 第八十条第五项
第八条,其他,ai,True,<泛类型>,仅有条款序号，无实质内容可判。,其他违法行为,(6-8) 法条不含书名号 | 法条: 第八条
第八条、第十一条、第二十二条,其他,ai,True,<泛类型>,仅给出条号无内容，无法判断。,其他违法行为,(6-8) 法条不含书名号 | 法条: 第八条、第十一条、第二十二条
第八条第(四)项,其他,ai,True,<泛类型>,仅给出条款编号，无法判断内容。,其他违法行为,(6-8) 法条不含书名号 | 法条: 第八条第(四)项
第八条第1(1)项,其他,ai,True,<泛类型>,仅给出条款编号，无法判断内容。,其他违法行为,(6-8) 法条不含书名号 | 法条: 第八条第1(1)项
第八条第1（1）项,其他,ai,True,<泛类型>,仅给出条款编号，无具体内容。,其他违法行为,(6-8) 法条不含书名号 | 法条: 第八条第1（1）项
第八项,其他,ai,True,<泛类型>,仅有“第八项”字样，无法判断具体内容。,其他违法行为,(6-8) 法条不含书名号 | 法条: 第八项
第六十一条,其他,ai,True,<泛类型>,仅见条文序号，无具体内容。,其他违法行为,(6-8) 法条不含书名号 | 法条: 第六十一条
第六十七条,其他,ai,True,<泛类型>,仅给出条号，无具体内容可判定。,其他违法行为,(6-8) 法条不含书名号 | 法条: 第六十七条
第六十三条第五款,其他,ai,True,<泛类型>,仅有条款序号，无法判断内容。,其他违法行为,(6-8) 法条不含书名号 | 法条: 第六十三条第五款
第六十九条,其他,ai,True,<泛类型>,仅有条号无内容，无法判断。,其他违法行为,(6-8) 法条不含书名号 | 法条: 第六十九条
第六十二条,其他,ai,True,<泛类型>,仅给出条号，无具体内容可判定。,其他违法行为,(6-8) 法条不含书名号 | 法条: 第六十二条
第六十八条,其他,ai,True,<泛类型>,仅有条号无内容，无法判断。,其他违法行为,(6-8) 法条不含书名号 | 法条: 第六十八条
第六十条第一款,其他,ai,True,<泛类型>,仅有条款序号，无法判断内容。,其他违法行为,(6-8) 法条不含书名号 | 法条: 第六十条第一款
第六十条第一款第(一)项,其他,ai,True,<泛类型>,仅见条款序号，无具体内容可判。,其他违法行为,(6-8) 法条不含书名号 | 法条: 第六十条第一款第(一)项
第六建设集团有限公司负责承建的“曲江第四小学”项,建设工程与房地产,ai,True,<泛类型>,涉及学校建设工程项目承建行为。,建设工程,(6-7) 泛型法条被AI分为具体分类'建设工程与房地产'，应删除 | 原标记: <泛类型> | 法条: 第六建设集团有限公司负责承建的“曲江第四小学”项
第六条“乙方如未按本合同第四条规定的时间付款,*合同履行纠纷*,ai,True,<泛类型>,仅涉及逾期付款违约责任。,*合同履行纠纷*,(6-6) AI分类含星号'*合同履行纠纷*'，分类不确定 | 法条: 第六条“乙方如未按本合同第四条规定的时间付款
第六条第一项,其他,ai,True,<泛类型>,仅有条款序号，无法判断内容。,其他违法行为,(6-8) 法条不含书名号 | 法条: 第六条第一项
第十一条,其他,ai,True,<泛类型>,仅有条号无内容，无法判断。,其他违法行为,(6-8) 法条不含书名号 | 法条: 第十一条
第十一条第一款,其他,ai,True,<泛类型>,仅给出条款序号，无法判断内容。,其他违法行为,(6-8) 法条不含书名号 | 法条: 第十一条第一款
第十七条,其他,ai,True,<泛类型>,仅有条号无内容，无法判断。,其他违法行为,(6-8) 法条不含书名号 | 法条: 第十七条
第十七条第（一）项、第二十一条第（六）项,其他,ai,True,<泛类型>,仅给出条款序号，无法判断内容。,其他违法行为,(6-8) 法条不含书名号 | 法条: 第十七条第（一）项、第二十一条第（六）项
第十七页上印着“宅易购心脑血管健康专家组推荐几款,市场秩序与竞争监管,ai,True,<泛类型>,以“专家组推荐”作商业宣传。,虚假广告/虚假宣传,(6-7) 泛型法条被AI分为具体分类'市场秩序与竞争监管'，应删除 | 原标记: <泛类型> | 法条: 第十七页上印着“宅易购心脑血管健康专家组推荐几款
第十三条,其他,ai,True,<泛类型>,仅有条号无内容，无法判断。,其他违法行为,(6-8) 法条不含书名号 | 法条: 第十三条
第十九条,其他,ai,True,<泛类型>,仅有条号无内容，无法判断。,其他违法行为,(6-8) 法条不含书名号 | 法条: 第十九条
第十九条第一款,其他,ai,True,<泛类型>,仅有条款序号，无具体内容可判。,其他违法行为,(6-8) 法条不含书名号 | 法条: 第十九条第一款
第十九条第二款,其他,ai,True,<泛类型>,仅有条款序号无法判断具体内容。,其他违法行为,(6-8) 法条不含书名号 | 法条: 第十九条第二款
第十二条第一款第(一)项,其他,ai,True,<泛类型>,仅给出条号，无具体行为内容。,其他违法行为,(6-8) 法条不含书名号 | 法条: 第十二条第一款第(一)项
第十二条第一款第二项,其他,ai,True,<泛类型>,仅给出条款序号，无法对应内容。,其他违法行为,(6-8) 法条不含书名号 | 法条: 第十二条第一款第二项
第十二条第（二）项,其他,ai,True,<泛类型>,仅有条款序号，无具体内容描述。,其他违法行为,(6-8) 法条不含书名号 | 法条: 第十二条第（二）项
第十五条,其他,ai,True,<泛类型>,仅有条号无具体内容，无法判断。,其他违法行为,(6-8) 法条不含书名号 | 法条: 第十五条
第十八条,其他,ai,True,<泛类型>,仅提供条文序号，无法判断内容。,其他违法行为,(6-8) 法条不含书名号 | 法条: 第十八条
第十八条第1款,其他,ai,True,<泛类型>,仅有条款编号，无法判断具体内容。,其他违法行为,(6-8) 法条不含书名号 | 法条: 第十八条第1款
第十八条第一款、第二款,其他,ai,True,<泛类型>,条文内容缺失，无法对应具体类别。,其他违法行为,(6-8) 法条不含书名号 | 法条: 第十八条第一款、第二款
第十六条第（二）款第4项,其他,ai,True,<泛类型>,仅给出条款序号，无法判断内容。,其他违法行为,(6-8) 法条不含书名号 | 法条: 第十六条第（二）款第4项
第十四条,其他,ai,True,<泛类型>,仅有条号无内容，无法判断。,其他违法行为,(6-8) 法条不含书名号 | 法条: 第十四条
第十四条第一款,其他,ai,True,<泛类型>,仅给出条款序号，无法判断内容。,其他违法行为,(6-8) 法条不含书名号 | 法条: 第十四条第一款
第十条,其他,ai,True,<泛类型>,仅有条号无内容，无法判断。,其他违法行为,(6-8) 法条不含书名号 | 法条: 第十条
第十条、第十一条、第十二条、第十四条、第十六条,其他,ai,True,<泛类型>,仅给出条款序号，无具体内容。,其他违法行为,(6-8) 法条不含书名号 | 法条: 第十条、第十一条、第十二条、第十四条、第十六条
第十条第(二)项,其他,ai,True,<泛类型>,仅给出条款序号，无法判断内容。,其他违法行为,(6-8) 法条不含书名号 | 法条: 第十条第(二)项
第十条第一款,其他,ai,True,<泛类型>,仅有条款序号，无具体内容可判。,其他违法行为,(6-8) 法条不含书名号 | 法条: 第十条第一款
第四人民医院危旧房改住房改造项,建设工程与房地产,ai,True,<泛类型>,涉及危旧房改造建设项目事项。,建设工程,(6-7) 泛型法条被AI分为具体分类'建设工程与房地产'，应删除 | 原标记: <泛类型> | 法条: 第四人民医院危旧房改住房改造项
第四十一条,其他,ai,True,<泛类型>,仅有条文序号，无法判断内容。,其他违法行为,(6-8) 法条不含书名号 | 法条: 第四十一条
第四十三条,其他,ai,True,<泛类型>,仅有条号无内容，无法判断性质。,其他违法行为,(6-8) 法条不含书名号 | 法条: 第四十三条
第四十三条第一款,其他,ai,True,<泛类型>,仅有条款序号，无具体内容无法判断。,其他违法行为,(6-8) 法条不含书名号 | 法条: 第四十三条第一款
第四十九条,其他,ai,True,<泛类型>,仅有条号无内容，无法判断具体类型。,其他违法行为,(6-8) 法条不含书名号 | 法条: 第四十九条
第四十九条第一款和第二款,其他,ai,True,<泛类型>,仅给出条款序号，无法判断内容。,其他违法行为,(6-8) 法条不含书名号 | 法条: 第四十九条第一款和第二款
第四十二条之规定,其他,ai,True,<泛类型>,仅有条号无具体内容无法判断。,其他违法行为,(6-8) 法条不含书名号 | 法条: 第四十二条之规定
第四十二条第（四）项,其他,ai,True,<泛类型>,仅有条款序号，无具体内容。,其他违法行为,(6-8) 法条不含书名号 | 法条: 第四十二条第（四）项
第四十五条第二款,其他,ai,True,<泛类型>,仅给出条款序号，无法判断内容。,其他违法行为,(6-8) 法条不含书名号 | 法条: 第四十五条第二款
第四十四条第一款,其他,ai,True,<泛类型>,仅有条款序号，无法判断内容。,其他违法行为,(6-8) 法条不含书名号 | 法条: 第四十四条第一款
第四十第二款,其他,ai,True,<泛类型>,仅有条款序号，无法判断具体内容。,其他违法行为,(6-8) 法条不含书名号 | 法条: 第四十第二款
第四幼儿园(北京市大兴区第四幼儿园翻建项,建设工程与房地产,ai,True,<泛类型>,涉及幼儿园翻建工程项目内容。,建设工程,(6-7) 泛型法条被AI分为具体分类'建设工程与房地产'，应删除 | 原标记: <泛类型> | 法条: 第四幼儿园(北京市大兴区第四幼儿园翻建项
第四条,其他,ai,True,<泛类型>,仅见条次无内容，无法判断。,其他违法行为,(6-8) 法条不含书名号 | 法条: 第四条
第四条(三)的规定,其他,ai,True,<泛类型>,仅有条款序号，无具体内容描述。,其他违法行为,(6-8) 法条不含书名号 | 法条: 第四条(三)的规定
第四条第一款,其他,ai,True,<泛类型>,仅条款序号无具体内容，无法判断。,其他违法行为,(6-8) 法条不含书名号 | 法条: 第四条第一款
第四项,其他,ai,True,<泛类型>,仅有“第四项”字样，无法判断。,其他违法行为,(6-8) 法条不含书名号 | 法条: 第四项
第（1）、（2）种方式为格式合同条款,消费者权益/市场秩序,ai,True,<泛类型>,涉及格式合同条款，影响消费者权益。,消费者权益纠纷,(6-7) 泛型法条被AI分为具体分类'消费者权益/市场秩序'，应删除 | 原标记: <泛类型> | 法条: 第（1）、（2）种方式为格式合同条款
第（1）种方式为格式合同条款,消费者权益/市场秩序,ai,True,<泛类型>,涉及格式合同条款规范问题。,消费者权益纠纷,(6-7) 泛型法条被AI分为具体分类'消费者权益/市场秩序'，应删除 | 原标记: <泛类型> | 法条: 第（1）种方式为格式合同条款
第（1）项,其他,ai,True,<泛类型>,法律条文内容为空，无法判断。,其他违法行为,(6-8) 法条不含书名号 | 法条: 第（1）项
经合并,其他,ai,True,<泛类型>,未提供具体条文内容无法判断。,其他违法行为,(6-8) 法条不含书名号 | 法条: 经合并
经研究,其他,ai,True,<泛类型>,仅见“经研究”，无法判断具体内容。,其他违法行为,(6-8) 法条不含书名号 | 法条: 经研究
经研究决定对当事人处罚款,其他,ai,True,<泛类型>,仅有处罚决定表述，无法判断类型。,其他违法行为,(6-8) 法条不含书名号 | 法条: 经研究决定对当事人处罚款
经责令改正,其他,ai,True,<泛类型>,仅有“经责令改正”，无法判断具体领域。,其他违法行为,(6-8) 法条不含书名号 | 法条: 经责令改正
经长春市测绘院实测,其他,ai,True,<泛类型>,仅提测绘实测，无具体违法情节。,其他违法行为,(6-8) 法条不含书名号 | 法条: 经长春市测绘院实测
结合自由裁量基准,其他,ai,True,<泛类型>,仅有“自由裁量基准”字样，无法细化判断。,其他违法行为,(6-8) 法条不含书名号 | 法条: 结合自由裁量基准
给予1000元罚款,其他,ai,True,<泛类型>,仅见罚款金额，无具体违法内容。,其他违法行为,(6-8) 法条不含书名号 | 法条: 给予1000元罚款
给予1万元罚款,其他,ai,True,<泛类型>,仅有罚款金额，无具体案情信息。,其他违法行为,(6-8) 法条不含书名号 | 法条: 给予1万元罚款
给予2万元罚款,其他,ai,True,<泛类型>,仅有罚款金额，无具体案由信息。,其他违法行为,(6-8) 法条不含书名号 | 法条: 给予2万元罚款
给予500元罚款,其他,ai,True,<泛类型>,仅有处罚金额，无具体违法情形。,其他违法行为,(6-8) 法条不含书名号 | 法条: 给予500元罚款
给予上海天歌置业有限公司处罚款,建设工程与房地产,ai,True,<泛类型>,公司名称含置业，推断涉房地产相关。,房地产/土地,(6-7) 泛型法条被AI分为具体分类'建设工程与房地产'，应删除 | 原标记: <泛类型> | 法条: 给予上海天歌置业有限公司处罚款
给予上海达凯塑胶有限公司罚款,其他,ai,True,<泛类型>,仅有罚款信息，无具体违法情节。,其他违法行为,(6-8) 法条不含书名号 | 法条: 给予上海达凯塑胶有限公司罚款
给予丰合仓储(上海)有限公司罚款,其他,ai,True,<泛类型>,仅有处罚表述，无法判断领域。,其他违法行为,(6-8) 法条不含书名号 | 法条: 给予丰合仓储(上海)有限公司罚款
给予丰镇市嘉鑫硅锰合金有限公司罚款,其他,ai,True,<泛类型>,只有罚款表述，无具体违法内容。,其他违法行为,(6-8) 法条不含书名号 | 法条: 给予丰镇市嘉鑫硅锰合金有限公司罚款
给予丹江口市均大市场处罚款,其他,ai,True,<泛类型>,仅有处罚款信息，无法细分类型。,其他违法行为,(6-8) 法条不含书名号 | 法条: 给予丹江口市均大市场处罚款
给予乌海阳光炭素有限公司罚款,其他,ai,True,<泛类型>,仅有罚款信息，缺乏具体案由。,其他违法行为,(6-8) 法条不含书名号 | 法条: 给予乌海阳光炭素有限公司罚款
给予乐山市三江汇运业有限公司罚款,交通运输,ai,True,<泛类型>,企业名称含“运业”，推定运输领域。,交通运输违规,(6-7) 泛型法条被AI分为具体分类'交通运输'，应删除 | 原标记: <泛类型> | 法条: 给予乐山市三江汇运业有限公司罚款
给予人民币0.625万元罚款,其他,ai,True,<泛类型>,仅有罚款金额，无任何案情信息。,其他违法行为,(6-8) 法条不含书名号 | 法条: 给予人民币0.625万元罚款
给予人民币壹万元罚款,其他,ai,True,<泛类型>,仅有罚款金额描述，无法判断类型。,其他违法行为,(6-8) 法条不含书名号 | 法条: 给予人民币壹万元罚款
给予人民币玖仟元罚款,其他,ai,True,<泛类型>,仅见罚款金额，无具体违法内容。,其他违法行为,(6-8) 法条不含书名号 | 法条: 给予人民币玖仟元罚款
给予人民币陆仟元整罚款,其他,ai,True,<泛类型>,仅有罚款金额，无具体案由信息。,其他违法行为,(6-8) 法条不含书名号 | 法条: 给予人民币陆仟元整罚款
给予以下行政处罚:1、罚款,其他,ai,True,<泛类型>,仅有罚款信息，无法判断具体领域。,其他违法行为,(6-8) 法条不含书名号 | 法条: 给予以下行政处罚:1、罚款
给予保定国际俱乐部有限公司罚款,其他,ai,True,<泛类型>,仅有处罚结论，无具体违法内容。,其他违法行为,(6-8) 法条不含书名号 | 法条: 给予保定国际俱乐部有限公司罚款
给予内蒙古宜化化工有限公司罚款,其他,ai,True,<泛类型>,仅有罚款信息，无法判断具体类型。,其他违法行为,(6-8) 法条不含书名号 | 法条: 给予内蒙古宜化化工有限公司罚款
给予农发行东平支行罚款,财税与金融监管,ai,True,<泛类型>,主体为银行，推定信贷业务违规。,金融/信贷违规,(6-7) 泛型法条被AI分为具体分类'财税与金融监管'，应删除 | 原标记: <泛类型> | 法条: 给予农发行东平支行罚款
给予北京嘉浩物业管理有限公司罚款,建筑使用安全,ai,True,(匹配)其他,仅有处罚决定，无具体违法内容。,其他违法行为,(6-8) 法条不含书名号 | 法条: 给予北京嘉浩物业管理有限公司罚款
给予北京金义行物业管理有限公司罚款,建筑使用安全,ai,True,(匹配)其他,仅含处罚决定，无具体违法情形。,其他违法行为,(6-8) 法条不含书名号 | 法条: 给予北京金义行物业管理有限公司罚款
给予单位罚款,其他,ai,True,<泛类型>,仅知被罚款，缺乏具体违法内容。,其他违法行为,(6-8) 法条不含书名号 | 法条: 给予单位罚款
给予合肥市科瑞运贸有限责任公司罚款,其他,ai,True,<泛类型>,仅有罚款信息，未涉案由内容。,其他违法行为,(6-8) 法条不含书名号 | 法条: 给予合肥市科瑞运贸有限责任公司罚款
给予吴江市高通有色金属制品有限公司罚款,其他,ai,True,<泛类型>,仅有罚款信息，无法判断具体类型。,其他违法行为,(6-8) 法条不含书名号 | 法条: 给予吴江市高通有色金属制品有限公司罚款
给予四川云贵办公家具有限公司罚款,其他,ai,True,<泛类型>,仅有处罚对象和罚款，信息不足。,其他违法行为,(6-8) 法条不含书名号 | 法条: 给予四川云贵办公家具有限公司罚款
给予四川亚细亚运业有限公司罚款,交通运输,ai,True,<泛类型>,企业名称含“运业”，推定运输违规,交通运输违规,(6-7) 泛型法条被AI分为具体分类'交通运输'，应删除 | 原标记: <泛类型> | 法条: 给予四川亚细亚运业有限公司罚款
给予四川兴威运业有限公司罚款,交通运输,ai,True,<泛类型>,公司名称含“运业”，推定运输领域。,交通运输违规,(6-7) 泛型法条被AI分为具体分类'交通运输'，应删除 | 原标记: <泛类型> | 法条: 给予四川兴威运业有限公司罚款
给予四川富临运业集团射洪有限公司罚款,交通运输,ai,True,<泛类型>,企业名称含“运业集团”从事运输业务。,交通运输违规,(6-7) 泛型法条被AI分为具体分类'交通运输'，应删除 | 原标记: <泛类型> | 法条: 给予四川富临运业集团射洪有限公司罚款
给予四川广运集团剑阁有限公司罚款,其他,ai,True,<泛类型>,仅有罚款信息，无法判断类型。,其他违法行为,(6-8) 法条不含书名号 | 法条: 给予四川广运集团剑阁有限公司罚款
给予四川广运集团南江有限公司罚款,其他,ai,True,<泛类型>,仅有处罚决定，无具体违法事项描述。,其他违法行为,(6-8) 法条不含书名号 | 法条: 给予四川广运集团南江有限公司罚款
给予四川明星新能源科技有限公司罚款,其他,ai,True,<泛类型>,仅有处罚结果，缺乏具体案由。,其他违法行为,(6-8) 法条不含书名号 | 法条: 给予四川明星新能源科技有限公司罚款
给予四川省成兴运业有限公司罚款,交通运输,ai,True,<泛类型>,标题显示系运输企业被罚款。,交通运输违规,(6-7) 泛型法条被AI分为具体分类'交通运输'，应删除 | 原标记: <泛类型> | 法条: 给予四川省成兴运业有限公司罚款
给予四川省泸州市川泸运业有限公司罚款,交通运输,ai,True,<泛类型>,涉及“泸运业有限公司”从事运输业务。,交通运输违规,(6-7) 泛型法条被AI分为具体分类'交通运输'，应删除 | 原标记: <泛类型> | 法条: 给予四川省泸州市川泸运业有限公司罚款
给予四川蜀通运业有限责任公司罚款,交通运输,ai,True,<泛类型>,企业名称含“运业”，推定为运输领域违法。,交通运输违规,(6-7) 泛型法条被AI分为具体分类'交通运输'，应删除 | 原标记: <泛类型> | 法条: 给予四川蜀通运业有限责任公司罚款
给予天水兰天城市广场有限公司罚款,其他,ai,True,<泛类型>,仅有处罚决定，无具体违法内容。,其他违法行为,(6-8) 法条不含书名号 | 法条: 给予天水兰天城市广场有限公司罚款
给予天津广通开泰旅游有限公司罚款,其他,ai,True,<泛类型>,仅见罚款信息，无具体违法内容。,其他违法行为,(6-8) 法条不含书名号 | 法条: 给予天津广通开泰旅游有限公司罚款
给予奇福精密塑胶(上海)有限公司罚款,其他,ai,True,<泛类型>,仅有处罚结果，无具体违法情形。,其他违法行为,(6-8) 法条不含书名号 | 法条: 给予奇福精密塑胶(上海)有限公司罚款
给予宁夏欣奥化工有限责任公司罚款,安全生产,ai,True,<泛类型>,化工企业多涉危化品安全管理。,安全生产/危化品,(6-7) 泛型法条被AI分为具体分类'安全生产'，应删除 | 原标记: <泛类型> | 法条: 给予宁夏欣奥化工有限责任公司罚款
给予巴中久诚货运有限责任公司罚款,交通运输,ai,True,<泛类型>,对货运公司作出处罚，属运输领域。,交通运输违规,(6-7) 泛型法条被AI分为具体分类'交通运输'，应删除 | 原标记: <泛类型> | 法条: 给予巴中久诚货运有限责任公司罚款
给予当事人以下行政处罚:罚款,其他,ai,True,<泛类型>,仅见罚款措辞，无具体案由信息。,其他违法行为,(6-8) 法条不含书名号 | 法条: 给予当事人以下行政处罚:罚款
给予当事人处以罚款,其他,ai,True,<泛类型>,仅有处以罚款表述，无法细分类型。,其他违法行为,(6-5) 处罚措施描述 | 匹配模式: '处以罚款' | 法条: 给予当事人处以罚款
给予当事人如下处罚:处壹万元的罚款,其他,ai,True,<泛类型>,仅有罚款结果，无具体违法内容。,其他违法行为,(6-8) 法条不含书名号 | 法条: 给予当事人如下处罚:处壹万元的罚款
给予当事人捌仟元罚款,其他,ai,True,<泛类型>,仅有罚款金额，无任何案情信息。,其他违法行为,(6-8) 法条不含书名号 | 法条: 给予当事人捌仟元罚款
给予当事人罚款,其他,ai,True,<泛类型>,仅有罚款表述，无法判断类别。,其他违法行为,(6-8) 法条不含书名号 | 法条: 给予当事人罚款
给予当事人贰佰元罚款,其他,ai,True,<泛类型>,只有罚款结果，无案由线索。,其他违法行为,(6-8) 法条不含书名号 | 法条: 给予当事人贰佰元罚款
给予德阳市捷安储运有限责任公司罚款,其他,ai,True,<泛类型>,仅有罚款信息，无具体违法内容。,其他违法行为,(6-8) 法条不含书名号 | 法条: 给予德阳市捷安储运有限责任公司罚款
给予成都富临长运集团有限公司新都分公司罚款,交通运输,ai,True,<泛类型>,涉及长运客运企业被罚款。,交通运输违规,(6-7) 泛型法条被AI分为具体分类'交通运输'，应删除 | 原标记: <泛类型> | 法条: 给予成都富临长运集团有限公司新都分公司罚款
给予成都富临长运集团有限公司罚款,其他,ai,True,<泛类型>,仅有罚款信息，无法判断具体领域。,其他违法行为,(6-8) 法条不含书名号 | 法条: 给予成都富临长运集团有限公司罚款
给予扬州丰祥商业有限公司处罚款,其他,ai,True,<泛类型>,仅见处罚款信息，无法判断类型。,其他违法行为,(6-8) 法条不含书名号 | 法条: 给予扬州丰祥商业有限公司处罚款
给予攀枝花运业有限公司罚款,交通运输,ai,True,<泛类型>,涉及“运业有限公司”被罚款。,交通运输违规,(6-7) 泛型法条被AI分为具体分类'交通运输'，应删除 | 原标记: <泛类型> | 法条: 给予攀枝花运业有限公司罚款
给予攀枝花锦达运业有限公司罚款,交通运输,ai,True,<泛类型>,公司名称含“运业”，推定运输领域。,交通运输违规,(6-7) 泛型法条被AI分为具体分类'交通运输'，应删除 | 原标记: <泛类型> | 法条: 给予攀枝花锦达运业有限公司罚款
给予新疆众驰旅游汽车有限公司罚款,交通运输,ai,True,<泛类型>,涉及旅游汽车公司经营活动处罚。,交通运输违规,(6-7) 泛型法条被AI分为具体分类'交通运输'，应删除 | 原标记: <泛类型> | 法条: 给予新疆众驰旅游汽车有限公司罚款
给予新能能源有限公司罚款,其他,ai,True,<泛类型>,仅见罚款决定，未体现具体违法类型。,其他违法行为,(6-8) 法条不含书名号 | 法条: 给予新能能源有限公司罚款
给予朱俊杰罚款,其他,ai,True,<泛类型>,仅出现罚款信息，无法判断具体类型。,其他违法行为,(6-8) 法条不含书名号 | 法条: 给予朱俊杰罚款
给予柳州市宇冠物资有限公司罚款,其他,ai,True,<泛类型>,仅有罚款信息，无具体案由描述。,其他违法行为,(6-8) 法条不含书名号 | 法条: 给予柳州市宇冠物资有限公司罚款
给予汕尾市新大兴实业发展有限公司罚款,其他,ai,True,<泛类型>,仅有处罚决定，无具体违法内容。,其他违法行为,(6-8) 法条不含书名号 | 法条: 给予汕尾市新大兴实业发展有限公司罚款
给予汕尾市新大兴实业发展有限公司罚款人民币壹万元整;合并执行:处罚款,其他,ai,True,<泛类型>,仅有罚款信息，无法判断具体领域。,其他违法行为,(6-8) 法条不含书名号 | 法条: 给予汕尾市新大兴实业发展有限公司罚款人民币壹万元整;合并执行:处罚款
给予泸州市鑫盛达汽车服务有限公司罚款,其他,ai,True,<泛类型>,仅见罚款决定，缺乏具体案由。,其他违法行为,(6-8) 法条不含书名号 | 法条: 给予泸州市鑫盛达汽车服务有限公司罚款
给予济南旅游集散中心有限公司罚款,其他,ai,True,<泛类型>,仅有处罚结果，未体现具体违法类型。,其他违法行为,(6-8) 法条不含书名号 | 法条: 给予济南旅游集散中心有限公司罚款
给予浙江山峪集团股份有限公司处罚款,其他,ai,True,<泛类型>,仅有处罚表述，无具体违法内容。,其他违法行为,(6-8) 法条不含书名号 | 法条: 给予浙江山峪集团股份有限公司处罚款
给予浙江阿杰邦尼服饰有限公司罚款,其他,ai,True,<泛类型>,仅有处罚决定，无具体违法内容。,其他违法行为,(6-8) 法条不含书名号 | 法条: 给予浙江阿杰邦尼服饰有限公司罚款
给予湖南天元建设有限公司罚款,建设工程与房地产,ai,True,<泛类型>,企业名称含“建设”，推定为建设工程。,建设工程,(6-7) 泛型法条被AI分为具体分类'建设工程与房地产'，应删除 | 原标记: <泛类型> | 法条: 给予湖南天元建设有限公司罚款
给予湖南省衡电电缆有限公司罚款,其他,ai,True,<泛类型>,仅有罚款信息，无法判断具体领域。,其他违法行为,(6-8) 法条不含书名号 | 法条: 给予湖南省衡电电缆有限公司罚款
给予滴滴出行科技有限公司罚款,网络/数据安全,ai,True,<泛类型>,滴滴案广为报道系数据安全违规。,网络/数据安全,(6-7) 泛型法条被AI分为具体分类'网络/数据安全'，应删除 | 原标记: <泛类型> | 法条: 给予滴滴出行科技有限公司罚款
给予滴滴出行科技有限公司责令改正,其他,ai,True,<泛类型>,仅见责令改正，无具体违法内容。,其他违法行为,(6-8) 法条不含书名号 | 法条: 给予滴滴出行科技有限公司责令改正
给予甘孜州康定新川藏运业集团有限公司罚款,交通运输,ai,True,<泛类型>,运业集团被罚，多涉交通运输管理。,交通运输违规,(6-7) 泛型法条被AI分为具体分类'交通运输'，应删除 | 原标记: <泛类型> | 法条: 给予甘孜州康定新川藏运业集团有限公司罚款
给予眉山市启贵商品混凝土有限公司罚款,其他,ai,True,<泛类型>,仅有处罚决定，无具体违法情形描述。,其他违法行为,(6-8) 法条不含书名号 | 法条: 给予眉山市启贵商品混凝土有限公司罚款
给予罚款,其他,ai,True,<泛类型>,仅有“给予罚款”字样，无法判断类型。,其他违法行为,(6-8) 法条不含书名号 | 法条: 给予罚款
给予行政相对人罚款,其他,ai,True,<泛类型>,仅有处罚表述，无法判明具体领域。,其他违法行为,(6-8) 法条不含书名号 | 法条: 给予行政相对人罚款
给予许昌亿阳汽车销售服务有限公司罚款,其他,ai,True,<泛类型>,仅有罚款信息，无法判断具体类型。,其他违法行为,(6-8) 法条不含书名号 | 法条: 给予许昌亿阳汽车销售服务有限公司罚款
给予许昌骏驰汽车销售服务有限公司罚款,其他,ai,True,<泛类型>,仅有处罚决定，无具体违法内容。,其他违法行为,(6-8) 法条不含书名号 | 法条: 给予许昌骏驰汽车销售服务有限公司罚款
给予该(单位)罚款人民币20000元、罚款,其他,ai,True,<泛类型>,仅有罚款金额信息，无法判断具体类型。,其他违法行为,(6-8) 法条不含书名号 | 法条: 给予该(单位)罚款人民币20000元、罚款
给予该公司人民币8万元罚款,其他,ai,True,<泛类型>,仅有罚款金额，无具体违法内容。,其他违法行为,(6-8) 法条不含书名号 | 法条: 给予该公司人民币8万元罚款
给予该单位罚款,其他,ai,True,<泛类型>,仅有罚款表述，无法确定类型。,其他违法行为,(6-8) 法条不含书名号 | 法条: 给予该单位罚款
给予该当事人以下行政处罚:1、罚款,其他,ai,True,<泛类型>,仅见处罚结果无具体案由。,其他违法行为,(6-8) 法条不含书名号 | 法条: 给予该当事人以下行政处罚:1、罚款
给予诸暨市赛荣纺织服饰有限公司罚款,其他,ai,True,<泛类型>,仅有罚款信息，无法判断具体类型。,其他违法行为,(6-8) 法条不含书名号 | 法条: 给予诸暨市赛荣纺织服饰有限公司罚款
给予诸暨海亮物业管理有限公司罚款,建筑使用安全,ai,True,(匹配)其他,仅有罚款信息，无法判断具体领域。,其他违法行为,(6-8) 法条不含书名号 | 法条: 给予诸暨海亮物业管理有限公司罚款
给予责令改正、罚款,其他,ai,True,<泛类型>,仅见处罚方式，无具体领域信息。,其他违法行为,(6-8) 法条不含书名号 | 法条: 给予责令改正、罚款
给予责令改正并处罚款,其他,ai,True,<泛类型>,仅有处罚结果，无具体违法内容。,其他违法行为,(6-8) 法条不含书名号 | 法条: 给予责令改正并处罚款
给予责令限期改正,其他,ai,True,<泛类型>,仅有处理方式，无实体违法内容。,其他违法行为,(6-8) 法条不含书名号 | 法条: 给予责令限期改正
给予责令限期整改并罚款,其他,ai,True,<泛类型>,仅有处罚方式，无具体违法内容描述。,其他违法行为,(6-8) 法条不含书名号 | 法条: 给予责令限期整改并罚款
给予邦照小吃店罚款,其他,ai,True,<泛类型>,仅有处罚决定无案情细节，无法判断。,其他违法行为,(6-8) 法条不含书名号 | 法条: 给予邦照小吃店罚款
给予郯城马头镇宏顺加油站罚款,安全生产,ai,True,<泛类型>,加油站属危险化学品经营场所。,安全生产/危化品,(6-7) 泛型法条被AI分为具体分类'安全生产'，应删除 | 原标记: <泛类型> | 法条: 给予郯城马头镇宏顺加油站罚款
给予重庆光大时代乳业有限公司罚款,产品质量与安全,ai,True,<泛类型>,企业名称含乳业，推定涉食品安全。,食品药品,(6-7) 泛型法条被AI分为具体分类'产品质量与安全'，应删除 | 原标记: <泛类型> | 法条: 给予重庆光大时代乳业有限公司罚款
给予重庆市威通汽车租赁有限公司罚款,其他,ai,True,<泛类型>,仅有罚款信息，无法具体判断。,其他违法行为,(6-8) 法条不含书名号 | 法条: 给予重庆市威通汽车租赁有限公司罚款
给予重庆市荣昌区海燕汽车贸易有限公司罚款,其他,ai,True,<泛类型>,仅有罚款信息，无法判断具体类型。,其他违法行为,(6-8) 法条不含书名号 | 法条: 给予重庆市荣昌区海燕汽车贸易有限公司罚款
给予重庆比蒙电子科技有限公司罚款,其他,ai,True,<泛类型>,仅有罚款信息，缺乏具体案由。,其他违法行为,(6-8) 法条不含书名号 | 法条: 给予重庆比蒙电子科技有限公司罚款
给予青海海通旅行社有限公司罚款,其他,ai,True,<泛类型>,仅有罚款信息，无法判断具体类型。,其他违法行为,(6-8) 法条不含书名号 | 法条: 给予青海海通旅行社有限公司罚款
罚款,其他,ai,True,<泛类型>,仅有“罚款”字样，无法判断具体类型。,其他违法行为,(6-8) 法条不含书名号 | 法条: 罚款
罚款处罚的数额按照以下标准确定:(一)罚款,其他,ai,True,<泛类型>,仅有罚款标准描述，无法细分类别。,其他违法行为,(6-8) 法条不含书名号 | 法条: 罚款处罚的数额按照以下标准确定:(一)罚款
罚款处罚的数额按照以下标准确定:(二)罚款,其他,ai,True,<泛类型>,仅有罚款标准表述，无法细分领域。,其他违法行为,(6-8) 法条不含书名号 | 法条: 罚款处罚的数额按照以下标准确定:(二)罚款
罚款数额不超过原罚款,其他,ai,True,<泛类型>,仅涉及罚款幅度，无具体领域信息。,其他违法行为,(6-8) 法条不含书名号 | 法条: 罚款数额不超过原罚款
罚款数额增加5000元,其他,ai,True,<泛类型>,仅有罚款数额信息，无法判断类型。,其他违法行为,(6-8) 法条不含书名号 | 法条: 罚款数额增加5000元
罚款的数额按照以下规则确定:第(三)项,其他,ai,True,<泛类型>,仅见罚款数额规则，无法细分类型。,其他违法行为,(6-8) 法条不含书名号 | 法条: 罚款的数额按照以下规则确定:第(三)项
自逾期次日起,其他,ai,True,<泛类型>,仅有时间表述，无法判断具体类型。,其他违法行为,(6-8) 法条不含书名号 | 法条: 自逾期次日起
要求接受调查处理。执法人员于2021年01月07日09时26分对当事人未监督生活垃圾分类投放的整改情况进行复查,环境保护,ai,True,(匹配)环境保护,涉及生活垃圾分类管理与监督问题。,环境保护,(6-8) 法条不含书名号 | 法条: 要求接受调查处理。执法人员于2021年01月07日09时26分对当事人未监督生活垃圾分类投放的整改情...
要求接受调查处理。执法人员于2021年01月11日09时28分对当事人未监督生活垃圾分类投放的整改情况进行复查,环境保护,ai,True,(匹配)环境保护,涉及生活垃圾分类管理问题。,环境保护,(6-8) 法条不含书名号 | 法条: 要求接受调查处理。执法人员于2021年01月11日09时28分对当事人未监督生活垃圾分类投放的整改情...
认定该企业120套房产已经完成销售,建设工程与房地产,ai,True,<泛类型>,涉及房产销售行为认定问题。,房地产/土地,(6-7) 泛型法条被AI分为具体分类'建设工程与房地产'，应删除 | 原标记: <泛类型> | 法条: 认定该企业120套房产已经完成销售
"证明宁波通驰实业有限公司具有合法主体资格；""",其他,ai,True,<泛类型>,仅系主体资格证明，无处罚内容。,不予处罚,"(6-8) 法条不含书名号 | 法条: 证明宁波通驰实业有限公司具有合法主体资格；"""
证明案件来源情况。 证据2.当事人《营业执照》,市场主体与登记治理,ai,True,<泛类型>,围绕营业执照情况，涉登记合规性。,无照经营/登记问题,(6-7) 泛型法条被AI分为具体分类'市场主体与登记治理'，应删除 | 原标记: <泛类型> | 法条: 证明案件来源情况。 证据2.当事人《营业执照》
该公司一般直接从西安出货。2015年10月28日,其他,ai,True,<泛类型>,信息极少，仅描述出货时间地点。,其他违法行为,(6-8) 法条不含书名号 | 法条: 该公司一般直接从西安出货。2015年10月28日
该公司便从当事人处购进“禹龙”牌热轧带肋钢筋（规格：Φ8）9捆,产品质量与安全,ai,True,<泛类型>,购进钢筋产品涉质量安全问题。,产品质量,(6-7) 泛型法条被AI分为具体分类'产品质量与安全'，应删除 | 原标记: <泛类型> | 法条: 该公司便从当事人处购进“禹龙”牌热轧带肋钢筋（规格：Φ8）9捆
该年度进项,其他,ai,True,<泛类型>,仅有“该年度进项”，无具体内容。,其他违法行为,(6-8) 法条不含书名号 | 法条: 该年度进项
该条,其他,ai,True,<泛类型>,条文内容缺失，无法判断具体类型。,其他违法行为,(6-8) 法条不含书名号 | 法条: 该条
该条文为强制性条,其他,ai,True,<泛类型>,未提供具体条文内容，无法细分。,其他违法行为,(6-8) 法条不含书名号 | 法条: 该条文为强制性条
该条文处于实施执行之中,其他,ai,True,<泛类型>,未提供具体条文内容，无法细分。,其他违法行为,(6-8) 法条不含书名号 | 法条: 该条文处于实施执行之中
该项,其他,ai,True,<泛类型>,法律条文内容为空，无法判断具体类型。,其他违法行为,(6-8) 法条不含书名号 | 法条: 该项
责令,其他,ai,True,<泛类型>,仅有“责令”二字，无法判断具体类型。,其他违法行为,(6-8) 法条不含书名号 | 法条: 责令
责令你公司改正,其他,ai,True,<泛类型>,仅有“责令改正”，无具体内容。,其他违法行为,(6-8) 法条不含书名号 | 法条: 责令你公司改正
责令停止违法经营并罚款,其他,ai,True,<泛类型>,仅有处罚方式描述，无法细分类型。,其他违法行为,(6-8) 法条不含书名号 | 法条: 责令停止违法经营并罚款
责令停止违法行为、消除影响,其他,ai,True,<泛类型>,仅见程序性用语，无法对应具体领域。,其他违法行为,(6-8) 法条不含书名号 | 法条: 责令停止违法行为、消除影响
责令停止违法行为并罚款,其他,ai,True,<泛类型>,仅有处罚用语，无法判断具体类型。,其他违法行为,(6-8) 法条不含书名号 | 法条: 责令停止违法行为并罚款
"责令其限期整改。\\\\n 以上违法事实主要证据如下：\\\\n[""现场检查记录、现场检查照片各一份",其他,ai,True,<泛类型>,仅有整改与现场检查，无法判断具体领域。,其他违法行为,"(6-8) 法条不含书名号 | 法条: 责令其限期整改。\\\\n 以上违法事实主要证据如下：\\\\n[""现场检查记录、现场检查照片各一份"
责令当事人停止违法行为,其他,ai,True,<泛类型>,仅有停止违法表述，无法细分类型。,其他违法行为,(6-8) 法条不含书名号 | 法条: 责令当事人停止违法行为
责令当事人改正,其他,ai,True,<泛类型>,只有“责令改正”，无法判断类型。,其他违法行为,(6-8) 法条不含书名号 | 法条: 责令当事人改正
责令当事人改正并处罚款,其他,ai,True,<泛类型>,仅有处罚用语，无法判断领域。,其他违法行为,(6-8) 法条不含书名号 | 法条: 责令当事人改正并处罚款
责令当事人改正违法行为,其他,ai,True,<泛类型>,仅有程序性用语，无法判断具体类型。,其他违法行为,(6-8) 法条不含书名号 | 法条: 责令当事人改正违法行为
责令当事人立即改正违法行为,其他,ai,True,<泛类型>,仅有程序性用语，无法具体判断。,其他违法行为,(6-8) 法条不含书名号 | 法条: 责令当事人立即改正违法行为
责令扩建项,其他,ai,True,<泛类型>,仅有“责令扩建项”，无法判断具体领域。,其他违法行为,(6-8) 法条不含书名号 | 法条: 责令扩建项
责令改正,其他,ai,True,<泛类型>,仅有“责令改正”字样，无法判断具体领域。,其他违法行为,(6-8) 法条不含书名号 | 法条: 责令改正
责令改正并决定给予你单位以下行政处罚:罚款,其他,ai,True,<泛类型>,仅有罚款表述，缺乏具体案情。,其他违法行为,(6-8) 法条不含书名号 | 法条: 责令改正并决定给予你单位以下行政处罚:罚款
责令改正并决定给予你单位以下行政处罚：罚款,其他,ai,True,<泛类型>,仅有罚款措辞，无法判断领域。,其他违法行为,(6-8) 法条不含书名号 | 法条: 责令改正并决定给予你单位以下行政处罚：罚款
责令改正并处拾万元(￥100000.00)罚款,其他,ai,True,<泛类型>,仅见处罚金额无具体违法内容。,其他违法行为,(6-8) 法条不含书名号 | 法条: 责令改正并处拾万元(￥100000.00)罚款
责令改正并处罚款,其他,ai,True,<泛类型>,仅有“责令改正并处罚款”，信息不足。,其他违法行为,(6-8) 法条不含书名号 | 法条: 责令改正并处罚款
责令改正并罚款,其他,ai,True,<泛类型>,仅有处罚用语，无法判断具体类型。,其他违法行为,(6-8) 法条不含书名号 | 法条: 责令改正并罚款
责令改正违法行为,其他,ai,True,<泛类型>,仅有责令改正表述，无法细分类型。,其他违法行为,(6-8) 法条不含书名号 | 法条: 责令改正违法行为
责令消除违法状态并罚款,其他,ai,True,<泛类型>,仅有处罚方式描述，无法细分。,其他违法行为,(6-8) 法条不含书名号 | 法条: 责令消除违法状态并罚款
责令立即改正,其他,ai,True,<泛类型>,仅有“责令立即改正”，无具体案由。,其他违法行为,(6-8) 法条不含书名号 | 法条: 责令立即改正
责令被处罚人限期改正,其他,ai,True,<泛类型>,仅有“责令改正”字样，无法判断。,其他违法行为,(6-8) 法条不含书名号 | 法条: 责令被处罚人限期改正
责令该公司限期改正,其他,ai,True,<泛类型>,仅有程序用语，无法判断具体类型。,其他违法行为,(6-8) 法条不含书名号 | 法条: 责令该公司限期改正
责令该公司限期整改,其他,ai,True,<泛类型>,仅见整改措辞，无法判断具体领域。,其他违法行为,(6-8) 法条不含书名号 | 法条: 责令该公司限期整改
责令限期拆除并罚款,建设工程与房地产,ai,True,<泛类型>,涉及违法建设被责令拆除。,建设工程,(6-7) 泛型法条被AI分为具体分类'建设工程与房地产'，应删除 | 原标记: <泛类型> | 法条: 责令限期拆除并罚款
责令限期改正,其他,ai,True,<泛类型>,仅有“责令限期改正”，无具体内容。,其他违法行为,(6-8) 法条不含书名号 | 法条: 责令限期改正
责令限期改正并罚款,其他,ai,True,<泛类型>,仅有处理方式，无具体违法事实。】,其他违法行为,(6-8) 法条不含书名号 | 法条: 责令限期改正并罚款
货运源头单位违反本条例第十二条,交通运输,ai,True,<泛类型>,货运源头单位违反道路货运管理规定。,交通运输违规,(6-7) 泛型法条被AI分为具体分类'交通运输'，应删除 | 原标记: <泛类型> | 法条: 货运源头单位违反本条例第十二条
质量负责人的变更是许可事项,市场主体与登记治理,ai,True,<泛类型>,未按许可变更质量负责人登记事项。,无照经营/登记问题,(6-7) 泛型法条被AI分为具体分类'市场主体与登记治理'，应删除 | 原标记: <泛类型> | 法条: 质量负责人的变更是许可事项
进价为1720元/吨,市场秩序与竞争监管,ai,True,<泛类型>,出现进价金额表述，涉价格要素。,价格/收费,(6-7) 泛型法条被AI分为具体分类'市场秩序与竞争监管'，应删除 | 原标记: <泛类型> | 法条: 进价为1720元/吨
进境粮食应当运往符合防疫及监管条,海关/进出口,ai,True,<泛类型>,涉进境粮食检疫监管事项。,海关/进出口,(6-7) 泛型法条被AI分为具体分类'海关/进出口'，应删除 | 原标记: <泛类型> | 法条: 进境粮食应当运往符合防疫及监管条
违反《中华人民共和国消法》第十九条第二款,市场秩序与竞争监管,ai,True,<泛类型>,违反消法售后保障义务，侵害消费者权益。,消费者权益/市场秩序,(6-7) 泛型法条被AI分为具体分类'市场秩序与竞争监管'，应删除 | 原标记: <泛类型> | 法条: 违反《中华人民共和国消法》第十九条第二款
违反了《传染病防治法》第二十九条第一款,卫生健康,ai,True,<泛类型>,违反传染病防治义务，属公共卫生管理。,医疗卫生,(6-7) 泛型法条被AI分为具体分类'卫生健康'，应删除 | 原标记: <泛类型> | 法条: 违反了《传染病防治法》第二十九条第一款
违反五十五条第二款的规定、第三十六条第一款、第二款,其他,ai,True,<泛类型>,仅列条款序号无法判断具体领域。,其他违法行为,(6-8) 法条不含书名号 | 法条: 违反五十五条第二款的规定、第三十六条第一款、第二款
违反多条强制性条,其他,ai,True,<泛类型>,仅知“违反多条强制性条”，信息不足。,其他违法行为,(6-8) 法条不含书名号 | 法条: 违反多条强制性条
违反本办法第十三条,其他,ai,True,<泛类型>,仅知违反第十三条，无法细化类别。,其他违法行为,(6-8) 法条不含书名号 | 法条: 违反本办法第十三条
违反本条,其他,ai,True,<泛类型>,条文内容缺失，无法判断具体类型。,其他违法行为,(6-8) 法条不含书名号 | 法条: 违反本条
违反本条例的规定,其他,ai,True,<泛类型>,仅笼统表述违反本条例，无法细分。,其他违法行为,(6-8) 法条不含书名号 | 法条: 违反本条例的规定
违反本条例第七条第二款、第三款,其他,ai,True,<泛类型>,仅指条款序号，无具体行为内容。,其他违法行为,(6-8) 法条不含书名号 | 法条: 违反本条例第七条第二款、第三款
违反本条例第三十五条,其他,ai,True,<泛类型>,仅引用条款编号，无法判断内容。,其他违法行为,(6-8) 法条不含书名号 | 法条: 违反本条例第三十五条
造成该单位少计提销项,财税与金融监管,ai,True,<泛类型>,涉及少计提销项税额、属税务问题。,税收违规,(6-7) 泛型法条被AI分为具体分类'财税与金融监管'，应删除 | 原标记: <泛类型> | 法条: 造成该单位少计提销项
逾期不缴纳罚没款,其他,ai,True,<泛类型>,仅说明逾期不缴纳罚款，信息不足。,其他违法行为,(6-8) 法条不含书名号 | 法条: 逾期不缴纳罚没款
采取下列措施:(一)到期不缴纳罚款的,其他,ai,True,<泛类型>,仅涉及罚款缴纳方式，信息不足。,其他违法行为,(6-8) 法条不含书名号 | 法条: 采取下列措施:(一)到期不缴纳罚款的
鉴于该行为违法等次一般,其他,ai,True,<泛类型>,条文信息极少，无法具体判断。,其他违法行为,(6-8) 法条不含书名号 | 法条: 鉴于该行为违法等次一般
销售马甲等25款,产品质量与安全,ai,True,<泛类型>,涉及销售服装产品，推定为质管问题。,产品质量,(6-7) 泛型法条被AI分为具体分类'产品质量与安全'，应删除 | 原标记: <泛类型> | 法条: 销售马甲等25款
镉项,其他,ai,True,<泛类型>,仅有“镉项”二字，无法判断具体内容。,其他违法行为,(6-8) 法条不含书名号 | 法条: 镉项
除前款和本法第一百二十三条,其他,ai,True,<泛类型>,条文残缺，无法解析具体内容。,其他违法行为,(6-8) 法条不含书名号 | 法条: 除前款和本法第一百二十三条
除本条第(二)项、第(三)项、第(四)项,其他,ai,True,<泛类型>,仅为条款序号，无具体违法内容。,其他违法行为,(6-8) 法条不含书名号 | 法条: 除本条第(二)项、第(三)项、第(四)项
除责令限期申请,其他,ai,True,<泛类型>,仅见“责令限期申请”，信息不足。,其他违法行为,(6-8) 法条不含书名号 | 法条: 除责令限期申请
项,其他,ai,True,<泛类型>,仅有“项”字，无实质法律内容。,其他违法行为,(6-8) 法条不含书名号 | 法条: 项
首次发现,其他,ai,True,<泛类型>,仅有“首次发现”字样，无法判断。,其他违法行为,(6-8) 法条不含书名号 | 法条: 首次发现
《中华人民共和国港口法》第四十六条第一款第(二)项处以罚款,交通运输,ai,False,,,交通运输违规,(6-5) 处罚措施描述 | 匹配模式: '处以罚款' | 法条: 《中华人民共和国港口法》第四十六条第一款第(二)项处以罚款
"《安吉县综合行政执法局行政处罚自由裁量权细化标准》第2条情节轻微的裁量标准,决定给予当事人罚款",其他,ai,False,其他违法行为,仅提及裁量标准，无具体领域。,其他违法行为,"(6-5) 程序性 | 匹配模式: '行政处罚自由裁量权' | 法条: 《安吉县综合行政执法局行政处罚自由裁量权细化标准》第2条情节轻微的裁量标准,决定给予当事人罚款"
"《建筑工程施工许可管理办法》第十二条的规定,对其处以罚款",建设工程与房地产,ai,False,,,建设工程,"(6-5) 处罚措施描述 | 匹配模式: '处以罚款' | 法条: 《建筑工程施工许可管理办法》第十二条的规定,对其处以罚款"
《中华人民共和国认证认可条例》,*认证认可管理*,ai,False,其他违法行为,依据认证认可条例，属认证监管。,*认证认可管理*,(6-6) AI分类含星号'*认证认可管理*'，分类不确定 | 法条: 《中华人民共和国认证认可条例》
《中华人民共和国认证认可条例》第二十一条第一款,*认证认可管理*,ai,False,其他违法行为,依据认证认可条例属认证活动监管。,*认证认可管理*,(6-6) AI分类含星号'*认证认可管理*'，分类不确定 | 法条: 《中华人民共和国认证认可条例》第二十一条第一款
《中华人民共和国认证认可条例》第二十七条之规定,*认证认可管理*,ai,False,其他违法行为,依据认证认可条例第二十七条规定。,*认证认可管理*,(6-6) AI分类含星号'*认证认可管理*'，分类不确定 | 法条: 《中华人民共和国认证认可条例》第二十七条之规定
《中华人民共和国认证认可条例》第二十七条的规定,*认证认可管理*,ai,False,其他违法行为,适用《认证认可条例》第二十七条情形。,*认证认可管理*,(6-6) AI分类含星号'*认证认可管理*'，分类不确定 | 法条: 《中华人民共和国认证认可条例》第二十七条的规定
《中华人民共和国认证认可条例》第二十八条,*认证认可管理*,ai,False,其他违法行为,依据认证认可条例第二十八条情形。,*认证认可管理*,(6-6) AI分类含星号'*认证认可管理*'，分类不确定 | 法条: 《中华人民共和国认证认可条例》第二十八条
《中华人民共和国认证认可条例》第六十六条,*认证认可监管*,ai,False,其他违法行为,依据认证认可条例，属认证活动违法。,*认证认可监管*,(6-6) AI分类含星号'*认证认可监管*'，分类不确定 | 法条: 《中华人民共和国认证认可条例》第六十六条
《企业投资项目核准和备案管理条例》第十九条第一款,*企业投资管理*,ai,False,其他违法行为,针对企业投资项目核准备案管理。,*企业投资管理*,(6-6) AI分类含星号'*企业投资管理*'，分类不确定 | 法条: 《企业投资项目核准和备案管理条例》第十九条第一款
《认证及认证培训、咨询人员管理办法》第十三条,*认证活动管理*,ai,False,其他违法行为,针对认证及培训咨询从业行为规范。,*认证活动管理*,(6-6) AI分类含星号'*认证活动管理*'，分类不确定 | 法条: 《认证及认证培训、咨询人员管理办法》第十三条
《认证及认证培训、咨询人员管理办法》第十九条,*认证活动管理*,ai,False,其他违法行为,针对认证及培训咨询人员管理规范。,*认证活动管理*,(6-6) AI分类含星号'*认证活动管理*'，分类不确定 | 法条: 《认证及认证培训、咨询人员管理办法》第十九条
也不能说明该批次钢筋的合法来源。我局于2015年11月19日,产品质量与安全,ai,False,其他违法行为,涉及钢筋来源不明，疑似质保问题。,产品质量,(6-8) 法条不含书名号 | 法条: 也不能说明该批次钢筋的合法来源。我局于2015年11月19日
予以警告,其他,ai,False,其他违法行为,仅写明予以警告，无法判断具体领域。,其他违法行为,(6-8) 法条不含书名号 | 法条: 予以警告
作出如下行政处罚：对当事人处警告并罚款,其他,ai,False,其他违法行为,未提供具体法条内容无法判断。,其他违法行为,(6-8) 法条不含书名号 | 法条: 作出如下行政处罚：对当事人处警告并罚款
作出给予警告,其他,ai,False,其他违法行为,仅写明给予警告，无法判断具体领域。,其他违法行为,(6-8) 法条不含书名号 | 法条: 作出给予警告
作出警告,其他,ai,False,其他违法行为,仅有“作出警告”，无法判断具体领域。,其他违法行为,(6-8) 法条不含书名号 | 法条: 作出警告
作出警告;罚款,其他,ai,False,其他违法行为,仅有处罚结果，无具体案情内容。,其他违法行为,(6-8) 法条不含书名号 | 法条: 作出警告;罚款
作出警告、罚款,其他,ai,False,其他违法行为,仅有处罚种类描述，无法细分类别。,其他违法行为,(6-8) 法条不含书名号 | 法条: 作出警告、罚款
依据《中华人民共和国认证认可条例》第六十六条,*认证认可管理*,ai,False,其他违法行为,《认证认可条例》专门规范认证认可行为。,*认证认可管理*,(6-6) AI分类含星号'*认证认可管理*'，分类不确定 | 法条: 依据《中华人民共和国认证认可条例》第六十六条
决定予以你(单位)1、警告;2、罚款,其他,ai,False,其他违法行为,仅有处罚种类表述，无法细分类型。,其他违法行为,(6-8) 法条不含书名号 | 法条: 决定予以你(单位)1、警告;2、罚款
决定予以你(单位)警告,其他,ai,False,其他违法行为,仅有处罚决定表述，无法判断具体类型。,其他违法行为,(6-8) 法条不含书名号 | 法条: 决定予以你(单位)警告
决定予以你单位:警告、罚款,其他,ai,False,其他违法行为,仅有处罚结果，无具体违法内容。,其他违法行为,(6-8) 法条不含书名号 | 法条: 决定予以你单位:警告、罚款
决定予以你单位警告,其他,ai,False,其他违法行为,仅有警告结论，缺乏具体案由信息。,其他违法行为,(6-8) 法条不含书名号 | 法条: 决定予以你单位警告
决定予以该单位警告、罚款,其他,ai,False,其他违法行为,仅有处罚措辞，无具体案由信息。,其他违法行为,(6-8) 法条不含书名号 | 法条: 决定予以该单位警告、罚款
决定合并给予你单位警告并罚款,其他,ai,False,其他违法行为,仅见处罚决定语句，无法判断类型。,其他违法行为,(6-8) 法条不含书名号 | 法条: 决定合并给予你单位警告并罚款
决定对你公司给予警告,其他,ai,False,其他违法行为,仅有处罚决定语句，无法细分类型。,其他违法行为,(6-8) 法条不含书名号 | 法条: 决定对你公司给予警告
决定对你单位予以警告并处罚款,其他,ai,False,其他违法行为,仅有处罚结果，无具体案由信息。,其他违法行为,(6-8) 法条不含书名号 | 法条: 决定对你单位予以警告并处罚款
决定对你单位作出予以警告并处罚款,其他,ai,False,其他违法行为,仅有处罚决定语句，无法判断具体类型。,其他违法行为,(6-8) 法条不含书名号 | 法条: 决定对你单位作出予以警告并处罚款
决定对你单位作出合并处罚:警告并处罚款,其他,ai,False,其他违法行为,仅有合并处罚表述，无法细化类型。,其他违法行为,(6-8) 法条不含书名号 | 法条: 决定对你单位作出合并处罚:警告并处罚款
决定对你单位作出如下行政处罚:给予警告并处罚款,其他,ai,False,其他违法行为,仅有处罚结果，无法判断具体类型。,其他违法行为,(6-8) 法条不含书名号 | 法条: 决定对你单位作出如下行政处罚:给予警告并处罚款
决定对你单位作出警告,其他,ai,False,其他违法行为,仅有处罚决定表述，无法判断类型。,其他违法行为,(6-8) 法条不含书名号 | 法条: 决定对你单位作出警告
决定对其作出警告并出罚款,其他,ai,False,其他违法行为,仅有处罚结论，无具体违法内容。,其他违法行为,(6-8) 法条不含书名号 | 法条: 决定对其作出警告并出罚款
决定对宁海县东门酒业有限公司作出罚款,产品质量与安全,ai,False,其他违法行为,酒业公司被罚，多属食品监管领域。,食品药品,(6-8) 法条不含书名号 | 法条: 决定对宁海县东门酒业有限公司作出罚款
决定对当事人予以警告,其他,ai,False,其他违法行为,仅有警告措辞，无具体违法信息。,其他违法行为,(6-8) 法条不含书名号 | 法条: 决定对当事人予以警告
决定给予以下行政处罚:给予警告,其他,ai,False,其他违法行为,仅有处罚结果，无法判断具体类型。,其他违法行为,(6-8) 法条不含书名号 | 法条: 决定给予以下行政处罚:给予警告
决定给予以下行政处罚:给予警告并处罚款,其他,ai,False,其他违法行为,未提供具体法条内容，无法细分。,其他违法行为,(6-8) 法条不含书名号 | 法条: 决定给予以下行政处罚:给予警告并处罚款
决定给予你公司警告,其他,ai,False,其他违法行为,仅有警告决定，无法判断具体类型。,其他违法行为,(6-8) 法条不含书名号 | 法条: 决定给予你公司警告
决定给予你公司警告、并处三万元罚款,其他,ai,False,其他违法行为,仅有处罚结果，无具体违法内容描述。,其他违法行为,(6-8) 法条不含书名号 | 法条: 决定给予你公司警告、并处三万元罚款
决定给予你公司警告并罚款,其他,ai,False,其他违法行为,仅有处罚结论，无具体违法内容。,其他违法行为,(6-8) 法条不含书名号 | 法条: 决定给予你公司警告并罚款
决定给予杨佩警告并罚款,其他,ai,False,其他违法行为,仅有处罚决定表述，无法判断类型。,其他违法行为,(6-8) 法条不含书名号 | 法条: 决定给予杨佩警告并罚款
决定给予警告,其他,ai,False,其他违法行为,仅有“决定给予警告”，无法判断具体类型。,其他违法行为,(6-8) 法条不含书名号 | 法条: 决定给予警告
决定给予警告并处6000元罚款,其他,ai,False,其他违法行为,仅有处罚结果，无具体案情信息。,其他违法行为,(6-8) 法条不含书名号 | 法条: 决定给予警告并处6000元罚款
决定给予警告并处罚款,其他,ai,False,其他违法行为,仅见处罚决定语，无具体案由信息。,其他违法行为,(6-8) 法条不含书名号 | 法条: 决定给予警告并处罚款
决定给予警告并罚款,其他,ai,False,其他违法行为,仅有处罚结果，无法判断具体类型。,其他违法行为,(6-8) 法条不含书名号 | 法条: 决定给予警告并罚款
决定给予许志丽警告并罚款,其他,ai,False,其他违法行为,仅有处罚决定文字，无法判断具体领域。,其他违法行为,(6-8) 法条不含书名号 | 法条: 决定给予许志丽警告并罚款
决定给予齐学军警告并罚款,其他,ai,False,其他违法行为,仅有处罚决定用语，无法判断具体类型。,其他违法行为,(6-8) 法条不含书名号 | 法条: 决定给予齐学军警告并罚款
合并给予警告,其他,ai,False,其他违法行为,仅有“合并给予警告”，无法细分类型。,其他违法行为,(6-8) 法条不含书名号 | 法条: 合并给予警告
处警告并处罚款,其他,ai,False,其他违法行为,仅有处罚用语，无法判断具体领域。,其他违法行为,(6-8) 法条不含书名号 | 法条: 处警告并处罚款
对何兴燕予以警告并罚款,其他,ai,False,其他违法行为,仅有处罚结果，无具体违法情形。,其他违法行为,(6-8) 法条不含书名号 | 法条: 对何兴燕予以警告并罚款
对孙洁警告并罚款,其他,ai,False,其他违法行为,仅有处罚结果，未体现具体违法类型。,其他违法行为,(6-8) 法条不含书名号 | 法条: 对孙洁警告并罚款
对当事人作出警告并处以罚款,其他,ai,False,其他违法行为,仅有处罚结果，无具体法条信息。,其他违法行为,(6-5) 处罚措施描述 | 匹配模式: '处以罚款' | 法条: 对当事人作出警告并处以罚款
对熊远松予以警告并罚款,其他,ai,False,其他违法行为,仅有处罚结果描述，无法判断类型。,其他违法行为,(6-8) 法条不含书名号 | 法条: 对熊远松予以警告并罚款
对第2条违法违规行为给予警告,其他,ai,False,其他违法行为,仅有“第2条违法行为”字样，信息不足。,其他违法行为,(6-8) 法条不含书名号 | 法条: 对第2条违法违规行为给予警告
对第4条违法违规行为给予警告,其他,ai,False,其他违法行为,仅有处罚表述，无具体案由信息。,其他违法行为,(6-8) 法条不含书名号 | 法条: 对第4条违法违规行为给予警告
对第5条违法违规行为给予警告,其他,ai,False,其他违法行为,仅提及警告处分，无具体领域信息。,其他违法行为,(6-8) 法条不含书名号 | 法条: 对第5条违法违规行为给予警告
对第二项给予警告并处陆仟元罚款,其他,ai,False,其他违法行为,仅见处罚结果，无具体法条内容。,其他违法行为,(6-8) 法条不含书名号 | 法条: 对第二项给予警告并处陆仟元罚款
对该行给予警告,其他,ai,False,其他违法行为,仅有“警告”结论，无具体法条内容。,其他违法行为,(6-8) 法条不含书名号 | 法条: 对该行给予警告
并处罚款2万元;决定给予吴玲玲警告,其他,ai,False,其他违法行为,仅有处罚结果，无案由与法条内容。,其他违法行为,(6-8) 法条不含书名号 | 法条: 并处罚款2万元;决定给予吴玲玲警告
应当给予你中心支公司警告并罚款,其他,ai,False,其他违法行为,仅有处罚表述无法判断具体类型。,其他违法行为,(6-8) 法条不含书名号 | 法条: 应当给予你中心支公司警告并罚款
应当给予你分公司警告并罚款,其他,ai,False,其他违法行为,信息极少，无法判断具体领域。,其他违法行为,(6-8) 法条不含书名号 | 法条: 应当给予你分公司警告并罚款
建议对当事人处以警告并罚款,其他,ai,False,其他违法行为,只有处罚结果，无具体违法情形。,其他违法行为,(6-5) 处罚措施描述 | 匹配模式: '处以警告并罚款' | 法条: 建议对当事人处以警告并罚款
我分局决定对位建顺予以警告并处罚款,其他,ai,False,其他违法行为,仅有处罚结果，无具体违法内容。,其他违法行为,(6-8) 法条不含书名号 | 法条: 我分局决定对位建顺予以警告并处罚款
我分局决定对刘兆宾予以警告并罚款1万元,其他,ai,False,其他违法行为,仅有处罚决定无具体违法事实说明。,其他违法行为,(6-8) 法条不含书名号 | 法条: 我分局决定对刘兆宾予以警告并罚款1万元
我分局决定对刘延敏警告并罚款1万元,其他,ai,False,其他违法行为,仅有处罚结果，无具体违法情节。,其他违法行为,(6-8) 法条不含书名号 | 法条: 我分局决定对刘延敏警告并罚款1万元
我分局决定对吴绍坤警告并处罚款,其他,ai,False,其他违法行为,仅见处罚决定表述，无法判断类型。,其他违法行为,(6-8) 法条不含书名号 | 法条: 我分局决定对吴绍坤警告并处罚款
我分局决定对平安人寿日照中支予以警告,其他,ai,False,其他违法行为,仅有处罚决定表述，无法判断类型。,其他违法行为,(6-8) 法条不含书名号 | 法条: 我分局决定对平安人寿日照中支予以警告
我分局决定对李福臣予以警告,其他,ai,False,其他违法行为,仅载明警告决定，无法判断具体类型。,其他违法行为,(6-8) 法条不含书名号 | 法条: 我分局决定对李福臣予以警告
我分局决定对赵庆言予以警告,其他,ai,False,其他违法行为,仅载明警告决定，无法判断类型。,不予处罚,(6-8) 法条不含书名号 | 法条: 我分局决定对赵庆言予以警告
我分局决定给予平安人寿济宁中支警告并处罚款,财税与金融监管,ai,False,其他违法行为,主体为人寿保险机构，属金融领域。,金融/信贷违规,(6-8) 法条不含书名号 | 法条: 我分局决定给予平安人寿济宁中支警告并处罚款
我分局决定给予林荣生警告并罚款,其他,ai,False,其他违法行为,仅有处罚决定语句，无法判断类型。,其他违法行为,(6-8) 法条不含书名号 | 法条: 我分局决定给予林荣生警告并罚款
我分局决定给予谢建生警告并罚款,其他,ai,False,其他违法行为,仅有处罚决定语句，无法判断具体类型。,其他违法行为,(6-8) 法条不含书名号 | 法条: 我分局决定给予谢建生警告并罚款
我局决定分别给予周晗凌和章裕平警告并1万元罚款,其他,ai,False,其他违法行为,仅有处罚结果，无具体违法情形描述。,其他违法行为,(6-8) 法条不含书名号 | 法条: 我局决定分别给予周晗凌和章裕平警告并1万元罚款
我局决定对你中心支公司给予警告并罚款,其他,ai,False,其他违法行为,仅有处罚决定语句，无法判断具体类型。,其他违法行为,(6-8) 法条不含书名号 | 法条: 我局决定对你中心支公司给予警告并罚款
我局决定对你公司作出警告、罚款,其他,ai,False,其他违法行为,仅有处罚结果，无具体违法内容说明。,其他违法行为,(6-8) 法条不含书名号 | 法条: 我局决定对你公司作出警告、罚款
我局决定对你公司处以警告、罚款,其他,ai,False,其他违法行为,仅有处罚决定语句，无法判断类型。,其他违法行为,(6-5) 处罚措施描述 | 匹配模式: '处以警告、罚款' | 法条: 我局决定对你公司处以警告、罚款
我局决定对你公司警告并罚款,其他,ai,False,其他违法行为,仅有处罚决定语句，无法判断。,其他违法行为,(6-8) 法条不含书名号 | 法条: 我局决定对你公司警告并罚款
我局决定对吴彪予以警告并罚款4万元的行政处罚,其他,ai,False,其他违法行为,仅有处罚决定结果，无法判断类型。,其他违法行为,(6-8) 法条不含书名号 | 法条: 我局决定对吴彪予以警告并罚款4万元的行政处罚
我局决定对太平人寿吉林分公司处以警告,其他,ai,False,其他违法行为,仅有处罚决定表述，无法细分类型。,其他违法行为,(6-8) 法条不含书名号 | 法条: 我局决定对太平人寿吉林分公司处以警告
我局决定对董汉珍警告并处罚款,其他,ai,False,其他违法行为,仅有处罚决定表述，无法判断类型。,其他违法行为,(6-8) 法条不含书名号 | 法条: 我局决定对董汉珍警告并处罚款
我局决定对该单位作出警告并处罚款,其他,ai,False,其他违法行为,仅有处罚措辞，无法判断领域。,其他违法行为,(6-8) 法条不含书名号 | 法条: 我局决定对该单位作出警告并处罚款
我局决定对邬海彬给予警告并处10万元罚款,其他,ai,False,其他违法行为,仅有处罚结果描述，无法判断类型。,其他违法行为,(6-8) 法条不含书名号 | 法条: 我局决定对邬海彬给予警告并处10万元罚款
我局决定给予你分公司警告并罚款,其他,ai,False,其他违法行为,仅有处罚决定语句，无法判断类型。,其他违法行为,(6-8) 法条不含书名号 | 法条: 我局决定给予你分公司警告并罚款
我局决定给予其警告并罚款,其他,ai,False,其他违法行为,仅有处罚决定表述，无法判断类型。,其他违法行为,(6-8) 法条不含书名号 | 法条: 我局决定给予其警告并罚款
我局决定给予李红卫警告并罚款,其他,ai,False,其他违法行为,仅有处罚结论，未提供案由内容。,其他违法行为,(6-8) 法条不含书名号 | 法条: 我局决定给予李红卫警告并罚款
我局决定给予梁隆辉警告,其他,ai,False,其他违法行为,仅见警告决定，无违法细节可判。,其他违法行为,(6-8) 法条不含书名号 | 法条: 我局决定给予梁隆辉警告
我局给予张弦警告并罚款,其他,ai,False,其他违法行为,仅见处罚结果无具体案由描述。,其他违法行为,(6-8) 法条不含书名号 | 法条: 我局给予张弦警告并罚款
拟对你单位作出警告,其他,ai,False,其他违法行为,仅有拟警告表述，无法判明类型。,其他违法行为,(6-8) 法条不含书名号 | 法条: 拟对你单位作出警告
本局决定对你单位作出警告并罚款,其他,ai,False,其他违法行为,仅有处罚决定语句，无法判断类型。,其他违法行为,(6-8) 法条不含书名号 | 法条: 本局决定对你单位作出警告并罚款
本机关决定给予警告,其他,ai,False,其他违法行为,仅有处罚结果，无具体案由信息。,其他违法行为,(6-8) 法条不含书名号 | 法条: 本机关决定给予警告
本机关决定警告,其他,ai,False,其他违法行为,仅有处罚结论，无具体案情描述。,其他违法行为,(6-8) 法条不含书名号 | 法条: 本机关决定警告
本行政机关决定对该单位处以警告并罚款,其他,ai,False,其他违法行为,仅有处罚决定语句，无法判断类型。,其他违法行为,(6-5) 处罚措施描述 | 匹配模式: '处以警告并罚款' | 法条: 本行政机关决定对该单位处以警告并罚款
第1项、第2项违法违规行为作出警告、并各处罚款,其他,ai,False,其他违法行为,未提供具体法条内容，无法细分。,其他违法行为,(6-8) 法条不含书名号 | 法条: 第1项、第2项违法违规行为作出警告、并各处罚款
第1项作出警告、并处罚款,其他,ai,False,其他违法行为,只有处罚表述，无具体案由信息。,其他违法行为,(6-8) 法条不含书名号 | 法条: 第1项作出警告、并处罚款
第2项违法违规行为给予警告,其他,ai,False,其他违法行为,仅有处罚结果描述，无法判断类型。,其他违法行为,(6-8) 法条不含书名号 | 法条: 第2项违法违规行为给予警告
第3项违法违规行为作出警告、并处罚款,其他,ai,False,其他违法行为,条文信息极少，无法判断具体领域。,其他违法行为,(6-8) 法条不含书名号 | 法条: 第3项违法违规行为作出警告、并处罚款
第3项违法违规行为给予警告,其他,ai,False,其他违法行为,条文内容过少，无法细分判断。,其他违法行为,(6-8) 法条不含书名号 | 法条: 第3项违法违规行为给予警告
第三条给予警告,其他,ai,False,其他违法行为,仅见“给予警告”，无具体违法内容。,其他违法行为,(6-8) 法条不含书名号 | 法条: 第三条给予警告
给与警告,其他,ai,False,其他违法行为,仅有“给与警告”，无法具体判断内容。,其他违法行为,(6-8) 法条不含书名号 | 法条: 给与警告
给予滴滴出行科技有限公司警告,其他,ai,False,其他违法行为,仅载明警告决定，无法判断具体类型。,其他违法行为,(6-8) 法条不含书名号 | 法条: 给予滴滴出行科技有限公司警告
给予警告,其他,ai,False,其他违法行为,仅有处罚结果，无具体违法情形。,其他违法行为,(6-8) 法条不含书名号 | 法条: 给予警告
给予警告;罚款,其他,ai,False,其他违法行为,仅有处罚方式，无具体情节可判。,其他违法行为,(6-8) 法条不含书名号 | 法条: 给予警告;罚款
给予警告并处人民币贰万元整罚款,其他,ai,False,其他违法行为,仅有处罚金额描述，无法判断类别。,其他违法行为,(6-8) 法条不含书名号 | 法条: 给予警告并处人民币贰万元整罚款
给予警告并处罚款,其他,ai,False,其他违法行为,未提供具体法律条文内容信息。,其他违法行为,(6-8) 法条不含书名号 | 法条: 给予警告并处罚款
给予警告并罚款,其他,ai,False,其他违法行为,仅有处罚结果，无任何案情信息。,其他违法行为,(6-8) 法条不含书名号 | 法条: 给予警告并罚款
行政机关决定给予警告并处柒仟元罚款,其他,ai,False,其他违法行为,仅见处罚结果，无实质案情内容。,其他违法行为,(6-8) 法条不含书名号 | 法条: 行政机关决定给予警告并处柒仟元罚款
警告,其他,ai,False,其他违法行为,仅作出警告决定未涉具体违法事由。,不予处罚,(6-8) 法条不含书名号 | 法条: 警告
警告、罚款,其他,ai,False,其他违法行为,仅有“警告、罚款”，无具体内容。,其他违法行为,(6-8) 法条不含书名号 | 法条: 警告、罚款
责令改正并警告,其他,ai,False,其他违法行为,仅有责令改正警告，无具体法条。,其他违法行为,(6-8) 法条不含书名号 | 法条: 责令改正并警告
黑龙江保监局决定对张进伟给予警告,财税与金融监管,ai,False,其他违法行为,保监局处罚，属保险金融领域行为。,金融/信贷违规,(6-8) 法条不含书名号 | 法条: 黑龙江保监局决定对张进伟给予警告
"""授权委托书和法定代表人身份证明书各一份",侵犯商标/知识产权,授权,False,,,侵犯商标/知识产权,"(6-8) 法条不含书名号 | 法条: ""授权委托书和法定代表人身份证明书各一份"
(一)用于简易计税方法计税项目、免征增值税项,税收违规,增值税||税,False,(匹配)财税与金融监管,,税收违规,(6-8) 法条不含书名号 | 法条: (一)用于简易计税方法计税项目、免征增值税项
“下列项目的进项税额不得从销项税额中抵扣,税收违规,税,False,(匹配)财税与金融监管,,税收违规,(6-8) 法条不含书名号 | 法条: “下列项目的进项税额不得从销项税额中抵扣
“企业所得税法第八条,税收违规,税,False,(匹配)财税与金融监管,,税收违规,(6-8) 法条不含书名号 | 法条: “企业所得税法第八条
“扣缴义务人应扣未扣、应收而不收税款的,税收违规,税,False,(匹配)财税与金融监管,,税收违规,(6-8) 法条不含书名号 | 法条: “扣缴义务人应扣未扣、应收而不收税款的
“纳税人不进行纳税申报,税收违规,纳税||税,False,(匹配)财税与金融监管,,税收违规,(6-8) 法条不含书名号 | 法条: “纳税人不进行纳税申报
《中华人民共和国内河海事行政处罚规定》第十七条第一款和第二款第（三）项处以罚款,海事安全,海事,False,,,海事安全,(6-5) 处罚措施描述 | 匹配模式: '处以罚款' | 法条: 《中华人民共和国内河海事行政处罚规定》第十七条第一款和第二款第（三）项处以罚款
《中华人民共和国发票管理办法》第三十五条第（一）项之规定处以9000元罚款,财税与金融监管,发票,False,,,税收违规,(6-5) 处罚措施描述 | 匹配模式: '处以9000元罚款' | 法条: 《中华人民共和国发票管理办法》第三十五条第（一）项之规定处以9000元罚款
《中华人民共和国发票管理办法》第二十二条第二款、第三十七条之规定处罚决定:处以70000.00元罚款,财税与金融监管,发票,False,,,税收违规,(6-5) 处罚措施描述 | 匹配模式: '处以70000.00元罚款' | 法条: 《中华人民共和国发票管理办法》第二十二条第二款、第三十七条之规定处罚决定:处以70000.00元罚款
《中华人民共和国安全生产法》第九十四条第（七）项的规定责令限期改正可以处五万元以下的罚款,安全生产,安全||安全生产,False,,,安全生产,(6-5) 处罚措施描述 | 匹配模式: '可以处五万元以下的罚款' | 法条: 《中华人民共和国安全生产法》第九十四条第（七）项的规定责令限期改正可以处五万元以下的罚款
《中华人民共和国排污许可管理条例》第三十三条第一项处以人民币贰拾万元罚款(罚款,环境保护,排污,False,,,环境保护,(6-5) 处罚措施描述 | 匹配模式: '处以人民币贰拾万元罚款(罚款' | 法条: 《中华人民共和国排污许可管理条例》第三十三条第一项处以人民币贰拾万元罚款(罚款
《中华人民共和国港口法》第四十六条第一款第(二)项处以罚款,海事安全,港口,False,,,海事安全,(6-5) 处罚措施描述 | 匹配模式: '处以罚款' | 法条: 《中华人民共和国港口法》第四十六条第一款第(二)项处以罚款
《丽水市劳动保障行政处罚自由裁量权标准》,劳动保障,劳动保障,False,,,劳动保障/用工,(6-5) 程序性 | 匹配模式: '行政处罚自由裁量权' | 法条: 《丽水市劳动保障行政处罚自由裁量权标准》
《丽水市劳动保障行政处罚自由裁量权标准》第八项,劳动保障,劳动保障,False,,,劳动保障/用工,(6-5) 程序性 | 匹配模式: '行政处罚自由裁量权' | 法条: 《丽水市劳动保障行政处罚自由裁量权标准》第八项
《佛山市生态环境局行政处罚自由裁量权的执行规定》第十条,环境保护,环境||生态||生态环境,False,,,环境保护,(6-5) 程序性 | 匹配模式: '行政处罚自由裁量权' | 法条: 《佛山市生态环境局行政处罚自由裁量权的执行规定》第十条
《佛山市生态环境局行政处罚自由裁量权裁量标准(2020)》,环境保护,环境||生态||生态环境,False,,,环境保护,(6-5) 程序性 | 匹配模式: '行政处罚自由裁量权' | 法条: 《佛山市生态环境局行政处罚自由裁量权裁量标准(2020)》
《关于印发玉环县工商局关于规范行使侵犯注册商标专用权行政处罚自由裁量权的实施意见（试行）的通知》,侵犯商标/知识产权,商标||注册商标||商标专用权||侵犯商标专用权||侵犯专用权,False,,,侵犯商标/知识产权,(6-5) 程序性 | 匹配模式: '行政处罚自由裁量权' | 法条: 《关于印发玉环县工商局关于规范行使侵犯注册商标专用权行政处罚自由裁量权的实施意见（试行）的通知》
《关于广东省财经职业技术学校印刷厂未按规定时间公示年度报告的情况说明》,市场秩序与竞争监管,印刷,False,,,虚假广告/虚假宣传,(6-5) 报告书类 | 匹配模式: '年度报告' | 法条: 《关于广东省财经职业技术学校印刷厂未按规定时间公示年度报告的情况说明》
《关于进一步规范适用环境行政处罚自由裁量权的指导意见》,环境保护,环境,False,,,环境保护,(6-5) 程序性 | 匹配模式: '行政处罚自由裁量权' | 法条: 《关于进一步规范适用环境行政处罚自由裁量权的指导意见》
"《劳动保障监察条例》第二十五条规定,决定对北京三京汽车配件有限公司处以罚款",劳动保障,劳动保障,False,,,劳动保障/用工,"(6-5) 处罚措施描述 | 匹配模式: '处以罚款' | 法条: 《劳动保障监察条例》第二十五条规定,决定对北京三京汽车配件有限公司处以罚款"
《劳动保障监察责令改正决定书》第七建筑安装有限公司处以20000元罚款,劳动保障,劳动保障,False,,,劳动保障/用工,(6-5) 处罚措施描述 | 匹配模式: '处以20000元罚款' | 法条: 《劳动保障监察责令改正决定书》第七建筑安装有限公司处以20000元罚款
《南宁市城市管理综合行政执法行政处罚自由裁量权基准(南宁市建设工程施工现场管理若干规定)》,建设工程与房地产,施工||建设工程||工程施工||工程,False,,,建设工程,(6-5) 程序性 | 匹配模式: '行政处罚自由裁量权' | 法条: 《南宁市城市管理综合行政执法行政处罚自由裁量权基准(南宁市建设工程施工现场管理若干规定)》
《吉林省质量技术监督行政处罚裁量权适用规则（试行）》第四十四条“,产品质量与安全,质量技术监督,False,,,产品质量,(6-5) 程序性 | 匹配模式: '行政处罚裁量权' | 法条: 《吉林省质量技术监督行政处罚裁量权适用规则（试行）》第四十四条“
《四川省人力资源社会保障行政处罚裁量权适用规则》,劳动保障,人力资源,False,,,劳动保障/用工,(6-5) 程序性 | 匹配模式: '行政处罚裁量权' | 法条: 《四川省人力资源社会保障行政处罚裁量权适用规则》
《四川省质量技术监督行政处罚裁量权适用规则》第八条第二款,产品质量与安全,质量技术监督,False,,,产品质量,(6-5) 程序性 | 匹配模式: '行政处罚裁量权' | 法条: 《四川省质量技术监督行政处罚裁量权适用规则》第八条第二款
《四川省质量技术监督行政处罚裁量权适用规则（2018年修订版）》,产品质量与安全,质量技术监督,False,,,产品质量,(6-5) 程序性 | 匹配模式: '行政处罚裁量权' | 法条: 《四川省质量技术监督行政处罚裁量权适用规则（2018年修订版）》
《大连市质量技术监督管理局行政处罚裁量权使用规则和行政处罚裁量基准》,产品质量与安全,质量技术监督,False,,,产品质量,(6-5) 程序性 | 匹配模式: '行政处罚裁量权' | 法条: 《大连市质量技术监督管理局行政处罚裁量权使用规则和行政处罚裁量基准》
《宁夏回族自治区安全生产行政处罚裁量权基准》,安全生产,安全||安全生产,False,,,安全生产,(6-5) 程序性 | 匹配模式: '行政处罚裁量权' | 法条: 《宁夏回族自治区安全生产行政处罚裁量权基准》
《宁波市人力资源和社会保障行政处罚自由裁量权》,劳动保障,人力资源,False,,,劳动保障/用工,(6-5) 程序性 | 匹配模式: '行政处罚自由裁量权' | 法条: 《宁波市人力资源和社会保障行政处罚自由裁量权》
《宁波市人力资源和社会保障行政处罚自由裁量权适用办法》,劳动保障,人力资源,False,,,劳动保障/用工,(6-5) 程序性 | 匹配模式: '行政处罚自由裁量权' | 法条: 《宁波市人力资源和社会保障行政处罚自由裁量权适用办法》
《安全生产行政处罚自由裁量权细化基本准表》,安全生产,安全||安全生产,False,,,安全生产,(6-5) 程序性 | 匹配模式: '行政处罚自由裁量权' | 法条: 《安全生产行政处罚自由裁量权细化基本准表》
《安全生产违法行为行政处罚办法》第四十五条第(一)项作出予以警告并处以罚款,安全生产,安全||安全生产||警告,False,,,安全生产,(6-5) 处罚措施描述 | 匹配模式: '处以罚款' | 法条: 《安全生产违法行为行政处罚办法》第四十五条第(一)项作出予以警告并处以罚款
《安徽省劳动保障行政处罚裁量权基准适用规则(试行)》第三十四条第三款第三项,劳动保障,劳动保障,False,,,劳动保障/用工,(6-5) 程序性 | 匹配模式: '行政处罚裁量权' | 法条: 《安徽省劳动保障行政处罚裁量权基准适用规则(试行)》第三十四条第三款第三项
《安徽省劳动保障行政处罚裁量权基准适用规则(试行)》第三十四条第三款第三项,劳动保障,劳动保障,False,,,劳动保障/用工,(6-5) 程序性 | 匹配模式: '行政处罚裁量权' | 法条: 《安徽省劳动保障行政处罚裁量权基准适用规则(试行)》第三十四条第三款第三项
《安徽省安全生产行政处罚自由裁量权标准(2020版)》,安全生产,安全||安全生产,False,,,安全生产,(6-5) 程序性 | 匹配模式: '行政处罚自由裁量权' | 法条: 《安徽省安全生产行政处罚自由裁量权标准(2020版)》
《山东省质量技术监督行政处罚裁量权适用规则和行政处罚裁量基准》,产品质量与安全,质量技术监督,False,,,产品质量,(6-5) 程序性 | 匹配模式: '行政处罚裁量权' | 法条: 《山东省质量技术监督行政处罚裁量权适用规则和行政处罚裁量基准》
《山东省质量技术监督行政处罚裁量权适用规则和行政处罚裁量基准》第二章分则第一节产品质量类第一条,产品质量与安全,产品质量||质量技术监督,False,,,产品质量,(6-5) 程序性 | 匹配模式: '行政处罚裁量权' | 法条: 《山东省质量技术监督行政处罚裁量权适用规则和行政处罚裁量基准》第二章分则第一节产品质量类第一条
《广东省住房和城乡建设系统行政处罚自由裁量权基准(工程建设与建筑业类)(2020年版)》,建设工程与房地产,建设工程||工程,False,,,建设工程,(6-5) 程序性 | 匹配模式: '行政处罚自由裁量权' | 法条: 《广东省住房和城乡建设系统行政处罚自由裁量权基准(工程建设与建筑业类)(2020年版)》
《广东省住房和城乡建设系统行政处罚自由裁量权基准(工程建设与建筑业类)(2020年版)》第B406.37.2条,建设工程与房地产,建设工程||工程,False,,,建设工程,(6-5) 程序性 | 匹配模式: '行政处罚自由裁量权' | 法条: 《广东省住房和城乡建设系统行政处罚自由裁量权基准(工程建设与建筑业类)(2020年版)》第B406....
《广东省住房和城乡建设系统行政处罚自由裁量权基准(工程建设与建筑业类)》,建设工程与房地产,建设工程||工程,False,,,建设工程,(6-5) 程序性 | 匹配模式: '行政处罚自由裁量权' | 法条: 《广东省住房和城乡建设系统行政处罚自由裁量权基准(工程建设与建筑业类)》
《广东省住房和城乡建设系统行政处罚自由裁量权基准(工程建设与建筑业类)》第284项,建设工程与房地产,建设工程||工程,False,,,建设工程,(6-5) 程序性 | 匹配模式: '行政处罚自由裁量权' | 法条: 《广东省住房和城乡建设系统行政处罚自由裁量权基准(工程建设与建筑业类)》第284项
《广东省住房和城乡建设系统行政处罚自由裁量权基准(工程建设与建筑业类2020年版)》,建设工程与房地产,建设工程||工程,False,,,建设工程,(6-5) 程序性 | 匹配模式: '行政处罚自由裁量权' | 法条: 《广东省住房和城乡建设系统行政处罚自由裁量权基准(工程建设与建筑业类2020年版)》
《广东省住房和城乡建设系统行政处罚自由裁量权基准--工程建设与建筑业类》,建设工程与房地产,建设工程||工程,False,,,建设工程,(6-5) 程序性 | 匹配模式: '行政处罚自由裁量权' | 法条: 《广东省住房和城乡建设系统行政处罚自由裁量权基准--工程建设与建筑业类》
《广东省住房和城乡建设系统行政处罚自由裁量权基准工程建设与建筑业类》,建设工程与房地产,建设工程||工程,False,,,建设工程,(6-5) 程序性 | 匹配模式: '行政处罚自由裁量权' | 法条: 《广东省住房和城乡建设系统行政处罚自由裁量权基准工程建设与建筑业类》
《广东省住房和城乡建设系统行政处罚自由裁量权基准（工程建设与建筑业类）》,建设工程与房地产,建设工程||工程,False,,,建设工程,(6-5) 程序性 | 匹配模式: '行政处罚自由裁量权' | 法条: 《广东省住房和城乡建设系统行政处罚自由裁量权基准（工程建设与建筑业类）》
《广东省生态环境行政处罚自由裁量权规定》,环境保护,环境||生态||生态环境,False,,,环境保护,(6-5) 程序性 | 匹配模式: '行政处罚自由裁量权' | 法条: 《广东省生态环境行政处罚自由裁量权规定》
《广东省生态环境行政处罚自由裁量权规定》第三条、第六条、第十二条,环境保护,环境||生态||生态环境,False,,,环境保护,(6-5) 程序性 | 匹配模式: '行政处罚自由裁量权' | 法条: 《广东省生态环境行政处罚自由裁量权规定》第三条、第六条、第十二条
《广东省生态环境行政处罚自由裁量权规定》第十七条、,环境保护,环境||生态||生态环境,False,,,环境保护,(6-5) 程序性 | 匹配模式: '行政处罚自由裁量权' | 法条: 《广东省生态环境行政处罚自由裁量权规定》第十七条、
《广东省生态环境行政处罚自由裁量权规定》第十四条,环境保护,环境||生态||生态环境,False,,,环境保护,(6-5) 程序性 | 匹配模式: '行政处罚自由裁量权' | 法条: 《广东省生态环境行政处罚自由裁量权规定》第十四条
《广州市交通委员会规范行政处罚自由裁量权规定》,交通运输,交通,False,,,交通运输违规,(6-5) 程序性 | 匹配模式: '行政处罚自由裁量权' | 法条: 《广州市交通委员会规范行政处罚自由裁量权规定》
《广州市安全生产监督管理局关于规范安全生产行政处罚自由裁量权规定》,安全生产,安全||安全生产||安全管理规定||安全监理||安全生产管理,False,,,安全生产,(6-5) 程序性 | 匹配模式: '行政处罚自由裁量权' | 法条: 《广州市安全生产监督管理局关于规范安全生产行政处罚自由裁量权规定》
《广州市应急管理局规范行政处罚自由裁量权实施办法》,安全生产,应急||应急管理,False,,,安全生产,(6-5) 程序性 | 匹配模式: '行政处罚自由裁量权' | 法条: 《广州市应急管理局规范行政处罚自由裁量权实施办法》
《广州市生态环境局关于印发广州市规范生态环境行政处罚自由裁量权规定的通知》,环境保护,环境||生态||生态环境,False,,,环境保护,(6-5) 程序性 | 匹配模式: '行政处罚自由裁量权' | 法条: 《广州市生态环境局关于印发广州市规范生态环境行政处罚自由裁量权规定的通知》
《广州市规范环境行政处罚自由裁量权规定》,环境保护,环境,False,,,环境保护,(6-5) 程序性 | 匹配模式: '行政处罚自由裁量权' | 法条: 《广州市规范环境行政处罚自由裁量权规定》
《广州市规范生态环境行政处罚自由裁量权规定》,环境保护,环境||生态||生态环境,False,,,环境保护,(6-5) 程序性 | 匹配模式: '行政处罚自由裁量权' | 法条: 《广州市规范生态环境行政处罚自由裁量权规定》
《广州市质量技术监督局规范行政处罚自由裁量权量化细化基准表（产品质量）》第1条,产品质量与安全,产品质量||质量技术监督,False,,,产品质量,(6-5) 程序性 | 匹配模式: '行政处罚自由裁量权' | 法条: 《广州市质量技术监督局规范行政处罚自由裁量权量化细化基准表（产品质量）》第1条
《广州市质量技术监督部门规范行政处罚自由裁量权规定》第十二条,产品质量与安全,质量技术监督,False,,,产品质量,(6-5) 程序性 | 匹配模式: '行政处罚自由裁量权' | 法条: 《广州市质量技术监督部门规范行政处罚自由裁量权规定》第十二条
《广州市质量技术监督部门规范行政处罚自由裁量权量化细化基准表（产品质量）》第3项,产品质量与安全,产品质量||质量技术监督,False,,,产品质量,(6-5) 程序性 | 匹配模式: '行政处罚自由裁量权' | 法条: 《广州市质量技术监督部门规范行政处罚自由裁量权量化细化基准表（产品质量）》第3项
《广西壮族自治区公安机关消防机构行政处罚自由裁量权运用暂行管理规定》,消防安全,消防,False,,,消防安全,(6-5) 程序性 | 匹配模式: '行政处罚自由裁量权' | 法条: 《广西壮族自治区公安机关消防机构行政处罚自由裁量权运用暂行管理规定》
《广西壮族自治区规范环境行政处罚自由裁量权实施办法》,环境保护,环境,False,,,环境保护,(6-5) 程序性 | 匹配模式: '行政处罚自由裁量权' | 法条: 《广西壮族自治区规范环境行政处罚自由裁量权实施办法》
《广西壮族自治区规范环境行政处罚自由裁量权实施办法》第二条第二款,环境保护,环境,False,,,环境保护,(6-5) 程序性 | 匹配模式: '行政处罚自由裁量权' | 法条: 《广西壮族自治区规范环境行政处罚自由裁量权实施办法》第二条第二款
《广西壮族自治区规范环境行政处罚自由裁量权细化标准》,环境保护,环境,False,,,环境保护,(6-5) 程序性 | 匹配模式: '行政处罚自由裁量权' | 法条: 《广西壮族自治区规范环境行政处罚自由裁量权细化标准》
《广西壮族自治区质量技术监督行政处罚自由裁量权基准（试行）》,产品质量与安全,质量技术监督,False,,,产品质量,(6-5) 程序性 | 匹配模式: '行政处罚自由裁量权' | 法条: 《广西壮族自治区质量技术监督行政处罚自由裁量权基准（试行）》
《广西环境行政处罚自由裁量权实施办法》,环境保护,环境,False,,,环境保护,(6-5) 程序性 | 匹配模式: '行政处罚自由裁量权' | 法条: 《广西环境行政处罚自由裁量权实施办法》
《广西环境行政处罚自由裁量权细化标准》,环境保护,环境,False,,,环境保护,(6-5) 程序性 | 匹配模式: '行政处罚自由裁量权' | 法条: 《广西环境行政处罚自由裁量权细化标准》
《应急管理行政处罚自由裁量权细化基准表》,安全生产,应急||应急管理,False,,,安全生产,(6-5) 程序性 | 匹配模式: '行政处罚自由裁量权' | 法条: 《应急管理行政处罚自由裁量权细化基准表》
《廊坊市环境行政处罚自由裁量权执行标准》,环境保护,环境,False,,,环境保护,(6-5) 程序性 | 匹配模式: '行政处罚自由裁量权' | 法条: 《廊坊市环境行政处罚自由裁量权执行标准》
《建筑工程施工许可管理办法》第三条、第十二条对施工单位郁南县恒基建筑工程有限公司处以罚款,建设工程与房地产,施工||工程施工||工程,False,,,建设工程,(6-5) 处罚措施描述 | 匹配模式: '处以罚款' | 法条: 《建筑工程施工许可管理办法》第三条、第十二条对施工单位郁南县恒基建筑工程有限公司处以罚款
《建筑工程施工许可管理办法》第十二条对桂林恒达建筑安装工程有限责任公司处以罚款,建设工程与房地产,施工||工程施工||工程,False,,,建设工程,(6-5) 处罚措施描述 | 匹配模式: '处以罚款' | 法条: 《建筑工程施工许可管理办法》第十二条对桂林恒达建筑安装工程有限责任公司处以罚款
《建设工程质量管理条例》第五十七条的规定处以罚款,建设工程与房地产,建设工程||工程,False,,,建设工程,(6-5) 处罚措施描述 | 匹配模式: '处以罚款' | 法条: 《建设工程质量管理条例》第五十七条的规定处以罚款
《建设工程质量管理条例》第六十二条对施工单位处以罚款,建设工程与房地产,施工||建设工程||工程施工||工程,False,,,建设工程,(6-5) 处罚措施描述 | 匹配模式: '处以罚款' | 法条: 《建设工程质量管理条例》第六十二条对施工单位处以罚款
《房地产估价机构管理办法》第五十三条的规定处以叁万元罚款,建设工程与房地产,房地产,False,,,房地产/土地,(6-5) 处罚措施描述 | 匹配模式: '处以叁万元罚款' | 法条: 《房地产估价机构管理办法》第五十三条的规定处以叁万元罚款
《房地产经纪管理办法》第三十三条第（三）项对你公司处以1万元罚款,建设工程与房地产,房地产,False,,,房地产/土地,(6-5) 处罚措施描述 | 匹配模式: '处以1万元罚款' | 法条: 《房地产经纪管理办法》第三十三条第（三）项对你公司处以1万元罚款
《排污许可管理条例》第三十四条第一款之规定处以罚款,环境保护,排污,False,,,环境保护,(6-5) 处罚措施描述 | 匹配模式: '处以罚款' | 法条: 《排污许可管理条例》第三十四条第一款之规定处以罚款
《无证无照经营查处办法》第十三条、宁波市行政处罚自由裁量权行使规则》第十五条第(三)项之规定,市场主体与登记治理,无照经营,False,,,无照经营/登记问题,(6-5) 程序性 | 匹配模式: '行政处罚自由裁量权' | 法条: 《无证无照经营查处办法》第十三条、宁波市行政处罚自由裁量权行使规则》第十五条第(三)项之规定
《杭州市客运出租汽车管理条例》第三十条第一款第(七)项处以罚款,交通运输,客运,False,,,交通运输违规,(6-5) 处罚措施描述 | 匹配模式: '处以罚款' | 法条: 《杭州市客运出租汽车管理条例》第三十条第一款第(七)项处以罚款
《林业行政处罚程序规定》第二十四条,环境保护,林业,False,,,环境保护,(6-5) 程序性，不含实体违规 | 匹配模式: '行政处罚程序' | 法条: 《林业行政处罚程序规定》第二十四条
《汕头市生态环境执法行政处罚自由裁量权细化标准(试行)》第十条、第十三条,环境保护,环境||生态||生态环境,False,,,环境保护,(6-5) 程序性 | 匹配模式: '行政处罚自由裁量权' | 法条: 《汕头市生态环境执法行政处罚自由裁量权细化标准(试行)》第十条、第十三条
《河北省人力资源和社会保障行政处罚自由裁量权细化标准》第三十四条(三)项规定,劳动保障,人力资源,False,,,劳动保障/用工,(6-5) 程序性 | 匹配模式: '行政处罚自由裁量权' | 法条: 《河北省人力资源和社会保障行政处罚自由裁量权细化标准》第三十四条(三)项规定
《河北省人力资源和社会保障行政处罚自由裁量权细化标准》第三十四条(二)项,劳动保障,人力资源,False,,,劳动保障/用工,(6-5) 程序性 | 匹配模式: '行政处罚自由裁量权' | 法条: 《河北省人力资源和社会保障行政处罚自由裁量权细化标准》第三十四条(二)项
《河北省人力资源和社会保障行政处罚自由裁量权适用规则》第八条(六)项,劳动保障,人力资源,False,,,劳动保障/用工,(6-5) 程序性 | 匹配模式: '行政处罚自由裁量权' | 法条: 《河北省人力资源和社会保障行政处罚自由裁量权适用规则》第八条(六)项
《河北省人力资源和社会保障行政处罚自由裁量权适用规则》第八条(六)项、(十一)项,劳动保障,人力资源,False,,,劳动保障/用工,(6-5) 程序性 | 匹配模式: '行政处罚自由裁量权' | 法条: 《河北省人力资源和社会保障行政处罚自由裁量权适用规则》第八条(六)项、(十一)项
《河北省安全生产行政处罚自由裁量权实施标准》,安全生产,安全||安全生产,False,,,安全生产,(6-5) 程序性 | 匹配模式: '行政处罚自由裁量权' | 法条: 《河北省安全生产行政处罚自由裁量权实施标准》
《河北省消防行政处罚自由裁量权实施办法》第十条,消防安全,消防法||消防,False,,,消防安全,(6-5) 程序性 | 匹配模式: '行政处罚自由裁量权' | 法条: 《河北省消防行政处罚自由裁量权实施办法》第十条
《河北省生态环境厅环境行政处罚自由裁量权裁量标准（试行）》,环境保护,环境||生态||生态环境,False,,,环境保护,(6-5) 程序性 | 匹配模式: '行政处罚自由裁量权' | 法条: 《河北省生态环境厅环境行政处罚自由裁量权裁量标准（试行）》
《河北省生态环境厅行政处罚自由裁量权裁量标准》,环境保护,环境||生态||生态环境,False,,,环境保护,(6-5) 程序性 | 匹配模式: '行政处罚自由裁量权' | 法条: 《河北省生态环境厅行政处罚自由裁量权裁量标准》
《河北省生态环境厅行政处罚自由裁量权裁量标准（试行）》,环境保护,环境||生态||生态环境,False,,,环境保护,(6-5) 程序性 | 匹配模式: '行政处罚自由裁量权' | 法条: 《河北省生态环境厅行政处罚自由裁量权裁量标准（试行）》
《浙江省劳动保障监察行政处罚裁量权适用指导意见》第十三条,劳动保障,劳动保障,False,,,劳动保障/用工,(6-5) 程序性 | 匹配模式: '行政处罚裁量权' | 法条: 《浙江省劳动保障监察行政处罚裁量权适用指导意见》第十三条
《浙江省劳动保障监察行政处罚裁量权适用指导意见》第十五条,劳动保障,劳动保障,False,,,劳动保障/用工,(6-5) 程序性 | 匹配模式: '行政处罚裁量权' | 法条: 《浙江省劳动保障监察行政处罚裁量权适用指导意见》第十五条
《浙江省城市道路管理办法》第三十六条作出如下行政处罚：处以罚款,交通运输,道路,False,,,交通运输违规,(6-5) 处罚措施描述 | 匹配模式: '处以罚款' | 法条: 《浙江省城市道路管理办法》第三十六条作出如下行政处罚：处以罚款
《浙江省林业行政处罚裁量权实施办法》第九条、第十条第一款,环境保护,林业,False,,,环境保护,(6-5) 程序性 | 匹配模式: '行政处罚裁量权' | 法条: 《浙江省林业行政处罚裁量权实施办法》第九条、第十条第一款
《深圳市安全生产行政处罚自由裁量权实施标准(2017年版)》,安全生产,安全||安全生产,False,,,安全生产,(6-5) 程序性 | 匹配模式: '行政处罚自由裁量权' | 法条: 《深圳市安全生产行政处罚自由裁量权实施标准(2017年版)》
《深圳市安全生产行政处罚自由裁量权实施标准（2017年版）》,安全生产,安全||安全生产,False,,,安全生产,(6-5) 程序性 | 匹配模式: '行政处罚自由裁量权' | 法条: 《深圳市安全生产行政处罚自由裁量权实施标准（2017年版）》
《深圳市安全生产行政处罚自由裁量权实施标准（2017版）》,安全生产,安全||安全生产,False,,,安全生产,(6-5) 程序性 | 匹配模式: '行政处罚自由裁量权' | 法条: 《深圳市安全生产行政处罚自由裁量权实施标准（2017版）》
《深圳市应急管理行政处罚自由裁量权实施标准（2020 年版）》,安全生产,应急||应急管理,False,,,安全生产,(6-5) 程序性 | 匹配模式: '行政处罚自由裁量权' | 法条: 《深圳市应急管理行政处罚自由裁量权实施标准（2020 年版）》
《深圳市环境行政处罚裁量权实施标准(2021年版)》,环境保护,环境,False,,,环境保护,(6-5) 程序性 | 匹配模式: '行政处罚裁量权' | 法条: 《深圳市环境行政处罚裁量权实施标准(2021年版)》
《深圳市环境行政处罚裁量权实施标准(第六版)》,环境保护,环境,False,,,环境保护,(6-5) 程序性 | 匹配模式: '行政处罚裁量权' | 法条: 《深圳市环境行政处罚裁量权实施标准(第六版)》
《深圳市环境行政处罚裁量权实施标准》,环境保护,环境,False,,,环境保护,(6-5) 程序性 | 匹配模式: '行政处罚裁量权' | 法条: 《深圳市环境行政处罚裁量权实施标准》
《深圳市环境行政处罚裁量权实施标准（第五版）》第二章§2.1裁量标准【,环境保护,环境,False,,,环境保护,(6-5) 程序性 | 匹配模式: '行政处罚裁量权' | 法条: 《深圳市环境行政处罚裁量权实施标准（第五版）》第二章§2.1裁量标准【
《深圳市环境行政处罚裁量权实施标准（第六版）》,环境保护,环境,False,,,环境保护,(6-5) 程序性 | 匹配模式: '行政处罚裁量权' | 法条: 《深圳市环境行政处罚裁量权实施标准（第六版）》
《湖南省安全生产法行政处罚裁量权基准》,安全生产,安全||安全生产,False,,,安全生产,(6-5) 程序性 | 匹配模式: '行政处罚裁量权' | 法条: 《湖南省安全生产法行政处罚裁量权基准》
《湖南省安全生产行政处罚自由裁量权基准》,安全生产,安全||安全生产,False,,,安全生产,(6-5) 程序性 | 匹配模式: '行政处罚自由裁量权' | 法条: 《湖南省安全生产行政处罚自由裁量权基准》
《湖南省安全生产行政处罚自由裁量权基准（2018版）》,安全生产,安全||安全生产,False,,,安全生产,(6-5) 程序性 | 匹配模式: '行政处罚自由裁量权' | 法条: 《湖南省安全生产行政处罚自由裁量权基准（2018版）》
《湖南省安全生产行政处罚裁量权基准(2018版)》,安全生产,安全||安全生产,False,,,安全生产,(6-5) 程序性 | 匹配模式: '行政处罚裁量权' | 法条: 《湖南省安全生产行政处罚裁量权基准(2018版)》
《湖南省安全生产行政处罚裁量权基准(2018版)》第一章第一节第三十六条第(一)项,安全生产,安全||安全生产,False,,,安全生产,(6-5) 程序性 | 匹配模式: '行政处罚裁量权' | 法条: 《湖南省安全生产行政处罚裁量权基准(2018版)》第一章第一节第三十六条第(一)项
《湖南省安全生产行政处罚裁量权基准(2018版)》第一章第一节第十七条第(一)项,安全生产,安全||安全生产,False,,,安全生产,(6-5) 程序性 | 匹配模式: '行政处罚裁量权' | 法条: 《湖南省安全生产行政处罚裁量权基准(2018版)》第一章第一节第十七条第(一)项
《湖南省安全生产行政处罚裁量权基准(2018版)》第一章第五节第二条第(一)项,安全生产,安全||安全生产,False,,,安全生产,(6-5) 程序性 | 匹配模式: '行政处罚裁量权' | 法条: 《湖南省安全生产行政处罚裁量权基准(2018版)》第一章第五节第二条第(一)项
《湖南省安全生产行政处罚裁量权基准2018版》,安全生产,安全||安全生产,False,,,安全生产,(6-5) 程序性 | 匹配模式: '行政处罚裁量权' | 法条: 《湖南省安全生产行政处罚裁量权基准2018版》
《湖南省安全生产行政处罚裁量权基准2018版》第一章第一节第八条“,安全生产,安全||安全生产,False,,,安全生产,(6-5) 程序性 | 匹配模式: '行政处罚裁量权' | 法条: 《湖南省安全生产行政处罚裁量权基准2018版》第一章第一节第八条“
《湖南省安全生产行政处罚裁量权基准2018版》第一章第（八）节,安全生产,安全||安全生产,False,,,安全生产,(6-5) 程序性 | 匹配模式: '行政处罚裁量权' | 法条: 《湖南省安全生产行政处罚裁量权基准2018版》第一章第（八）节
《湖南省安全生产行政处罚裁量权基准》,安全生产,安全||安全生产,False,,,安全生产,(6-5) 程序性 | 匹配模式: '行政处罚裁量权' | 法条: 《湖南省安全生产行政处罚裁量权基准》
《湖南省安全生产行政处罚裁量权基准》第一章第一节“十、,安全生产,安全||安全生产,False,,,安全生产,(6-5) 程序性 | 匹配模式: '行政处罚裁量权' | 法条: 《湖南省安全生产行政处罚裁量权基准》第一章第一节“十、
《湖南省安全生产行政处罚裁量权基准》第一章第一节第八条第（一）项,安全生产,安全||安全生产,False,,,安全生产,(6-5) 程序性 | 匹配模式: '行政处罚裁量权' | 法条: 《湖南省安全生产行政处罚裁量权基准》第一章第一节第八条第（一）项
《湖南省安全生产行政处罚裁量权基准》第一章第一节第十条第（一）项,安全生产,安全||安全生产,False,,,安全生产,(6-5) 程序性 | 匹配模式: '行政处罚裁量权' | 法条: 《湖南省安全生产行政处罚裁量权基准》第一章第一节第十条第（一）项
《湖南省安全生产行政处罚裁量权基准》第一章第四节,安全生产,安全||安全生产,False,,,安全生产,(6-5) 程序性 | 匹配模式: '行政处罚裁量权' | 法条: 《湖南省安全生产行政处罚裁量权基准》第一章第四节
《湖南省安全生产行政处罚裁量权基准》第八章第三节,安全生产,安全||安全生产,False,,,安全生产,(6-5) 程序性 | 匹配模式: '行政处罚裁量权' | 法条: 《湖南省安全生产行政处罚裁量权基准》第八章第三节
《湖南省安全生产行政处罚裁量权基准》第八章第三节第八条,安全生产,安全||安全生产,False,,,安全生产,(6-5) 程序性 | 匹配模式: '行政处罚裁量权' | 法条: 《湖南省安全生产行政处罚裁量权基准》第八章第三节第八条
《湖南省安全生产行政处罚裁量权基准》第六章第一节,安全生产,安全||安全生产,False,,,安全生产,(6-5) 程序性 | 匹配模式: '行政处罚裁量权' | 法条: 《湖南省安全生产行政处罚裁量权基准》第六章第一节
《湖南省安全生产行政处罚裁量权基准》第六章第一节第三条第（三）项,安全生产,安全||安全生产,False,,,安全生产,(6-5) 程序性 | 匹配模式: '行政处罚裁量权' | 法条: 《湖南省安全生产行政处罚裁量权基准》第六章第一节第三条第（三）项
《湖南省安全生产行政处罚裁量权基准》第四章第四节第二条,安全生产,安全||安全生产,False,,,安全生产,(6-5) 程序性 | 匹配模式: '行政处罚裁量权' | 法条: 《湖南省安全生产行政处罚裁量权基准》第四章第四节第二条
《湖南省安全生产行政处罚裁量权基准（2018版）》,安全生产,安全||安全生产,False,,,安全生产,(6-5) 程序性 | 匹配模式: '行政处罚裁量权' | 法条: 《湖南省安全生产行政处罚裁量权基准（2018版）》
《湖南省安全生产行政处罚裁量权基准（2018版）》第一章第一节中,安全生产,安全||安全生产,False,,,安全生产,(6-5) 程序性 | 匹配模式: '行政处罚裁量权' | 法条: 《湖南省安全生产行政处罚裁量权基准（2018版）》第一章第一节中
《湖南省安全生产行政处罚裁量权基准（2018版）》第一章第一节第九条（一）项,安全生产,安全||安全生产,False,,,安全生产,(6-5) 程序性 | 匹配模式: '行政处罚裁量权' | 法条: 《湖南省安全生产行政处罚裁量权基准（2018版）》第一章第一节第九条（一）项
《湖南省安全生产行政处罚裁量权基准（2018版）》第一章第一节第十一条第（二）项,安全生产,安全||安全生产,False,,,安全生产,(6-5) 程序性 | 匹配模式: '行政处罚裁量权' | 法条: 《湖南省安全生产行政处罚裁量权基准（2018版）》第一章第一节第十一条第（二）项
《湖南省安全生产行政处罚裁量权基准（2018版）》第一章第一节第十八条,安全生产,安全||安全生产,False,,,安全生产,(6-5) 程序性 | 匹配模式: '行政处罚裁量权' | 法条: 《湖南省安全生产行政处罚裁量权基准（2018版）》第一章第一节第十八条
《湖南省安全生产行政处罚裁量权基准（2018版）》第一章第一节第十八条第（一）项,安全生产,安全||安全生产,False,,,安全生产,(6-5) 程序性 | 匹配模式: '行政处罚裁量权' | 法条: 《湖南省安全生产行政处罚裁量权基准（2018版）》第一章第一节第十八条第（一）项
《湖南省安全生产行政处罚裁量权基准（2018版）》第一章第五节第二条第（二）项,安全生产,安全||安全生产,False,,,安全生产,(6-5) 程序性 | 匹配模式: '行政处罚裁量权' | 法条: 《湖南省安全生产行政处罚裁量权基准（2018版）》第一章第五节第二条第（二）项
《湖南省安全生产行政处罚裁量权集准（2018版）》,安全生产,安全||安全生产,False,,,安全生产,(6-5) 程序性 | 匹配模式: '行政处罚裁量权' | 法条: 《湖南省安全生产行政处罚裁量权集准（2018版）》
《甘肃省住房和城乡建设系统行政处罚自由裁量权基准及其适用规则(工程建设与建筑业类)》第101.53条,建设工程与房地产,建设工程||工程,False,,,建设工程,(6-5) 程序性 | 匹配模式: '行政处罚自由裁量权' | 法条: 《甘肃省住房和城乡建设系统行政处罚自由裁量权基准及其适用规则(工程建设与建筑业类)》第101.53条
《甘肃省建设工程质量和建设工程安全生产管理条例》第五十一条之规定处以30000元（大写：叁万元）人民币罚款,建设工程与房地产,安全||安全生产||安全管理规定||安全生产管理||建设工程||工程,False,,,安全生产||建设工程,(6-5) 处罚措施描述 | 匹配模式: '处以30000元（大写：叁万元）人民币罚款' | 法条: 《甘肃省建设工程质量和建设工程安全生产管理条例》第五十一条之规定处以30000元（大写：叁万元）人民...
《甘肃省建设工程质量和建设工程安全生产管理条例》第五十一条第一款处以20000元（大写：贰万元）人民币罚款,建设工程与房地产,安全||安全生产||安全生产管理||建设工程||工程,False,,,安全生产||建设工程,(6-5) 处罚措施描述 | 匹配模式: '处以20000元（大写：贰万元）人民币罚款' | 法条: 《甘肃省建设工程质量和建设工程安全生产管理条例》第五十一条第一款处以20000元（大写：贰万元）人民...
《用人单位职业健康监护监督管理办法》第四章第二十六条第(五)项处以警告和罚款,安全生产,职业健康||警告,False,,,职业卫生/健康,(6-5) 处罚措施描述 | 匹配模式: '处以警告和罚款' | 法条: 《用人单位职业健康监护监督管理办法》第四章第二十六条第(五)项处以警告和罚款
《福建省交通行政处罚裁量权基准制度》,交通运输,交通,False,,,交通运输违规,(6-5) 程序性 | 匹配模式: '行政处罚裁量权' | 法条: 《福建省交通行政处罚裁量权基准制度》
《福建省工业和信息化厅行政处罚自由裁量权细化标准》,安全生产,工业,False,,,安全生产/危化品,(6-5) 程序性 | 匹配模式: '行政处罚自由裁量权' | 法条: 《福建省工业和信息化厅行政处罚自由裁量权细化标准》
《福建省工业和信息化厅行政处罚自由裁量权细化标准》第6项,安全生产,工业,False,,,安全生产/危化品,(6-5) 程序性 | 匹配模式: '行政处罚自由裁量权' | 法条: 《福建省工业和信息化厅行政处罚自由裁量权细化标准》第6项
《肇庆市环境行政处罚自由裁量权裁量标准》,环境保护,环境,False,,,环境保护,(6-5) 程序性 | 匹配模式: '行政处罚自由裁量权' | 法条: 《肇庆市环境行政处罚自由裁量权裁量标准》
《规范住房和城乡建设部工程建设行政处罚裁量权实施办法》,建设工程与房地产,建设工程||工程,False,,,建设工程,(6-5) 程序性 | 匹配模式: '行政处罚裁量权' | 法条: 《规范住房和城乡建设部工程建设行政处罚裁量权实施办法》
《规范环境行政处罚自由裁量权若干意见》,环境保护,环境,False,,,环境保护,(6-5) 程序性 | 匹配模式: '行政处罚自由裁量权' | 法条: 《规范环境行政处罚自由裁量权若干意见》
《质量技术监督行政处罚程序规定》,产品质量与安全,质量技术监督,False,,,产品质量,(6-5) 程序性，不含实体违规 | 匹配模式: '行政处罚程序' | 法条: 《质量技术监督行政处罚程序规定》
《质量技术监督行政处罚程序规定》第十二条、第十三条,产品质量与安全,质量技术监督,False,,,产品质量,(6-5) 程序性，不含实体违规 | 匹配模式: '行政处罚程序' | 法条: 《质量技术监督行政处罚程序规定》第十二条、第十三条
《质量监督检验检疫行政处罚裁量权使用规则》第十六条第二款第（一）项,产品质量与安全,质量监督检验,False,,,产品质量,(6-5) 程序性 | 匹配模式: '行政处罚裁量权' | 法条: 《质量监督检验检疫行政处罚裁量权使用规则》第十六条第二款第（一）项
《质量监督检验检疫行政处罚裁量权使用规则》第十六条第二款第（八）项,产品质量与安全,质量监督检验,False,,,产品质量,(6-5) 程序性 | 匹配模式: '行政处罚裁量权' | 法条: 《质量监督检验检疫行政处罚裁量权使用规则》第十六条第二款第（八）项
《质量监督检验检疫行政处罚裁量权适用规则》,产品质量与安全,质量监督检验,False,,,产品质量,(6-5) 程序性 | 匹配模式: '行政处罚裁量权' | 法条: 《质量监督检验检疫行政处罚裁量权适用规则》
《质量监督检验检疫行政处罚裁量权适用规则》第十六条第二款第（八）项,产品质量与安全,质量监督检验,False,,,产品质量,(6-5) 程序性 | 匹配模式: '行政处罚裁量权' | 法条: 《质量监督检验检疫行政处罚裁量权适用规则》第十六条第二款第（八）项
《辽宁省客运出租汽车管理条例》第五十八条第二款处以200元罚款,交通运输,客运,False,,,交通运输违规,(6-5) 处罚措施描述 | 匹配模式: '处以200元罚款' | 法条: 《辽宁省客运出租汽车管理条例》第五十八条第二款处以200元罚款
《郴州市安全生产行政处罚裁量权基准》第一章第一节第八条第(二)项,安全生产,安全||安全生产,False,,,安全生产,(6-5) 程序性 | 匹配模式: '行政处罚裁量权' | 法条: 《郴州市安全生产行政处罚裁量权基准》第一章第一节第八条第(二)项
《金华市劳动保障行政处罚裁量权适用标准》第四十二条,劳动保障,劳动保障,False,,,劳动保障/用工,(6-5) 程序性 | 匹配模式: '行政处罚裁量权' | 法条: 《金华市劳动保障行政处罚裁量权适用标准》第四十二条
《金融违法行为处罚办法》第260号）第二十二条的规定处以100000元罚款,金融/账户,金融,False,,,金融/账户,(6-5) 处罚措施描述 | 匹配模式: '处以100000元罚款' | 法条: 《金融违法行为处罚办法》第260号）第二十二条的规定处以100000元罚款
《长沙市望城区安全生产行政处罚裁量权基准》第一章第一节第六条第（二）项,安全生产,安全||安全生产,False,,,安全生产,(6-5) 程序性 | 匹配模式: '行政处罚裁量权' | 法条: 《长沙市望城区安全生产行政处罚裁量权基准》第一章第一节第六条第（二）项
《长沙市望城区安全生产行政处罚裁量权基准》第一章第六节第五条第（一）项,安全生产,安全||安全生产,False,,,安全生产,(6-5) 程序性 | 匹配模式: '行政处罚裁量权' | 法条: 《长沙市望城区安全生产行政处罚裁量权基准》第一章第六节第五条第（一）项
《长沙市望城区安全生产行政处罚裁量权基准》第一章第四节第四条第(一)项,安全生产,安全||安全生产,False,,,安全生产,(6-5) 程序性 | 匹配模式: '行政处罚裁量权' | 法条: 《长沙市望城区安全生产行政处罚裁量权基准》第一章第四节第四条第(一)项
《陕西省环境行政处罚自由裁量权基准》,环境保护,环境,False,,,环境保护,(6-5) 程序性 | 匹配模式: '行政处罚自由裁量权' | 法条: 《陕西省环境行政处罚自由裁量权基准》
《陕西省环境行政处罚自由裁量权实用基准》第十五分类之规定,环境保护,环境,False,,,环境保护,(6-5) 程序性 | 匹配模式: '行政处罚自由裁量权' | 法条: 《陕西省环境行政处罚自由裁量权实用基准》第十五分类之规定
《陕西省生态环境行政处罚自由裁量权基准》,环境保护,环境||生态||生态环境,False,,,环境保护,(6-5) 程序性 | 匹配模式: '行政处罚自由裁量权' | 法条: 《陕西省生态环境行政处罚自由裁量权基准》
《黑龙江省安全生产行政处罚自由裁量权基准（试行）》,安全生产,安全||安全生产,False,,,安全生产,(6-5) 程序性 | 匹配模式: '行政处罚自由裁量权' | 法条: 《黑龙江省安全生产行政处罚自由裁量权基准（试行）》
上海航津物流有限公司罚款,交通运输,物流,False,,,交通运输违规,(6-8) 法条不含书名号 | 法条: 上海航津物流有限公司罚款
上述少缴税款,税收违规,税,False,(匹配)财税与金融监管,,税收违规,(6-8) 法条不含书名号 | 法条: 上述少缴税款
不得给予两次以上罚款,其他,不予罚款,False,,,不予处罚,(6-8) 法条不含书名号 | 法条: 不得给予两次以上罚款
不符合GB50169-2016电气装置安装工程接地装置施工及验收规范第3.0.4条第5款的规定;（电梯机房配电箱盖被拆除1处）,特种设备,施工||工程施工||工程||电梯||装置,False,(匹配)建设工程||特种设备,,建设工程||特种设备,(6-8) 法条不含书名号 | 法条: 不符合GB50169-2016电气装置安装工程接地装置施工及验收规范第3.0.4条第5款的规定;（电...
不缴或者少缴应纳税款,税收违规,纳税||税,False,(匹配)财税与金融监管,,税收违规,(6-8) 法条不含书名号 | 法条: 不缴或者少缴应纳税款
不缴或者少缴应纳税款的,税收违规,纳税||税,False,(匹配)财税与金融监管,,税收违规,(6-8) 法条不含书名号 | 法条: 不缴或者少缴应纳税款的
专项用于支付该工程建设项,建设工程与房地产,工程,False,,,建设工程,(6-8) 法条不含书名号 | 法条: 专项用于支付该工程建设项
且最近六个月没有纳税申报记录”可以依法吊销的情形,税收违规,纳税||税,False,(匹配)财税与金融监管,,税收违规,(6-8) 法条不含书名号 | 法条: 且最近六个月没有纳税申报记录”可以依法吊销的情形
且距本局立案之日超过六个月以上。当事人属于无正当理由超过六个月未开业,市场主体与登记治理,超过六个月未开业||六个月未开业,False,,,未开业/自行停业,(6-8) 法条不含书名号 | 法条: 且距本局立案之日超过六个月以上。当事人属于无正当理由超过六个月未开业
为“左岸森林”的供货方名为陕西工程建设材料设备供应公司,环境保护||建设工程,森林||工程,False,,,环境保护||建设工程,(6-8) 法条不含书名号 | 法条: 为“左岸森林”的供货方名为陕西工程建设材料设备供应公司
为开具发票的当天。收讫销售款项,财税与金融监管,发票,False,,,税收违规,(6-8) 法条不含书名号 | 法条: 为开具发票的当天。收讫销售款项
为未取得施工许可证工程项,建设工程与房地产,施工许可证||施工||工程||许可证,False,,,建设工程,(6-8) 法条不含书名号 | 法条: 为未取得施工许可证工程项
予以没收涉案药品、罚款,食品药品,药品,False,(匹配)产品质量与安全,,食品药品,(6-8) 法条不含书名号 | 法条: 予以没收涉案药品、罚款
二合医开生税格字(位)违法行为的事实、性质、情节、社会危害程度和相关证据,税收违规,税,False,(匹配)财税与金融监管,,税收违规,(6-8) 法条不含书名号 | 法条: 二合医开生税格字(位)违法行为的事实、性质、情节、社会危害程度和相关证据
交通建设工程施工单位对危险性较大的分部分项工程,建设工程||交通运输违规,施工||建设工程||工程施工||工程||交通建设||交通,False,,,建设工程||交通运输违规,(6-8) 法条不含书名号 | 法条: 交通建设工程施工单位对危险性较大的分部分项工程
付朝晖驾驶京NFU506号车由海淀区温泉路小福楼载乘客至石景山区老山石景山区第二实验小学,交通运输违规,驾驶,False,(匹配)交通运输,,交通运输违规,(6-8) 法条不含书名号 | 法条: 付朝晖驾驶京NFU506号车由海淀区温泉路小福楼载乘客至石景山区老山石景山区第二实验小学
以上少扣个人所得税的行为属扣缴义务人应扣未扣税款,税收违规,税,False,(匹配)财税与金融监管,,税收违规,(6-8) 法条不含书名号 | 法条: 以上少扣个人所得税的行为属扣缴义务人应扣未扣税款
以及2020年4月3日东江新区建设项目违规超建问题处罚事项,建设工程与房地产,建设项目,False,,,建设工程,(6-8) 法条不含书名号 | 法条: 以及2020年4月3日东江新区建设项目违规超建问题处罚事项
企业所得税汇算清缴时未作纳税调整,税收违规,纳税||税,False,(匹配)财税与金融监管,,税收违规,(6-8) 法条不含书名号 | 法条: 企业所得税汇算清缴时未作纳税调整
作出如下决定:1、责令立即停止生产;2、罚款,安全生产,责令停止生产,False,,,安全生产/危化品,(6-8) 法条不含书名号 | 法条: 作出如下决定:1、责令立即停止生产;2、罚款
作出如下行政处罚:1、责令停止生产;2、罚款,安全生产,责令停止生产,False,,,安全生产/危化品,(6-8) 法条不含书名号 | 法条: 作出如下行政处罚:1、责令停止生产;2、罚款
作出对嘉兴德邦物流有限公司处以罚款,交通运输,物流,False,,,交通运输违规,(6-5) 处罚措施描述 | 匹配模式: '处以罚款' | 法条: 作出对嘉兴德邦物流有限公司处以罚款
你公司在账簿上少列收入,财税与金融监管,账簿||少列收入,False,,,会计/账务,(6-8) 法条不含书名号 | 法条: 你公司在账簿上少列收入
你单位不得抵扣上述发票对应的进项,财税与金融监管,发票,False,,,税收违规,(6-8) 法条不含书名号 | 法条: 你单位不得抵扣上述发票对应的进项
你纳税人在账簿上不列、少列收入,税收违规,纳税||税||账簿||少列收入,False,(匹配)税收违规||会计/账务,,税收违规||会计/账务,(6-8) 法条不含书名号 | 法条: 你纳税人在账簿上不列、少列收入
依据商标法第六十八条第四款,侵犯商标/知识产权,商标,False,,,侵犯商标/知识产权,(6-8) 法条不含书名号 | 法条: 依据商标法第六十八条第四款
保健食品销售等项,食品药品,食品||保健食品,False,(匹配)产品质量与安全,,食品药品,(6-8) 法条不含书名号 | 法条: 保健食品销售等项
保持销售产品的质量,产品质量与安全,产品质量,False,,,产品质量,(6-8) 法条不含书名号 | 法条: 保持销售产品的质量
免于罚款,其他,免于罚款,False,,,不予处罚,(6-8) 法条不含书名号 | 法条: 免于罚款
其行为涉嫌交通建设工程施工单位对危险性较大的分部分项工程,建设工程||交通运输违规,施工||建设工程||工程施工||工程||交通建设||交通,False,,,建设工程||交通运输违规,(6-8) 法条不含书名号 | 法条: 其行为涉嫌交通建设工程施工单位对危险性较大的分部分项工程
其行为涉嫌公路水运工程项,建设工程与房地产,工程,False,,,建设工程,(6-8) 法条不含书名号 | 法条: 其行为涉嫌公路水运工程项
其行为涉嫌强行通过交通管制区、通航密集区、航行条,交通运输,交通,False,,,交通运输违规,(6-8) 法条不含书名号 | 法条: 其行为涉嫌强行通过交通管制区、通航密集区、航行条
内容显示当事人未正常进行纳税申报,税收违规,纳税||税,False,(匹配)财税与金融监管,,税收违规,(6-8) 法条不含书名号 | 法条: 内容显示当事人未正常进行纳税申报
决定予以煤矿4万元罚款,安全生产,矿,False,(匹配)安全生产,,安全生产/危化品,(6-8) 法条不含书名号 | 法条: 决定予以煤矿4万元罚款
决定对上述追缴税款339882.50元处以百分之五十的罚款,税收违规,税,False,(匹配)财税与金融监管,,税收违规,(6-8) 法条不含书名号 | 法条: 决定对上述追缴税款339882.50元处以百分之五十的罚款
决定对你单位不进行纳税申报少缴纳应纳税款88673.67元,税收违规,纳税||税,False,(匹配)财税与金融监管,,税收违规,(6-8) 法条不含书名号 | 法条: 决定对你单位不进行纳税申报少缴纳应纳税款88673.67元
决定对你单位处以少缴企业所得税税款百分之五十的罚款,税收违规,税,False,(匹配)财税与金融监管,,税收违规,(6-8) 法条不含书名号 | 法条: 决定对你单位处以少缴企业所得税税款百分之五十的罚款
决定对你单位应扣未扣个人所得税税款196557.02元,税收违规,税,False,(匹配)财税与金融监管,,税收违规,(6-8) 法条不含书名号 | 法条: 决定对你单位应扣未扣个人所得税税款196557.02元
决定对你单位编造虚假计税依据行为罚款,税收违规,虚假||税,False,(匹配)虚假广告/虚假宣传||税收违规,,虚假广告/虚假宣传||税收违规,(6-8) 法条不含书名号 | 法条: 决定对你单位编造虚假计税依据行为罚款
决定对夏津梅营建筑工程有限公司作出罚款,建设工程与房地产,工程,False,,,建设工程,(6-8) 法条不含书名号 | 法条: 决定对夏津梅营建筑工程有限公司作出罚款
决定对山东郓城农村商业银行股份有限公司罚款,金融/账户,银行,False,,,金融/账户,(6-8) 法条不含书名号 | 法条: 决定对山东郓城农村商业银行股份有限公司罚款
决定对广西大厦建筑工程公司处罚款,建设工程与房地产,工程,False,,,建设工程,(6-8) 法条不含书名号 | 法条: 决定对广西大厦建筑工程公司处罚款
决定对德州宏扬建筑工程有限公司作出罚款,建设工程与房地产,工程,False,,,建设工程,(6-8) 法条不含书名号 | 法条: 决定对德州宏扬建筑工程有限公司作出罚款
决定对日照赛福特房地产开发有限公司处于罚款,建设工程与房地产,房地产,False,,,房地产/土地,(6-8) 法条不含书名号 | 法条: 决定对日照赛福特房地产开发有限公司处于罚款
决定对菏泽农村商业银行股份有限公司罚款,金融/账户,银行,False,,,金融/账户,(6-8) 法条不含书名号 | 法条: 决定对菏泽农村商业银行股份有限公司罚款
决定对该纳税人处以500元的罚款,税收违规,纳税||税,False,(匹配)财税与金融监管,,税收违规,(6-8) 法条不含书名号 | 法条: 决定对该纳税人处以500元的罚款
决定给予上虞宾馆有限公司罚款,治安管理,宾馆,False,,,治安管理,(6-8) 法条不含书名号 | 法条: 决定给予上虞宾馆有限公司罚款
决定给予临海天宇药业有限公司罚款,产品质量与安全,药业,False,,,食品药品,(6-8) 法条不含书名号 | 法条: 决定给予临海天宇药业有限公司罚款
决定给予丽水香溢紫荆花大酒店有限公司罚款,治安管理,酒店,False,,,治安管理,(6-8) 法条不含书名号 | 法条: 决定给予丽水香溢紫荆花大酒店有限公司罚款
决定给予仙居县仙驿酒店(普通合伙);地址罚款,治安管理,酒店,False,,,治安管理,(6-8) 法条不含书名号 | 法条: 决定给予仙居县仙驿酒店(普通合伙);地址罚款
决定给予信雅达系统工程股份有限公司罚款,建设工程与房地产,工程,False,,,建设工程,(6-8) 法条不含书名号 | 法条: 决定给予信雅达系统工程股份有限公司罚款
决定给予台州开元大酒店有限公司罚款,治安管理,酒店,False,,,治安管理,(6-8) 法条不含书名号 | 法条: 决定给予台州开元大酒店有限公司罚款
决定给予宁波出口加工区物流中心有限公司罚款,交通运输,物流,False,,,交通运输违规,(6-8) 法条不含书名号 | 法条: 决定给予宁波出口加工区物流中心有限公司罚款
决定给予宁波华清环保技术有限公司处罚款,环境保护,环保,False,,,环境保护,(6-8) 法条不含书名号 | 法条: 决定给予宁波华清环保技术有限公司处罚款
决定给予宁波南苑环球酒店有限公司处罚款,治安管理,酒店,False,,,治安管理,(6-8) 法条不含书名号 | 法条: 决定给予宁波南苑环球酒店有限公司处罚款
决定给予宁波市天九印刷有限公司处罚款,市场秩序与竞争监管,印刷,False,,,虚假广告/虚假宣传,(6-8) 法条不含书名号 | 法条: 决定给予宁波市天九印刷有限公司处罚款
决定给予宁波市日月宾馆有限公司罚款,治安管理,宾馆,False,,,治安管理,(6-8) 法条不含书名号 | 法条: 决定给予宁波市日月宾馆有限公司罚款
决定给予宁波恒发保险箱有限公司罚款,财税与金融监管,保险,False,,,金融/信贷违规,(6-8) 法条不含书名号 | 法条: 决定给予宁波恒发保险箱有限公司罚款
决定给予宁波恒逸物流有限公司罚款,交通运输,物流,False,,,交通运输违规,(6-8) 法条不含书名号 | 法条: 决定给予宁波恒逸物流有限公司罚款
决定给予宁波江花宾馆处罚款,治安管理,宾馆,False,,,治安管理,(6-8) 法条不含书名号 | 法条: 决定给予宁波江花宾馆处罚款
决定给予宁波浙海大酒店有限公司罚款,治安管理,酒店,False,,,治安管理,(6-8) 法条不含书名号 | 法条: 决定给予宁波浙海大酒店有限公司罚款
决定给予宁波锦波旅馆有限公司罚款,治安管理,旅馆,False,,,治安管理,(6-8) 法条不含书名号 | 法条: 决定给予宁波锦波旅馆有限公司罚款
决定给予宽城板城矿业有限公司罚款,安全生产,矿||矿业,False,,,安全生产/危化品,(6-8) 法条不含书名号 | 法条: 决定给予宽城板城矿业有限公司罚款
决定给予嵊州市柏星超级大酒店有限公司罚款,治安管理,酒店,False,,,治安管理,(6-8) 法条不含书名号 | 法条: 决定给予嵊州市柏星超级大酒店有限公司罚款
决定给予嵊州市货车运输公司罚款,交通运输违规,运输,False,(匹配)交通运输,,交通运输违规,(6-8) 法条不含书名号 | 法条: 决定给予嵊州市货车运输公司罚款
决定给予慈溪辰茂国脉酒店有限公司处罚款,治安管理,酒店,False,,,治安管理,(6-8) 法条不含书名号 | 法条: 决定给予慈溪辰茂国脉酒店有限公司处罚款
决定给予招商银行股份有限公司绍兴诸暨支行罚款,金融/账户,银行,False,,,金融/账户,(6-8) 法条不含书名号 | 法条: 决定给予招商银行股份有限公司绍兴诸暨支行罚款
决定给予杭州仓前大酒店有限公司罚款,治安管理,酒店,False,,,治安管理,(6-8) 法条不含书名号 | 法条: 决定给予杭州仓前大酒店有限公司罚款
决定给予杭州千岛湖妙品食品有限公司罚款,食品药品,食品,False,(匹配)产品质量与安全,,食品药品,(6-8) 法条不含书名号 | 法条: 决定给予杭州千岛湖妙品食品有限公司罚款
决定给予杭州天目山药业股份有限公司罚款,产品质量与安全,药业,False,,,食品药品,(6-8) 法条不含书名号 | 法条: 决定给予杭州天目山药业股份有限公司罚款
决定给予杭州娃哈哈乐维食品有限公司罚款,食品药品,食品,False,(匹配)产品质量与安全,,食品药品,(6-8) 法条不含书名号 | 法条: 决定给予杭州娃哈哈乐维食品有限公司罚款
决定给予杭州安泽房地产开发有限公司罚款,建设工程与房地产,房地产,False,,,房地产/土地,(6-8) 法条不含书名号 | 法条: 决定给予杭州安泽房地产开发有限公司罚款
决定给予杭州星宇炭素环保科技有限公司罚款,环境保护,环保,False,,,环境保护,(6-8) 法条不含书名号 | 法条: 决定给予杭州星宇炭素环保科技有限公司罚款
决定给予杭州朗索医用消毒剂有限公司罚款,卫生健康,消毒,False,,,医疗卫生,(6-8) 法条不含书名号 | 法条: 决定给予杭州朗索医用消毒剂有限公司罚款
决定给予杭州朝阳油品运输有限公司罚款,交通运输违规,运输,False,(匹配)交通运输,,交通运输违规,(6-8) 法条不含书名号 | 法条: 决定给予杭州朝阳油品运输有限公司罚款
决定给予杭州皇冠大酒店罚款,治安管理,酒店,False,,,治安管理,(6-8) 法条不含书名号 | 法条: 决定给予杭州皇冠大酒店罚款
决定给予杭州益维汽车工业有限公司罚款,安全生产,工业,False,,,安全生产/危化品,(6-8) 法条不含书名号 | 法条: 决定给予杭州益维汽车工业有限公司罚款
决定给予武义丰源矿山机械制造有限公司罚款,安全生产,矿,False,,,安全生产/危化品,(6-8) 法条不含书名号 | 法条: 决定给予武义丰源矿山机械制造有限公司罚款
决定给予江山国际大酒店有限责任公司罚款,治安管理,酒店,False,,,治安管理,(6-8) 法条不含书名号 | 法条: 决定给予江山国际大酒店有限责任公司罚款
决定给予泰州市兴良运输站警告并处罚款,交通运输违规,运输||警告,False,(匹配)交通运输,,交通运输违规,(6-8) 法条不含书名号 | 法条: 决定给予泰州市兴良运输站警告并处罚款
决定给予浙江光辉包装印刷有限公司罚款,市场秩序与竞争监管,印刷,False,,,虚假广告/虚假宣传,(6-8) 法条不含书名号 | 法条: 决定给予浙江光辉包装印刷有限公司罚款
决定给予浙江华基环保科技有限公司罚款,环境保护,环保,False,,,环境保护,(6-8) 法条不含书名号 | 法条: 决定给予浙江华基环保科技有限公司罚款
决定给予浙江博炜食品机械有限公司罚款,食品药品,食品,False,(匹配)产品质量与安全,,食品药品,(6-8) 法条不含书名号 | 法条: 决定给予浙江博炜食品机械有限公司罚款
决定给予浙江台州雅特标志服饰有限公司罚款,侵犯商标/知识产权,标志,False,,,侵犯商标/知识产权,(6-8) 法条不含书名号 | 法条: 决定给予浙江台州雅特标志服饰有限公司罚款
决定给予浙江尚鼎工业炉有限公司罚款,安全生产,工业,False,,,安全生产/危化品,(6-8) 法条不含书名号 | 法条: 决定给予浙江尚鼎工业炉有限公司罚款
决定给予浙江常升建设有限公司负责的旭辉-都会山项目责令停止施工,建设工程与房地产,施工||建设项目,False,,,建设工程,(6-8) 法条不含书名号 | 法条: 决定给予浙江常升建设有限公司负责的旭辉-都会山项目责令停止施工
决定给予浙江恒业印刷制品有限公司罚款,市场秩序与竞争监管,印刷,False,,,虚假广告/虚假宣传,(6-8) 法条不含书名号 | 法条: 决定给予浙江恒业印刷制品有限公司罚款
决定给予浙江文邦安全技术有限公司罚款,安全生产,安全||安全技术,False,,,安全生产,(6-8) 法条不含书名号 | 法条: 决定给予浙江文邦安全技术有限公司罚款
决定给予浙江永联建设工程股份有限公司罚款,建设工程与房地产,建设工程||工程,False,,,建设工程,(6-8) 法条不含书名号 | 法条: 决定给予浙江永联建设工程股份有限公司罚款
决定给予浙江苏宁物流有限公司罚款,交通运输,物流,False,,,交通运输违规,(6-8) 法条不含书名号 | 法条: 决定给予浙江苏宁物流有限公司罚款
决定给予浙江路建交通工程有限公司处罚款,建设工程||交通运输违规,工程||交通,False,,,建设工程||交通运输违规,(6-8) 法条不含书名号 | 法条: 决定给予浙江路建交通工程有限公司处罚款
决定给予浙江金华达利食品有限公司罚款,食品药品,食品,False,(匹配)产品质量与安全,,食品药品,(6-8) 法条不含书名号 | 法条: 决定给予浙江金华达利食品有限公司罚款
决定给予浦江米兰酒店有限公司罚款,治安管理,酒店,False,,,治安管理,(6-8) 法条不含书名号 | 法条: 决定给予浦江米兰酒店有限公司罚款
决定给予温州瑶溪王朝大酒店有限公司罚款,治安管理,酒店,False,,,治安管理,(6-8) 法条不含书名号 | 法条: 决定给予温州瑶溪王朝大酒店有限公司罚款
决定给予温州辉柯印刷材料有限公司罚款,市场秩序与竞争监管,印刷,False,,,虚假广告/虚假宣传,(6-8) 法条不含书名号 | 法条: 决定给予温州辉柯印刷材料有限公司罚款
决定给予湖州承懿房地产开发有限公司罚款,建设工程与房地产,房地产,False,,,房地产/土地,(6-8) 法条不含书名号 | 法条: 决定给予湖州承懿房地产开发有限公司罚款
决定给予湖州航天大酒店有限公司罚款,治安管理,酒店,False,,,治安管理,(6-8) 法条不含书名号 | 法条: 决定给予湖州航天大酒店有限公司罚款
决定给予煤矿一万五千元的罚款,安全生产,矿,False,(匹配)安全生产,,安全生产/危化品,(6-8) 法条不含书名号 | 法条: 决定给予煤矿一万五千元的罚款
决定给予煤矿企业一万元罚款,安全生产,矿,False,(匹配)安全生产,,安全生产/危化品,(6-8) 法条不含书名号 | 法条: 决定给予煤矿企业一万元罚款
决定给予煤矿处1万罚款,安全生产,矿,False,(匹配)安全生产,,安全生产/危化品,(6-8) 法条不含书名号 | 法条: 决定给予煤矿处1万罚款
决定给予绍兴海港大酒店有限公司罚款,治安管理,酒店,False,,,治安管理,(6-8) 法条不含书名号 | 法条: 决定给予绍兴海港大酒店有限公司罚款
决定给予绍兴王子宴会大酒店有限公司罚款,治安管理,酒店,False,,,治安管理,(6-8) 法条不含书名号 | 法条: 决定给予绍兴王子宴会大酒店有限公司罚款
决定给予舟山世茂大酒店有限责任公司罚款,治安管理,酒店,False,,,治安管理,(6-8) 法条不含书名号 | 法条: 决定给予舟山世茂大酒店有限责任公司罚款
决定给予舟山阳光海悦酒店有限公司罚款,治安管理,酒店,False,,,治安管理,(6-8) 法条不含书名号 | 法条: 决定给予舟山阳光海悦酒店有限公司罚款
决定给予苏迅电梯有限公司罚款,特种设备,电梯,False,(匹配)安全生产,,特种设备,(6-8) 法条不含书名号 | 法条: 决定给予苏迅电梯有限公司罚款
决定给予衢州市岳洋物流有限公司罚款,交通运输,物流,False,,,交通运输违规,(6-8) 法条不含书名号 | 法条: 决定给予衢州市岳洋物流有限公司罚款
决定给予该矿作出罚款,安全生产,矿,False,,,安全生产/危化品,(6-8) 法条不含书名号 | 法条: 决定给予该矿作出罚款
决定给予限期消除隐患,安全生产,隐患,False,,,安全生产,(6-8) 法条不含书名号 | 法条: 决定给予限期消除隐患
分别处少缴税款、少代扣代缴税款百分之五十的罚款,税收违规,税,False,(匹配)财税与金融监管,,税收违规,(6-8) 法条不含书名号 | 法条: 分别处少缴税款、少代扣代缴税款百分之五十的罚款
刘建辉驾驶京QT29V5号车由通州区宋庄左串右麦音乐串吧东北侧载乘客至三河市汇福悦榕湾10号楼,交通运输违规,驾驶,False,(匹配)交通运输,,交通运输违规,(6-8) 法条不含书名号 | 法条: 刘建辉驾驶京QT29V5号车由通州区宋庄左串右麦音乐串吧东北侧载乘客至三河市汇福悦榕湾10号楼
华纯青驾驶京PBN755号车由海淀区世纪城远大园四区载乘客至海淀区北1门红菜苔(四季青店),交通运输违规,驾驶,False,(匹配)交通运输,,交通运输违规,(6-8) 法条不含书名号 | 法条: 华纯青驾驶京PBN755号车由海淀区世纪城远大园四区载乘客至海淀区北1门红菜苔(四季青店)
反映当事人在经营场所现场活动宣传“枪手/帮杰/晨露全场满30元立减10元”,市场秩序与竞争监管,宣传,False,,,虚假广告/虚假宣传,(6-8) 法条不含书名号 | 法条: 反映当事人在经营场所现场活动宣传“枪手/帮杰/晨露全场满30元立减10元”
可以处以工程合同价款,建设工程与房地产,工程,False,,,建设工程,(6-8) 法条不含书名号 | 法条: 可以处以工程合同价款
向税务机关申报抵扣税款,税收违规,税,False,(匹配)财税与金融监管,,税收违规,(6-8) 法条不含书名号 | 法条: 向税务机关申报抵扣税款
均属侵犯注册商标专用权:第(七)项,侵犯商标/知识产权,商标||注册商标||商标专用权||侵犯商标专用权||侵犯专用权,False,,,侵犯商标/知识产权,(6-8) 法条不含书名号 | 法条: 均属侵犯注册商标专用权:第(七)项
处2万元罚款;针对第二条对煤矿给予警告,安全生产,矿||警告,False,(匹配)安全生产,,安全生产/危化品,(6-8) 法条不含书名号 | 法条: 处2万元罚款;针对第二条对煤矿给予警告
处不缴少缴税款0.5倍的罚款,税收违规,税,False,(匹配)财税与金融监管,,税收违规,(6-8) 法条不含书名号 | 法条: 处不缴少缴税款0.5倍的罚款
处不缴或者少缴税款百分之五十的罚款,税收违规,税,False,(匹配)财税与金融监管,,税收违规,(6-8) 法条不含书名号 | 法条: 处不缴或者少缴税款百分之五十的罚款
处以少缴税款,税收违规,税,False,(匹配)财税与金融监管,,税收违规,(6-8) 法条不含书名号 | 法条: 处以少缴税款
处以少缴税款0.5倍的罚款,税收违规,税,False,(匹配)财税与金融监管,,税收违规,(6-8) 法条不含书名号 | 法条: 处以少缴税款0.5倍的罚款
处以应扣未扣个人所得税百分之五十的罚款,税收违规,税,False,(匹配)财税与金融监管,,税收违规,(6-8) 法条不含书名号 | 法条: 处以应扣未扣个人所得税百分之五十的罚款
处以应扣未扣个人所得税税款,税收违规,税,False,(匹配)财税与金融监管,,税收违规,(6-8) 法条不含书名号 | 法条: 处以应扣未扣个人所得税税款
处以应扣未扣税款百分之五十的罚款,税收违规,税,False,(匹配)财税与金融监管,,税收违规,(6-8) 法条不含书名号 | 法条: 处以应扣未扣税款百分之五十的罚款
处偷税造成少缴税款百分之五十的罚款,税收违规,税,False,(匹配)财税与金融监管,,税收违规,(6-8) 法条不含书名号 | 法条: 处偷税造成少缴税款百分之五十的罚款
处少缴税款1倍的罚款,税收违规,税,False,(匹配)财税与金融监管,,税收违规,(6-8) 法条不含书名号 | 法条: 处少缴税款1倍的罚款
处少缴税款50%的罚款,税收违规,税,False,(匹配)财税与金融监管,,税收违规,(6-8) 法条不含书名号 | 法条: 处少缴税款50%的罚款
处少缴税款百分之五十的罚款,税收违规,税,False,(匹配)财税与金融监管,,税收违规,(6-8) 法条不含书名号 | 法条: 处少缴税款百分之五十的罚款
处少缴营业税税款773637.83元、城市维护建设税税款,税收违规,税,False,(匹配)财税与金融监管,,税收违规,(6-8) 法条不含书名号 | 法条: 处少缴营业税税款773637.83元、城市维护建设税税款
处工程合同价款百分之二以上百分之四以下的罚款,建设工程与房地产,工程,False,,,建设工程,(6-8) 法条不含书名号 | 法条: 处工程合同价款百分之二以上百分之四以下的罚款
处工程合同价百分之二的罚款,建设工程与房地产,工程,False,,,建设工程,(6-8) 法条不含书名号 | 法条: 处工程合同价百分之二的罚款
处应扣未扣、应收未收税款0.5倍以上1倍以下罚款,税收违规,税,False,(匹配)财税与金融监管,,税收违规,(6-8) 法条不含书名号 | 法条: 处应扣未扣、应收未收税款0.5倍以上1倍以下罚款
处应扣未扣个人所得税税款的百分之五十罚款,税收违规,税,False,(匹配)财税与金融监管,,税收违规,(6-8) 法条不含书名号 | 法条: 处应扣未扣个人所得税税款的百分之五十罚款
处应扣未扣税款百分之五十的罚款,税收违规,税,False,(匹配)财税与金融监管,,税收违规,(6-8) 法条不含书名号 | 法条: 处应扣未扣税款百分之五十的罚款
处应扣未扣税税款50%的罚款,税收违规,税,False,(匹配)财税与金融监管,,税收违规,(6-8) 法条不含书名号 | 法条: 处应扣未扣税税款50%的罚款
处建设工程造价百分之五罚款,建设工程与房地产,建设工程||工程,False,,,建设工程,(6-8) 法条不含书名号 | 法条: 处建设工程造价百分之五罚款
处罚决定:上述违法事实少缴的税款,税收违规,税,False,(匹配)财税与金融监管,,税收违规,(6-8) 法条不含书名号 | 法条: 处罚决定:上述违法事实少缴的税款
处罚决定:处追缴增值税75%罚款,税收违规,增值税||税,False,(匹配)财税与金融监管,,税收违规,(6-8) 法条不含书名号 | 法条: 处罚决定:处追缴增值税75%罚款
处该公司少缴纳的印花税50%的罚款,税收违规,税,False,(匹配)财税与金融监管,,税收违规,(6-8) 法条不含书名号 | 法条: 处该公司少缴纳的印花税50%的罚款
多列亏损额为106189.02元。该公司2016年度企业所得税汇算清缴申报表反映,税收违规,税,False,(匹配)财税与金融监管,,税收违规,(6-8) 法条不含书名号 | 法条: 多列亏损额为106189.02元。该公司2016年度企业所得税汇算清缴申报表反映
大冶市新冶建筑工程有限责任公司(地址:大冶观山路特1号,建设工程与房地产,工程,False,,,建设工程,(6-8) 法条不含书名号 | 法条: 大冶市新冶建筑工程有限责任公司(地址:大冶观山路特1号
存在7项安全隐患,安全生产,安全隐患||隐患||安全,False,,,安全生产,(6-8) 法条不含书名号 | 法条: 存在7项安全隐患
存在违法施工降低消防施工质量,消防安全||建设工程,消防||施工,False,,,消防安全||建设工程,(6-8) 法条不含书名号 | 法条: 存在违法施工降低消防施工质量
客运包车不按照包车客运标志牌载明的事项,侵犯商标/知识产权||交通运输违规,标志||客运,False,,,侵犯商标/知识产权||交通运输违规,(6-8) 法条不含书名号 | 法条: 客运包车不按照包车客运标志牌载明的事项
对上述偷税行为,税收违规,税,False,(匹配)财税与金融监管,,税收违规,(6-8) 法条不含书名号 | 法条: 对上述偷税行为
对上述应补缴税款201409.07元处50%的罚款,税收违规,税,False,(匹配)财税与金融监管,,税收违规,(6-8) 法条不含书名号 | 法条: 对上述应补缴税款201409.07元处50%的罚款
对不符合开工条件的责令停止施工,建设工程与房地产,施工,False,,,建设工程,(6-8) 法条不含书名号 | 法条: 对不符合开工条件的责令停止施工
对于未取得施工许可证或者为规避办理施工许可证将工程项,建设工程与房地产,施工许可证||施工||工程||许可证,False,,,建设工程,(6-8) 法条不含书名号 | 法条: 对于未取得施工许可证或者为规避办理施工许可证将工程项
对以其他凭证代替发票的行为处以50%的罚款,会计/账务,发票,False,(匹配)财税与金融监管,,税收违规,(6-8) 法条不含书名号 | 法条: 对以其他凭证代替发票的行为处以50%的罚款
对你(单位)处以偷税数额50%的罚款,税收违规,税,False,(匹配)财税与金融监管,,税收违规,(6-8) 法条不含书名号 | 法条: 对你(单位)处以偷税数额50%的罚款
对你企业处少缴税款百分之五十罚款,税收违规,税,False,(匹配)财税与金融监管,,税收违规,(6-8) 法条不含书名号 | 法条: 对你企业处少缴税款百分之五十罚款
对你单位2013年度少缴企业所得税税款处以百分之六十的罚款,税收违规,税,False,(匹配)财税与金融监管,,税收违规,(6-8) 法条不含书名号 | 法条: 对你单位2013年度少缴企业所得税税款处以百分之六十的罚款
对你单位上述“应扣未扣”行为处以应补缴税款百分之五十罚款,税收违规,税,False,(匹配)财税与金融监管,,税收违规,(6-8) 法条不含书名号 | 法条: 对你单位上述“应扣未扣”行为处以应补缴税款百分之五十罚款
对你单位偷税的行为处以少缴企业所得税税款140646.60元、印花税税款,税收违规,税,False,(匹配)财税与金融监管,,税收违规,(6-8) 法条不含书名号 | 法条: 对你单位偷税的行为处以少缴企业所得税税款140646.60元、印花税税款
对你单位处以偷税税额百分之五十的罚款,税收违规,税,False,(匹配)财税与金融监管,,税收违规,(6-8) 法条不含书名号 | 法条: 对你单位处以偷税税额百分之五十的罚款
对你单位处以少缴增值税、城市维护建设税税款,税收违规,增值税||税,False,(匹配)财税与金融监管,,税收违规,(6-8) 法条不含书名号 | 法条: 对你单位处以少缴增值税、城市维护建设税税款
对你单位处以应扣未扣个人所得税税款百分之五十罚款,税收违规,税,False,(匹配)财税与金融监管,,税收违规,(6-8) 法条不含书名号 | 法条: 对你单位处以应扣未扣个人所得税税款百分之五十罚款
对你单位少申报缴纳的印花税税款处以一倍罚款,税收违规,税,False,(匹配)财税与金融监管,,税收违规,(6-8) 法条不含书名号 | 法条: 对你单位少申报缴纳的印花税税款处以一倍罚款
对你单位少缴房产税的偷税行为罚款,税收违规,税,False,(匹配)财税与金融监管,,税收违规,(6-8) 法条不含书名号 | 法条: 对你单位少缴房产税的偷税行为罚款
对你单位已补扣补缴的个人所得税处百分之五十的罚款,税收违规,税,False,(匹配)财税与金融监管,,税收违规,(6-8) 法条不含书名号 | 法条: 对你单位已补扣补缴的个人所得税处百分之五十的罚款
对你单位应扣未扣个人所得税的行为,税收违规,税,False,(匹配)财税与金融监管,,税收违规,(6-8) 法条不含书名号 | 法条: 对你单位应扣未扣个人所得税的行为
对你单位应扣未扣个人所得税的行为罚款,税收违规,税,False,(匹配)财税与金融监管,,税收违规,(6-8) 法条不含书名号 | 法条: 对你单位应扣未扣个人所得税的行为罚款
对你单位应扣未扣个人所得税税款,税收违规,税,False,(匹配)财税与金融监管,,税收违规,(6-8) 法条不含书名号 | 法条: 对你单位应扣未扣个人所得税税款
对你单位应扣未扣个人所得税税款的行为,税收违规,税,False,(匹配)财税与金融监管,,税收违规,(6-8) 法条不含书名号 | 法条: 对你单位应扣未扣个人所得税税款的行为
对你单位应扣未扣税款,税收违规,税,False,(匹配)财税与金融监管,,税收违规,(6-8) 法条不含书名号 | 法条: 对你单位应扣未扣税款
对你单位应扣未扣税款的行为,税收违规,税,False,(匹配)财税与金融监管,,税收违规,(6-8) 法条不含书名号 | 法条: 对你单位应扣未扣税款的行为
对你单位应扣未扣税款行为,税收违规,税,False,(匹配)财税与金融监管,,税收违规,(6-8) 法条不含书名号 | 法条: 对你单位应扣未扣税款行为
对你单位未履行代扣代缴税款的行为,税收违规,税,False,(匹配)财税与金融监管,,税收违规,(6-8) 法条不含书名号 | 法条: 对你单位未履行代扣代缴税款的行为
对你单位的偷税行为,税收违规,税,False,(匹配)财税与金融监管,,税收违规,(6-8) 法条不含书名号 | 法条: 对你单位的偷税行为
对你单位的偷税行为处以少缴的企业所得税税款百分之五十的罚款,税收违规,税,False,(匹配)财税与金融监管,,税收违规,(6-8) 法条不含书名号 | 法条: 对你单位的偷税行为处以少缴的企业所得税税款百分之五十的罚款
对你单位编造虚假依据的行为处以罚款,市场秩序与竞争监管,虚假,False,,,虚假广告/虚假宣传,(6-5) 处罚措施描述 | 匹配模式: '处以罚款' | 法条: 对你单位编造虚假依据的行为处以罚款
对你单位罚款增值税1,税收违规,增值税||税,False,(匹配)财税与金融监管,,税收违规,(6-8) 法条不含书名号 | 法条: 对你单位罚款增值税1
对你单位虚开发票的行为处罚款,财税与金融监管,发票,False,,,税收违规,(6-8) 法条不含书名号 | 法条: 对你单位虚开发票的行为处罚款
对你设备厂处以少缴税款一倍28920.18元的罚款,税收违规,税,False,(匹配)财税与金融监管,,税收违规,(6-8) 法条不含书名号 | 法条: 对你设备厂处以少缴税款一倍28920.18元的罚款
对偷税的行为,税收违规,税,False,(匹配)财税与金融监管,,税收违规,(6-8) 法条不含书名号 | 法条: 对偷税的行为
对偷税行为处以百分之六十的罚款,税收违规,税,False,(匹配)财税与金融监管,,税收违规,(6-8) 法条不含书名号 | 法条: 对偷税行为处以百分之六十的罚款
对北京景田食品饮料有限公司作出罚款,食品药品,食品,False,(匹配)产品质量与安全,,食品药品,(6-8) 法条不含书名号 | 法条: 对北京景田食品饮料有限公司作出罚款
对北京金安泰路桥工程有限责任公司作出罚款,建设工程与房地产,工程,False,,,建设工程,(6-8) 法条不含书名号 | 法条: 对北京金安泰路桥工程有限责任公司作出罚款
对北京顺亚邦物流有限责任公司处以罚款,交通运输,物流,False,,,交通运输违规,(6-5) 处罚措施描述 | 匹配模式: '处以罚款' | 法条: 对北京顺亚邦物流有限责任公司处以罚款
对太平煤矿处罚款,安全生产,矿,False,(匹配)安全生产,,安全生产/危化品,(6-8) 法条不含书名号 | 法条: 对太平煤矿处罚款
对少缴的城建税、印花税处以百分之五十的罚款,税收违规,税,False,(匹配)财税与金融监管,,税收违规,(6-8) 法条不含书名号 | 法条: 对少缴的城建税、印花税处以百分之五十的罚款
对少缴的增值税税款50,税收违规,增值税||税,False,(匹配)财税与金融监管,,税收违规,(6-8) 法条不含书名号 | 法条: 对少缴的增值税税款50
对少缴税款,税收违规,税,False,(匹配)财税与金融监管,,税收违规,(6-8) 法条不含书名号 | 法条: 对少缴税款
对山东民兴建筑工程有限公司罚款,建设工程与房地产,工程,False,,,建设工程,(6-8) 法条不含书名号 | 法条: 对山东民兴建筑工程有限公司罚款
对岱庄煤矿第(5)条行为作出责令限期改正,安全生产,矿,False,(匹配)安全生产,,安全生产/危化品,(6-8) 法条不含书名号 | 法条: 对岱庄煤矿第(5)条行为作出责令限期改正
对常州丰兴诚环保科技有限公司作出处罚款,环境保护,环保,False,,,环境保护,(6-8) 法条不含书名号 | 法条: 对常州丰兴诚环保科技有限公司作出处罚款
对常州市第二工业涂料有限公司作出处罚款,安全生产,工业,False,,,安全生产/危化品,(6-8) 法条不含书名号 | 法条: 对常州市第二工业涂料有限公司作出处罚款
对应扣未扣的个人所得税处以百分之五十的罚款,税收违规,税,False,(匹配)财税与金融监管,,税收违规,(6-8) 法条不含书名号 | 法条: 对应扣未扣的个人所得税处以百分之五十的罚款
对张洋经营的遵化市天成加油站经销的93#车用汽油进行抽样送检,产品质量与安全,抽样送检,False,,,产品质量,(6-8) 法条不含书名号 | 法条: 对张洋经营的遵化市天成加油站经销的93#车用汽油进行抽样送检
对总工程师申作财处贰仟元罚款,建设工程与房地产,工程,False,,,建设工程,(6-8) 法条不含书名号 | 法条: 对总工程师申作财处贰仟元罚款
对所偷企业所得税处以百分之五十的罚款,税收违规,税,False,(匹配)财税与金融监管,,税收违规,(6-8) 法条不含书名号 | 法条: 对所偷企业所得税处以百分之五十的罚款
对施工单位处50000元罚款,建设工程与房地产,施工,False,,,建设工程,(6-8) 法条不含书名号 | 法条: 对施工单位处50000元罚款
对昆明德邦物流有限公司罚款贰仟捌仟元整;因缴款时间逾期15日,交通运输,物流,False,,,交通运输违规,(6-8) 法条不含书名号 | 法条: 对昆明德邦物流有限公司罚款贰仟捌仟元整;因缴款时间逾期15日
对查补的2013年印花税处罚款,税收违规,税,False,(匹配)财税与金融监管,,税收违规,(6-8) 法条不含书名号 | 法条: 对查补的2013年印花税处罚款
对济宁天元房地产开发有限公司作出罚款,建设工程与房地产,房地产,False,,,房地产/土地,(6-8) 法条不含书名号 | 法条: 对济宁天元房地产开发有限公司作出罚款
对煤矿处1.5万罚款,安全生产,矿,False,(匹配)安全生产,,安全生产/危化品,(6-8) 法条不含书名号 | 法条: 对煤矿处1.5万罚款
对煤矿处罚款,安全生产,矿,False,(匹配)安全生产,,安全生产/危化品,(6-8) 法条不含书名号 | 法条: 对煤矿处罚款
对煤矿处贰万元以下的罚款,安全生产,矿,False,(匹配)安全生产,,安全生产/危化品,(6-8) 法条不含书名号 | 法条: 对煤矿处贰万元以下的罚款
对煤矿处贰万元罚款,安全生产,矿,False,(匹配)安全生产,,安全生产/危化品,(6-8) 法条不含书名号 | 法条: 对煤矿处贰万元罚款
对煤矿罚款,安全生产,矿,False,(匹配)安全生产,,安全生产/危化品,(6-8) 法条不含书名号 | 法条: 对煤矿罚款
对纳税人处以1000元的罚款,税收违规,纳税||税,False,(匹配)财税与金融监管,,税收违规,(6-8) 法条不含书名号 | 法条: 对纳税人处以1000元的罚款
对编造虚假计税依据的行为,税收违规,虚假||税,False,(匹配)虚假广告/虚假宣传||税收违规,,虚假广告/虚假宣传||税收违规,(6-8) 法条不含书名号 | 法条: 对编造虚假计税依据的行为
对虚开发票行为处罚决定:处以罚款,财税与金融监管,发票,False,,,税收违规,(6-5) 处罚措施描述 | 匹配模式: '处以罚款' | 法条: 对虚开发票行为处罚决定:处以罚款
对该企业不列、少列收入造成少缴增值税税款,税收违规,增值税||税||少列收入,False,(匹配)税收违规||会计/账务,,税收违规||会计/账务,(6-8) 法条不含书名号 | 法条: 对该企业不列、少列收入造成少缴增值税税款
对该公司处以偷税罚款,税收违规,税,False,(匹配)财税与金融监管,,税收违规,(6-8) 法条不含书名号 | 法条: 对该公司处以偷税罚款
对该公司处偷税数额的税款0.5倍罚款,税收违规,税,False,(匹配)财税与金融监管,,税收违规,(6-8) 法条不含书名号 | 法条: 对该公司处偷税数额的税款0.5倍罚款
对该公司接受虚开增值税普通发票的行为处以罚款,税收违规,增值税||发票||税,False,(匹配)财税与金融监管,,税收违规,(6-8) 法条不含书名号 | 法条: 对该公司接受虚开增值税普通发票的行为处以罚款
对该公司未按照规定的期限申报、缴纳税款的行为处以10000.00元的罚款,税收违规,纳税||税,False,(匹配)财税与金融监管,,税收违规,(6-8) 法条不含书名号 | 法条: 对该公司未按照规定的期限申报、缴纳税款的行为处以10000.00元的罚款
对该单位处以建设工程造价5%的罚款,建设工程与房地产,建设工程||工程,False,,,建设工程,(6-5) 处罚措施描述 | 匹配模式: '处以建设工程造价5%的罚款' | 法条: 对该单位处以建设工程造价5%的罚款
对该工程直接负责的主管人员张秉权处单位罚款金额5%的罚款,建设工程与房地产,工程,False,,,建设工程,(6-8) 法条不含书名号 | 法条: 对该工程直接负责的主管人员张秉权处单位罚款金额5%的罚款
对该环境违法行为处罚款,环境保护,环境||环境违法,False,,,环境保护,(6-8) 法条不含书名号 | 法条: 对该环境违法行为处罚款
少缴应纳税款,税收违规,纳税||税,False,(匹配)财税与金融监管,,税收违规,(6-8) 法条不含书名号 | 法条: 少缴应纳税款
少缴税款,税收违规,税,False,(匹配)财税与金融监管,,税收违规,(6-8) 法条不含书名号 | 法条: 少缴税款
少计增值税销项,税收违规,增值税||税,False,(匹配)财税与金融监管,,税收违规,(6-8) 法条不含书名号 | 法条: 少计增值税销项
属于不进行纳税申报,税收违规,纳税||税,False,(匹配)财税与金融监管,,税收违规,(6-8) 法条不含书名号 | 法条: 属于不进行纳税申报
属于在不具备安全条,安全生产,安全,False,,,安全生产,(6-8) 法条不含书名号 | 法条: 属于在不具备安全条
属于运输散装、流体物料车辆不符合条,交通运输违规,运输||车辆,False,(匹配)交通运输,,交通运输违规,(6-8) 法条不含书名号 | 法条: 属于运输散装、流体物料车辆不符合条
属应扣未扣税款,税收违规,税,False,(匹配)财税与金融监管,,税收违规,(6-8) 法条不含书名号 | 法条: 属应扣未扣税款
属纳税人不进行纳税申报、不缴或少缴税款,税收违规,纳税||税,False,(匹配)财税与金融监管,,税收违规,(6-8) 法条不含书名号 | 法条: 属纳税人不进行纳税申报、不缴或少缴税款
已构成成建筑工程项,建设工程与房地产,工程,False,,,建设工程,(6-8) 法条不含书名号 | 法条: 已构成成建筑工程项
市城乡建设规划局于2015年12月27日复函本局已对上述钢筋进行退场处理。关于涉案钢筋,建设工程与房地产,城乡规划,False,,,建设工程,(6-8) 法条不含书名号 | 法条: 市城乡建设规划局于2015年12月27日复函本局已对上述钢筋进行退场处理。关于涉案钢筋
并处不缴或者少缴的税款,税收违规,税,False,(匹配)财税与金融监管,,税收违规,(6-8) 法条不含书名号 | 法条: 并处不缴或者少缴的税款
并处不缴的税款百分之五十的罚款,税收违规,税,False,(匹配)财税与金融监管,,税收违规,(6-8) 法条不含书名号 | 法条: 并处不缴的税款百分之五十的罚款
并对煤矿处贰万元罚款,安全生产,矿,False,(匹配)安全生产,,安全生产/危化品,(6-8) 法条不含书名号 | 法条: 并对煤矿处贰万元罚款
并申报抵扣税款,税收违规,税,False,(匹配)财税与金融监管,,税收违规,(6-8) 法条不含书名号 | 法条: 并申报抵扣税款
并给予当事人以下行政处罚：罚款人民币30000元。对当事人使用未取得相应资格的人员从事特种设备作业的违法行为,特种设备,特种设备||特种设||特种作业||从事作业,False,(匹配)安全生产,,安全生产,(6-8) 法条不含书名号 | 法条: 并给予当事人以下行政处罚：罚款人民币30000元。对当事人使用未取得相应资格的人员从事特种设备作业的...
并造成了漏缴税款,税收违规,税,False,(匹配)财税与金融监管,,税收违规,(6-8) 法条不含书名号 | 法条: 并造成了漏缴税款
应予处罚;作为扣缴义务人应扣未扣税款,税收违规,税,False,(匹配)财税与金融监管,,税收违规,(6-8) 法条不含书名号 | 法条: 应予处罚;作为扣缴义务人应扣未扣税款
应扣未扣、应收未收税款,税收违规,税,False,(匹配)财税与金融监管,,税收违规,(6-8) 法条不含书名号 | 法条: 应扣未扣、应收未收税款
应收而不收税款的,税收违规,税,False,(匹配)财税与金融监管,,税收违规,(6-8) 法条不含书名号 | 法条: 应收而不收税款的
应申报增值税销项,税收违规,增值税||税,False,(匹配)财税与金融监管,,税收违规,(6-8) 法条不含书名号 | 法条: 应申报增值税销项
应申报增值税销项税额430720.24元,税收违规,增值税||税,False,(匹配)财税与金融监管,,税收违规,(6-8) 法条不含书名号 | 法条: 应申报增值税销项税额430720.24元
建议不再并处建设工程造价百分之十以下的罚款,建设工程与房地产,建设工程||工程,False,,,建设工程,(6-8) 法条不含书名号 | 法条: 建议不再并处建设工程造价百分之十以下的罚款
建议对扣缴义务人处应扣未扣、应收未收税款百分之五十的罚款,税收违规,税,False,(匹配)财税与金融监管,,税收违规,(6-8) 法条不含书名号 | 法条: 建议对扣缴义务人处应扣未扣、应收未收税款百分之五十的罚款
建议给予扬州欣欣食品有限公司处罚款,食品药品,食品,False,(匹配)产品质量与安全,,食品药品,(6-8) 法条不含书名号 | 法条: 建议给予扬州欣欣食品有限公司处罚款
建议给予沂源县成泰建筑工程有限公司罚款,建设工程与房地产,工程,False,,,建设工程,(6-8) 法条不含书名号 | 法条: 建议给予沂源县成泰建筑工程有限公司罚款
建设对环境有影响的项,环境保护,环境||环境影响,False,,,环境保护,(6-8) 法条不含书名号 | 法条: 建设对环境有影响的项
张宝珠驾驶京ADM5433号车由通州区公共厕所东侧载乘客至通州区小耕垡村,交通运输违规,驾驶,False,(匹配)交通运输,,交通运输违规,(6-8) 法条不含书名号 | 法条: 张宝珠驾驶京ADM5433号车由通州区公共厕所东侧载乘客至通州区小耕垡村
当事人在规定的期限内未办理变更或注销登记,无照经营/登记问题,未登记||变更登记||登记,False,(匹配)未年检登记||无照经营/登记问题,,未年检登记||无照经营/登记问题,(6-8) 法条不含书名号 | 法条: 当事人在规定的期限内未办理变更或注销登记
当事人无法提供进货的相关票据,财税与金融监管,票据,False,,,税收违规,(6-8) 法条不含书名号 | 法条: 当事人无法提供进货的相关票据
当事人本办理施工可于续款自场二的违法行为有询问笔求,建设工程与房地产,施工,False,,,建设工程,(6-8) 法条不含书名号 | 法条: 当事人本办理施工可于续款自场二的违法行为有询问笔求
当事人购进后又以1750元/吨销售给“左岸森林”建设方,环境保护,森林,False,,,环境保护,(6-8) 法条不含书名号 | 法条: 当事人购进后又以1750元/吨销售给“左岸森林”建设方
影响了国家税款,税收违规,税,False,(匹配)财税与金融监管,,税收违规,(6-8) 法条不含书名号 | 法条: 影响了国家税款
影响国家税款征收的违法行为,税收违规,税,False,(匹配)财税与金融监管,,税收违规,(6-8) 法条不含书名号 | 法条: 影响国家税款征收的违法行为
悬挑式脚手架工程属于危险性较大的分部分项,建设工程与房地产,工程,False,,,建设工程,(6-8) 法条不含书名号 | 法条: 悬挑式脚手架工程属于危险性较大的分部分项
我局决定对中德安联人寿保险有限公司四川分公司作出罚款,财税与金融监管,保险,False,,,金融/信贷违规,(6-8) 法条不含书名号 | 法条: 我局决定对中德安联人寿保险有限公司四川分公司作出罚款
我局决定对阳光保险代理有限公司警告并罚款,财税与金融监管,保险||警告,False,,,金融/信贷违规,(6-8) 法条不含书名号 | 法条: 我局决定对阳光保险代理有限公司警告并罚款
我局对该单位应扣未扣个人所得税税款的行为,税收违规,税,False,(匹配)财税与金融监管,,税收违规,(6-8) 法条不含书名号 | 法条: 我局对该单位应扣未扣个人所得税税款的行为
我局执法人员调取了陕西工程建设材料设备供应公司当日的“出货通知单”,建设工程与房地产,工程,False,,,建设工程,(6-8) 法条不含书名号 | 法条: 我局执法人员调取了陕西工程建设材料设备供应公司当日的“出货通知单”
我局拟对该煤矿作出行政处罚罚款,安全生产,矿,False,(匹配)安全生产,,安全生产/危化品,(6-8) 法条不含书名号 | 法条: 我局拟对该煤矿作出行政处罚罚款
或者开业后自行停业连续六个月以上的状态。 以上事实有以下证据证明：1.本局将当事人列入经营异常名录时对当事人进行现场检查的记录及证据提取单,市场主体与登记治理,开业后自行停业连续六个月以上||自行停业连续六个月||停业连续六个月||自行停业连续六个月以上||自行停业,False,,,未开业/自行停业,(6-8) 法条不含书名号 | 法条: 或者开业后自行停业连续六个月以上的状态。 以上事实有以下证据证明：1.本局将当事人列入经营异常名录时...
或者开业后自行停业连续六个月以上的状态。以上事实有以下证据证明:1.本局将当事人列入经营异常名录时对当事人进行现场检查的记录及证据提取单,市场主体与登记治理,开业后自行停业连续六个月以上||自行停业连续六个月||停业连续六个月||自行停业连续六个月以上||自行停业,False,,,未开业/自行停业,(6-8) 法条不含书名号 | 法条: 或者开业后自行停业连续六个月以上的状态。以上事实有以下证据证明:1.本局将当事人列入经营异常名录时对...
拟对你单位未履行扣缴税款,税收违规,税,False,(匹配)财税与金融监管,,税收违规,(6-8) 法条不含书名号 | 法条: 拟对你单位未履行扣缴税款
拟对昆明东川大酒店有限公司处壹仟元整的罚款,治安管理,酒店,False,,,治安管理,(6-8) 法条不含书名号 | 法条: 拟对昆明东川大酒店有限公司处壹仟元整的罚款
拟对煤矿处罚款4万元;第2项,安全生产,矿,False,(匹配)安全生产,,安全生产/危化品,(6-8) 法条不含书名号 | 法条: 拟对煤矿处罚款4万元;第2项
拟对煤矿处罚款4万元;第3项,安全生产,矿,False,(匹配)安全生产,,安全生产/危化品,(6-8) 法条不含书名号 | 法条: 拟对煤矿处罚款4万元;第3项
拟对青岛信达工程管理有限公司处罚款,建设工程与房地产,工程,False,,,建设工程,(6-8) 法条不含书名号 | 法条: 拟对青岛信达工程管理有限公司处罚款
拟对青岛华鹏工程咨询集团有限公司处罚款,建设工程与房地产,工程,False,,,建设工程,(6-8) 法条不含书名号 | 法条: 拟对青岛华鹏工程咨询集团有限公司处罚款
拟对青岛西海岸市政工程有限公司处罚款,建设工程与房地产,工程,False,,,建设工程,(6-8) 法条不含书名号 | 法条: 拟对青岛西海岸市政工程有限公司处罚款
按照销售额和本条例第二条规定的税率计算收取的增值税额,税收违规,增值税||税,False,(匹配)财税与金融监管,,税收违规,(6-8) 法条不含书名号 | 法条: 按照销售额和本条例第二条规定的税率计算收取的增值税额
放行超限超载运输车辆的,交通运输违规,运输||车辆||超载||超限,False,(匹配)交通运输,,交通运输违规,(6-8) 法条不含书名号 | 法条: 放行超限超载运输车辆的
施工单位负责项,建设工程与房地产,施工,False,,,建设工程,(6-8) 法条不含书名号 | 法条: 施工单位负责项
施工总承包单位为履行第三十一条第(一)、(三)、(四)、(五)、(七)项,建设工程与房地产,施工,False,,,建设工程,(6-8) 法条不含书名号 | 法条: 施工总承包单位为履行第三十一条第(一)、(三)、(四)、(五)、(七)项
旋挖钻孔灌注桩(桩径800mm)分项工程的合同合计价款,建设工程与房地产,工程,False,,,建设工程,(6-8) 法条不含书名号 | 法条: 旋挖钻孔灌注桩(桩径800mm)分项工程的合同合计价款
是偷税,税收违规,税,False,(匹配)财税与金融监管,,税收违规,(6-8) 法条不含书名号 | 法条: 是偷税
是应扣未扣税款,税收违规,税,False,(匹配)财税与金融监管,,税收违规,(6-8) 法条不含书名号 | 法条: 是应扣未扣税款
是指纳税人销售服务、无形资产、不动产过程中或者完成后收到款项。取得索取销售款项凭据的当天,税收违规,纳税||税,False,(匹配)财税与金融监管,,税收违规,(6-8) 法条不含书名号 | 法条: 是指纳税人销售服务、无形资产、不动产过程中或者完成后收到款项。取得索取销售款项凭据的当天
有发生坠落危险的场所作业,安全生产,危险场所,False,,,安全生产,(6-8) 法条不含书名号 | 法条: 有发生坠落危险的场所作业
未按照规范编制并落实安全专项,安全生产,安全,False,,,安全生产,(6-8) 法条不含书名号 | 法条: 未按照规范编制并落实安全专项
本机关决定(处工程合同价款1％的罚款,建设工程与房地产,工程,False,,,建设工程,(6-8) 法条不含书名号 | 法条: 本机关决定(处工程合同价款1％的罚款
本机关决定对你单位作出如下行政处罚:处聚福苑项目建设工程造价百分之五的罚款,建设工程与房地产,建设工程||工程,False,,,建设工程,(6-8) 法条不含书名号 | 法条: 本机关决定对你单位作出如下行政处罚:处聚福苑项目建设工程造价百分之五的罚款
本机关接到北京市交通委员会交办案件,交通运输,交通,False,,,交通运输违规,(6-8) 法条不含书名号 | 法条: 本机关接到北京市交通委员会交办案件
李文革驾驶京JAE285号车由通州区虾潮蟹海蒸海鲜载乘客至通州区梨园云景豪庭C座,交通运输违规,驾驶,False,(匹配)交通运输,,交通运输违规,(6-8) 法条不含书名号 | 法条: 李文革驾驶京JAE285号车由通州区虾潮蟹海蒸海鲜载乘客至通州区梨园云景豪庭C座
杜影柱驾驶京QU87R8号车由朝阳区新坐标小区南门载乘客至朝阳区十里河动因大厦,交通运输违规,驾驶,False,(匹配)交通运输,,交通运输违规,(6-8) 法条不含书名号 | 法条: 杜影柱驾驶京QU87R8号车由朝阳区新坐标小区南门载乘客至朝阳区十里河动因大厦
法定代表人:冯光霞)作为该工程的施工总包方,建设工程与房地产,施工||工程施工||工程,False,,,建设工程,(6-8) 法条不含书名号 | 法条: 法定代表人:冯光霞)作为该工程的施工总包方
现决定给予东莞市葆俪酒店有限公司罚款,治安管理,酒店,False,,,治安管理,(6-8) 法条不含书名号 | 法条: 现决定给予东莞市葆俪酒店有限公司罚款
现决定给予中民康达药业股份有限公司罚款,产品质量与安全,药业,False,,,食品药品,(6-8) 法条不含书名号 | 法条: 现决定给予中民康达药业股份有限公司罚款
现决定给予北京中油宾馆有限公司罚款,治安管理,宾馆,False,,,治安管理,(6-8) 法条不含书名号 | 法条: 现决定给予北京中油宾馆有限公司罚款
现决定给予北京乐亨宾馆(普通合伙)罚款,治安管理,宾馆,False,,,治安管理,(6-8) 法条不含书名号 | 法条: 现决定给予北京乐亨宾馆(普通合伙)罚款
现决定给予北京京岭酒店有限公司罚款,治安管理,酒店,False,,,治安管理,(6-8) 法条不含书名号 | 法条: 现决定给予北京京岭酒店有限公司罚款
现决定给予北京北中大药业有限公司罚款,产品质量与安全,药业,False,,,食品药品,(6-8) 法条不含书名号 | 法条: 现决定给予北京北中大药业有限公司罚款
现决定给予北京千喜鹤食品有限公司罚款,食品药品,食品,False,(匹配)产品质量与安全,,食品药品,(6-8) 法条不含书名号 | 法条: 现决定给予北京千喜鹤食品有限公司罚款
现决定给予北京华程金源国际物流有限公司罚款,交通运输,物流,False,,,交通运输违规,(6-8) 法条不含书名号 | 法条: 现决定给予北京华程金源国际物流有限公司罚款
现决定给予北京同鹤药业有限公司罚款,产品质量与安全,药业,False,,,食品药品,(6-8) 法条不含书名号 | 法条: 现决定给予北京同鹤药业有限公司罚款
现决定给予北京富锦博消防科技有限公司罚款,消防安全,消防,False,,,消防安全,(6-8) 法条不含书名号 | 法条: 现决定给予北京富锦博消防科技有限公司罚款
现决定给予北京金欣美洁环境管理有限公司罚款,环境保护,环境,False,,,环境保护,(6-8) 法条不含书名号 | 法条: 现决定给予北京金欣美洁环境管理有限公司罚款
现决定给予北京顺承酒店有限公司罚款,治安管理,酒店,False,,,治安管理,(6-8) 法条不含书名号 | 法条: 现决定给予北京顺承酒店有限公司罚款
现决定给予北京香味斋食品有限公司罚款,食品药品,食品,False,(匹配)产品质量与安全,,食品药品,(6-8) 法条不含书名号 | 法条: 现决定给予北京香味斋食品有限公司罚款
现决定给予北京高屋工程咨询监理有限公司罚款,建设工程与房地产,工程,False,,,建设工程,(6-8) 法条不含书名号 | 法条: 现决定给予北京高屋工程咨询监理有限公司罚款
现决定给予广东建安消防机电工程有限公司罚款人民币贰仟元整;合并执行:处罚款,消防安全||建设工程,消防||工程,False,,,消防安全||建设工程,(6-8) 法条不含书名号 | 法条: 现决定给予广东建安消防机电工程有限公司罚款人民币贰仟元整;合并执行:处罚款
现决定给予浙江联众矿业有限公司警告并处罚款,安全生产,矿||矿业||警告,False,,,安全生产/危化品,(6-8) 法条不含书名号 | 法条: 现决定给予浙江联众矿业有限公司警告并处罚款
现决定给予深圳因特安全技术有限公司罚款,安全生产,安全||安全技术,False,,,安全生产,(6-8) 法条不含书名号 | 法条: 现决定给予深圳因特安全技术有限公司罚款
现决定给予石林家和燃气有限公司罚款,燃气安全,燃气,False,,,燃气安全,(6-8) 法条不含书名号 | 法条: 现决定给予石林家和燃气有限公司罚款
现决定给予贵州天言消防工程技术有限公司罚款,消防安全||建设工程,消防||工程,False,,,消防安全||建设工程,(6-8) 法条不含书名号 | 法条: 现决定给予贵州天言消防工程技术有限公司罚款
现决定给予贵州省松桃君逸凯悦酒店罚款,治安管理,酒店,False,,,治安管理,(6-8) 法条不含书名号 | 法条: 现决定给予贵州省松桃君逸凯悦酒店罚款
现决定给予贵阳市珍珠岛温泉度假酒店有限公司罚款,治安管理,酒店,False,,,治安管理,(6-8) 法条不含书名号 | 法条: 现决定给予贵阳市珍珠岛温泉度假酒店有限公司罚款
现决定给予重庆江来建设工程有限公司罚款,建设工程与房地产,建设工程||工程,False,,,建设工程,(6-8) 法条不含书名号 | 法条: 现决定给予重庆江来建设工程有限公司罚款
现决定给予鹤岗市兴星煤矿罚款,安全生产,矿,False,(匹配)安全生产,,安全生产/危化品,(6-8) 法条不含书名号 | 法条: 现决定给予鹤岗市兴星煤矿罚款
现决定给予鹤岗市隆鑫煤矿有限公司罚款,安全生产,矿,False,(匹配)安全生产,,安全生产/危化品,(6-8) 法条不含书名号 | 法条: 现决定给予鹤岗市隆鑫煤矿有限公司罚款
由于工地货源紧张,建设工程与房地产,工地,False,,,建设工程,(6-8) 法条不含书名号 | 法条: 由于工地货源紧张
由北京市广厦房地产开发公司建设、北京中城工程项,房地产/土地||建设工程,房地产||建设工程||工程,False,,,房地产/土地||建设工程,(6-8) 法条不含书名号 | 法条: 由北京市广厦房地产开发公司建设、北京中城工程项
由税务机关向纳税人追缴税款,税收违规,纳税||税,False,(匹配)财税与金融监管,,税收违规,(6-8) 法条不含书名号 | 法条: 由税务机关向纳税人追缴税款
由税务机关追缴其不缴或少缴的税款,税收违规,税,False,(匹配)财税与金融监管,,税收违规,(6-8) 法条不含书名号 | 法条: 由税务机关追缴其不缴或少缴的税款
由税务机关追缴其不缴或者少缴的税款,税收违规,税,False,(匹配)财税与金融监管,,税收违规,(6-8) 法条不含书名号 | 法条: 由税务机关追缴其不缴或者少缴的税款
由税务机关追缴其不缴或者少缴的税款、滞纳金,税收违规,税,False,(匹配)财税与金融监管,,税收违规,(6-8) 法条不含书名号 | 法条: 由税务机关追缴其不缴或者少缴的税款、滞纳金
由税务机关追缴补缴或者少缴的税款,税收违规,税,False,(匹配)财税与金融监管,,税收违规,(6-8) 法条不含书名号 | 法条: 由税务机关追缴补缴或者少缴的税款
矿山企业未按规定对电气保护装置和漏电保护装置进行检验,安全生产,矿||装置,False,,,安全生产/危化品,(6-8) 法条不含书名号 | 法条: 矿山企业未按规定对电气保护装置和漏电保护装置进行检验
第1条问题对国能神东煤炭柳塔矿处以罚款,安全生产,矿,False,,,安全生产/危化品,(6-5) 处罚措施描述 | 匹配模式: '处以罚款' | 法条: 第1条问题对国能神东煤炭柳塔矿处以罚款
第2条问题对国能神东煤炭柳塔矿处以罚款,安全生产,矿,False,,,安全生产/危化品,(6-5) 处罚措施描述 | 匹配模式: '处以罚款' | 法条: 第2条问题对国能神东煤炭柳塔矿处以罚款
第2项行为对煤矿处罚款,安全生产,矿,False,(匹配)安全生产,,安全生产/危化品,(6-8) 法条不含书名号 | 法条: 第2项行为对煤矿处罚款
第33条整改不合格,产品质量与安全,不合格,False,,,产品质量,(6-8) 法条不含书名号 | 法条: 第33条整改不合格
第3条问题对国能神东煤炭柳塔矿处以罚款,安全生产,矿,False,,,安全生产/危化品,(6-5) 处罚措施描述 | 匹配模式: '处以罚款' | 法条: 第3条问题对国能神东煤炭柳塔矿处以罚款
第4层楼层墙体;与安全专项,安全生产,安全,False,,,安全生产,(6-8) 法条不含书名号 | 法条: 第4层楼层墙体;与安全专项
第G20170109164号）检验报告显示：【检验项目】项,产品质量与安全,检验报告,False,,,产品质量,(6-8) 法条不含书名号 | 法条: 第G20170109164号）检验报告显示：【检验项目】项
第一人民医院供应药品的销售款,食品药品,药品,False,(匹配)产品质量与安全,,食品药品,(6-8) 法条不含书名号 | 法条: 第一人民医院供应药品的销售款
第一人民医院的药品销售款,食品药品,药品,False,(匹配)产品质量与安全,,食品药品,(6-8) 法条不含书名号 | 法条: 第一人民医院的药品销售款
第一建筑工程总公司在负责建设徐闻县新寮岛海堤生态化改造项,环境保护||建设工程,生态||工程,False,,,环境保护||建设工程,(6-8) 法条不含书名号 | 法条: 第一建筑工程总公司在负责建设徐闻县新寮岛海堤生态化改造项
第一建筑工程有限责任公司未按照规定存储凉都德福苑棚户区改造工程项,建设工程与房地产,工程,False,,,建设工程,(6-8) 法条不含书名号 | 法条: 第一建筑工程有限责任公司未按照规定存储凉都德福苑棚户区改造工程项
第一建筑有限公司在志远路恒信志远名著住宅楼工程项,建设工程与房地产,工程,False,,,建设工程,(6-8) 法条不含书名号 | 法条: 第一建筑有限公司在志远路恒信志远名著住宅楼工程项
第一标段)工程,建设工程与房地产,工程,False,,,建设工程,(6-8) 法条不含书名号 | 法条: 第一标段)工程
第一标段)工程进行了专项,建设工程与房地产,工程,False,,,建设工程,(6-8) 法条不含书名号 | 法条: 第一标段)工程进行了专项
第一次安全专项,安全生产,安全,False,,,安全生产,(6-8) 法条不含书名号 | 法条: 第一次安全专项
第一稽查局税务事项,税收违规,税,False,(匹配)财税与金融监管,,税收违规,(6-8) 法条不含书名号 | 法条: 第一稽查局税务事项
第一道水平网下方每隔10m应设置一道水平安全网的条,安全生产,安全,False,,,安全生产,(6-8) 法条不含书名号 | 法条: 第一道水平网下方每隔10m应设置一道水平安全网的条
第七建筑安装有限公司在牡丹江恒大绿洲三期工程项,建设工程与房地产,工程,False,,,建设工程,(6-8) 法条不含书名号 | 法条: 第七建筑安装有限公司在牡丹江恒大绿洲三期工程项
第三工程有限公司深汕西改扩建TJ12合同段项,建设工程与房地产,工程,False,,,建设工程,(6-8) 法条不含书名号 | 法条: 第三工程有限公司深汕西改扩建TJ12合同段项
第三建筑工程有限公司作罚款,建设工程与房地产,工程,False,,,建设工程,(6-8) 法条不含书名号 | 法条: 第三建筑工程有限公司作罚款
第三批产品质量安全风险专项,产品质量||安全生产,产品质量||安全风险||安全,False,,,产品质量||安全生产,(6-8) 法条不含书名号 | 法条: 第三批产品质量安全风险专项
第三方对贷款,财税与金融监管,贷款,False,,,金融/信贷违规,(6-8) 法条不含书名号 | 法条: 第三方对贷款
第三方开具的专用发票,财税与金融监管,发票,False,,,税收违规,(6-8) 法条不含书名号 | 法条: 第三方开具的专用发票
第三方开具的专用发票进行申报抵扣造成少缴税款,税收违规,发票||税,False,(匹配)财税与金融监管,,税收违规,(6-8) 法条不含书名号 | 法条: 第三方开具的专用发票进行申报抵扣造成少缴税款
第三方开具的增值税专用发票,税收违规,增值税||发票||税,False,(匹配)财税与金融监管,,税收违规,(6-8) 法条不含书名号 | 法条: 第三方开具的增值税专用发票
第三方开具的增值税专用发票抵扣税款,税收违规,增值税||发票||税,False,(匹配)财税与金融监管,,税收违规,(6-8) 法条不含书名号 | 法条: 第三方开具的增值税专用发票抵扣税款
第三方提供的发票抵扣税款,税收违规,发票||税,False,(匹配)财税与金融监管,,税收违规,(6-8) 法条不含书名号 | 法条: 第三方提供的发票抵扣税款
第三条恶意申请商标注册的申请人,虚假广告/虚假宣传||侵犯商标/知识产权,标注||商标,False,,,虚假广告/虚假宣传||侵犯商标/知识产权,(6-8) 法条不含书名号 | 法条: 第三条恶意申请商标注册的申请人
第三污水处理厂PPP项,环境保护,污水||污水处理,False,,,环境保护,(6-8) 法条不含书名号 | 法条: 第三污水处理厂PPP项
第三污水处理厂扩能项,环境保护,污水||污水处理,False,,,环境保护,(6-8) 法条不含书名号 | 法条: 第三污水处理厂扩能项
第三类医疗器械经营,卫生健康,医疗器械,False,(匹配)产品质量与安全,,食品药品,(6-8) 法条不含书名号 | 法条: 第三类医疗器械经营
第二农业园项目配套道路工程规划测量标段项,农业,道路||工程,False,(匹配)交通运输违规||建设工程,,交通运输违规||建设工程,(6-8) 法条不含书名号 | 法条: 第二农业园项目配套道路工程规划测量标段项
第二天拍卖的龙潭小区地块项,环境保护,地块,False,,,环境保护,(6-8) 法条不含书名号 | 法条: 第二天拍卖的龙潭小区地块项
第二工程局有限公司施工,建设工程与房地产,施工||工程施工||工程,False,,,建设工程,(6-8) 法条不含书名号 | 法条: 第二工程局有限公司施工
第二建筑工程有限责任公司“贵阳市马家湾公租房项,建设工程与房地产,工程,False,,,建设工程,(6-8) 法条不含书名号 | 法条: 第二建筑工程有限责任公司“贵阳市马家湾公租房项
第二建设工程有限责任公司作出罚款,建设工程与房地产,建设工程||工程,False,,,建设工程,(6-8) 法条不含书名号 | 法条: 第二建设工程有限责任公司作出罚款
第二批不公平合同格式条款,产品质量与安全,不合格,False,,,产品质量,(6-8) 法条不含书名号 | 法条: 第二批不公平合同格式条款
第二次和第三次维保记录中发现“轿厢照明、风扇、应急照明”项目和“轿内报警装置、对讲系统”项,安全生产,应急||应急照明||报警装置||装置,False,,,安全生产,(6-8) 法条不含书名号 | 法条: 第二次和第三次维保记录中发现“轿厢照明、风扇、应急照明”项目和“轿内报警装置、对讲系统”项
第二次安全生产专项,安全生产,安全||安全生产,False,,,安全生产,(6-8) 法条不含书名号 | 法条: 第二次安全生产专项
第二类医疗器械血糖试条,卫生健康,医疗器械,False,(匹配)产品质量与安全,,食品药品,(6-8) 法条不含书名号 | 法条: 第二类医疗器械血糖试条
第二阶段)施工I标项,建设工程与房地产,施工,False,,,建设工程,(6-8) 法条不含书名号 | 法条: 第二阶段)施工I标项
第二项未按照规定对从业人员进行安全生产教育和培训两项,安全生产||劳动保障/用工,安全||安全生产||安全生产教育培训||安全生产教育||安全生产培训||从业人员,False,,,安全生产||劳动保障/用工,(6-8) 法条不含书名号 | 法条: 第二项未按照规定对从业人员进行安全生产教育和培训两项
第五条:“纳税人发生应税销售行为,税收违规,纳税||税,False,(匹配)财税与金融监管,,税收违规,(6-8) 法条不含书名号 | 法条: 第五条:“纳税人发生应税销售行为
第五条“纳税人发生应税销售行为,税收违规,纳税||税,False,(匹配)财税与金融监管,,税收违规,(6-8) 法条不含书名号 | 法条: 第五条“纳税人发生应税销售行为
第八工程局有限公司于2021年7月14日10时至11时将该项,建设工程与房地产,工程,False,,,建设工程,(6-8) 法条不含书名号 | 法条: 第八工程局有限公司于2021年7月14日10时至11时将该项
第六工程局有限公司处人民币50000元（伍万元整）罚款,建设工程与房地产,工程,False,,,建设工程,(6-8) 法条不含书名号 | 法条: 第六工程局有限公司处人民币50000元（伍万元整）罚款
第六条第一款:“销售额为纳税人发生应税销售行为收取的全部价款和价外费用,税收违规,纳税||税,False,(匹配)财税与金融监管,,税收违规,(6-8) 法条不含书名号 | 法条: 第六条第一款:“销售额为纳税人发生应税销售行为收取的全部价款和价外费用
第十一中学教学楼室外附属工程施工项,建设工程与房地产,施工||工程施工||工程,False,,,建设工程,(6-8) 法条不含书名号 | 法条: 第十一中学教学楼室外附属工程施工项
纳税义务已经发生,税收违规,纳税||税,False,(匹配)财税与金融监管,,税收违规,(6-8) 法条不含书名号 | 法条: 纳税义务已经发生
纳税调整后所得额-245492.00元。检查发现在2016年1月21、22凭证,会计/账务,纳税||税,False,(匹配)财税与金融监管,,税收违规,(6-8) 法条不含书名号 | 法条: 纳税调整后所得额-245492.00元。检查发现在2016年1月21、22凭证
经查:当事人滴滴出行科技有限公司于2020年01月19日13时09分通过滴滴出行网络预约出租汽车服务平台向注册驾驶员韩国柱派单(订单编号35207855359238),交通运输,驾驶,False,,,交通运输违规,(6-8) 法条不含书名号 | 法条: 经查:当事人滴滴出行科技有限公司于2020年01月19日13时09分通过滴滴出行网络预约出租汽车服务...
经查:当事人滴滴出行科技有限公司于2020年04月25日12时48分通过滴滴出行网络服务平台向注册驾驶员翟景连派单(订单编号17671259146005),交通运输,驾驶,False,,,交通运输违规,(6-8) 法条不含书名号 | 法条: 经查:当事人滴滴出行科技有限公司于2020年04月25日12时48分通过滴滴出行网络服务平台向注册驾...
经查:当事人滴滴出行科技有限公司于2020年05月05日07时18分通过滴滴出行网络服务平台向注册驾驶员贾月龙派单(订单编号35212040893738),交通运输,驾驶,False,,,交通运输违规,(6-8) 法条不含书名号 | 法条: 经查:当事人滴滴出行科技有限公司于2020年05月05日07时18分通过滴滴出行网络服务平台向注册驾...
经查:当事人滴滴出行科技有限公司于2020年05月06日21时42分通过滴滴出行网络预约出租汽车平台向注册驾驶员李文革派单(订单编号35212180536403),交通运输,驾驶,False,,,交通运输违规,(6-8) 法条不含书名号 | 法条: 经查:当事人滴滴出行科技有限公司于2020年05月06日21时42分通过滴滴出行网络预约出租汽车平台...
经查:当事人滴滴出行科技有限公司于2020年05月17日22时17分通过滴滴出行网络预约出租汽车平台向注册驾驶员金明华派单(订单编号35212795580786),交通运输,驾驶,False,,,交通运输违规,(6-8) 法条不含书名号 | 法条: 经查:当事人滴滴出行科技有限公司于2020年05月17日22时17分通过滴滴出行网络预约出租汽车平台...
经查:当事人滴滴出行科技有限公司于2020年05月30日21时07分通过滴滴出行网络预约出租汽车平台向注册驾驶员张宝珠派单(订单编号35213485090446),交通运输,驾驶,False,,,交通运输违规,(6-8) 法条不含书名号 | 法条: 经查:当事人滴滴出行科技有限公司于2020年05月30日21时07分通过滴滴出行网络预约出租汽车平台...
经查:当事人滴滴出行科技有限公司于2020年06月07日11时25分通过滴滴出行网络预约出租汽车平台向注册驾驶员华纯青派单(订单编号35213914851999),交通运输,驾驶,False,,,交通运输违规,(6-8) 法条不含书名号 | 法条: 经查:当事人滴滴出行科技有限公司于2020年06月07日11时25分通过滴滴出行网络预约出租汽车平台...
经查:当事人滴滴出行科技有限公司于2020年06月09日06时14分通过滴滴出行网络预约出租汽车平台向注册驾驶员杜影柱派单(订单编号35214019131428),交通运输,驾驶,False,,,交通运输违规,(6-8) 法条不含书名号 | 法条: 经查:当事人滴滴出行科技有限公司于2020年06月09日06时14分通过滴滴出行网络预约出租汽车平台...
经查:当事人滴滴出行科技有限公司于2020年07月05日00时10分通过滴滴出行网络预约出租汽车平台向注册驾驶员付朝晖派单(订单编号35215597443805),交通运输,驾驶,False,,,交通运输违规,(6-8) 法条不含书名号 | 法条: 经查:当事人滴滴出行科技有限公司于2020年07月05日00时10分通过滴滴出行网络预约出租汽车平台...
给予中国石油运输有限公司四川分公司罚款,交通运输违规,运输,False,(匹配)交通运输,,交通运输违规,(6-8) 法条不含书名号 | 法条: 给予中国石油运输有限公司四川分公司罚款
给予中国银行泰安分行罚款,金融/账户,银行,False,,,金融/账户,(6-8) 法条不含书名号 | 法条: 给予中国银行泰安分行罚款
给予中建五局安装工程有限公司罚款,建设工程与房地产,工程,False,,,建设工程,(6-8) 法条不含书名号 | 法条: 给予中建五局安装工程有限公司罚款
给予临沭县雪梅运输有限公司罚款,交通运输违规,运输,False,(匹配)交通运输,,交通运输违规,(6-8) 法条不含书名号 | 法条: 给予临沭县雪梅运输有限公司罚款
给予云南昭通交通运输集团有限责任公司罚款,交通运输违规,交通运输||运输||交通,False,(匹配)交通运输,,交通运输违规,(6-8) 法条不含书名号 | 法条: 给予云南昭通交通运输集团有限责任公司罚款
给予交通建设集团股份有限公司罚款,交通运输,交通建设||交通,False,,,交通运输违规,(6-8) 法条不含书名号 | 法条: 给予交通建设集团股份有限公司罚款
给予凉山攀西运输有限责任公司罚款,交通运输违规,运输,False,(匹配)交通运输,,交通运输违规,(6-8) 法条不含书名号 | 法条: 给予凉山攀西运输有限责任公司罚款
给予十堰市仁诚房地产开发有限公司罚款,建设工程与房地产,房地产,False,,,房地产/土地,(6-8) 法条不含书名号 | 法条: 给予十堰市仁诚房地产开发有限公司罚款
给予南充市安吉达汽车运输有限公司罚款,交通运输违规,运输,False,(匹配)交通运输,,交通运输违规,(6-8) 法条不含书名号 | 法条: 给予南充市安吉达汽车运输有限公司罚款
给予南充超宏物流有限公司罚款,交通运输,物流,False,,,交通运输违规,(6-8) 法条不含书名号 | 法条: 给予南充超宏物流有限公司罚款
给予四川仁寿汽车运输有限公司罚款,交通运输违规,运输,False,(匹配)交通运输,,交通运输违规,(6-8) 法条不含书名号 | 法条: 给予四川仁寿汽车运输有限公司罚款
给予四川凤凰驾驶员培训有限公司罚款,交通运输,驾驶,False,,,交通运输违规,(6-8) 法条不含书名号 | 法条: 给予四川凤凰驾驶员培训有限公司罚款
给予四川富临运业集团蓬溪运输有限公司罚款,交通运输违规,运输,False,(匹配)交通运输,,交通运输违规,(6-8) 法条不含书名号 | 法条: 给予四川富临运业集团蓬溪运输有限公司罚款
给予四川怡鑫建设工程有限公司罚款,建设工程与房地产,建设工程||工程,False,,,建设工程,(6-8) 法条不含书名号 | 法条: 给予四川怡鑫建设工程有限公司罚款
给予四川省仁寿县交通运输有限责任公司罚款,交通运输违规,交通运输||运输||交通,False,(匹配)交通运输,,交通运输违规,(6-8) 法条不含书名号 | 法条: 给予四川省仁寿县交通运输有限责任公司罚款
给予四川省大件运输有限公司罚款,交通运输违规,运输,False,(匹配)交通运输,,交通运输违规,(6-8) 法条不含书名号 | 法条: 给予四川省大件运输有限公司罚款
给予四川省天全县交通运输有限责任公司罚款,交通运输违规,交通运输||运输||交通,False,(匹配)交通运输,,交通运输违规,(6-8) 法条不含书名号 | 法条: 给予四川省天全县交通运输有限责任公司罚款
给予四川省宝森建筑工程有限公司罚款,建设工程与房地产,工程,False,,,建设工程,(6-8) 法条不含书名号 | 法条: 给予四川省宝森建筑工程有限公司罚款
给予四川省巴中运输(集团)有限公司罚款,交通运输违规,运输,False,(匹配)交通运输,,交通运输违规,(6-8) 法条不含书名号 | 法条: 给予四川省巴中运输(集团)有限公司罚款
给予四川省汽车运输成都公司罚款,交通运输违规,运输,False,(匹配)交通运输,,交通运输违规,(6-8) 法条不含书名号 | 法条: 给予四川省汽车运输成都公司罚款
给予四川省汽车运输有限公司乐山分公司罚款,交通运输违规,运输,False,(匹配)交通运输,,交通运输违规,(6-8) 法条不含书名号 | 法条: 给予四川省汽车运输有限公司乐山分公司罚款
给予四川省泸州市长通运输(集团)有限公司罚款,交通运输违规,运输,False,(匹配)交通运输,,交通运输违规,(6-8) 法条不含书名号 | 法条: 给予四川省泸州市长通运输(集团)有限公司罚款
给予四川省西昌汽车运输(集团)昭觉公司罚款,交通运输违规,运输,False,(匹配)交通运输,,交通运输违规,(6-8) 法条不含书名号 | 法条: 给予四川省西昌汽车运输(集团)昭觉公司罚款
给予四川省黎明汽车运输集团有限公司宣汉分公司罚款,交通运输违规,运输,False,(匹配)交通运输,,交通运输违规,(6-8) 法条不含书名号 | 法条: 给予四川省黎明汽车运输集团有限公司宣汉分公司罚款
给予四川省黎明汽车运输集团有限公司罚款,交通运输违规,运输,False,(匹配)交通运输,,交通运输违规,(6-8) 法条不含书名号 | 法条: 给予四川省黎明汽车运输集团有限公司罚款
给予四川眉山顺达汽车运输有限责任公司罚款,交通运输违规,运输,False,(匹配)交通运输,,交通运输违规,(6-8) 法条不含书名号 | 法条: 给予四川眉山顺达汽车运输有限责任公司罚款
给予四川航天建筑工程有限公司罚款,建设工程与房地产,工程,False,,,建设工程,(6-8) 法条不含书名号 | 法条: 给予四川航天建筑工程有限公司罚款
给予大冶市新冶建筑工程有限责任公司罚款,建设工程与房地产,工程,False,,,建设工程,(6-8) 法条不含书名号 | 法条: 给予大冶市新冶建筑工程有限责任公司罚款
给予大连全港交通实业有限公司罚款,交通运输,交通,False,,,交通运输违规,(6-8) 法条不含书名号 | 法条: 给予大连全港交通实业有限公司罚款
给予威远县龙驰运输有限公司罚款,交通运输违规,运输,False,(匹配)交通运输,,交通运输违规,(6-8) 法条不含书名号 | 法条: 给予威远县龙驰运输有限公司罚款
给予宁夏博源通达物流有限公司罚款,交通运输,物流,False,,,交通运输违规,(6-8) 法条不含书名号 | 法条: 给予宁夏博源通达物流有限公司罚款
给予宁夏坤泰房地产开发有限公司罚款,建设工程与房地产,房地产,False,,,房地产/土地,(6-8) 法条不含书名号 | 法条: 给予宁夏坤泰房地产开发有限公司罚款
给予广安市康发交通有限责任公司广安区分公司罚款,交通运输,交通,False,,,交通运输违规,(6-8) 法条不含书名号 | 法条: 给予广安市康发交通有限责任公司广安区分公司罚款
给予广西建荣消防工程有限公司罚款,消防安全||建设工程,消防||工程,False,,,消防安全||建设工程,(6-8) 法条不含书名号 | 法条: 给予广西建荣消防工程有限公司罚款
给予新国线集团(梧州)运输有限公司罚款,交通运输违规,运输,False,(匹配)交通运输,,交通运输违规,(6-8) 法条不含书名号 | 法条: 给予新国线集团(梧州)运输有限公司罚款
给予来凤民生能源集团凤翔客运有限公司罚款,交通运输,客运,False,,,交通运输违规,(6-8) 法条不含书名号 | 法条: 给予来凤民生能源集团凤翔客运有限公司罚款
给予汕头市汽车客运有限公司罚款,交通运输,客运,False,,,交通运输违规,(6-8) 法条不含书名号 | 法条: 给予汕头市汽车客运有限公司罚款
给予没收违法生产的药品和违法所得,食品药品,药品||产品法,False,(匹配)食品药品,,食品药品||产品质量,(6-8) 法条不含书名号 | 法条: 给予没收违法生产的药品和违法所得
给予泸州纳溪利达运输有限责任公司罚款,交通运输违规,运输,False,(匹配)交通运输,,交通运输违规,(6-8) 法条不含书名号 | 法条: 给予泸州纳溪利达运输有限责任公司罚款
给予泸州迎瑞物流有限公司罚款,交通运输,物流,False,,,交通运输违规,(6-8) 法条不含书名号 | 法条: 给予泸州迎瑞物流有限公司罚款
给予洛阳市老战友汽车运输有限公司罚款,交通运输违规,运输,False,(匹配)交通运输,,交通运输违规,(6-8) 法条不含书名号 | 法条: 给予洛阳市老战友汽车运输有限公司罚款
给予湖南华韧钢结构工程有限公司罚款,建设工程与房地产,工程,False,,,建设工程,(6-8) 法条不含书名号 | 法条: 给予湖南华韧钢结构工程有限公司罚款
给予煤矿警告,安全生产,矿||警告,False,(匹配)安全生产,,安全生产/危化品,(6-8) 法条不含书名号 | 法条: 给予煤矿警告
给予睢宁县鸿达运输有限公司罚款,交通运输违规,运输,False,(匹配)交通运输,,交通运输违规,(6-8) 法条不含书名号 | 法条: 给予睢宁县鸿达运输有限公司罚款
给予福建省透堡工程有限公司处罚款,建设工程与房地产,工程,False,,,建设工程,(6-8) 法条不含书名号 | 法条: 给予福建省透堡工程有限公司处罚款
给予绵阳市通力汽车运输公司绵阳分公司罚款,交通运输违规,运输,False,(匹配)交通运输,,交通运输违规,(6-8) 法条不含书名号 | 法条: 给予绵阳市通力汽车运输公司绵阳分公司罚款
给予绵阳市通力汽车运输有限公司绵阳分公司罚款,交通运输违规,运输,False,(匹配)交通运输,,交通运输违规,(6-8) 法条不含书名号 | 法条: 给予绵阳市通力汽车运输有限公司绵阳分公司罚款
给予自贡市荣县顺达货物运输有限公司罚款,交通运输违规,运输,False,(匹配)交通运输,,交通运输违规,(6-8) 法条不含书名号 | 法条: 给予自贡市荣县顺达货物运输有限公司罚款
给予自贡新德运输贸易有限公司罚款,交通运输违规,运输,False,(匹配)交通运输,,交通运输违规,(6-8) 法条不含书名号 | 法条: 给予自贡新德运输贸易有限公司罚款
给予荣县平安汽车运输有限公司罚款,交通运输违规,运输,False,(匹配)交通运输,,交通运输违规,(6-8) 法条不含书名号 | 法条: 给予荣县平安汽车运输有限公司罚款
给予西昌三和高速客运有限公司罚款,交通运输,客运,False,,,交通运输违规,(6-8) 法条不含书名号 | 法条: 给予西昌三和高速客运有限公司罚款
给予警告;没收违法经营的食品;罚款,食品药品,食品||警告,False,(匹配)产品质量与安全,,食品药品,(6-8) 法条不含书名号 | 法条: 给予警告;没收违法经营的食品;罚款
给予警告、没收经营食品、罚款,食品药品,食品||警告,False,(匹配)产品质量与安全,,食品药品,(6-8) 法条不含书名号 | 法条: 给予警告、没收经营食品、罚款
给予邻水县昌平汽车运输有限公司罚款,交通运输违规,运输,False,(匹配)交通运输,,交通运输违规,(6-8) 法条不含书名号 | 法条: 给予邻水县昌平汽车运输有限公司罚款
给予重庆佳福物流有限公司罚款,交通运输,物流,False,,,交通运输违规,(6-8) 法条不含书名号 | 法条: 给予重庆佳福物流有限公司罚款
给予重庆市汽车运输(集团)有限责任公司四分公司罚款,交通运输违规,运输,False,(匹配)交通运输,,交通运输违规,(6-8) 法条不含书名号 | 法条: 给予重庆市汽车运输(集团)有限责任公司四分公司罚款
给予重庆民捷运输有限公司罚款,交通运输违规,运输,False,(匹配)交通运输,,交通运输违规,(6-8) 法条不含书名号 | 法条: 给予重庆民捷运输有限公司罚款
给予重庆金塔运输有限公司罚款,交通运输违规,运输,False,(匹配)交通运输,,交通运输违规,(6-8) 法条不含书名号 | 法条: 给予重庆金塔运输有限公司罚款
给予隆昌八达城乡公共交通有限公司罚款,交通运输,交通,False,,,交通运输违规,(6-8) 法条不含书名号 | 法条: 给予隆昌八达城乡公共交通有限公司罚款
罚款城市维护建设税138.58元,税收违规,税,False,(匹配)财税与金融监管,,税收违规,(6-8) 法条不含书名号 | 法条: 罚款城市维护建设税138.58元
翟景连驾驶京ARC118号车由霍营旺龙花园-东南门载乘客至北七家白庙村东街,交通运输违规,驾驶,False,(匹配)交通运输,,交通运输违规,(6-8) 法条不含书名号 | 法条: 翟景连驾驶京ARC118号车由霍营旺龙花园-东南门载乘客至北七家白庙村东街
补缴或者少缴应纳税款的,税收违规,纳税||税,False,(匹配)财税与金融监管,,税收违规,(6-8) 法条不含书名号 | 法条: 补缴或者少缴应纳税款的
证明出具授权书、该批次酒生产销售以及价格、出厂检验合格报告等情况。 综上所述,价格/收费,授权||检验报告||检验合格,False,(匹配)侵犯商标/知识产权||产品质量,,侵犯商标/知识产权||产品质量,(6-8) 法条不含书名号 | 法条: 证明出具授权书、该批次酒生产销售以及价格、出厂检验合格报告等情况。 综上所述
"证明宁波通驰实业有限公司特种操作人员未经专门培训取得特种作业操作证上岗作业及未在有较大危险因素的生产经营场所和有关设施、设备上设置明显的安全警示标志的现场情况属实；""",侵犯商标/知识产权||安全生产,标志||安全||特种设备||特种设||特种作业||危险场所||在危险场所||上岗作业,False,,,侵犯商标/知识产权||安全生产,(6-8) 法条不含书名号 | 法条: 证明宁波通驰实业有限公司特种操作人员未经专门培训取得特种作业操作证上岗作业及未在有较大危险因素的生产...
"证明宁波通驰实业有限公司特种操作人员未经专门培训取得特种作业操作证上岗作业及未在有较大危险因素的生产经营场所和有关设施、设备上设置明显的安全警示标志的现场情况；""",侵犯商标/知识产权||安全生产,标志||安全||特种设备||特种设||特种作业||危险场所||在危险场所||上岗作业,False,,,侵犯商标/知识产权||安全生产,(6-8) 法条不含书名号 | 法条: 证明宁波通驰实业有限公司特种操作人员未经专门培训取得特种作业操作证上岗作业及未在有较大危险因素的生产...
证明当事人通过登记的住所无法取得联系的事实;2.国家税务总局广州市增城区税务局根据本局的提请,无照经营/登记问题,税||登记,False,(匹配)税收违规||无照经营/登记问题,,税收违规||无照经营/登记问题,(6-8) 法条不含书名号 | 法条: 证明当事人通过登记的住所无法取得联系的事实;2.国家税务总局广州市增城区税务局根据本局的提请
证明当事人通过登记的住所无法取得联系的事实；2.国家税务总局广州市增城区税务局根据本局的提请,无照经营/登记问题,税||登记,False,(匹配)税收违规||无照经营/登记问题,,税收违规||无照经营/登记问题,(6-8) 法条不含书名号 | 法条: 证明当事人通过登记的住所无法取得联系的事实；2.国家税务总局广州市增城区税务局根据本局的提请
"证明相关授权情况；""",侵犯商标/知识产权,授权,False,,,侵犯商标/知识产权,"(6-8) 法条不含书名号 | 法条: 证明相关授权情况；"""
该单位2015年应扣或应收税款299.99元,税收违规,税,False,(匹配)财税与金融监管,,税收违规,(6-8) 法条不含书名号 | 法条: 该单位2015年应扣或应收税款299.99元
该单位的行为定性为偷税,税收违规,税,False,(匹配)财税与金融监管,,税收违规,(6-8) 法条不含书名号 | 法条: 该单位的行为定性为偷税
该基坑工程属于超过一定规模的危险性较大的分部分项,建设工程与房地产,工程,False,,,建设工程,(6-8) 法条不含书名号 | 法条: 该基坑工程属于超过一定规模的危险性较大的分部分项
该矿已经履行我局做出的行政处罚,安全生产,矿,False,,,安全生产/危化品,(6-8) 法条不含书名号 | 法条: 该矿已经履行我局做出的行政处罚
该车涉嫌超限运输,交通运输违规,运输||超限,False,(匹配)交通运输,,交通运输违规,(6-8) 法条不含书名号 | 法条: 该车涉嫌超限运输
责令停止生产该款产品,安全生产,责令停止生产,False,,,安全生产/危化品,(6-8) 法条不含书名号 | 法条: 责令停止生产该款产品
责令当事人立即停止使用未经定期检验的特种设备,特种设备,特种设备||特种设||未经检验,False,(匹配)安全生产,,安全生产,(6-8) 法条不含书名号 | 法条: 责令当事人立即停止使用未经定期检验的特种设备
责令限期消除事故隐患,安全生产,事故隐患||隐患,False,,,安全生产,(6-8) 法条不含书名号 | 法条: 责令限期消除事故隐患
贾月龙驾驶京HEP862号车由海淀区定慧寺定慧西里小区东北门载乘客至朝阳区广渠门优士阁A座,交通运输违规,驾驶,False,(匹配)交通运输,,交通运输违规,(6-8) 法条不含书名号 | 法条: 贾月龙驾驶京HEP862号车由海淀区定慧寺定慧西里小区东北门载乘客至朝阳区广渠门优士阁A座
赵福华驾驶京GTD555号车由朝阳区大望路赛德阳光口腔医疗集团国贸门诊部载乘客至三河市汇福悦榕湾10号楼,交通运输违规,驾驶,False,(匹配)交通运输,,交通运输违规,(6-8) 法条不含书名号 | 法条: 赵福华驾驶京GTD555号车由朝阳区大望路赛德阳光口腔医疗集团国贸门诊部载乘客至三河市汇福悦榕湾10...
造成少申报缴纳2016年度贷款,财税与金融监管,贷款,False,,,金融/信贷违规,(6-8) 法条不含书名号 | 法条: 造成少申报缴纳2016年度贷款
造成少缴城镇土地使用税33,税收违规,土地||税,False,(匹配)房地产/土地||税收违规,,房地产/土地||税收违规,(6-8) 法条不含书名号 | 法条: 造成少缴城镇土地使用税33
部分消防材料仍未按照清单配齐;第37条,消防安全,消防,False,,,消防安全,(6-8) 法条不含书名号 | 法条: 部分消防材料仍未按照清单配齐;第37条
金明华驾驶京NA0E58号车由昌平区沙河沙阳路北农贸市场南门载乘客至海淀区前章村,交通运输违规,驾驶,False,(匹配)交通运输,,交通运输违规,(6-8) 法条不含书名号 | 法条: 金明华驾驶京NA0E58号车由昌平区沙河沙阳路北农贸市场南门载乘客至海淀区前章村
销售给“左岸森林”工地使用,环境保护||建设工程,森林||工地,False,,,环境保护||建设工程,(6-8) 法条不含书名号 | 法条: 销售给“左岸森林”工地使用
防火间距不限的条,消防安全,防火,False,,,消防安全,(6-8) 法条不含书名号 | 法条: 防火间距不限的条
非定额发票数量在51份以上,财税与金融监管,发票,False,,,税收违规,(6-8) 法条不含书名号 | 法条: 非定额发票数量在51份以上
韩国柱驾驶京P323L8号车由顺义天井村委会载乘客至平谷区金谷盛达超市,交通运输违规,驾驶,False,(匹配)交通运输,,交通运输违规,(6-8) 法条不含书名号 | 法条: 韩国柱驾驶京P323L8号车由顺义天井村委会载乘客至平谷区金谷盛达超市
