legal_articles,legal_violation_categories,violation_keywords,is_generic,before_legal_categories,reason_ai,original_big_category
《中华人民共和国反不正当竞争法》第二十四条第一款,不正当竞争/商业贿赂,不正当竞争||竞争,False,(匹配)市场秩序与竞争监管,,不正当竞争/商业贿赂
《中华人民共和国反不正当竞争法》第二十四条第一款,不正当竞争/商业贿赂,不正当竞争||竞争,False,(匹配)市场秩序与竞争监管,,不正当竞争/商业贿赂
《中华人民共和国反不正当竞争法》第二十四条第一款,不正当竞争/商业贿赂,不正当竞争||竞争,False,(匹配)市场秩序与竞争监管,,不正当竞争/商业贿赂
《中华人民共和国反不正当竞争法》第二十四条第一款,不正当竞争/商业贿赂,不正当竞争||竞争,False,(匹配)市场秩序与竞争监管,,不正当竞争/商业贿赂
《中华人民共和国反不正当竞争法》第二十四条第一款,不正当竞争/商业贿赂,不正当竞争||竞争,False,(匹配)市场秩序与竞争监管,,不正当竞争/商业贿赂
《中华人民共和国反不正当竞争法》第二十四条第一款,不正当竞争/商业贿赂,不正当竞争||竞争,False,(匹配)市场秩序与竞争监管,,不正当竞争/商业贿赂
《中华人民共和国反不正当竞争法》第二十二条,不正当竞争/商业贿赂,不正当竞争||竞争,False,(匹配)市场秩序与竞争监管,,不正当竞争/商业贿赂
《中华人民共和国反不正当竞争法》第二十六条,不正当竞争/商业贿赂,不正当竞争||竞争,False,(匹配)市场秩序与竞争监管,,不正当竞争/商业贿赂
《中华人民共和国反不正当竞争法》第二十二条,不正当竞争/商业贿赂,不正当竞争||竞争,False,(匹配)市场秩序与竞争监管,,不正当竞争/商业贿赂
《中华人民共和国反不正当竞争法》第二十二条,不正当竞争/商业贿赂,不正当竞争||竞争,False,(匹配)市场秩序与竞争监管,,不正当竞争/商业贿赂
《中华人民共和国反不正当竞争法》第二十二条,不正当竞争/商业贿赂,不正当竞争||竞争,False,(匹配)市场秩序与竞争监管,,不正当竞争/商业贿赂
《中华人民共和国反不正当竞争法》第二十四条,不正当竞争/商业贿赂,不正当竞争||竞争,False,(匹配)市场秩序与竞争监管,,不正当竞争/商业贿赂
《中华人民共和国反不正当竞争法》第二十条和第二十五条的规定,不正当竞争/商业贿赂,不正当竞争||竞争,False,(匹配)市场秩序与竞争监管,,不正当竞争/商业贿赂
《中华人民共和国反不正当竞争法》第二十条第一款,不正当竞争/商业贿赂,不正当竞争||竞争,False,(匹配)市场秩序与竞争监管,,不正当竞争/商业贿赂
《中华人民共和国反不正当竞争法》第五条,不正当竞争/商业贿赂,不正当竞争||竞争,False,(匹配)市场秩序与竞争监管,,不正当竞争/商业贿赂
《中华人民共和国反不正当竞争法》第二十条第一款,不正当竞争/商业贿赂,不正当竞争||竞争,False,(匹配)市场秩序与竞争监管,,不正当竞争/商业贿赂
《中华人民共和国反不正当竞争法》第8条,不正当竞争/商业贿赂,不正当竞争||竞争,False,(匹配)市场秩序与竞争监管,,不正当竞争/商业贿赂
《中华人民共和国反不正当竞争法》第8条,不正当竞争/商业贿赂,不正当竞争||竞争,False,(匹配)市场秩序与竞争监管,,不正当竞争/商业贿赂
《中华人民共和国反不正当竞争法》第24条第1款,不正当竞争/商业贿赂,不正当竞争||竞争,False,(匹配)市场秩序与竞争监管,,不正当竞争/商业贿赂
《中华人民共和国反不正当竞争法》第二十三条,不正当竞争/商业贿赂,不正当竞争||竞争,False,(匹配)市场秩序与竞争监管,,不正当竞争/商业贿赂
《中华人民共和国反不正当竞争法》第二十三条,不正当竞争/商业贿赂,不正当竞争||竞争,False,(匹配)市场秩序与竞争监管,,不正当竞争/商业贿赂
《中华人民共和国反不正当竞争法》第二十一条第二款,不正当竞争/商业贿赂,不正当竞争||竞争,False,(匹配)市场秩序与竞争监管,,不正当竞争/商业贿赂
《中华人民共和国反不正当竞争法》第二十一条第一款,不正当竞争/商业贿赂,不正当竞争||竞争,False,(匹配)市场秩序与竞争监管,,不正当竞争/商业贿赂
《中华人民共和国反不正当竞争法》第二十一条第一款,不正当竞争/商业贿赂,不正当竞争||竞争,False,(匹配)市场秩序与竞争监管,,不正当竞争/商业贿赂
《中华人民共和国反不正当竞争法》第九条第一款,不正当竞争/商业贿赂,不正当竞争||竞争,False,(匹配)市场秩序与竞争监管,,不正当竞争/商业贿赂
《中华人民共和国反不正当竞争法》第九条第一款,不正当竞争/商业贿赂,不正当竞争||竞争,False,(匹配)市场秩序与竞争监管,,不正当竞争/商业贿赂
《中华人民共和国反不正当竞争法》第九条第一款,不正当竞争/商业贿赂,不正当竞争||竞争,False,(匹配)市场秩序与竞争监管,,不正当竞争/商业贿赂
《中华人民共和国反不正当竞争法》第九条第一款,不正当竞争/商业贿赂,不正当竞争||竞争,False,(匹配)市场秩序与竞争监管,,不正当竞争/商业贿赂
《中华人民共和国反不正当竞争法》第九条,不正当竞争/商业贿赂,不正当竞争||竞争,False,(匹配)市场秩序与竞争监管,,不正当竞争/商业贿赂
《中华人民共和国反不正当竞争法》第九条,不正当竞争/商业贿赂,不正当竞争||竞争,False,(匹配)市场秩序与竞争监管,,不正当竞争/商业贿赂
《中华人民共和国反不正当竞争法》第五条第（二）项,不正当竞争/商业贿赂,不正当竞争||竞争,False,(匹配)市场秩序与竞争监管,,不正当竞争/商业贿赂
《中华人民共和国反不正当竞争法》第十二条,不正当竞争/商业贿赂,不正当竞争||竞争,False,(匹配)市场秩序与竞争监管,,不正当竞争/商业贿赂
《中华人民共和国反不正当竞争法》第十三条第（三）项,不正当竞争/商业贿赂,不正当竞争||竞争,False,(匹配)市场秩序与竞争监管,,不正当竞争/商业贿赂
《中华人民共和国反不正当竞争法》第九条第一款,不正当竞争/商业贿赂,ai,False,(匹配)市场秩序与竞争监管,,不正当竞争/商业贿赂
《反不正当竞争法》第六条,不正当竞争/商业贿赂,不正当竞争||竞争,False,(匹配)市场秩序与竞争监管,,不正当竞争/商业贿赂
《反不正当竞争法》第六条,不正当竞争/商业贿赂,不正当竞争||竞争,False,(匹配)市场秩序与竞争监管,,不正当竞争/商业贿赂
《反不正当竞争法》第八条第一款,不正当竞争/商业贿赂,不正当竞争||竞争,False,(匹配)市场秩序与竞争监管,,不正当竞争/商业贿赂
《反不正当竞争法》第八条第一款,不正当竞争/商业贿赂,不正当竞争||竞争,False,(匹配)市场秩序与竞争监管,,不正当竞争/商业贿赂
《反不正当竞争法》第八条,不正当竞争/商业贿赂,不正当竞争||竞争,False,(匹配)市场秩序与竞争监管,,不正当竞争/商业贿赂
《湖北省反不正当竞争条例》第二十七条,不正当竞争/商业贿赂,不正当竞争||反不正当竞争条例||竞争,False,(匹配)市场秩序与竞争监管,,不正当竞争/商业贿赂
《反不正当竞争法》第八条,不正当竞争/商业贿赂,不正当竞争||竞争,False,(匹配)市场秩序与竞争监管,,不正当竞争/商业贿赂
《反不正当竞争法》第二十二条,不正当竞争/商业贿赂,不正当竞争||竞争,False,(匹配)市场秩序与竞争监管,,不正当竞争/商业贿赂
《中华人民共和国反不正当竞争法》第八条第一款,不正当竞争/商业贿赂,不正当竞争||竞争,False,(匹配)市场秩序与竞争监管,,不正当竞争/商业贿赂
《中华人民共和国反不正当竞争法》第八条第一款,不正当竞争/商业贿赂,不正当竞争||竞争,False,(匹配)市场秩序与竞争监管,,不正当竞争/商业贿赂
《中华人民共和国反不正当竞争法》第八条第一款,不正当竞争/商业贿赂,不正当竞争||竞争,False,(匹配)市场秩序与竞争监管,,不正当竞争/商业贿赂
《中华人民共和国反不正当竞争法》第八条第一款,不正当竞争/商业贿赂,不正当竞争||竞争,False,(匹配)市场秩序与竞争监管,,不正当竞争/商业贿赂
《中华人民共和国反不正当竞争法》第八条第一款,不正当竞争/商业贿赂,不正当竞争||竞争,False,(匹配)市场秩序与竞争监管,,不正当竞争/商业贿赂
《中华人民共和国反不正当竞争法》第八条第一款,不正当竞争/商业贿赂,不正当竞争||竞争,False,(匹配)市场秩序与竞争监管,,不正当竞争/商业贿赂
《中华人民共和国反不正当竞争法》第八条,不正当竞争/商业贿赂,不正当竞争||竞争,False,(匹配)市场秩序与竞争监管,,不正当竞争/商业贿赂
《中华人民共和国反不正当竞争法》第八条,不正当竞争/商业贿赂,不正当竞争||竞争,False,(匹配)市场秩序与竞争监管,,不正当竞争/商业贿赂
《中华人民共和国反不正当竞争法》第八条,不正当竞争/商业贿赂,不正当竞争||竞争,False,(匹配)市场秩序与竞争监管,,不正当竞争/商业贿赂
《中华人民共和国反不正当竞争法》第八条,不正当竞争/商业贿赂,不正当竞争||竞争,False,(匹配)市场秩序与竞争监管,,不正当竞争/商业贿赂
《中华人民共和国反不正当竞争法》第八条第一款的规定,不正当竞争/商业贿赂,不正当竞争||竞争,False,(匹配)市场秩序与竞争监管,,不正当竞争/商业贿赂
《中华人民共和国反不正当竞争法》第八条第一款,不正当竞争/商业贿赂,不正当竞争||竞争,False,(匹配)市场秩序与竞争监管,,不正当竞争/商业贿赂
《反不正当竞争法》第二十三条,不正当竞争/商业贿赂,不正当竞争||竞争,False,(匹配)市场秩序与竞争监管,,不正当竞争/商业贿赂
《中华人民共和国反不正当竞争法》第十三条,不正当竞争/商业贿赂,不正当竞争||竞争,False,(匹配)市场秩序与竞争监管,,不正当竞争/商业贿赂
《中华人民共和国反不正当竞争法》第六条,不正当竞争/商业贿赂,不正当竞争||竞争,False,(匹配)市场秩序与竞争监管,,不正当竞争/商业贿赂
《中华人民共和国反不正当竞争法》第六条,不正当竞争/商业贿赂,不正当竞争||竞争,False,(匹配)市场秩序与竞争监管,,不正当竞争/商业贿赂
《中华人民共和国反不正当竞争法》第六条,不正当竞争/商业贿赂,不正当竞争||竞争,False,(匹配)市场秩序与竞争监管,,不正当竞争/商业贿赂
《中华人民共和国反不正当竞争法》第六条,不正当竞争/商业贿赂,不正当竞争||竞争,False,(匹配)市场秩序与竞争监管,,不正当竞争/商业贿赂
《河北省反不正当竞争条例》第十条第一款第三项,不正当竞争/商业贿赂,不正当竞争||反不正当竞争条例||竞争,False,(匹配)市场秩序与竞争监管,,不正当竞争/商业贿赂
《北京市反不正当竞争条例》第三十八条第一款,不正当竞争/商业贿赂,不正当竞争||反不正当竞争条例||竞争,False,(匹配)市场秩序与竞争监管,,不正当竞争/商业贿赂
《中华人民共和国反不正当竞争法》第十八条第一款,不正当竞争/商业贿赂,不正当竞争||竞争,False,(匹配)市场秩序与竞争监管,,不正当竞争/商业贿赂
《中华人民共和国反不正当竞争法》第二十条第一款,不正当竞争/商业贿赂,不正当竞争||竞争,False,(匹配)市场秩序与竞争监管,,不正当竞争/商业贿赂
《河北省反不正当竞争条例》第四十条,不正当竞争/商业贿赂,不正当竞争||反不正当竞争条例||竞争,False,(匹配)市场秩序与竞争监管,,不正当竞争/商业贿赂
《河北省反不正当竞争条例》第十条第（四）项,不正当竞争/商业贿赂,不正当竞争||反不正当竞争条例||竞争,False,(匹配)市场秩序与竞争监管,,不正当竞争/商业贿赂
《河北省反不正当竞争条例》第十四条,不正当竞争/商业贿赂,不正当竞争||反不正当竞争条例||竞争,False,(匹配)市场秩序与竞争监管,,不正当竞争/商业贿赂
《河北省反不正当竞争条例》第40条,不正当竞争/商业贿赂,不正当竞争||反不正当竞争条例||竞争,False,(匹配)市场秩序与竞争监管,,不正当竞争/商业贿赂
《河北省反不正当竞争条例》第16条,不正当竞争/商业贿赂,不正当竞争||反不正当竞争条例||竞争,False,(匹配)市场秩序与竞争监管,,不正当竞争/商业贿赂
《河北省反不正当竞争条例》第14条,不正当竞争/商业贿赂,不正当竞争||反不正当竞争条例||竞争,False,(匹配)市场秩序与竞争监管,,不正当竞争/商业贿赂
《浙江省反不正当竞争条例》第二十八条,不正当竞争/商业贿赂,不正当竞争||反不正当竞争条例||竞争,False,(匹配)市场秩序与竞争监管,,不正当竞争/商业贿赂
《上海市公共汽车和电车客运管理条例》第四十九条第一款第六项,交通运输,客运,False,,,交通运输违规
《教学车辆证》,交通运输,车辆,False,,,交通运输违规
《城市道路管理条例》第四十二条,交通运输,道路,False,,,交通运输违规
《河北省治理货运车辆超限超载规定》第十九条第一项,交通运输,车辆||超载||超限,False,,,交通运输违规
《浙江省城市道路管理办法》第三十六条,交通运输,道路,False,,,交通运输违规
《浙江省城市道路管理办法》第三十六条之规定,交通运输,道路,False,,,交通运输违规
《河北省治理货运车辆超限超载规定》第三十条第一款的规定,交通运输,车辆||超载||超限,False,,,交通运输违规
《河北省治理货运车辆超限超载规定》第三十条的规定,交通运输,车辆||超载||超限,False,,,交通运输违规
《浙江省城市道路管理办法》第二十七条第（一）项,交通运输,道路,False,,,交通运输违规
《河北省治理货运车辆超限超载规定》第十九条,交通运输,车辆||超载||超限,False,,,交通运输违规
《城市道路管理条例》第四十二条,交通运输,道路,False,,,交通运输违规
《城市道路管理条例》第四十二条,交通运输,道路,False,,,交通运输违规
《浙江省城市道路管理办法》第三十六条,交通运输,道路,False,,,交通运输违规
《浙江省城市道路管理办法》第三十六条的规定,交通运输,道路,False,,,交通运输违规
《城市道路管理条例》第四十二条,交通运输,道路,False,,,交通运输违规
《城市道路管理条例》第四十二条,交通运输,道路,False,,,交通运输违规
《城市道路管理条例》第三十五条,交通运输,道路,False,,,交通运输违规
《城市道路管理条例》第四十二条,交通运输,道路,False,,,交通运输违规
《城市道路管理条例》第四十二条第(二)项,交通运输,道路,False,,,交通运输违规
《汕头经济特区城市公共汽车交通条例》第二十九条,交通运输,ai,False,,,交通运输违规
《浙江省公路条例》第三十四条第一款,交通运输,ai,False,,,交通运输违规
《浙江省公路条例》第三十四条第一款,交通运输,ai,False,,,交通运输违规
《城市道路管理条例》第二十七条第一项,交通运输,道路,False,,,交通运输违规
《网络预约出租汽车经营服务管理暂行办法》第三十五条第一款第(一)项的规定,交通运输,ai,False,,,交通运输违规
《网络预约出租汽车经营服务管理暂行办法》第十七条,交通运输,ai,False,,,交通运输违规
《网络预约出租汽车经营服务管理暂行办法》第十七条,交通运输,ai,False,,,交通运输违规
《城市道路管理条例》第二十七条第七项,交通运输,道路,False,,,交通运输违规
《城市道路管理条例》第四十二条,交通运输,道路,False,,,交通运输违规
《中华人民共和国公路法》第五十六条第一款,交通运输违规,公路法,False,(匹配)交通运输,,交通运输违规
《广东省道路运输管理条例》第五十九条第四项,交通运输违规,运输||道路,False,(匹配)交通运输,,交通运输违规
《道路旅客运输及客运站管理规定》第八十条第（一）项,交通运输违规,运输||道路||客运,False,(匹配)交通运输,,交通运输违规
《中华人民共和国公路法》第五十条第一款,交通运输违规,公路法,False,(匹配)交通运输,,交通运输违规
《中华人民共和国公路法》第五十条第一款,交通运输违规,公路法,False,(匹配)交通运输,,交通运输违规
《中华人民共和国公路法》第五十条第一款,交通运输违规,公路法,False,(匹配)交通运输,,交通运输违规
《中华人民共和国公路法》第五十条第一款,交通运输违规,公路法,False,(匹配)交通运输,,交通运输违规
《中华人民共和国公路法》第五十条第一款,交通运输违规,公路法,False,(匹配)交通运输,,交通运输违规
《中华人民共和国公路法》第五十条,交通运输违规,公路法,False,(匹配)交通运输,,交通运输违规
《中华人民共和国公路法》第五十条,交通运输违规,公路法,False,(匹配)交通运输,,交通运输违规
《道路旅客运输及客运站管理规定》第八十条第一款,交通运输违规,运输||道路||客运,False,(匹配)交通运输,,交通运输违规
《中华人民共和国公路法》第二十五条,交通运输违规,公路法,False,(匹配)交通运输,,交通运输违规
《新疆维吾尔自治区道路运输条例》第三十五条第二款的规定,交通运输违规,运输||道路,False,(匹配)交通运输,,交通运输违规
《中华人民共和国公路法》第五十五条,交通运输违规,公路法,False,(匹配)交通运输,,交通运输违规
《中华人民共和国公路法》第四十九条、第五十条第一款,交通运输违规,公路法,False,(匹配)交通运输,,交通运输违规
《中华人民共和国公路法》第七十六条第二项,交通运输违规,公路法,False,(匹配)交通运输,,交通运输违规
《中华人民共和国公路法》第七十六条第五项,交通运输违规,公路法,False,(匹配)交通运输,,交通运输违规
《中华人民共和国公路法》第七十六条第五项,交通运输违规,公路法,False,(匹配)交通运输,,交通运输违规
《中华人民共和国公路法》第七十六条第五项,交通运输违规,公路法,False,(匹配)交通运输,,交通运输违规
《道路货物运输及站场管理规定》第二十二条第一款,交通运输违规,运输||道路,False,(匹配)交通运输,,交通运输违规
《中华人民共和国公路法》第七十六条第五项,交通运输违规,公路法,False,(匹配)交通运输,,交通运输违规
《中华人民共和国公路法》第七十六条第五项,交通运输违规,公路法,False,(匹配)交通运输,,交通运输违规
《中华人民共和国公路法》第七十六条第（五）项,交通运输违规,公路法,False,(匹配)交通运输,,交通运输违规
《中华人民共和国公路法》第七十六条第（五）项,交通运输违规,公路法,False,(匹配)交通运输,,交通运输违规
《中华人民共和国公路法》第七十六条第（五）项,交通运输违规,公路法,False,(匹配)交通运输,,交通运输违规
《中华人民共和国公路法》第七十六条第（五）项,交通运输违规,公路法,False,(匹配)交通运输,,交通运输违规
《中华人民共和国公路法》第五十五条,交通运输违规,公路法,False,(匹配)交通运输,,交通运输违规
《浙江省快递业促进条例》第三十一条第二款,交通运输违规,ai,True,(匹配)交通运输,快递业管理多涉及运输行为规制。,交通运输违规
《道路旅客运输及站场管理规定》第三十七条,交通运输违规,运输||道路||客运,False,(匹配)交通运输,,交通运输违规
《快递安全生产操作规范》,交通运输违规,安全||安全生产||安全操作,False,(匹配)安全生产,,安全生产
《道路货物运输及站场管理规定》第二十三条,交通运输违规,运输||道路,False,(匹配)交通运输,,交通运输违规
《道路旅客运输及客运站管理规定》第十二条的规定,交通运输违规,运输||道路||客运,False,(匹配)交通运输,,交通运输违规
《道路旅客运输及客运站管理规定》第八十条第（三）项,交通运输违规,运输||道路||客运,False,(匹配)交通运输,,交通运输违规
《道路货物运输及站场管理规定》第二十一条第一款,交通运输违规,运输||道路,False,(匹配)交通运输,,交通运输违规
《道路货物运输及站场管理规定》第三十一条,交通运输违规,运输||道路,False,(匹配)交通运输,,交通运输违规
《道路旅客运输及客运站管理规定》第四十八条,交通运输违规,运输||道路||客运,False,(匹配)交通运输,,交通运输违规
《中华人民共和国公路法》第四十九条,交通运输违规,公路法,False,(匹配)交通运输,,交通运输违规
《中华人民共和国公路法》第四十九条,交通运输违规,公路法,False,(匹配)交通运输,,交通运输违规
《道路货物运输及站场管理规定》第三十二条,交通运输违规,运输||道路,False,(匹配)交通运输,,交通运输违规
《道路货物运输及站场管理规定》第三十二条,交通运输违规,运输||道路,False,(匹配)交通运输,,交通运输违规
《道路货物运输及站场管理规定》第三十八条,交通运输违规,运输||道路,False,(匹配)交通运输,,交通运输违规
《道路货物运输及站场管理规定》第三十条,交通运输违规,运输||道路,False,(匹配)交通运输,,交通运输违规
《道路旅客运输及客运站管理规定》第四十七条第一款,交通运输违规,运输||道路||客运,False,(匹配)交通运输,,交通运输违规
《道路旅客运输及客运站管理规定》第四十七条第一款,交通运输违规,运输||道路||客运,False,(匹配)交通运输,,交通运输违规
《道路货物运输及站场管理规定》第十四条,交通运输违规,运输||道路,False,(匹配)交通运输,,交通运输违规
《山东省道路运输条例》第六十六条第（三）项,交通运输违规,运输||道路,False,(匹配)交通运输,,交通运输违规
《山东省道路运输条例》第六十七条第（四）项,交通运输违规,运输||道路,False,(匹配)交通运输,,交通运输违规
《山东省道路运输条例》第六十九条第（三）项,交通运输违规,运输||道路,False,(匹配)交通运输,,交通运输违规
《山东省道路运输条例》第六十五条第(六)项,交通运输违规,运输||道路,False,(匹配)交通运输,,交通运输违规
《道路货物运输及站场管理规定》第十九条,交通运输违规,运输||道路,False,(匹配)交通运输,,交通运输违规
《道路货物运输及站场管理规定》第十九条,交通运输违规,运输||道路,False,(匹配)交通运输,,交通运输违规
《山东省道路运输条例》第六十七条第（六）项,交通运输违规,运输||道路,False,(匹配)交通运输,,交通运输违规
《道路货物运输及站场管理规定》第六十七条第（二）项,交通运输违规,运输||道路,False,(匹配)交通运输,,交通运输违规
《道路货物运输及站场管理规定》第六十七条第（二）项,交通运输违规,运输||道路,False,(匹配)交通运输,,交通运输违规
《道路货物运输及站场管理规定》第六十一条第（二）项,交通运输违规,运输||道路,False,(匹配)交通运输,,交通运输违规
《道路货物运输及站场管理规定》第六十一条第(二)项,交通运输违规,运输||道路,False,(匹配)交通运输,,交通运输违规
《道路货物运输及站场管理规定》第六十三条,交通运输违规,运输||道路,False,(匹配)交通运输,,交通运输违规
《道路货物运输及站场管理规定》第五十八条第二款,交通运输违规,运输||道路,False,(匹配)交通运输,,交通运输违规
《道路货物运输及站场管理规定》第六十条第二项,交通运输违规,运输||道路,False,(匹配)交通运输,,交通运输违规
《道路货物运输及站场管理规定》第六十八条,交通运输违规,运输||道路,False,(匹配)交通运输,,交通运输违规
《道路货物运输及站场管理规定》第六十八条,交通运输违规,运输||道路,False,(匹配)交通运输,,交通运输违规
《道路货物运输及站场管理规定》第六十八条,交通运输违规,运输||道路,False,(匹配)交通运输,,交通运输违规
《道路货物运输及站场管理规定》第六十五条第二款,交通运输违规,运输||道路,False,(匹配)交通运输,,交通运输违规
《道路货物运输及站场管理规定》第六十九条,交通运输违规,运输||道路,False,(匹配)交通运输,,交通运输违规
《道路货物运输及站场管理规定》第六十三条第一款,交通运输违规,运输||道路,False,(匹配)交通运输,,交通运输违规
《道路货物运输及站场管理规定》第十三条的规定,交通运输违规,运输||道路,False,(匹配)交通运输,,交通运输违规
《道路货物运输及站场管理规定》第五十八条第二款,交通运输违规,运输||道路,False,(匹配)交通运输,,交通运输违规
《山东省道路运输条例》第七十条第七项,交通运输违规,运输||道路,False,(匹配)交通运输,,交通运输违规
《山东省道路运输条例》第六十七条第(四)项,交通运输违规,运输||道路,False,(匹配)交通运输,,交通运输违规
《道路货物运输及站场管理规定》第六十条第（二）项,交通运输违规,运输||道路,False,(匹配)交通运输,,交通运输违规
《山东省道路运输条例》第六十七条第(四)项,交通运输违规,运输||道路,False,(匹配)交通运输,,交通运输违规
《道路货物运输及站场管理规定》第十三条,交通运输违规,运输||道路,False,(匹配)交通运输,,交通运输违规
《道路货物运输及站场管理规定》第十三条,交通运输违规,运输||道路,False,(匹配)交通运输,,交通运输违规
《山东省道路运输条例》第六十七条第(六)项,交通运输违规,运输||道路,False,(匹配)交通运输,,交通运输违规
《道路货物运输及站场管理规定》第五十八条第一款,交通运输违规,运输||道路,False,(匹配)交通运输,,交通运输违规
《山东省道路运输条例》第五十六条,交通运输违规,运输||道路,False,(匹配)交通运输,,交通运输违规
《山东省道路运输条例》第五十四条,交通运输违规,运输||道路,False,(匹配)交通运输,,交通运输违规
《道路运输车辆动态监督管理办法》第三十六条第(二)项,交通运输违规,运输||道路||车辆,False,(匹配)交通运输,,交通运输违规
《道路货物运输及站场管理规定》第六十条第（二）项,交通运输违规,运输||道路,False,(匹配)交通运输,,交通运输违规
《道路运输车辆动态监督管理办法》第三十六条,交通运输违规,运输||道路||车辆,False,(匹配)交通运输,,交通运输违规
《道路运输车辆动态监督管理办法》,交通运输违规,运输||道路||车辆,False,(匹配)交通运输,,交通运输违规
《道路运输车辆动态监督管理办法》第三十七条,交通运输违规,运输||道路||车辆,False,(匹配)交通运输,,交通运输违规
《道路运输车辆动态监督管理办法》第三十八条第一项,交通运输违规,运输||道路||车辆,False,(匹配)交通运输,,交通运输违规
《中华人民共和国公路法》第七十六条第(五)项,交通运输违规,公路法,False,(匹配)交通运输,,交通运输违规
《中华人民共和国公路法》,交通运输违规,公路法,False,(匹配)交通运输,,交通运输违规
《中华人民共和国公路法》第七十六条,交通运输违规,公路法,False,(匹配)交通运输,,交通运输违规
《中华人民共和国公路法》第七十六条,交通运输违规,公路法,False,(匹配)交通运输,,交通运输违规
《中华人民共和国公路法》第七十六条第(五)项,交通运输违规,公路法,False,(匹配)交通运输,,交通运输违规
《中华人民共和国公路法》第七十六条第(五)项,交通运输违规,公路法,False,(匹配)交通运输,,交通运输违规
《广东省交通运输行政处罚裁量标准(道路运政)》第26项,交通运输违规,交通运输||运输||道路||交通,False,(匹配)交通运输,,交通运输违规
《广东省交通运输行政处罚裁量标准(道路运政)》第64项,交通运输违规,交通运输||运输||道路||交通,False,(匹配)交通运输,,交通运输违规
《广东省交通运输行政处罚裁量标准(道路运政)》第64项,交通运输违规,交通运输||运输||道路||交通,False,(匹配)交通运输,,交通运输违规
《广东省交通运输行政处罚裁量标准(道路运政)》第64项,交通运输违规,交通运输||运输||道路||交通,False,(匹配)交通运输,,交通运输违规
《广东省交通运输行政处罚裁量标准(道路运政)》第64项,交通运输违规,交通运输||运输||道路||交通,False,(匹配)交通运输,,交通运输违规
《广东省交通运输行政处罚裁量标准(道路运政)》第90项,交通运输违规,交通运输||运输||道路||交通,False,(匹配)交通运输,,交通运输违规
《安徽省治理货物运输车辆超限超载条例》第三十条第(二)项,交通运输违规,运输||车辆||超载||超限,False,(匹配)交通运输,,交通运输违规
《道路运输证》,交通运输违规,运输||道路,False,(匹配)交通运输,,交通运输违规
《道路货物运输及站场管理规定》第二十二第一款,交通运输违规,运输||道路,False,(匹配)交通运输,,交通运输违规
《安徽省治理货物运输车辆超限超载条例》第三十条第(二)项,交通运输违规,运输||车辆||超载||超限,False,(匹配)交通运输,,交通运输违规
《道路货物运输及站场管理规定》第五十九条第一款,交通运输违规,运输||道路,False,(匹配)交通运输,,交通运输违规
《道路货物运输及站场管理规定》第五十九条,交通运输违规,运输||道路,False,(匹配)交通运输,,交通运输违规
《道路货物运输及站场管理规定》第五十七条第（三）项,交通运输违规,运输||道路,False,(匹配)交通运输,,交通运输违规
《道路货物运输及站场管理规定》第五十七条第(一)项,交通运输违规,运输||道路,False,(匹配)交通运输,,交通运输违规
《超限运输车辆行驶公路管理规定》第四十三条第一款第（二）项,交通运输违规,运输||车辆||超限,False,(匹配)交通运输,,交通运输违规
《超限运输车辆行驶公路管理规定》第四十三条第一款第（二）项,交通运输违规,运输||车辆||超限,False,(匹配)交通运输,,交通运输违规
《超限运输车辆行驶公路管理规定》第四十三条第一款第（二）项,交通运输违规,运输||车辆||超限,False,(匹配)交通运输,,交通运输违规
《超限运输车辆行驶公路管理规定》第四十三条第一款第（二）项,交通运输违规,运输||车辆||超限,False,(匹配)交通运输,,交通运输违规
《超限运输车辆行驶公路管理规定》第四十三条第一款第（二）项,交通运输违规,运输||车辆||超限,False,(匹配)交通运输,,交通运输违规
《超限运输车辆行驶公路管理规定》第四十三条第一款第二项的规定,交通运输违规,运输||车辆||超限,False,(匹配)交通运输,,交通运输违规
《超限运输车辆行驶公路管理规定》第四十三条第一款第二项,交通运输违规,运输||车辆||超限,False,(匹配)交通运输,,交通运输违规
《超限运输车辆行驶公路管理规定》第四十三条第一款第二项,交通运输违规,运输||车辆||超限,False,(匹配)交通运输,,交通运输违规
《超限运输车辆行驶公路管理规定》第四十三条第一款第(二)项,交通运输违规,运输||车辆||超限,False,(匹配)交通运输,,交通运输违规
《超限运输车辆行驶公路管理规定》第四十三条第二款,交通运输违规,运输||车辆||超限,False,(匹配)交通运输,,交通运输违规
《超限运输车辆行驶公路管理规定》第四十三条第一款第(二)项,交通运输违规,运输||车辆||超限,False,(匹配)交通运输,,交通运输违规
《中华人民共和国道路运输条例》第三十条,交通运输违规,ai,False,(匹配)交通运输,,交通运输违规
《超限运输车辆行驶公路管理规定》第四十六条第一款,交通运输违规,运输||车辆||超限,False,(匹配)交通运输,,交通运输违规
《超限运输车辆行驶公路管理规定》第四十六条,交通运输违规,运输||车辆||超限,False,(匹配)交通运输,,交通运输违规
《超限运输车辆行驶公路管理规定》第四十九条,交通运输违规,运输||车辆||超限,False,(匹配)交通运输,,交通运输违规
《超限运输车辆行驶公路管理规定》第四十三第一款第二项,交通运输违规,运输||车辆||超限,False,(匹配)交通运输,,交通运输违规
《公路安全保护条例》第三十三条第一款,交通运输违规,ai,False,(匹配)交通运输,,交通运输违规
《超限运输车辆行驶公路管理规定》第四十三条第二项,交通运输违规,运输||车辆||超限,False,(匹配)交通运输,,交通运输违规
《超限运输车辆行驶公路管理规定》第四十三条第一款第(二)项,交通运输违规,运输||车辆||超限,False,(匹配)交通运输,,交通运输违规
《超限运输车辆行驶公路管理规定》第二十七条第一款,交通运输违规,运输||车辆||超限,False,(匹配)交通运输,,交通运输违规
《超限运输车辆行驶公路管理规定》第二十七条第一款,交通运输违规,运输||车辆||超限,False,(匹配)交通运输,,交通运输违规
《超限运输车辆行驶公路管理规定》第二十七条第一款,交通运输违规,运输||车辆||超限,False,(匹配)交通运输,,交通运输违规
《超限运输车辆行驶公路管理规定》第二十七条,交通运输违规,运输||车辆||超限,False,(匹配)交通运输,,交通运输违规
《超限运输车辆行驶公路管理规定》第二十七条,交通运输违规,运输||车辆||超限,False,(匹配)交通运输,,交通运输违规
《超限运输车辆行驶公路管理规定》第二十七条,交通运输违规,运输||车辆||超限,False,(匹配)交通运输,,交通运输违规
《超限运输车辆行驶公路管理规定》第二十一条第二款,交通运输违规,运输||车辆||超限,False,(匹配)交通运输,,交通运输违规
《超限运输车辆行驶公路管理规定》第三条第（二)项,交通运输违规,运输||车辆||超限,False,(匹配)交通运输,,交通运输违规
《超限运输车辆行驶公路管理规定》第二十三条第一款,交通运输违规,运输||车辆||超限,False,(匹配)交通运输,,交通运输违规
《超限运输车辆行驶公路管理规定》第四十三条第一款,交通运输违规,运输||车辆||超限,False,(匹配)交通运输,,交通运输违规
《超限运输车辆行驶公路管理规定》第四十三条第(二)项的规定,交通运输违规,运输||车辆||超限,False,(匹配)交通运输,,交通运输违规
《超限运输车辆行驶公路管理规定》第四十三条,交通运输违规,运输||车辆||超限,False,(匹配)交通运输,,交通运输违规
《山东省道路运输条例》第五十八条,交通运输违规,ai,False,(匹配)交通运输,,交通运输违规
《山东省道路运输条例》第六十五条第（三）项,交通运输违规,ai,False,(匹配)交通运输,,交通运输违规
《广东省道路运输条例》第十四条、第二十四条第四款,交通运输违规,ai,False,(匹配)交通运输,,交通运输违规
《超限运输车辆行驶公路管理规定》第十三条,交通运输违规,运输||车辆||超限,False,(匹配)交通运输,,交通运输违规
《超限运输车辆行驶公路管理规定》第六条,交通运输违规,运输||车辆||超限,False,(匹配)交通运输,,交通运输违规
《超限运输车辆行驶公路管理规定》第五十条,交通运输违规,运输||车辆||超限,False,(匹配)交通运输,,交通运输违规
《超限运输车辆行驶公路管理规定》第四十七条第(二)项、第四十三条第一款第(一)项,交通运输违规,运输||车辆||超限,False,(匹配)交通运输,,交通运输违规
《道路危险货物运输管理规定》第十一条,交通运输违规,运输||道路||危险货物,False,(匹配)交通运输违规||安全生产,,交通运输违规||安全生产
《道路危险货物运输管理规定》第六十条第一项,交通运输违规,运输||道路||危险货物,False,(匹配)交通运输违规||安全生产,,交通运输违规||安全生产
《道路危险货物运输管理规定》第六十条,交通运输违规,运输||道路||危险货物,False,(匹配)交通运输违规||安全生产,,交通运输违规||安全生产
《道路危险货物运输管理规定》第六十二条,交通运输违规,运输||道路||危险货物,False,(匹配)交通运输违规||安全生产,,交通运输违规||安全生产
《中华人民共和国公路法》第七十六条第（五）项,交通运输违规,ai,False,(匹配)交通运输,,交通运输违规
《中华人民共和国公路法》第七十六条第（五）项,交通运输违规,ai,False,(匹配)交通运输,,交通运输违规
《中华人民共和国公路法》第七十六条第（五）项,交通运输违规,ai,False,(匹配)交通运输,,交通运输违规
《中华人民共和国公路法》第七十六条第（五）项,交通运输违规,ai,False,(匹配)交通运输,,交通运输违规
《中华人民共和国公路法》第七十六条第（五）项,交通运输违规,ai,False,(匹配)交通运输,,交通运输违规
《中华人民共和国公路法》第七十六条第（五）项,交通运输违规,ai,False,(匹配)交通运输,,交通运输违规
《中华人民共和国公路法》第七十六条第（五）项,交通运输违规,ai,False,(匹配)交通运输,,交通运输违规
《中华人民共和国公路法》第七十六条第（五）项,交通运输违规,ai,False,(匹配)交通运输,,交通运输违规
《中华人民共和国公路法》第七十六条第（五）项,交通运输违规,ai,False,(匹配)交通运输,,交通运输违规
《中华人民共和国公路法》第七十六条第（五）项,交通运输违规,ai,False,(匹配)交通运输,,交通运输违规
《中华人民共和国公路法》第七十六条第（五）项,交通运输违规,ai,False,(匹配)交通运输,,交通运输违规
《中华人民共和国公路法》第七十六条第（五）项,交通运输违规,ai,False,(匹配)交通运输,,交通运输违规
《道路危险货物运输管理规定》第八条第（三）项,交通运输违规,运输||道路||危险货物,False,(匹配)交通运输违规||安全生产,,交通运输违规||安全生产
《道路危险货物运输管理规定》第二十七条,交通运输违规,运输||道路||危险货物,False,(匹配)交通运输违规||安全生产,,交通运输违规||安全生产
《道路危险货物运输管理规定》第五十六条第（一）项,交通运输违规,运输||道路||危险货物,False,(匹配)交通运输违规||安全生产,,交通运输违规||安全生产
《道路危险货物运输管理规定》第五十六条第（一）项,交通运输违规,运输||道路||危险货物,False,(匹配)交通运输违规||安全生产,,交通运输违规||安全生产
《道路危险货物运输管理规定》第五十六条第（一）项,交通运输违规,运输||道路||危险货物,False,(匹配)交通运输违规||安全生产,,交通运输违规||安全生产
《道路危险货物运输管理规定》第五十六条第(一)项,交通运输违规,运输||道路||危险货物,False,(匹配)交通运输违规||安全生产,,交通运输违规||安全生产
《道路危险货物运输管理规定》第五十七条第三项,交通运输违规,运输||道路||危险货物,False,(匹配)交通运输违规||安全生产,,交通运输违规||安全生产
《道路危险货物运输管理规定》第五十七条第(一)项,交通运输违规,运输||道路||危险货物,False,(匹配)交通运输违规||安全生产,,交通运输违规||安全生产
《超限运输车辆行驶公路管理规定》第三条第一款第（六）项,交通运输违规,运输||车辆||超限,False,(匹配)交通运输,,交通运输违规
《超限运输车辆行驶公路管理规定》第62号)第三条第一款,交通运输违规,运输||车辆||超限,False,(匹配)交通运输,,交通运输违规
《福建省道路运输条例》第六十五条第一款第（一）项,交通运输违规,运输||道路,False,(匹配)交通运输,,交通运输违规
《超限运输车辆行驶公路管理规定》第三条,交通运输违规,运输||车辆||超限,False,(匹配)交通运输,,交通运输违规
《超限运输车辆行驶公路管理规定》第三条,交通运输违规,运输||车辆||超限,False,(匹配)交通运输,,交通运输违规
《福建省道路运输条例》第六十二条,交通运输违规,运输||道路,False,(匹配)交通运输,,交通运输违规
《福建省道路运输条例》第六十五条第一款第一项,交通运输违规,运输||道路,False,(匹配)交通运输,,交通运输违规
《超限运输车辆行驶公路管理规定》第三条,交通运输违规,运输||车辆||超限,False,(匹配)交通运输,,交通运输违规
《福建省道路运输条例》第六十五条第二款,交通运输违规,运输||道路,False,(匹配)交通运输,,交通运输违规
《超限运输车辆行驶公路管理规定》第三条第(一)项,交通运输违规,运输||车辆||超限,False,(匹配)交通运输,,交通运输违规
《福建省道路运输条例》第十三条,交通运输违规,运输||道路,False,(匹配)交通运输,,交通运输违规
《超限运输车辆行驶公路管理规定》,交通运输违规,运输||车辆||超限,False,(匹配)交通运输,,交通运输违规
《超限运输车辆行驶公路管理规定》第三条第一款,交通运输违规,运输||车辆||超限,False,(匹配)交通运输,,交通运输违规
《超限运输车辆行驶公路管理规定》第62号)第三条第一款第(八)项,交通运输违规,ai,False,(匹配)交通运输,,交通运输违规
《超限运输车辆行驶公路管理规定》第62号)第三条第一款第(八)项,交通运输违规,ai,False,(匹配)交通运输,,交通运输违规
《超限运输车辆行驶公路管理规定》第62号)第三条第一款第(八)项,交通运输违规,ai,False,(匹配)交通运输,,交通运输违规
《超限运输车辆行驶公路管理规定》第62号)第三条第一款第(六)项,交通运输违规,ai,False,(匹配)交通运输,,交通运输违规
《超限运输车辆行驶公路管理规定》第62号)第三条第一款第(六)项,交通运输违规,ai,False,(匹配)交通运输,,交通运输违规
《超限运输车辆行驶公路管理规定》第62号)第三条第一款第(四)项,交通运输违规,ai,False,(匹配)交通运输,,交通运输违规
《超限运输车辆行驶公路管理规定》第62号)第三条第一款第(四)项,交通运输违规,ai,False,(匹配)交通运输,,交通运输违规
《超限运输车辆行驶公路管理规定》,交通运输违规,ai,False,(匹配)交通运输,,交通运输违规
《超限运输车辆行驶公路管理规定》第三条,交通运输违规,ai,False,(匹配)交通运输,,交通运输违规
《超限运输车辆行驶公路管理规定》第三条第一款,交通运输违规,ai,False,(匹配)交通运输,,交通运输违规
《超限运输车辆行驶公路管理规定》第三条第一款第(八)项,交通运输违规,ai,False,(匹配)交通运输,,交通运输违规
《超限运输车辆行驶公路管理规定》第三条第一款第(八)项,交通运输违规,ai,False,(匹配)交通运输,,交通运输违规
《超限运输车辆行驶公路管理规定》第三条第一款第(八)项,交通运输违规,ai,False,(匹配)交通运输,,交通运输违规
《超限运输车辆行驶公路管理规定》第三条第一款第(八)项,交通运输违规,ai,False,(匹配)交通运输,,交通运输违规
《超限运输车辆行驶公路管理规定》第三条第一款第（八）项,交通运输违规,ai,False,(匹配)交通运输,,交通运输违规
《超限运输车辆行驶公路管理规定》第四十三条第一款,交通运输违规,ai,False,(匹配)交通运输,,交通运输违规
《超限运输车辆行驶公路管理规定》第四十三条第一款第二项,交通运输违规,ai,False,(匹配)交通运输,,交通运输违规
《道路危险货物运输管理规定》第二十七条,交通运输违规,ai,False,(匹配)交通运输,,交通运输违规
《超限运输车辆行驶公路管理规定》第62号)第三条第一款第(八)项,交通运输违规,ai,False,(匹配)交通运输,,交通运输违规
《超限运输车辆行驶公路管理规定》第62号)第三条第一款第(五)项,交通运输违规,ai,False,(匹配)交通运输,,交通运输违规
《超限运输车辆行驶公路管理规定》第62号)第三条第一款第(五)项,交通运输违规,ai,False,(匹配)交通运输,,交通运输违规
《超限运输车辆行驶公路管理规定》第62号)第三条第一款第(七)项,交通运输违规,ai,False,(匹配)交通运输,,交通运输违规
《浙江省道路运输条例》第七十五条第（八）项,交通运输违规,ai,False,(匹配)交通运输,,交通运输违规
《浙江省道路运输条例》第九条,交通运输违规,ai,False,(匹配)交通运输,,交通运输违规
《浙江省道路运输条例》第八条第三款,交通运输违规,ai,False,(匹配)交通运输,,交通运输违规
《超限运输车辆行驶公路管理规定》第三条第一款第（八）项,交通运输违规,运输||车辆||超限,False,(匹配)交通运输,,交通运输违规
《超限运输车辆行驶公路管理规定》第三条第一款第（八）项,交通运输违规,运输||车辆||超限,False,(匹配)交通运输,,交通运输违规
《道路危险货物运输管理规定》第二十七条,交通运输违规,ai,False,(匹配)交通运输,,交通运输违规
《超限运输车辆行驶公路管理规定》第三条第一款第（五）项,交通运输违规,运输||车辆||超限,False,(匹配)交通运输,,交通运输违规
《超限运输车辆行驶公路管理规定》第三条第一款,交通运输违规,运输||车辆||超限,False,(匹配)交通运输,,交通运输违规
《超限运输车辆行驶公路管理规定》第三条第一款第四项至第八项,交通运输违规,运输||车辆||超限,False,(匹配)交通运输,,交通运输违规
《超限运输车辆行驶公路管理规定》第三条第一款第四项至第八项,交通运输违规,运输||车辆||超限,False,(匹配)交通运输,,交通运输违规
《超限运输车辆行驶公路管理规定》第三条第一款第六项,交通运输违规,运输||车辆||超限,False,(匹配)交通运输,,交通运输违规
《超限运输车辆行驶公路管理规定》第2016年62号)第三条第一款第(五)项,交通运输违规,ai,False,(匹配)交通运输,,交通运输违规
《超限运输车辆行驶公路管理规定》第2016年62号）第三条第一款第（六）项,交通运输违规,ai,False,(匹配)交通运输,,交通运输违规
《超限运输车辆行驶公路管理规定》第2016年62号）第三条第一款第（六）项,交通运输违规,ai,False,(匹配)交通运输,,交通运输违规
《道路危险货物运输管理规定》第六十条第一项,交通运输违规,ai,False,(匹配)交通运输,,交通运输违规
《超限运输车辆行驶公路管理规定》第三条第一款第三项,交通运输违规,运输||车辆||超限,False,(匹配)交通运输,,交通运输违规
《超限运输车辆行驶公路管理规定》第三条第一款第一项,交通运输违规,运输||车辆||超限,False,(匹配)交通运输,,交通运输违规
《超限运输车辆行驶公路管理规定》第三条第一款,交通运输违规,运输||车辆||超限,False,(匹配)交通运输,,交通运输违规
《超限运输车辆行驶公路管理规定》第三条第一款,交通运输违规,运输||车辆||超限,False,(匹配)交通运输,,交通运输违规
《超限运输车辆行驶公路管理规定》第三条第一款第(四)项,交通运输违规,运输||车辆||超限,False,(匹配)交通运输,,交通运输违规
《超限运输车辆行驶公路管理规定》第三条第一款第(六)项,交通运输违规,运输||车辆||超限,False,(匹配)交通运输,,交通运输违规
《超限运输车辆行驶公路管理规定》第三条第一款第(六)项,交通运输违规,运输||车辆||超限,False,(匹配)交通运输,,交通运输违规
《超限运输车辆行驶公路管理规定》第三条第一款第(六)项,交通运输违规,运输||车辆||超限,False,(匹配)交通运输,,交通运输违规
《超限运输车辆行驶公路管理规定》第三条第一款第(八)项,交通运输违规,运输||车辆||超限,False,(匹配)交通运输,,交通运输违规
《超限运输车辆行驶公路管理规定》第三条第一款第(八)项,交通运输违规,运输||车辆||超限,False,(匹配)交通运输,,交通运输违规
《超限运输车辆行驶公路管理规定》第三条第一款第(八)项,交通运输违规,运输||车辆||超限,False,(匹配)交通运输,,交通运输违规
《超限运输车辆行驶公路管理规定》第三条第一款第(五)项,交通运输违规,运输||车辆||超限,False,(匹配)交通运输,,交通运输违规
《超限运输车辆行驶公路管理规定》第三条第一款第(五)项,交通运输违规,运输||车辆||超限,False,(匹配)交通运输,,交通运输违规
《超限运输车辆行驶公路管理规定》第三条第一款,交通运输违规,运输||车辆||超限,False,(匹配)交通运输,,交通运输违规
《道路旅客运输及客运站管理规定》第五十七条第一款,交通运输违规,ai,False,(匹配)交通运输,,交通运输违规
《道路旅客运输及客运站管理规定》第八十六条第（一）项,交通运输违规,ai,False,(匹配)交通运输,,交通运输违规
《道路旅客运输及客运站管理规定》第八十条第（三）项,交通运输违规,ai,False,(匹配)交通运输,,交通运输违规
《道路旅客运输及客运站管理规定》第四十七条第一款,交通运输违规,ai,False,(匹配)交通运输,,交通运输违规
《道路货物运输及站场管理规定》第五十九条第一款,交通运输违规,ai,False,(匹配)交通运输,,交通运输违规
《道路货物运输及站场管理规定》第六十三条,交通运输违规,ai,False,(匹配)交通运输,,交通运输违规
《道路运输车辆动态监督管理办法》,交通运输违规,ai,False,(匹配)交通运输,,交通运输违规
《道路运输车辆动态监督管理办法》第二十五条第一款,交通运输违规,ai,False,(匹配)交通运输,,交通运输违规
《道路运输车辆动态监督管理办法》第二十六条,交通运输违规,ai,False,(匹配)交通运输,,交通运输违规
《道路运输车辆技术管理规定》第九条的规定,交通运输违规,ai,False,(匹配)交通运输,,交通运输违规
《道路运输车辆技术管理规定》第九条的规定,交通运输违规,ai,False,(匹配)交通运输,,交通运输违规
《超限运输车辆行驶公路管理规定》第三条第一款第八项,交通运输违规,运输||车辆||超限,False,(匹配)交通运输,,交通运输违规
《超限运输车辆行驶公路管理规定》第三条第一款第五项,交通运输违规,运输||车辆||超限,False,(匹配)交通运输,,交通运输违规
《道路货物运输及站场管理规定》第六十八条,交通运输违规,ai,False,(匹配)交通运输,,交通运输违规
《道路旅客运输及客运站管理规定》第五十七条第一款,交通运输违规,运输||道路||客运,False,(匹配)交通运输,,交通运输违规
《道路旅客运输及客运站管理规定》第九十条第（三）项,交通运输违规,运输||道路||客运,False,(匹配)交通运输,,交通运输违规
《道路旅客运输及客运站管理规定》第九十条第（一）项,交通运输违规,运输||道路||客运,False,(匹配)交通运输,,交通运输违规
《道路旅客运输及客运站管理规定》第九十条第（一）项,交通运输违规,运输||道路||客运,False,(匹配)交通运输,,交通运输违规
《道路旅客运输及客运站管理规定》第九十条第（一）项,交通运输违规,运输||道路||客运,False,(匹配)交通运输,,交通运输违规
《道路旅客运输及客运站管理规定》第九十八条,交通运输违规,运输||道路||客运,False,(匹配)交通运输,,交通运输违规
《道路旅客运输及客运站管理规定》第五十七条第二款,交通运输违规,运输||道路||客运,False,(匹配)交通运输,,交通运输违规
《河北省交通运输行政处罚自由裁量权执行标准》第五十九项,交通运输违规,交通运输||运输||交通,False,(匹配)交通运输,,交通运输违规
《道路旅客运输及客运站管理规定》第五十四条,交通运输违规,运输||道路||客运,False,(匹配)交通运输,,交通运输违规
《道路旅客运输及客运站管理规定》第五十六条第二款,交通运输违规,运输||道路||客运,False,(匹配)交通运输,,交通运输违规
《道路旅客运输及客运站管理规定》第九十二条,交通运输违规,运输||道路||客运,False,(匹配)交通运输,,交通运输违规
《道路旅客运输及客运站管理规定》第九十九条,交通运输违规,运输||道路||客运,False,(匹配)交通运输,,交通运输违规
《道路旅客运输及客运站管理规定》第九十九条第一款第（一）项,交通运输违规,运输||道路||客运,False,(匹配)交通运输,,交通运输违规
《道路旅客运输及客运站管理规定》第九十九条第一款第七项,交通运输违规,运输||道路||客运,False,(匹配)交通运输,,交通运输违规
《道路旅客运输及客运站管理规定》第九十九条第一款,交通运输违规,运输||道路||客运,False,(匹配)交通运输,,交通运输违规
《道路旅客运输及客运站管理规定》第九十九条第一款第(七)项,交通运输违规,运输||道路||客运,False,(匹配)交通运输,,交通运输违规
《道路旅客运输及客运站管理规定》第八十六条第（一）项,交通运输违规,运输||道路||客运,False,(匹配)交通运输,,交通运输违规
《道路旅客运输及客运站管理规定》第八十六条第（一）项,交通运输违规,运输||道路||客运,False,(匹配)交通运输,,交通运输违规
《道路旅客运输及客运站管理规定》第八十六条第（一）项,交通运输违规,运输||道路||客运,False,(匹配)交通运输,,交通运输违规
《道路旅客运输及客运站管理规定》第八十六条第三项,交通运输违规,运输||道路||客运,False,(匹配)交通运输,,交通运输违规
《道路旅客运输及客运站管理规定》第八十条,交通运输违规,运输||道路||客运,False,(匹配)交通运输,,交通运输违规
《道路旅客运输及客运站管理规定》第八十四条,交通运输违规,运输||道路||客运,False,(匹配)交通运输,,交通运输违规
《道路旅客运输及客运站管理规定》第八十六条第（三）项,交通运输违规,运输||道路||客运,False,(匹配)交通运输,,交通运输违规
《道路旅客运输及客运站管理规定》第八十六条第（三）项,交通运输违规,运输||道路||客运,False,(匹配)交通运输,,交通运输违规
《道路旅客运输及客运站管理规定》第八十六条第（三）项,交通运输违规,运输||道路||客运,False,(匹配)交通运输,,交通运输违规
《杭州市道路货物运输及站（场）管理若干规定》第二十四条,交通运输违规,运输||道路,False,(匹配)交通运输,,交通运输违规
《道路旅客运输及客运站管理规定》第八十六条第一项,交通运输违规,运输||道路||客运,False,(匹配)交通运输,,交通运输违规
《道路旅客运输及客运站管理规定》第五十条,交通运输违规,运输||道路||客运,False,(匹配)交通运输,,交通运输违规
《江苏省道路运输条例》第六十四条,交通运输违规,运输||道路,False,(匹配)交通运输,,交通运输违规
《江苏省道路运输条例》第68条第3项,交通运输违规,运输||道路,False,(匹配)交通运输,,交通运输违规
《道路旅客运输及客运站管理规定》第八十六条第一款,交通运输违规,运输||道路||客运,False,(匹配)交通运输,,交通运输违规
《道路旅客运输及客运站管理规定》第八十六条第(三)项,交通运输违规,运输||道路||客运,False,(匹配)交通运输,,交通运输违规
《道路旅客运输及客运站管理规定》第八十六条第(一)项的规定,交通运输违规,运输||道路||客运,False,(匹配)交通运输,,交通运输违规
《道路旅客运输及客运站管理规定》第八十六条第(一)项,交通运输违规,运输||道路||客运,False,(匹配)交通运输,,交通运输违规
《道路旅客运输及客运站管理规定》第八十六条第(一)项,交通运输违规,运输||道路||客运,False,(匹配)交通运输,,交通运输违规
《道路旅客运输及客运站管理规定》第八十八条第二款,交通运输违规,运输||道路||客运,False,(匹配)交通运输,,交通运输违规
《道路旅客运输及客运站管理规定》第八十九条,交通运输违规,运输||道路||客运,False,(匹配)交通运输,,交通运输违规
《道路旅客运输及客运站管理规定》第八十九条,交通运输违规,运输||道路||客运,False,(匹配)交通运输,,交通运输违规
《道路旅客运输及客运站管理规定》第八十三条第二款,交通运输违规,运输||道路||客运,False,(匹配)交通运输,,交通运输违规
《道路旅客运输及客运站管理规定》第七十九条,交通运输违规,运输||道路||客运,False,(匹配)交通运输,,交通运输违规
《道路旅客运输及客运站管理规定》第一百条第（一）项,交通运输违规,运输||道路||客运,False,(匹配)交通运输,,交通运输违规
《道路旅客运输及客运站管理规定》第一百条第一款第（七）项,交通运输违规,运输||道路||客运,False,(匹配)交通运输,,交通运输违规
《道路旅客运输及客运站管理规定》第七十八条第二款,交通运输违规,运输||道路||客运,False,(匹配)交通运输,,交通运输违规
《道路旅客运输及客运站管理规定》第三十六条第一款,交通运输违规,运输||道路||客运,False,(匹配)交通运输,,交通运输违规
《道路旅客运输及客运站管理规定》第三十六条第一款,交通运输违规,运输||道路||客运,False,(匹配)交通运输,,交通运输违规
《道路旅客运输及客运站管理规定》第三十九条,交通运输违规,运输||道路||客运,False,(匹配)交通运输,,交通运输违规
《道路旅客运输及客运站管理规定》第三十七条第一款,交通运输违规,运输||道路||客运,False,(匹配)交通运输,,交通运输违规
《道路旅客运输及客运站管理规定》第三十七条,交通运输违规,运输||道路||客运,False,(匹配)交通运输,,交通运输违规
《道路旅客运输及客运站管理规定》第三十七条,交通运输违规,运输||道路||客运,False,(匹配)交通运输,,交通运输违规
《道路旅客运输及客运站管理规定》第三十七条,交通运输违规,运输||道路||客运,False,(匹配)交通运输,,交通运输违规
《道路旅客运输及客运站管理规定》第三十七条,交通运输违规,运输||道路||客运,False,(匹配)交通运输,,交通运输违规
《道路旅客运输及客运站管理规定》第三十七条,交通运输违规,运输||道路||客运,False,(匹配)交通运输,,交通运输违规
《道路旅客运输及客运站管理规定》第82号）第八十六条第（一）项,交通运输违规,运输||道路||客运,False,(匹配)交通运输,,交通运输违规
《道路旅客运输及客运站管理规定》第82号）第三十六条第一款,交通运输违规,运输||道路||客运,False,(匹配)交通运输,,交通运输违规
《道路旅客运输及客运站管理规定》第86条第1项,交通运输违规,运输||道路||客运,False,(匹配)交通运输,,交通运输违规
《道路旅客运输及客运站管理规定》第86条第1项,交通运输违规,运输||道路||客运,False,(匹配)交通运输,,交通运输违规
《道路旅客运输及客运站管理规定》第86条第3项,交通运输违规,运输||道路||客运,False,(匹配)交通运输,,交通运输违规
《道路旅客运输及客运站管理规定》第一百条第一款第（一）项,交通运输违规,运输||道路||客运,False,(匹配)交通运输,,交通运输违规
《道路旅客运输及客运站管理规定》第一百条第一款第（一）项,交通运输违规,运输||道路||客运,False,(匹配)交通运输,,交通运输违规
《道路旅客运输及客运站管理规定》第一百条第一款第(七)项,交通运输违规,运输||道路||客运,False,(匹配)交通运输,,交通运输违规
《道路旅客运输及客运站管理规定》第一百条第一款第(一)项的规定,交通运输违规,运输||道路||客运,False,(匹配)交通运输,,交通运输违规
《道路旅客运输及客运站管理规定》第一百条第(一)项,交通运输违规,运输||道路||客运,False,(匹配)交通运输,,交通运输违规
《浙江省道路运输条例》第七十五条第（二）项,交通运输违规,运输||道路,False,(匹配)交通运输,,交通运输违规
《浙江省道路运输条例》第七十五条第（五）项,交通运输违规,运输||道路,False,(匹配)交通运输,,交通运输违规
《浙江省道路运输条例》第七十五条第（八）项,交通运输违规,运输||道路,False,(匹配)交通运输,,交通运输违规
《浙江省道路运输条例》第七十五条第（八）项,交通运输违规,运输||道路,False,(匹配)交通运输,,交通运输违规
《浙江省道路运输条例》第七十八条,交通运输违规,运输||道路,False,(匹配)交通运输,,交通运输违规
《浙江省道路运输条例》第七十八条,交通运输违规,运输||道路,False,(匹配)交通运输,,交通运输违规
《浙江省道路运输条例》第七十六条第(六)项,交通运输违规,运输||道路,False,(匹配)交通运输,,交通运输违规
《浙江省道路运输条例》第七十六条第（六）项,交通运输违规,运输||道路,False,(匹配)交通运输,,交通运输违规
《浙江省道路运输条例》第七十四条,交通运输违规,运输||道路,False,(匹配)交通运输,,交通运输违规
《浙江省道路运输条例》第三十二条第一款,交通运输违规,运输||道路,False,(匹配)交通运输,,交通运输违规
《浙江省道路运输条例》第三十二条第一款,交通运输违规,运输||道路,False,(匹配)交通运输,,交通运输违规
《浙江省道路运输条例》第七十五条第（二）项的规定,交通运输违规,运输||道路,False,(匹配)交通运输,,交通运输违规
《浙江省道路运输条例》第七十五条第（二）项,交通运输违规,运输||道路,False,(匹配)交通运输,,交通运输违规
《浙江省道路运输条例》第七十五条第（二）项,交通运输违规,运输||道路,False,(匹配)交通运输,,交通运输违规
《浙江省道路运输条例》第七十五条第(二)项,交通运输违规,运输||道路,False,(匹配)交通运输,,交通运输违规
《浙江省道路运输条例》第七十五条第(二)项,交通运输违规,运输||道路,False,(匹配)交通运输,,交通运输违规
《浙江省道路运输条例》第七十五条第(八)项,交通运输违规,运输||道路,False,(匹配)交通运输,,交通运输违规
《浙江省道路运输条例》第九条,交通运输违规,运输||道路,False,(匹配)交通运输,,交通运输违规
《浙江省道路运输条例》第七十五条第一款,交通运输违规,运输||道路,False,(匹配)交通运输,,交通运输违规
《浙江省道路运输条例》第七十五条第（一）项,交通运输违规,运输||道路,False,(匹配)交通运输,,交通运输违规
《浙江省道路运输条例》第七十五条第（二）项,交通运输违规,运输||道路,False,(匹配)交通运输,,交通运输违规
《浙江省道路运输条例》第七十五条第（二）项,交通运输违规,运输||道路,False,(匹配)交通运输,,交通运输违规
《浙江省道路运输条例》第七十五条第（二）项,交通运输违规,运输||道路,False,(匹配)交通运输,,交通运输违规
《道路旅客运输及客运站管理规定》第三十六条,交通运输违规,运输||道路||客运,False,(匹配)交通运输,,交通运输违规
《浙江省道路运输条例》第八条第三款,交通运输违规,运输||道路,False,(匹配)交通运输,,交通运输违规
《浙江省道路运输条例》第八条第三款,交通运输违规,运输||道路,False,(匹配)交通运输,,交通运输违规
《浙江省道路运输条例》第六十九条,交通运输违规,运输||道路,False,(匹配)交通运输,,交通运输违规
《浙江省道路运输条例》第四十三条第三款,交通运输违规,运输||道路,False,(匹配)交通运输,,交通运输违规
《中华人民共和国公路法》第四十六条,交通运输违规,公路法,False,(匹配)交通运输,,交通运输违规
《中华人民共和国道路运输条例》第六十三条,交通运输违规,运输||道路,False,(匹配)交通运输,,交通运输违规
《中华人民共和国道路运输条例》第六十九条第(五)项,交通运输违规,运输||道路,False,(匹配)交通运输,,交通运输违规
《危险货物道路运输安全管理办法》第二十四条,交通运输违规,运输||道路||安全||危险货物,False,(匹配)交通运输违规||安全生产,,交通运输违规||安全生产
《中华人民共和国道路运输条例》第八条第二款,交通运输违规,运输||道路,False,(匹配)交通运输,,交通运输违规
《危险货物道路运输安全管理办法》第二十三条,交通运输违规,运输||道路||安全||危险货物,False,(匹配)交通运输违规||安全生产,,交通运输违规||安全生产
《中华人民共和国道路运输条例》第八条第二款,交通运输违规,运输||道路,False,(匹配)交通运输,,交通运输违规
《中华人民共和国道路运输条例》第八条第二款,交通运输违规,运输||道路,False,(匹配)交通运输,,交通运输违规
《中华人民共和国道路运输条例》第六十三条,交通运输违规,运输||道路,False,(匹配)交通运输,,交通运输违规
《中华人民共和国道路运输条例》第六十九条第(一)项,交通运输违规,运输||道路,False,(匹配)交通运输,,交通运输违规
《中华人民共和国道路运输条例》第六十九条第(一)项,交通运输违规,运输||道路,False,(匹配)交通运输,,交通运输违规
《中华人民共和国道路运输条例》第六十九条第(一)项,交通运输违规,运输||道路,False,(匹配)交通运输,,交通运输违规
《中华人民共和国道路运输条例》第六十九条第(一)项,交通运输违规,运输||道路,False,(匹配)交通运输,,交通运输违规
《中华人民共和国道路运输条例》第六十九条第(一)项,交通运输违规,运输||道路,False,(匹配)交通运输,,交通运输违规
《中华人民共和国道路运输条例》第六十九条第(五)项,交通运输违规,运输||道路,False,(匹配)交通运输,,交通运输违规
《中华人民共和国道路运输条例》第六十九条第(五)项,交通运输违规,运输||道路,False,(匹配)交通运输,,交通运输违规
《中华人民共和国道路运输条例》第六十九条第(一)项,交通运输违规,运输||道路,False,(匹配)交通运输,,交通运输违规
《中华人民共和国道路运输条例》第六十九条第(五)项,交通运输违规,运输||道路,False,(匹配)交通运输,,交通运输违规
《公路安全保护条例》第六十六条,交通运输违规,公路安全||安全,False,(匹配)交通运输违规||安全生产,,交通运输违规||安全生产
《中华人民共和国道路运输条例》第六十八条,交通运输违规,运输||道路,False,(匹配)交通运输,,交通运输违规
《中华人民共和国道路运输条例》第六十九条第三款,交通运输违规,运输||道路,False,(匹配)交通运输,,交通运输违规
《公路安全保护条例》第三十三条,交通运输违规,公路安全||安全,False,(匹配)交通运输违规||安全生产,,交通运输违规||安全生产
《中华人民共和国道路运输条例》第六十九条第一项,交通运输违规,运输||道路,False,(匹配)交通运输,,交通运输违规
《中华人民共和国道路运输条例》第六十九条第(一)项,交通运输违规,运输||道路,False,(匹配)交通运输,,交通运输违规
《中华人民共和国道路运输条例》第六十九条第(五)项,交通运输违规,运输||道路,False,(匹配)交通运输,,交通运输违规
《危险货物道路运输安全管理办法》第二十四条,交通运输违规,运输||道路||安全||危险货物,False,(匹配)交通运输违规||安全生产,,交通运输违规||安全生产
《公路安全保护条例》第六十六条,交通运输违规,公路安全||安全,False,(匹配)交通运输违规||安全生产,,交通运输违规||安全生产
《公路安全保护条例》第三十三条,交通运输违规,公路安全||安全,False,(匹配)交通运输违规||安全生产,,交通运输违规||安全生产
《公路安全保护条例》第三十三条,交通运输违规,公路安全||安全,False,(匹配)交通运输违规||安全生产,,交通运输违规||安全生产
《中华人民共和国道路运输条例》第六十三条,交通运输违规,运输||道路,False,(匹配)交通运输,,交通运输违规
《中华人民共和国道路运输条例》第六十九条,交通运输违规,运输||道路,False,(匹配)交通运输,,交通运输违规
《中华人民共和国道路运输条例》第六十九条,交通运输违规,运输||道路,False,(匹配)交通运输,,交通运输违规
《中华人民共和国道路运输条例》第六十九条,交通运输违规,运输||道路,False,(匹配)交通运输,,交通运输违规
《中华人民共和国道路运输条例》第六十九条,交通运输违规,运输||道路,False,(匹配)交通运输,,交通运输违规
《危险货物道路运输安全管理办法》第二十四条,交通运输违规,运输||道路||安全||危险货物,False,(匹配)交通运输违规||安全生产,,交通运输违规||安全生产
《公路安全保护条例》第三十三条第一款,交通运输违规,公路安全||安全,False,(匹配)交通运输违规||安全生产,,交通运输违规||安全生产
《公路安全保护条例》第三十三条第一款,交通运输违规,公路安全||安全,False,(匹配)交通运输违规||安全生产,,交通运输违规||安全生产
《公路安全保护条例》第三十三条第一款,交通运输违规,公路安全||安全,False,(匹配)交通运输违规||安全生产,,交通运输违规||安全生产
《中华人民共和国道路运输条例》第二十六条,交通运输违规,运输||道路,False,(匹配)交通运输,,交通运输违规
《公路安全保护条例》第三十三条第一款,交通运输违规,公路安全||安全,False,(匹配)交通运输违规||安全生产,,交通运输违规||安全生产
《危险货物道路运输安全管理办法》第六十条第二项,交通运输违规,运输||道路||安全||危险货物,False,(匹配)交通运输违规||安全生产,,交通运输违规||安全生产
《危险货物道路运输安全管理办法》第六十条第二项,交通运输违规,运输||道路||安全||危险货物,False,(匹配)交通运输违规||安全生产,,交通运输违规||安全生产
《中华人民共和国道路运输条例》第二十六条,交通运输违规,运输||道路,False,(匹配)交通运输,,交通运输违规
《公路安全保护条例》第三十三条第一款,交通运输违规,公路安全||安全,False,(匹配)交通运输违规||安全生产,,交通运输违规||安全生产
《公路安全保护条例》第三十三条第一款,交通运输违规,公路安全||安全,False,(匹配)交通运输违规||安全生产,,交通运输违规||安全生产
《中华人民共和国道路运输条例》第二十七条,交通运输违规,运输||道路,False,(匹配)交通运输,,交通运输违规
《公路安全保护条例》第三十三条第一款的规定,交通运输违规,公路安全||安全,False,(匹配)交通运输违规||安全生产,,交通运输违规||安全生产
《中华人民共和国道路运输条例》第八条,交通运输违规,运输||道路,False,(匹配)交通运输,,交通运输违规
《中华人民共和国道路运输条例》第八条,交通运输违规,运输||道路,False,(匹配)交通运输,,交通运输违规
《中华人民共和国道路运输条例》第八条,交通运输违规,运输||道路,False,(匹配)交通运输,,交通运输违规
《中华人民共和国公路法》第七十六条第(五)项,交通运输违规,公路法,False,(匹配)交通运输,,交通运输违规
《中华人民共和国公路法》第七十六条第(五)项的规定,交通运输违规,公路法,False,(匹配)交通运输,,交通运输违规
《中华人民共和国公路法》第七十六条第五项,交通运输违规,公路法,False,(匹配)交通运输,,交通运输违规
《危险货物道路运输安全管理办法》第二十四条第一款,交通运输违规,运输||道路||安全||危险货物,False,(匹配)交通运输违规||安全生产,,交通运输违规||安全生产
《中华人民共和国道路运输条例》第七十条,交通运输违规,运输||道路,False,(匹配)交通运输,,交通运输违规
《危险货物道路运输安全管理办法》第二十四条,交通运输违规,运输||道路||安全||安全管理规定||危险货物,False,(匹配)交通运输违规||安全生产,,交通运输违规||安全生产
《危险货物道路运输安全管理办法》第六十条第(二)项,交通运输违规,运输||道路||安全||危险货物,False,(匹配)交通运输违规||安全生产,,交通运输违规||安全生产
《危险货物道路运输安全管理办法》第六十条第(二)项,交通运输违规,运输||道路||安全||危险货物,False,(匹配)交通运输违规||安全生产,,交通运输违规||安全生产
《中华人民共和国道路运输条例》第二十六条第二款,交通运输违规,运输||道路,False,(匹配)交通运输,,交通运输违规
《青岛市交通运输行政处罚裁量基准》第43条之规定,交通运输违规,交通运输||运输||交通,False,(匹配)交通运输,,交通运输违规
《中华人民共和国道路运输条例》第二十六条第二款,交通运输违规,运输||道路,False,(匹配)交通运输,,交通运输违规
《中华人民共和国道路运输条例》第二十四条,交通运输违规,运输||道路,False,(匹配)交通运输,,交通运输违规
《公路安全保护条例》第三十三条第一款,交通运输违规,公路安全||安全,False,(匹配)交通运输违规||安全生产,,交通运输违规||安全生产
《中华人民共和国道路运输条例》第二十四条第一款第(二)项,交通运输违规,运输||道路,False,(匹配)交通运输,,交通运输违规
《危险货物道路运输安全管理办法》第六十三条,交通运输违规,运输||道路||安全||危险货物,False,(匹配)交通运输违规||安全生产,,交通运输违规||安全生产
《危险货物道路运输安全管理办法》第六十条第(二)项,交通运输违规,运输||道路||安全||危险货物,False,(匹配)交通运输违规||安全生产,,交通运输违规||安全生产
《中华人民共和国道路运输条例》第三十条,交通运输违规,运输||道路,False,(匹配)交通运输,,交通运输违规
《中华人民共和国道路运输条例》第七十条第一款,交通运输违规,运输||道路,False,(匹配)交通运输,,交通运输违规
《中华人民共和国道路运输条例》第十条,交通运输违规,运输||道路,False,(匹配)交通运输,,交通运输违规
《中华人民共和国道路运输条例》第十条第二项,交通运输违规,运输||道路,False,(匹配)交通运输,,交通运输违规
《中华人民共和国道路运输条例》第六十四条,交通运输违规,运输||道路,False,(匹配)交通运输,,交通运输违规
《中华人民共和国道路运输条例》第六十九条第（一）项,交通运输违规,运输||道路,False,(匹配)交通运输,,交通运输违规
《中华人民共和国道路运输条例》第六十九条第（一）项,交通运输违规,运输||道路,False,(匹配)交通运输,,交通运输违规
《中华人民共和国道路运输条例》第六十九条第（一）项,交通运输违规,运输||道路,False,(匹配)交通运输,,交通运输违规
《中华人民共和国道路运输条例》第六十九条第（一）项,交通运输违规,运输||道路,False,(匹配)交通运输,,交通运输违规
《中华人民共和国道路运输条例》第六十九条第（五）项,交通运输违规,运输||道路,False,(匹配)交通运输,,交通运输违规
《中华人民共和国道路运输条例》第六十九条第（五）项,交通运输违规,运输||道路,False,(匹配)交通运输,,交通运输违规
《中华人民共和国道路运输条例》第六十九条第（五）项,交通运输违规,运输||道路,False,(匹配)交通运输,,交通运输违规
《中华人民共和国道路运输条例》第六十九条第（五）项,交通运输违规,运输||道路,False,(匹配)交通运输,,交通运输违规
《中华人民共和国道路运输条例》第六十九条,交通运输违规,运输||道路,False,(匹配)交通运输,,交通运输违规
《中华人民共和国道路运输条例》第六十八条,交通运输违规,运输||道路,False,(匹配)交通运输,,交通运输违规
《中华人民共和国道路运输条例》第六十八条,交通运输违规,运输||道路,False,(匹配)交通运输,,交通运输违规
《中华人民共和国道路运输条例》第六十八条,交通运输违规,运输||道路,False,(匹配)交通运输,,交通运输违规
《中华人民共和国道路运输条例》第六十八条,交通运输违规,运输||道路,False,(匹配)交通运输,,交通运输违规
《中华人民共和国道路运输条例》第六十八条第一款第(一)项,交通运输违规,运输||道路,False,(匹配)交通运输,,交通运输违规
《云南省道路运输条例》第四十八条第一款第六项的规定,交通运输违规,运输||道路,False,(匹配)交通运输,,交通运输违规
《云南省道路运输条例》第四十九条第四项,交通运输违规,运输||道路,False,(匹配)交通运输,,交通运输违规
《中华人民共和国道路运输条例》第六十九条第（一）项,交通运输违规,运输||道路,False,(匹配)交通运输,,交通运输违规
《云南省道路运输条例》第十一条,交通运输违规,运输||道路,False,(匹配)交通运输,,交通运输违规
《中华人民共和国道路运输条例》第六十九条第五项,交通运输违规,运输||道路,False,(匹配)交通运输,,交通运输违规
《超限运输车辆行驶公路管理规定》第四十三条第一款第(二)项,交通运输违规,运输||车辆||超限,False,(匹配)交通运输,,交通运输违规
《中华人民共和国公路法》第七十六条第五项,交通运输违规,公路法,False,(匹配)交通运输,,交通运输违规
《陕西省治理货物运输车辆超限超载条例》第三十五条,交通运输违规,运输||车辆||超载||超限,False,(匹配)交通运输,,交通运输违规
《公路安全保护条例》,交通运输违规,公路安全||安全,False,(匹配)交通运输违规||安全生产,,交通运输违规||安全生产
《中华人民共和国道路运输条例》第六十九条第一款第(一)项,交通运输违规,运输||道路,False,(匹配)交通运输,,交通运输违规
《公路安全保护条例》第七十条,交通运输违规,公路安全||安全,False,(匹配)交通运输违规||安全生产,,交通运输违规||安全生产
《中华人民共和国道路运输条,交通运输违规,运输||道路,False,(匹配)交通运输,,交通运输违规
《中华人民共和国公路法》第五十条第一款,交通运输违规,公路法,False,(匹配)交通运输,,交通运输违规
《中华人民共和国公路法》第五十六条,交通运输违规,公路法,False,(匹配)交通运输,,交通运输违规
《中华人民共和国公路法》第七十六条第（五）项,交通运输违规,公路法,False,(匹配)交通运输,,交通运输违规
《中华人民共和国公路法》第七十六条第五项,交通运输违规,公路法,False,(匹配)交通运输,,交通运输违规
《中华人民共和国公路法》第七十六条第(五)项,交通运输违规,公路法,False,(匹配)交通运输,,交通运输违规
《中华人民共和国公路法》第八十一条,交通运输违规,公路法,False,(匹配)交通运输,,交通运输违规
《中华人民共和国道路运输条例》第七十条第二款,交通运输违规,运输||道路,False,(匹配)交通运输,,交通运输违规
《中华人民共和国道路运输条例》第六十九条第一项,交通运输违规,运输||道路,False,(匹配)交通运输,,交通运输违规
《道路旅客运输及客运站管理规定》第八十六条第一款第三项,交通运输违规,运输||道路||客运,False,(匹配)交通运输,,交通运输违规
《北京市道路运输条例》第五十七条第(四)项,交通运输违规,运输||道路,False,(匹配)交通运输,,交通运输违规
《道路旅客运输及客运站管理规定》第八十六条第(一)项,交通运输违规,运输||道路||客运,False,(匹配)交通运输,,交通运输违规
《北京市道路运输条例》第五十七条第一款第(三)项,交通运输违规,运输||道路,False,(匹配)交通运输,,交通运输违规
《中华人民共和国道路运输条例》第六十九条第一项,交通运输违规,运输||道路,False,(匹配)交通运输,,交通运输违规
《中华人民共和国道路运输条例》第六十九条第二款,交通运输违规,运输||道路,False,(匹配)交通运输,,交通运输违规
《中华人民共和国道路运输条例》第六十九条第五项,交通运输违规,运输||道路,False,(匹配)交通运输,,交通运输违规
《中华人民共和国道路运输条例》第六十九条第五项,交通运输违规,运输||道路,False,(匹配)交通运输,,交通运输违规
《道路旅客运输及客运站管理规定》第九十九条,交通运输违规,运输||道路||客运,False,(匹配)交通运输,,交通运输违规
《道路旅客运输及客运站管理规定》第一百条第七项,交通运输违规,运输||道路||客运,False,(匹配)交通运输,,交通运输违规
《道路旅客运输及客运站管理规定》第一百条,交通运输违规,运输||道路||客运,False,(匹配)交通运输,,交通运输违规
《中华人民共和国道路运输条例》第六十九条第一项,交通运输违规,运输||道路,False,(匹配)交通运输,,交通运输违规
《道路货物运输及站场管理规定》第五十九条,交通运输违规,运输||道路,False,(匹配)交通运输,,交通运输违规
《内蒙古自治区道路运输条例》第三十六条,交通运输违规,运输||道路,False,(匹配)交通运输,,交通运输违规
《内蒙古自治区道路运输行政处罚裁量基准》,交通运输违规,运输||道路,False,(匹配)交通运输,,交通运输违规
《道路货物运输及站场管理规定》第六十四条第(二)项,交通运输违规,运输||道路,False,(匹配)交通运输,,交通运输违规
《道路货物运输及站场管理规定》第五十九条第一款,交通运输违规,运输||道路,False,(匹配)交通运输,,交通运输违规
《道路货物运输及站场管理规定》第五十九条第一款,交通运输违规,运输||道路,False,(匹配)交通运输,,交通运输违规
《道路运输从业人员管理规定》第四十五条第一项,交通运输违规,运输||道路||从业人员,False,(匹配)交通运输违规||劳动保障/用工,,交通运输违规||劳动保障/用工
《危险货物道路运输安全管理办法》第六十条第(二)项,交通运输违规,运输||道路||安全||危险货物,False,(匹配)交通运输违规||安全生产,,交通运输违规||安全生产
《公路安全保护条例》第十六条第二款,交通运输违规,公路安全||安全,False,(匹配)交通运输违规||安全生产,,交通运输违规||安全生产
《公路安全保护条例》第六十四条,交通运输违规,公路安全||安全,False,(匹配)交通运输违规||安全生产,,交通运输违规||安全生产
《公路安全保护条例》第六十四条,交通运输违规,公路安全||安全,False,(匹配)交通运输违规||安全生产,,交通运输违规||安全生产
《公路安全保护条例》第六十四条的规定,交通运输违规,公路安全||安全,False,(匹配)交通运输违规||安全生产,,交通运输违规||安全生产
《公路安全保护条例》第六十四条,交通运输违规,公路安全||安全||物流,False,(匹配)交通运输违规||安全生产,,交通运输违规||安全生产
《公路安全保护条例》第六十四条,交通运输违规,公路安全||安全,False,(匹配)交通运输违规||安全生产,,交通运输违规||安全生产
《公路安全保护条例》第六十四条,交通运输违规,公路安全||安全||物流,False,(匹配)交通运输违规||安全生产,,交通运输违规||安全生产
《公路安全保护条例》第六十四条,交通运输违规,公路安全||安全||物流,False,(匹配)交通运输违规||安全生产,,交通运输违规||安全生产
《公路安全保护条例》第六十四条,交通运输违规,药业||公路安全||安全,False,(匹配)食品药品,,食品药品||交通运输违规||安全生产
《中华人民共和国公路法》第四十六条,交通运输违规,公路法,False,(匹配)交通运输,,交通运输违规
《公路法》第七十六条第五项,交通运输违规,公路法,False,(匹配)交通运输,,交通运输违规
《公路安全保护条例》第四十条,交通运输违规,公路安全||安全,False,(匹配)交通运输违规||安全生产,,交通运输违规||安全生产
《公路安全保护条例》第四十条第二款,交通运输违规,公路安全||安全,False,(匹配)交通运输违规||安全生产,,交通运输违规||安全生产
《公路安全保护条例》第六十四条,交通运输违规,公路安全||安全||物流,False,(匹配)交通运输违规||安全生产,,交通运输违规||安全生产
《公路安全保护条例》第六十四条,交通运输违规,公路安全||安全||物流,False,(匹配)交通运输违规||安全生产,,交通运输违规||安全生产
《公路安全保护条例》第六十四条,交通运输违规,公路安全||安全||物流,False,(匹配)交通运输违规||安全生产,,交通运输违规||安全生产
《中华人民共和国道路运输条例》第30条第1款,交通运输违规,运输||道路,False,(匹配)交通运输,,交通运输违规
《中华人民共和国道路运输条例》第30条,交通运输违规,运输||道路,False,(匹配)交通运输,,交通运输违规
《道路运输车辆技术管理规定》第三十一条,交通运输违规,运输||道路||车辆,False,(匹配)交通运输,,交通运输违规
《公路安全保护条例》第六十六条,交通运输违规,公路安全||安全,False,(匹配)交通运输违规||安全生产,,交通运输违规||安全生产
《道路运输车辆技术管理规定》第三十一条第(三)项,交通运输违规,运输||道路||车辆,False,(匹配)交通运输,,交通运输违规
《道路运输车辆技术管理规定》第三十一条第(三)项,交通运输违规,运输||道路||车辆,False,(匹配)交通运输,,交通运输违规
《道路运输车辆技术管理规定》第三十一条第(二)项,交通运输违规,运输||道路||车辆,False,(匹配)交通运输,,交通运输违规
《道路运输车辆技术管理规定》第三十一条第三项,交通运输违规,运输||道路||车辆,False,(匹配)交通运输,,交通运输违规
《公路安全保护条例》第六十四条,交通运输违规,公路安全||安全,False,(匹配)交通运输违规||安全生产,,交通运输违规||安全生产
《公路安全保护条例》第六十四条,交通运输违规,公路安全||安全,False,(匹配)交通运输违规||安全生产,,交通运输违规||安全生产
《公路安全保护条例》第六十四条,交通运输违规,公路安全||安全,False,(匹配)交通运输违规||安全生产,,交通运输违规||安全生产
《公路安全保护条例》第六十四条,交通运输违规,公路安全||安全,False,(匹配)交通运输违规||安全生产,,交通运输违规||安全生产
《公路安全保护条例》第六十四条,交通运输违规,公路安全||安全,False,(匹配)交通运输违规||安全生产,,交通运输违规||安全生产
《道路运输车辆技术管理规定》第七条第(二)项,交通运输违规,运输||道路||车辆,False,(匹配)交通运输,,交通运输违规
《公路安全保护条例》第六十四条,交通运输违规,公路安全||安全,False,(匹配)交通运输违规||安全生产,,交通运输违规||安全生产
《公路安全保护条例》第六十四条,交通运输违规,公路安全||安全,False,(匹配)交通运输违规||安全生产,,交通运输违规||安全生产
《公路安全保护条例》第六十四条,交通运输违规,公路安全||安全,False,(匹配)交通运输违规||安全生产,,交通运输违规||安全生产
《快递业务经营许可管理办法》第31条第2款,交通运输违规,ai,True,(匹配)市场主体与登记治理,条款内容多用于许可状态变更情形。,未开业/自行停业
《快递业务经营许可管理办法》第23条第2款,交通运输违规,ai,True,(匹配)交通运输,属邮政快递许可管理，归交通运输。,交通运输违规
《山东省治理超限和超载运输办法》第三十三条,交通运输违规,运输||超载||超限,False,(匹配)交通运输,,交通运输违规
《山东省道路运输条例》第七十条第七项,交通运输违规,运输||道路,False,(匹配)交通运输,,交通运输违规
《山东省道路运输条例》第七十条第(七)项,交通运输违规,运输||道路,False,(匹配)交通运输,,交通运输违规
《中华人民共和国水上水下活动通航安全管理规定》第三十三条第一项,交通运输违规,安全||安全管理规定,False,(匹配)安全生产,,安全生产
《道路运输车辆技术管理规定》第三十一条第三项,交通运输违规,运输||道路||车辆,False,(匹配)交通运输,,交通运输违规
《四川省道路运输条例》第十五条第三项,交通运输违规,运输||道路,False,(匹配)交通运输,,交通运输违规
《四川省道路运输条例》第六十二条第一项,交通运输违规,运输||道路,False,(匹配)交通运输,,交通运输违规
《山东省道路运输条例》第六十七条第六项,交通运输违规,运输||道路,False,(匹配)交通运输,,交通运输违规
《山东省道路运输条例》第六十五条第二款,交通运输违规,运输||道路,False,(匹配)交通运输,,交通运输违规
《新疆维吾尔自治区道路运输条例》第五十二条的规定,交通运输违规,运输||道路,False,(匹配)交通运输,,交通运输违规
《中华人民共和国水上水下活动通航安全管理规定》第五条,交通运输违规,安全||安全管理规定,False,(匹配)安全生产,,安全生产
《中华人民共和国水上水下活动通航安全管理规定》第五条,交通运输违规,安全||安全管理规定,False,(匹配)安全生产,,安全生产
《山东省道路运输条例》第七十条第五项,交通运输违规,运输||道路,False,(匹配)交通运输,,交通运输违规
《道路运输车辆技术管理规定》第三十一条第二项,交通运输违规,运输||道路||车辆,False,(匹配)交通运输,,交通运输违规
《道路运输车辆技术管理规定》,交通运输违规,运输||道路||车辆,False,(匹配)交通运输,,交通运输违规
《中华人民共和国道路运输条例》第七十条,交通运输违规,运输||道路,False,(匹配)交通运输,,交通运输违规
《邮政业寄递安全监督管理办法》第40条第1款邮政企业、快递企业违反本办法第二十一条第一款、第二款,交通运输违规,安全||安全监理,False,(匹配)安全生产,,安全生产
《中华人民共和国道路运输条例》第七十条第（五）项,交通运输违规,运输||道路,False,(匹配)交通运输,,交通运输违规
《道路运输车辆技术管理规定》,交通运输违规,运输||道路||车辆,False,(匹配)交通运输,,交通运输违规
《公路安全保护条例》第六十二条的规定,交通运输违规,公路安全||安全,False,(匹配)交通运输违规||安全生产,,交通运输违规||安全生产
《中华人民共和国道路运输条例》第七十条第（五）项,交通运输违规,运输||道路,False,(匹配)交通运输,,交通运输违规
《中华人民共和国道路运输条例》第七十条第（一）项,交通运输违规,运输||道路,False,(匹配)交通运输,,交通运输违规
《中华人民共和国道路运输条例》第三十一条,交通运输违规,运输||道路,False,(匹配)交通运输,,交通运输违规
《中华人民共和国道路运输条例》第三十一条,交通运输违规,运输||道路,False,(匹配)交通运输,,交通运输违规
《中华人民共和国道路运输条例》第三十条的规定,交通运输违规,运输||道路,False,(匹配)交通运输,,交通运输违规
《中华人民共和国道路运输条例》第三十条,交通运输违规,运输||道路,False,(匹配)交通运输,,交通运输违规
《中华人民共和国道路运输条例》第三十条,交通运输违规,运输||道路,False,(匹配)交通运输,,交通运输违规
《中华人民共和国道路运输条例》第三十条的规定,交通运输违规,运输||道路,False,(匹配)交通运输,,交通运输违规
《中华人民共和国道路运输条例》第三条,交通运输违规,运输||道路,False,(匹配)交通运输,,交通运输违规
《中华人民共和国道路运输条例》第三条,交通运输违规,运输||道路,False,(匹配)交通运输,,交通运输违规
《中华人民共和国道路运输条例》第三十一条,交通运输违规,运输||道路,False,(匹配)交通运输,,交通运输违规
《中华人民共和国道路运输条例》第三十条,交通运输违规,运输||道路,False,(匹配)交通运输,,交通运输违规
《中华人民共和国道路运输条例》第三十三条,交通运输违规,运输||道路,False,(匹配)交通运输,,交通运输违规
《中华人民共和国道路运输条例》第三十三条,交通运输违规,运输||道路,False,(匹配)交通运输,,交通运输违规
《中华人民共和国道路运输条例》第三十三条之规定,交通运输违规,运输||道路,False,(匹配)交通运输,,交通运输违规
《公路安全保护条例》第六十九条,交通运输违规,公路安全||安全,False,(匹配)交通运输违规||安全生产,,交通运输违规||安全生产
《公路安全保护条例》第六十七条第一项,交通运输违规,公路安全||安全,False,(匹配)交通运输违规||安全生产,,交通运输违规||安全生产
《中华人民共和国道路运输条例》第三十四条,交通运输违规,运输||道路,False,(匹配)交通运输,,交通运输违规
《公路安全保护条例》第二十七条第六项,交通运输违规,公路安全||安全,False,(匹配)交通运输违规||安全生产,,交通运输违规||安全生产
《中华人民共和国道路运输条例》第三十条,交通运输违规,运输||道路,False,(匹配)交通运输,,交通运输违规
《中华人民共和国道路运输条例》第三十条,交通运输违规,运输||道路,False,(匹配)交通运输,,交通运输违规
《中华人民共和国道路运输条例》第三十条,交通运输违规,运输||道路,False,(匹配)交通运输,,交通运输违规
《中华人民共和国道路运输条例》第三十条,交通运输违规,运输||道路,False,(匹配)交通运输,,交通运输违规
《山东省道路运输条例》第七十条第七项,交通运输违规,运输||道路,False,(匹配)交通运输,,交通运输违规
《道路运输车辆技术管理规定》第九条,交通运输违规,运输||道路||车辆,False,(匹配)交通运输,,交通运输违规
《道路运输车辆技术管理规定》第九条,交通运输违规,运输||道路||车辆,False,(匹配)交通运输,,交通运输违规
《道路运输车辆技术管理规定》第九条的规定,交通运输违规,运输||道路||车辆,False,(匹配)交通运输,,交通运输违规
《道路运输车辆技术管理规定》第九条,交通运输违规,运输||道路||车辆,False,(匹配)交通运输,,交通运输违规
《中华人民共和国道路运输条例》第69条第1项,交通运输违规,运输||道路,False,(匹配)交通运输,,交通运输违规
《中华人民共和国道路运输条例》第70条,交通运输违规,运输||道路,False,(匹配)交通运输,,交通运输违规
《中华人民共和国道路运输条例》第七十一条,交通运输违规,运输||道路,False,(匹配)交通运输,,交通运输违规
《中华人民共和国道路运输条例》第七十一条第一款,交通运输违规,运输||道路,False,(匹配)交通运输,,交通运输违规
《中华人民共和国道路运输条例》第七十一条第一款,交通运输违规,运输||道路,False,(匹配)交通运输,,交通运输违规
《道路运输车辆动态监督管理办法》第三十六条,交通运输违规,运输||道路||车辆,False,(匹配)交通运输,,交通运输违规
《道路货物运输及站场管理规定》第六十三条第一款,交通运输违规,运输||道路,False,(匹配)交通运输,,交通运输违规
《道路货物运输及站场管理规定》第六十一条第二项,交通运输违规,运输||道路,False,(匹配)交通运输,,交通运输违规
《道路货物运输及站场管理规定》第五十九条第一款,交通运输违规,运输||道路,False,(匹配)交通运输,,交通运输违规
《道路货物运输及站场管理规定》第五十九条,交通运输违规,运输||道路,False,(匹配)交通运输,,交通运输违规
《道路运输车辆技术管理规定》第三十一条第二项的规定,交通运输违规,运输||道路||车辆,False,(匹配)交通运输,,交通运输违规
《道路运输车辆技术管理规定》第三十一条第四项,交通运输违规,运输||道路||车辆,False,(匹配)交通运输,,交通运输违规
《道路运输车辆技术管理规定》第三十一条第（三）项,交通运输违规,运输||道路||车辆,False,(匹配)交通运输,,交通运输违规
《道路运输车辆技术管理规定》第三十一条第（三）项,交通运输违规,运输||道路||车辆,False,(匹配)交通运输,,交通运输违规
《道路运输车辆技术管理规定》第三十一条第（二）项,交通运输违规,运输||道路||车辆,False,(匹配)交通运输,,交通运输违规
《公路安全保护条例》第六十六条,交通运输违规,公路安全||安全,False,(匹配)交通运输违规||安全生产,,交通运输违规||安全生产
《道路运输车辆技术管理规定》第三十一条第（二）项,交通运输违规,运输||道路||车辆,False,(匹配)交通运输,,交通运输违规
《公路安全保护条例》第六十八条,交通运输违规,公路安全||安全,False,(匹配)交通运输违规||安全生产,,交通运输违规||安全生产
《公路安全保护条例》第六十八条,交通运输违规,公路安全||安全,False,(匹配)交通运输违规||安全生产,,交通运输违规||安全生产
《道路旅客运输及客运站管理规定》第九十三条第(二)项的规定,交通运输违规,运输||道路||客运,False,(匹配)交通运输,,交通运输违规
《中华人民共和国道路运输条例》第七十条第一款,交通运输违规,运输||道路,False,(匹配)交通运输,,交通运输违规
《中华人民共和国道路运输条例》第七十条第一款,交通运输违规,运输||道路,False,(匹配)交通运输,,交通运输违规
《中华人民共和国道路运输条例》第七十条第一款,交通运输违规,运输||道路,False,(匹配)交通运输,,交通运输违规
《中华人民共和国道路运输条例》第七十条第一款的规定,交通运输违规,运输||道路,False,(匹配)交通运输,,交通运输违规
《中华人民共和国道路运输条例》第七十条第一款,交通运输违规,运输||道路,False,(匹配)交通运输,,交通运输违规
《中华人民共和国道路运输条例》第七十条第一款,交通运输违规,运输||道路,False,(匹配)交通运输,,交通运输违规
《中华人民共和国道路运输条例》第七十条第一款,交通运输违规,运输||道路,False,(匹配)交通运输,,交通运输违规
《中华人民共和国道路运输条例》第七十条第二款,交通运输违规,运输||道路,False,(匹配)交通运输,,交通运输违规
《中华人民共和国道路运输条例》第七十条第二款,交通运输违规,运输||道路,False,(匹配)交通运输,,交通运输违规
《中华人民共和国道路运输条例》第七十条第一款,交通运输违规,运输||道路,False,(匹配)交通运输,,交通运输违规
《中华人民共和国道路运输条例》第七十条第二款,交通运输违规,运输||道路,False,(匹配)交通运输,,交通运输违规
《中华人民共和国道路运输条例》第七十条第二款,交通运输违规,运输||道路,False,(匹配)交通运输,,交通运输违规
《中华人民共和国道路运输条例》第七十条第二款,交通运输违规,运输||道路,False,(匹配)交通运输,,交通运输违规
《中华人民共和国道路运输条例》第七十条第二款,交通运输违规,运输||道路,False,(匹配)交通运输,,交通运输违规
《中华人民共和国道路运输条例》第七十条第二款的规定,交通运输违规,运输||道路,False,(匹配)交通运输,,交通运输违规
《中华人民共和国道路运输条例》第七十条第二款,交通运输违规,运输||道路,False,(匹配)交通运输,,交通运输违规
《中华人民共和国道路运输条例》第七十条第二款,交通运输违规,运输||道路,False,(匹配)交通运输,,交通运输违规
《中华人民共和国道路运输条例》第七十条第（一）项,交通运输违规,运输||道路,False,(匹配)交通运输,,交通运输违规
《中华人民共和国道路运输条例》第七十条第二款,交通运输违规,运输||道路,False,(匹配)交通运输,,交通运输违规
《中华人民共和国道路运输条例》第七十条第一款,交通运输违规,运输||道路,False,(匹配)交通运输,,交通运输违规
《中华人民共和国道路运输条例》第七十条,交通运输违规,运输||道路,False,(匹配)交通运输,,交通运输违规
《道路旅客运输及客运站管理规定》第九十三条第(二)项,交通运输违规,运输||道路||客运,False,(匹配)交通运输,,交通运输违规
《中华人民共和国道路运输条例》第七十一条第一款,交通运输违规,运输||道路,False,(匹配)交通运输,,交通运输违规
《道路旅客运输及客运站管理规定》第三十六条,交通运输违规,运输||道路||客运,False,(匹配)交通运输,,交通运输违规
《道路旅客运输及客运站管理规定》第一百条第一款,交通运输违规,运输||道路||客运,False,(匹配)交通运输,,交通运输违规
《福建省道路运输条例》第六十九条第一项,交通运输违规,运输||道路,False,(匹配)交通运输,,交通运输违规
《中华人民共和国道路运输条例》第七十一条第二款,交通运输违规,运输||道路,False,(匹配)交通运输,,交通运输违规
《山东省道路运输条例》第六十七条第（六）项,交通运输违规,运输||道路,False,(匹配)交通运输,,交通运输违规
《道路运输车辆技术管理规定》第二十条,交通运输违规,运输||道路||车辆,False,(匹配)交通运输,,交通运输违规
《道路运输车辆技术管理规定》第二十条,交通运输违规,运输||道路||车辆,False,(匹配)交通运输,,交通运输违规
《道路运输车辆技术管理规定》第二十条,交通运输违规,运输||道路||车辆,False,(匹配)交通运输,,交通运输违规
《山东省道路运输条例》第六十七条第(一)项,交通运输违规,运输||道路,False,(匹配)交通运输,,交通运输违规
《中华人民共和国道路运输条例》第七十条,交通运输违规,运输||道路,False,(匹配)交通运输,,交通运输违规
《中华人民共和国道路运输条例》第七十条,交通运输违规,运输||道路,False,(匹配)交通运输,,交通运输违规
《中华人民共和国道路运输条例》第七十一条第二款,交通运输违规,运输||道路,False,(匹配)交通运输,,交通运输违规
《危险货物道路运输安全管理办法》第六十条第二款,交通运输违规,运输||道路||安全||危险货物,False,(匹配)交通运输违规||安全生产,,交通运输违规||安全生产
《中华人民共和国产品法》第二十六条第二款,产品质量,ai,False,(匹配)产品质量与安全,依据《产品法》条文，属产品质量规范。,产品质量
《中华人民共和国标准化法》第二十条,产品质量,ai,True,(匹配)其他,仅引标准化法条款，无法细分类型。,其他违法行为
《中华人民共和国标准化法》第二十五条,产品质量,ai,True,(匹配)其他,仅给出条号无法判断具体类型。,其他违法行为
《江苏省惩治生产销售假冒伪劣商品行为条例》第六条第二项,产品质量,假冒伪劣商品||假冒伪劣||假冒,False,(匹配)产品质量与安全,,产品质量
《江苏省惩治生产销售假冒伪劣商品行为条例》第十九条第五款,产品质量,假冒伪劣商品||假冒伪劣||假冒,False,(匹配)产品质量与安全,,产品质量
《江苏省惩治生产销售假冒伪劣商品行为条例》第六条第（一）项,产品质量,假冒伪劣商品||假冒伪劣||假冒,False,(匹配)产品质量与安全,,产品质量
《广东省查处生产销售假冒伪劣商品违法行为条例》第十条第一十二项,产品质量,假冒伪劣商品||假冒伪劣||假冒||产品法,False,(匹配)产品质量与安全,,产品质量
《广东省查处生产销售假冒伪劣商品违法行为条例》第八条第二款,产品质量,假冒伪劣商品||假冒伪劣||假冒||产品法,False,(匹配)产品质量与安全,,产品质量
《中华人民共和国产品质量法》第三十九条,产品质量/生产安全,ai,False,,,产品质量/生产安全
《强制性产品认证管理规定》第二十四条第二项,产品质量与安全,ai,False,其他违法行为,《强制性产品认证管理规定》属产品质量监管。,产品质量
《强制性产品认证管理规定》第五十四条第二项“违反本规定第二十四条,产品质量与安全,ai,False,其他违法行为,强制性产品认证制度，属产品质量监管。,产品质量
《中华人民共和国产品质量法》第五十条,产品质量与安全,ai,False,,,产品质量
《产品质量法》第五十四条,产品质量与安全,产品质量||产品法,False,,,产品质量
《产品质量法》第三十二条、第三十九条,产品质量与安全,产品质量||产品法,False,,,产品质量
《产品质量法》第五十条,产品质量与安全,产品质量||产品法,False,,,产品质量
《产品质量法》第五十条,产品质量与安全,产品质量||产品法,False,,,产品质量
《产品质量法》第四十四条,产品质量与安全,产品质量||产品法,False,,,产品质量
《产品质量法》第四十九条,产品质量与安全,产品质量||产品法,False,,,产品质量
《产品质量法》第十三条,产品质量与安全,产品质量||产品法,False,,,产品质量
《中华人民共和国产品质量法》第三十九条,产品质量与安全,ai,False,,,产品质量
《中华人民共和国产品质量法》第三十九条,产品质量与安全,ai,False,,,产品质量
《中华人民共和国产品质量法》第三十九条,产品质量与安全,ai,False,,,产品质量
《产品质量法》,产品质量与安全,产品质量||产品法,False,,,产品质量
《深圳经济特区产品质量管理条例》第五十七条,产品质量与安全,产品质量,False,,,产品质量
《深圳经济特区产品质量管理条例》第五十八条,产品质量与安全,产品质量,False,,,产品质量
《中华人民共和国产品质量法》第五十条,产品质量与安全,ai,False,,,产品质量
《中华人民共和国产品质量法》第五十五条,产品质量与安全,产品质量||产品法,False,,,产品质量
《中华人民共和国产品质量法》第五十二条,产品质量与安全,产品质量||产品法,False,,,产品质量
《中华人民共和国产品质量法》第五十二条,产品质量与安全,产品质量||产品法,False,,,产品质量
《中华人民共和国产品质量法》第五十三条,产品质量与安全,产品质量||产品法,False,,,产品质量
《中华人民共和国产品质量法》第五十三条,产品质量与安全,产品质量||产品法,False,,,产品质量
《中华人民共和国产品质量法》第五十三条,产品质量与安全,产品质量||产品法,False,,,产品质量
《中华人民共和国产品质量法》第四十九条的规定,产品质量与安全,产品质量||产品法,False,,,产品质量
《中华人民共和国产品质量法》第五十条,产品质量与安全,产品质量||产品法,False,,,产品质量
《中华人民共和国产品质量法》第四十九条的规定,产品质量与安全,产品质量||产品法,False,,,产品质量
《中华人民共和国产品质量法》第五十四条,产品质量与安全,产品质量||产品法,False,,,产品质量
《中华人民共和国产品质量法》第五十四条,产品质量与安全,产品质量||产品法,False,,,产品质量
《中华人民共和国产品质量法》第四十九条,产品质量与安全,产品质量||产品法,False,,,产品质量
《中华人民共和国产品质量法》第五十四条,产品质量与安全,产品质量||产品法,False,,,产品质量
《中华人民共和国产品质量法》第五十四条,产品质量与安全,产品质量||产品法,False,,,产品质量
《中华人民共和国产品质量法》第五十五条,产品质量与安全,产品质量||产品法,False,,,产品质量
《中华人民共和国产品质量法》第二十六条第一款,产品质量与安全,产品质量||产品法,False,,,产品质量
《中华人民共和国产品质量法》第二十六条第(三)项,产品质量与安全,产品质量||产品法,False,,,产品质量
《中华人民共和国产品质量法》第五十条,产品质量与安全,产品质量||产品法,False,,,产品质量
《中华人民共和国产品质量法》第二十六条第二款第(一)项、第四十九条,产品质量与安全,产品质量||产品法,False,,,产品质量
《中华人民共和国产品质量法》第五十条,产品质量与安全,产品质量||产品法,False,,,产品质量
《中华人民共和国产品质量法》第十三条,产品质量与安全,产品质量||产品法,False,,,产品质量
《中华人民共和国产品质量法》第十三条第二款,产品质量与安全,产品质量||产品法,False,,,产品质量
《中华人民共和国产品质量法》第十二条,产品质量与安全,产品质量||产品法,False,,,产品质量
《中华人民共和国产品质量法》第五十三条,产品质量与安全,产品质量||产品法,False,,,产品质量
《中华人民共和国产品质量法》第十三条第一款,产品质量与安全,产品质量||产品法,False,,,产品质量
《中华人民共和国产品质量法》第十二条,产品质量与安全,产品质量||产品法,False,,,产品质量
《中华人民共和国产品质量法》第四十九条,产品质量与安全,产品质量||产品法,False,,,产品质量
《中华人民共和国产品质量法》第四十九条,产品质量与安全,产品质量||产品法,False,,,产品质量
《中华人民共和国产品质量法》第四十九条之规定,产品质量与安全,产品质量||产品法,False,,,产品质量
《中华人民共和国产品质量法》第四十九条,产品质量与安全,产品质量||产品法,False,,,产品质量
《中华人民共和国产品质量法》第四十九条,产品质量与安全,产品质量||产品法,False,,,产品质量
《中华人民共和国产品质量法》第四十九条,产品质量与安全,产品质量||产品法,False,,,产品质量
《中华人民共和国产品质量法》第四十九条,产品质量与安全,产品质量||产品法,False,,,产品质量
《中华人民共和国产品质量法》第四十九条,产品质量与安全,产品质量||产品法,False,,,产品质量
《中华人民共和国产品质量法》第五十条,产品质量与安全,产品质量||产品法,False,,,产品质量
《中华人民共和国产品质量法》第十二条,产品质量与安全,产品质量||产品法,False,,,产品质量
《中华人民共和国产品质量法》第十二条、第三十二条、第三十九条,产品质量与安全,产品质量||产品法,False,,,产品质量
《中华人民共和国产品质量法》第十三条,产品质量与安全,产品质量||产品法,False,,,产品质量
《中华人民共和国产品质量法》第十三条,产品质量与安全,产品质量||产品法,False,,,产品质量
《中华人民共和国产品质量法》第五十条,产品质量与安全,产品质量||产品法,False,,,产品质量
《中华人民共和国产品质量法》第五十条,产品质量与安全,产品质量||产品法,False,,,产品质量
《中华人民共和国产品质量法》第五十条,产品质量与安全,产品质量||产品法,False,,,产品质量
《中华人民共和国产品质量法》第五十条,产品质量与安全,产品质量||产品法,False,,,产品质量
《中华人民共和国产品质量法》第五十条的规定,产品质量与安全,产品质量||产品法,False,,,产品质量
《中华人民共和国产品质量法》第四十九条,产品质量与安全,产品质量||产品法,False,,,产品质量
《中华人民共和国产品质量法》第五十条,产品质量与安全,产品质量||产品法,False,,,产品质量
《中华人民共和国产品质量法》第五十条,产品质量与安全,产品质量||产品法,False,,,产品质量
《中华人民共和国产品质量法》第五十条之规定,产品质量与安全,产品质量||产品法,False,,,产品质量
《中华人民共和国产品质量法》第五十条之规定,产品质量与安全,产品质量||产品法,False,,,产品质量
《中华人民共和国产品质量法》第五十条之规定,产品质量与安全,产品质量||产品法,False,,,产品质量
《中华人民共和国产品质量法》第五十条之规定,产品质量与安全,产品质量||产品法,False,,,产品质量
《中华人民共和国产品质量法》第五十条,产品质量与安全,产品质量||产品法,False,,,产品质量
《中华人民共和国产品质量法》第五十条,产品质量与安全,产品质量||产品法,False,,,产品质量
《中华人民共和国产品质量法》第五十条,产品质量与安全,产品质量||产品法,False,,,产品质量
《中华人民共和国产品质量法》第十七条,产品质量与安全,产品质量||产品法,False,,,产品质量
《中华人民共和国产品质量法》第六十二条,产品质量与安全,产品质量||产品法,False,,,产品质量
《中华人民共和国产品质量法》第五条,产品质量与安全,产品质量||产品法,False,,,产品质量
《检验报告》,产品质量与安全,检验报告,False,,,产品质量
《中华人民共和国产品质量法》第四十九条,产品质量与安全,产品质量||产品法,False,,,产品质量
《中华人民共和国产品质量法》第50条,产品质量与安全,产品质量||产品法,False,,,产品质量
《中华人民共和国产品质量法》第49条,产品质量与安全,产品质量||产品法,False,,,产品质量
《中华人民共和国产品质量法》第39条,产品质量与安全,产品质量||产品法,False,,,产品质量
《中华人民共和国产品质量法》第39条,产品质量与安全,产品质量||产品法,False,,,产品质量
《中华人民共和国产品质量法》第三十二条,产品质量与安全,产品质量||产品法,False,,,产品质量
《中华人民共和国产品质量法》,产品质量与安全,产品质量||产品法,False,,,产品质量
《中华人民共和国产品质量法》,产品质量与安全,产品质量||产品法,False,,,产品质量
《中华人民共和国产品质量法》第三十九条,产品质量与安全,产品质量||产品法,False,,,产品质量
《中华人民共和国产品质量法》第三十九条,产品质量与安全,产品质量||产品法,False,,,产品质量
《中华人民共和国产品质量法》第三十九条,产品质量与安全,产品质量||产品法,False,,,产品质量
《中华人民共和国产品质量法》第三十九条,产品质量与安全,产品质量||产品法,False,,,产品质量
《中华人民共和国产品质量法》第三十九条的规定,产品质量与安全,产品质量||产品法,False,,,产品质量
《中华人民共和国产品质量法》第三十九条,产品质量与安全,产品质量||产品法,False,,,产品质量
《中华人民共和国产品质量法》第三十九条,产品质量与安全,产品质量||产品法,False,,,产品质量
《中华人民共和国产品质量法》,产品质量与安全,产品质量||产品法,False,,,产品质量
《中华人民共和国产品质量法》第三十一条,产品质量与安全,产品质量||产品法,False,,,产品质量
《中华人民共和国产品质量法》第三十二条,产品质量与安全,产品质量||产品法,False,,,产品质量
《中华人民共和国产品质量法》第二十七条,产品质量与安全,产品质量||产品法,False,,,产品质量
《中华人民共和国产品质量法》第二十七条,产品质量与安全,产品质量||产品法,False,,,产品质量
《中华人民共和国产品质量法》第三十二条,产品质量与安全,产品质量||产品法,False,,,产品质量
《中华人民共和国产品质量法》第三十二条,产品质量与安全,产品质量||产品法,False,,,产品质量
《中华人民共和国产品质量法》第三十九条之规定,产品质量与安全,产品质量||产品法,False,,,产品质量
《中华人民共和国国家标准GB9694-88》,产品质量与标准认证,ai,True,(匹配)产品质量与安全,GB9694-88为食品添加剂国家标准相关。,食品药品
《中华人民共和国国家标准》,产品质量与标准认证,ai,True,(匹配)*国家标准执行*,仅指国家标准条款，属标准执行问题。,*国家标准执行*
《中华人民共和国价格法》第三十九条,价格/收费,ai,True,(匹配)市场秩序与竞争监管,《价格法》第三十九条直接对应价格违法。,价格/收费
《中华人民共和国价格法》第三十九条、第四十一条,价格/收费,ai,True,(匹配)市场秩序与竞争监管,《价格法》第三十九、四十一条直接对应。,价格/收费
《中华人民共和国价格法》第三十九条,价格/收费,ai,True,(匹配)市场秩序与竞争监管,《价格法》第三十九条直接涉及价格问题。,价格/收费
《中华人民共和国价格法》第三十九条,价格/收费,ai,True,(匹配)市场秩序与竞争监管,依据《价格法》第三十九条属于价格违法。,价格/收费
《中华人民共和国价格法》第十三条,价格/收费,ai,True,(匹配)市场秩序与竞争监管,依据《价格法》第十三条规定定价行为。,价格/收费
《中华人民共和国价格法》第十三条,价格/收费,ai,True,(匹配)市场秩序与竞争监管,依据《价格法》第十三条属价格管理。,价格/收费
《中华人民共和国价格法》第三十九条,价格/收费,ai,True,(匹配)市场秩序与竞争监管,《价格法》条文直接对应价格违法行为。,价格/收费
《服务价目表》,价格/收费,ai,True,(匹配)市场秩序与竞争监管,《服务价目表》直接涉及收费价格管理。,价格/收费
《中华人民共和国价格法》第十三条第一款,价格/收费,ai,True,(匹配)市场秩序与竞争监管,依据价格法第十三条规范价格行为。,价格/收费
《中华人民共和国价格法》第四十二条,价格/收费,ai,True,(匹配)市场秩序与竞争监管,依据价格法第四十二条，属价格违法。,价格/收费
《中华人民共和国价格法》第四十二条,价格/收费,ai,True,(匹配)市场秩序与竞争监管,适用《价格法》第四十二条，属价格违法。,价格/收费
《中华人民共和国价格法》第四十二条,价格/收费,ai,True,(匹配)市场秩序与竞争监管,《价格法》第四十二条直接适用。,价格/收费
《中华人民共和国价格法》第四十二条,价格/收费,ai,True,(匹配)市场秩序与竞争监管,直接依据《价格法》第四十二条规定。,价格/收费
《中华人民共和国价格法》第四十条,价格/收费,ai,True,(匹配)市场秩序与竞争监管,明确依据《价格法》第四十条定性。,价格/收费
《中华人民共和国价格法》第四十条,价格/收费,ai,True,(匹配)市场秩序与竞争监管,依据价格法第四十条，属价格违法。,价格/收费
《中华人民共和国价格法》第四十条第一款,价格/收费,ai,True,(匹配)市场秩序与竞争监管,《价格法》第四十条直接对应价格违法。,价格/收费
《中华人民共和国价格法》第四十二条,价格/收费,ai,True,(匹配)市场秩序与竞争监管,依据《价格法》属于价格违法。,价格/收费
《中华人民共和国价格法》第四十二条,价格/收费,ai,True,(匹配)市场秩序与竞争监管,《价格法》条文直接对应价格管理。,价格/收费
《中华人民共和国价格法》第十三条第一款,价格/收费,ai,True,(匹配)市场秩序与竞争监管,依据《价格法》第十三条价格管理相关。,价格/收费
《中华人民共和国价格法》第十二条,价格/收费,ai,True,(匹配)市场秩序与竞争监管,依据《价格法》调整价格行为。,价格/收费
《中华人民共和国价格法》第十二条,价格/收费,ai,True,(匹配)市场秩序与竞争监管,《价格法》第十二条直接对应价格违法。,价格/收费
《中华人民共和国价格法》第十二条,价格/收费,ai,True,(匹配)市场秩序与竞争监管,《价格法》第十二条、三十九条明确涉价违规。,价格/收费
《中华人民共和国价格法》第四十一条,价格/收费,ai,True,(匹配)市场秩序与竞争监管,《价格法》处罚条款直接对应价格领域。,价格/收费
《中华人民共和国价格法》第十四条第(四)项,价格/收费,ai,True,(匹配)市场秩序与竞争监管,适用价格法第十四条价格违法情形。,价格/收费
《中华人民共和国价格法》第四十一条,价格/收费,ai,True,(匹配)市场秩序与竞争监管,依据价格法条文，属价格管理事项。,价格/收费
《中华人民共和国价格法》第十四条“经营者不得有下列不正当价格行为”第(四)项,价格/收费,ai,True,(匹配)市场秩序与竞争监管,依据价格法不正当价格行为规定。,价格/收费
《价格违法行为行政处罚规定》第十三条,价格/收费,ai,True,(匹配)市场秩序与竞争监管,依据价格违法行为行政处罚规定内容。,价格/收费
《价格违法行为行政处罚规定》第十三条,价格/收费,ai,True,(匹配)市场秩序与竞争监管,《价格违法行为行政处罚规定》直接对应。,价格/收费
《中华人民共和国价格法》第三十九条第二款,价格/收费,ai,True,(匹配)市场秩序与竞争监管,依据《价格法》条款，属价格管理违法。,价格/收费
《中华人民共和国价格法》第三十九条,价格/收费,ai,True,(匹配)市场秩序与竞争监管,适用《价格法》条款，属价格违法。,价格/收费
《价格法》第三十九条,价格/收费,ai,True,(匹配)市场秩序与竞争监管,仅援引《价格法》第三十九条，属价格违规。,价格/收费
《价格违法行为行政处罚规定》第九条第（二）项,价格/收费,ai,True,(匹配)市场秩序与竞争监管,依据价格违法行为处罚规定条款。,价格/收费
《价格违法行为行政处罚规定》第九条第（五）项,价格/收费,ai,True,(匹配)市场秩序与竞争监管,依据价格收费规定，自立收费项目。,价格/收费
《中华人民共和国价格法》第四十二条,价格/收费,ai,True,(匹配)市场秩序与竞争监管,引用《价格法》条款，属价格违法。,价格/收费
《中华人民共和国价格法》第四十一条,价格/收费,ai,True,(匹配)市场秩序与竞争监管,适用《价格法》条款，属价格违法。,价格/收费
《中华人民共和国价格法》第三十九条,价格/收费,ai,True,(匹配)市场秩序与竞争监管,《价格法》第三十九条直接对应价格违法。,价格/收费
《价格违法行为行政处罚规定》第十八条,价格/收费,ai,True,(匹配)市场秩序与竞争监管,《价格违法行为行政处罚规定》属价格领域。,价格/收费
《价格违法行为行政处罚规定》第十三条第（二）项,价格/收费,ai,True,(匹配)市场秩序与竞争监管,依据价格违法行为行政处罚规定内容。,价格/收费
《禁止价格欺诈行为的规定》第七条,价格/收费,ai,True,(匹配)市场秩序与竞争监管,依据禁止价格欺诈法规条款内容。,价格/收费
《禁止价格欺诈行为的规定》第七条第(一)项,价格/收费,ai,True,(匹配)市场秩序与竞争监管,条文属价格欺诈规制，归入价格类。,价格/收费
《价格违法行为行政处罚规定》第十三条第（一）项,价格/收费,ai,True,(匹配)市场秩序与竞争监管,依据价格违法行为行政处罚规定内容。,价格/收费
《价格违法行为行政处罚规定》第七条,价格/收费,ai,True,(匹配)市场秩序与竞争监管,依据价格违法行政处罚规定内容。,价格/收费
《价格违法行为行政处罚规定》第七条“经营者违反价格法第十四条,价格/收费,ai,True,(匹配)市场秩序与竞争监管,引用价格法第十四条，属价格违法行为。,价格/收费
《中华人民共和国价格法》第十三条第一款,价格/收费,ai,False,(匹配)市场秩序与竞争监管,,价格/收费
《价格违法行为行政处罚规定》第九条第(二)项,价格/收费,ai,True,(匹配)市场秩序与竞争监管,适用《价格违法行为行政处罚规定》条款。,价格/收费
《价格违法行为行政处罚规定》第九条,价格/收费,ai,True,(匹配)市场秩序与竞争监管,依据价格违法行为行政处罚规定内容。,价格/收费
《价格违法行为行政处罚规定》第九条,价格/收费,ai,True,(匹配)市场秩序与竞争监管,依据价格违法行为处罚规定内容。,价格/收费
《规范价格行政处罚权的若干规定》第六条第（五）项,价格/收费,ai,True,(匹配)市场秩序与竞争监管,规范价格处罚权，属价格管理。,价格/收费
《价格违法行为行政处罚规定》第九条第(五)项,价格/收费,ai,True,(匹配)市场秩序与竞争监管,依据价格违法行为行政处罚规定内容。,价格/收费
《价格违法行为行政处罚规定》第九条第(十一)项,价格/收费,ai,True,(匹配)市场秩序与竞争监管,依据价格违法行为的处罚规定。,价格/收费
《企业信息公示暂行条例》第八条第一款,企业信息公示,企业信息公示暂行条例,False,(匹配)未年检登记,,未年检登记
《企业信息公示暂行条例》第八条第一款,企业信息公示,企业信息公示暂行条例,False,(匹配)未年检登记,,未年检登记
《企业信息公示暂行条例》第八条第一款,企业信息公示,企业信息公示暂行条例,False,(匹配)未年检登记,,未年检登记
《企业信息公示暂行条例》第六条、第十条、第十七条,企业信息公示,企业信息公示暂行条例,False,(匹配)未年检登记,,未年检登记
《企业信息公示暂行条例》第八条第一款,企业信息公示,企业信息公示暂行条例,False,(匹配)未年检登记,,未年检登记
《企业信息公示暂行条例》第八条,企业信息公示,企业信息公示暂行条例,False,(匹配)未年检登记,,未年检登记
《企业信息公示暂行条例》第八条,企业信息公示,企业信息公示暂行条例,False,(匹配)未年检登记,,未年检登记
《企业信息公示暂行条例》第八条,企业信息公示,企业信息公示暂行条例,False,(匹配)未年检登记,,未年检登记
《企业信息公示暂行条例》第十七条第一款,企业信息公示,企业信息公示暂行条例,False,(匹配)未年检登记,,未年检登记
《企业信息公示暂行条例》第十七条第一款,企业信息公示,企业信息公示暂行条例,False,(匹配)未年检登记,,未年检登记
《企业信息公示暂行条例》第八条,企业信息公示,企业信息公示暂行条例,False,(匹配)未年检登记,,未年检登记
《企业信息公示暂行条例》第十七条第一款第（一）项,企业信息公示,企业信息公示暂行条例,False,(匹配)未年检登记,,未年检登记
《企业信息公示暂行条例》第八条,企业信息公示,企业信息公示暂行条例,False,(匹配)未年检登记,,未年检登记
《企业信息公示暂行条例》第七条第一款,企业信息公示,企业信息公示暂行条例,False,(匹配)未年检登记,,未年检登记
《企业信息公示暂行条例》第十七条第一款第（一）项,企业信息公示,企业信息公示暂行条例,False,(匹配)未年检登记,,未年检登记
《企业信息公示暂行条例》第八条第一款,企业信息公示,企业信息公示暂行条例,False,(匹配)未年检登记,,未年检登记
《企业信息公示暂行条例》第八条,企业信息公示,ai,False,(匹配)未年检登记,,未年检登记
《资产负债表》,会计/账务,资产负债表,False,(匹配)财税与金融监管,,会计/账务
《住房公积金管理条例》第十四条,住房公积金管理,ai,True,(匹配)*住房公积金管理*,针对住房公积金缴存管理规定。,*住房公积金管理*
《商标印制管理办法》第七条第二款,侵犯商标/知识产权,商标,False,,,侵犯商标/知识产权
《商标法实施条例》第五十二条,侵犯商标/知识产权,商标,False,,,侵犯商标/知识产权
《奥林匹克标志保护条例》第五条,侵犯商标/知识产权,标志,False,,,侵犯商标/知识产权
《奥林匹克标志保护条例》第十条第一款,侵犯商标/知识产权,标志,False,,,侵犯商标/知识产权
《奥林匹克标志保护条例》第四条第二款,侵犯商标/知识产权,标志,False,,,侵犯商标/知识产权
《商标印制管理办法》第十一条,侵犯商标/知识产权,商标,False,,,侵犯商标/知识产权
《商标印制管理办法》第八条、第九条,侵犯商标/知识产权,商标,False,,,侵犯商标/知识产权
《商标法》第五十三条,侵犯商标/知识产权,商标,False,,,侵犯商标/知识产权
《商标法》第六十条,侵犯商标/知识产权,商标,False,,,侵犯商标/知识产权
《商标法》第五十三条,侵犯商标/知识产权,商标,False,,,侵犯商标/知识产权
《商标法》第五十三条,侵犯商标/知识产权,商标,False,,,侵犯商标/知识产权
《中华人民共和国商标法》第五十二条第一款第（二）项,侵犯商标/知识产权,商标,False,,,侵犯商标/知识产权
《中华人民共和国商标法实施条例》第52条,侵犯商标/知识产权,商标,False,,,侵犯商标/知识产权
《中华人民共和国商标法》第四十八条第（一）项,侵犯商标/知识产权,商标,False,,,侵犯商标/知识产权
《中华人民共和国商标法》第五十三条,侵犯商标/知识产权,商标,False,,,侵犯商标/知识产权
《中华人民共和国商标法》第五十三条,侵犯商标/知识产权,商标,False,,,侵犯商标/知识产权
《中华人民共和国商标法》第五十三条,侵犯商标/知识产权,商标,False,,,侵犯商标/知识产权
《中华人民共和国商标法》第五十二条,侵犯商标/知识产权,商标,False,,,侵犯商标/知识产权
《中华人民共和国商标法》第五十三条,侵犯商标/知识产权,商标,False,,,侵犯商标/知识产权
《中华人民共和国商标法实施条例》第七十六条,侵犯商标/知识产权,商标,False,,,侵犯商标/知识产权
《中华人民共和国商标法实施条例》第七十八条,侵犯商标/知识产权,商标,False,,,侵犯商标/知识产权
《中华人民共和国商标法》第五十三条,侵犯商标/知识产权,商标,False,,,侵犯商标/知识产权
《中华人民共和国商标法实施条例》第七十六条,侵犯商标/知识产权,商标,False,,,侵犯商标/知识产权
《中华人民共和国商标法》第四十八条第（一）项,侵犯商标/知识产权,商标,False,,,侵犯商标/知识产权
《中华人民共和国商标法》第五十二条第二项,侵犯商标/知识产权,商标,False,,,侵犯商标/知识产权
《中华人民共和国商标法》第五十二条第（二）项,侵犯商标/知识产权,商标,False,,,侵犯商标/知识产权
《中华人民共和国商标法》第六十条,侵犯商标/知识产权,商标,False,,,侵犯商标/知识产权
《中华人民共和国商标法》第六十条,侵犯商标/知识产权,商标,False,,,侵犯商标/知识产权
《中华人民共和国商标法》第六十条,侵犯商标/知识产权,商标,False,,,侵犯商标/知识产权
《中华人民共和国商标法》第五十二条第五项,侵犯商标/知识产权,商标,False,,,侵犯商标/知识产权
《中华人民共和国商标法》第五十二条第（一）项,侵犯商标/知识产权,商标,False,,,侵犯商标/知识产权
《中华人民共和国商标法》第四十八条第（一）项,侵犯商标/知识产权,商标,False,,,侵犯商标/知识产权
《中华人民共和国商标法》第四十八条第一款,侵犯商标/知识产权,商标,False,,,侵犯商标/知识产权
《中华人民共和国商标法》第四十八条,侵犯商标/知识产权,商标,False,,,侵犯商标/知识产权
《中华人民共和国商标法》第六十条第二款,侵犯商标/知识产权,商标,False,,,侵犯商标/知识产权
《中华人民共和国商标法》第六十条第二款,侵犯商标/知识产权,商标,False,,,侵犯商标/知识产权
《中华人民共和国商标法》第六十条第二款,侵犯商标/知识产权,商标,False,,,侵犯商标/知识产权
《商标印制管理办法》,侵犯商标/知识产权,商标,False,,,侵犯商标/知识产权
《中华人民共和国商标法》第五十七条第（二）项,侵犯商标/知识产权,商标,False,,,侵犯商标/知识产权
《中华人民共和国商标法》第52条第1项,侵犯商标/知识产权,商标,False,,,侵犯商标/知识产权
《中华人民共和国商标法》第52条第2项,侵犯商标/知识产权,商标,False,,,侵犯商标/知识产权
《中华人民共和国商标法》第53条,侵犯商标/知识产权,商标,False,,,侵犯商标/知识产权
《中华人民共和国商标法》第53条,侵犯商标/知识产权,商标,False,,,侵犯商标/知识产权
《中华人民共和国商标法》第53条,侵犯商标/知识产权,商标,False,,,侵犯商标/知识产权
《中华人民共和国商标法》第九条第二款,侵犯商标/知识产权,商标,False,,,侵犯商标/知识产权
《中华人民共和国商标法》第五十七条,侵犯商标/知识产权,商标,False,,,侵犯商标/知识产权
《中华人民共和国商标法实施条例》第五十条第（二）项,侵犯商标/知识产权,商标,False,,,侵犯商标/知识产权
《中华人民共和国商标法》第五十七条第一款第三项,侵犯商标/知识产权,商标,False,,,侵犯商标/知识产权
《中华人民共和国商标法》第五十七条第一款第（一）项,侵犯商标/知识产权,商标,False,,,侵犯商标/知识产权
《中华人民共和国商标法实施条例》第五十二条,侵犯商标/知识产权,商标,False,,,侵犯商标/知识产权
《中华人民共和国商标法》第五十七条第一款第（二）项,侵犯商标/知识产权,商标,False,,,侵犯商标/知识产权
《授权委托书》,侵犯商标/知识产权,授权,False,,,侵犯商标/知识产权
《中华人民共和国商标法实施条例》第五十二条,侵犯商标/知识产权,商标,False,,,侵犯商标/知识产权
《中华人民共和国商标法》第五十二条第（五）项,侵犯商标/知识产权,商标,False,,,侵犯商标/知识产权
《中华人民共和国商标法》第六十条第二款,侵犯商标/知识产权,商标,False,,,侵犯商标/知识产权
《商标印制管理办法》第十一条,侵犯商标/知识产权,ai,False,,,侵犯商标/知识产权
《商标印制管理办法》第九条,侵犯商标/知识产权,ai,False,,,侵犯商标/知识产权
《商标印制管理办法》第七条、第八条、第九条及第十条,侵犯商标/知识产权,ai,False,,,侵犯商标/知识产权
《中华人民共和国商标法》第五十七条第(一)项,侵犯商标/知识产权,ai,False,,,侵犯商标/知识产权
《商标法》第五十二条（1）项,侵犯商标/知识产权,ai,False,,,侵犯商标/知识产权
《安全标志及其使用导则》,侵犯商标/知识产权||安全生产,标志||安全,False,,,侵犯商标/知识产权||安全生产
《安全标志及其使用导则》,侵犯商标/知识产权||安全生产,标志||安全,False,,,侵犯商标/知识产权||安全生产
《中华人民共和国人民防空法》第四十八条,公共安全与社会治理,ai,True,(匹配)*人民防空工程管理*,人民防空法属人防工程领域。,*人民防空工程管理*
《中华人民共和国人民防空法》第四十九条第一款第二项,公共安全与社会治理,ai,True,(匹配)*人防工程管理*,人民防空法规范人防工程使用管理。,*人防工程管理*
《中华人民共和国人民防空法》第四十九条第(三)项,公共安全与社会治理,ai,True,(匹配)建设工程与房地产,人防工程建设管理相关违法。,建设工程
《中华人民共和国人民防空法》第二十三条第一款,公共安全与社会治理,ai,True,(匹配)*人民防空设施*,依据人防设施管理义务规定。,*人民防空设施*
《中华人民共和国人民防空法》第二十七条,公共安全与社会治理,ai,True,(匹配)*人民防空管理*,适用《人民防空法》第二十七条情形。,*人民防空管理*
《中华人民共和国人民防空法》第九条,公共安全与社会治理,ai,True,(匹配)*人民防空管理*,适用《人民防空法》专门管理规范。,*人民防空管理*
《中华人民共和国人民防空法》第二十二条,公共安全与社会治理,ai,True,(匹配)*人民防空管理*,适用《人民防空法》第二十二条情形。,*人民防空管理*
《机动车修理业、报废机动车回收业治安管理办法》第十四条之规定,公共安全与社会治理,ai,True,(匹配)治安管理,依据行业治安管理办法条款规定。,治安管理
《中华人民共和国人民防空法》第四十九条第三项,公共安全与社会治理,ai,True,(匹配)建筑使用安全,《人民防空法》规范人防工程使用。,建筑使用安全
《浙江省游泳场所管理办法》第二十条第（一）项,公共安全与社会治理,ai,True,(匹配)*游泳场所管理*,针对游泳场所设置与管理行为。,*游泳场所管理*
《浙江省游泳场所管理办法》第六条第（一）项,公共安全与社会治理,ai,True,(匹配)卫生健康,游泳场所卫生管理规范，属公共卫生。,医疗卫生
《机动车修理业、报废机动车回收业治安管理办法》第十四条,公共安全与社会治理,ai,True,(匹配)治安管理,依据治安管理办法条款内容归类。,治安管理
《浙江省游泳场所管理办法》第二十条第（一）项,公共安全与社会治理,ai,True,(匹配)卫生健康,游泳场所卫生安全管理规范。,医疗卫生
《印刷业管理条例》第三十九条第一款第（一）项,公共文化与传媒,印刷,False,(匹配)市场秩序与竞争监管,,虚假广告/虚假宣传
《印刷业管理条例》第四十一条第一款第一项,公共文化与传媒,印刷,False,(匹配)市场秩序与竞争监管,,虚假广告/虚假宣传
《印刷业管理条例》第五条第一款,公共文化与传媒,印刷,False,(匹配)市场秩序与竞争监管,,虚假广告/虚假宣传
《印刷业管理条例》第十二条第二款,公共文化与传媒,印刷,False,(匹配)市场秩序与竞争监管,,虚假广告/虚假宣传
《印刷业管理条例》第十二条第二款,公共文化与传媒,印刷,False,(匹配)市场秩序与竞争监管,,虚假广告/虚假宣传
《协议书》,其他,ai,True,<泛类型>,仅有“协议书”字样，无法判断。,其他违法行为
《公司法》第二百一十二条第二款,其他,ai,True,<泛类型>,仅给出条款序号无法判断具体内容。,其他违法行为
《关于查处利用合同进行的违法行为的暂行规定》第八条,其他,ai,True,<泛类型>,仅引用暂行规定第八条，信息不足。,其他违法行为
《办法》第十四条,其他,ai,True,<泛类型>,仅给出条号，无条文内容无法判断。,其他违法行为
《山东省市场监督管理局行政处罚裁量基准(试行)》第二百九十条,其他,ai,True,<泛类型>,仅给出条款序号，无具体内容。,其他违法行为
《当事人送达地址确认书》,其他,ai,True,<泛类型>,仅为送达地址确认，无具体违法事实。,其他违法行为
《成都市规范行政执法自由裁量权实施办法》第十二条,其他,ai,True,<泛类型>,仅给出实施办法条文，无法细化。,其他违法行为
《图像证明材料》,其他,ai,True,<泛类型>,仅有“图像证明材料”，无法判断具体类型。,其他违法行为
《合同违法行为监督处理办法》第十二条,其他,ai,True,<泛类型>,仅给出条文序号，无法判断内容。,其他违法行为
《中华人民共和国行政处罚法》第三十二条第（一）项,其他,ai,True,<泛类型>,仅援引行罚法条款，无法细分。,其他违法行为
《中华人民共和国行政处罚法》第三十二条第（一）项,其他,ai,True,<泛类型>,条文内容即为不予行政处罚情形。,不予处罚
《中华人民共和国行政处罚法》第三十二条第（一）项,其他,ai,True,<泛类型>,该条款本身规定可以不予处罚。,不予处罚
《中华人民共和国行政处罚法》第三十二条第五项,其他,ai,True,<泛类型>,该条规定情节轻微依法可不罚。,不予处罚
《中华人民共和国行政处罚法》第三十二条第一项,其他,ai,True,<泛类型>,第三十二条第一项规定情节轻微可不罚。,不予处罚
《中华人民共和国行政处罚法》第三十二条第一款第（一）项,其他,ai,True,<泛类型>,该条款系行政处罚法总则，不涉具体违法行为。,不予处罚
《中华人民共和国行政处罚法》第三十二条第一款第一项,其他,ai,True,<泛类型>,该条规定情节轻微依法可不予处罚。,不予处罚
《中华人民共和国行政处罚法》第三十二条第一款第(一)项,其他,ai,True,<泛类型>,该条系行政处罚法总则规定，不指向具体领域。,不予处罚
《中华人民共和国行政处罚法》第二十七条,其他,ai,True,<泛类型>,该条规定情节轻微可不予处罚。,不予处罚
《中华人民共和国行政处罚法》第二十七条,其他,ai,True,<泛类型>,仅引用行政处罚法条文，无法细分。,其他违法行为
《中华人民共和国行政处罚法》第二十七条,其他,ai,True,<泛类型>,仅给出条号，无具体案情与领域。,其他违法行为
《中华人民共和国行政处罚法》第二十七条,其他,ai,True,<泛类型>,仅给出条号，无具体行为内容。,其他违法行为
《中华人民共和国行政处罚法》第三十六条,其他,ai,True,<泛类型>,仅给出条号无内容，无法细分。,其他违法行为
《中华人民共和国行政处罚法》第三十八条第一款第（一）项,其他,ai,True,<泛类型>,该条款本身是处罚例外情形规定。,不予处罚
《中华人民共和国行政处罚法》第三十一条和第三十二条,其他,ai,True,<泛类型>,仅为程序性规定，未涉具体领域。,其他违法行为
《中华人民共和国行政处罚法》第三十一条,其他,ai,True,<泛类型>,仅提及行政处罚法条款，信息不足。,其他违法行为
《中华人民共和国行政处罚法》第三十一条、第三十二条,其他,ai,True,<泛类型>,仅给出程序法条，无法细分归类。,其他违法行为
《中华人民共和国行政处罚法》第三十一条,其他,ai,True,<泛类型>,仅给出行政处罚法条款编号，信息不足。,其他违法行为
《中华人民共和国行政处罚法》第三十一条,其他,ai,True,<泛类型>,仅给出条号无内容，无法细分。,其他违法行为
《中华人民共和国行政处罚法》第三十一条,其他,ai,True,<泛类型>,条文规定不予或减免处罚情形。,不予处罚
《中华人民共和国行政处罚法》第三十七条第一款,其他,ai,True,<泛类型>,《行政处罚法》条文本身非具体违法行为。,不予处罚
《中华人民共和国行政处罚法》第三十二条第(一)项,其他,ai,True,<泛类型>,仅援引行政处罚法条款，无具体违法情节。,不予处罚
《中华人民共和国行政处罚法》第三十二条第(一)项,其他,ai,True,<泛类型>,该条款本身属一般性程序规定。,不予处罚
《中华人民共和国行政处罚法》第三十二条第(一)项,其他,ai,True,<泛类型>,该条规定情节轻微可不予处罚。,不予处罚
《中华人民共和国行政处罚法》第三十二条,其他,ai,True,<泛类型>,仅提及行政处罚法条款，无法细分。,其他违法行为
《中华人民共和国行政处罚法》第三十二条,其他,ai,True,<泛类型>,仅见减轻处罚条款，无法确定领域。,其他违法行为
《中华人民共和国行政处罚法》第三十二条,其他,ai,True,<泛类型>,仅引述行政处罚法条款，无法细分。,其他违法行为
《中华人民共和国行政处罚法》第三十二条,其他,ai,True,<泛类型>,仅给出条号无内容，无法细分。,其他违法行为
《中华人民共和国行政处罚法》第三十二条,其他,ai,True,<泛类型>,仅给出条文序号，无法判断具体类型。,其他违法行为
《中华人民共和国行政处罚法》第三十三条,其他,ai,True,<泛类型>,仅给出条号，无具体行为内容。,其他违法行为
《中华人民共和国行政处罚法》第三十三条,其他,ai,True,<泛类型>,仅给出条号无具体内容，无法细分。,其他违法行为
《中华人民共和国行政处罚法》第二十七条第(四)项,其他,ai,True,<泛类型>,“情节轻微并及时纠正不予处罚”规定。,不予处罚
《中华人民共和国行政处罚法》第二十三条、第二十七条,其他,ai,True,<泛类型>,仅见程序法条款，无法对应具体领域。,其他违法行为
《中华人民共和国行政处罚法》第二十三条,其他,ai,True,<泛类型>,仅见行政处罚法条款，无法细分情形。,其他违法行为
《中华人民共和国行政处罚法》第二十三条,其他,ai,True,<泛类型>,仅给出法条序号，无法判断具体领域。,其他违法行为
《中华人民共和国行政处罚法》第二十三条,其他,ai,True,<泛类型>,仅给出条号无具体内容，无法细分。,其他违法行为
《中华人民共和国行政处罚法》第二十七条,其他,ai,True,<泛类型>,仅指行政处罚法条款，信息过少。,其他违法行为
《中华人民共和国行政处罚法》第二十七条第四款,其他,ai,True,<泛类型>,该条款规定情节轻微可不予处罚。,不予处罚
《中华人民共和国行政处罚法》第二十七条第二款,其他,ai,True,<泛类型>,条款规定情节轻微可不予处罚。,不予处罚
《中华人民共和国行政处罚法》第二十三条、第二十七条第一款第（一）项,其他,ai,True,<泛类型>,仅列行政处罚法条款，无法细分。,其他违法行为
《中华人民共和国行政处罚法》第二十三条、第二十七条第一款第（四）项,其他,ai,True,<泛类型>,仅提及行政处罚法条款，无法细分。,其他违法行为
《中华人民共和国行政处罚法》第二十八条,其他,ai,True,<泛类型>,仅给出条号，无具体行为内容。,其他违法行为
《中华人民共和国行政处罚法》第二十九条,其他,ai,True,<泛类型>,仅援引行政处罚法，无法细分领域。,其他违法行为
《中华人民共和国行政处罚法》第二十九条,其他,ai,True,<泛类型>,仅给出条号无法判断具体类型】,其他违法行为
《中华人民共和国行政处罚法》第二十三条,其他,ai,True,<泛类型>,仅引用行政处罚法条款，无法细化。,其他违法行为
《中华人民共和国行政处罚法》第二十三条,其他,ai,True,<泛类型>,仅引用行政处罚法条款，无法细化。,其他违法行为
《中华人民共和国行政处罚法》第二十三条的规定,其他,ai,True,<泛类型>,仅引用行处罚法条款，无法细分。,其他违法行为
《中华人民共和国行政处罚法》第二十三条的规定,其他,ai,True,<泛类型>,仅提及行政处罚法条款，无法细化。,其他违法行为
《中华人民共和国行政处罚法》第二十三条的规定,其他,ai,True,<泛类型>,《行政处罚法》为程序性通用法，难细分。,其他违法行为
《中华人民共和国行政处罚法》第二十三条,其他,ai,True,<泛类型>,仅提及行政处罚法条文，缺具体案情。,其他违法行为
《中华人民共和国行政处罚法》第二十三条,其他,ai,True,<泛类型>,仅提及行政处罚法第二十三条，信息不足。,其他违法行为
《中华人民共和国行政处罚法》第二十三条、第二十七条第一款第（四）项,其他,ai,True,<泛类型>,仅援引行政处罚法，无法细化判断。,其他违法行为
《中华人民共和国行政处罚法》第二十七条第(四)项,其他,ai,True,<泛类型>,该条款为不予处罚情形规定。,不予处罚
《中华人民共和国行政处罚法》第二十七条第一款第(四)项,其他,ai,True,<泛类型>,仅见处罚法条，未涉具体领域。,其他违法行为
《中华人民共和国行政处罚法》第二十七条第一款第(四)项,其他,ai,True,<泛类型>,《行罚法》27条1款4项为免罚情形。,不予处罚
《中华人民共和国行政处罚法》第二十七条第一款第(四)项,其他,ai,True,<泛类型>,该款规定应不予行政处罚情形。,不予处罚
《中华人民共和国行政处罚法》第二十七条第一款第(三)项,其他,ai,True,<泛类型>,该条款系情节轻微可不予处罚规定。,不予处罚
《中华人民共和国行政处罚法》第二十七条第一款第(一)项,其他,ai,True,<泛类型>,仅提及行政处罚法条款，无具体违法情节。,不予处罚
《中华人民共和国行政处罚法》第二十七条第一款第(一)项,其他,ai,True,<泛类型>,该条款为免罚情形规定。,不予处罚
《中华人民共和国行政处罚法》第二十七条第一款第(一)项,其他,ai,True,<泛类型>,该条款系免责情形规定。,不予处罚
《中华人民共和国行政处罚法》第二十七条第一款,其他,ai,True,<泛类型>,仅提及从轻处罚条款，无法细分领域。,其他违法行为
《中华人民共和国行政处罚法》第二十七条第一款,其他,ai,True,<泛类型>,仅引用行政处罚法条款，无法细化。,其他违法行为
《中华人民共和国行政处罚法》第二十七条第一款第(一)项,其他,ai,True,<泛类型>,仅为处罚裁量条款本身，无法细分。,其他违法行为
《中华人民共和国行政处罚法》第二十七条第一款第四项,其他,ai,True,<泛类型>,该条款规定情节轻微应不予处罚。,不予处罚
《中华人民共和国行政处罚法》第二十七条第一款（三）项,其他,ai,True,<泛类型>,该款规定情节轻微依法可以不罚。,不予处罚
《中华人民共和国行政处罚法》第二十七条第一款（一）项,其他,ai,True,<泛类型>,该条款规定情节轻微可不予处罚。,不予处罚
《中华人民共和国行政处罚法》第二十七条第一款第（四）项,其他,ai,True,<泛类型>,该款规定情节轻微，可不予处罚。,不予处罚
《中华人民共和国行政处罚法》第二十七条第一款第（四）项,其他,ai,True,<泛类型>,该条款系免罚情形规定。,不予处罚
《中华人民共和国行政处罚法》第二十七条第一款第（三）项,其他,ai,True,<泛类型>,该款第三项规定可以不予处罚。,不予处罚
《中华人民共和国行政处罚法》第二十七条第一款第（一）项,其他,ai,True,<泛类型>,仅引述行政处罚法条款本身，无法构成具体违法行为。,不予处罚
《中华人民共和国行政处罚法》第二十七条第一款第（一）项,其他,ai,True,<泛类型>,仅提及行罚法条款，无法细分分类。,其他违法行为
《中华人民共和国行政处罚法》第二十七条第一款第（一）项,其他,ai,True,<泛类型>,仅为减轻处罚通则，无法细分行业。,其他违法行为
《中华人民共和国行政处罚法》第二十七条第一款第（一）项,其他,ai,True,<泛类型>,仅为处罚裁量条款，无法对应具体领域。,其他违法行为
《中华人民共和国行政处罚法》第二十七条第一款第（一）项,其他,ai,True,<泛类型>,《行处罚法》27条一款一项即不予处罚条件。,不予处罚
《中华人民共和国行政处罚法》第二十七条第一款第（一）项,其他,ai,True,<泛类型>,仅见程序法条款，无法对应具体领域。,其他违法行为
《中华人民共和国行政处罚法》第二十七条第一款第（一）项,其他,ai,True,<泛类型>,该款规定情节轻微依法可不予处罚。,不予处罚
《中华人民共和国行政处罚法》第二十七条第一项,其他,ai,True,<泛类型>,第二十七条第一项规定情节轻微可不罚。,不予处罚
《中华人民共和国行政处罚法》,其他,ai,True,<泛类型>,仅提及行政处罚法本身，无法细分。,其他违法行为
《中华人民共和国行政处罚法》第七十二条第一款第一项,其他,ai,True,<泛类型>,仅提及行政处罚法条款，信息不足。,其他违法行为
《中华人民共和国行政处罚法》第七十二条第一款第一项,其他,ai,True,<泛类型>,该条款系行政处罚法中不予处罚情形。,不予处罚
《中华人民共和国行政处罚法》第七十二条第一款第(一)项,其他,ai,True,<泛类型>,该条款系一般规定，未涉具体领域。,不予处罚
《中华人民共和国行政处罚法》第七十二条第(一)项,其他,ai,True,<泛类型>,仅援引程序性条款，无法细分。,其他违法行为
《中华人民共和国公司法》第二百一十一条,其他,ai,True,<泛类型>,仅给出条文编号，无法判断内容。,其他违法行为
《中华人民共和国公司法》,其他,ai,True,<泛类型>,仅给出条文序号，无法判断内容。,其他违法行为
《中华人民共和国公司法》第七条第三款,其他,ai,True,<泛类型>,仅引用公司法条款，无法细分。,其他违法行为
《中华人民共和国公司法》第211条,其他,ai,True,<泛类型>,仅给出条号，无具体条文内容。,其他违法行为
《中华人民共和国行政处罚法》第二十八条,其他,ai,True,<泛类型>,仅引用行政处罚法条款，信息不足。,其他违法行为
《中华人民共和国公司法》第二百一十一条,其他,ai,True,<泛类型>,仅引用公司法条文，信息不足。,其他违法行为
《中华人民共和国公司法》第二百一十一条,其他,ai,True,<泛类型>,仅提及公司法条款，缺乏案情细节。,其他违法行为
《中华人民共和国公司法》第十四条第一款,其他,ai,True,<泛类型>,《公司法》第十四条仅属基本规定，无法判定具体违法类型。,不予处罚
《中华人民共和国公司法》第十四条,其他,ai,True,<泛类型>,仅提及公司法条款，缺具体情节。,其他违法行为
《中华人民共和国公司法》第十二条,其他,ai,True,<泛类型>,仅引用公司法条文，无具体违法行为描述。,不予处罚
《中华人民共和国公司法》第二百一十二条,其他,ai,True,<泛类型>,仅引用公司法条文条次，内容不明。,其他违法行为
《中华人民共和国公司法》第二百一十二条,其他,ai,True,<泛类型>,仅给出条号无具体违法内容描述。,其他违法行为
《中华人民共和国公司法》第二百一十一条,其他,ai,True,<泛类型>,仅引用公司法条文，缺乏案情细节。,其他违法行为
《中华人民共和国公司法》第二百一十一条第一款,其他,ai,True,<泛类型>,仅引公司法条款，无具体行为描述。,其他违法行为
《中华人民共和国公司法》第二百一十一条第一款,其他,ai,True,<泛类型>,仅引用公司法条款，无具体情节。,其他违法行为
《中华人民共和国公司法》第二百一十一条,其他,ai,True,<泛类型>,仅引用公司法条款，无法细分类型。,其他违法行为
《公司法》第二百一十一条,其他,ai,True,<泛类型>,仅提到公司法条文，无法细分。,其他违法行为
《中华人民共和国行政处罚法》第二十八条,其他,ai,True,<泛类型>,仅提及行政处罚法条款，无法细分。,其他违法行为
《临沂市城市管理局行政处罚裁量基准》,其他,ai,True,<泛类型>,仅出现总则名称，无法具体判断。,其他违法行为
《公司法》第二百一十一条,其他,ai,True,<泛类型>,仅引述公司法条文条号，信息不足。,其他违法行为
《公司法》第二百一十一条,其他,ai,True,<泛类型>,仅给出条文编号，无法判断内容。,其他违法行为
《中华人民共和国行政处罚法》第五十一条第（一）、（三）项,其他,ai,True,<泛类型>,该条规定情节轻微可不予处罚。,不予处罚
《中华人民共和国行政处罚法》第五十一条第一项,其他,ai,True,<泛类型>,该条款系行政处罚法中关于不予处罚情形。,不予处罚
《中华人民共和国行政处罚法》第五十一条第一款第（一）项、第（三）项,其他,ai,True,<泛类型>,仅为程序性条款，无具体违法内容。,不予处罚
《中华人民共和国行政处罚法》第五十一条第一款第(一)项,其他,ai,True,<泛类型>,条款内容系规定不予处罚情形。,不予处罚
《中华人民共和国行政处罚法》第五十一条第一项,其他,ai,True,<泛类型>,第五十一条第一项规定情节轻微不处罚。,不予处罚
《中华人民共和国行政处罚法》第五十一条第（一）项,其他,ai,True,<泛类型>,该条款本身规定免予处罚情形。,不予处罚
《中华人民共和国行政处罚法》第五十一条第（三）项,其他,ai,True,<泛类型>,第五十一条第三项规定违法情节轻微不予处罚。,不予处罚
《中华人民共和国行政处罚法》第五十一条第（一）项,其他,ai,True,<泛类型>,依据行罚法第五十一条第一项免责。,不予处罚
《中华人民共和国行政处罚法》第五十一条第（一）项,其他,ai,True,<泛类型>,仅涉罚款逾期未缴属一般性违法。,其他违法行为
《中华人民共和国行政处罚法》第五十一条第（一）项,其他,ai,True,<泛类型>,第五十一条第一项系情节轻微不罚规定。,不予处罚
《中华人民共和国行政处罚法》第五十一条第（一）项,其他,ai,True,<泛类型>,仅涉到期未缴纳罚款情形。,其他违法行为
《中华人民共和国行政处罚法》第二十四条,其他,ai,True,<泛类型>,仅给出条文序号，无具体内容。,其他违法行为
《中华人民共和国行政处罚法》第二十四条,其他,ai,True,<泛类型>,仅指行政处罚法条款，无法细分。,其他违法行为
《中华人民共和国行政处罚法》第二十八条第二款,其他,ai,True,<泛类型>,该条第二款核心即为不予处罚情形。,不予处罚
《中华人民共和国行政处罚法》第二十八条第二款,其他,ai,True,<泛类型>,条文规定情节轻微可不予处罚。,不予处罚
《中华人民共和国行政处罚法》第二十八条第二款,其他,ai,True,<泛类型>,《行处罚法》28条2款即从轻免罚情形。,不予处罚
《中华人民共和国行政处罚法》第二十八条第一款,其他,ai,True,<泛类型>,仅引行政处罚法条款，无具体违法行为。,不予处罚
《中华人民共和国行政处罚法》第二十八条第一款,其他,ai,True,<泛类型>,第二十八条规定情节轻微可不予处罚。,不予处罚
《中华人民共和国行政处罚法》第二十八条第一款,其他,ai,True,<泛类型>,第二十八条第一款规定可不予处罚。,不予处罚
《中华人民共和国行政处罚法》第二十八条,其他,ai,True,<泛类型>,仅提及行政处罚法条款，无法细化。,其他违法行为
《中华人民共和国行政处罚法》第二十八条,其他,ai,True,<泛类型>,仅引述《行政处罚法》，无具体案情。,其他违法行为
《中华人民共和国行政处罚法》第二十八条第一款,其他,ai,True,<泛类型>,仅引用行政处罚法，无具体情节。,其他违法行为
《中华人民共和国行政处罚法》第二十条,其他,ai,True,<泛类型>,仅提及行政处罚法，无具体事项。,其他违法行为
《中华人民共和国行政处罚法》第五十一条,其他,ai,True,<泛类型>,仅给出条号无内容，无法细分。,其他违法行为
《中华人民共和国行政处罚法》第五十一条第(一)项的规定,其他,ai,True,<泛类型>,仅引用行政处罚法程序性条款，无法细化。,其他违法行为
《中华人民共和国行政处罚法》第五十一条第(一)项,其他,ai,True,<泛类型>,仅提及行罚法条款，无法细分。,其他违法行为
《中华人民共和国行政处罚法》第五十一条第(一)项,其他,ai,True,<泛类型>,仅引用行政处罚法条款，无法细分。,其他违法行为
《中华人民共和国行政处罚法》第五十一条第(一)项,其他,ai,True,<泛类型>,该条是“可以不予处罚”情形规定。,不予处罚
《中华人民共和国行政处罚法》第五十一条第(一)项,其他,ai,True,<泛类型>,该条款内容为空，无法对应具体违法行为。,不予处罚
《中华人民共和国行政处罚法》第五十一条,其他,ai,True,<泛类型>,仅给出条号，无具体行为内容。,其他违法行为
《中华人民共和国行政处罚法》第五十一条,其他,ai,True,<泛类型>,仅引用行政处罚法条款，无法细化。,其他违法行为
《中华人民共和国行政处罚法》第五十一条,其他,ai,True,<泛类型>,该条款本身为不予处罚情形规定。,不予处罚
《中华人民共和国行政处罚法》第五条,其他,ai,True,<泛类型>,仅给出条号，无具体案情内容。,其他违法行为
《中华人民共和国行政处罚法》第五条、第六条,其他,ai,True,<泛类型>,仅引用行政处罚通则条款，无法细分。,其他违法行为
《中华人民共和国行政强制法》第四十五条第二款之规定,其他,ai,True,<泛类型>,仅指行政强制程序条款，无法细分。,其他违法行为
《中华人民共和国行政强制法》第四十五条的规定,其他,ai,True,<泛类型>,仅提及行政强制法条款，无法细分。,其他违法行为
《中华人民共和国行政强制法》第四十五条,其他,ai,True,<泛类型>,仅给出条文序号，无法判断具体类型。,其他违法行为
《中华人民共和国行政处罚法》第四条,其他,ai,True,<泛类型>,仅见程序性条款，无法细分类型。,其他违法行为
《中华人民共和国行政处罚法》第六十七条第三款、第七十二条第一款第一项,其他,ai,True,<泛类型>,仅见行政处罚程序条款，无法细分。,其他违法行为
《中华人民共和国行政处罚法》第六十七条,其他,ai,True,<泛类型>,仅知为行政处罚法条款，无法细分。,其他违法行为
《中华人民共和国行政处罚法》第五条第二款、第六条,其他,ai,True,<泛类型>,仅提及行政处罚法条款，信息不足。,其他违法行为
《中华人民共和国行政处罚法》第五条第二款、第三十二条第（五）项,其他,ai,True,<泛类型>,条文核心为情节轻微不予处罚。,不予处罚
《中华人民共和国行政处罚法》第五条第二款,其他,ai,True,<泛类型>,仅给出原则性条款，无法对应具体领域。,其他违法行为
《中华人民共和国行政处罚法》第五条第二款,其他,ai,True,<泛类型>,仅引述处罚法原则条款，无具体违法行为。,不予处罚
《中华人民共和国行政处罚法》第六十三条、第六十四条,其他,ai,True,<泛类型>,《行政处罚法》第六十三条规定不予处罚情形。,不予处罚
《中华人民共和国行政处罚法》第四十四条、第四十五条,其他,ai,True,<泛类型>,仅提及行政处罚法条款，信息不足。,其他违法行为
《中华人民共和国行政处罚法》第四十四条、第四十五条,其他,ai,True,<泛类型>,仅引用程序性条款，无法细分类型。,其他违法行为
《中华人民共和国行政处罚法》第四十六条第三款和第五十一条第（一）项,其他,ai,True,<泛类型>,仅援引《行政处罚法》程序性条款，无法对应具体领域。,其他违法行为
《中华人民共和国行政处罚法》第四十二条,其他,ai,True,<泛类型>,仅给出条号无法判断具体领域。,其他违法行为
《中华人民共和国行政处罚法》第十五条,其他,ai,True,<泛类型>,仅给出条号，无具体行为内容。,其他违法行为
《调查询问笔录》,其他,ai,True,<泛类型>,未提供具体条文内容，无法判断。,其他违法行为
《行政处罚法》第二十七条的规定,其他,ai,True,<泛类型>,依据第二十七条系免予处罚情形。,不予处罚
《行政处罚法》第二十七条,其他,ai,True,<泛类型>,仅提及《行政处罚法》，无具体情节。,其他违法行为
《行政处罚法》第二十七条,其他,ai,True,<泛类型>,仅提及程序性条款，无法细分。,其他违法行为
《行政处罚法》第二十七条,其他,ai,True,<泛类型>,仅给出条款序号，无法判断具体内容。,其他违法行为
《行政处罚法》第二十七条,其他,ai,True,<泛类型>,仅给出条号，无具体行为内容。,其他违法行为
《行政处罚法》第三十二条,其他,ai,True,<泛类型>,仅给出条文序号，无法判断具体类型。,其他违法行为
《行政处罚法》第三十三条,其他,ai,True,<泛类型>,仅给出条号无具体行为内容。,其他违法行为
《行政处罚法》第五十一条第（一）项,其他,ai,True,<泛类型>,该条款是关于不予行政处罚情形。,不予处罚
《行政处罚法》第二十三条,其他,ai,True,<泛类型>,仅给出条款序号，无法判断具体类型。,其他违法行为
《行政处罚法》第二十三条,其他,ai,True,<泛类型>,仅给出条号无法判断具体领域。,其他违法行为
《行政处罚法》第二十三条,其他,ai,True,<泛类型>,仅提条号无具体内容，无法细分。,其他违法行为
《行政处罚法》第二十七条第二款,其他,ai,True,<泛类型>,该条款规定情节轻微可不予处罚。,不予处罚
《行政处罚法》第51条,其他,ai,True,<泛类型>,《行政处罚法》第51条为免罚条款。,不予处罚
《行政处罚法》第三条第三款,其他,ai,False,其他违法行为,仅为行政处罚总则条款，无法细分。,其他违法行为
《广东省实施办法》第十九条第一款,其他,ai,False,其他违法行为,仅给出条款编号，缺乏具体内容。,其他违法行为
《中华人民共和国行政处罚法》第五十一条第(一)项、第(三)项,其他,ai,False,其他违法行为,该条主要规定情节轻微可不罚。,不予处罚
《中华人民共和国行政处罚法》第二十三条,其他,ai,False,其他违法行为,仅给出条文序号，无法判断内容。,其他违法行为
《宣城市城市管理条例》第六十二条第三款,其他,ai,True,<泛类型>,仅给出条款号，无具体行为内容。,其他违法行为
《中华人民共和国认证认可条例》第六十七条,其他,ai,False,其他违法行为,仅给出条文序号，无法判断具体类型。,其他违法行为
《行政处罚法》第三十三条,其他,不予处罚,False,,,不予处罚
《中华人民共和国认证认可条例》第六十七条,其他,ai,False,其他违法行为,仅引用条例条款，无法识别具体领域。,其他违法行为
《中华人民共和国行政处罚法》第二十八条第一款,其他,ai,True,<泛类型>,依据行政处罚法第二十八条第一款情形。,不予处罚
《中华人民共和国行政处罚法》第二十八条,其他,ai,True,<泛类型>,仅引行政处罚法总则条款，无法细分。,其他违法行为
《中华人民共和国行政处罚法》第二十三条,其他,ai,True,<泛类型>,第二十三条规定情形应当不予处罚。,不予处罚
《中华人民共和国行政处罚法》第三十二条,其他,ai,True,<泛类型>,仅引用行政处罚法程序性条款，信息不足。,其他违法行为
《中华人民共和国行政处罚法》第三十三条,其他,ai,True,<泛类型>,仅引用程序性条款，无法细分案件类型。,其他违法行为
《中华人民共和国行政处罚法》第三十一条,其他,ai,True,<泛类型>,仅提及程序性规定，无法细分。,其他违法行为
《条例》第三十九条第(三)项,其他,ai,True,<泛类型>,《条例》未指明领域内容不明。,其他违法行为
《条例》第三条,其他,ai,True,<泛类型>,仅给出条文序号，无具体内容。,其他违法行为
《条例》第三条,其他,ai,True,<泛类型>,仅提及条例条款，无法具体判断。,其他违法行为
《现场处理措施决定书》,其他,ai,True,<泛类型>,仅有文书名称，无法判断具体类型。,其他违法行为
《现场检查(勘验)笔录》,其他,ai,True,<泛类型>,笔录内容缺失，无法判断具体类型。,其他违法行为
《浙江省行政程序办法》第五十二条,其他,ai,True,<泛类型>,仅给出条号，无具体行为内容。,其他违法行为
《现场检查记录》,其他,ai,True,<泛类型>,仅见标题无实质内容可判定。,其他违法行为
《现场检查记录》,其他,ai,True,<泛类型>,仅有标题无法判断具体领域。,其他违法行为
《中华人民共和国种子法》,农业,ai,True,(匹配)*种子生产经营管理*,依据《种子法》规范种子生产经营。,*种子生产经营管理*
《农业生产资料市场监督管理办法》第十四条,农业,ai,True,(匹配)产品质量与安全,农业生产资料质量管理规范相关。,产品质量
《中华人民共和国农民专业合作社法》第七十一条,农业,ai,True,(匹配)*农民合作社管理*,针对农民专业合作社法律责任。,*农民合作社管理*
《劳动保障监察条例》第二十五条,劳动保障,劳动保障,False,,,劳动保障/用工
《劳动保障监察条例》第三十条第一款第（三）项,劳动保障,劳动保障,False,,,劳动保障/用工
《劳动保障监察条例》第三十条第三项,劳动保障,劳动保障,False,,,劳动保障/用工
《劳动保障监察条例》第三十条第三项,劳动保障,劳动保障,False,,,劳动保障/用工
《劳动保障监察条例》第三十条第一款第（三）项,劳动保障,劳动保障,False,,,劳动保障/用工
《劳动保障监察条例》第二十三条第(八)项,劳动保障,劳动保障,False,,,劳动保障/用工
《劳动保障监察条例》第二十三条第八项,劳动保障,劳动保障,False,,,劳动保障/用工
《劳动保障监察条例》第二十三条第（八）项,劳动保障,劳动保障,False,,,劳动保障/用工
《劳动保障监察条例》第二十五条,劳动保障,劳动保障,False,,,劳动保障/用工
《劳动保障监察条例》第二十五条,劳动保障,劳动保障,False,,,劳动保障/用工
《劳动保障监察条例》第二十五条,劳动保障,劳动保障,False,,,劳动保障/用工
《劳动保障监察条例》第二十五条,劳动保障,劳动保障,False,,,劳动保障/用工
《劳动保障监察条例》第二十三条第(八)项,劳动保障,劳动保障,False,,,劳动保障/用工
《劳动保障监察条例》第三十条第一款第三项,劳动保障,劳动保障,False,,,劳动保障/用工
《劳动保障监察条例》第三十条第一款第三项,劳动保障,劳动保障,False,,,劳动保障/用工
《劳动保障监察条例》第三十条第(三)款,劳动保障,劳动保障,False,,,劳动保障/用工
《劳动保障监察条例》第三十条第(三)项,劳动保障,劳动保障,False,,,劳动保障/用工
《劳动保障监察条例》第三十条第(三)项,劳动保障,劳动保障,False,,,劳动保障/用工
《劳动保障监察条例》第三十条第(三)项,劳动保障,劳动保障,False,,,劳动保障/用工
《劳动保障监察条例》第三十条第一款,劳动保障,劳动保障,False,,,劳动保障/用工
《劳动保障监察条例》第三十条第一款(三)项,劳动保障,劳动保障,False,,,劳动保障/用工
《劳动保障监察条例》第三十条第一款第(三)项,劳动保障,劳动保障,False,,,劳动保障/用工
《劳动保障监察条例》第三十条第一款第三项,劳动保障,劳动保障,False,,,劳动保障/用工
《劳动保障监察条例》第三十条第一款第三项,劳动保障,劳动保障,False,,,劳动保障/用工
《劳动保障监察条例》第二十六条,劳动保障,劳动保障,False,,,劳动保障/用工
《劳动保障监条例》第三十条第一款第(三)项,劳动保障,劳动保障,False,,,劳动保障/用工
《劳动保障监察条例》第六条,劳动保障,劳动保障,False,,,劳动保障/用工
《劳动保障监察条例》第六条,劳动保障,劳动保障,False,,,劳动保障/用工
《劳动保障监察条例》第六条,劳动保障,劳动保障,False,,,劳动保障/用工
《劳动保障监察条例》第六条,劳动保障,劳动保障,False,,,劳动保障/用工
《劳动保障监察条例》第六条,劳动保障,劳动保障,False,,,劳动保障/用工
《劳动保障监察条例》第十八条,劳动保障,劳动保障,False,,,劳动保障/用工
《劳动保障监察条例》第十八条第一款,劳动保障,劳动保障,False,,,劳动保障/用工
《劳动保障监察条例》第十四条,劳动保障,劳动保障,False,,,劳动保障/用工
《劳动保障监察条例》第十四条,劳动保障,劳动保障,False,,,劳动保障/用工
《劳动保障监察条例》第十四条第二款,劳动保障,劳动保障,False,,,劳动保障/用工
《浙江省劳动保障监察条例》第三十六条第一款第（三）项,劳动保障,劳动保障,False,,,劳动保障/用工
《保障农民工工资支付条例》第724号)第二十六条,劳动保障,工资,False,,,劳动保障/用工
《保障农民工工资支付条例》第三十二条,劳动保障,工资,False,,,劳动保障/用工
《保障农民工工资支付条例》第724号)第五十五条第一项,劳动保障,工资,False,,,劳动保障/用工
《浙江省劳动保障监察条例》第二十七条,劳动保障,劳动保障,False,,,劳动保障/用工
《浙江省劳动保障监察条例》第二十三条,劳动保障,劳动保障,False,,,劳动保障/用工
《浙江省劳动保障监察条例》第二十三条,劳动保障,劳动保障,False,,,劳动保障/用工
《棉花加工资格认定和市场管理暂行办法》第十五条,劳动保障,工资,False,,,劳动保障/用工
《劳动保障监察条例》第三十条,劳动保障,劳动保障,False,,,劳动保障/用工
《劳动保障监察条例》第三十条第一款第(三)项,劳动保障,劳动保障,False,,,劳动保障/用工
《劳动保障监察条例》第三十条第一款第三项,劳动保障,劳动保障,False,,,劳动保障/用工
《劳动保障监察条例》第二十五条,劳动保障,劳动保障,False,,,劳动保障/用工
《劳动保障监察条例》第30条,劳动保障,劳动保障,False,,,劳动保障/用工
《保障农民工工资支付条例》,劳动保障,工资,False,,,劳动保障/用工
《保障农民工工资支付条例》第五十五条,劳动保障,工资,False,,,劳动保障/用工
《保障农民工工资支付条例》第五十五条第一款第二项,劳动保障,工资,False,,,劳动保障/用工
《浙江省企业工资支付管理办法》第三十五条,劳动保障,工资,False,,,劳动保障/用工
《劳动保障监察条例》第三十条第一款第（二）项,劳动保障,劳动保障,False,,,劳动保障/用工
《劳动保障监察条例》第三十条第一款第(三)项,劳动保障,劳动保障,False,,,劳动保障/用工
《劳动保障监察条例》第423号）第二十五条,劳动保障,ai,False,,,劳动保障/用工
《劳动保障监察条例》第三十条第(三)项,劳动保障,ai,False,,,劳动保障/用工
《劳动保障监察条例》第三十条第(三)项,劳动保障,ai,False,,,劳动保障/用工
《东莞市人力资源和社会保障局行政处罚自由裁量细化标准》第77项,劳动保障/用工,人力资源||人力资源和社会保障局,False,(匹配)劳动保障,,劳动保障/用工
《浙江省实施〈禁止使用童工规定〉办法》第十四条“第一款,劳动保障/用工,ai,True,(匹配)劳动保障,依据禁止使用童工规定属用工管理。,劳动保障/用工
《禁止使用童工规定》第二条第一款,劳动保障/用工,ai,True,(匹配)劳动保障,涉及禁止使用童工的用工管理规定。,劳动保障/用工
《禁止使用童工规定》第六条第一款,劳动保障/用工,ai,True,(匹配)劳动保障,依据用工管理法规，属童工用工问题。,劳动保障/用工
《禁止使用童工规定》第六条第一款,劳动保障/用工,ai,True,(匹配)劳动保障,规范禁止使用童工的用工行为。,劳动保障/用工
《禁止使用童工规定》第二条第一款,劳动保障/用工,ai,True,(匹配)劳动保障,涉及禁止使用童工的用工管理。,劳动保障/用工
《禁止使用童工规定》第二条,劳动保障/用工,ai,True,(匹配)劳动保障,涉及禁止使用童工，用工管理问题。,劳动保障/用工
《中华人民共和国职业病防治法》第十五条第一项,劳动保障/用工,职业病,False,(匹配)安全生产,,职业卫生/健康
《中华人民共和国职业病防治法》第十五条第(一)项、第二十四条第二款、第二十六条第二款,劳动保障/用工,职业病,False,(匹配)安全生产,,职业卫生/健康
《中华人民共和国职业病防治法》第十五条第(一)项,劳动保障/用工,职业病,False,(匹配)安全生产,,职业卫生/健康
《中华人民共和国职业病防治法》第十五条第(一)项,劳动保障/用工,职业病,False,(匹配)安全生产,,职业卫生/健康
《中华人民共和国职业病防治法》第十五条第（一）项,劳动保障/用工,职业病,False,(匹配)安全生产,,职业卫生/健康
《中华人民共和国职业病防治法》第五十条,劳动保障/用工,职业病,False,(匹配)安全生产,,职业卫生/健康
《中华人民共和国职业病防治法》第五十五条第二款,劳动保障/用工,职业病,False,(匹配)安全生产,,职业卫生/健康
《未成年工特殊保护规定》第六条,劳动保障/用工,ai,True,(匹配)劳动保障,规范未成年工特殊劳动保护。,劳动保障/用工
《中华人民共和国职业病防治法》第十五条第（一）项,劳动保障/用工,职业病,False,(匹配)安全生产,,职业卫生/健康
《中华人民共和国职业病防治法》第七十条第(四)项,劳动保障/用工,职业病,False,(匹配)安全生产,,职业卫生/健康
《从业资格证复印件》,劳动保障/用工,ai,False,(匹配)其他,仅见“从业资格证复印件”字样，信息不足。,其他违法行为
《从业资格证》,劳动保障/用工,ai,False,(匹配)交通运输,从业资格证通常系交通运输从业资质。,交通运输违规
《中华人民共和国职业病防治法》第七十二条第（八）项,劳动保障/用工,职业病,False,(匹配)安全生产,,职业卫生/健康
《中华人民共和国职业病防治法》第七十二条第（一）项,劳动保障/用工,职业病,False,(匹配)安全生产,,职业卫生/健康
《中华人民共和国职业病防治法》第七十二条第四项,劳动保障/用工,职业病,False,(匹配)安全生产,,职业卫生/健康
《中华人民共和国职业病防治法》第七十二条第四项,劳动保障/用工,职业病,False,(匹配)安全生产,,职业卫生/健康
《中华人民共和国职业病防治法》第七十二条第四项,劳动保障/用工,职业病,False,(匹配)安全生产,,职业卫生/健康
《中华人民共和国职业病防治法》第七十二条第八项,劳动保障/用工,职业病,False,(匹配)安全生产,,职业卫生/健康
《中华人民共和国职业病防治法》第七十二条第（四）项,劳动保障/用工,职业病,False,(匹配)安全生产,,职业卫生/健康
《中华人民共和国职业病防治法》第七十四条,劳动保障/用工,职业病,False,(匹配)安全生产,,职业卫生/健康
《中华人民共和国职业病防治法》第七十四条,劳动保障/用工,职业病,False,(匹配)安全生产,,职业卫生/健康
《中华人民共和国职业病防治法》第七十二条第(四)项,劳动保障/用工,职业病,False,(匹配)安全生产,,职业卫生/健康
《中华人民共和国职业病防治法》第七十五条第（七）项,劳动保障/用工,职业病,False,(匹配)安全生产,,职业卫生/健康
《中华人民共和国职业病防治法》第七十五条第(七)项之规定,劳动保障/用工,职业病,False,(匹配)安全生产,,职业卫生/健康
《中华人民共和国职业病防治法》第七十五条第(七)项,劳动保障/用工,职业病,False,(匹配)安全生产,,职业卫生/健康
《中华人民共和国职业病防治法》第七十五条第(七)项,劳动保障/用工,职业病,False,(匹配)安全生产,,职业卫生/健康
《中华人民共和国职业病防治法》第七十五条第(七)项,劳动保障/用工,职业病,False,(匹配)安全生产,,职业卫生/健康
《中华人民共和国职业病防治法》第七十二条第(四)项,劳动保障/用工,职业病,False,(匹配)安全生产,,职业卫生/健康
《中华人民共和国职业病防治法》第七十一条第(四)项,劳动保障/用工,职业病,False,(匹配)安全生产,,职业卫生/健康
《中华人民共和国职业病防治法》第七十一条第(四)项,劳动保障/用工,职业病,False,(匹配)安全生产,,职业卫生/健康
《中华人民共和国职业病防治法》第七十一条第(三)、(四)项,劳动保障/用工,职业病,False,(匹配)安全生产,,职业卫生/健康
《中华人民共和国职业病防治法》第七十一条第(一)项,劳动保障/用工,职业病,False,(匹配)安全生产,,职业卫生/健康
《中华人民共和国职业病防治法》第七十一条,劳动保障/用工,职业病,False,(匹配)安全生产,,职业卫生/健康
《中华人民共和国职业病防治法》第一十六条第二款,劳动保障/用工,职业病,False,(匹配)安全生产,,职业卫生/健康
《中华人民共和国职业病防治法》第七十二条第(一)项,劳动保障/用工,职业病,False,(匹配)安全生产,,职业卫生/健康
《中华人民共和国职业病防治法》第七十二条第(一)、(四)、(八)项,劳动保障/用工,职业病,False,(匹配)安全生产,,职业卫生/健康
《中华人民共和国职业病防治法》第七十二条,劳动保障/用工,职业病,False,(匹配)安全生产,,职业卫生/健康
《中华人民共和国职业病防治法》,劳动保障/用工,职业病,False,(匹配)安全生产,,职业卫生/健康
《中华人民共和国职业病防治法》第七十一条第（四）项、第七十条第（四）项、第七十二条第（二）项,劳动保障/用工,职业病,False,(匹配)安全生产,,职业卫生/健康
《中华人民共和国职业病防治法》第七十一条,劳动保障/用工,职业病,False,(匹配)安全生产,,职业卫生/健康
《中华人民共和国职业病防治法》第七十一条,劳动保障/用工,职业病,False,(匹配)安全生产,,职业卫生/健康
《中华人民共和国职业病防治法》第七十一条第四项,劳动保障/用工,职业病,False,(匹配)安全生产,,职业卫生/健康
《中华人民共和国职业病防治法》第七十条第(三)项,劳动保障/用工,职业病,False,(匹配)安全生产,,职业卫生/健康
《中华人民共和国职业病防治法》第二十二条,劳动保障/用工,职业病,False,(匹配)安全生产,,职业卫生/健康
《中华人民共和国职业病防治法》第三十四条第二款,劳动保障/用工,职业病,False,(匹配)安全生产,,职业卫生/健康
《中华人民共和国职业病防治法》第三十四条第二款,劳动保障/用工,职业病,False,(匹配)安全生产,,职业卫生/健康
《中华人民共和国职业病防治法》,劳动保障/用工,职业病,False,(匹配)安全生产,,职业卫生/健康
《中华人民共和国职业病防治法》第三十四条第二款,劳动保障/用工,职业病,False,(匹配)安全生产,,职业卫生/健康
《中华人民共和国职业病防治法》第三十四条第一款,劳动保障/用工,职业病,False,(匹配)安全生产,,职业卫生/健康
《中华人民共和国职业病防治法》第三十四条,劳动保障/用工,职业病,False,(匹配)安全生产,,职业卫生/健康
《中华人民共和国职业病防治法》第三十四条第一款,劳动保障/用工,职业病,False,(匹配)安全生产,,职业卫生/健康
《中华人民共和国职业病防治法》第二十条第(四)项,劳动保障/用工,职业病,False,(匹配)安全生产,,职业卫生/健康
《中华人民共和国职业病防治法》第二十四条第一款,劳动保障/用工,职业病,False,(匹配)安全生产,,职业卫生/健康
《中华人民共和国职业病防治法》第二十四条第一款,劳动保障/用工,职业病,False,(匹配)安全生产,,职业卫生/健康
《中华人民共和国职业病防治法》第二十六条第四款,劳动保障/用工,职业病,False,(匹配)安全生产,,职业卫生/健康
《中华人民共和国职业病防治法》第二十六条第二款、第三十五条第一款,劳动保障/用工,职业病,False,(匹配)安全生产,,职业卫生/健康
《中华人民共和国职业病防治法》第二十六条第二款,劳动保障/用工,职业病,False,(匹配)安全生产,,职业卫生/健康
《中华人民共和国职业病防治法》第二十六条第二款,劳动保障/用工,职业病,False,(匹配)安全生产,,职业卫生/健康
《中华人民共和国职业病防治法》第二十六条第二款,劳动保障/用工,职业病,False,(匹配)安全生产,,职业卫生/健康
《中华人民共和国职业病防治法》第七十条第一项,劳动保障/用工,职业病,False,(匹配)安全生产,,职业卫生/健康
《中华人民共和国职业病防治法》第七十条第(四)项,劳动保障/用工,职业病,False,(匹配)安全生产,,职业卫生/健康
《中华人民共和国职业病防治法》第七十条第(四)项,劳动保障/用工,职业病,False,(匹配)安全生产,,职业卫生/健康
《中华人民共和国职业病防治法》第七十条第(四)项,劳动保障/用工,职业病,False,(匹配)安全生产,,职业卫生/健康
《中华人民共和国职业病防治法》第七十条第三项,劳动保障/用工,职业病,False,(匹配)安全生产,,职业卫生/健康
《中华人民共和国职业病防治法》第三十五条第二款、第二十二条第一款,劳动保障/用工,职业病,False,(匹配)安全生产,,职业卫生/健康
《中华人民共和国职业病防治法》第三十三条第一款、第三十五条第一款,劳动保障/用工,职业病,False,(匹配)安全生产,,职业卫生/健康
《中华人民共和国职业病防治法》第三十五条第二款,劳动保障/用工,职业病,False,(匹配)安全生产,,职业卫生/健康
《中华人民共和国职业病防治法》第三十五条第二款,劳动保障/用工,职业病,False,(匹配)安全生产,,职业卫生/健康
《中华人民共和国职业病防治法》第三十五条第二款,劳动保障/用工,职业病,False,(匹配)安全生产,,职业卫生/健康
《中华人民共和国职业病防治法》第三十五条第二款,劳动保障/用工,职业病,False,(匹配)安全生产,,职业卫生/健康
《中华人民共和国职业病防治法》第三十五条第一款,劳动保障/用工,职业病,False,(匹配)安全生产,,职业卫生/健康
《中华人民共和国职业病防治法》第三十五条第一款,劳动保障/用工,职业病,False,(匹配)安全生产,,职业卫生/健康
《中华人民共和国职业病防治法》第三十五条第一款,劳动保障/用工,职业病,False,(匹配)安全生产,,职业卫生/健康
《中华人民共和国职业病防治法》第三十五条,劳动保障/用工,职业病,False,(匹配)安全生产,,职业卫生/健康
《中华人民共和国职业病防治法》第三十五条,劳动保障/用工,职业病,False,(匹配)安全生产,,职业卫生/健康
《消毒管理办法》第七条的规定,医疗卫生,消毒,False,(匹配)卫生健康,,医疗卫生
《消毒管理办法》第四十三条,医疗卫生,消毒,False,(匹配)卫生健康,,医疗卫生
《消毒管理办法》第三十二条第一项,医疗卫生,消毒,False,(匹配)卫生健康,,医疗卫生
《消毒管理办法》第四十三条,医疗卫生,消毒,False,(匹配)卫生健康,,医疗卫生
《医疗废物管理条例》第十二条,卫生健康,医疗废物,False,(匹配)卫生健康,,医疗卫生
《医疗废物管理条例》第十二条,卫生健康,医疗废物,False,(匹配)卫生健康,,医疗卫生
《医疗废物管理条例》第十六条第一款,卫生健康,医疗废物,False,(匹配)卫生健康,,医疗卫生
《医疗废物管理条例》第十六条第一款,卫生健康,医疗废物,False,(匹配)卫生健康,,医疗卫生
《医疗废物管理条例》第四十五条第(四)项,卫生健康,医疗废物,False,(匹配)卫生健康,,医疗卫生
《医疗废物管理条例》第四十六条第(二)项,卫生健康,医疗废物,False,(匹配)卫生健康,,医疗卫生
《医疗废物管理条例》第四十六条第（二）项,卫生健康,医疗废物,False,(匹配)卫生健康,,医疗卫生
《医疗器械生产监督管理办法》第四十条,卫生健康,医疗器械,False,(匹配)产品质量与安全,,食品药品
《医疗机构管理条例实施细则》第八十一条第一款,卫生健康,ai,True,(匹配)卫生健康,依据医疗机构管理条例实施细则内容。,医疗卫生
《医疗机构管理条例》第四十七条,卫生健康,ai,True,(匹配)卫生健康,依据医疗机构管理条例，属医疗监管。,医疗卫生
《医疗纠纷预防和处理条例》第十五条第一款,卫生健康,ai,True,(匹配)卫生健康,条例规范医疗纠纷预防处理，属医疗领域。,医疗卫生
《医疗广告管理办法》第二十二条,卫生健康,广告||医疗广告,False,(匹配)市场秩序与竞争监管,,虚假广告/虚假宣传
《医疗广告管理办法》第七条,卫生健康,广告||医疗广告,False,(匹配)市场秩序与竞争监管,,虚假广告/虚假宣传
《医疗纠纷预防和处理条例》第四十七条,卫生健康,ai,True,(匹配)卫生健康,《医疗纠纷预防和处理条例》属医疗管理领域。,医疗卫生
《医疗器械监督管理条例》第二十四条第一款,卫生健康,医疗器械,False,(匹配)产品质量与安全,,食品药品
《医疗器械监督管理条例》第二十四条第一款,卫生健康,医疗器械,False,(匹配)产品质量与安全,,食品药品
《医疗纠纷预防和处理条例》第四十七条第(四)项,卫生健康,ai,True,(匹配)卫生健康,依据医疗纠纷处理条例，属医疗管理问题。,医疗卫生
《医疗机构管理条例》第四十七条,卫生健康,ai,True,(匹配)卫生健康,依据医疗机构管理条例，属医疗行政管理。,医疗卫生
《医疗器械监督管理条例》第五十五条,卫生健康,医疗器械,False,(匹配)产品质量与安全,,食品药品
《医疗器械监督管理条例》第八十三条第二款,卫生健康,医疗器械,False,(匹配)产品质量与安全,,食品药品
《医疗器械监督管理条例》第八十八条第二项,卫生健康,医疗器械,False,(匹配)产品质量与安全,,食品药品
《医疗器械监督管理条例》第六十六条第一款,卫生健康,医疗器械,False,(匹配)产品质量与安全,,食品药品
《医疗器械监督管理条例》第六十六条第一款第三项,卫生健康,医疗器械,False,(匹配)产品质量与安全,,食品药品
《医疗器械监督管理条例》第六十六条第一款第(一)项,卫生健康,医疗器械,False,(匹配)产品质量与安全,,食品药品
《医疗器械监督管理条例》第八十六条第一项,卫生健康,医疗器械,False,(匹配)产品质量与安全,,食品药品
《关于禁止公用企业限制竞争行为的若干规定》第四条第（六）项,反垄断,竞争||限制竞争,False,(匹配)不正当竞争/商业贿赂||反垄断,,不正当竞争/商业贿赂||反垄断
《关于禁止公用企业限制竞争行为的若干规定》第五条,反垄断,竞争||限制竞争,False,(匹配)不正当竞争/商业贿赂||反垄断,,不正当竞争/商业贿赂||反垄断
《关于禁止公用企业限制竞争行为的若干规定》第五条,反垄断,竞争||限制竞争,False,(匹配)不正当竞争/商业贿赂||反垄断,,不正当竞争/商业贿赂||反垄断
《关于禁止公用企业限制竞争行为的若干规定》第四条,反垄断,竞争||限制竞争,False,(匹配)不正当竞争/商业贿赂||反垄断,,不正当竞争/商业贿赂||反垄断
《关于禁止公用企业限制竞争行为的若干规定》第四条,反垄断,竞争||限制竞争,False,(匹配)不正当竞争/商业贿赂||反垄断,,不正当竞争/商业贿赂||反垄断
《中华人民共和国反恐怖主义法》,反恐,ai,True,(匹配)反恐,《中华人民共和国反恐怖主义法》直接对应。,反恐
《中华人民共和国反恐怖主义法》第二十条,反恐,ai,True,(匹配)反恐,《反恐怖主义法》直接适用情形。,反恐
《杭州市市政设施管理条例》第六十条第（五）项,城市治理与公共服务,ai,True,(匹配)*市政设施管理*,依据市政设施管理条例第六十条。,*市政设施管理*
《杭州市市政设施管理条例》第四十七条第(四)项,城市治理与公共服务,ai,True,(匹配)*市政设施管理*,依据市政设施管理条例条款。,*市政设施管理*
《杭州市市政设施管理条例》第四十一款第二款、第三款,城市治理与公共服务,ai,True,(匹配)建设工程与房地产,市政设施管理属城市建设领域。,建设工程
《杭州市市政设施管理条例》第六十二条第（三）项,城市治理与公共服务,ai,True,(匹配)建筑使用安全,市政设施管理多涉道路桥梁等安全。,建筑使用安全
《杭州市市政设施管理条例》第五十八条第一款,城市治理与公共服务,ai,True,(匹配)*市政设施管理*,依据市政设施管理条例进行处罚。,*市政设施管理*
《杭州市市政设施管理条例》第五十八条第一款,城市治理与公共服务,ai,True,(匹配)*市政设施管理*,依据市政设施管理条例内容归类。,*市政设施管理*
《杭州市市政设施管理条例》第五十八条第一款,城市治理与公共服务,ai,True,(匹配)*市政设施管理*,依据市政设施管理条例规定行为。,*市政设施管理*
《杭州市市政设施管理条例》第五十九条第一款第（三）项,城市治理与公共服务,ai,True,(匹配)建设工程与房地产,市政设施管理属城市建设领域。,建设工程
《杭州市市政设施管理条例》第五十九条第一款第（一）项,城市治理与公共服务,ai,True,(匹配)*市政设施管理*,依据市政设施管理条例条款内容。,*市政设施管理*
《杭州市市政设施管理条例》第五十九条第一款第（一）项,城市治理与公共服务,ai,True,(匹配)*市政设施管理*,依据市政设施管理条例予以处罚。,*市政设施管理*
《杭州市市政设施管理条例》第六十一条第（六）项,城市治理与公共服务,ai,True,(匹配)*市政设施管理*,依据市政设施管理条例的处罚规定。,*市政设施管理*
《杭州市市政设施管理条例》第六十二条第(三)项,城市治理与公共服务,ai,True,(匹配)建筑使用安全,《市政设施管理条例》属城市设施安全。,建筑使用安全
《剪板机安全技术要求》,安全生产,安全||安全技术,False,,,安全生产
《中华人民共和国安全生产法》第四十一条第二款,安全生产,ai,False,,,安全生产
《中华人民共和国安全生产法》第四十一条第二款,安全生产,ai,False,,,安全生产
《中华人民共和国安全生产法》第二十七条第一款,安全生产,ai,False,,,安全生产
《危险化学品安全管理条例》第八十条,安全生产,危险品||危化品||安全,False,,,安全生产/危化品||安全生产
《危险化学品安全管理条例》第八十条,安全生产,危险品||危化品||安全,False,,,安全生产/危化品||安全生产
《安全生产行政处罚自由裁量适用规则（试行）》第十四条第一款第（二）项,安全生产,安全||安全生产,False,,,安全生产
《起重机械安全规程》,安全生产,安全,False,,,安全生产
《煤矿安全规程》第四百七十五条,安全生产,矿||安全,False,(匹配)安全生产,,安全生产/危化品||安全生产
《浙江省矿产资源管理条例》第三十九条,安全生产,矿||矿产,False,,,安全生产/危化品
《煤矿安全规程》第四百七十五条,安全生产,矿||安全,False,(匹配)安全生产,,安全生产/危化品||安全生产
《煤矿安全规程》第四百七十五条,安全生产,矿||安全,False,(匹配)安全生产,,安全生产/危化品||安全生产
《工贸企业有限空间作业安全管理与监督暂行规定》第八条,安全生产,安全||安全管理规定,False,,,安全生产
《工贸企业有限空间作业安全管理与监督暂行规定》第二十八条第一项、第三十条第一项,安全生产,安全||安全管理规定,False,,,安全生产
《工贸企业有限空间作业安全管理与监督暂行规定》第二十九条第（二）项,安全生产,安全||安全管理规定,False,,,安全生产
《煤矿安全规程》第四百九十二条,安全生产,矿||安全,False,(匹配)安全生产,,安全生产/危化品||安全生产
《工贸企业有限空间作业安全管理与监督暂行规定》第二十八条第一项,安全生产,安全||安全管理规定,False,,,安全生产
《煤矿安全规程》第四百九十二条,安全生产,矿||安全,False,(匹配)安全生产,,安全生产/危化品||安全生产
《工贸企业有限空间作业安全管理与监督暂行规定》第十九条第二项,安全生产,安全||安全管理规定,False,,,安全生产
《危险化学品安全管理条例》第二十三条第二款,安全生产,危险品||危化品||安全,False,,,安全生产/危化品||安全生产
《危险化学品安全管理条例》第二十二条,安全生产,危险品||危化品||安全,False,,,安全生产/危化品||安全生产
《危险化学品安全管理条例》第二十一条,安全生产,危险品||危化品||安全,False,,,安全生产/危化品||安全生产
《中华人民共和安全生产法》第九十六条第(二)项,安全生产,ai,False,,,安全生产
《危险化学品安全管理条例》第三十二条,安全生产,危险品||危化品||安全,False,,,安全生产/危化品||安全生产
《危险化学品安全管理条例》第二十条第二款,安全生产,危险品||危化品||安全,False,,,安全生产/危化品||安全生产
《危险化学品安全管理条例》第七十六条第一款,安全生产,危险品||危化品||安全,False,,,安全生产/危化品||安全生产
《危险化学品安全管理条例》第二十条第二款,安全生产,危险品||危化品||安全,False,,,安全生产/危化品||安全生产
《危险化学品安全管理条例》第二十四条,安全生产,危险品||危化品||安全,False,,,安全生产/危化品||安全生产
《危险化学品安全管理条例》第二十四条第一款,安全生产,危险品||危化品||安全,False,,,安全生产/危化品||安全生产
《危险化学品安全管理条例》第二十条第二款,安全生产,危险品||危化品||安全,False,,,安全生产/危化品||安全生产
《危险化学品安全管理条例》第二十四条第二款,安全生产,危险品||危化品||安全,False,,,安全生产/危化品||安全生产
《危险化学品安全管理条例》第二十条第一款,安全生产,危险品||危化品||安全,False,,,安全生产/危化品||安全生产
《危险化学品安全管理条例》第二十条第一款,安全生产,危险品||危化品||安全,False,,,安全生产/危化品||安全生产
《危险化学品安全管理条例》第二十条第一款,安全生产,危险品||危化品||安全,False,,,安全生产/危化品||安全生产
《危险化学品安全管理条例》第二十四条第二款,安全生产,危险品||危化品||安全,False,,,安全生产/危化品||安全生产
《危险化学品安全管理条例》,安全生产,危险品||危化品||安全,False,,,安全生产/危化品||安全生产
《危险化学品从业单位安全标准化通用规范》,安全生产,危险品||危化品||安全,False,,,安全生产/危化品||安全生产
《生产安全事故应急预案管理办法》第二十六条第一款,安全生产,安全||应急||应急预案||应急管理,False,,,安全生产
《危险化学品安全管理条例》第七十八条第一款第八项,安全生产,危险品||危化品||安全,False,,,安全生产/危化品||安全生产
《危险化学品安全管理条例》第七十八条第一款第八项,安全生产,危险品||危化品||安全,False,,,安全生产/危化品||安全生产
《危险化学品安全管理条例》第七十八条第三款,安全生产,危险品||危化品||安全,False,,,安全生产/危化品||安全生产
《生产安全事故应急预案管理办法》第二十六条,安全生产,安全||应急||应急预案||应急管理,False,,,安全生产
《危险化学品安全管理条例》第八十一条第一款第(五)项,安全生产,ai,False,,,安全生产/危化品
《危险化学品安全管理条例》第七十八条第三款,安全生产,危险品||危化品||安全,False,,,安全生产/危化品||安全生产
《危险化学品安全管理条例》第七十八条,安全生产,危险品||危化品||安全,False,,,安全生产/危化品||安全生产
《危险化学品安全管理条例》第七十七条第三款,安全生产,危险品||危化品||安全,False,,,安全生产/危化品||安全生产
《化学品生产单位特殊作业安全规范》,安全生产,安全,False,,,安全生产
《化学品生产单位特殊作业安全规范》,安全生产,安全,False,,,安全生产
《化学品生产单位高处作业安全规范》,安全生产,安全,False,,,安全生产
《化工企业安全卫生设计规范》,安全生产,安全,False,,,安全生产
《安全生产法》第九十四条第(七)项,安全生产,安全||安全生产,False,,,安全生产
《安全生产法》第九十四条第四项,安全生产,安全||安全生产,False,,,安全生产
《安全生产法》第九十四条第三项,安全生产,安全||安全生产,False,,,安全生产
《化学品生产单位特殊作业安全规程》,安全生产,安全,False,,,安全生产
《安全生产法》第九十六条第二项,安全生产,安全||安全生产,False,,,安全生产
《安全生产法》第九十六条第二项,安全生产,安全||安全生产,False,,,安全生产
《安全生产法》第九十四条,安全生产,安全||安全生产,False,,,安全生产
《安全生产法》第九十四条,安全生产,安全||安全生产,False,,,安全生产
《安全生产法》第九十四条,安全生产,安全||安全生产,False,,,安全生产
《安全生产法》第九十六条第（三）项,安全生产,安全||安全生产,False,,,安全生产
《安全生产法》第二十八条第四款,安全生产,安全||安全生产,False,,,安全生产
《安全生产法》第四十六条第二款,安全生产,安全||安全生产,False,,,安全生产
《特种作业人员安全技术培训考核管理规定》第五条,安全生产,安全||安全管理规定||安全技术||特种作业,False,,,安全生产
《安全生产法》第二十八条第一款,安全生产,安全||安全生产,False,,,安全生产
《安全生产法》第二十五条第四款,安全生产,安全||安全生产,False,,,安全生产
《安全生产法》第二十五条第四款,安全生产,安全||安全生产,False,,,安全生产
《安全生产法》第二十五条第一款,安全生产,安全||安全生产,False,,,安全生产
《安全生产法》第二十七条第一款,安全生产,安全||安全生产,False,,,安全生产
《安全生产法》第二十五条第一款,安全生产,安全||安全生产,False,,,安全生产
《安全生产法》第九十六条,安全生产,安全||安全生产,False,,,安全生产
《煤矿安全规程》第三百八十条第四项,安全生产,矿||安全,False,(匹配)安全生产,,安全生产/危化品||安全生产
《建筑起重机械安全监督管理规定》第三十二条,安全生产,安全||安全管理规定||安全监理,False,,,安全生产
《建筑起重机械安全监督管理规定》第三十条,安全生产,安全||安全管理规定||安全监理,False,,,安全生产
《煤矿安全规程》第九十七条第二款,安全生产,矿||安全,False,(匹配)安全生产,,安全生产/危化品||安全生产
《煤矿安全规程》第三百八十三条第六项,安全生产,矿||安全,False,(匹配)安全生产,,安全生产/危化品||安全生产
《煤矿安全规程》第三百八十三条,安全生产,矿||安全,False,(匹配)安全生产,,安全生产/危化品||安全生产
《安全生产法》第三十条第一款的规定,安全生产,安全||安全生产,False,,,安全生产
《安全生产法》第三十条,安全生产,安全||安全生产,False,,,安全生产
《安全生产法》第三十六条第二款,安全生产,安全||安全生产,False,,,安全生产
《安全生产法》第三十六条第一款的规定,安全生产,安全||安全生产,False,,,安全生产
《安全生产法》第九十九条第(二)项,安全生产,安全||安全生产,False,,,安全生产
《安全生产法》第九十九条,安全生产,安全||安全生产,False,,,安全生产
《安全生产法》第九十九条,安全生产,安全||安全生产,False,,,安全生产
《安全生产法》第九十九条,安全生产,安全||安全生产,False,,,安全生产
《安全生产法》第七十八条,安全生产,安全||安全生产,False,,,安全生产
《安全生产法》第三十三条第二款,安全生产,安全||安全生产,False,,,安全生产
《安全生产法》第三十三条第一款,安全生产,安全||安全生产,False,,,安全生产
《安全生产法》第三十三条第一款,安全生产,安全||安全生产,False,,,安全生产
《安全生产法》第三十八条第一款,安全生产,安全||安全生产,False,,,安全生产
《安全生产法》第三十六条,安全生产,安全||安全生产,False,,,安全生产
《安全生产法》第三十二条,安全生产,安全||安全生产,False,,,安全生产
《安全生产法》第三十二条,安全生产,安全||安全生产,False,,,安全生产
《安全生产法》第三十二条,安全生产,安全||安全生产,False,,,安全生产
《安全生产法》第三十五条,安全生产,安全||安全生产,False,,,安全生产
《TSGZF001-2006安全阀安全技术监察规程》,安全生产,安全||安全技术,False,,,安全生产
《危险化学品生产企业安全生产许可证实施办法》第四十六条,安全生产,危险品||危化品||安全||安全生产||许可证,False,,,安全生产/危化品||安全生产
《危险化学品生产企业安全生产许可证实施办法》第四十六条,安全生产,危险品||危化品||安全||安全生产||许可证,False,,,安全生产/危化品||安全生产
《危险化学品生产企业安全生产许可证实施办法》第四十六条,安全生产,危险品||危化品||安全||安全生产||许可证,False,,,安全生产/危化品||安全生产
《危险化学品重大危险源监督管理暂行规定》第十九条,安全生产,危险品||危化品,False,,,安全生产/危化品
《危险场所电气防爆安全规范》,安全生产,安全||危险场所,False,,,安全生产
《危险化学品重大危险源监督管理暂行规定》第三十四条第五项,安全生产,危险品||危化品,False,,,安全生产/危化品
《危险化学品重大危险源监督管理暂行规定》第三十四条第五项的规定;第二项,安全生产,危险品||危化品,False,,,安全生产/危化品
《危险化学品生产企业安全生产许可证实施办法》第三十三条第一款,安全生产,危险品||危化品||安全||安全生产||许可证,False,,,安全生产/危化品||安全生产
《生产安全事故应急预案管理办法》第三十六条,安全生产,安全||应急||应急预案||应急管理,False,,,安全生产
《生产安全事故应急预案管理办法》第三十六条,安全生产,安全||应急||应急预案||应急管理,False,,,安全生产
《危险化学品安全管理条例》第八十条第一款第五项,安全生产,危险品||危化品||安全,False,,,安全生产/危化品||安全生产
《生产安全事故应急预案管理办法》第三十三条,安全生产,安全||应急||应急预案||应急管理,False,,,安全生产
《危险化学品安全管理条例》第十二条第一款,安全生产,危险品||危化品||安全,False,,,安全生产/危化品||安全生产
《危险化学品安全管理条例》第八十条第四项,安全生产,危险品||危化品||安全,False,,,安全生产/危化品||安全生产
《邮政业寄递安全监督管理办法》第21条第2款,安全生产,安全||安全监理,False,,,安全生产
《煤矿安全规程》第五十八条,安全生产,矿||安全,False,(匹配)安全生产,,安全生产/危化品||安全生产
《煤矿安全规程》第五十八条,安全生产,矿||安全,False,(匹配)安全生产,,安全生产/危化品||安全生产
《煤矿安全规程》第五百零四条,安全生产,矿||安全,False,(匹配)安全生产,,安全生产/危化品||安全生产
《煤矿安全规程》第五百零三条第四款,安全生产,矿||安全,False,(匹配)安全生产,,安全生产/危化品||安全生产
《煤矿安全规程》第五百零七条第一款,安全生产,矿||安全,False,(匹配)安全生产,,安全生产/危化品||安全生产
《煤矿安全规程》第九条第一款,安全生产,矿||安全,False,(匹配)安全生产,,安全生产/危化品||安全生产
《煤矿安全规程》第九条,安全生产,矿||安全,False,(匹配)安全生产,,安全生产/危化品||安全生产
《煤矿安全规程》第四条第五款,安全生产,矿||安全,False,(匹配)安全生产,,安全生产/危化品||安全生产
《煤矿安全规程》第六百五十二条,安全生产,矿||安全,False,(匹配)安全生产,,安全生产/危化品||安全生产
《煤矿安全规程》第六百五十二条,安全生产,矿||安全,False,(匹配)安全生产,,安全生产/危化品||安全生产
《煤矿安全规程》第六百五十二条,安全生产,矿||安全,False,(匹配)安全生产,,安全生产/危化品||安全生产
《煤矿安全规程》第六百一十一条,安全生产,矿||安全,False,(匹配)安全生产,,安全生产/危化品||安全生产
《煤矿安全规程》第八条第三款,安全生产,矿||安全,False,(匹配)安全生产,,安全生产/危化品||安全生产
《煤矿安全规程》第八条第三款,安全生产,矿||安全,False,(匹配)安全生产,,安全生产/危化品||安全生产
《煤矿安全规程》第六百八十五条,安全生产,矿||安全,False,(匹配)安全生产,,安全生产/危化品||安全生产
《煤矿安全规程》第十三条,安全生产,矿||安全,False,(匹配)安全生产,,安全生产/危化品||安全生产
《煤矿安全规程》第六百六十一条,安全生产,矿||安全,False,(匹配)安全生产,,安全生产/危化品||安全生产
《安全生产违法行为行政处罚办法》第四十六条第二项,安全生产,安全||安全生产,False,,,安全生产
《煤矿领导带班下井及安全监督检查规定》第十条第二款,安全生产,矿||安全,False,(匹配)安全生产,,安全生产/危化品||安全生产
《安全生产违法行为行政处罚办法》第四十六条第(二)项,安全生产,安全||安全生产,False,,,安全生产
《煤矿防灭火细则》第十六条,安全生产,矿,False,(匹配)安全生产,,安全生产/危化品
《煤矿防灭火细则》第四十五条,安全生产,矿,False,(匹配)安全生产,,安全生产/危化品
《安全生产违法行为行政处罚办法》第四十五条第一项,安全生产,安全||安全生产,False,,,安全生产
《安全生产违法行为行政处罚办法》第四十五条第一项,安全生产,安全||安全生产,False,,,安全生产
《安全生产违法行为行政处罚办法》第四十五条第一项,安全生产,安全||安全生产,False,,,安全生产
《安全生产违法行为行政处罚办法》第四十五条第七项,安全生产,安全||安全生产,False,,,安全生产
《安全生产违法行为行政处罚办法》第四十五条第七项,安全生产,安全||安全生产,False,,,安全生产
《安全生产违法行为行政处罚办法》第四十五条第一项,安全生产,安全||安全生产,False,,,安全生产
《安全生产违法行为行政处罚办法》第四十五条第一项,安全生产,安全||安全生产,False,,,安全生产
《安全生产违法行为行政处罚办法》第四十五条第一款,安全生产,安全||安全生产,False,,,安全生产
《安全生产违法行为行政处罚办法》第四十五条第一款,安全生产,安全||安全生产,False,,,安全生产
《安全生产事故隐患排查治理暂行规定》第二十六条的规定,安全生产,安全隐患||事故隐患||事故隐患排查||隐患||安全||安全生产||排查||隐患排查,False,,,安全生产
《安全生产违法行为行政处罚办法》第四十五条第（一）项,安全生产,安全||安全生产,False,,,安全生产
《安全生产违法行为行政处罚办法》第四十五条第（一）项,安全生产,安全||安全生产,False,,,安全生产
《涂装作业安全规程粉末静电喷涂工艺安全》,安全生产,安全,False,,,安全生产
《安全评价机构管理规定》第二十条,安全生产,安全||安全管理规定,False,,,安全生产
《安全阀安全技术监察规程》,安全生产,安全||安全技术,False,,,安全生产
《矿山安全法实施条例》第五十四条,安全生产,矿||安全,False,,,安全生产/危化品||安全生产
《矿山安全法实施条例》第五十四条,安全生产,矿||安全,False,,,安全生产/危化品||安全生产
《矿山安全法实施条例》第五十四条,安全生产,矿||安全,False,,,安全生产/危化品||安全生产
《生产经营单位安全培训规定》第三十条第一款第二项,安全生产,安全,False,,,安全生产
《生产经营单位安全培训规定》第三十条第(三)项,安全生产,安全,False,,,安全生产
《安全生产隐患排查管理办法》第三十三条,安全生产,安全隐患||隐患||安全||安全生产||安全生产管理||排查||隐患排查,False,,,安全生产
《安全生产隐患排查治理暂行规定》第16号令第二十六条,安全生产,安全隐患||隐患||安全||安全生产||排查||隐患排查,False,,,安全生产
《爆破安全规程》,安全生产,安全,False,,,安全生产
《用人单位职业健康监护监督管理办法》第二十六条,安全生产,职业健康,False,,,职业卫生/健康
《用人单位职业健康监护监督管理办法》第二十六条第（一）项,安全生产,职业健康,False,,,职业卫生/健康
《用人单位职业健康监护监督管理办法》第二十六条第（五）项,安全生产,职业健康,False,,,职业卫生/健康
《安全生产法》三十三条第一项,安全生产,安全||安全生产,False,,,安全生产
《用人单位职业健康监护监督管理办法》第二十六条,安全生产,职业健康,False,,,职业卫生/健康
《用人单位职业健康监护监督管理办法》第二十六条第(五)项,安全生产,职业健康,False,,,职业卫生/健康
《用人单位职业健康监护监督管理办法》第二十六条第(五)项,安全生产,职业健康,False,,,职业卫生/健康
《用人单位职业健康监护监督管理办法》第二十六条第五项,安全生产,职业健康,False,,,职业卫生/健康
《生产经营单位安全培训规定》第十三条第一款,安全生产,安全,False,,,安全生产
《生产经营单位安全培训规定》第二十二条,安全生产,安全,False,,,安全生产
《生产经营单位安全培训规定》第六条,安全生产,安全,False,,,安全生产
《特种作业人员安全技术培训考核管理规定》第三十八条,安全生产,安全||安全管理规定||安全技术||特种作业,False,,,安全生产
《特种作业人员安全技术培训考核管理规定》第三十九条第一款,安全生产,安全||安全管理规定||安全技术||特种作业,False,,,安全生产
《特种作业人员安全技术培训考核管理规定》第三十九条第一款,安全生产,安全||安全管理规定||安全技术||特种作业,False,,,安全生产
《安全生产违法行为处罚办法》第四十五条第一项,安全生产,安全||安全生产,False,,,安全生产
《生产经营单位生产安全事故应急预案编制导则》,安全生产,安全||应急||应急预案,False,,,安全生产
《生产设备安全卫生设计总则》,安全生产,安全,False,,,安全生产
《生产设备安全卫生设计总则》,安全生产,安全,False,,,安全生产
《生产设备安全卫生设计总则》,安全生产,安全,False,,,安全生产
《生产设备安全卫生设计总则》,安全生产,安全,False,,,安全生产
《生产设备安全卫生设计总则》,安全生产,安全,False,,,安全生产
《特种作业人员安全技术培训考核管理规定》第三十四条,安全生产,安全||安全管理规定||安全技术||特种作业,False,,,安全生产
《安全生产违法行为行政处罚办法》,安全生产,安全||安全生产,False,,,安全生产
《安全生产违法行为行政处罚办法》第四十五条,安全生产,安全||安全生产,False,,,安全生产
《安全生产违法行为行政处罚办法》第四十五条,安全生产,安全||安全生产,False,,,安全生产
《安全生产违法行为行政处罚办法》第四十五条,安全生产,安全||安全生产,False,,,安全生产
《安全生产违法行为行政处罚办法》第五十三条的规定,安全生产,安全||安全生产,False,,,安全生产
《安全生产事故隐患排查治理暂行规定》第十四条第二款,安全生产,安全隐患||事故隐患||事故隐患排查||隐患||安全||安全生产||排查||隐患排查,False,,,安全生产
《安全生产事故隐患排查治理暂行规定》第十四条第一款,安全生产,安全隐患||事故隐患||事故隐患排查||隐患||安全||安全生产||排查||隐患排查,False,,,安全生产
《安全生产违法行为行政处罚办法》第十七条,安全生产,安全||安全生产,False,,,安全生产
《安全生产违法行为行政处罚办法》第四十五条第(一)项,安全生产,安全||安全生产,False,,,安全生产
《安全生产违法行为行政处罚办法》第四十五条第(一)项,安全生产,安全||安全生产,False,,,安全生产
《安全生产违法行为行政处罚办法》第四十五条第(七)项,安全生产,安全||安全生产,False,,,安全生产
《安全生产违法行为行政处罚办法》第四十五条第(七)项,安全生产,安全||安全生产,False,,,安全生产
《安全生产违法行为行政处罚办法》第四十五条第(一)项,安全生产,安全||安全生产||警告,False,,,安全生产
《安全生产事故隐患排查治理暂行规定》第二十六条第二项,安全生产,安全隐患||事故隐患||事故隐患排查||隐患||安全||安全生产||排查||隐患排查,False,,,安全生产
《安全生产违法行为行政处罚办法》第四十五条的规定,安全生产,安全||安全生产,False,,,安全生产
《安全生产违法行为行政处罚办法》第四十五条的规定,安全生产,安全||安全生产,False,,,安全生产
《安全生产事故隐患排查治理暂行规定》第二十六条,安全生产,安全隐患||事故隐患||事故隐患排查||隐患||安全||安全生产||排查||隐患排查,False,,,安全生产
《安全生产违法行为行政处罚办法》第四十五条第(一)项,安全生产,安全||安全生产,False,,,安全生产
《安全生产违法行为行政处罚办法》第四十五条第(一)项,安全生产,安全||安全生产,False,,,安全生产
《安全生产违法行为行政处罚办法》第四十五条第(一)项,安全生产,安全||安全生产,False,,,安全生产
《用人单位职业健康监护监督管理办法》第十七条第(三)项,安全生产,职业健康,False,,,职业卫生/健康
《用人单位职业健康监护监督管理办法》第十七条,安全生产,职业健康,False,,,职业卫生/健康
《用人单位职业健康监护监督管理办法》第十七条,安全生产,职业健康,False,,,职业卫生/健康
《用人单位职业健康监护监督管理办法》第十七条,安全生产,职业健康,False,,,职业卫生/健康
《安全生产培训管理办法》第十一条,安全生产,安全||安全生产||安全生产培训||安全生产管理,False,,,安全生产
《安全生产违法行为行政处罚办法》第九十六条第（一）项,安全生产,安全||安全生产,False,,,安全生产
《安全生产违法行为行政处罚办法》第九十六条第（三）项的规定,安全生产,安全||安全生产,False,,,安全生产
《安全生产违法行为行政处罚办法》第二十三条,安全生产,安全||安全生产,False,,,安全生产
《安全生产培训管理办法》第三十六条,安全生产,安全||安全生产||安全生产培训||安全生产管理,False,,,安全生产
《安全生产培训管理办法》第三十六条第（一）项,安全生产,安全||安全生产||安全生产培训||安全生产管理,False,,,安全生产
《工作场所职业卫生监督管理规定》第十二条第（一）项,安全生产,职业卫生,False,,,职业卫生/健康
《工作场所职业卫生监督管理规定》第四十八条第（一）项,安全生产,职业卫生,False,,,职业卫生/健康
《工作场所职业卫生监督管理规定》第二十条,安全生产,职业卫生,False,,,职业卫生/健康
《生产安全事故应急预案管理办法》第四十五条第五项,安全生产,安全||应急||应急预案||应急管理,False,,,安全生产
《工作场所职业卫生监督管理规定》第五十条第(四)项,安全生产,职业卫生,False,,,职业卫生/健康
《工作场所职业卫生监督管理规定》第九条第一款,安全生产,职业卫生,False,,,职业卫生/健康
《工作场所职业卫生监督管理规定》第四十八条第（二）项,安全生产,职业卫生,False,,,职业卫生/健康
《工作场所职业卫生管理规定》第九条第一款,安全生产,职业卫生,False,,,职业卫生/健康
《工作场所职业卫生管理规定》第二十条第一款,安全生产,职业卫生,False,,,职业卫生/健康
《工作场所职业卫生管理规定》第九条第一款,安全生产,职业卫生,False,,,职业卫生/健康
《工作场所职业卫生监督管理规定》第四十八条第（二）项,安全生产,职业卫生,False,,,职业卫生/健康
《工作场所职业卫生管理规定》第三十条,安全生产,职业卫生,False,,,职业卫生/健康
《工作场所职业卫生管理规定》第九条,安全生产,职业卫生,False,,,职业卫生/健康
《煤矿安全规程》第四百六十条第一款,安全生产,矿||安全,False,(匹配)安全生产,,安全生产/危化品||安全生产
《煤矿安全规程》第四百四十八条,安全生产,矿||安全,False,(匹配)安全生产,,安全生产/危化品||安全生产
《山东金莱矿业有限公司“7·30”一般冒顶事故调查报告》,安全生产,矿||矿业,False,,,安全生产/危化品
《煤矿安全规程》第四百四十四条,安全生产,矿||安全,False,(匹配)安全生产,,安全生产/危化品||安全生产
《生产安全事故应急预案管理办法》第四十五条第五项,安全生产,安全||应急||应急预案||应急管理,False,,,安全生产
《生产安全事故应急预案管理办法》第四十五条第五项,安全生产,安全||应急||应急预案||应急管理,False,,,安全生产
《工业企业煤气安全规程》,安全生产,工业||安全,False,,,安全生产/危化品||安全生产
《工贸企业有限空间作业安全管理与监督暂行规定》第三十条第一项,安全生产,安全||安全管理规定,False,,,安全生产
《工贸企业有限空间作业安全管理与监督暂行规定》第七条、第十九条第二项,安全生产,安全||安全管理规定,False,,,安全生产
《工贸企业有限空间作业安全管理与监督暂行规定》第七条,安全生产,安全||安全管理规定,False,,,安全生产
《生产安全事故应急预案管理办法》第十条第一款,安全生产,安全||应急||应急预案||应急管理,False,,,安全生产
《工贸企业有限空间作业安全管理与监督暂行规定》第二十九条第二项,安全生产,安全||安全管理规定,False,,,安全生产
《煤矿安全规程》第四百九十二条第二款,安全生产,矿||安全,False,(匹配)安全生产,,安全生产/危化品||安全生产
《工贸企业有限空间作业安全管理与监督暂行规定》第三十条第一项的规定,安全生产,安全||安全管理规定,False,,,安全生产
《工贸企业有限空间作业安全管理与监督暂行规定》第三十条第（一）项,安全生产,安全||安全管理规定,False,,,安全生产
《工贸企业有限空间作业安全管理与监督暂行规定》第三十条第（二）项,安全生产,安全||安全管理规定,False,,,安全生产
《工贸企业有限空间作业安全管理与监督暂行规定》第二十一条,安全生产,安全||安全管理规定,False,,,安全生产
《工贸企业有限空间作业安全管理与监督暂行规定》第二十一条,安全生产,安全||安全管理规定,False,,,安全生产
《工贸企业有限空间作业安全管理与监督暂行规定》第二十一条,安全生产,安全||安全管理规定,False,,,安全生产
《煤矿安全规程》第四百八十三条,安全生产,矿||安全,False,(匹配)安全生产,,安全生产/危化品||安全生产
《煤矿安全规程》第四百八十一条第一款,安全生产,矿||安全,False,(匹配)安全生产,,安全生产/危化品||安全生产
《工作场所职业卫生管理规定》第十六条,安全生产,职业卫生,False,,,职业卫生/健康
《煤矿安全规程》第四百八十二条,安全生产,矿||安全,False,(匹配)安全生产,,安全生产/危化品||安全生产
《工作场所职业卫生管理规定》第四十七条第(二)项,安全生产,职业卫生,False,,,职业卫生/健康
《煤矿安全规程》第四百八十三条第一款,安全生产,矿||安全,False,(匹配)安全生产,,安全生产/危化品||安全生产
《生产安全事故应急预案管理办法》第四十五条,安全生产,安全||应急||应急预案||应急管理,False,,,安全生产
《煤矿安全规程》第四百五十八条,安全生产,矿||安全,False,(匹配)安全生产,,安全生产/危化品||安全生产
《煤矿安全规程》第四百五十三条第四款,安全生产,矿||安全,False,(匹配)安全生产,,安全生产/危化品||安全生产
《煤矿安全规程》第四百五十一条,安全生产,矿||安全,False,(匹配)安全生产,,安全生产/危化品||安全生产
《山东省安全生产条例》第七十六条,安全生产,安全||安全生产,False,,,安全生产
《安全生产许可证条例》第二条,安全生产,安全||安全生产||许可证,False,,,安全生产
《山东省安全生产条例》第三十条第（三）项,安全生产,安全||安全生产,False,,,安全生产
《山东省安全生产条例》第三十条第一款,安全生产,安全||安全生产,False,,,安全生产
《山东省安全生产条例》第三十条第一款,安全生产,安全||安全生产,False,,,安全生产
《粉尘防爆安全规程》,安全生产,安全||粉尘,False,,,安全生产
《粉尘防爆安全规程》,安全生产,安全||粉尘,False,,,安全生产
《粉尘防爆安全规程》,安全生产,安全||粉尘,False,,,安全生产
《山东省安全生产条例》第三十条第一款第三项,安全生产,安全||安全生产,False,,,安全生产
《涂装作业安全规程粉末静电喷涂工艺安全》,安全生产,安全,False,,,安全生产
《尾矿库安全监督管理规定》第二十三条及第三十九条第二款,安全生产,矿||安全||安全管理规定||安全监理,False,,,安全生产/危化品||安全生产
《尾矿库安全监督管理规定》第二十二条,安全生产,矿||安全||安全管理规定||安全监理,False,,,安全生产/危化品||安全生产
《尾矿库安全监督管理规定》第四十条,安全生产,矿||安全||安全管理规定||安全监理||警告,False,,,安全生产/危化品||安全生产
《小型露天采石场安全管理与监督检查规定》第三十九条,安全生产,安全||安全管理规定||警告,False,,,安全生产
《生产安全事故报告和调查处理条例》第三十二条第二款,安全生产,安全,False,,,安全生产
《生产安全事故应急预案管理办法》第四十四条第（一）项,安全生产,安全||应急||应急预案||应急管理,False,,,安全生产
《生产安全事故应急预案管理办法》第四十四条,安全生产,安全||应急||应急预案||应急管理,False,,,安全生产
《生产安全事故应急预案管理办法》第四十四条第二项,安全生产,安全||应急||应急预案||应急管理,False,,,安全生产
《生产安全事故应急预案管理办法》第四十四条第一项,安全生产,安全||应急||应急预案||应急管理,False,,,安全生产
《生产安全事故应急预案管理办法》第四十四条第一项,安全生产,安全||应急||应急预案||应急管理,False,,,安全生产
《山东省安全生产行政处罚自由裁量基准（试行）》,安全生产,安全||安全生产,False,,,安全生产
《山东省安全生产行政处罚自由裁量基准》,安全生产,安全||安全生产,False,,,安全生产
《山东省安全生产行政处罚自由裁量基准》,安全生产,安全||安全生产,False,,,安全生产
《缺氧危险作业安全规程》,安全生产,安全,False,,,安全生产
《山东省建筑安全生产管理规定》第四十三条,安全生产,安全||安全生产||安全管理规定||安全生产管理,False,,,安全生产
《山东省建筑安全生产管理规定》第四十三条之规定,安全生产,安全||安全生产||安全管理规定||安全生产管理,False,,,安全生产
《山东省建筑安全生产管理规定》第四十三条,安全生产,安全||安全生产||安全管理规定||安全生产管理,False,,,安全生产
《山东省建筑安全生产管理规定》第四十五条,安全生产,安全||安全生产||安全管理规定||安全生产管理,False,,,安全生产
《山东省建筑安全生产管理规定》第二十九条,安全生产,安全||安全生产||安全管理规定||安全生产管理,False,,,安全生产
《山东省建筑安全生产管理规定》第二十九条,安全生产,安全||安全生产||安全管理规定||安全生产管理,False,,,安全生产
《山东省安全生产行政处罚自由裁量基准(试行)》,安全生产,安全||安全生产,False,,,安全生产
《中华人民共和国安全生产法》第二十条、第二十一条、第二十二条,安全生产,安全||安全生产,False,,,安全生产
《中华人民共和国安全生产法》第二十四条第一款,安全生产,安全||安全生产,False,,,安全生产
《中华人民共和国安全生产法》第二十八条第四款,安全生产,安全||安全生产,False,,,安全生产
《中华人民共和国安全生产法》第二十条第一款,安全生产,安全||安全生产,False,,,安全生产
《中华人民共和国安全生产法》第八十二条第二款,安全生产,安全||安全生产,False,,,安全生产
《中华人民共和国安全生产法》第八十一条,安全生产,安全||安全生产,False,,,安全生产
《中华人民共和国安全生产法》第八十一条,安全生产,安全||安全生产,False,,,安全生产
《中华人民共和国安全生产法》第五十七条,安全生产,安全||安全生产,False,,,安全生产
《中华人民共和国安全生产法》第五十七条,安全生产,安全||安全生产,False,,,安全生产
《中华人民共和国安全生产法》第五十七条,安全生产,安全||安全生产,False,,,安全生产
《中华人民共和国安全生产法》第二十五条第四款,安全生产,安全||安全生产,False,,,安全生产
《中华人民共和国安全生产法》第二十五条第四款,安全生产,安全||安全生产,False,,,安全生产
《中华人民共和国安全生产法》第二十五条第四款、第三十三条第二款,安全生产,安全||安全生产,False,,,安全生产
《中华人民共和国安全生产法》第二十八条第四款,安全生产,安全||安全生产,False,,,安全生产
《中华人民共和国安全生产法》第二十八条第四款,安全生产,安全||安全生产,False,,,安全生产
《中华人民共和国安全生产法》第二十八条第四款,安全生产,安全||安全生产,False,,,安全生产
《中华人民共和国安全生产法》第二十八条第四款,安全生产,安全||安全生产,False,,,安全生产
《中华人民共和国安全生产法》第二十八条第一款,安全生产,安全||安全生产,False,,,安全生产
《中华人民共和国安全生产法》第二十八条第一款,安全生产,安全||安全生产,False,,,安全生产
《中华人民共和国安全生产法》第二十八条第一款,安全生产,安全||安全生产,False,,,安全生产
《中华人民共和国安全生产法》第二十八条第一款,安全生产,安全||安全生产,False,,,安全生产
《中华人民共和国安全生产法》第二十八条第一款,安全生产,安全||安全生产,False,,,安全生产
《中华人民共和国安全生产法》第四十一条第二款,安全生产,安全||安全生产,False,,,安全生产
《中华人民共和国安全生产法》第四十一条第二款,安全生产,安全||安全生产,False,,,安全生产
《中华人民共和国安全生产法》第四十一条第二款,安全生产,安全||安全生产,False,,,安全生产
《中华人民共和国安全生产法》第四十一条第二款,安全生产,安全||安全生产,False,,,安全生产
《中华人民共和国安全生产法》第四十一条第二款,安全生产,安全||安全生产,False,,,安全生产
《中华人民共和国安全生产法》第四十一条第二款,安全生产,安全||安全生产,False,,,安全生产
《中华人民共和国安全生产法》第四十一条第二款,安全生产,安全||安全生产,False,,,安全生产
《中华人民共和国安全生产法》第四十二条,安全生产,安全||安全生产,False,,,安全生产
《中华人民共和国安全生产法》第四十九条第二款,安全生产,安全||安全生产,False,,,安全生产
《中华人民共和国安全生产法》第四十九条第二款,安全生产,安全||安全生产,False,,,安全生产
《中华人民共和国安全生产法》第四十一条第二款,安全生产,安全||安全生产,False,,,安全生产
《中华人民共和国安全生产法》第四十九条第二款,安全生产,安全||安全生产,False,,,安全生产
《中华人民共和国安全生产法》第四十九条第二款,安全生产,安全||安全生产,False,,,安全生产
《中华人民共和国安全生产法》第四十九条第二款,安全生产,安全||安全生产,False,,,安全生产
《中华人民共和国安全生产法》第四十九条第二款,安全生产,安全||安全生产,False,,,安全生产
《中华人民共和国安全生产法》第四十九条第二款,安全生产,安全||安全生产,False,,,安全生产
《中华人民共和国安全生产法》第四十一条第二款,安全生产,安全||安全生产,False,,,安全生产
《中华人民共和国安全生产法》第四十一条第二款,安全生产,安全||安全生产,False,,,安全生产
《中华人民共和国安全生产法》第十七条,安全生产,安全||安全生产,False,,,安全生产
《中华人民共和国安全生产法》第十一条第二款,安全生产,安全||安全生产,False,,,安全生产
《中华人民共和国安全生产法》第四十一条第一款,安全生产,安全||安全生产,False,,,安全生产
《中华人民共和国安全生产法》第四十一条,安全生产,安全||安全生产,False,,,安全生产
《中华人民共和国安全生产法》第四十一条,安全生产,安全||安全生产,False,,,安全生产
《中华人民共和国安全生产法》第四十一条,安全生产,安全||安全生产,False,,,安全生产
《中华人民共和国安全生产法》第十六条,安全生产,安全||安全生产,False,,,安全生产
《中华人民共和国安全生产法》第二十五条第四款,安全生产,安全||安全生产,False,,,安全生产
《中华人民共和国安全生产法》第二十五条第四款,安全生产,安全||安全生产,False,,,安全生产
《中华人民共和国安全生产法》第二十五条第四款,安全生产,安全||安全生产,False,,,安全生产
《中华人民共和国安全生产法》第二十一条第一款、第二十四条第三款、第二十五条第一款、第三十八第一款,安全生产,安全||安全生产,False,,,安全生产
《中华人民共和国安全生产法》第二十一条第一款,安全生产,安全||安全生产,False,,,安全生产
《中华人民共和国安全生产法》第二十一条第一款,安全生产,安全||安全生产,False,,,安全生产
《中华人民共和国安全生产法》第二十七条第一款,安全生产,安全||安全生产,False,,,安全生产
《中华人民共和国安全生产法》第二十七条第一款,安全生产,安全||安全生产,False,,,安全生产
《中华人民共和国安全生产法》第二十七条第一款,安全生产,安全||安全生产,False,,,安全生产
《中华人民共和国安全生产法》第二十七条第一款,安全生产,安全||安全生产,False,,,安全生产
《中华人民共和国安全生产法》第二十七条第一款,安全生产,安全||安全生产,False,,,安全生产
《中华人民共和国安全生产法》第二十七条,安全生产,安全||安全生产,False,,,安全生产
《中华人民共和国安全生产法》第二十七条,安全生产,安全||安全生产,False,,,安全生产
《中华人民共和国安全生产法》第二十一条第五款,安全生产,安全||安全生产,False,,,安全生产
《中华人民共和国安全生产法》第九十四条第（三）项,安全生产,安全||安全生产,False,,,安全生产
《中华人民共和国安全生产法》第九十四条第（七）项,安全生产,安全||安全生产,False,,,安全生产
《中华人民共和国安全生产法》第九十四条第四项,安全生产,安全||安全生产,False,,,安全生产
《中华人民共和国安全生产法》第九十四条第四项,安全生产,安全||安全生产,False,,,安全生产
《中华人民共和国安全生产法》第九十四条第四项,安全生产,安全||安全生产,False,,,安全生产
《中华人民共和国安全生产法》第九十四条第（四）项,安全生产,安全||安全生产,False,,,安全生产
《中华人民共和国安全生产法》第九十四条第（四）项,安全生产,安全||安全生产,False,,,安全生产
《中华人民共和国安全生产法》第九十四条第（五）项,安全生产,安全||安全生产,False,,,安全生产
《中华人民共和国安全生产法》第九十四条第（四）项,安全生产,安全||安全生产,False,,,安全生产
《中华人民共和国安全生产法》第九十四条第（四）项,安全生产,安全||安全生产,False,,,安全生产
《中华人民共和国安全生产法》第九十四条第（四）项,安全生产,安全||安全生产,False,,,安全生产
《中华人民共和国安全生产法》第九十四条第（六）项,安全生产,安全||安全生产,False,,,安全生产
《中华人民共和国安全生产法》第九十四条第（六）项,安全生产,安全||安全生产,False,,,安全生产
《中华人民共和国安全生产法》第九十四条第（四）项,安全生产,安全||安全生产,False,,,安全生产
《中华人民共和国安全生产法》第二十五条第一款、第三十八条第一款,安全生产,安全||安全生产,False,,,安全生产
《中华人民共和国安全生产法》第二十五条第一款,安全生产,安全||安全生产,False,,,安全生产
《中华人民共和国安全生产法》第二十五条第一款,安全生产,安全||安全生产,False,,,安全生产
《中华人民共和国安全生产法》第二十五条第一款,安全生产,安全||安全生产,False,,,安全生产
《中华人民共和国安全生产法》第二十五条,安全生产,安全||安全生产,False,,,安全生产
《中华人民共和国安全生产法》第二十五条,安全生产,安全||安全生产,False,,,安全生产
《中华人民共和国安全生产法》第二十五条第一款,安全生产,安全||安全生产,False,,,安全生产
《中华人民共和国安全生产法》第二十五条第四款,安全生产,安全||安全生产,False,,,安全生产
《中华人民共和国安全生产法》第二十五条第四款,安全生产,安全||安全生产,False,,,安全生产
《中华人民共和国安全生产法》第二十五条第四款,安全生产,安全||安全生产,False,,,安全生产
《中华人民共和国安全生产法》第二十五条,安全生产,安全||安全生产,False,,,安全生产
《中华人民共和国安全生产法》第二十五条第一款,安全生产,安全||安全生产,False,,,安全生产
《中华人民共和国安全生产法》第二十二条,安全生产,安全||安全生产,False,,,安全生产
《中华人民共和国安全生产法》第二十九条,安全生产,安全||安全生产,False,,,安全生产
《中华人民共和国安全生产法》第二十九条,安全生产,安全||安全生产,False,,,安全生产
《中华人民共和国安全生产法》第二十二条,安全生产,安全||安全生产,False,,,安全生产
《中华人民共和国安全生产法》第二十七条第二款,安全生产,安全||安全生产,False,,,安全生产
《中华人民共和国安全生产法》第二十七条第一款,安全生产,安全||安全生产,False,,,安全生产
《中华人民共和国安全生产法》第二十三条,安全生产,安全||安全生产,False,,,安全生产
《中华人民共和国安全生产法》第二十五条,安全生产,安全||安全生产,False,,,安全生产
《中华人民共和国安全生产法》第二十五条,安全生产,安全||安全生产,False,,,安全生产
《中华人民共和国安全生产法》,安全生产,安全||安全生产,False,,,安全生产
《中华人民共和国安全生产法》第二十二条第二款,安全生产,安全||安全生产,False,,,安全生产
《中华人民共和国安全生产法》第二十二条第二款,安全生产,安全||安全生产,False,,,安全生产
《中华人民共和国安全生产法》第二十二条第四项,安全生产,安全||安全生产,False,,,安全生产
《中华人民共和国安全生产法》第四十二条第二款,安全生产,安全||安全生产,False,,,安全生产
《中华人民共和国安全生产法》第四十二条第二款,安全生产,安全||安全生产,False,,,安全生产
《生产安全事故应急预案管理办法》第四十四条第二款,安全生产,安全||应急||应急预案||应急管理,False,,,安全生产
《用人单位职业健康监护监督管理办法》第二十六条第(一)项,安全生产,职业健康,False,,,职业卫生/健康
《液压机安全技术要求》,安全生产,安全||安全技术,False,,,安全生产
《天津市安全生产条例》第六十一条,安全生产,安全||安全生产,False,,,安全生产
《危险化学品安全管理条例》第八十条第一款第(三)项,安全生产,危险品||危化品||安全,False,,,安全生产/危化品||安全生产
《危险化学品安全管理条例》第八十条第一款第(四)项,安全生产,危险品||危化品||安全,False,,,安全生产/危化品||安全生产
《危险化学品安全管理条例》第八十条第四项,安全生产,危险品||危化品||安全,False,,,安全生产/危化品||安全生产
《危险化学品安全管理条例》第八十条第(四)项,安全生产,危险品||危化品||安全,False,,,安全生产/危化品||安全生产
《危险化学品安全管理条例》第八十条第(二)项,安全生产,危险品||危化品||安全,False,,,安全生产/危化品||安全生产
《安全生产事故隐患排查治理暂行规定》第二十六条的规定,安全生产,安全隐患||事故隐患||事故隐患排查||隐患||安全||安全生产||排查||隐患排查,False,,,安全生产
《山东省建筑安全生产管理规定》第四十三条,安全生产,安全||安全生产||安全管理规定||安全生产管理,False,,,安全生产
《工作场所职业卫生管理规定》第四十九条第(四)项,安全生产,职业卫生,False,,,职业卫生/健康
《工贸企业粉尘防爆安全规定》第二十九条,安全生产,安全||粉尘,False,,,安全生产
《安全生产违法行为行政处罚办法》第四十六条第(二)项的规定,安全生产,安全||安全生产,False,,,安全生产
《建筑起重机械安全监督管理规定》第三十一条,安全生产,安全||安全管理规定||安全监理,False,,,安全生产
《安全生产事故隐患排查治理暂行规定》第二十六条第(六)项,安全生产,安全隐患||事故隐患||事故隐患排查||隐患||安全||安全生产||排查||隐患排查,False,,,安全生产
《安全生产法》第九十九条第二项,安全生产,安全||安全生产,False,,,安全生产
《安全生产违法行为行政处罚办法》第四十五条第（一）项,安全生产,安全||安全生产,False,,,安全生产
《安全生产法》第九十九条第（二）项,安全生产,安全||安全生产,False,,,安全生产
《安全生产法》第九十四条第七项,安全生产,安全||安全生产,False,,,安全生产
《安全生产法》第九十四条第三项,安全生产,安全||安全生产,False,,,安全生产
《安全生产违法行为行政处罚办法》第四十五条,安全生产,安全||安全生产,False,,,安全生产
《安全生产违法行为行政处罚办法》第四十五条第(一)项,安全生产,安全||安全生产,False,,,安全生产
《安全生产违法行为行政处罚办法》第四十五条第一项,安全生产,安全||安全生产,False,,,安全生产
《中华人民共和国安全生产法》第九十四条第四项,安全生产,安全||安全生产,False,,,安全生产
《气瓶安全技术监察规程》,安全生产,安全||安全技术,False,,,安全生产
《中华人民共和国工业生产许可证管理条例》第四十五条,安全生产,工业||许可证,False,,,安全生产/危化品
《中华人民共和国安全生产法》第四十六条第二款,安全生产,安全||安全生产,False,,,安全生产
《中华人民共和国安全生产法》第四十六条第二款,安全生产,安全||安全生产,False,,,安全生产
《中华人民共和国安全生产法》第四十六条第二款,安全生产,安全||安全生产,False,,,安全生产
《中华人民共和国安全生产法》第四十六条第二款,安全生产,安全||安全生产,False,,,安全生产
《中华人民共和国安全生产法》第四十六条第二款,安全生产,安全||安全生产,False,,,安全生产
《中华人民共和国安全生产法》第四十五条,安全生产,安全||安全生产,False,,,安全生产
《中华人民共和国安全生产法》第四十五条,安全生产,安全||安全生产,False,,,安全生产
《中华人民共和国安全生产法》第四十五条,安全生产,安全||安全生产,False,,,安全生产
《中华人民共和国安全生产法》第四十二条,安全生产,安全||安全生产,False,,,安全生产
《中华人民共和国安全生产法》第四十八条,安全生产,安全||安全生产,False,,,安全生产
《中华人民共和国安全生产法》第四十六条第二款,安全生产,安全||安全生产,False,,,安全生产
《中华人民共和国安全生产法》第四十六条第二款,安全生产,安全||安全生产,False,,,安全生产
《中华人民共和国安全生产法》第四十条,安全生产,安全||安全生产,False,,,安全生产
《中华人民共和国安全生产法》第四十四条第一款,安全生产,安全||安全生产,False,,,安全生产
《中华人民共和国安全生产法》第四十四条,安全生产,安全||安全生产,False,,,安全生产
《中华人民共和国安全生产法》第四条,安全生产,安全||安全生产,False,,,安全生产
《江苏省安全生产条例》第四十八条,安全生产,安全||安全生产,False,,,安全生产
《江苏省安全生产条例》第二十四条第一款,安全生产,安全||安全生产,False,,,安全生产
《中华人民共和国安全生产法》第九十四条,安全生产,安全||安全生产,False,,,安全生产
《中华人民共和国安全生产法》第九十四条,安全生产,安全||安全生产,False,,,安全生产
《江苏省工业企业安全生产风险报告规定》第十六条,安全生产,工业||安全风险||安全||安全生产,False,,,安全生产/危化品||安全生产
《江苏省工业企业安全生产风险报告规定》第十七条,安全生产,工业||安全风险||安全||安全生产,False,,,安全生产/危化品||安全生产
《生产安全事故应急预案管理办法》第四十四条,安全生产,安全||应急||应急预案||应急管理,False,,,安全生产
《生产经营单位安全培训规定》第三十条,安全生产,安全,False,,,安全生产
《山东省建筑安全生产管理规定》第四十三条,安全生产,安全||安全生产||安全管理规定||安全生产管理,False,,,安全生产
《用人单位职业健康监护监督管理办法》第二十六条第(五)项,安全生产,职业健康,False,,,职业卫生/健康
《危险化学品安全管理条例》第八十条,安全生产,危险品||危化品||安全,False,,,安全生产/危化品||安全生产
《危险化学品安全管理条例》第八十条第(四)项,安全生产,危险品||危化品||安全,False,,,安全生产/危化品||安全生产
《危险化学品安全管理条例》第八十条第一款第(四)项,安全生产,危险品||危化品||安全,False,,,安全生产/危化品||安全生产
《安全生产法》第一百零三条第二款,安全生产,安全||安全生产,False,,,安全生产
《安全生产法》第一百零二条,安全生产,安全||安全生产,False,,,安全生产
《安全生产法》第九十七条第(七)项,安全生产,安全||安全生产,False,,,安全生产
《安全生产法》第九十九条第(二)项,安全生产,安全||安全生产,False,,,安全生产
《安全生产法》第九十六条,安全生产,安全||安全生产,False,,,安全生产
《安全生产法》第九十六条第二项,安全生产,安全||安全生产,False,,,安全生产
《安全生产违法行为行政处罚办法》第四十五条第一项,安全生产,安全||安全生产,False,,,安全生产
《安全生产法》第一百零一条,安全生产,安全||安全生产,False,,,安全生产
《中华人民共和国安全生产法》第九十四条第四款,安全生产,安全||安全生产,False,,,安全生产
《中华人民共和国安全生产法》第九十四条第四款,安全生产,安全||安全生产,False,,,安全生产
《中华人民共和国安全生产法》第三十二条的规定,安全生产,安全||安全生产,False,,,安全生产
《中华人民共和国安全生产法》第三十二条的规定,安全生产,安全||安全生产,False,,,安全生产
《中华人民共和国安全生产法》第三十二条,安全生产,安全||安全生产,False,,,安全生产
《中华人民共和国安全生产法》第三十二条,安全生产,安全||安全生产,False,,,安全生产
《中华人民共和国安全生产法》第三十二条,安全生产,安全||安全生产,False,,,安全生产
《中华人民共和国安全生产法》第三十二条,安全生产,安全||安全生产,False,,,安全生产
《中华人民共和国安全生产法》第三十二条,安全生产,安全||安全生产,False,,,安全生产
《中华人民共和国安全生产法》第三十二条,安全生产,安全||安全生产,False,,,安全生产
《中华人民共和国安全生产法》第三十五条,安全生产,安全||安全生产,False,,,安全生产
《中华人民共和国安全生产法》第三十五条,安全生产,安全||安全生产,False,,,安全生产
《中华人民共和国安全生产法》第三十五条,安全生产,安全||安全生产,False,,,安全生产
《中华人民共和国安全生产法》第三十八条,安全生产,安全||安全生产,False,,,安全生产
《中华人民共和国安全生产法》第三十八条,安全生产,安全||安全生产,False,,,安全生产
《中华人民共和国安全生产法》第三十五条,安全生产,安全||安全生产,False,,,安全生产
《中华人民共和国安全生产法》第三十五条第三款,安全生产,安全||安全生产,False,,,安全生产
《中华人民共和国安全生产法》第三十二条,安全生产,安全||安全生产,False,,,安全生产
《中华人民共和国安全生产法》第三十五条,安全生产,安全||安全生产,False,,,安全生产
《中华人民共和国安全生产法》第三十二条,安全生产,安全||安全生产,False,,,安全生产
《中华人民共和国安全生产法》第三十三条第一款,安全生产,安全||安全生产,False,,,安全生产
《中华人民共和国安全生产法》第三十三条第一款,安全生产,安全||安全生产,False,,,安全生产
《中华人民共和国安全生产法》第三十七条,安全生产,安全||安全生产,False,,,安全生产
《中华人民共和国安全生产法》第三十三条第一款,安全生产,安全||安全生产,False,,,安全生产
《中华人民共和国安全生产法》第七十条第一款,安全生产,安全||安全生产,False,,,安全生产
《中华人民共和国安全生产法》第七十八条的规定,安全生产,安全||安全生产,False,,,安全生产
《中华人民共和国安全生产法》第七十八条,安全生产,安全||安全生产,False,,,安全生产
《中华人民共和国安全生产法》第七十八条,安全生产,安全||安全生产,False,,,安全生产
《中华人民共和国安全生产法》第七十八条,安全生产,安全||安全生产,False,,,安全生产
《中华人民共和国安全生产法》第七十八条,安全生产,安全||安全生产,False,,,安全生产
《中华人民共和国安全生产法》第三十八条,安全生产,安全||安全生产,False,,,安全生产
《中华人民共和国安全生产法》第三十三条第一款,安全生产,安全||安全生产,False,,,安全生产
《中华人民共和国安全生产法》第三十九条第二款,安全生产,安全||安全生产,False,,,安全生产
《中华人民共和国安全生产法》第三十九条第二款,安全生产,安全||安全生产,False,,,安全生产
《中华人民共和国安全生产法》,安全生产,安全||安全生产,False,,,安全生产
《中华人民共和国安全生产法》第三十三条第二款,安全生产,安全||安全生产,False,,,安全生产
《中华人民共和国安全生产法》第三十三条第二款,安全生产,安全||安全生产,False,,,安全生产
《中华人民共和国安全生产法》第三十三条第一款,安全生产,安全||安全生产,False,,,安全生产
《中华人民共和国安全生产法》第三十三条第二款,安全生产,安全||安全生产,False,,,安全生产
《中华人民共和国安全生产法》第三十三条第二款,安全生产,安全||安全生产,False,,,安全生产
《中华人民共和国安全生产法》第三十三条第一款,安全生产,安全||安全生产,False,,,安全生产
《中华人民共和国安全生产法》第三十三条第一款,安全生产,安全||安全生产,False,,,安全生产
《中华人民共和国安全生产法》第三十八条的规定,安全生产,安全||安全生产,False,,,安全生产
《中华人民共和国安全生产法》第三十条第一款,安全生产,安全||安全生产,False,,,安全生产
《中华人民共和国安全生产法》第三十条第一款,安全生产,安全||安全生产,False,,,安全生产
《中华人民共和国安全生产法》第三十条的规定,安全生产,安全||安全生产,False,,,安全生产
《中华人民共和国安全生产法》第三十条,安全生产,安全||安全生产,False,,,安全生产
《中华人民共和国安全生产法》第三十条,安全生产,安全||安全生产,False,,,安全生产
《中华人民共和国安全生产法》第三十条第一款,安全生产,安全||安全生产,False,,,安全生产
《中华人民共和国安全生产法》第三十六条第（一）款,安全生产,安全||安全生产,False,,,安全生产
《中华人民共和国安全生产法》第三十六条第二款,安全生产,安全||安全生产,False,,,安全生产
《中华人民共和国安全生产法》第九十七条第(七)项,安全生产,安全||安全生产,False,,,安全生产
《中华人民共和国安全生产法》第九十七条第(七)项,安全生产,安全||安全生产,False,,,安全生产
《中华人民共和国安全生产法》第九十七条,安全生产,安全||安全生产,False,,,安全生产
《中华人民共和国安全生产法》第九十七条,安全生产,安全||安全生产,False,,,安全生产
《中华人民共和国安全生产法》第九十七条,安全生产,安全||安全生产,False,,,安全生产
《中华人民共和国安全生产法》第九十七条,安全生产,安全||安全生产,False,,,安全生产
《中华人民共和国安全生产法》第九十七条,安全生产,安全||安全生产,False,,,安全生产
《中华人民共和国安全生产法》第九十七条,安全生产,安全||安全生产,False,,,安全生产
《中华人民共和国安全生产法》第九十七条,安全生产,安全||安全生产,False,,,安全生产
《中华人民共和国安全生产法》,安全生产,安全||安全生产,False,,,安全生产
《中华人民共和国安全生产法》第三十条,安全生产,安全||安全生产,False,,,安全生产
《中华人民共和国安全生产法》第三十条第一款,安全生产,安全||安全生产,False,,,安全生产
《中华人民共和国安全生产法》第三十条第一款的规定,安全生产,安全||安全生产,False,,,安全生产
《中华人民共和国安全生产法》第三十条第一款,安全生产,安全||安全生产,False,,,安全生产
《中华人民共和国安全生产法》第七十八条,安全生产,安全||安全生产,False,,,安全生产
《中华人民共和国安全生产法》第三十六条第二款,安全生产,安全||安全生产,False,,,安全生产
《中华人民共和国安全生产法》第三十六条第二款,安全生产,安全||安全生产,False,,,安全生产
《中华人民共和国安全生产法》第三十六条,安全生产,安全||安全生产,False,,,安全生产
《中华人民共和国安全生产法》第三十六条,安全生产,安全||安全生产,False,,,安全生产
《中华人民共和国安全生产法》第三十六条,安全生产,安全||安全生产,False,,,安全生产
《中华人民共和国安全生产法》第三十六条,安全生产,安全||安全生产,False,,,安全生产
《中华人民共和国安全生产法》第三十八条第一款,安全生产,安全||安全生产,False,,,安全生产
《中华人民共和国安全生产法》第三十八条第一款,安全生产,安全||安全生产,False,,,安全生产
《中华人民共和国安全生产法》第三十八条第一款,安全生产,安全||安全生产,False,,,安全生产
《中华人民共和国安全生产法》第三十八条第一款,安全生产,安全||安全生产,False,,,安全生产
《中华人民共和国安全生产法》第三十六条第二款,安全生产,安全||安全生产,False,,,安全生产
《中华人民共和国安全生产法》第三十六条第一款,安全生产,安全||安全生产,False,,,安全生产
《中华人民共和国安全生产法》第三十六条第一款,安全生产,安全||安全生产,False,,,安全生产
《中华人民共和国安全生产法》第三十六条第二款,安全生产,安全||安全生产,False,,,安全生产
《中华人民共和国安全生产法》第三十六条第二款,安全生产,安全||安全生产,False,,,安全生产
《中华人民共和国安全生产法》第三十六条第二款,安全生产,安全||安全生产,False,,,安全生产
《中华人民共和国安全生产法》第三十六条第三款,安全生产,安全||安全生产,False,,,安全生产
《中华人民共和国安全生产法》第三十六条第一项,安全生产,安全||安全生产,False,,,安全生产
《中华人民共和国安全生产法》第三十六条第一款,安全生产,安全||安全生产,False,,,安全生产
《中华人民共和国安全生产法》第三十六条第一款,安全生产,安全||安全生产,False,,,安全生产
《中华人民共和国安全生产法》第三十六条第一款、第二款,安全生产,安全||安全生产,False,,,安全生产
《中华人民共和国安全生产法》第三十六条第一款、第二款,安全生产,安全||安全生产,False,,,安全生产
《中华人民共和国安全生产法》第三十六条第一款,安全生产,安全||安全生产,False,,,安全生产
《中华人民共和国安全生产法》第三十六条第一款,安全生产,安全||安全生产,False,,,安全生产
《中华人民共和国安全生产法》第三十六条第一款,安全生产,安全||安全生产,False,,,安全生产
《中华人民共和国安全生产法》第三十六条第一款,安全生产,安全||安全生产,False,,,安全生产
《中华人民共和国安全生产法》第七十九条第二款,安全生产,安全||安全生产,False,,,安全生产
《中华人民共和国安全生产法》第一百一十四条第(一)项,安全生产,安全||安全生产,False,,,安全生产
《中华人民共和国安全生产法》第一百一十四条第一款第(一)项,安全生产,安全||安全生产,False,,,安全生产
《中华人民共和国安全生产法》第一百零一条,安全生产,安全||安全生产,False,,,安全生产
《中华人民共和国安全生产法》第一百零一条,安全生产,安全||安全生产,False,,,安全生产
《中华人民共和国安全生产法》第一百一十四条第（一）项,安全生产,安全||安全生产,False,,,安全生产
《中华人民共和国安全生产法》第一百条第二款,安全生产,安全||安全生产,False,,,安全生产
《中华人民共和国安全生产法》,安全生产,安全||安全生产,False,,,安全生产
《中华人民共和国安全生产法》第25条,安全生产,安全||安全生产,False,,,安全生产
《中华人民共和国安全生产法》第一百零二条,安全生产,安全||安全生产,False,,,安全生产
《中华人民共和国安全生产法》第一百零二条,安全生产,安全||安全生产,False,,,安全生产
《中华人民共和国安全生产法》第一百零二条,安全生产,安全||安全生产,False,,,安全生产
《中华人民共和国安全生产法》第一百零二条的规定,安全生产,安全||安全生产,False,,,安全生产
《中华人民共和国安全生产法》第一百零二条,安全生产,安全||安全生产,False,,,安全生产
《中华人民共和国安全生产法》第一百零二条,安全生产,安全||安全生产,False,,,安全生产
《中华人民共和国安全生产法》第一百零二条,安全生产,安全||安全生产,False,,,安全生产
《中华人民共和国安全生产法》第一百零二条,安全生产,安全||安全生产,False,,,安全生产
《中华人民共和国安全生产法》第一百零二条,安全生产,安全||安全生产,False,,,安全生产
《中华人民共和国安全生产法》第一百零二条,安全生产,安全||安全生产,False,,,安全生产
《中华人民共和国安全生产法》第一百零二一条,安全生产,安全||安全生产,False,,,安全生产
《中华人民共和国安全生产法》第一百零二条,安全生产,安全||安全生产,False,,,安全生产
《中华人民共和国安全生产法》第七十九条第二款,安全生产,安全||安全生产,False,,,安全生产
《中华人民共和国安全生产法》第一百零五条第（二）项,安全生产,安全||安全生产,False,,,安全生产
《中华人民共和国安全生产法》第一百零五条第二项,安全生产,安全||安全生产,False,,,安全生产
《中华人民共和国安全生产法》第一百零五条,安全生产,安全||安全生产,False,,,安全生产
《中华人民共和国安全生产法》第一百零二条,安全生产,安全||安全生产,False,,,安全生产
《中华人民共和国安全生产法》第一百零二条,安全生产,安全||安全生产,False,,,安全生产
《中华人民共和国安全生产法》第一百零五条第(二)项,安全生产,安全||安全生产,False,,,安全生产
《中华人民共和国安全生产法》第七十九条第二款,安全生产,安全||安全生产,False,,,安全生产
《中华人民共和国安全生产法》第一百零九条第（一）项,安全生产,安全||安全生产,False,,,安全生产
《中华人民共和国安全生产法》第一百零三条第二款,安全生产,安全||安全生产,False,,,安全生产
《中华人民共和国安全生产法》第一百零三条第二款,安全生产,安全||安全生产,False,,,安全生产
《中华人民共和国安全生产法》第一百零一条第（一）项,安全生产,安全||安全生产,False,,,安全生产
《中华人民共和国安全生产法》第一百零一条第三项,安全生产,安全||安全生产,False,,,安全生产
《中华人民共和国安全生产法》第一百零一条第一项的规定,安全生产,安全||安全生产,False,,,安全生产
《中华人民共和国安全生产法》第一百零九条第（一）项,安全生产,安全||安全生产,False,,,安全生产
《中华人民共和国安全生产法》第一百零九条第一项,安全生产,安全||安全生产,False,,,安全生产
《中华人民共和国安全生产法》第一百零九条第一项,安全生产,安全||安全生产,False,,,安全生产
《中华人民共和国安全生产法》第一百零九条第(一)项的规定,安全生产,安全||安全生产,False,,,安全生产
《中华人民共和国安全生产法》第一百零九条第(一)项,安全生产,安全||安全生产,False,,,安全生产
《中华人民共和国安全生产法》第一百零九条第(一)项,安全生产,安全||安全生产,False,,,安全生产
《中华人民共和国安全生产法》第一百零九条第(一)项,安全生产,安全||安全生产,False,,,安全生产
《中华人民共和国安全生产法》第九十六条第（一）项,安全生产,安全||安全生产,False,,,安全生产
《中华人民共和国安全生产法》第九十六条第（一）项,安全生产,安全||安全生产,False,,,安全生产
《中华人民共和国安全生产法》第九十六条第二项的规定,安全生产,安全||安全生产,False,,,安全生产
《中华人民共和国安全生产法》第九十六条第二项,安全生产,安全||安全生产,False,,,安全生产
《中华人民共和国安全生产法》第九十六条第二项,安全生产,安全||安全生产,False,,,安全生产
《中华人民共和国安全生产法》第九十六条第（三）项,安全生产,安全||安全生产,False,,,安全生产
《中华人民共和国安全生产法》第九十六条第（二）项,安全生产,安全||安全生产,False,,,安全生产
《中华人民共和国安全生产法》第九十四条,安全生产,安全||安全生产,False,,,安全生产
《中华人民共和国安全生产法》第九十四条,安全生产,安全||安全生产,False,,,安全生产
《中华人民共和国安全生产法》第九十四条,安全生产,安全||安全生产,False,,,安全生产
《中华人民共和国安全生产法》第九十四条,安全生产,安全||安全生产,False,,,安全生产
《中华人民共和国安全生产法》第九十六条,安全生产,安全||安全生产,False,,,安全生产
《中华人民共和国安全生产法》第九十六条第（二）项的规定,安全生产,安全||安全生产,False,,,安全生产
《中华人民共和国安全生产法》第九十六条第（二）项,安全生产,安全||安全生产,False,,,安全生产
《中华人民共和国安全生产法》第九十六条第（二）项,安全生产,安全||安全生产,False,,,安全生产
《中华人民共和国安全生产法》第九十六条第（二）项,安全生产,安全||安全生产,False,,,安全生产
《中华人民共和国安全生产法》第九十八条第(一)项,安全生产,安全||安全生产,False,,,安全生产
《中华人民共和国安全生产法》第九十六条,安全生产,安全||安全生产,False,,,安全生产
《中华人民共和国安全生产法》第九十六条第(四)项,安全生产,安全||安全生产,False,,,安全生产
《中华人民共和国安全生产法》第九十六条第(三)项,安全生产,安全||安全生产,False,,,安全生产
《中华人民共和国安全生产法》第九十六条第(一)项的规定,安全生产,安全||安全生产,False,,,安全生产
《中华人民共和国安全生产法》第九十六条第(一)项,安全生产,安全||安全生产,False,,,安全生产
《中华人民共和国安全生产法》第九十六条第(一)项,安全生产,安全||安全生产,False,,,安全生产
《中华人民共和国安全生产法》第九十六条,安全生产,安全||安全生产,False,,,安全生产
《中华人民共和国安全生产法》第九十六条,安全生产,安全||安全生产,False,,,安全生产
《中华人民共和国安全生产法》第九十六条第(三)项,安全生产,安全||安全生产,False,,,安全生产
《中华人民共和国安全生产法》第九十四条第七项,安全生产,安全||安全生产,False,,,安全生产
《中华人民共和国安全生产法》第九十四条第一项,安全生产,安全||安全生产,False,,,安全生产
《中华人民共和国安全生产法》第九十四条第七项,安全生产,安全||安全生产,False,,,安全生产
《中华人民共和国安全生产法》第九十四条第一款第（七）项,安全生产,安全||安全生产,False,,,安全生产
《中华人民共和国安全生产法》第九十四条第一款第四项,安全生产,安全||安全生产,False,,,安全生产
《中华人民共和国安全生产法》第九十四条第一款第（五）项,安全生产,安全||安全生产,False,,,安全生产
《中华人民共和国安全生产法》第九十四条第七项,安全生产,安全||安全生产,False,,,安全生产
《中华人民共和国安全生产法》第九十四条,安全生产,安全||安全生产,False,,,安全生产
《中华人民共和国安全生产法》第九十四条第六项的规定,安全生产,安全||安全生产,False,,,安全生产
《中华人民共和国安全生产法》第九十四条第六项,安全生产,安全||安全生产,False,,,安全生产
《中华人民共和国安全生产法》第九十四条第六项,安全生产,安全||安全生产,False,,,安全生产
《中华人民共和国安全生产法》第九十四条第三项,安全生产,安全||安全生产,False,,,安全生产
《中华人民共和国安全生产法》第九十四条第三项,安全生产,安全||安全生产,False,,,安全生产
《中华人民共和国安全生产法》第九十四条第三项,安全生产,安全||安全生产,False,,,安全生产
《中华人民共和国安全生产法》第九十四条第五项,安全生产,安全||安全生产,False,,,安全生产
《中华人民共和国安全生产法》第九十四条第(六)项,安全生产,安全||安全生产,False,,,安全生产
《中华人民共和国安全生产法》第九十四条第(五)项,安全生产,安全||安全生产,False,,,安全生产
《中华人民共和国安全生产法》第九十四条第(六)项,安全生产,安全||安全生产,False,,,安全生产
《中华人民共和国安全生产法》第九十四条第(七)项,安全生产,安全||安全生产,False,,,安全生产
《中华人民共和国安全生产法》第九十四条第(七)项,安全生产,安全||安全生产,False,,,安全生产
《中华人民共和国安全生产法》第九十四条第一款第七项,安全生产,安全||安全生产,False,,,安全生产
《中华人民共和国安全生产法》第九十四条第(六)项,安全生产,安全||安全生产,False,,,安全生产
《中华人民共和国安全生产法》第九十四条第(四)项,安全生产,安全||安全生产,False,,,安全生产
《中华人民共和国安全生产法》第九十四条第(四)项第九十六条第(三)项,安全生产,安全||安全生产,False,,,安全生产
《中华人民共和国安全生产法》第九十四条第(四)项,安全生产,安全||安全生产,False,,,安全生产
《中华人民共和国安全生产法》第九十四条第(四)项,安全生产,安全||安全生产,False,,,安全生产
《中华人民共和国安全生产法》第九十四条第(四)项,安全生产,安全||安全生产,False,,,安全生产
《中华人民共和国安全生产法》第九十七条第（七）项的规定,安全生产,安全||安全生产,False,,,安全生产
《中华人民共和国安全生产法》第九十七条第（一）项,安全生产,安全||安全生产,False,,,安全生产
《中华人民共和国安全生产法》第九十七条第四项,安全生产,安全||安全生产,False,,,安全生产
《中华人民共和国安全生产法》第九十七条第四项,安全生产,安全||安全生产,False,,,安全生产
《中华人民共和国安全生产法》第九十七条第六项,安全生产,安全||安全生产,False,,,安全生产
《中华人民共和国安全生产法》第九十七条第六项,安全生产,安全||安全生产,False,,,安全生产
《中华人民共和国安全生产法》第九十七条第六项,安全生产,安全||安全生产,False,,,安全生产
《中华人民共和国安全生产法》第九十七条第五项,安全生产,安全||安全生产,False,,,安全生产
《中华人民共和国安全生产法》第九十七条第五项,安全生产,安全||安全生产,False,,,安全生产
《中华人民共和国安全生产法》第九十九条,安全生产,安全||安全生产,False,,,安全生产
《中华人民共和国安全生产法》第九十九条,安全生产,安全||安全生产,False,,,安全生产
《中华人民共和国安全生产法》第九十九条,安全生产,安全||安全生产,False,,,安全生产
《中华人民共和国安全生产法》第九十九条,安全生产,安全||安全生产,False,,,安全生产
《中华人民共和国安全生产法》第九十三条,安全生产,安全||安全生产,False,,,安全生产
《中华人民共和国安全生产法》第九十七条,安全生产,安全||安全生产,False,,,安全生产
《中华人民共和国安全生产法》第九十七条第（四）项,安全生产,安全||安全生产,False,,,安全生产
《中华人民共和国安全生产法》第九十三条,安全生产,安全||安全生产,False,,,安全生产
《中华人民共和国安全生产法》第九十七条第三项,安全生产,安全||安全生产,False,,,安全生产
《中华人民共和国安全生产法》第九十七条第三项,安全生产,安全||安全生产,False,,,安全生产
《中华人民共和国安全生产法》第九十七条第一款第一项,安全生产,安全||安全生产,False,,,安全生产
《中华人民共和国安全生产法》第九十七条第一、三、四、五、六、七项、九十九条第一项,安全生产,安全||安全生产,False,,,安全生产
《中华人民共和国安全生产法》第九十七条,安全生产,安全||安全生产,False,,,安全生产
《中华人民共和国安全生产法》第九十七条第(四)项,安全生产,安全||安全生产,False,,,安全生产
《中华人民共和国安全生产法》第九十九条第(一)项,安全生产,安全||安全生产,False,,,安全生产
《中华人民共和国安全生产法》第九十七条,安全生产,安全||安全生产,False,,,安全生产
《中华人民共和国安全生产法》第九十七条第七项,安全生产,安全||安全生产,False,,,安全生产
《中华人民共和国安全生产法》第九十七条第七项,安全生产,安全||安全生产,False,,,安全生产
《中华人民共和国安全生产法》第九十七条第七项,安全生产,安全||安全生产,False,,,安全生产
《中华人民共和国安全生产法》第九十七条第七项,安全生产,安全||安全生产,False,,,安全生产
《中华人民共和国安全生产法》第九十七条第一项,安全生产,安全||安全生产,False,,,安全生产
《中华人民共和国安全生产法》第九十七条第一款第六项,安全生产,安全||安全生产,False,,,安全生产
《中华人民共和国安全生产法》第九十七条第七项,安全生产,安全||安全生产,False,,,安全生产
《中华人民共和国安全生产法》第九十九条第(一)项,安全生产,安全||安全生产,False,,,安全生产
《中华人民共和国安全生产法》第九十九条第二项规定;第2条,安全生产,安全||安全生产,False,,,安全生产
《中华人民共和国安全生产法》第九十九条第二项的规定,安全生产,安全||安全生产,False,,,安全生产
《中华人民共和国安全生产法》第九十九条第二项,安全生产,安全||安全生产,False,,,安全生产
《中华人民共和国安全生产法》第九十九条第二项,安全生产,安全||安全生产,False,,,安全生产
《中华人民共和国安全生产法》第九十九条第二项、第三项,安全生产,安全||安全生产,False,,,安全生产
《中华人民共和国安全生产法》第九十九条第二项,安全生产,安全||安全生产,False,,,安全生产
《中华人民共和国安全生产法》第九十九条第二项,安全生产,安全||安全生产,False,,,安全生产
《中华人民共和国安全生产法》第九十九条第二项,安全生产,安全||安全生产,False,,,安全生产
《中华人民共和国安全生产法》第九十九条第二项,安全生产,安全||安全生产,False,,,安全生产
《中华人民共和国安全生产法》第九十九条第二项,安全生产,安全||安全生产,False,,,安全生产
《中华人民共和国安全生产法》第九十九条第二项、第三项,安全生产,安全||安全生产,False,,,安全生产
《中华人民共和国安全生产法》第九十九条第二项,安全生产,安全||安全生产,False,,,安全生产
《中华人民共和国安全生产法》第九十九条,安全生产,安全||安全生产,False,,,安全生产
《中华人民共和国安全生产法》第九十九条第（二）项,安全生产,安全||安全生产,False,,,安全生产
《中华人民共和国安全生产法》第九十九条第（二）项,安全生产,安全||安全生产,False,,,安全生产
《中华人民共和国安全生产法》第九十九条第（三）项,安全生产,安全||安全生产,False,,,安全生产
《中华人民共和国安全生产法》第九十九条第（三）项,安全生产,安全||安全生产,False,,,安全生产
《中华人民共和国安全生产法》第九十九条第（一）项,安全生产,安全||安全生产,False,,,安全生产
《中华人民共和国安全生产法》第九十九条第（三）项,安全生产,安全||安全生产,False,,,安全生产
《中华人民共和国安全生产法》第九十九条第二项,安全生产,安全||安全生产,False,,,安全生产
《中华人民共和国安全生产法》第九十九条第(二)项,安全生产,安全||安全生产,False,,,安全生产
《中华人民共和国安全生产法》第九十九条第(二)项,安全生产,安全||安全生产,False,,,安全生产
《中华人民共和国安全生产法》第九十九条,安全生产,安全||安全生产,False,,,安全生产
《中华人民共和国安全生产法》第九十九条第(二)项,安全生产,安全||安全生产,False,,,安全生产
《中华人民共和国安全生产法》第九十九条第(三)项,安全生产,安全||安全生产,False,,,安全生产
《中华人民共和国安全生产法》第九十九条第(三)项,安全生产,安全||安全生产,False,,,安全生产
《中华人民共和国安全生产法》第九十九条第(一)项,安全生产,安全||安全生产,False,,,安全生产
《中华人民共和国安全生产法》第九十九条第(二)项,安全生产,安全||安全生产,False,,,安全生产
《中华人民共和国安全生产法》第九十九条第三项,安全生产,安全||安全生产,False,,,安全生产
《中华人民共和国安全生产法》第九十九条第一项,安全生产,安全||安全生产,False,,,安全生产
《中华人民共和国安全生产法》第九十九条第一项,安全生产,安全||安全生产,False,,,安全生产
《中华人民共和国安全生产法》第九十九条第一项,安全生产,安全||安全生产,False,,,安全生产
《中华人民共和国安全生产法》第九十九条第一项,安全生产,安全||安全生产,False,,,安全生产
《中华人民共和国安全生产法》第九十九条第一款第三项,安全生产,安全||安全生产,False,,,安全生产
《烟花爆竹作业安全技术规程》,安全生产,烟花爆竹||安全||安全技术,False,,,安全生产/危化品||安全生产
《烟花爆竹作业安全技术规程》,安全生产,烟花爆竹||安全||安全技术,False,,,安全生产/危化品||安全生产
《烟花爆竹作业安全技术规程》,安全生产,烟花爆竹||安全||安全技术,False,,,安全生产/危化品||安全生产
《烟花爆竹安全管理条例》第三十七条第(二)项,安全生产,烟花爆竹||安全,False,,,安全生产/危化品||安全生产
《煤矿安全监控系统及检测仪器使用管理规范》,安全生产,矿||安全||安全监理,False,(匹配)安全生产,,安全生产/危化品||安全生产
《煤矿安全监察行政处罚办法》第十四条,安全生产,矿||安全,False,(匹配)安全生产,,安全生产/危化品||安全生产
《煤矿安全监控系统及检测仪器使用管理规范》,安全生产,矿||安全||安全监理,False,(匹配)安全生产,,安全生产/危化品||安全生产
《煤矿安全监控系统及检测仪器使用管理规范》,安全生产,矿||安全||安全监理,False,(匹配)安全生产,,安全生产/危化品||安全生产
《煤矿安全监控系统及检测仪器使用管理规范》,安全生产,矿||安全||安全监理,False,(匹配)安全生产,,安全生产/危化品||安全生产
《烟花爆竹安全管理条例》第三十七条第（三）项,安全生产,烟花爆竹||安全,False,,,安全生产/危化品||安全生产
《中华人民共和国安全生产法》第九十七条,安全生产,安全||安全生产,False,,,安全生产
《中华人民共和国安全生产法》第九十七条第(七)项,安全生产,安全||安全生产,False,,,安全生产
《中华人民共和国安全生产法》第九十七条第(七)项的规定,安全生产,安全||安全生产,False,,,安全生产
《中华人民共和国安全生产法》第九十七条第(五)项,安全生产,安全||安全生产,False,,,安全生产
《中华人民共和国安全生产法》第九十七条第(六)项,安全生产,安全||安全生产,False,,,安全生产
《中华人民共和国安全生产法》第九十七条第(六)项的规定,安全生产,安全||安全生产,False,,,安全生产
《中华人民共和国安全生产法》第九十七条第(四)项,安全生产,安全||安全生产,False,,,安全生产
《中华人民共和国安全生产法》第九十七条第一款第七项,安全生产,安全||安全生产,False,,,安全生产
《中华人民共和国安全生产法》第一百零八条,安全生产,安全||安全生产,False,,,安全生产
《中华人民共和国安全生产法》第一百零二条,安全生产,安全||安全生产,False,,,安全生产
《中华人民共和国安全生产法》第一百零三条第二款,安全生产,安全||安全生产,False,,,安全生产
《烟花爆竹安全管理条例》第三十七条第（二）项,安全生产,烟花爆竹||安全,False,,,安全生产/危化品||安全生产
《河南省安全生产条例》第十六条第四款,安全生产,安全||安全生产,False,,,安全生产
《中华人民共和国安全生产法》第一百零一条第(五)项,安全生产,安全||安全生产,False,,,安全生产
《中华人民共和国安全生产法》第一百零一条,安全生产,安全||安全生产,False,,,安全生产
《固定式钢梯及平台安全要求》,安全生产,安全,False,,,安全生产
《中华人民共和国安全生产法》第一百条第二款,安全生产,安全||安全生产,False,,,安全生产
《煤矿安全规程》第一百二十五条,安全生产,矿||安全,False,(匹配)安全生产,,安全生产/危化品||安全生产
《中华人民共和国矿山安全法实施条例》第十七条,安全生产,矿||安全,False,,,安全生产/危化品||安全生产
《中华人民共和国矿山安全法实施条例》第十七条,安全生产,矿||安全,False,,,安全生产/危化品||安全生产
《中华人民共和国矿山安全法实施条例》第十七条第一款,安全生产,矿||安全,False,,,安全生产/危化品||安全生产
《中华人民共和国矿山安全法实施条例》第十七条第一款,安全生产,矿||安全,False,,,安全生产/危化品||安全生产
《中华人民共和国矿山安全法实施条例》第十七条第一款,安全生产,矿||安全,False,,,安全生产/危化品||安全生产
《中华人民共和国矿山安全法实施条例》第十五条第一款,安全生产,矿||安全,False,,,安全生产/危化品||安全生产
《中华人民共和国矿山安全法实施条例》第十六条第（四）项,安全生产,矿||安全,False,,,安全生产/危化品||安全生产
《国务院关于预防煤矿生产安全事故的特别规定》第十三条,安全生产,矿||安全,False,(匹配)安全生产,,安全生产/危化品||安全生产
《煤矿安全规程》第一百八十八条,安全生产,矿||安全,False,(匹配)安全生产,,安全生产/危化品||安全生产
《煤矿安全规程》第一百五十八条第(五)款,安全生产,矿||安全,False,(匹配)安全生产,,安全生产/危化品||安全生产
《河北省安全生产条例行政处罚自由裁量标准》第十四条【实施标准】第2项,安全生产,安全||安全生产,False,,,安全生产
《国务院关于预防煤矿生产安全事故的特别规定》第二十一条第二款,安全生产,矿||安全,False,(匹配)安全生产,,安全生产/危化品||安全生产
《煤矿安全规程》,安全生产,矿||安全,False,(匹配)安全生产,,安全生产/危化品||安全生产
《中华人民共和国矿山安全法》第四十条第（二）项,安全生产,矿||安全,False,,,安全生产/危化品||安全生产
《中华人民共和国矿山安全法实施条例》第五十二条第（二）项,安全生产,矿||安全,False,,,安全生产/危化品||安全生产
《中华人民共和国矿山安全法实施条例》第五十四条,安全生产,矿||安全,False,,,安全生产/危化品||安全生产
《煤矿安全规程》第一百一十四条第二项,安全生产,矿||安全,False,(匹配)安全生产,,安全生产/危化品||安全生产
《中华人民共和国矿产资源法》第四十条,安全生产,矿||矿产,False,,,安全生产/危化品
《中华人民共和国矿产资源法》第三条,安全生产,矿||矿产,False,,,安全生产/危化品
《煤矿企业安全生产许可证实施办法》第八条第（四）项,安全生产,矿||安全||安全生产||许可证,False,(匹配)安全生产,,安全生产/危化品||安全生产
《浙江省安全生产条例》第十一条第二款,安全生产,安全||安全生产,False,,,安全生产
《煤矿安全培训规定》第二十四条,安全生产,矿||安全,False,(匹配)安全生产,,安全生产/危化品||安全生产
《煤矿安全培训规定》第二十四条,安全生产,矿||安全,False,(匹配)安全生产,,安全生产/危化品||安全生产
《煤矿安全培训规定》第二十四条,安全生产,矿||安全,False,(匹配)安全生产,,安全生产/危化品||安全生产
《煤矿安全培训规定》第四十七条,安全生产,矿||安全,False,(匹配)安全生产,,安全生产/危化品||安全生产
《煤矿安全培训规定》第四十七条,安全生产,矿||安全,False,(匹配)安全生产,,安全生产/危化品||安全生产
《煤矿安全培训规定》第四十七条的规定,安全生产,矿||安全,False,(匹配)安全生产,,安全生产/危化品||安全生产
《煤矿安全培训规定》第三十七条,安全生产,矿||安全,False,(匹配)安全生产,,安全生产/危化品||安全生产
《煤矿安全培训规定》第三十七条,安全生产,矿||安全,False,(匹配)安全生产,,安全生产/危化品||安全生产
《煤矿安全培训规定》第三十三条,安全生产,矿||安全,False,(匹配)安全生产,,安全生产/危化品||安全生产
《开卷矫平剪切生产线安全要求》,安全生产,安全,False,,,安全生产
《焦化安全规程》,安全生产,安全,False,,,安全生产
《浙江省安全生产条例》第四十五条,安全生产,安全||安全生产,False,,,安全生产
《浙江省安全生产条例》第四十五条,安全生产,安全||安全生产,False,,,安全生产
《中华人民共和国安全生产法》第九十九条第(二)项的规定,安全生产,安全||安全生产,False,,,安全生产
《中华人民共和国安全生产法》第九十九条第一款,安全生产,安全||安全生产,False,,,安全生产
《中华人民共和国安全生产法》第九十九条第一款第(一)项,安全生产,安全||安全生产,False,,,安全生产
《中华人民共和国安全生产法》第九十九条第一款第一项,安全生产,安全||安全生产,False,,,安全生产
《中华人民共和国安全生产法》第九十九条第一项,安全生产,安全||安全生产,False,,,安全生产
《中华人民共和国安全生产法》第九十九条第三项,安全生产,安全||安全生产,False,,,安全生产
《中华人民共和国安全生产法》第九十九条第三项的规定,安全生产,安全||安全生产,False,,,安全生产
《中华人民共和国安全生产法》第九十九条第二项,安全生产,安全||安全生产,False,,,安全生产
《中华人民共和国安全生产法》第九十九条第二项的规定,安全生产,安全||安全生产,False,,,安全生产
《中华人民共和国安全生产法》第九十九条第二项,安全生产,安全||安全生产,False,,,安全生产
《中华人民共和国安全生产法》第九十六条第(一)项,安全生产,安全||安全生产,False,,,安全生产
《中华人民共和国安全生产法》第九十六条第(一)项的规定,安全生产,安全||安全生产,False,,,安全生产
《中华人民共和国安全生产法》第九十六条第(一)项,安全生产,安全||安全生产,False,,,安全生产
《中华人民共和国安全生产法》第九十六条第(三)项,安全生产,安全||安全生产,False,,,安全生产
《四川省安全生产行政处罚权力裁量标准》,安全生产,安全||安全生产,False,,,安全生产
《中华人民共和国安全生产法》第九十四条第(六)项,安全生产,安全||安全生产,False,,,安全生产
《中华人民共和国安全生产法》第九十九条第(二)项,安全生产,安全||安全生产,False,,,安全生产
《中华人民共和国安全生产法》第九十四条第(七)项,安全生产,安全||安全生产,False,,,安全生产
《中华人民共和国安全生产法》第九十四条,安全生产,安全||安全生产,False,,,安全生产
《中华人民共和国安全生产法》第九十六条第四项,安全生产,安全||安全生产,False,,,安全生产
《中华人民共和国安全生产法》第九十六条第四项,安全生产,安全||安全生产,False,,,安全生产
《中华人民共和国安全生产法》第九十六条第一项,安全生产,安全||安全生产,False,,,安全生产
《中华人民共和国安全生产法》第九十六条第(四)项,安全生产,安全||安全生产,False,,,安全生产
《中华人民共和国安全生产法》第九十六条第(四)项,安全生产,安全||安全生产,False,,,安全生产
《中华人民共和国安全生产法》第九十九条第(三)项,安全生产,安全||安全生产,False,,,安全生产
《中华人民共和国安全生产法》第九十九条第(一)项的规定,安全生产,安全||安全生产,False,,,安全生产
《中华人民共和国安全生产法》第九十七条第七项,安全生产,安全||安全生产,False,,,安全生产
《中华人民共和国安全生产法》第九十七条第七款,安全生产,安全||安全生产,False,,,安全生产
《中华人民共和国安全生产法》第九十七条第一款第四项,安全生产,安全||安全生产,False,,,安全生产
《烟花爆竹经营许可实施办法》第二十四条第一款,安全生产,烟花爆竹,False,,,安全生产/危化品
《中华人民共和国安全生产法》第九十七条第七项的规定,安全生产,安全||安全生产,False,,,安全生产
《中华人民共和国安全生产法》第九十九条第(一)项,安全生产,安全||安全生产,False,,,安全生产
《中华人民共和国安全生产法》第九十七条第（七）项,安全生产,安全||安全生产,False,,,安全生产
《中华人民共和国安全生产法》第九十七条第四项,安全生产,安全||安全生产,False,,,安全生产
《中华人民共和国安全生产法》第九十七条第三项,安全生产,安全||安全生产,False,,,安全生产
《中华人民共和国安全生产法》第九十七条第四款,安全生产,安全||安全生产,False,,,安全生产
《中华人民共和国安全生产法》第九十七条第五项,安全生产,安全||安全生产,False,,,安全生产
《中华人民共和国安全生产法》第九十七条第二项,安全生产,安全||安全生产,False,,,安全生产
《四川省安全生产条例》第六十九条,安全生产,安全||安全生产,False,,,安全生产
《煤矿安全监察行政处罚办法》第十三条,安全生产,矿||安全,False,(匹配)安全生产,,安全生产/危化品||安全生产
《煤矿安全监察行政处罚办法》第二十条,安全生产,矿||安全,False,(匹配)安全生产,,安全生产/危化品||安全生产
《煤矿安全监察行政处罚办法》第二十条,安全生产,矿||安全,False,(匹配)安全生产,,安全生产/危化品||安全生产
《煤矿安全监察条例》第三十二条,安全生产,矿||安全,False,(匹配)安全生产,,安全生产/危化品||安全生产
《煤矿安全监察条例》第三十二条,安全生产,矿||安全,False,(匹配)安全生产,,安全生产/危化品||安全生产
《煤矿安全监察条例》第四十五条,安全生产,矿||安全,False,(匹配)安全生产,,安全生产/危化品||安全生产
《煤矿安全监察条例》第四十五条,安全生产,矿||安全,False,(匹配)安全生产,,安全生产/危化品||安全生产
《煤矿安全监察行政处罚办法》第十二条,安全生产,矿||安全,False,(匹配)安全生产,,安全生产/危化品||安全生产
《中华人民共和国安全生产法》第九十四条第三项,安全生产,安全||安全生产,False,,,安全生产
《中华人民共和国安全生产法》第九十四条第七款,安全生产,安全||安全生产,False,,,安全生产
《中华人民共和国安全生产法》第九十四条第一款第六项,安全生产,安全||安全生产,False,,,安全生产
《中华人民共和国安全生产法》第九十四条第一款第五项,安全生产,安全||安全生产,False,,,安全生产
《中华人民共和国安全生产法》第九十四条第一款,安全生产,安全||安全生产,False,,,安全生产
《中华人民共和国安全生产法》第九十四条第(四)项,安全生产,安全||安全生产,False,,,安全生产
《中华人民共和国安全生产法》第六十五条第二项,安全生产,安全||安全生产,False,,,安全生产
《中华人民共和国安全生产法》第九十条第一款,安全生产,安全||安全生产,False,,,安全生产
《中华人民共和国安全生产法》第九十四条第五项,安全生产,安全||安全生产,False,,,安全生产
《中华人民共和国安全生产法》第九十四条第四项的规定,安全生产,安全||安全生产,False,,,安全生产
《中华人民共和国安全生产法》第九十四条第四项,安全生产,安全||安全生产,False,,,安全生产
《中华人民共和国安全生产法》第九十四条第六项,安全生产,安全||安全生产,False,,,安全生产
《国务院关于预防煤矿生产安全事故的特别规定》第十条第一款,安全生产,矿||安全,False,(匹配)安全生产,,安全生产/危化品||安全生产
《煤矿安全规程》第一百八十六条第二款,安全生产,矿||安全,False,(匹配)安全生产,,安全生产/危化品||安全生产
《河北省安全生产条例》第七十九条第(一)项,安全生产,安全||安全生产,False,,,安全生产
《河北省安全生产条例》第七十九条第(一)项,安全生产,安全||安全生产,False,,,安全生产
《国家电气设备安全技术规范》,安全生产,安全||安全技术,False,,,安全生产
《国家电气设备安全技术规范》,安全生产,安全||安全技术,False,,,安全生产
《河北省安全生产条例》第七十九条第(一)项,安全生产,安全||安全生产,False,,,安全生产
《变形铝及铝合金铸锭安全生产规范》,安全生产,安全||安全生产,False,,,安全生产
《煤矿安全规程》第三百七十四条,安全生产,矿||安全,False,(匹配)安全生产,,安全生产/危化品||安全生产
《煤矿安全规程》第三百七十七条第五项,安全生产,矿||安全,False,(匹配)安全生产,,安全生产/危化品||安全生产
《煤矿安全规程》第一百零一条,安全生产,矿||安全,False,(匹配)安全生产,,安全生产/危化品||安全生产
《煤矿安全规程》第一百零一条,安全生产,矿||安全,False,(匹配)安全生产,,安全生产/危化品||安全生产
《煤矿安全规程》第一百零二条第一款第四项,安全生产,矿||安全,False,(匹配)安全生产,,安全生产/危化品||安全生产
《煤矿安全规程》第一百零二条第一款第四项,安全生产,矿||安全,False,(匹配)安全生产,,安全生产/危化品||安全生产
《防治煤矿冲击地压细则》第七十七条,安全生产,矿,False,(匹配)安全生产,,安全生产/危化品
《防治煤矿冲击地压细则》第七十九条,安全生产,矿,False,(匹配)安全生产,,安全生产/危化品
《煤矿安全规程》第一百零一条第一款,安全生产,矿||安全,False,(匹配)安全生产,,安全生产/危化品||安全生产
《煤矿安全规程》第一百零一条第一款,安全生产,矿||安全,False,(匹配)安全生产,,安全生产/危化品||安全生产
《煤矿安全规程》第三百七十四条第九项,安全生产,矿||安全,False,(匹配)安全生产,,安全生产/危化品||安全生产
《煤矿安全规程》第三百七十四条第二项,安全生产,矿||安全,False,(匹配)安全生产,,安全生产/危化品||安全生产
《金属非金属矿山安全规程》,安全生产,矿||安全,False,,,安全生产/危化品||安全生产
《金属非金属矿山安全规程》,安全生产,矿||安全,False,,,安全生产/危化品||安全生产
《金属非金属矿山安全规程》,安全生产,矿||安全,False,,,安全生产/危化品||安全生产
《金属非金属矿山安全规程》,安全生产,矿||安全,False,,,安全生产/危化品||安全生产
《金属非金属矿山安全规程》,安全生产,矿||安全,False,,,安全生产/危化品||安全生产
《金属非金属矿山安全规程》,安全生产,矿||安全,False,,,安全生产/危化品||安全生产
《金属非金属矿山安全规程》,安全生产,矿||安全,False,,,安全生产/危化品||安全生产
《金属非金属矿山安全规程》,安全生产,矿||安全,False,,,安全生产/危化品||安全生产
《金属非金属矿山安全规程》,安全生产,矿||安全,False,,,安全生产/危化品||安全生产
《金属非金属矿山安全规程》,安全生产,矿||安全,False,,,安全生产/危化品||安全生产
《金属非金属矿山安全规程》,安全生产,矿||安全,False,,,安全生产/危化品||安全生产
《金属非金属矿山安全规程》,安全生产,矿||安全,False,,,安全生产/危化品||安全生产
《金属非金属矿山安全规程》,安全生产,矿||安全,False,,,安全生产/危化品||安全生产
《金属非金属矿山安全规程》,安全生产,矿||安全,False,,,安全生产/危化品||安全生产
《金属非金属矿山安全规程》,安全生产,矿||安全,False,,,安全生产/危化品||安全生产
《金属非金属矿山安全规程》,安全生产,矿||安全,False,,,安全生产/危化品||安全生产
《金属切削机床安全防护通用技术条件》,安全生产,安全||安全技术||安全防护,False,,,安全生产
《金属非金属地下矿山企业领导带班下井及监督检查暂行规定》第二十一条,安全生产,矿,False,,,安全生产/危化品
《金属非金属地下矿山监测监控系统建设规范》,安全生产,矿,False,,,安全生产/危化品
《金属非金属地下矿山监测监控系统建设规范》,安全生产,矿,False,,,安全生产/危化品
《金属非金属地下矿山监测监控系统建设规范》,安全生产,矿,False,,,安全生产/危化品
《金属非金属矿山安全规程》,安全生产,矿||安全,False,,,安全生产/危化品||安全生产
《煤矿安全规程》第三百三十七条第二款,安全生产,矿||安全,False,(匹配)安全生产,,安全生产/危化品||安全生产
《煤矿安全规程》第三百七十条,安全生产,矿||安全,False,(匹配)安全生产,,安全生产/危化品||安全生产
《金属非金属矿山安全规程（GB16423-2006）》,安全生产,矿||安全,False,,,安全生产/危化品||安全生产
《建筑起重机械安全监督管理规定》第十八条,安全生产,安全||安全管理规定||安全操作||安全监理,False,,,安全生产
《煤矿安全规程》第一百六十八条第一款,安全生产,矿||安全,False,(匹配)安全生产,,安全生产/危化品||安全生产
《非煤矿矿山企业安全生产许可证实施办法》第二十八条,安全生产,矿||安全||安全生产||许可证,False,(匹配)安全生产,,安全生产/危化品||安全生产
《河北省安全生产条例》第七十九条第(一)项,安全生产,安全||安全生产,False,,,安全生产
《国务院关于预防煤矿生产安全事故的特别规定》第十条第一款,安全生产,矿||安全,False,(匹配)安全生产,,安全生产/危化品||安全生产
《河北省安全生产条例》第七十九条第（一）项,安全生产,安全||安全生产,False,,,安全生产
《河北省安全生产条例》第七十九条第(一)项,安全生产,安全||安全生产,False,,,安全生产
《河北省安全生产条例》第七十九条第(六)项,安全生产,安全||安全生产,False,,,安全生产
《河北省安全生产条例》第七十九条第（一）项,安全生产,安全||安全生产,False,,,安全生产
《煤矿安全规程》第一百六十四条,安全生产,矿||安全,False,(匹配)安全生产,,安全生产/危化品||安全生产
《易制毒化学品管理条例》第四十条第一款第(一)项,安全生产/危化品,ai,True,(匹配)安全生产,易制毒化学品属危险化学品管理。,安全生产/危化品
《易制毒化学品管理条例》第十九条第三款、第四十条第一款第(四)项,安全生产/危化品,ai,False,(匹配)安全生产,,安全生产/危化品
《长江干线水上交通安全管理特别规定》第六条,安全生产||交通运输违规,安全||安全管理规定||交通,False,,,安全生产||交通运输违规
《长江干线水上交通安全管理特别规定》第六条,安全生产||交通运输违规,安全||安全管理规定||交通,False,,,安全生产||交通运输违规
《长江干线水上交通安全管理特别规定》第二十五条第一款,安全生产||交通运输违规,安全||安全管理规定||交通,False,,,安全生产||交通运输违规
《长江干线水上交通安全管理特别规定》第四条,安全生产||交通运输违规,安全||安全管理规定||交通,False,,,安全生产||交通运输违规
《化学品生产单位高处作业安全规范》,安全生产||安全生产/危化品,ai,False,,,安全生产||安全生产/危化品
《中华人民共和国安全生产法》第九十六条第（一）项,安全生产||安全生产/危化品,ai,False,,,安全生产||安全生产/危化品
《中华人民共和国安全生产法》第九十四条,安全生产||安全生产/危化品,ai,False,,,安全生产||安全生产/危化品
《中华人民共和国安全生产法》第二十八条第一款、第四十二条第二款,安全生产||安全生产/危化品,ai,False,,,安全生产||安全生产/危化品
《安全生产违法行为行政处罚办法》第四十五条,安全生产||安全生产/危化品,ai,False,,,安全生产||安全生产/危化品
《安全生产法》第二十五条第一款、第二十七条第一款、第四十二条,安全生产||安全生产/危化品,ai,False,,,安全生产||安全生产/危化品
《船舶最低安全配员证书》,安全生产||海事安全,安全||最低安全配员||船舶||船员证书,False,,,安全生产||海事安全
《浙江省高层建筑消防安全管理规定》第六条第二款第三项,安全生产||消防安全,安全||安全管理规定||消防,False,,,安全生产||消防安全
《高层民用建筑消防安全管理规定》第四十七条第一款第四项,安全生产||消防安全,安全||安全管理规定||消防,False,,,安全生产||消防安全
《高层民用建筑消防安全管理规定》第二十六条第一款,安全生产||消防安全,安全||安全管理规定||消防,False,,,安全生产||消防安全
《仓储场所消防安全管理通则》,安全生产||消防安全,安全||消防,False,,,安全生产||消防安全
《高层民用建筑消防安全管理规定》第二十六条第二款,安全生产||消防安全,安全||安全管理规定||消防,False,,,安全生产||消防安全
《建筑机械使用安全技术规程》,安全生产||特种设备,安全||安全技术||机械使用,False,,,安全生产||特种设备
《建筑机械使用安全技术规程》,安全生产||特种设备,安全||安全技术||机械使用,False,,,安全生产||特种设备
《建筑机械使用安全技术规程》,安全生产||特种设备,安全||安全技术||机械使用,False,,,安全生产||特种设备
《建筑机械使用安全技术规程》,安全生产||特种设备,安全||安全技术||机械使用,False,,,安全生产||特种设备
《中华人民共和国招标投标法》第五十三条,工程建设/招投标,招标投标法,False,(匹配)建设工程与房地产,,工程建设/招投标
《中华人民共和国招标投标法》第五十四条,工程建设/招投标,招标投标法,False,(匹配)建设工程与房地产,,工程建设/招投标
《中华人民共和国招标投标法》第五十四条,工程建设/招投标,招标投标法,False,(匹配)建设工程与房地产,,工程建设/招投标
《中华人民共和国招标投标法》第五十三条,工程建设/招投标,招标投标法,False,(匹配)建设工程与房地产,,工程建设/招投标
《中华人民共和国招标投标法》第四十九条,工程建设/招投标,招标投标法,False,(匹配)建设工程与房地产,,工程建设/招投标
《中华人民共和国招标投标法》第四十八条,工程建设/招投标,招标投标法,False,(匹配)建设工程与房地产,,工程建设/招投标
《中华人民共和国招标投标法》第四十九条,工程建设/招投标,招标投标法,False,(匹配)建设工程与房地产,,工程建设/招投标
《中华人民共和国招标投标法》第五十三条,工程建设/招投标,招标投标法,False,(匹配)建设工程与房地产,,工程建设/招投标
《中华人民共和国招标投标法》第五十三条,工程建设/招投标,招标投标法,False,(匹配)建设工程与房地产,,工程建设/招投标
《中华人民共和国招标投标法》,工程建设/招投标,招标投标法,False,(匹配)建设工程与房地产,,工程建设/招投标
《中华人民共和国招标投标法》,工程建设/招投标,招标投标法,False,(匹配)建设工程与房地产,,工程建设/招投标
《中华人民共和国招标投标法》第三十二条,工程建设/招投标,招标投标法,False,(匹配)建设工程与房地产,,工程建设/招投标
《中华人民共和国招标投标法》第三十二条,工程建设/招投标,招标投标法,False,(匹配)建设工程与房地产,,工程建设/招投标
《中华人民共和国招标投标法》第三十二条,工程建设/招投标,招标投标法,False,(匹配)建设工程与房地产,,工程建设/招投标
《中华人民共和国招标投标法》第三十二条,工程建设/招投标,招标投标法,False,(匹配)建设工程与房地产,,工程建设/招投标
《中华人民共和国招标投标法》第三十二条第一款,工程建设/招投标,招标投标法,False,(匹配)建设工程与房地产,,工程建设/招投标
《中华人民共和国招标投标法》第三十二条第一款,工程建设/招投标,招标投标法,False,(匹配)建设工程与房地产,,工程建设/招投标
《中华人民共和国招标投标法》第三十二条,工程建设/招投标,招标投标法,False,(匹配)建设工程与房地产,,工程建设/招投标
《中华人民共和国招标投标法》第五十三条,工程建设/招投标,招标投标法,False,(匹配)建设工程与房地产,,工程建设/招投标
《中华人民共和国招标投标法》第五十三条,工程建设/招投标,招标投标法,False,(匹配)建设工程与房地产,,工程建设/招投标
《中华人民共和国政府采购法》第七十七条,工程建设/招投标,ai,True,(匹配)*政府采购违法*,依据政府采购法第七十七条规定。,*政府采购违法*
《中华人民共和国招标投标法实施条例》第六十七条第一款,工程建设/招投标,招标投标法,False,(匹配)建设工程与房地产,,工程建设/招投标
《中华人民共和国招标投标法实施条例》第六十七条第一款,工程建设/招投标,招标投标法,False,(匹配)建设工程与房地产,,工程建设/招投标
《中华人民共和国招标投标法实施条例》第四十二条第二款,工程建设/招投标,招标投标法,False,(匹配)建设工程与房地产,,工程建设/招投标
《中华人民共和国招标投标法实施条例》第六十七条的规定,工程建设/招投标,招标投标法,False,(匹配)建设工程与房地产,,工程建设/招投标
《中华人民共和国招标投标法实施条例》第六十七条的规定,工程建设/招投标,招标投标法,False,(匹配)建设工程与房地产,,工程建设/招投标
《中华人民共和国招标投标法实施条例》第六十七条,工程建设/招投标,招标投标法,False,(匹配)建设工程与房地产,,工程建设/招投标
《中华人民共和国招标投标法实施条例》第四十条,工程建设/招投标,招标投标法,False,(匹配)建设工程与房地产,,工程建设/招投标
《中华人民共和国招标投标法实施条例》第四十条,工程建设/招投标,招标投标法,False,(匹配)建设工程与房地产,,工程建设/招投标
《中华人民共和国招标投标法实施条例》第八条,工程建设/招投标,招标投标法,False,(匹配)建设工程与房地产,,工程建设/招投标
《中华人民共和国招标投标法实施条例》第六十七条,工程建设/招投标,招标投标法,False,(匹配)建设工程与房地产,,工程建设/招投标
《无照经营查处取缔办法》第四条,市场主体与登记治理,无照经营,False,,,无照经营/登记问题
《无照经营查处取缔办法》第四条第一款,市场主体与登记治理,无照经营,False,,,无照经营/登记问题
《无证无照经营查处办法》第十三条,市场主体与登记治理,无照经营,False,,,无照经营/登记问题
《无照经营查处取缔办法》第四条第一款第（五）项,市场主体与登记治理,无照经营,False,,,无照经营/登记问题
《无照经营查处取缔办法》第四条第一款第（五）项,市场主体与登记治理,无照经营,False,,,无照经营/登记问题
《无照经营查处取缔办法》第四条第一款第（五）项,市场主体与登记治理,无照经营||超范围||超范围经营,False,,,无照经营/登记问题
《无照经营查处取缔办法》第四条第一款第（四）项,市场主体与登记治理,无照经营,False,,,无照经营/登记问题
《无照经营查处取缔办法》第四条第一项,市场主体与登记治理,无照经营,False,,,无照经营/登记问题
《无证无照经营查处办法》第二条,市场主体与登记治理,无照经营,False,,,无照经营/登记问题
《无照经营查处取缔办法》第四条第一款（五）项,市场主体与登记治理,无照经营,False,,,无照经营/登记问题
《无照经营查处取缔办法》第四条第一款,市场主体与登记治理,无照经营,False,,,无照经营/登记问题
《无照经营查处取缔办法》第四条第一款第五项,市场主体与登记治理,无照经营,False,,,无照经营/登记问题
《无照经营查处取缔办法》第四条第一款第五项,市场主体与登记治理,无照经营,False,,,无照经营/登记问题
《无照经营查处取缔办法》第四条第一款第（一）项,市场主体与登记治理,无照经营,False,,,无照经营/登记问题
《无照经营查处取缔办法》第四条第一款第（一）项,市场主体与登记治理,无照经营,False,,,无照经营/登记问题
《无照经营查处取缔办法》第4条第1款,市场主体与登记治理,无照经营,False,,,无照经营/登记问题
《无照经营查处取缔办法》第4条第1款,市场主体与登记治理,无照经营,False,,,无照经营/登记问题
《无照经营查处取缔办法》第14条第1款,市场主体与登记治理,无照经营,False,,,无照经营/登记问题
《无照经营查处取缔办法》第十四条第一款,市场主体与登记治理,无照经营,False,,,无照经营/登记问题
《无照经营查处取缔办法》第四条第（五）项,市场主体与登记治理,ai,False,,,无照经营/登记问题
《无照经营查处取缔办法》第14条,市场主体与登记治理,无照经营,False,,,无照经营/登记问题
《无照经营查处取缔办法》第4条第1款第1项,市场主体与登记治理,无照经营,False,,,无照经营/登记问题
《无照经营查处取缔办法》第十四条第一款,市场主体与登记治理,无照经营,False,,,无照经营/登记问题
《无照经营查处取缔办法》第十五条,市场主体与登记治理,无照经营,False,,,无照经营/登记问题
《深圳经济特区查处无照经营行为的规定》第十二条,市场主体与登记治理,无照经营,False,,,无照经营/登记问题
《无照经营查处取缔办法》第十五条,市场主体与登记治理,无照经营,False,,,无照经营/登记问题
《无照经营查处取缔办法》第十五条,市场主体与登记治理,无照经营,False,,,无照经营/登记问题
《无照经营查处取缔办法》第十四条,市场主体与登记治理,无照经营,False,,,无照经营/登记问题
《无照经营查处取缔办法》第十四条,市场主体与登记治理,无照经营,False,,,无照经营/登记问题
《无照经营查处取缔办法》第十五条,市场主体与登记治理,无照经营,False,,,无照经营/登记问题
《无照经营查处取缔办法》第十五条,市场主体与登记治理,无照经营,False,,,无照经营/登记问题
《无照经营查处取缔办法》第十五条,市场主体与登记治理,无照经营,False,,,无照经营/登记问题
《无照经营查处取缔办法》第十五条,市场主体与登记治理,无照经营,False,,,无照经营/登记问题
《无照经营查处取缔办法》第十四条,市场主体与登记治理,无照经营,False,,,无照经营/登记问题
《无照经营查处取缔办法》第十四条第一款,市场主体与登记治理,无照经营,False,,,无照经营/登记问题
《无照经营查处取缔办法》第二条,市场主体与登记治理,无照经营,False,,,无照经营/登记问题
《无照经营查处取缔办法》第二条,市场主体与登记治理,无照经营,False,,,无照经营/登记问题
《中华人民共和国公司法》第二百一十一条第一款,市场主体与登记治理,ai,False,其他违法行为,公司法该条多涉登记备案与信息公示。,企业信息公示
《无照经营查处取缔办法》第二条,市场主体与登记治理,无照经营,False,,,无照经营/登记问题
《无照经营查处取缔办法》第二条,市场主体与登记治理,无照经营,False,,,无照经营/登记问题
《商品房销售明码标价规定》第十六条,市场秩序与竞争监管,明码标价,False,,,价格/收费
《商品房销售明码标价规定》第十六条,市场秩序与竞争监管,明码标价,False,,,价格/收费
《关于禁止商业贿赂行为的暂行规定》第九条,市场秩序与竞争监管,商业贿赂||贿赂,False,,,不正当竞争/商业贿赂
《关于禁止商业贿赂行为的暂行规定》第9条,市场秩序与竞争监管,商业贿赂||贿赂,False,,,不正当竞争/商业贿赂
《关于禁止商业贿赂行为的暂行规定》第2条,市场秩序与竞争监管,商业贿赂||贿赂,False,,,不正当竞争/商业贿赂
《关于禁止商业贿赂行为的暂行规定》第九条,市场秩序与竞争监管,商业贿赂||贿赂,False,,,不正当竞争/商业贿赂
《关于禁止商业贿赂行为的暂行规定》第九条第一款,市场秩序与竞争监管,商业贿赂||贿赂,False,,,不正当竞争/商业贿赂
《关于禁止商业贿赂行为的暂行规定》第九条第二款,市场秩序与竞争监管,商业贿赂||贿赂,False,,,不正当竞争/商业贿赂
《关于禁止商业贿赂行为的暂行规定》第四条,市场秩序与竞争监管,商业贿赂||贿赂,False,,,不正当竞争/商业贿赂
《关于禁止商业贿赂行为的暂行规定》第八条,市场秩序与竞争监管,商业贿赂||贿赂,False,,,不正当竞争/商业贿赂
《关于禁止商业贿赂行为的暂行规定》第二条第三款,市场秩序与竞争监管,商业贿赂||贿赂,False,,,不正当竞争/商业贿赂
《关于禁止商业贿赂行为的暂行规定》第二条第一款,市场秩序与竞争监管,商业贿赂||贿赂,False,,,不正当竞争/商业贿赂
《关于禁止商业贿赂行为的暂行规定》第二条,市场秩序与竞争监管,商业贿赂||贿赂,False,,,不正当竞争/商业贿赂
《关于禁止商业贿赂行为的暂行规定》第二条,市场秩序与竞争监管,商业贿赂||贿赂,False,,,不正当竞争/商业贿赂
《关于禁止商业贿赂行为的暂行规定》第二条,市场秩序与竞争监管,商业贿赂||贿赂,False,,,不正当竞争/商业贿赂
《户外广告管理规定》第十八条,市场秩序与竞争监管,广告||户外广告,False,,,虚假广告/虚假宣传
《广告管理条例》第8条第5项,市场秩序与竞争监管,广告,False,,,虚假广告/虚假宣传
《印刷品广告管理办法》第三条,市场秩序与竞争监管,广告||印刷,False,,,虚假广告/虚假宣传
《广告管理条例施行细则》第十七条第一款,市场秩序与竞争监管,广告,False,,,虚假广告/虚假宣传
《广告管理条例施行细则》第十七条,市场秩序与竞争监管,广告,False,,,虚假广告/虚假宣传
《关于商品和服务实行明码标价的规定》第十六条,市场秩序与竞争监管,明码标价,False,,,价格/收费
《关于商品和服务实行明码标价的规定》第二十一条第（一）项,市场秩序与竞争监管,明码标价,False,,,价格/收费
《广告管理条例施行细则》第二十三条,市场秩序与竞争监管,广告,False,,,虚假广告/虚假宣传
《广告管理条例施行细则》第二十五条,市场秩序与竞争监管,广告,False,,,虚假广告/虚假宣传
《广告管理条例施行细则》第二十一条,市场秩序与竞争监管,广告,False,,,虚假广告/虚假宣传
《广告管理条例施行细则》第二十一条,市场秩序与竞争监管,广告,False,,,虚假广告/虚假宣传
《广告管理条例》第十二条,市场秩序与竞争监管,广告,False,,,虚假广告/虚假宣传
《北京市供热采暖管理办法》第十三条第(一)项,建筑使用安全,供热采暖,False,(匹配)安全生产,,安全生产
《北京市供热采暖管理办法》第三十一条第一款,建筑使用安全,供热采暖,False,(匹配)安全生产,,安全生产
《上海市住宅物业管理规定》第七十八条的规定,建筑使用安全,ai,True,(匹配)物业管理*,依据住宅物业管理规定作出处罚。,物业管理*
《北京市房屋建筑使用安全管理办法》第四条第三款,建筑使用安全,ai,False,(匹配)建筑使用安全,,房屋建筑使用安全
《上海市住宅物业管理规定》第八十七条,建筑使用安全,ai,True,(匹配)建设工程与房地产,属住宅物业管理法规范畴。,房地产/土地
《上海市住宅物业管理规定》第五十条第二款第四项,建筑使用安全,ai,True,(匹配)建设工程与房地产,属住宅物业管理法规范畴。,房地产/土地
《城市建筑垃圾管理规定》第二十五条第一项,建设工程,城市建筑垃圾||建筑垃圾,False,(匹配)建设工程与房地产,,建设工程
《城市建筑垃圾管理规定》第二十五条第(一)项,建设工程,城市建筑垃圾||建筑垃圾,False,(匹配)建设工程与房地产,,建设工程
《城市建筑垃圾管理规定》第二十五条第(一)项,建设工程,城市建筑垃圾||建筑垃圾,False,(匹配)建设工程与房地产,,建设工程
《天津市城乡规划违法行为查处规范》第七十七条,建设工程,城乡规划,False,(匹配)建设工程与房地产,,建设工程
《城市建筑垃圾管理规定》第二十二条第二款,建设工程,城市建筑垃圾||建筑垃圾,False,(匹配)建设工程与房地产,,建设工程
《城市建筑垃圾管理规定》第二十二条第二款,建设工程,城市建筑垃圾||建筑垃圾,False,(匹配)建设工程与房地产,,建设工程
《福建省实施〈中华人民共和国城乡规划法〉办法》第三十六条第一款第一项,建设工程,城乡规划,False,(匹配)建设工程与房地产,,建设工程
《福建省实施〈中华人民共和国城乡规划法〉办法》第三十六条,建设工程,城乡规划,False,(匹配)建设工程与房地产,,建设工程
《城市建筑垃圾管理规定》第二十五条,建设工程,城市建筑垃圾||建筑垃圾,False,(匹配)建设工程与房地产,,建设工程
《城市建筑垃圾管理规定》第二十五条之规定,建设工程,城市建筑垃圾||建筑垃圾,False,(匹配)建设工程与房地产,,建设工程
《上海市城乡规划条例》第五十九条,建设工程,城乡规划,False,(匹配)建设工程与房地产,,建设工程
《城市建筑垃圾管理规定》第十三条的规定,建设工程,城市建筑垃圾||建筑垃圾,False,(匹配)建设工程与房地产,,建设工程
《城市建筑垃圾管理规定》第二十五条第（一）项,建设工程,城市建筑垃圾||建筑垃圾,False,(匹配)建设工程与房地产,,建设工程
《城市建筑垃圾管理规定》第二十五条第（一）项,建设工程,城市建筑垃圾||建筑垃圾,False,(匹配)建设工程与房地产,,建设工程
《城市建筑垃圾管理规定》第十三条,建设工程,城市建筑垃圾||建筑垃圾,False,(匹配)建设工程与房地产,,建设工程
《江苏省城乡规划条例》第四十四条,建设工程,城乡规划,False,(匹配)建设工程与房地产,,建设工程
《城市建筑垃圾管理规定》第二十二条第二款,建设工程,城市建筑垃圾||建筑垃圾,False,(匹配)建设工程与房地产,,建设工程
《城市建筑垃圾管理规定》第二十五条,建设工程,城市建筑垃圾||建筑垃圾,False,(匹配)建设工程与房地产,,建设工程
《城市建筑垃圾管理规定》第二十五条第一项,建设工程,城市建筑垃圾||建筑垃圾,False,(匹配)建设工程与房地产,,建设工程
《城市建筑垃圾管理规定》第二十六条,建设工程,城市建筑垃圾||建筑垃圾,False,(匹配)建设工程与房地产,,建设工程
《江苏省城乡规划条例》第六十四条,建设工程,城乡规划,False,(匹配)建设工程与房地产,,建设工程
《杭州市城乡规划条例》第三十五条,建设工程,城乡规划,False,(匹配)建设工程与房地产,,建设工程
《江苏省城乡规划条例》第四十四条,建设工程,城乡规划,False,(匹配)建设工程与房地产,,建设工程
《杭州市城乡规划条例》第五十一条第一款,建设工程,城乡规划,False,(匹配)建设工程与房地产,,建设工程
《杭州市城乡规划条例》第五十一条第一款,建设工程,城乡规划||银行,False,(匹配)建设工程||金融/账户,,建设工程||金融/账户
《天津市城乡规划违法行为查处规范》第七十七条,建设工程,城乡规划,False,(匹配)建设工程与房地产,,建设工程
《山东省城乡规划条例》第五十二条,建设工程,城乡规划,False,(匹配)建设工程与房地产,,建设工程
《城市建筑垃圾管理规定》第七条第一款,建设工程,城市建筑垃圾||建筑垃圾,False,(匹配)建设工程与房地产,,建设工程
《城市建筑垃圾管理规定》第七条第一款,建设工程,城市建筑垃圾||建筑垃圾,False,(匹配)建设工程与房地产,,建设工程
《中华人民共和国城乡规划法》第六十四条,建设工程,城乡规划,False,(匹配)建设工程与房地产,,建设工程
《浙江省城乡规划条例》第四十一条,建设工程,城乡规划,False,(匹配)建设工程与房地产,,建设工程
《天津市城乡规划条例》第五十三条,建设工程,城乡规划,False,(匹配)建设工程与房地产,,建设工程
《江苏省城乡规划条例》第六十四条,建设工程,城乡规划,False,(匹配)建设工程与房地产,,建设工程
《中华人民共和国城乡规划法》第六十四条之规定,建设工程,城乡规划,False,(匹配)建设工程与房地产,,建设工程
《中华人民共和国城乡规划法》第六十四条,建设工程,城乡规划,False,(匹配)建设工程与房地产,,建设工程
《中华人民共和国城乡规划法》第六十四条,建设工程,城乡规划,False,(匹配)建设工程与房地产,,建设工程
《中华人民共和国城乡规划法》第六十四条,建设工程,城乡规划,False,(匹配)建设工程与房地产,,建设工程
《中华人民共和国城乡规划法》第六十四条的规定,建设工程,城乡规划,False,(匹配)建设工程与房地产,,建设工程
《中华人民共和国城乡规划法》第六章第六十四条,建设工程,城乡规划,False,(匹配)建设工程与房地产,,建设工程
《城市建筑垃圾管理规定》第二十五条第(一)项,建设工程,城市建筑垃圾||建筑垃圾,False,(匹配)建设工程与房地产,,建设工程
《城市建筑垃圾管理规定》第二十五条,建设工程,城市建筑垃圾||建筑垃圾,False,(匹配)建设工程与房地产,,建设工程
《浙江省城乡规划条例》第三十六条第一款,建设工程,城乡规划,False,(匹配)建设工程与房地产,,建设工程
《城市建筑垃圾管理规定》第二十二条第二款,建设工程,城市建筑垃圾||建筑垃圾,False,(匹配)建设工程与房地产,,建设工程
《中华人民共和国城乡规划法》第六十四条之规定,建设工程,城乡规划,False,(匹配)建设工程与房地产,,建设工程
《城市建筑垃圾管理规定》第二十五条第(二)项,建设工程,城市建筑垃圾||建筑垃圾,False,(匹配)建设工程与房地产,,建设工程
《中华人民共和国城乡规划法》第四十三条,建设工程,城乡规划,False,(匹配)建设工程与房地产,,建设工程
《中华人民共和国城乡规划法》第四十条,建设工程,城乡规划,False,(匹配)建设工程与房地产,,建设工程
《中华人民共和国城乡规划法》第四十条,建设工程,城乡规划,False,(匹配)建设工程与房地产,,建设工程
《中华人民共和国城乡规划法》第四十条,建设工程,城乡规划,False,(匹配)建设工程与房地产,,建设工程
《中华人民共和国城乡规划法》第四十条,建设工程,城乡规划,False,(匹配)建设工程与房地产,,建设工程
《中华人民共和国城乡规划法》第四十条,建设工程,城乡规划,False,(匹配)建设工程与房地产,,建设工程
《中华人民共和国城乡规划法》第四十条,建设工程,城乡规划,False,(匹配)建设工程与房地产,,建设工程
《中华人民共和国城乡规划法》第四十三条,建设工程,城乡规划,False,(匹配)建设工程与房地产,,建设工程
《中华人民共和国城乡规划法》第四十三条第一款,建设工程,城乡规划,False,(匹配)建设工程与房地产,,建设工程
《中华人民共和国城乡规划法》第四十三条第一款,建设工程,城乡规划,False,(匹配)建设工程与房地产,,建设工程
《中华人民共和国城乡规划法》第四十三条,建设工程,城乡规划,False,(匹配)建设工程与房地产,,建设工程
《中华人民共和国城乡规划法》第四十三条第一款,建设工程,城乡规划,False,(匹配)建设工程与房地产,,建设工程
《郑州市城乡规划管理条例》第四十七条,建设工程,城乡规划,False,(匹配)建设工程与房地产,,建设工程
《中华人民共和国城乡规划法》第四十四条第三款,建设工程,城乡规划,False,(匹配)建设工程与房地产,,建设工程
《中华人民共和国城乡规划法》第四十三条,建设工程,城乡规划,False,(匹配)建设工程与房地产,,建设工程
《城市建筑垃圾管理规定》第二十六条,建设工程,城市建筑垃圾||建筑垃圾,False,(匹配)建设工程与房地产,,建设工程
《中华人民共和国城乡规划法》第64条,建设工程,城乡规划,False,(匹配)建设工程与房地产,,建设工程
《中华人民共和国城乡规划法》第四十条第一款,建设工程,城乡规划,False,(匹配)建设工程与房地产,,建设工程
《城市建筑垃圾管理规定》第七条第一款,建设工程,ai,False,(匹配)建设工程与房地产,,建设工程
《中华人民共和国城乡规划法》第四十三条,建设工程,ai,False,(匹配)建设工程与房地产,,建设工程
《中华人民共和国城乡规划法》第43条,建设工程,城乡规划,False,(匹配)建设工程与房地产,,建设工程
《苏州市城乡规划条例》第四十三条,建设工程,城乡规划,False,(匹配)建设工程与房地产,,建设工程
《重庆市城乡规划条例》第八十三条第一款第一项,建设工程,城乡规划,False,(匹配)建设工程与房地产,,建设工程
《建筑工程施工许可证管理办法》第十二条,建设工程,施工许可证||施工||工程施工||工程||许可证,False,(匹配)建设工程与房地产,,建设工程
《中华人民共和国城乡规划法》第四十条第一款,建设工程,城乡规划,False,(匹配)建设工程与房地产,,建设工程
《浙江省城乡规划条例》第三十六第一款,建设工程,城乡规划,False,(匹配)建设工程与房地产,,建设工程
《中华人民共和国城乡规划法》第六十四条,建设工程,城乡规划,False,(匹配)建设工程与房地产,,建设工程
《广东省城乡规划条例》第八十三条,建设工程,城乡规划,False,(匹配)建设工程与房地产,,建设工程
《浙江省城乡规划条例》第三十六条第一款,建设工程,城乡规划,False,(匹配)建设工程与房地产,,建设工程
《浙江省城乡规划条例》第三十六条第一款,建设工程,城乡规划,False,(匹配)建设工程与房地产,,建设工程
《中华人民共和国城乡规划法》第四十条第一款,建设工程,城乡规划,False,(匹配)建设工程与房地产,,建设工程
《中华人民共和国城乡规划法》第六十四条,建设工程,城乡规划,False,(匹配)建设工程与房地产,,建设工程
《中华人民共和国城乡规划法》第四十条第一款,建设工程,城乡规划,False,(匹配)建设工程与房地产,,建设工程
《中华人民共和国城乡规划法》第四十条第一款,建设工程,城乡规划,False,(匹配)建设工程与房地产,,建设工程
《浙江省城乡规划条例》第五十九条第一款,建设工程,城乡规划,False,(匹配)建设工程与房地产,,建设工程
《中华人民共和国城乡规划法》第四十条第一款的规定,建设工程,城乡规划,False,(匹配)建设工程与房地产,,建设工程
《浙江省城乡规划条例》第五十九条,建设工程,城乡规划,False,(匹配)建设工程与房地产,,建设工程
《城市轨道交通工程质量验收标准第1部分：土建工程》,建设工程||交通运输违规,工程||交通||轨道,False,,,建设工程||交通运输违规
《南国早报》,建设工程与房地产,房地产,False,,,房地产/土地
《天津市建设工程施工安全管理条例》第四十八条,建设工程与房地产,安全隐患||隐患||安全||施工||建设工程||工程施工||工程,False,,,安全生产||建设工程
《天津市建设工程质量管理条例》,建设工程与房地产,建设工程||工程,False,,,建设工程
《天津市建设工程施工安全管理条例》第四十八条,建设工程与房地产,安全||施工||建设工程||工程施工||工程,False,,,安全生产||建设工程
《天津市建设工程施工安全管理条例》第四十八条,建设工程与房地产,安全||施工||建设工程||工程施工||工程,False,,,安全生产||建设工程
《天津市建设工程施工安全管理条例》第十八条,建设工程与房地产,安全||施工||建设工程||工程施工||工程,False,,,安全生产||建设工程
《天津市建设工程施工安全管理条例》第十八条,建设工程与房地产,安全||施工||建设工程||工程施工||工程,False,,,安全生产||建设工程
《天津市建设工程施工安全管理条例》第四十八条,建设工程与房地产,安全||施工||建设工程||工程施工||工程,False,,,安全生产||建设工程
《液化石油气供应工程设计规范》,建设工程与房地产,工程,False,,,建设工程
《天津市建设工程施工安全管理条例》第二十二条,建设工程与房地产,安全||施工||建设工程||工程施工||工程,False,,,安全生产||建设工程
《天津市建设工程施工安全管理条例》第二十二条,建设工程与房地产,安全||施工||建设工程||工程施工||工程,False,,,安全生产||建设工程
《天津市建设工程施工安全管理条例》第五十一条,建设工程与房地产,安全||施工||建设工程||工程施工||工程,False,,,安全生产||建设工程
《液化石油气供应工程设计规范》,建设工程与房地产,工程,False,,,建设工程
《危险性较大的分部分项工程安全管理规定》第十六条第一款,建设工程与房地产,安全||安全管理规定||工程,False,,,安全生产||建设工程
《危险性较大的分部分项工程安全管理规定》第十六条,建设工程与房地产,安全||安全管理规定||施工||工程施工||工程,False,,,安全生产||建设工程
《危险性较大的分部分项工程安全管理规定》第十六条,建设工程与房地产,安全||安全管理规定||工程,False,,,安全生产||建设工程
《北京市建设工程施工现场管理办法》第十三条第一款,建设工程与房地产,施工||建设工程||工程施工||工程,False,,,建设工程
《危险性较大的分部分项工程安全管理规定》第十四条,建设工程与房地产,安全||安全管理规定||工程,False,,,安全生产||建设工程
《危险性较大的分部分项工程安全管理规定》第十八条,建设工程与房地产,安全||安全管理规定||安全监理||工程,False,,,安全生产||建设工程
《危险性较大的分部分项工程安全管理规定》第二十一条第一款,建设工程与房地产,安全||安全管理规定||工程,False,,,安全生产||建设工程
《危险性较大的分部分项工程安全管理规定》第三十五条,建设工程与房地产,安全||安全管理规定||工程,False,,,安全生产||建设工程
《危险性较大的分部分项工程安全管理规定》第三十五条,建设工程与房地产,安全||安全管理规定||工程,False,,,安全生产||建设工程
《危险性较大的分部分项工程安全管理规定》第三十五条第(三)项,建设工程与房地产,安全||安全管理规定||工程,False,,,安全生产||建设工程
《危险性较大的分部分项工程安全管理规定》第三十五条,建设工程与房地产,安全||安全管理规定||工程,False,,,安全生产||建设工程
《危险性较大的分部分项工程安全管理规定》第十八条,建设工程与房地产,安全||安全管理规定||工程,False,,,安全生产||建设工程
《危险性较大的分部分项工程安全管理规定》第十七条,建设工程与房地产,安全||安全管理规定||工程,False,,,安全生产||建设工程
《危险性较大的分部分项工程安全管理规定》第六章第三十六条第三项,建设工程与房地产,安全||安全管理规定||工程,False,,,安全生产||建设工程
《天津市建设工程质量管理条例》第十四条、第十八条,建设工程与房地产,建设工程||工程,False,,,建设工程
《混凝土结构工程施工质量验收规范》第C.0.1条第3款,建设工程与房地产,施工||工程施工||工程,False,,,建设工程
《地铁暗挖隧道施工技术规程》,建设工程与房地产,施工,False,,,建设工程
《危险性较大的分部分项工程安全管理规定》第三十五条,建设工程与房地产,安全||安全管理规定||工程,False,,,安全生产||建设工程
《混凝土结构工程施工规范》,建设工程与房地产,施工||工程施工||工程,False,,,建设工程
《混凝土结构工程施工规范》,建设工程与房地产,施工||工程施工||工程,False,,,建设工程
《卸料平台专项施工方案》,建设工程与房地产,施工,False,,,建设工程
《卸料平台专项施工方案》,建设工程与房地产,施工,False,,,建设工程
《北京市建设工程施工现场管理办法》第三十一条,建设工程与房地产,施工||建设工程||工程施工||工程,False,,,建设工程
《北京市建设工程施工现场管理办法》第三十一条的规定,建设工程与房地产,施工||建设工程||工程施工||工程,False,,,建设工程
《地下防水工程质量验收规范》,建设工程与房地产,工程,False,,,建设工程
《地下防水工程质量验收规范》,建设工程与房地产,工程,False,,,建设工程
《宁夏回族自治区土地管理条例》第三十八条,建设工程与房地产,土地,False,,,房地产/土地
《地下防水工程质量验收规范》,建设工程与房地产,工程,False,,,建设工程
《卸料平台专项施工方案》,建设工程与房地产,施工,False,,,建设工程
《混凝土结构工程施工质量验收规范》,建设工程与房地产,施工||工程施工||工程,False,,,建设工程
《建设工程安全生产管理条例》第五十七条,建设工程与房地产,安全||安全生产||安全生产管理||建设工程||工程,False,,,安全生产||建设工程
《建设工程安全生产管理条例》第二十八条第二款,建设工程与房地产,安全||安全生产||安全生产管理||建设工程||工程,False,,,安全生产||建设工程
《建设工程安全生产管理条例》第二十八条第一款,建设工程与房地产,安全||安全生产||安全生产管理||建设工程||工程,False,,,安全生产||建设工程
《建设工程安全生产管理条例》第二十八条,建设工程与房地产,安全||安全生产||安全生产管理||建设工程||工程,False,,,安全生产||建设工程
《建设工程安全生产管理条例》第二十七条,建设工程与房地产,安全||安全生产||安全生产管理||建设工程||工程,False,,,安全生产||建设工程
《建设工程安全生产管理条例》第十四条第二款,建设工程与房地产,安全||安全生产||安全生产管理||建设工程||工程,False,,,安全生产||建设工程
《建设工程安全生产管理条例》第十四条,建设工程与房地产,安全||安全生产||安全生产管理||建设工程||工程,False,,,安全生产||建设工程
《建设工程安全生产管理条例》第六十四条,建设工程与房地产,安全||安全生产||安全生产管理||建设工程||工程,False,,,安全生产||建设工程
《建设工程安全生产管理条例》第六十四条,建设工程与房地产,安全||安全生产||安全生产管理||建设工程||工程,False,,,安全生产||建设工程
《建设工程安全生产管理条例》第三十条第二款,建设工程与房地产,安全||安全生产||安全生产管理||建设工程||工程,False,,,安全生产||建设工程
《建筑起重机械安全监督管理规定》,建设工程与房地产,安全||安全管理规定||安全监理||工程,False,,,安全生产||建设工程
《建筑装饰装修工程质量验收规范》,建设工程与房地产,工程,False,,,建设工程
《建筑装饰装修工程质量验收标准》,建设工程与房地产,工程,False,,,建设工程
《建筑节能工程施工质量验收规范》,建设工程与房地产,施工||工程施工||工程,False,,,建设工程
《建筑节能工程施工质量验收标准》,建设工程与房地产,施工||工程施工||工程,False,,,建设工程
《建筑节能工程施工质量验收标准》,建设工程与房地产,施工||工程施工||工程,False,,,建设工程
《建筑节能工程施工质量验收标准》,建设工程与房地产,施工||工程施工||工程,False,,,建设工程
《铝合金门窗工程技术规范》,建设工程与房地产,工程,False,,,建设工程
《建设工程安全产生管理条例》第二十五条,建设工程与房地产,安全||建设工程||工程,False,,,安全生产||建设工程
《建设工程质量管理条例》第七条,建设工程与房地产,建设工程||工程,False,,,建设工程
《建设工程质量管理条例》第七十三条,建设工程与房地产,建设工程||工程,False,,,建设工程
《建设工程质量管理条例》第七十三条,建设工程与房地产,建设工程||工程,False,,,建设工程
《建设工程质量管理条例》第57条,建设工程与房地产,建设工程||工程,False,,,建设工程
《建设工程质量管理条例》第七十三条,建设工程与房地产,建设工程||工程,False,,,建设工程
《建设工程质量管理条例》第二十八条第一款,建设工程与房地产,建设工程||工程,False,,,建设工程
《建设工程质量管理条例》第二十八条第一款,建设工程与房地产,建设工程||工程,False,,,建设工程
《建设工程质量管理条例》第二十五条第三款,建设工程与房地产,建设工程||工程,False,,,建设工程
《建设工程质量管理条例》第二十五条,建设工程与房地产,建设工程||工程,False,,,建设工程
《建设工程质量管理条例》第二十五条第二款,建设工程与房地产,建设工程||工程,False,,,建设工程
《建筑节能工程施工质量验收标准》,建设工程与房地产,施工||工程施工||工程,False,,,建设工程
《建设工程规划许可证》,建设工程与房地产,建设工程||建设工程规划许可证||工程||许可证,False,,,建设工程
《建设工程规划许可证》,建设工程与房地产,建设工程||建设工程规划许可证||工程||许可证,False,,,建设工程
《建设工程规划许可证》,建设工程与房地产,建设工程||建设工程规划许可证||工程||许可证,False,,,建设工程
《建设工程规划许可证》,建设工程与房地产,建设工程||建设工程规划许可证||工程||许可证,False,,,建设工程
《建设工程规划许可证》,建设工程与房地产,建设工程||建设工程规划许可证||工程||许可证,False,,,建设工程
《建筑工程质量管理条例》第六十二条,建设工程与房地产,工程,False,,,建设工程
《建筑工程质量管理条例》第五十七条,建设工程与房地产,工程,False,,,建设工程
《建筑工程质量管理条例》第五十七条,建设工程与房地产,工程,False,,,建设工程
《建筑施工企业主要负责人、项目负责人和专职安全生产管理人员安全生产管理规定》第三十三条,建设工程与房地产,安全||安全生产||安全管理规定||安全生产管理||施工,False,,,安全生产||建设工程
《建筑施工企业主要负责人、项目负责人和专职安全生产管理人员安全生产管理规定》第三十三条,建设工程与房地产,安全||安全生产||安全管理规定||安全生产管理||施工,False,,,安全生产||建设工程
《建筑工程施工许可管理办法》第十五条,建设工程与房地产,施工||工程施工||工程,False,,,建设工程
《建筑工程施工许可管理办法》第十二条,建设工程与房地产,施工许可证||施工||工程施工||工程||许可证,False,,,建设工程
《建筑工程施工许可管理办法》第十二条,建设工程与房地产,施工||工程施工||工程,False,,,建设工程
《建筑工程施工许可管理办法》第二条,建设工程与房地产,施工||工程施工||工程,False,,,建设工程
《建筑工程施工许可管理办法》第三条的规定,建设工程与房地产,施工||工程施工||工程,False,,,建设工程
《建筑工程施工许可管理办法》第三条,建设工程与房地产,施工||工程施工||工程,False,,,建设工程
《建筑工程施工许可管理办法》第三条,建设工程与房地产,施工||工程施工||工程,False,,,建设工程
《建筑工程施工许可管理办法》第三条,建设工程与房地产,施工||工程施工||工程,False,,,建设工程
《建筑工程施工许可管理办法》第三条,建设工程与房地产,施工||工程施工||工程,False,,,建设工程
《建筑工程施工许可管理办法》第三条第一款,建设工程与房地产,施工||工程施工||工程,False,,,建设工程
《建筑工程施工许可管理办法》第二条第一款,建设工程与房地产,施工||工程施工||工程,False,,,建设工程
《建筑工程施工许可管理办法》第十二条,建设工程与房地产,施工||工程施工||工程,False,,,建设工程
《建筑工程施工许可管理办法》第十二条的规定,建设工程与房地产,施工||工程施工||工程,False,,,建设工程
《建筑工程施工许可管理办法》第十二条,建设工程与房地产,施工||工程施工||工程,False,,,建设工程
《建筑工程施工许可管理办法》第十二条,建设工程与房地产,施工||工程施工||工程,False,,,建设工程
《建筑工程施工许可管理办法》第十二条,建设工程与房地产,施工||工程施工||工程,False,,,建设工程
《建筑工程施工许可管理办法》第十二条,建设工程与房地产,施工||工程施工||工程,False,,,建设工程
《建筑工程施工许可管理办法》第十二条,建设工程与房地产,施工||工程施工||工程,False,,,建设工程
《建筑工程施工许可管理办法》第十二条,建设工程与房地产,施工||工程施工||工程,False,,,建设工程
《建筑工程施工许可管理办法》第十二条,建设工程与房地产,施工许可证||施工||工程施工||工程||许可证,False,,,建设工程
《建筑工程施工许可管理办法》第十二条,建设工程与房地产,施工||工程施工||工程,False,,,建设工程
《建筑工程施工许可管理办法》第十二条,建设工程与房地产,施工||工程施工||工程,False,,,建设工程
《建筑工程施工许可管理办法》第二条第一款、第三条第一款,建设工程与房地产,施工||工程施工||工程,False,,,建设工程
《建筑工程施工许可管理办法》第十二条、第十五条第一款,建设工程与房地产,施工||工程施工||工程,False,,,建设工程
《建筑施工扣件式钢管脚手架安全技术规范》,建设工程与房地产,安全||安全技术||施工,False,,,安全生产||建设工程
《建筑施工扣件式钢管脚手架安全技术规范》,建设工程与房地产,安全||安全技术||施工,False,,,安全生产||建设工程
《建筑施工扣件式钢管脚手架安全技术规范》,建设工程与房地产,安全||安全技术||施工,False,,,安全生产||建设工程
《建筑施工扣件式钢管脚手架安全技术规范》,建设工程与房地产,安全||安全技术||施工,False,,,安全生产||建设工程
《建筑施工扣件式钢管脚手架安全技术规范》,建设工程与房地产,安全||安全技术||施工,False,,,安全生产||建设工程
《建筑施工扣件式钢管脚手架安全技术规范》,建设工程与房地产,安全||安全技术||施工,False,,,安全生产||建设工程
《建筑施工扣件式钢管脚手架安全技术规范》,建设工程与房地产,安全||安全技术||施工,False,,,安全生产||建设工程
《建筑施工工具式脚手架安全技术规范》,建设工程与房地产,安全||安全技术||施工,False,,,安全生产||建设工程
《建筑施工扣件式钢管脚手架安全技术规范》,建设工程与房地产,安全||安全技术||施工,False,,,安全生产||建设工程
《建筑机械施工安全》,建设工程与房地产,安全||施工,False,,,安全生产||建设工程
《建筑施工高处作业安全技术规范》,建设工程与房地产,安全||安全技术||施工,False,,,安全生产||建设工程
《建筑施工高处作业安全技术规范》,建设工程与房地产,安全||安全技术||施工,False,,,安全生产||建设工程
《建筑施工高处作业安全技术规范》,建设工程与房地产,安全||安全技术||施工,False,,,安全生产||建设工程
《建筑施工高处作业安全技术规范》,建设工程与房地产,安全||安全技术||施工,False,,,安全生产||建设工程
《建筑施工扣件式钢管脚手架安全技术规范》,建设工程与房地产,安全||安全技术||施工,False,,,安全生产||建设工程
《建筑施工现场高处作业安全技术规范》,建设工程与房地产,安全||安全技术||施工,False,,,安全生产||建设工程
《建筑施工承插型盘扣式钢管脚手架安全技术标准》,建设工程与房地产,安全||安全技术||施工,False,,,安全生产||建设工程
《建筑施工承插型盘扣式钢管支架安全技术规程》,建设工程与房地产,安全||安全技术||施工,False,,,安全生产||建设工程
《建筑施工扣件式钢管脚手架安全技术规范》,建设工程与房地产,安全||安全技术||施工,False,,,安全生产||建设工程
《建筑施工碗扣式脚手架安全技术规范》,建设工程与房地产,安全||安全技术||施工,False,,,安全生产||建设工程
《建筑电气工程施工质量验收规范》,建设工程与房地产,施工||工程施工||工程,False,,,建设工程
《建筑施工作业劳动防护用品的配备及使用标准》,建设工程与房地产,劳动防护用品||劳动防护||施工,False,,,安全生产||建设工程
《建筑施工作业劳动防护用品的配备及使用标准》,建设工程与房地产,劳动防护用品||劳动防护||施工,False,,,安全生产||建设工程
《建筑施工企业安全生产许可证管理规定》第四条第十项和第十五条,建设工程与房地产,安全||安全生产||安全管理规定||安全生产管理||施工许可证||施工||许可证,False,,,安全生产||建设工程
《建筑施工土石方工程安全技术规范》,建设工程与房地产,安全||安全技术||施工||工程,False,,,安全生产||建设工程
《重庆市建设工程安全生产管理办法》第十九条,建设工程与房地产,安全||安全生产||安全生产管理||建设工程||工程,False,,,安全生产||建设工程
《北京市市政基础设施工程暗挖施工安全技术规程》,建设工程与房地产,安全||安全技术||施工||工程施工||工程,False,,,安全生产||建设工程
《建设工程质量管理条例》第二十八条,建设工程与房地产,建设工程||工程,False,,,建设工程
《建设工程质量管理条例》第五十七条,建设工程与房地产,建设工程||工程,False,,,建设工程
《施工现场临时用电安全技术规范》,建设工程与房地产,安全||安全技术||施工,False,,,安全生产||建设工程
《施工现场临时用电安全技术规范》,建设工程与房地产,安全||安全技术||施工,False,,,安全生产||建设工程
《施工现场临时用电安全技术规范》,建设工程与房地产,安全||安全技术||施工,False,,,安全生产||建设工程
《施工现场临时用电安全技术规范》,建设工程与房地产,安全||安全技术||施工,False,,,安全生产||建设工程
《建筑工程施工许可管理办法》第十二条的规定,建设工程与房地产,施工||工程施工||工程,False,,,建设工程
《建筑工程施工许可管理办法》第十二条,建设工程与房地产,施工||工程施工||工程,False,,,建设工程
《天津市建设工程施工安全管理条例》第五十一条第二项,建设工程与房地产,安全||施工||建设工程||工程施工||工程,False,,,安全生产||建设工程
《危险性较大的分部分项工程安全管理规定》第三十五条第三项,建设工程与房地产,安全||安全管理规定||工程,False,,,安全生产||建设工程
《危险性较大的分部分项工程安全管理规定》第三十五条第(三)项,建设工程与房地产,安全||安全管理规定||工程,False,,,安全生产||建设工程
《北京市建设工程质量条例》第七十五条第一款,建设工程与房地产,建设工程||工程,False,,,建设工程
《施工现场临时用电安全技术规范》,建设工程与房地产,安全||安全技术||施工,False,,,安全生产||建设工程
《施工现场临时用电安全技术规范》,建设工程与房地产,安全||安全技术||施工,False,,,安全生产||建设工程
《施工现场临时用电安全技术规范》,建设工程与房地产,安全||安全技术||施工,False,,,安全生产||建设工程
《施工现场临时用电安全技术规范》,建设工程与房地产,安全||安全技术||施工,False,,,安全生产||建设工程
《施工现场临时用电安全技术规范》,建设工程与房地产,安全||安全技术||施工,False,,,安全生产||建设工程
《施工现场临时用电安全技术规范》,建设工程与房地产,安全||安全技术||施工,False,,,安全生产||建设工程
《施工现场临时用电安全技术规范》,建设工程与房地产,安全||安全技术||施工,False,,,安全生产||建设工程
《施工现场临时用电安全技术规范》,建设工程与房地产,安全||安全技术||施工,False,,,安全生产||建设工程
《施工现场临时用电安全技术规范》,建设工程与房地产,安全||安全技术||施工,False,,,安全生产||建设工程
《施工现场临时用电安全技术规范》,建设工程与房地产,安全||安全技术||施工,False,,,安全生产||建设工程
《施工现场临时用电安全技术规范》,建设工程与房地产,安全||安全技术||施工,False,,,安全生产||建设工程
《施工现场临时用电安全技术规范》,建设工程与房地产,安全||安全技术||施工,False,,,安全生产||建设工程
《施工现场临时用电安全技术规范》,建设工程与房地产,安全||安全技术||施工,False,,,安全生产||建设工程
《施工现场临时用电安全技术规范》,建设工程与房地产,安全||安全技术||施工,False,,,安全生产||建设工程
《施工现场临时用电安全技术规范》,建设工程与房地产,安全||安全技术||施工,False,,,安全生产||建设工程
《施工现场临时用电安全技术规范》,建设工程与房地产,安全||安全技术||施工,False,,,安全生产||建设工程
《施工现场临时用电安全技术规范》第8.1.11条第二款,建设工程与房地产,安全||安全技术||施工,False,,,安全生产||建设工程
《施工现场临时用电安全技术规范》,建设工程与房地产,安全||安全技术||施工,False,,,安全生产||建设工程
《施工现场临时用电安全技术规范》,建设工程与房地产,安全||安全技术||施工,False,,,安全生产||建设工程
《施工现场临时用电安全技术规范》,建设工程与房地产,安全||安全技术||施工,False,,,安全生产||建设工程
《施工现场临时用电安全技术规范》,建设工程与房地产,安全||安全技术||施工,False,,,安全生产||建设工程
《施工现场临时用电安全技术规范》,建设工程与房地产,安全||安全技术||施工,False,,,安全生产||建设工程
《施工现场临时用电安全技术规范》,建设工程与房地产,安全||安全技术||施工,False,,,安全生产||建设工程
《施工现场临时用电安全技术规范》,建设工程与房地产,安全||安全技术||施工,False,,,安全生产||建设工程
《建设工程安全生产管理条例》第五十七条,建设工程与房地产,安全||安全生产||安全生产管理||建设工程||工程,False,,,安全生产||建设工程
《建设工程施工许可管理办法》第十二条,建设工程与房地产,施工||建设工程||工程施工||工程,False,,,建设工程
《建筑工程施工许可管理办法》第十二条、第十五条第一款,建设工程与房地产,施工||工程施工||工程,False,,,建设工程
《建筑工程施工许可管理办法》第十二条,建设工程与房地产,施工||工程施工||工程,False,,,建设工程
《建筑施工企业主要负责人、项,建设工程与房地产,施工,False,,,建设工程
《杭州市建设工程渣土管理办法》第二十二条第（四）项,建设工程与房地产,建设工程||工程,False,,,建设工程
《杭州市建设工程施工安全管理条例》第四十九条,建设工程与房地产,安全||施工||建设工程||工程施工||工程,False,,,安全生产||建设工程
《杭州市建设工程施工安全管理条例》第三十三条第（二）项,建设工程与房地产,安全||施工||建设工程||工程施工||工程,False,,,安全生产||建设工程
《建设工程安全生产管理条例》第六十二条第(二)项,建设工程与房地产,安全||安全生产||安全生产管理||建设工程||工程,False,,,安全生产||建设工程
《建设工程质量管理条例》第五十七条,建设工程与房地产,建设工程||工程,False,,,建设工程
《建设工程质量管理条例》第六十四条,建设工程与房地产,建设工程||工程,False,,,建设工程
《建设工程质量管理条例》第五十六条第一款第(四)项,建设工程与房地产,建设工程||工程,False,,,建设工程
《建设工程质量管理条例》第五十八条,建设工程与房地产,建设工程||工程,False,,,建设工程
《建设工程质量管理条例》第五十七条,建设工程与房地产,建设工程||工程,False,,,建设工程
《建设工程质量检测管理办法》第三十条,建设工程与房地产,建设工程||工程,False,,,建设工程
《建设工程质量管理条例》第五十六条第四款,建设工程与房地产,建设工程||工程,False,,,建设工程
《建设工程质量管理条例》第五十六条,建设工程与房地产,建设工程||工程,False,,,建设工程
《建设工程质量管理条例》第十三条,建设工程与房地产,建设工程||工程,False,,,建设工程
《建设工程质量管理条例》第十三条,建设工程与房地产,建设工程||工程,False,,,建设工程
《建设工程质量管理条例》第十一条,建设工程与房地产,建设工程||工程,False,,,建设工程
《建设工程质量管理条例》第六十四条的规定,建设工程与房地产,建设工程||工程,False,,,建设工程
《建设工程质量管理条例》第六十四条,建设工程与房地产,建设工程||工程,False,,,建设工程
《建设工程质量管理条例》第六十四条,建设工程与房地产,建设工程||工程,False,,,建设工程
《建设工程质量管理条例》第六十五条,建设工程与房地产,建设工程||工程,False,,,建设工程
《建设工程质量管理条例》第六十五条,建设工程与房地产,建设工程||工程,False,,,建设工程
《建设工程质量管理条例》第六十二条,建设工程与房地产,建设工程||工程,False,,,建设工程
《建设工程质量管理条例》第六十二条,建设工程与房地产,建设工程||工程,False,,,建设工程
《建设工程质量管理条例》第六十二条第一款的规定,建设工程与房地产,建设工程||工程,False,,,建设工程
《建设项目安全设施“三同时”监督管理办法》第七条,建设工程与房地产,安全||安全监理||建设项目,False,,,安全生产||建设工程
《建设工程质量管理条例》第十六条,建设工程与房地产,建设工程||工程,False,,,建设工程
《建设工程质量管理条例》第十六条第三款,建设工程与房地产,建设工程||工程,False,,,建设工程
《建设工程质量管理条例》第十六条第一款,建设工程与房地产,建设工程||工程,False,,,建设工程
《建设工程质量管理条例》第六十二条第一款,建设工程与房地产,建设工程||工程,False,,,建设工程
《建设工程质量管理条例》第六十二条第一款,建设工程与房地产,建设工程||工程,False,,,建设工程
《建设工程质量管理条例》第五十八条第一项,建设工程与房地产,建设工程||工程,False,,,建设工程
《建设工程质量管理条例》第五十八条第一项,建设工程与房地产,建设工程||工程,False,,,建设工程
《建设工程质量管理条例》第五十八条第一项,建设工程与房地产,建设工程||工程,False,,,建设工程
《建设工程质量管理条例》第五十八条第(一)项,建设工程与房地产,建设工程||工程,False,,,建设工程
《建设工程质量管理条例》第五十八条第(一)项,建设工程与房地产,建设工程||工程,False,,,建设工程
《建设工程质量管理条例》第五十八条,建设工程与房地产,建设工程||工程,False,,,建设工程
《建设工程质量管理条例》第五十八条,建设工程与房地产,建设工程||工程,False,,,建设工程
《建设工程质量管理条例》第五十八条第一项,建设工程与房地产,建设工程||工程,False,,,建设工程
《建设工程质量管理条例》第五十七条,建设工程与房地产,建设工程||工程,False,,,建设工程
《建设工程质量管理条例》第五十七条,建设工程与房地产,建设工程||工程,False,,,建设工程
《建设工程质量管理条例》第五十七条,建设工程与房地产,建设工程||工程,False,,,建设工程
《建设工程质量管理条例》第五十七条,建设工程与房地产,建设工程||工程,False,,,建设工程
《建设工程质量管理条例》第五十七条,建设工程与房地产,建设工程||工程,False,,,建设工程
《建设工程质量管理条例》第五十七条,建设工程与房地产,建设工程||工程,False,,,建设工程
《上海市建设工程材料管理条例》第二十五条第一款第(一)项,建设工程与房地产,建设工程||工程,False,,,建设工程
《建设工程质量管理条例》第五十五条,建设工程与房地产,建设工程||工程,False,,,建设工程
《建设工程质量管理条例》第六十二条第一款,建设工程与房地产,建设工程||工程,False,,,建设工程
《建设工程质量管理条例》第六十二条,建设工程与房地产,建设工程||工程,False,,,建设工程
《建设工程质量管理条例》第六十二条,建设工程与房地产,建设工程||工程,False,,,建设工程
《建设工程质量管理条例》第六十一条,建设工程与房地产,建设工程||工程,False,,,建设工程
《建设工程质量管理条例》第五十八条第一项,建设工程与房地产,建设工程||工程,False,,,建设工程
《建设工程质量管理条例》第五十六条第(六)项,建设工程与房地产,建设工程||工程,False,,,建设工程
《建设工程质量管理条例》第五十六条第(六)项,建设工程与房地产,建设工程||工程,False,,,建设工程
《建设工程质量管理条例》第五十六条,建设工程与房地产,建设工程||工程,False,,,建设工程
《建设工程质量管理条例》第五十八条,建设工程与房地产,建设工程||工程,False,,,建设工程
《建设工程质量管理条例》第五十八条第（一）项,建设工程与房地产,建设工程||工程,False,,,建设工程
《建设工程质量管理条例》第五十八条第（一）项,建设工程与房地产,建设工程||工程,False,,,建设工程
《建设工程质量管理条例》第五十六条第六款,建设工程与房地产,建设工程||工程,False,,,建设工程
《成都市建设施工现场管理条例》第四十五条第一款,建设工程与房地产,施工,False,,,建设工程
《房屋建筑和市政基础设施工程施工图设计文件审查管理办法》第二十四条,建设工程与房地产,施工||建设工程||工程施工||工程,False,,,建设工程
《房地产开发企业资质管理规定》第十五条,建设工程与房地产,房地产,False,,,房地产/土地
《房地产开发企业资质管理规定》第二十四条,建设工程与房地产,房地产,False,,,房地产/土地
《建设项目安全设施三同时监督管理办法》第十五条第（一）项,建设工程与房地产,安全||安全监理||建设项目,False,,,安全生产||建设工程
《建设项目安全设施“三同时”监督管理办法》第三十条,建设工程与房地产,安全||安全管理规定||安全监理||建设项目,False,,,安全生产||建设工程
《建设项目安全设施“三同时”监督管理办法》第十条第一款,建设工程与房地产,安全||安全监理||建设项目,False,,,安全生产||建设工程
《建设项目管理条例》第二十条,建设工程与房地产,建设项目,False,,,建设工程
《福建省建设工程监理文件管理规程》,建设工程与房地产,建设工程||工程,False,,,建设工程
《山东省房屋建筑和市政工程质量监督管理办法》第五十五条第三项,建设工程与房地产,工程||工程质量监督,False,,,建设工程
《自动喷水灭火系统施工及验收规范》,建设工程与房地产,施工,False,,,建设工程
《屋面工程质量验收规范》,建设工程与房地产,工程,False,,,建设工程
《安徽省建设工程安全生产管理办法》第二十三条第(一)项和第(七)项,建设工程与房地产,安全||安全生产||安全生产管理||建设工程||工程,False,,,安全生产||建设工程
《安徽省建设工程安全生产管理办法》第二十三条第(二)、(七)、(八)项,建设工程与房地产,安全||安全生产||安全生产管理||建设工程||工程,False,,,安全生产||建设工程
《建筑工程施工许可管理办法》第3条,建设工程与房地产,施工||工程施工||工程,False,,,建设工程
《电气装置安装工程接地装置施工及验收规范》,建设工程与房地产,施工||工程施工||工程||装置,False,,,建设工程
《电气装置安装工程接地装置施工及验收规范》,建设工程与房地产,施工||工程施工||工程||装置,False,,,建设工程
《电气装置安装工程接地装置施工及验收规范》,建设工程与房地产,施工||工程施工||工程||装置,False,,,建设工程
《建筑基坑工程监测技术标准》,建设工程与房地产,工程,False,,,建设工程
《建筑基坑工程监测技术标准》,建设工程与房地产,工程,False,,,建设工程
《建筑基坑工程监测技术标准》,建设工程与房地产,工程,False,,,建设工程
《建筑基坑工程监测技术规范》,建设工程与房地产,工程,False,,,建设工程
《建筑地基基础工程施工质量验收规范》,建设工程与房地产,施工||工程施工||工程,False,,,建设工程
《建筑基坑工程监测技术规范》,建设工程与房地产,工程,False,,,建设工程
《建筑基坑工程监测技术规范》,建设工程与房地产,工程,False,,,建设工程
《建设工程质量管理条例》第六十二条第一款,建设工程与房地产,ai,False,,,建设工程
《建筑工程建筑面积计算规范》,建设工程与房地产,工程,False,,,建设工程
《建筑节能工程施工质量验收标准》,建设工程与房地产,ai,False,,,建设工程
《建筑工程施工许可管理办法》第十二条,建设工程与房地产,ai,False,,,建设工程
《建筑工程施工许可管理办法》第十二条,建设工程与房地产,ai,False,,,建设工程
《建筑工程安全生产管理条例》第十四条第二款,建设工程与房地产,安全||安全生产||安全生产管理||工程,False,,,安全生产||建设工程
《建筑工程安全生产管理条例》第五十七条第(二)项,建设工程与房地产,安全||安全生产||安全生产管理||工程,False,,,安全生产||建设工程
《广东省建设工程质量管理条例》第四十六条,建设工程与房地产,建设工程||工程,False,,,建设工程
《通风与空调工程施工质量验收规范》,建设工程与房地产,施工||工程施工||工程,False,,,建设工程
《山东省房屋建筑和市政工程质量监督管理办法》第五十条之规定,建设工程与房地产,ai,False,,,工程建设/招投标
《天津市建设工程安全管理条例》第四十八条,建设工程与房地产,ai,False,,,建设工程
《北京市建设工程施工现场管理办法》第三十一条,建设工程与房地产,ai,False,,,建设工程
《建筑工程施工许可管理办法》第12条,建设工程与房地产,施工||工程施工||工程,False,,,建设工程
《建筑工程施工许可管理办法》第12条,建设工程与房地产,施工||工程施工||工程,False,,,建设工程
《建筑工程施工许可管理办法》第18号)第十五条,建设工程与房地产,施工||工程施工||工程,False,,,建设工程
《建筑工程施工发包与承包违法行为认定查处管理办法》,建设工程与房地产,施工||工程施工||工程,False,,,建设工程
《房屋建筑和市政基础设施工程竣工验收备案管理办法》第四条,建设工程与房地产,ai,False,,,建设工程
《中华人民共和国土地管理法》第五十九条,房地产/土地,土地,False,(匹配)建设工程与房地产,,房地产/土地
《中华人民共和国土地管理法》第五十九条,房地产/土地,土地,False,(匹配)建设工程与房地产,,房地产/土地
《中华人民共和国土地管理法》,房地产/土地,土地,False,(匹配)建设工程与房地产,,房地产/土地
《中华人民共和国土地管理法》第五十三条,房地产/土地,土地,False,(匹配)建设工程与房地产,,房地产/土地
《中华人民共和国土地管理法实施条例》第四十二条,房地产/土地,土地,False,(匹配)建设工程与房地产,,房地产/土地
《中华人民共和国土地管理法实施条例》第四十二条,房地产/土地,土地,False,(匹配)建设工程与房地产,,房地产/土地
《中华人民共和国土地管理法实施条例》第四十二条,房地产/土地,土地,False,(匹配)建设工程与房地产,,房地产/土地
《中华人民共和国土地管理法实施条例》第四十二条,房地产/土地,土地,False,(匹配)建设工程与房地产,,房地产/土地
《中华人民共和国土地管理法实施条例》第四十二条,房地产/土地,土地,False,(匹配)建设工程与房地产,,房地产/土地
《中华人民共和国土地管理法实施条例》第四十二条,房地产/土地,土地,False,(匹配)建设工程与房地产,,房地产/土地
《中华人民共和国土地管理法》第四十四条第一款,房地产/土地,土地,False,(匹配)建设工程与房地产,,房地产/土地
《中华人民共和国土地管理法》第四十四条第一款,房地产/土地,土地,False,(匹配)建设工程与房地产,,房地产/土地
《中华人民共和国土地管理法》第四十三条,房地产/土地,土地,False,(匹配)建设工程与房地产,,房地产/土地
《中华人民共和国土地管理法》第四十三条,房地产/土地,土地,False,(匹配)建设工程与房地产,,房地产/土地
《中华人民共和国土地管理法》第四十三条,房地产/土地,土地,False,(匹配)建设工程与房地产,,房地产/土地
《中华人民共和国土地管理法》第四十三条,房地产/土地,土地,False,(匹配)建设工程与房地产,,房地产/土地
《中华人民共和国土地管理法》第四十四条,房地产/土地,土地,False,(匹配)建设工程与房地产,,房地产/土地
《中华人民共和国土地管理法》第四十三条第一款,房地产/土地,ai,False,(匹配)建设工程与房地产,,房地产/土地
《中华人民共和国土地管理法》第四十四条,房地产/土地,土地,False,(匹配)建设工程与房地产,,房地产/土地
《中华人民共和国土地管理法》第七十六条,房地产/土地,土地,False,(匹配)建设工程与房地产,,房地产/土地
《中华人民共和国土地管理法》第七十六条,房地产/土地,土地,False,(匹配)建设工程与房地产,,房地产/土地
《中华人民共和国土地管理法》第七十六条第一款,房地产/土地,土地,False,(匹配)建设工程与房地产,,房地产/土地
《中华人民共和国土地管理法》第七十六条第一款,房地产/土地,土地,False,(匹配)建设工程与房地产,,房地产/土地
《中华人民共和国土地管理法》第七十六条第一款,房地产/土地,土地,False,(匹配)建设工程与房地产,,房地产/土地
《中华人民共和国土地管理法》第七十六条,房地产/土地,土地,False,(匹配)建设工程与房地产,,房地产/土地
《土地管理法》第七十六条的规定,房地产/土地,土地,False,(匹配)建设工程与房地产,,房地产/土地
《中华人民共和国土地管理法》第七十四条,房地产/土地,土地,False,(匹配)建设工程与房地产,,房地产/土地
《中华人民共和国土地管理法》第七十四条,房地产/土地,土地,False,(匹配)建设工程与房地产,,房地产/土地
《中华人民共和国土地管理法》第七十五条,房地产/土地,土地,False,(匹配)建设工程与房地产,,房地产/土地
《中华人民共和国土地管理法》,房地产/土地,土地,False,(匹配)建设工程与房地产,,房地产/土地
《中华人民共和国土地管理法》,房地产/土地,土地,False,(匹配)建设工程与房地产,,房地产/土地
《中华人民共和国土地管理法》,房地产/土地,土地,False,(匹配)建设工程与房地产,,房地产/土地
《中华人民共和国土地管理法》,房地产/土地,土地,False,(匹配)建设工程与房地产,,房地产/土地
《中华人民共和国土地管理法》第77条,房地产/土地,土地,False,(匹配)建设工程与房地产,,房地产/土地
《中华人民共和国土地管理法》,房地产/土地,土地,False,(匹配)建设工程与房地产,,房地产/土地
《中华人民共和国土地管理法》第七十七条,房地产/土地,土地,False,(匹配)建设工程与房地产,,房地产/土地
《中华人民共和国土地管理法》第七十七条,房地产/土地,土地,False,(匹配)建设工程与房地产,,房地产/土地
《中华人民共和国土地管理法》第七十七条,房地产/土地,土地,False,(匹配)建设工程与房地产,,房地产/土地
《中华人民共和国土地管理法》第七十七条第一款,房地产/土地,土地,False,(匹配)建设工程与房地产,,房地产/土地
《中华人民共和国土地管理法》第七十七条第一款,房地产/土地,土地,False,(匹配)建设工程与房地产,,房地产/土地
《中华人民共和国土地管理法》第二条第三款、第四十四条,房地产/土地,土地,False,(匹配)建设工程与房地产,,房地产/土地
《中华人民共和国土地管理法》第二条第三款,房地产/土地,土地,False,(匹配)建设工程与房地产,,房地产/土地
《中华人民共和国土地管理法》第二条第三款,房地产/土地,土地,False,(匹配)建设工程与房地产,,房地产/土地
《中华人民共和国土地管理法》第2条,房地产/土地,土地,False,(匹配)建设工程与房地产,,房地产/土地
《中华人民共和国土地管理法》第二条、第四十四条、第五十九条、第六十条、第六十一条、第六十二条,房地产/土地,土地,False,(匹配)建设工程与房地产,,房地产/土地
《中华人民共和国土地管理法》,房地产/土地,土地,False,(匹配)建设工程与房地产,,房地产/土地
《中华人民共和国土地管理法》第七十七条第一款,房地产/土地,土地,False,(匹配)建设工程与房地产,,房地产/土地
《中华人民共和国土地管理法》第二条,房地产/土地,土地,False,(匹配)建设工程与房地产,,房地产/土地
《中华人民共和国土地管理法》第二条第三款,房地产/土地,土地,False,(匹配)建设工程与房地产,,房地产/土地
《中华人民共和国土地管理法》第七十七条,房地产/土地,土地,False,(匹配)建设工程与房地产,,房地产/土地
《商品房买卖合同》第七条,房地产/土地,商品房买卖合同,False,(匹配)建设工程与房地产,,房地产/土地
《商品房买卖合同》第八条,房地产/土地,商品房买卖合同,False,(匹配)建设工程与房地产,,房地产/土地
《甘肃省招标投标条例》第二十二条,招投标,ai,True,(匹配)建设工程与房地产,适用招标投标条例，应归入招投标。,工程建设/招投标
《中华人民共和国公司登记管理条例》第二十六条,无照经营/登记问题,变更登记||登记管理||登记,False,(匹配)未年检登记||无照经营/登记问题,,未年检登记||无照经营/登记问题
《中华人民共和国公司登记管理条例》第二十六条,无照经营/登记问题,登记管理||登记,False,(匹配)市场主体与登记治理,,无照经营/登记问题
《中华人民共和国公司登记管理条例》第二十六条,无照经营/登记问题,登记管理||登记,False,(匹配)市场主体与登记治理,,无照经营/登记问题
《中华人民共和国公司登记管理条例》第二十九条第一款,无照经营/登记问题,登记管理||登记,False,(匹配)市场主体与登记治理,,无照经营/登记问题
《中华人民共和国企业法人登记管理条例施行细则》第六十三条第一款第（三）项,无照经营/登记问题,登记管理||登记,False,(匹配)市场主体与登记治理,,无照经营/登记问题
《中华人民共和国公司登记管理条例》第七十三条第二款,无照经营/登记问题,登记管理||登记,False,(匹配)市场主体与登记治理,,无照经营/登记问题
《中华人民共和国公司登记管理条例》第七十六条,无照经营/登记问题,登记管理||登记,False,(匹配)市场主体与登记治理,,无照经营/登记问题
《中华人民共和国公司登记管理条例》第三十三条,无照经营/登记问题,登记管理||登记,False,(匹配)市场主体与登记治理,,无照经营/登记问题
《中华人民共和国公司登记管理条例》第七十六条,无照经营/登记问题,登记管理||登记,False,(匹配)市场主体与登记治理,,无照经营/登记问题
《中华人民共和国公司登记管理条例》第七十六条,无照经营/登记问题,登记管理||登记,False,(匹配)市场主体与登记治理,,无照经营/登记问题
《中华人民共和国公司登记管理条例》第三十三条,无照经营/登记问题,登记管理||登记,False,(匹配)市场主体与登记治理,,无照经营/登记问题
《中华人民共和国公司登记管理条例》第七十六条,无照经营/登记问题,登记管理||登记,False,(匹配)市场主体与登记治理,,无照经营/登记问题
《中华人民共和国企业法人登记管理条例施行细则》第六十三条第一款第三项,无照经营/登记问题,登记管理||登记,False,(匹配)市场主体与登记治理,,无照经营/登记问题
《中华人民共和国公司登记管理条例》第七十二条,无照经营/登记问题,登记管理||登记,False,(匹配)市场主体与登记治理,,无照经营/登记问题
《中华人民共和国公司登记管理条例》第六十条,无照经营/登记问题,登记管理||登记,False,(匹配)市场主体与登记治理,,无照经营/登记问题
《中华人民共和国公司登记管理条例》第七十八条,无照经营/登记问题,登记管理||登记,False,(匹配)市场主体与登记治理,,无照经营/登记问题
《中华人民共和国公司登记管理条例》第七十六条,无照经营/登记问题,登记管理||登记,False,(匹配)市场主体与登记治理,,无照经营/登记问题
《中华人民共和国公司登记管理条例》第七十六条,无照经营/登记问题,登记管理||登记,False,(匹配)市场主体与登记治理,,无照经营/登记问题
《中华人民共和国公司登记管理条例》第六十条,无照经营/登记问题,登记管理||登记,False,(匹配)市场主体与登记治理,,无照经营/登记问题
《中华人民共和国企业法人登记管理条例施行细则》第六十三条第一款,无照经营/登记问题,登记管理||登记,False,(匹配)市场主体与登记治理,,无照经营/登记问题
《中华人民共和国企业法人登记管理条例》第三十条,无照经营/登记问题,登记管理||登记,False,(匹配)市场主体与登记治理,,无照经营/登记问题
《中华人民共和国企业法人登记管理条例》第三十条,无照经营/登记问题,登记管理||登记,False,(匹配)市场主体与登记治理,,无照经营/登记问题
《中华人民共和国企业法人登记管理条例》第三十条第一款第（三）项,无照经营/登记问题,登记管理||登记,False,(匹配)市场主体与登记治理,,无照经营/登记问题
《中华人民共和国企业法人登记管理条例》第三十条第一款第（三）项,无照经营/登记问题,登记管理||登记,False,(匹配)市场主体与登记治理,,无照经营/登记问题
《中华人民共和国企业法人登记管理条例》第三十条第一款第（二）项,无照经营/登记问题,登记管理||登记,False,(匹配)市场主体与登记治理,,无照经营/登记问题
《中华人民共和国企业法人登记管理条例》第三十条第一款第（二）项,无照经营/登记问题,登记管理||登记,False,(匹配)市场主体与登记治理,,无照经营/登记问题
《中华人民共和国企业法人登记管理条例》第三十条第一款第（二）项,无照经营/登记问题,登记管理||登记,False,(匹配)市场主体与登记治理,,无照经营/登记问题
《中华人民共和国企业法人登记管理条例》第二十二条,无照经营/登记问题,登记管理||登记,False,(匹配)市场主体与登记治理,,无照经营/登记问题
《中华人民共和国公司登记管理条例》第78条,无照经营/登记问题,登记管理||登记,False,(匹配)市场主体与登记治理,,无照经营/登记问题
《中华人民共和国公司登记管理条例》第76条,无照经营/登记问题,登记管理||登记,False,(匹配)市场主体与登记治理,,无照经营/登记问题
《中华人民共和国公司登记管理条例》第76条,无照经营/登记问题,登记管理||登记,False,(匹配)市场主体与登记治理,,无照经营/登记问题
《中华人民共和国公司登记管理条例》第76条,无照经营/登记问题,登记管理||登记,False,(匹配)市场主体与登记治理,,无照经营/登记问题
《中华人民共和国公司登记管理条例》第七十三条,无照经营/登记问题,登记管理||登记,False,(匹配)市场主体与登记治理,,无照经营/登记问题
《中华人民共和国公司登记管理条例》第七十七条,无照经营/登记问题,登记管理||登记,False,(匹配)市场主体与登记治理,,无照经营/登记问题
《中华人民共和国企业法人登记管理条例》第24条,无照经营/登记问题,登记管理||登记,False,(匹配)市场主体与登记治理,,无照经营/登记问题
《中华人民共和国公司登记管理条例》第六十条,无照经营/登记问题,登记管理||登记,False,(匹配)市场主体与登记治理,,无照经营/登记问题
《中华人民共和国公司登记管理条例》第80条,无照经营/登记问题,登记管理||登记,False,(匹配)市场主体与登记治理,,无照经营/登记问题
《中华人民共和国企业法人登记管理条例》第30条,无照经营/登记问题,登记管理||登记,False,(匹配)市场主体与登记治理,,无照经营/登记问题
《中华人民共和国公司登记管理条例》第78条,无照经营/登记问题,登记管理||登记,False,(匹配)市场主体与登记治理,,无照经营/登记问题
《中华人民共和国企业法人登记管理条例》第30条第1款第2项,无照经营/登记问题,登记管理||登记,False,(匹配)市场主体与登记治理,,无照经营/登记问题
《市场主体登记管理条例》第四十六条,无照经营/登记问题,登记管理||登记,False,(匹配)市场主体与登记治理,,无照经营/登记问题
《中华人民共和国公司登记管理条例》第63条第2款,无照经营/登记问题,登记管理||登记,False,(匹配)市场主体与登记治理,,无照经营/登记问题
《中华人民共和国公司登记管理条例》第63条第2款,无照经营/登记问题,登记管理||登记,False,(匹配)市场主体与登记治理,,无照经营/登记问题
《中华人民共和国公司登记管理条例》第63条第2款,无照经营/登记问题,登记管理||登记,False,(匹配)市场主体与登记治理,,无照经营/登记问题
《中华人民共和国公司登记管理条例》第六十条第一款,无照经营/登记问题,登记管理||登记,False,(匹配)市场主体与登记治理,,无照经营/登记问题
《中华人民共和国公司登记管理条例》第七十三条,无照经营/登记问题,登记管理||登记,False,(匹配)市场主体与登记治理,,无照经营/登记问题
《中华人民共和国公司登记管理条例》第七十三条第一款,无照经营/登记问题,登记管理||登记,False,(匹配)市场主体与登记治理,,无照经营/登记问题
《中华人民共和国企业法人登记管理条例施行细则》第六十三条第一款第（三）项,无照经营/登记问题,登记管理||登记,False,(匹配)市场主体与登记治理,,无照经营/登记问题
《中华人民共和国公司登记管理条例》第七十三条第一款,无照经营/登记问题,登记管理||登记,False,(匹配)市场主体与登记治理,,无照经营/登记问题
《中华人民共和国公司登记管理条例》第七十三条第一款,无照经营/登记问题,登记管理||登记,False,(匹配)市场主体与登记治理,,无照经营/登记问题
《中华人民共和国公司登记管理条例》第七十三条第一款,无照经营/登记问题,登记管理||登记,False,(匹配)市场主体与登记治理,,无照经营/登记问题
《中华人民共和国企业法人登记管理条例实施细则》第63条第1款第4项,无照经营/登记问题,登记管理||登记,False,(匹配)市场主体与登记治理,,无照经营/登记问题
《工业产品生产许可证管理条例》第四十五条,无照经营/登记问题,工业||工业产品生产许可证||许可证,False,(匹配)安全生产/危化品||无照经营/登记问题,,安全生产/危化品||无照经营/登记问题
《中华人民共和国公司登记管理条例》第73条第1款,无照经营/登记问题,登记管理||登记,False,(匹配)市场主体与登记治理,,无照经营/登记问题
《中华人民共和国企业法人登记管理条例》第二十四条,无照经营/登记问题,登记管理||登记,False,(匹配)市场主体与登记治理,,无照经营/登记问题
《中华人民共和国企业法人登记管理条例》第十七条,无照经营/登记问题,登记管理||登记,False,(匹配)市场主体与登记治理,,无照经营/登记问题
《中华人民共和国企业法人登记管理条例》第十七条,无照经营/登记问题,登记管理||登记,False,(匹配)市场主体与登记治理,,无照经营/登记问题
《中华人民共和国企业法人登记管理条例》第二十条、第二十二条、第三十条,无照经营/登记问题,登记管理||登记,False,(匹配)市场主体与登记治理,,无照经营/登记问题
《中华人民共和国企业法人登记管理条例》第二十四条,无照经营/登记问题,登记管理||登记,False,(匹配)市场主体与登记治理,,无照经营/登记问题
《中华人民共和国企业法人登记管理条例》第二十四条,无照经营/登记问题,登记管理||登记,False,(匹配)市场主体与登记治理,,无照经营/登记问题
《中华人民共和国企业法人登记管理条例》第二十四条,无照经营/登记问题,登记管理||登记,False,(匹配)市场主体与登记治理,,无照经营/登记问题
《中华人民共和国企业法人登记管理条例》第二十条,无照经营/登记问题,登记管理||登记,False,(匹配)市场主体与登记治理,,无照经营/登记问题
《个人独资企业登记管理办法》第四十条第一款,无照经营/登记问题,登记管理||登记,False,(匹配)市场主体与登记治理,,无照经营/登记问题
《个人独资企业登记管理办法》第四十条,无照经营/登记问题,登记管理||登记,False,(匹配)市场主体与登记治理,,无照经营/登记问题
《个人独资企业登记管理办法》第四十四条,无照经营/登记问题,登记管理||登记,False,(匹配)市场主体与登记治理,,无照经营/登记问题
《个人独资企业登记管理办法》第二十九条,无照经营/登记问题,登记管理||登记,False,(匹配)市场主体与登记治理,,无照经营/登记问题
《个人独资企业登记管理办法》第二十九条,无照经营/登记问题,登记管理||登记,False,(匹配)市场主体与登记治理,,无照经营/登记问题
《个人独资企业登记管理办法》第40条第1款,无照经营/登记问题,登记管理||登记,False,(匹配)市场主体与登记治理,,无照经营/登记问题
《中华人民共和国公司登记管理条例》第五十八条,无照经营/登记问题,登记管理||登记,False,(匹配)市场主体与登记治理,,无照经营/登记问题
《中华人民共和国公司登记管理条例》第59条,无照经营/登记问题,登记管理||登记,False,(匹配)市场主体与登记治理,,无照经营/登记问题
《中华人民共和国公司登记管理条例》第59条,无照经营/登记问题,登记管理||登记,False,(匹配)市场主体与登记治理,,无照经营/登记问题
《中华人民共和国公司登记管理条例》第59条,无照经营/登记问题,登记管理||登记,False,(匹配)市场主体与登记治理,,无照经营/登记问题
《中华人民共和国公司登记管理条例》,无照经营/登记问题,登记管理||登记,False,(匹配)市场主体与登记治理,,无照经营/登记问题
《中华人民共和国公司登记管理条例》第四十八条第一款,无照经营/登记问题,登记管理||登记,False,(匹配)市场主体与登记治理,,无照经营/登记问题
《中华人民共和国公司登记管理条例》第四十八条第一款,无照经营/登记问题,登记管理||登记,False,(匹配)市场主体与登记治理,,无照经营/登记问题
《中华人民共和国公司登记管理条例》第四十条,无照经营/登记问题,登记管理||登记,False,(匹配)市场主体与登记治理,,无照经营/登记问题
《中华人民共和国公司登记管理条例》第六十条第一款的规定,无照经营/登记问题,登记管理||登记,False,(匹配)市场主体与登记治理,,无照经营/登记问题
《个人独资企业登记管理办法》第29条,无照经营/登记问题,登记管理||登记,False,(匹配)市场主体与登记治理,,无照经营/登记问题
《中华人民共和国公司登记管理条例》第48条,无照经营/登记问题,登记管理||登记,False,(匹配)市场主体与登记治理,,无照经营/登记问题
《中华人民共和国公司登记管理条例》第六十三条第二款,无照经营/登记问题,登记管理||登记,False,(匹配)市场主体与登记治理,,无照经营/登记问题
《中华人民共和国公司登记管理条例》,无照经营/登记问题,登记管理||登记,False,(匹配)市场主体与登记治理,,无照经营/登记问题
《中华人民共和国公司登记管理条例》第六十七条,无照经营/登记问题,登记管理||登记,False,(匹配)市场主体与登记治理,,无照经营/登记问题
《中华人民共和国公司登记管理条例》第26条,无照经营/登记问题,登记管理||登记,False,(匹配)市场主体与登记治理,,无照经营/登记问题
《中华人民共和国公司登记管理条例》第33条,无照经营/登记问题,登记管理||登记,False,(匹配)市场主体与登记治理,,无照经营/登记问题
《中华人民共和国公司登记管理条例》第六十七条,无照经营/登记问题,登记管理||登记,False,(匹配)市场主体与登记治理,,无照经营/登记问题
《中华人民共和国公司登记管理条例》第六十七条,无照经营/登记问题,登记管理||登记,False,(匹配)市场主体与登记治理,,无照经营/登记问题
《中华人民共和国公司登记管理条例》第六十七条,无照经营/登记问题,登记管理||登记,False,(匹配)市场主体与登记治理,,无照经营/登记问题
《中华人民共和国公司登记管理条例》第六十条第一款,无照经营/登记问题,登记管理||登记,False,(匹配)市场主体与登记治理,,无照经营/登记问题
《个人独资企业登记管理办法》,无照经营/登记问题,登记管理||登记,False,(匹配)市场主体与登记治理,,无照经营/登记问题
《中华人民共和国公司登记管理条例》第八十条,无照经营/登记问题,登记管理||登记,False,(匹配)市场主体与登记治理,,无照经营/登记问题
《中华人民共和国公司登记管理条例》第六十条第一款,无照经营/登记问题,登记管理||登记,False,(匹配)市场主体与登记治理,,无照经营/登记问题
《中华人民共和国公司登记管理条例》第六十八条,无照经营/登记问题,登记管理||登记,False,(匹配)市场主体与登记治理,,无照经营/登记问题
《中华人民共和国公司登记管理条例》第六十八条,无照经营/登记问题,登记管理||登记,False,(匹配)市场主体与登记治理,,无照经营/登记问题
《中华人民共和国公司登记管理条例》第六十八条,无照经营/登记问题,登记管理||登记,False,(匹配)市场主体与登记治理,,无照经营/登记问题
《中华人民共和国公司登记管理条例》第六十九条,无照经营/登记问题,登记管理||登记,False,(匹配)市场主体与登记治理,,无照经营/登记问题
《中华人民共和国公司登记管理条例》第八十条,无照经营/登记问题,登记管理||登记,False,(匹配)市场主体与登记治理,,无照经营/登记问题
《中华人民共和国公司登记管理条例》,无照经营/登记问题,登记管理||登记,False,(匹配)市场主体与登记治理,,无照经营/登记问题
《中华人民共和国公司登记管理条例》第六十九条,无照经营/登记问题,登记管理||登记,False,(匹配)市场主体与登记治理,,无照经营/登记问题
《中华人民共和国公司登记管理条例》第六十九条第一款,无照经营/登记问题,登记管理||登记,False,(匹配)市场主体与登记治理,,无照经营/登记问题
《中华人民共和国公司登记管理条例》第六十九条第一款,无照经营/登记问题,登记管理||登记,False,(匹配)市场主体与登记治理,,无照经营/登记问题
《广东省商事登记条例》第五十二条第一款,无照经营/登记问题,商事登记||登记,False,(匹配)市场主体与登记治理,,无照经营/登记问题
《广东省商事登记条例》第五十二条第一款,无照经营/登记问题,商事登记||登记,False,(匹配)市场主体与登记治理,,无照经营/登记问题
《中华人民共和国个人独资企业登记管理办法》第二十九条,无照经营/登记问题,登记管理||登记,False,(匹配)市场主体与登记治理,,无照经营/登记问题
《中华人民共和国公司登记管理条例》第二十六条,无照经营/登记问题,登记管理||登记,False,(匹配)市场主体与登记治理,,无照经营/登记问题
《中华人民共和国公司登记管理条例》第二十六条,无照经营/登记问题,变更登记||登记管理||登记,False,(匹配)未年检登记||无照经营/登记问题,,未年检登记||无照经营/登记问题
《中华人民共和国公司登记管理条例》第二十六条,无照经营/登记问题,登记管理||登记,False,(匹配)市场主体与登记治理,,无照经营/登记问题
《中华人民共和国公司登记管理条例》第二十六条,无照经营/登记问题,变更登记||登记管理||登记,False,(匹配)未年检登记||无照经营/登记问题,,未年检登记||无照经营/登记问题
《中华人民共和国公司登记管理条例》,无照经营/登记问题,登记管理||登记,False,(匹配)市场主体与登记治理,,无照经营/登记问题
《中华人民共和国公司登记管理条例》,无照经营/登记问题,登记管理||登记,False,(匹配)市场主体与登记治理,,无照经营/登记问题
《中华人民共和国公司登记管理条例》第五十九条,无照经营/登记问题,登记管理||登记,False,(匹配)市场主体与登记治理,,无照经营/登记问题
《中华人民共和国公司登记管理条例》第五十九条、第六十条,无照经营/登记问题,登记管理||登记,False,(匹配)市场主体与登记治理,,无照经营/登记问题
《中华人民共和国公司登记管理条例》第五十九条、第六十条,无照经营/登记问题,登记管理||登记,False,(匹配)市场主体与登记治理,,无照经营/登记问题
《中华人民共和国公司登记管理条例》第二十六条第二款,无照经营/登记问题,未登记||变更登记||未经登记||登记管理||登记,False,(匹配)未年检登记||无照经营/登记问题,,未年检登记||无照经营/登记问题
《中华人民共和国公司登记管理条例》第二十六条、第三十三条第一款,无照经营/登记问题,登记管理||登记,False,(匹配)市场主体与登记治理,,无照经营/登记问题
《中华人民共和国个人独资企业登记管理办法》第四十条,无照经营/登记问题,登记管理||登记,False,(匹配)市场主体与登记治理,,无照经营/登记问题
《中华人民共和国公司登记管理条例》第二十六条第一款,无照经营/登记问题,登记管理||登记,False,(匹配)市场主体与登记治理,,无照经营/登记问题
《中华人民共和国公司登记管理条例》第二十六条第二款,无照经营/登记问题,登记管理||登记,False,(匹配)市场主体与登记治理,,无照经营/登记问题
《中华人民共和国公司登记管理条例》第二十六条第二款,无照经营/登记问题,登记管理||登记,False,(匹配)市场主体与登记治理,,无照经营/登记问题
《中华人民共和国公司登记管理条例》第二十六条的规定,无照经营/登记问题,登记管理||登记,False,(匹配)市场主体与登记治理,,无照经营/登记问题
《中华人民共和国企业法人登记管理条例施行细则》第六十三条第一款第（四）项,无照经营/登记问题,登记管理||登记,False,(匹配)市场主体与登记治理,,无照经营/登记问题
《广东省商事登记条例》第五十九条第（一）项,无照经营/登记问题,商事登记||登记,False,(匹配)市场主体与登记治理,,无照经营/登记问题
《广东省商事登记条例》第五十九条第（一）项,无照经营/登记问题,商事登记||登记,False,(匹配)市场主体与登记治理,,无照经营/登记问题
《广东省商事登记条例》第五十九条第（一）项,无照经营/登记问题,商事登记||登记,False,(匹配)市场主体与登记治理,,无照经营/登记问题
《广东省商事登记条例》第五十九条,无照经营/登记问题,商事登记||登记,False,(匹配)市场主体与登记治理,,无照经营/登记问题
《广东省商事登记条例》第五十二条,无照经营/登记问题,商事登记||登记,False,(匹配)市场主体与登记治理,,无照经营/登记问题
《中华人民共和国公司法》第二百一十一条第二款,无照经营/登记问题,登记,False,(匹配)市场主体与登记治理,,无照经营/登记问题
《中华人民共和国公司法》第二百一十一条第二款,无照经营/登记问题,登记,False,(匹配)市场主体与登记治理,,无照经营/登记问题
《中华人民共和国公司法》第二百一十一条第二款,无照经营/登记问题,登记,False,(匹配)市场主体与登记治理,,无照经营/登记问题
《广东省商事登记条例》第五十二条,无照经营/登记问题,商事登记||登记,False,(匹配)市场主体与登记治理,,无照经营/登记问题
《广东省商事登记条例》第五十二条第一款,无照经营/登记问题,商事登记||登记,False,(匹配)市场主体与登记治理,,无照经营/登记问题
《中华人民共和国公司登记管理条例》第五十九条、第六十条第一款,无照经营/登记问题,登记管理||登记,False,(匹配)市场主体与登记治理,,无照经营/登记问题
《中华人民共和国公司登记管理条例》第五十九条,无照经营/登记问题,登记管理||登记,False,(匹配)市场主体与登记治理,,无照经营/登记问题
《广告经营许可证管理办法》第十条第二款,无照经营/登记问题,广告||经营许可证||许可证,False,(匹配)虚假广告/虚假宣传||无照经营/登记问题,,虚假广告/虚假宣传||无照经营/登记问题
《中华人民共和国公司登记管理条例》第五十九条,无照经营/登记问题,登记管理||登记,False,(匹配)市场主体与登记治理,,无照经营/登记问题
《中华人民共和国公司登记管理条例》第六十条第一款,无照经营/登记问题,登记管理||登记,False,(匹配)市场主体与登记治理,,无照经营/登记问题
《中华人民共和国公司登记管理条例》第五十九条,无照经营/登记问题,登记管理||登记,False,(匹配)市场主体与登记治理,,无照经营/登记问题
《广告经营许可证管理办法》第二十条第（三）项,无照经营/登记问题,广告||经营许可证||许可证,False,(匹配)虚假广告/虚假宣传||无照经营/登记问题,,虚假广告/虚假宣传||无照经营/登记问题
《中华人民共和国公司登记管理条例》第60条,无照经营/登记问题,登记管理||登记,False,(匹配)市场主体与登记治理,,无照经营/登记问题
《中华人民共和国合伙企业登记管理办法》第32条,无照经营/登记问题,登记管理||登记,False,(匹配)市场主体与登记治理,,无照经营/登记问题
《企业名称登记管理规定》,无照经营/登记问题,登记管理||登记,False,(匹配)市场主体与登记治理,,无照经营/登记问题
《公司登记管理条例》第六十条,无照经营/登记问题,登记管理||登记,False,(匹配)市场主体与登记治理,,无照经营/登记问题
《公司登记管理条例》第六十条,无照经营/登记问题,登记管理||登记,False,(匹配)市场主体与登记治理,,无照经营/登记问题
《公司登记管理条例》第六十条,无照经营/登记问题,登记管理||登记,False,(匹配)市场主体与登记治理,,无照经营/登记问题
《公司登记管理条例》第六十八条,无照经营/登记问题,登记管理||登记,False,(匹配)市场主体与登记治理,,无照经营/登记问题
《公司登记管理条例》第六十七条,无照经营/登记问题,登记管理||登记,False,(匹配)市场主体与登记治理,,无照经营/登记问题
《公司登记管理条例》第五十九条,无照经营/登记问题,登记管理||登记,False,(匹配)市场主体与登记治理,,无照经营/登记问题
《公司登记管理条例》第六十条,无照经营/登记问题,登记管理||登记,False,(匹配)市场主体与登记治理,,无照经营/登记问题
《中华人民共和国合伙企业登记管理办法》第44条,无照经营/登记问题,登记管理||登记,False,(匹配)市场主体与登记治理,,无照经营/登记问题
《企业法人登记管理条例》第三十条第一款第（三）项,无照经营/登记问题,登记管理||登记,False,(匹配)市场主体与登记治理,,无照经营/登记问题
《公司登记管理条例》第六十条第一款,无照经营/登记问题,登记管理||登记,False,(匹配)市场主体与登记治理,,无照经营/登记问题
《危险化学品经营许可证管理办法》第三十三条,无照经营/登记问题,危险品||危化品||经营许可证||许可证,False,(匹配)安全生产/危化品||无照经营/登记问题,,安全生产/危化品||无照经营/登记问题
《公司登记管理条例》第五十九条、第六十条,无照经营/登记问题,登记管理||登记,False,(匹配)市场主体与登记治理,,无照经营/登记问题
《公司登记管理条例》第五十九条,无照经营/登记问题,登记管理||登记,False,(匹配)市场主体与登记治理,,无照经营/登记问题
《中华人民共和国工业产品生产许可证管理条例》第五条,无照经营/登记问题,工业||工业产品生产许可证||许可证,False,(匹配)安全生产/危化品||无照经营/登记问题,,安全生产/危化品||无照经营/登记问题
《企业名称登记管理规定》第二十六条第一款第(一)项,无照经营/登记问题,ai,False,(匹配)未年检登记,,未年检登记
《中华人民共和国工业产品生产许可证管理条例》第五条的规定,无照经营/登记问题,工业||工业产品生产许可证||许可证,False,(匹配)安全生产/危化品||无照经营/登记问题,,安全生产/危化品||无照经营/登记问题
《企业动产抵押物登记管理办法》第十四条,无照经营/登记问题,登记管理||登记,False,(匹配)市场主体与登记治理,,无照经营/登记问题
《中华人民共和国市场主体登记管理条例实施细则》第六十三条第一款,无照经营/登记问题,登记管理||登记,False,(匹配)市场主体与登记治理,,无照经营/登记问题
《中华人民共和国合伙企业登记管理办法》第四十二条,无照经营/登记问题,登记管理||登记,False,(匹配)市场主体与登记治理,,无照经营/登记问题
《中华人民共和国公司登记管理条例》第六十条第一款,无照经营/登记问题,ai,False,(匹配)未年检登记,,未年检登记
《中华人民共和国公司登记管理条例》第六十三条,无照经营/登记问题,ai,False,(匹配)未年检登记,,未年检登记
《中华人民共和国公司登记管理条例》第五十九条,无照经营/登记问题,ai,False,(匹配)未年检登记,,未年检登记
《个人独资企业登记管理办法》第三十二条,无照经营/登记问题,ai,False,(匹配)未年检登记,,未年检登记
《公司登记管理条例》第六十条,无照经营/登记问题,ai,False,(匹配)未年检登记,,未年检登记
《公司登记管理条例》第五十九条、第六十条,无照经营/登记问题,登记管理||登记,False,(匹配)市场主体与登记治理,,无照经营/登记问题
《道路运输经营许可证》,无照经营/登记问题,运输||道路||经营许可证||许可证,False,(匹配)交通运输违规||无照经营/登记问题,,交通运输违规||无照经营/登记问题
《经营许可证》,无照经营/登记问题,经营许可证||许可证,False,(匹配)市场主体与登记治理,,无照经营/登记问题
《企业经营范围登记管理规定》第十五条,无照经营/登记问题,登记管理||登记,False,(匹配)市场主体与登记治理,,无照经营/登记问题
《企业经营范围登记管理规定》第十五条,无照经营/登记问题,登记管理||登记,False,(匹配)市场主体与登记治理,,无照经营/登记问题
《企业经营范围登记管理规定》第十五条,无照经营/登记问题,登记管理||登记,False,(匹配)市场主体与登记治理,,无照经营/登记问题
《企业经营范围登记管理规定》第十五条,无照经营/登记问题,登记管理||登记,False,(匹配)市场主体与登记治理,,无照经营/登记问题
《肥料登记管理办法》第二十六条第三项,无照经营/登记问题,登记管理||登记,False,(匹配)市场主体与登记治理,,无照经营/登记问题
《中华人民共和国公司登记管理条,无照经营/登记问题,登记管理||登记,False,(匹配)市场主体与登记治理,,无照经营/登记问题
《中华人民共和国市场主体登记管理条例》第三十五条,无照经营/登记问题,登记管理||登记,False,(匹配)市场主体与登记治理,,无照经营/登记问题
《公司登记管理条例》第七十二条,无照经营/登记问题,登记管理||登记,False,(匹配)市场主体与登记治理,,无照经营/登记问题
《公司登记管理条例》第七十三条第一款,无照经营/登记问题,登记管理||登记,False,(匹配)市场主体与登记治理,,无照经营/登记问题
《公司登记管理条例》第七十三条第一款,无照经营/登记问题,登记管理||登记,False,(匹配)市场主体与登记治理,,无照经营/登记问题
《公司登记管理条例》第七十三条,无照经营/登记问题,登记管理||登记,False,(匹配)市场主体与登记治理,,无照经营/登记问题
《公司登记管理条例》第76条,无照经营/登记问题,登记管理||登记,False,(匹配)市场主体与登记治理,,无照经营/登记问题
《公司登记管理条例》第七十三条,无照经营/登记问题,登记管理||登记,False,(匹配)市场主体与登记治理,,无照经营/登记问题
《公司登记管理条例》第七十八条,无照经营/登记问题,登记管理||登记,False,(匹配)市场主体与登记治理,,无照经营/登记问题
《公司登记管理条例》第五十三条第二款,无照经营/登记问题,登记管理||登记,False,(匹配)市场主体与登记治理,,无照经营/登记问题
《公司登记管理条例》第二十六条,无照经营/登记问题,变更登记||登记管理||登记,False,(匹配)未年检登记||无照经营/登记问题,,未年检登记||无照经营/登记问题
《公司登记管理条例》第二十六条,无照经营/登记问题,登记管理||登记,False,(匹配)市场主体与登记治理,,无照经营/登记问题
《中华人民共和国合伙企业登记管理办法》第三十一条,无照经营/登记问题,登记管理||登记,False,(匹配)市场主体与登记治理,,无照经营/登记问题
《公司登记管理条例》第七十八条,无照经营/登记问题,登记管理||登记,False,(匹配)市场主体与登记治理,,无照经营/登记问题
《中华人民共和国合伙企业登记管理办法》第三十一条,无照经营/登记问题,登记管理||登记,False,(匹配)市场主体与登记治理,,无照经营/登记问题
《公司登记管理条例》第七十条,无照经营/登记问题,登记管理||登记,False,(匹配)市场主体与登记治理,,无照经营/登记问题
《公司登记管理条例》第七十六条,无照经营/登记问题,登记管理||登记,False,(匹配)市场主体与登记治理,,无照经营/登记问题
《公司登记管理条例》第七十六条,无照经营/登记问题,登记管理||登记,False,(匹配)市场主体与登记治理,,无照经营/登记问题
《公司登记管理条例》第二十六条,无照经营/登记问题,登记管理||登记,False,(匹配)市场主体与登记治理,,无照经营/登记问题
《企业动产抵押物登记管理办法》第十条,无照经营/登记问题,登记管理||登记,False,(匹配)市场主体与登记治理,,无照经营/登记问题
《企业法人登记管理条例》第二十四条,无照经营/登记问题,登记管理||登记,False,(匹配)市场主体与登记治理,,无照经营/登记问题
《企业法人登记管理条例》第二十四条,无照经营/登记问题,登记管理||登记,False,(匹配)市场主体与登记治理,,无照经营/登记问题
《企业法人登记管理条例》第二十条,无照经营/登记问题,登记管理||登记,False,(匹配)市场主体与登记治理,,无照经营/登记问题
《企业法人登记管理条例》第十七条,无照经营/登记问题,登记管理||登记,False,(匹配)市场主体与登记治理,,无照经营/登记问题
《中华人民共和国合伙企业登记管理办法》第四十二条,无照经营/登记问题,登记管理||登记,False,(匹配)市场主体与登记治理,,无照经营/登记问题
《中华人民共和国合伙企业登记管理办法》第十八条,无照经营/登记问题,登记管理||登记,False,(匹配)市场主体与登记治理,,无照经营/登记问题
《企业年度检验办法》第二十条,未年检登记,企业年检||年度检验,False,,,未年检登记
《企业年度检验办法》第二十条,未年检登记,企业年检||年度检验,False,,,未年检登记
《企业年度检验办法》第4条,未年检登记,企业年检||年度检验,False,,,未年检登记
《企业年度检验办法》第4条,未年检登记,企业年检||年度检验,False,,,未年检登记
《企业年度检验办法》第4条,未年检登记,企业年检||年度检验,False,,,未年检登记
《企业年度检验办法》第二十条,未年检登记,企业年检||年度检验,False,,,未年检登记
《企业年度检验办法》第4条,未年检登记,企业年检||年度检验,False,,,未年检登记
《企业年度检验办法》第二条,未年检登记,企业年检||年度检验,False,,,未年检登记
《企业年度检验办法》第4条,未年检登记,企业年检||年度检验,False,,,未年检登记
《企业年度检验办法》第20条,未年检登记,企业年检||年度检验,False,,,未年检登记
《企业年度检验办法》第19条,未年检登记,企业年检||年度检验,False,,,未年检登记
《企业年度检验办法》第19条,未年检登记,企业年检||年度检验,False,,,未年检登记
《企业年度检验办法》第4条,未年检登记,企业年检||年度检验,False,,,未年检登记
《企业年度检验办法》第5条,未年检登记,企业年检||年度检验,False,,,未年检登记
《企业年度检验办法》第四条第一款,未年检登记,企业年检||年度检验,False,,,未年检登记
《企业年度检验办法》第四条第一款,未年检登记,企业年检||年度检验,False,,,未年检登记
《企业年度检验办法》第四条第一款,未年检登记,企业年检||年度检验,False,,,未年检登记
《企业年度检验办法》第四条第一款,未年检登记,企业年检||年度检验,False,,,未年检登记
《企业年度检验办法》第四条,未年检登记,企业年检||年度检验,False,,,未年检登记
《企业年度检验办法》第四条,未年检登记,ai,False,,,未年检登记
《企业年度检验办法》第四条第一款,未年检登记,ai,False,,,未年检登记
《公司法》第二百一十一条,未年检登记,ai,False,,,未年检登记
《企业年度检验办法》第四条,未年检登记,企业年检||年度检验,False,,,未年检登记
《企业年度检验办法》第四条,未年检登记,企业年检||年度检验,False,,,未年检登记
《企业年度检验办法》第20条,未年检登记,企业年检||年度检验,False,,,未年检登记
《企业年度检验办法》第十九条第一款,未年检登记,企业年检||年度检验,False,,,未年检登记
《企业年度检验办法》第四条,未年检登记,企业年检||年度检验,False,,,未年检登记
《企业年度检验办法》第十九条第一款,未年检登记,企业年检||年度检验,False,,,未年检登记
《企业年度检验办法》第十九条第一款,未年检登记,企业年检||年度检验,False,,,未年检登记
《企业年度检验办法》第四条,未年检登记,企业年检||年度检验,False,,,未年检登记
《企业年度检验办法》第四条,未年检登记,企业年检||年度检验,False,,,未年检登记
《企业年度检验办法》第四条,未年检登记,企业年检||年度检验,False,,,未年检登记
《企业年度检验办法》第四条,未年检登记,企业年检||年度检验,False,,,未年检登记
《企业年度检验办法》第十九条第二款,未年检登记,企业年检||年度检验,False,,,未年检登记
《企业年度检验办法》第十九条第二款,未年检登记,企业年检||年度检验,False,,,未年检登记
《企业年度检验办法》第十九条,未年检登记,企业年检||年度检验,False,,,未年检登记
《企业年度检验办法》第十九条,未年检登记,企业年检||年度检验,False,,,未年检登记
《企业年度检验办法》第十九条,未年检登记,企业年检||年度检验,False,,,未年检登记
《娱乐场所管理条例》第五十条,治安管理,娱乐场所,False,,,治安管理
《娱乐场所管理条例》第五十条,治安管理,娱乐场所,False,,,治安管理
《浙江省流动人口居住登记条例》第三十四条,流动人口管理,登记||流动人口,False,(匹配)无照经营/登记问题||治安管理,,无照经营/登记问题||治安管理
《浙江省流动人口居住登记条例》第八条第一款,流动人口管理,登记||流动人口,False,(匹配)无照经营/登记问题||治安管理,,无照经营/登记问题||治安管理
《浙江省流动人口居住登记条例》第八条第一款、第三十四条之规定,流动人口管理,登记||流动人口,False,(匹配)无照经营/登记问题||治安管理,,无照经营/登记问题||治安管理
《浙江省流动人口居住登记条例》第十一条,流动人口管理,登记||流动人口,False,(匹配)无照经营/登记问题||治安管理,,无照经营/登记问题||治安管理
《浙江省流动人口居住登记条例》第八条第一款、第三十四条,流动人口管理,ai,False,(匹配)未年检登记,,未年检登记
《浙江省流动人口居住登记条例》第八条第一款、第三十四条,流动人口管理,ai,False,(匹配)未年检登记,,未年检登记
《浙江省流动人口居住登记条例》第八条第一款、第三十四条,流动人口管理,ai,False,(匹配)未年检登记,,未年检登记
《浙江省流动人口居住登记条例》第八条、第三十四条,流动人口管理,ai,False,(匹配)未年检登记,,未年检登记
《浙江省流动人口居住登记条例》第三十四条,流动人口管理,ai,False,(匹配)未年检登记,,未年检登记
《浙江省流动人口居住登记条例》第三十条,流动人口管理,登记||流动人口,False,(匹配)无照经营/登记问题||治安管理,,无照经营/登记问题||治安管理
《中华人民共和国船舶安全监督规则》第四十二条,海事安全,安全||船舶,False,(匹配)安全生产||海事安全,,安全生产||海事安全
《中华人民共和国船舶安全监督规则》第四十六条,海事安全,安全||船舶,False,(匹配)安全生产||海事安全,,安全生产||海事安全
《中华人民共和国船舶安全监督规则》第四十六条,海事安全,安全||船舶,False,(匹配)安全生产||海事安全,,安全生产||海事安全
《中华人民共和国船舶安全监督规则》第十一条,海事安全,安全||船舶,False,(匹配)安全生产||海事安全,,安全生产||海事安全
《中华人民共和国船舶安全监督规则》第四十六条,海事安全,安全||船舶,False,(匹配)安全生产||海事安全,,安全生产||海事安全
《中华人民共和国船舶安全监督规则》第十条、第十一条第三款,海事安全,安全||船舶,False,(匹配)安全生产||海事安全,,安全生产||海事安全
《海事行政处罚实施细则》第四十四条第（二）项,海事安全,海事,False,,,海事安全
《中华人民共和国船舶安全监督规则》第十条、第十一条第一款,海事安全,安全||船舶,False,(匹配)安全生产||海事安全,,安全生产||海事安全
《中华人民共和国船舶安全监督规则》第十条、第十一条,海事安全,安全||船舶,False,(匹配)安全生产||海事安全,,安全生产||海事安全
《中华人民共和国船舶安全监督规则》第十二条,海事安全,安全||船舶,False,(匹配)安全生产||海事安全,,安全生产||海事安全
《中华人民共和国船舶安全监督规则》第十条、第十二条,海事安全,安全||船舶,False,(匹配)安全生产||海事安全,,安全生产||海事安全
《杭州市港口管理办法》第三十一条第（三）项,海事安全,港口,False,,,海事安全
《杭州市港口管理办法》第二十条,海事安全,港口,False,,,海事安全
《中华人民共和国内河交通安全管理条例》第二十条第一款,海事安全,ai,False,(匹配)海事安全,,海事安全
《中华人民共和国内河交通安全管理条例》第六条第(三)项,海事安全,ai,False,(匹配)海事安全,,海事安全
《中华人民共和国船舶安全监督规则》第五十五条第一款,海事安全,安全||船舶,False,(匹配)安全生产||海事安全,,安全生产||海事安全
《中华人民共和国内河交通安全管理条例》第二十一条第（二）项,海事安全,内河交通安全||安全||交通,False,(匹配)海事安全,,海事安全||安全生产||交通运输违规
《长江安徽段船舶定线制规定》第十条,海事安全,船舶,False,,,海事安全
《中华人民共和国内河交通安全管理条例》第二十五条,海事安全,内河交通安全||安全||交通,False,(匹配)海事安全,,海事安全||安全生产||交通运输违规
《港口危险货物安全管理规定》第七十一条,海事安全,安全||安全管理规定||危险货物||港口,False,(匹配)安全生产||海事安全,,安全生产||海事安全
《中华人民共和国内河交通安全管理条例》第二十五条,海事安全,内河交通安全||安全||交通,False,(匹配)海事安全,,海事安全||安全生产||交通运输违规
《中华人民共和国内河交通安全管理条例》第十八条,海事安全,内河交通安全||安全||交通,False,(匹配)海事安全,,海事安全||安全生产||交通运输违规
《中华人民共和国内河交通安全管理条例》第十六条,海事安全,内河交通安全||安全||交通,False,(匹配)海事安全,,海事安全||安全生产||交通运输违规
《中华人民共和国港口法》第四十九条,海事安全,港口,False,,,海事安全
《中华人民共和国港口法》第四十八条第一款第(一)项的规定,海事安全,港口,False,,,海事安全
《长江干线水上交通安全管理特别规定》第二十五条第一款,海事安全,ai,False,,,海事安全
《中华人民共和国内河交通安全管理条例》第十六条,海事安全,内河交通安全||安全||交通,False,(匹配)海事安全,,海事安全||安全生产||交通运输违规
《中华人民共和国内河交通安全管理条例》第十六条,海事安全,内河交通安全||安全||交通,False,(匹配)海事安全,,海事安全||安全生产||交通运输违规
《中华人民共和国内河交通安全管理条例》第十六条,海事安全,内河交通安全||安全||交通,False,(匹配)海事安全,,海事安全||安全生产||交通运输违规
《中华人民共和国内河交通安全管理条例》第二十一条第二款,海事安全,内河交通安全||安全||交通,False,(匹配)海事安全,,海事安全||安全生产||交通运输违规
《港口经营管理规定》第七条第二项,海事安全,港口,False,,,海事安全
《中华人民共和国内河海事行政处罚规定》第十七条第二款第(十四)项,海事安全,海事,False,,,海事安全
《中华人民共和国内河交通安全管理条,海事安全,内河交通安全||安全||交通,False,(匹配)海事安全,,海事安全||安全生产||交通运输违规
《中华人民共和国内河交通安全管理条,海事安全,内河交通安全||安全||交通,False,(匹配)海事安全,,海事安全||安全生产||交通运输违规
《中华人民共和国内河交通安全管理条例》第九条,海事安全,内河交通安全||安全||交通,False,(匹配)海事安全,,海事安全||安全生产||交通运输违规
《中华人民共和国内河交通安全管理条例》第七十条,海事安全,内河交通安全||安全||交通,False,(匹配)海事安全,,海事安全||安全生产||交通运输违规
《中华人民共和国内河船舶船员值班规则》第九条,海事安全,船舶||船员,False,,,海事安全
《中华人民共和国内河海事行政处罚规定》第十四条的规定,海事安全,海事,False,,,海事安全
《中华人民共和国内河海事行政处罚规定》第十四条,海事安全,海事,False,,,海事安全
《中华人民共和国内河交通安全管理条例》第十八条,海事安全,内河交通安全||安全||交通,False,(匹配)海事安全,,海事安全||安全生产||交通运输违规
《中华人民共和国内河交通安全管理条例》第六十八条第(二)项,海事安全,内河交通安全||安全||交通,False,(匹配)海事安全,,海事安全||安全生产||交通运输违规
《中华人民共和国内河交通安全管理条例》第六十八条第(一)项,海事安全,内河交通安全||安全||交通,False,(匹配)海事安全,,海事安全||安全生产||交通运输违规
《港口危险货物安全管理规定》第八十三条的规定,海事安全,安全||安全管理规定||危险货物||港口,False,(匹配)安全生产||海事安全,,安全生产||海事安全
《中华人民共和国内河交通安全管理条例》第六十五条,海事安全,内河交通安全||安全||交通,False,(匹配)海事安全,,海事安全||安全生产||交通运输违规
《中华人民共和国内河交通安全管理条例》第八十二条,海事安全,内河交通安全||安全||交通,False,(匹配)海事安全,,海事安全||安全生产||交通运输违规
《中华人民共和国内河交通安全管理条例》第八十二条,海事安全,内河交通安全||安全||交通,False,(匹配)海事安全,,海事安全||安全生产||交通运输违规
《中华人民共和国内河交通安全管理条例》第八十二条,海事安全,内河交通安全||安全||交通,False,(匹配)海事安全,,海事安全||安全生产||交通运输违规
《中华人民共和国内河交通安全管理条例》第八十一条,海事安全,内河交通安全||安全||交通,False,(匹配)海事安全,,海事安全||安全生产||交通运输违规
《中华人民共和国内河交通安全管理条例》第八十一条,海事安全,内河交通安全||安全||交通,False,(匹配)海事安全,,海事安全||安全生产||交通运输违规
《杭州市港口管理办法》第三十一条第(三)项的规定,海事安全,港口,False,,,海事安全
《中华人民共和国内河交通安全管理条例》第八十一条,海事安全,内河交通安全||安全||交通,False,(匹配)海事安全,,海事安全||安全生产||交通运输违规
《中华人民共和国内河交通安全管理条例》第二十条第一款,海事安全,内河交通安全||安全||交通,False,(匹配)海事安全,,海事安全||安全生产||交通运输违规
《中华人民共和国内河交通安全管理条例》第二十条第一款,海事安全,内河交通安全||安全||交通,False,(匹配)海事安全,,海事安全||安全生产||交通运输违规
《中华人民共和国内河交通安全管理条例》第十七条,海事安全,内河交通安全||安全||交通,False,(匹配)海事安全,,海事安全||安全生产||交通运输违规
《中华人民共和国内河交通安全管理条例》第八十二条,海事安全,内河交通安全||安全||交通,False,(匹配)海事安全,,海事安全||安全生产||交通运输违规
《中华人民共和国内河交通安全管理条例》第十七条第四款,海事安全,内河交通安全||安全||交通,False,(匹配)海事安全,,海事安全||安全生产||交通运输违规
《中华人民共和国内河交通安全管理条例》第六十八条第(二)项,海事安全,内河交通安全||安全||交通,False,(匹配)海事安全,,海事安全||安全生产||交通运输违规
《中华人民共和国内河交通安全管理条例》第六条第（三）项,海事安全,内河交通安全||安全||交通||船舶,False,(匹配)海事安全,,海事安全||安全生产||交通运输违规
《中华人民共和国内河交通安全管理条例》第六条第(三)项,海事安全,内河交通安全||安全||交通,False,(匹配)海事安全,,海事安全||安全生产||交通运输违规
《中华人民共和国内河交通安全管理条例》第六条第(三)项,海事安全,内河交通安全||安全||交通,False,(匹配)海事安全,,海事安全||安全生产||交通运输违规
《中华人民共和国内河交通安全管理条例》第六十八条第（四）项,海事安全,内河交通安全||安全||交通,False,(匹配)海事安全,,海事安全||安全生产||交通运输违规
《中华人民共和国内河交通安全管理条例》第六十八条第（二）项,海事安全,内河交通安全||安全||交通,False,(匹配)海事安全,,海事安全||安全生产||交通运输违规
《中华人民共和国内河交通安全管理条例》第六十八条第四项,海事安全,内河交通安全||安全||交通,False,(匹配)海事安全,,海事安全||安全生产||交通运输违规
《中华人民共和国内河交通安全管理条例》第六条第（三）项,海事安全,内河交通安全||安全||交通,False,(匹配)海事安全,,海事安全||安全生产||交通运输违规
《中华人民共和国船舶安全监督规则》第四十二条,海事安全,ai,False,(匹配)海事安全,,海事安全
《中华人民共和国内河交通安全管理条例》第十七条第四款,海事安全,内河交通安全||安全||交通,False,(匹配)海事安全,,海事安全||安全生产||交通运输违规
《中华人民共和国内河交通安全管理条例》第十七条第四款,海事安全,内河交通安全||安全||交通,False,(匹配)海事安全,,海事安全||安全生产||交通运输违规
《中华人民共和国船舶安全监督规则》第五十一条,海事安全,安全||船舶,False,(匹配)安全生产||海事安全,,安全生产||海事安全
《中华人民共和国内河交通安全管理条例》第十八条,海事安全,内河交通安全||安全||交通,False,(匹配)海事安全,,海事安全||安全生产||交通运输违规
《中华人民共和国内河交通安全管理条例》第十七条第四款,海事安全,内河交通安全||安全||交通,False,(匹配)海事安全,,海事安全||安全生产||交通运输违规
《中华人民共和国内河交通安全管理条例》第二十四条第三款,海事安全,内河交通安全||安全||交通,False,(匹配)海事安全,,海事安全||安全生产||交通运输违规
《中华人民共和国内河交通安全管理条例》第二十四条第三款,海事安全,内河交通安全||安全||交通,False,(匹配)海事安全,,海事安全||安全生产||交通运输违规
《中华人民共和国内河交通安全管理条例》第二十四条第三款,海事安全,内河交通安全||安全||交通,False,(匹配)海事安全,,海事安全||安全生产||交通运输违规
《中华人民共和国内河交通安全管理条例》第二十四条第三款,海事安全,内河交通安全||安全||交通,False,(匹配)海事安全,,海事安全||安全生产||交通运输违规
《中华人民共和国内河交通安全管理条例》第十七条第四款,海事安全,内河交通安全||安全||交通,False,(匹配)海事安全,,海事安全||安全生产||交通运输违规
《中华人民共和国内河交通安全管理条例》第二十四条第三款,海事安全,内河交通安全||安全||交通,False,(匹配)海事安全,,海事安全||安全生产||交通运输违规
《中华人民共和国内河交通安全管理条例》第二十四条第一款,海事安全,内河交通安全||安全||交通,False,(匹配)海事安全,,海事安全||安全生产||交通运输违规
《中华人民共和国进出口商品检验法实施条例》第四条第一款,海关/进出口,ai,False,(匹配)海关/进出口,属进出口商品检验监管范畴。,海关/进出口
《中华人民共和国进出口商品检验法实施条例》第四条第一款,海关/进出口,ai,False,(匹配)海关/进出口,《进出口商品检验法》下典型进出口监管事项。,海关/进出口
《中华人民共和国进出口商品检验法实施条例》第十六条第一款,海关/进出口,ai,False,(匹配)海关/进出口,进出口商品检验法实施条例属口岸检验监管。,海关/进出口
《出入境检验检疫行政处罚程序规定》第二十九条和第三十条,海关/进出口,ai,True,(匹配)海关/进出口,出入境检验检疫程序规定，属进出口监管。,海关/进出口
《中华人民共和国海关行政处罚实施条例》第十五条第(四)项,海关/进出口,不实,False,(匹配)市场秩序与竞争监管,,虚假广告/虚假宣传
《中华人民共和国海关法》第八十六条第三项,海关/进出口,海关法,False,(匹配)海关/进出口,,海关/进出口
《中华人民共和国海关法》第八十六条第(三)项,海关/进出口,海关法,False,(匹配)海关/进出口,,海关/进出口
《中华人民共和国进出口商品检验法实施条例》第二十四条第一款,海关/进出口,ai,False,(匹配)海关/进出口,进出口商品检验法实施条例属进出口监管。,海关/进出口
《中华人民共和国进出口商品检验法实施条例》第二十四条,海关/进出口,ai,False,(匹配)海关/进出口,进出口商品检验法实施条例属进出口监管。,海关/进出口
《中华人民共和国进出口商品检验法》第十五条,海关/进出口,ai,False,(匹配)海关/进出口,《进出口商品检验法》直接对应进出口监管。,海关/进出口
《中华人民共和国进出口商品检验法》第十五条,海关/进出口,ai,False,(匹配)海关/进出口,进出口商品检验法属于海关进出口监管。,海关/进出口
《中华人民共和国进出口商品检验法》第十一条,海关/进出口,ai,False,(匹配)海关/进出口,《进出口商品检验法》直接对应进出口监管。,海关/进出口
《中华人民共和国进出口商品检验法实施条例》第二十四条第一款,海关/进出口,ai,False,(匹配)海关/进出口,进出口商品检验法实施条例属进出口监管。,海关/进出口
《中华人民共和国消费者权益保护法》第二十六条第二款,消费者权益/市场秩序,消费者权益,False,(匹配)市场秩序与竞争监管,,消费者权益/市场秩序
《中华人民共和国消费者权益保护法》第二十六条第二款,消费者权益/市场秩序,消费者权益,False,(匹配)市场秩序与竞争监管,,消费者权益/市场秩序
《中华人民共和国消费者权益保护法》第二十七条第一款第（十一）项,消费者权益/市场秩序,消费者权益,False,(匹配)市场秩序与竞争监管,,消费者权益/市场秩序
《中华人民共和国消费者权益保护法》第五十六条第一款第六项,消费者权益/市场秩序,消费者权益,False,(匹配)市场秩序与竞争监管,,消费者权益/市场秩序
《侵害消费者权益行为处罚办法》第十五条,消费者权益/市场秩序,消费者权益,False,(匹配)市场秩序与竞争监管,,消费者权益/市场秩序
《侵害消费者权益行为处罚办法》第十五条,消费者权益/市场秩序,消费者权益,False,(匹配)市场秩序与竞争监管,,消费者权益/市场秩序
《侵害消费者权益行为处罚办法》第十四条,消费者权益/市场秩序,消费者权益,False,(匹配)市场秩序与竞争监管,,消费者权益/市场秩序
《消费者权益保护法》第五十六条,消费者权益/市场秩序,消费者权益,False,(匹配)市场秩序与竞争监管,,消费者权益/市场秩序
《侵害消费者权益行为处罚办法》第十四条,消费者权益/市场秩序,消费者权益,False,(匹配)市场秩序与竞争监管,,消费者权益/市场秩序
《侵害消费者权益行为处罚办法》第十五条,消费者权益/市场秩序,消费者权益,False,(匹配)市场秩序与竞争监管,,消费者权益/市场秩序
《中华人民共和国消费者权益保护法》第二十七条第一款,消费者权益/市场秩序,消费者权益,False,(匹配)市场秩序与竞争监管,,消费者权益/市场秩序
《侵害消费者权益行为处罚办法》第十条第二款,消费者权益/市场秩序,消费者权益,False,(匹配)市场秩序与竞争监管,,消费者权益/市场秩序
《中华人民共和国消费者权益保护法》第二十六条第二款,消费者权益/市场秩序,消费者权益,False,(匹配)市场秩序与竞争监管,,消费者权益/市场秩序
《侵害消费者权益行为处罚办法》第十二条,消费者权益/市场秩序,消费者权益,False,(匹配)市场秩序与竞争监管,,消费者权益/市场秩序
《福建省实施〈中华人民共和国消费者权益保护法〉办法》第二十七条,消费者权益/市场秩序,消费者权益,False,(匹配)市场秩序与竞争监管,,消费者权益/市场秩序
《中华人民共和国消费者权益保护法》第二十四条第一款,消费者权益/市场秩序,消费者权益,False,(匹配)市场秩序与竞争监管,,消费者权益/市场秩序
《四川省消费者权益保护条例》第六十八条,消费者权益/市场秩序,消费者权益,False,(匹配)市场秩序与竞争监管,,消费者权益/市场秩序
《中华人民共和国消费者权益保护法》第五十六条,消费者权益/市场秩序,消费者权益,False,(匹配)市场秩序与竞争监管,,消费者权益/市场秩序
《甘肃省消费者权益保护条例》第三十七条第一款,消费者权益/市场秩序,消费者权益,False,(匹配)市场秩序与竞争监管,,消费者权益/市场秩序
《中华人民共和国消费者权益保护法》,消费者权益/市场秩序,消费者权益,False,(匹配)市场秩序与竞争监管,,消费者权益/市场秩序
《甘肃省消费者权益保护条例》第六十七条,消费者权益/市场秩序,消费者权益,False,(匹配)市场秩序与竞争监管,,消费者权益/市场秩序
《浙江省消防行政处罚裁量规定》第八条第一款第一项,消防安全,消防,False,,,消防安全
《浙江省消防行政处罚裁量标准》第二十一条第二款第一项,消防安全,消防,False,,,消防安全
《浙江省消防行政处罚裁量规定》第四条,消防安全,消防,False,,,消防安全
《浙江省消防行政处罚裁量标准》第二十四条,消防安全,消防,False,,,消防安全
《浙江省消防行政处罚裁量标准》第二十一条第三款,消防安全,消防,False,,,消防安全
《中华人民共和国消防法》第三十四条,消防安全,消防法||消防,False,(匹配)消防安全,,消防安全
《中华人民共和国消防法》第九条,消防安全,消防法||消防,False,(匹配)消防安全,,消防安全
《中华人民共和国消防法》第十六条第一款第二项,消防安全,ai,False,(匹配)消防安全,,消防安全
《浙江省消防行政处罚裁量标准》第三条,消防安全,消防,False,,,消防安全
《中华人民共和国消防法》第十六条第一款第二项,消防安全,ai,False,(匹配)消防安全,,消防安全
《中华人民共和国消防法》第九条,消防安全,消防法||消防,False,(匹配)消防安全,,消防安全
《中华人民共和国消防法》第十六条第一款第二项,消防安全,ai,False,(匹配)请求失败,,请求失败
《浙江省消防行政处罚裁量标准》第一条,消防安全,消防,False,,,消防安全
《中华人民共和国消防法》第十六条第一款第二项,消防安全,ai,False,(匹配)消防安全,,消防安全
《中华人民共和国消防法》第十六条第一款第二项,消防安全,ai,False,(匹配)消防安全,,消防安全
《浙江省消防行政处罚裁量标准》第二十一条,消防安全,消防,False,,,消防安全
《浙江省消防行政处罚裁量标准》第九条,消防安全,消防,False,,,消防安全
《中华人民共和国消防法》第十六条第一款第(二)项,消防安全,ai,False,(匹配)消防安全,,消防安全
《中华人民共和国消防法》第十六条第一款第(二)项,消防安全,ai,False,(匹配)消防安全,,消防安全
《中华人民共和国消防法》第十六条第一款第二项,消防安全,ai,False,(匹配)消防安全,,消防安全
《中华人民共和国消防法》第十六条第一款第二项,消防安全,ai,False,(匹配)消防安全,,消防安全
《浙江省消防行政处罚裁量标准》第三条第三款,消防安全,消防,False,,,消防安全
《中华人民共和国消防法》第十六条第一款第二项,消防安全,ai,False,(匹配)消防安全,,消防安全
《中华人民共和国消防法》第六十条第一款第一项,消防安全,ai,False,(匹配)消防安全,,消防安全
《中华人民共和国消防法》第六十条第一款第一项,消防安全,ai,False,(匹配)消防安全,,消防安全
《中华人民共和国消防法》第六十条第一款第一项,消防安全,ai,False,(匹配)消防安全,,消防安全
《浙江省消防行政处罚裁量标准》第六条,消防安全,消防,False,,,消防安全
《浙江省消防行政处罚裁量标准》第八条,消防安全,消防,False,,,消防安全
《浙江省消防行政处罚裁量标准》第五条,消防安全,消防,False,,,消防安全
《浙江省消防条例》第五十九条,消防安全,消防,False,,,消防安全
《浙江省消防条例》第五十七条第一款,消防安全,消防,False,,,消防安全
《浙江省消防行政处罚裁量标准》第五条,消防安全,消防,False,,,消防安全
《浙江省消防行政处罚裁量标准》第六条,消防安全,消防,False,,,消防安全
《浙江省消防行政处罚裁量标准》第四条,消防安全,消防,False,,,消防安全
《辽宁省消防条例》第三十条第一款,消防安全,消防,False,,,消防安全
《浙江省消防条例》第六十条,消防安全,消防,False,,,消防安全
《浙江省消防条例》第六十六条,消防安全,消防,False,,,消防安全
《浙江省消防条例》第六十六条,消防安全,消防,False,,,消防安全
《浙江省消防行政处罚裁量标准》第十三条,消防安全,消防,False,,,消防安全
《浙江省消防条例》第六十二条,消防安全,消防,False,,,消防安全
《浙江省消防条例》第六十一条,消防安全,消防,False,,,消防安全
《浙江省消防行政处罚裁量标准》第十八条,消防安全,消防,False,,,消防安全
《中华人民共和国消防法》第十六条第一款第二项,消防安全,ai,False,(匹配)消防安全,,消防安全
《浙江省消防条例》第六十条,消防安全,消防,False,,,消防安全
《中华人民共和国消防法》第十六条第一款第二项,消防安全,ai,False,(匹配)消防安全,,消防安全
《浙江省消防条例》第六十一条,消防安全,消防,False,,,消防安全
《中华人民共和国消防法》第十六条第一款第二项,消防安全,ai,False,(匹配)消防安全,,消防安全
《浙江省消防行政处罚裁量标准》第二十条,消防安全,消防,False,,,消防安全
《中华人民共和国消防法》第二十八条,消防安全,ai,False,(匹配)消防安全,,消防安全
《中华人民共和国消防法》第十六条第一款第二项,消防安全,ai,False,(匹配)消防安全,,消防安全
《中华人民共和国消防法》第十六条第一款第二项,消防安全,ai,False,(匹配)消防安全,,消防安全
《浙江省消防条例》第六十一条,消防安全,消防,False,,,消防安全
《浙江省消防条例》第六十一条,消防安全,消防,False,,,消防安全
《中华人民共和国消防法》第二十八条,消防安全,ai,False,(匹配)消防安全,,消防安全
《中华人民共和国消防法》第二十八条,消防安全,ai,False,(匹配)消防安全,,消防安全
《中华人民共和国消防法》第二十八条,消防安全,ai,False,(匹配)消防安全,,消防安全
《中华人民共和国消防法》第三十四条,消防安全,ai,False,(匹配)消防安全,,消防安全
《中华人民共和国消防法》第十六条第一款第二项,消防安全,ai,False,(匹配)消防安全,,消防安全
《浙江省消防行政处罚裁量标准（试行）》第三十五条,消防安全,消防,False,,,消防安全
《浙江省消防行政处罚裁量标准》第二条第三款,消防安全,消防,False,,,消防安全
《浙江省消防行政处罚裁量标准》第二条,消防安全,消防,False,,,消防安全
《浙江省消防条例》第六十一条,消防安全,消防,False,,,消防安全
《中华人民共和国消防法》,消防安全,消防法||消防,False,(匹配)消防安全,,消防安全
《中华人民共和国消防法》第十六条第一款第五项,消防安全,ai,False,(匹配)消防安全,,消防安全
《中华人民共和国消防法》第二十八条,消防安全,ai,False,(匹配)消防安全,,消防安全
《中华人民共和国消防法》第六十条第一款第三项,消防安全,消防法||消防,False,(匹配)消防安全,,消防安全
《中华人民共和国消防法》第六十条第一款第三项,消防安全,消防法||消防,False,(匹配)消防安全,,消防安全
《中华人民共和国消防法》第六十条第一款第三项,消防安全,消防法||消防,False,(匹配)消防安全,,消防安全
《中华人民共和国消防法》第六十条第一款第三项,消防安全,消防法||消防,False,(匹配)消防安全,,消防安全
《中华人民共和国消防法》第六十条第一款第三项之规定,消防安全,消防法||消防||食品,False,(匹配)消防安全||食品药品,,消防安全||食品药品
《中华人民共和国消防法》第六十条第一款第三项,消防安全,消防法||消防,False,(匹配)消防安全,,消防安全
《中华人民共和国消防法》第六十条第一款第三项,消防安全,消防法||消防,False,(匹配)消防安全,,消防安全
《中华人民共和国消防法》第六十条第一款第三项,消防安全,消防法||消防,False,(匹配)消防安全,,消防安全
《中华人民共和国消防法》第六十条第一款第二项,消防安全,消防法||消防,False,(匹配)消防安全,,消防安全
《中华人民共和国消防法》第六十条第一款第二项,消防安全,消防法||消防,False,(匹配)消防安全,,消防安全
《中华人民共和国消防法》第六十条第一款第五项,消防安全,消防法||消防,False,(匹配)消防安全,,消防安全
《中华人民共和国消防法》第六十条第一款第七项,消防安全,消防法||消防,False,(匹配)消防安全,,消防安全
《中华人民共和国消防法》第六十条第一款第一项,消防安全,消防法||消防,False,(匹配)消防安全,,消防安全
《中华人民共和国消防法》第六十条第一款第一项,消防安全,消防法||消防,False,(匹配)消防安全,,消防安全
《中华人民共和国消防法》第六十条第一款第七项,消防安全,消防法||消防,False,(匹配)消防安全,,消防安全
《中华人民共和国消防法》第六十条第一款第七项,消防安全,消防法||消防,False,(匹配)消防安全,,消防安全
《中华人民共和国消防法》第六十条第一款第七项,消防安全,消防法||消防,False,(匹配)消防安全,,消防安全
《建筑防火通用规范》,消防安全,防火,False,,,消防安全
《建筑防火通用规范》,消防安全,防火,False,,,消防安全
《建筑防火通用规范》,消防安全,防火,False,,,消防安全
《中华人民共和国消防法》第六十条第一款第一项的规定,消防安全,消防法||消防,False,(匹配)消防安全,,消防安全
《陕西省消防行政处罚自由裁量标准》,消防安全,消防,False,,,消防安全
《中华人民共和国消防法》第六十条第一款第四项,消防安全,消防法||消防,False,(匹配)消防安全,,消防安全
《中华人民共和国消防法》第六十条第一款第四项,消防安全,消防法||消防,False,(匹配)消防安全,,消防安全
《中华人民共和国消防法》第六十条第一款第（一）项,消防安全,消防法||消防,False,(匹配)消防安全,,消防安全
《中华人民共和国消防法》第六十条第一款第（三）项,消防安全,消防法||消防,False,(匹配)消防安全,,消防安全
《中华人民共和国消防法》第六十条第一款第（二）项,消防安全,消防法||消防,False,(匹配)消防安全,,消防安全
《中华人民共和国消防法》第六十条第一款第一项,消防安全,消防法||消防,False,(匹配)消防安全,,消防安全
《建筑设计防火规范》,消防安全,防火,False,,,消防安全
《建筑设计防火规范》,消防安全,防火,False,,,消防安全
《建筑设计防火规范》,消防安全,防火,False,,,消防安全
《建筑设计防火规范》,消防安全,防火,False,,,消防安全
《建筑设计防火规范》,消防安全,防火,False,,,消防安全
《建筑设计防火规范》,消防安全,防火,False,,,消防安全
《建筑设计防火规范》,消防安全,防火,False,,,消防安全
《建筑设计防火规范》,消防安全,防火,False,,,消防安全
《建筑设计防火规范》,消防安全,防火,False,,,消防安全
《建筑设计防火规范》,消防安全,防火,False,,,消防安全
《建筑设计防火规范》,消防安全,防火,False,,,消防安全
《建筑设计防火规范》,消防安全,防火,False,,,消防安全
《建筑设计防火规范》,消防安全,防火,False,,,消防安全
《建筑设计防火规范》,消防安全,防火,False,,,消防安全
《重庆市消防设施管理规定》第二十五条,消防安全,消防设施||消防,False,,,消防安全
《中华人民共和国消防法》第六十条第一款第一项,消防安全,消防法||消防,False,(匹配)消防安全,,消防安全
《建筑设 计防火规范》,消防安全,防火,False,,,消防安全
《建筑设计防火规范》,消防安全,防火,False,,,消防安全
《建筑设计防火规范》,消防安全,防火,False,,,消防安全
《建筑设计防火规范》,消防安全,防火,False,,,消防安全
《建筑设计防火规范》,消防安全,防火,False,,,消防安全
《建筑设计防火规范》,消防安全,防火,False,,,消防安全
《建筑设计防火规范》,消防安全,防火,False,,,消防安全
《建筑设计防火规范》,消防安全,防火,False,,,消防安全
《建筑设计防火规范》,消防安全,防火,False,,,消防安全
《中华人民共和国消防法》第六十条第一款第一项,消防安全,食品||消防法||消防,False,(匹配)食品药品,,食品药品||消防安全
《建筑设计防火规范》,消防安全,防火,False,,,消防安全
《中华人民共和国消防法》第六十条第一款第一项之规定,消防安全,消防法||消防,False,(匹配)消防安全,,消防安全
《中华人民共和国消防法》第六十条第一款第一项之规定,消防安全,消防法||消防,False,(匹配)消防安全,,消防安全
《中华人民共和国消防法》第六十条第一款第一项之规定,消防安全,消防法||消防,False,(匹配)消防安全,,消防安全
《中华人民共和国消防法》第六十条第一款第一项,消防安全,消防法||消防,False,(匹配)消防安全,,消防安全
《中华人民共和国消防法》第六十条第一款第一项,消防安全,消防法||消防,False,(匹配)消防安全,,消防安全
《中华人民共和国消防法》第六十条第一款第一项,消防安全,消防法||消防,False,(匹配)消防安全,,消防安全
《建筑设计防火规范》,消防安全,防火,False,,,消防安全
《中华人民共和国消防法》第六十条第一款第一项,消防安全,消防法||消防,False,(匹配)消防安全,,消防安全
《建筑设计防火规范》,消防安全,防火,False,,,消防安全
《建筑设计防火规范》,消防安全,防火,False,,,消防安全
《建筑设计防火规范》,消防安全,防火,False,,,消防安全
《建筑设计防火规范》,消防安全,防火,False,,,消防安全
《建筑设计防火规范》,消防安全,防火,False,,,消防安全
《建筑设计防火规范》,消防安全,防火,False,,,消防安全
《建筑设计防火规范》,消防安全,防火,False,,,消防安全
《建筑设计防火规范》,消防安全,防火,False,,,消防安全
《建筑设计防火规范》,消防安全,防火,False,,,消防安全
《建筑设计防火规范》,消防安全,防火,False,,,消防安全
《建筑设计防火规范》,消防安全,防火,False,,,消防安全
《建筑设计防火通用规范》,消防安全,防火,False,,,消防安全
《建筑设计防火通用规范》,消防安全,防火,False,,,消防安全
《中华人民共和国消防法》第六十条第一款第一项,消防安全,消防法||消防,False,(匹配)消防安全,,消防安全
《中华人民共和国消防法》第十六条第一款第二项,消防安全,消防法||消防,False,(匹配)消防安全,,消防安全
《中华人民共和国消防法》第十六条第一款第二项,消防安全,消防法||消防,False,(匹配)消防安全,,消防安全
《中华人民共和国消防法》第十六条第一款第二项,消防安全,消防法||消防,False,(匹配)消防安全,,消防安全
《中华人民共和国消防法》第十六条第一款第二项,消防安全,消防法||消防,False,(匹配)消防安全,,消防安全
《中华人民共和国消防法》第十六条第一款第二项、第二十八条,消防安全,消防法||消防,False,(匹配)消防安全,,消防安全
《中华人民共和国消防法》第十六条第一款第二项之规定,消防安全,消防法||消防,False,(匹配)消防安全,,消防安全
《中华人民共和国消防法》第十六条第一款第二项之规定,消防安全,消防法||消防,False,(匹配)消防安全,,消防安全
《中华人民共和国消防法》第十六条第一款第二项之规定,消防安全,消防法||消防,False,(匹配)消防安全,,消防安全
《中华人民共和国消防法》第十六条第一款第二项之规定,消防安全,消防法||消防,False,(匹配)消防安全,,消防安全
《中华人民共和国消防法》第十六条第一款第二项,消防安全,消防法||消防,False,(匹配)消防安全,,消防安全
《中华人民共和国消防法》第十六条第一款第二项,消防安全,消防法||消防,False,(匹配)消防安全,,消防安全
《中华人民共和国消防法》第十六条第一款第二项,消防安全,消防法||消防,False,(匹配)消防安全,,消防安全
《中华人民共和国消防法》第十六条第一款第(二)项,消防安全,消防法||消防,False,(匹配)消防安全,,消防安全
《中华人民共和国消防法》第十六条第一款第(二)项,消防安全,消防法||消防,False,(匹配)消防安全,,消防安全
《中华人民共和国消防法》第十六条第一款第(二)项,消防安全,消防法||消防,False,(匹配)消防安全,,消防安全
《中华人民共和国消防法》第十六条第一款第(二)项,消防安全,消防法||消防,False,(匹配)消防安全,,消防安全
《中华人民共和国消防法》第十六条第一款第(二)项,消防安全,消防法||消防,False,(匹配)消防安全,,消防安全
《中华人民共和国消防法》第十六条第一款第（四）项,消防安全,消防法||消防,False,(匹配)消防安全,,消防安全
《中华人民共和国消防法》第十六条第一款第（二）项,消防安全,消防法||消防,False,(匹配)消防安全,,消防安全
《中华人民共和国消防法》第十六条第一款第（二）项,消防安全,消防法||消防,False,(匹配)消防安全,,消防安全
《中华人民共和国消防法》第十六条第一款第（二）项,消防安全,消防法||消防,False,(匹配)消防安全,,消防安全
《中华人民共和国消防法》第十六条第一款第（二）项,消防安全,消防法||消防,False,(匹配)消防安全,,消防安全
《中华人民共和国消防法》第十六第一款第(二)项,消防安全,消防法||消防,False,(匹配)消防安全,,消防安全
《中华人民共和国消防法》第十六第一款第二项,消防安全,消防法||消防,False,(匹配)消防安全,,消防安全
《中华人民共和国消防法》第十六条第一款第二项,消防安全,消防法||消防,False,(匹配)消防安全,,消防安全
《中华人民共和国消防法》第十六条第一款第二项,消防安全,消防法||消防,False,(匹配)消防安全,,消防安全
《中华人民共和国消防法》第十六条第一款第二项的规定,消防安全,消防法||消防,False,(匹配)消防安全,,消防安全
《中华人民共和国消防法》第十六条第一款第二项,消防安全,消防法||消防,False,(匹配)消防安全,,消防安全
《中华人民共和国消防法》第十六条第一款第二项,消防安全,消防法||消防,False,(匹配)消防安全,,消防安全
《中华人民共和国消防法》第十六条第一款第五项,消防安全,消防法||消防,False,(匹配)消防安全,,消防安全
《中华人民共和国消防法》第十六条第一款第五项,消防安全,消防法||消防,False,(匹配)消防安全,,消防安全
《中华人民共和国消防法》第十六条第一款第五项,消防安全,消防法||消防,False,(匹配)消防安全,,消防安全
《中华人民共和国消防法》第十条,消防安全,消防法||消防,False,(匹配)消防安全,,消防安全
《中华人民共和国消防法》第十六第一款第二项,消防安全,消防法||消防,False,(匹配)消防安全,,消防安全
《中华人民共和国消防法》第十三条第三款,消防安全,消防法||消防,False,(匹配)消防安全,,消防安全
《中华人民共和国消防法》第十六条第一款,消防安全,消防法||消防,False,(匹配)消防安全,,消防安全
《中华人民共和国消防法》第十二条,消防安全,消防法||消防,False,(匹配)消防安全,,消防安全
《中华人民共和国消防法》第十五条第二款,消防安全,消防法||消防,False,(匹配)消防安全,,消防安全
《中华人民共和国消防法》,消防安全,消防法||消防,False,(匹配)消防安全,,消防安全
《中华人民共和国消防法》第十九条,消防安全,消防法||消防,False,(匹配)消防安全,,消防安全
《中华人民共和国消防法》第六十条第一款第一项,消防安全,消防法||消防,False,(匹配)消防安全,,消防安全
《中华人民共和国消防法》第六十条第一款第一项,消防安全,消防法||消防,False,(匹配)消防安全,,消防安全
《中华人民共和国消防法》第六十条第一款第七项,消防安全,消防法||消防,False,(匹配)消防安全,,消防安全
《中华人民共和国消防法》第六十条第一款第五项,消防安全,消防法||消防,False,(匹配)消防安全,,消防安全
《中华人民共和国消防法》第六十条第一款第四项,消防安全,消防法||消防,False,(匹配)消防安全,,消防安全
《中华人民共和国消防法》第十九条第二款,消防安全,消防法||消防,False,(匹配)消防安全,,消防安全
《重庆市消防条例》第四十六条第一款第三项,消防安全,消防,False,,,消防安全
《浙江省消防救援机构行政处罚裁量基准（一）》第六项,消防安全,消防||消防救援机构,False,,,消防安全
《中华人民共和国消防法》第二十八条,消防安全,消防法||消防,False,(匹配)消防安全,,消防安全
《中华人民共和国消防法》第二十四条,消防安全,消防法||消防,False,(匹配)消防安全,,消防安全
《中华人民共和国消防法》第二十四条第一款,消防安全,消防法||消防,False,(匹配)消防安全,,消防安全
《中华人民共和国消防法》第二十四条第一款,消防安全,消防法||消防,False,(匹配)消防安全,,消防安全
《中华人民共和国消防法》第二十四条第一款之规定,消防安全,消防法||消防,False,(匹配)消防安全,,消防安全
《中华人民共和国消防法》第二十四条第一款,消防安全,消防法||消防,False,(匹配)消防安全,,消防安全
《浙江省消防救援机构行政处罚裁量基准(一)》第四项,消防安全,消防||消防救援机构,False,,,消防安全
《浙江省消防救援机构行政处罚裁量基准(一)》第十一项,消防安全,消防||消防救援机构,False,,,消防安全
《浙江省消防救援机构行政处罚裁量基准(一)》第七项,消防安全,消防||消防救援机构,False,,,消防安全
《浙江省消防条例》第三十六条第二款的规定,消防安全,消防,False,,,消防安全
《中华人民共和国消防法》第二十八条之规定,消防安全,消防法||消防,False,(匹配)消防安全,,消防安全
《中华人民共和国消防法》第二十八条之规定,消防安全,消防法||消防||防火,False,(匹配)消防安全,,消防安全
《中华人民共和国消防法》第二十八条之规定,消防安全,消防法||消防,False,(匹配)消防安全,,消防安全
《中华人民共和国消防法》第二十八条之规定,消防安全,消防法||消防,False,(匹配)消防安全,,消防安全
《中华人民共和国消防法》第二十八条,消防安全,消防法||消防,False,(匹配)消防安全,,消防安全
《中华人民共和国消防法》第二十八条,消防安全,消防法||消防,False,(匹配)消防安全,,消防安全
《浙江省消防条例》第三十六条第二款,消防安全,消防,False,,,消防安全
《中华人民共和国消防法》第二十八条,消防安全,消防法||消防,False,(匹配)消防安全,,消防安全
《浙江省消防条例》第三十四条第二款,消防安全,消防,False,,,消防安全
《中华人民共和国消防法》第二十七条第二款,消防安全,消防法||消防,False,(匹配)消防安全,,消防安全
《中华人民共和国消防法》第二十七条第二款,消防安全,消防法||消防,False,(匹配)消防安全,,消防安全
《中华人民共和国消防法》第二十七条第二款,消防安全,消防法||消防,False,(匹配)消防安全,,消防安全
《中华人民共和国消防法》第二十八条,消防安全,消防法||消防,False,(匹配)消防安全,,消防安全
《浙江省消防条例》第二十八条第二款,消防安全,消防,False,,,消防安全
《中华人民共和国消防法》第二十八条,消防安全,消防法||消防,False,(匹配)消防安全,,消防安全
《浙江省消防条例》第三十四条第二款,消防安全,消防,False,,,消防安全
《中华人民共和国消防法》第二十八条的规定,消防安全,消防法||消防,False,(匹配)消防安全,,消防安全
《浙江省消防救援机构行政处罚裁量基准（一）》第四项,消防安全,消防||消防救援机构,False,,,消防安全
《浙江省消防条例》第三十三条第二款,消防安全,消防,False,,,消防安全
《浙江省消防条例》第三十一条第二款,消防安全,消防,False,,,消防安全
《中华人民共和国消防法》第五十九条,消防安全,消防法||消防,False,(匹配)消防安全,,消防安全
《河北省消防条例》第五十六条第一款,消防安全,消防,False,,,消防安全
《中华人民共和国消防法》第六十条第一款第(三)项,消防安全,消防法||消防,False,(匹配)消防安全,,消防安全
《中华人民共和国消防法》第六十条第一款,消防安全,消防法||消防,False,(匹配)消防安全,,消防安全
《中华人民共和国消防法》第六十条第一款,消防安全,消防法||消防,False,(匹配)消防安全,,消防安全
《中华人民共和国消防法》第六十条第一款第(一)项,消防安全,消防法||消防,False,(匹配)消防安全,,消防安全
《中华人民共和国消防法》第六十条第一款第(一)项,消防安全,消防法||消防,False,(匹配)消防安全,,消防安全
《中华人民共和国消防法》第六十条第一款第(一)项,消防安全,消防法||消防,False,(匹配)消防安全,,消防安全
《中华人民共和国消防法》第六十条第一款第(一)项之规定,消防安全,消防法||消防,False,(匹配)消防安全,,消防安全
《河北省消防行政执法裁量实施办法》第十三条第一款第(三)项,消防安全,消防法||消防,False,,,消防安全
《建筑消防设施的维护管理》,消防安全,消防设施||消防,False,,,消防安全
《建筑消防设施的维护管理》,消防安全,消防设施||消防,False,,,消防安全
《建筑消防设施的维护管理》,消防安全,消防设施||消防,False,,,消防安全
《建筑消防设施的维护管理》,消防安全,消防设施||消防,False,,,消防安全
《建筑灭火器配置设计规范》,消防安全,灭火器,False,,,消防安全
《重庆市消防条例》第六十四条,消防安全,消防,False,,,消防安全
《建筑消防设施的维护管理》,消防安全,消防设施||消防,False,,,消防安全
《中华人民共和国消防法》第六十条第一款第一项,消防安全,消防法||消防,False,(匹配)消防安全,,消防安全
《中华人民共和国消防法》第六十条第一款第一项,消防安全,消防法||消防,False,(匹配)消防安全,,消防安全
《中华人民共和国消防法》第六十条第一款第一项,消防安全,消防法||消防,False,(匹配)消防安全,,消防安全
《建筑消防设施的维护管理》,消防安全,消防设施||消防,False,,,消防安全
《中华人民共和国消防法》第六十条,消防安全,消防法||消防,False,(匹配)消防安全,,消防安全
《中华人民共和国消防法》第六十条,消防安全,消防法||消防,False,(匹配)消防安全,,消防安全
《中华人民共和国消防法》第五十八条第一款第一项,消防安全,消防法||消防,False,(匹配)消防安全,,消防安全
《中华人民共和国消防法》第五十八条第一款第五项,消防安全,消防法||消防,False,(匹配)消防安全,,消防安全
《中华人民共和国消防法》第五十八条第一款第四项,消防安全,消防法||消防,False,(匹配)消防安全,,消防安全
《中华人民共和国消防法》第五十九条第三项,消防安全,消防法||消防,False,(匹配)消防安全,,消防安全
《中华人民共和国消防法》第五十九条第三项,消防安全,消防法||消防,False,(匹配)消防安全,,消防安全
《中华人民共和国消防法》第五十九条第二项,消防安全,消防法||消防,False,(匹配)消防安全,,消防安全
《中华人民共和国消防法》第五十九条第二项,消防安全,消防法||消防,False,(匹配)消防安全,,消防安全
《中华人民共和国消防法》第五十八条之规定,消防安全,消防法||消防,False,(匹配)消防安全,,消防安全
《中华人民共和国消防法》第五十八条第三款,消防安全,消防法||消防,False,(匹配)消防安全,,消防安全
《中华人民共和国消防法》第五十八条第三款,消防安全,消防法||消防,False,(匹配)消防安全,,消防安全
《中华人民共和国消防法》第五十八条第二款,消防安全,消防法||消防,False,(匹配)消防安全,,消防安全
《中华人民共和国消防法》第六十一条第二款,消防安全,消防法||消防,False,(匹配)消防安全,,消防安全
《中华人民共和国消防法》第六十五条第二款,消防安全,消防法||消防,False,(匹配)消防安全,,消防安全
《中华人民共和国消防法》第六十五条第二款,消防安全,消防法||消防,False,(匹配)消防安全,,消防安全
《中华人民共和国消防法》第六十六条,消防安全,消防法||消防,False,(匹配)消防安全,,消防安全
《中华人民共和国消防法》第六十六条,消防安全,消防法||消防,False,(匹配)消防安全,,消防安全
《中华人民共和国消防法》第六十六条,消防安全,消防法||消防,False,(匹配)消防安全,,消防安全
《中华人民共和国消防法》第六十六条,消防安全,消防法||消防,False,(匹配)消防安全,,消防安全
《中华人民共和国消防法》第六十六条,消防安全,消防法||消防,False,(匹配)消防安全,,消防安全
《中华人民共和国消防法》第六十条,消防安全,消防法||消防,False,(匹配)消防安全,,消防安全
《中华人民共和国消防法》第六十一条第二款,消防安全,消防法||消防,False,(匹配)消防安全,,消防安全
《中华人民共和国消防法》第五十八条第二款,消防安全,消防法||消防,False,(匹配)消防安全,,消防安全
《中华人民共和国消防法》第五十八条第二款,消防安全,消防法||消防,False,(匹配)消防安全,,消防安全
《中华人民共和国消防法》第五十八条第二款,消防安全,消防法||消防,False,(匹配)消防安全,,消防安全
《中华人民共和国消防法》第五十八条第二款,消防安全,消防法||消防,False,(匹配)消防安全,,消防安全
《中华人民共和国消防法》第五十八条第二项,消防安全,消防法||消防,False,(匹配)消防安全,,消防安全
《中华人民共和国消防法》第五十八条,消防安全,消防法||消防,False,(匹配)消防安全,,消防安全
《中华人民共和国消防法》第二十一条第二款,消防安全,消防法||消防,False,(匹配)消防安全,,消防安全
《中华人民共和国消防法》第六十一条,消防安全,消防法||消防,False,(匹配)消防安全,,消防安全
《中华人民共和国消防法》第六十条第一款第七项之规定,消防安全,消防法||消防,False,(匹配)消防安全,,消防安全
《中华人民共和国消防法》第六十条第一款第三项,消防安全,消防法||消防,False,(匹配)消防安全,,消防安全
《中华人民共和国消防法》第六十条第一款第二项,消防安全,消防法||消防,False,(匹配)消防安全,,消防安全
《中华人民共和国消防法》第六十条第一款第五项,消防安全,消防法||消防,False,(匹配)消防安全,,消防安全
《中华人民共和国消防法》第六十条第一款第六项,消防安全,消防法||消防,False,(匹配)消防安全,,消防安全
《中华人民共和国消防法》第六十条第一款第四项,消防安全,消防法||消防,False,(匹配)消防安全,,消防安全
《中华人民共和国消防法》第六十条第一款第（三）项,消防安全,消防法||消防,False,(匹配)消防安全,,消防安全
《浙江省消防行政处罚裁量标准》第六条,消防安全,消防,False,,,消防安全
《浙江省消防行政处罚裁量标准》第五条,消防安全,消防,False,,,消防安全
《浙江省消防条例》第六十六条,消防安全,消防,False,,,消防安全
《消防设施通用规范》,消防安全,消防设施||消防,False,,,消防安全
《消防给水及消火栓系统技术规范》,消防安全,消防||消火栓||消防栓||防火栓,False,,,消防安全
《消防给水及消火栓系统技术规范》,消防安全,消防||消火栓||消防栓||防火栓,False,,,消防安全
《社会消防技术服务管理规定》第三十条,消防安全,消防,False,,,消防安全
《中华人民共和国消防法》第六十条第二款,消防安全,消防法||消防,False,(匹配)消防安全,,消防安全
《浙江省消防行政处罚裁量标准》第二十条,消防安全,消防,False,,,消防安全
《浙江省消防行政处罚裁量标准》第二条,消防安全,消防,False,,,消防安全
《浙江省消防行政处罚裁量标准》第五条,消防安全,消防,False,,,消防安全
《中华人民共和国消防法》第五十八条,消防安全,消防法||消防,False,(匹配)消防安全,,消防安全
《中华人民共和国消防法》第五十八条,消防安全,消防法||消防,False,(匹配)消防安全,,消防安全
《中华人民共和国消防法》第五十八条第一款第(四)项,消防安全,消防法||消防,False,(匹配)消防安全,,消防安全
《中华人民共和国消防法》第五十八条第一款第四项,消防安全,消防法||消防,False,(匹配)消防安全,,消防安全
《中华人民共和国消防法》第六十一条第一款,消防安全,消防法||消防,False,(匹配)消防安全,,消防安全
《山东省消防条例》第二十五条第一款,消防安全,消防,False,,,消防安全
《山东省消防条例》第七十三条,消防安全,消防,False,,,消防安全
《中华人民共和国消防法》第六十一条第二款,消防安全,消防法||消防,False,(匹配)消防安全,,消防安全
《中华人民共和国消防法》第六十条第一款第(五)项,消防安全,消防法||消防,False,(匹配)消防安全,,消防安全
《中华人民共和国消防法》第六十条第一款第一项,消防安全,消防法||消防,False,(匹配)消防安全,,消防安全
《中华人民共和国消防法》第六十条第一款第一项、第三项,消防安全,消防法||消防,False,(匹配)消防安全,,消防安全
《中华人民共和国消防法》第六十条第一款第一项之规定,消防安全,消防法||消防,False,(匹配)消防安全,,消防安全
《中华人民共和国消防法》第六十条第一款第一项的规定,消防安全,消防法||消防,False,(匹配)消防安全,,消防安全
《中华人民共和国消防法》第六十条第一款第七项,消防安全,消防法||消防,False,(匹配)消防安全,,消防安全
《中华人民共和国消防法》第六十条第一款第(二)项,消防安全,消防法||消防,False,(匹配)消防安全,,消防安全
《中华人民共和国消防法》第六十条第一款第(一)项,消防安全,消防法||消防,False,(匹配)消防安全,,消防安全
《中华人民共和国消防法》第六十六条,消防安全,消防法||消防,False,(匹配)消防安全,,消防安全
《中华人民共和国消防法》第六十九条,消防安全,消防法||消防,False,(匹配)消防安全,,消防安全
《中华人民共和国消防法》第六十九条第一款,消防安全,消防法||消防,False,(匹配)消防安全,,消防安全
《消防产品监督管理规定》第三十六条第二款,消防安全,消防,False,,,消防安全
《消防产品监督检查规定》第三十六条第二款,消防安全,消防,False,,,消防安全
《消防产品监督管理规定》第三十六条第二款,消防安全,消防,False,,,消防安全
《消防产品监督管理规定》第三十六条第二款,消防安全,消防,False,,,消防安全
《消防产品监督管理规定》第三十六条第二款之规定,消防安全,消防,False,,,消防安全
《消防产品监督管理规定》第十九条第一款,消防安全,消防,False,,,消防安全
《消防产品监督管理规定》第十九条,消防安全,消防,False,,,消防安全
《消防产品监督管理规定》第十九条,消防安全,消防,False,,,消防安全
《消防产品监督管理规定》第三十六条第二款之规定,消防安全,消防,False,,,消防安全
《消防产品监督管理规定》第三十六条第二款之规定,消防安全,消防,False,,,消防安全
《消防产品现场检查判定规则》,消防安全,消防,False,,,消防安全
《消防产品现场检查判定规则》,消防安全,消防,False,,,消防安全
《北京市消防条例》第八十六条,消防安全,消防,False,,,消防安全
《北京市消防条例》第十二条第一款第八项,消防安全,消防,False,,,消防安全
《北京市消防条例》第十二条第一款第八项,消防安全,消防,False,,,消防安全
《北京市消防条例》第二十四条第一款第五项,消防安全,消防,False,,,消防安全
《消防产品现场检查判定规则》,消防安全,消防,False,,,消防安全
《消防产品现场检查判定规则》,消防安全,消防,False,,,消防安全
《消防产品现场检查判定规则》,消防安全,消防,False,,,消防安全
《消防产品现场检查判定规则》,消防安全,消防,False,,,消防安全
《消防产品现场判定规则》,消防安全,消防,False,,,消防安全
《消防给水及消火栓系统技术规范》,消防安全,消防||消火栓||消防栓||防火栓,False,,,消防安全
《火灾自动报警系统设计规范》,消防安全,火灾,False,,,消防安全
《山东省消防条例》第六十九条第一款第二项,消防安全,消防,False,,,消防安全
《山东省消防条例》第七十三条,消防安全,消防,False,,,消防安全
《消防给水及消火栓系统技术规范》,消防安全,消防||消火栓||消防栓||防火栓,False,,,消防安全
《河北省消防条例》第五十六条第一款,消防安全,消防,False,,,消防安全
《吉林省消防条例》第十三条,消防安全,消防,False,,,消防安全
《消防控制室通用技术要求》,消防安全,消防||消控室,False,,,消防安全
《消防控制室通用技术要求》,消防安全,消防||消控室,False,,,消防安全
《消防控制室通用技术要求》,消防安全,消防||消控室,False,,,消防安全
《消防控制室通用技术要求》,消防安全,消防||消控室,False,,,消防安全
《消防控制室通用技术要求》,消防安全,消防||消控室,False,,,消防安全
《消防控制室通用技术要求》,消防安全,消防||消控室,False,,,消防安全
《江苏省消防条例》第五十五条第二款,消防安全,消防,False,,,消防安全
《浙江省消防行政处罚裁量标准》第二条,消防安全,消防,False,,,消防安全
《浙江省消防行政处罚裁量标准》第五条,消防安全,消防,False,,,消防安全
《浙江省消防行政处罚裁量标准》第六条,消防安全,消防,False,,,消防安全
《浙江省消防行政处罚裁量标准》第十条,消防安全,消防,False,,,消防安全
《江西省消防条例》,消防安全,消防,False,,,消防安全
《浙江省消防行政处罚裁量标准》第四条,消防安全,消防,False,,,消防安全
《上海市消防条例》第六十七条第一项,消防安全,消防,False,,,消防安全
《高层民用建筑消防安全管理规定》第四十七条第一款,消防安全,ai,False,,,消防安全
《高层民用建筑消防安全管理规定》第二十六条第二款,消防安全,ai,False,,,消防安全
《黑龙江省消防救援机构行政处罚裁量标准》第十二条,消防安全,消防||消防救援机构,False,,,消防安全
《辽宁省消防条例》第三十条第一款,消防安全,ai,False,,,消防安全
《浙江省消防行政处罚裁量标准》第九条,消防安全,消防,False,,,消防安全
《浙江省消防行政处罚裁量标准》第三条第三款,消防安全,消防,False,,,消防安全
《山东省消防条例》第七十三条,消防安全,消防,False,,,消防安全
《云南省消防条例》第五十三条第一款第二项,消防安全,消防,False,,,消防安全
《中华人民共和国消防法》第十六条第一款第四项之规定,消防安全,消防法||消防,False,(匹配)消防安全,,消防安全
《中国人民共和国消防法》第六十条第一款第一项,消防安全,消防法||消防,False,(匹配)消防安全,,消防安全
《浙江省消防行政处罚裁量标准》第一条,消防安全,消防,False,,,消防安全
《浙江省消防行政处罚裁量标准》第三条,消防安全,消防,False,,,消防安全
《社会消防技术服务管理规定》第五条第四项,消防安全,ai,False,,,消防安全
《河南省消防条例》第十三条第一项,消防安全,ai,False,,,消防安全
《江苏省消防条例》第六十四条第一款,消防安全,消防,False,,,消防安全
《北京市消防安全责任监督管理办法》第八条第一款第三项,消防安全||安全生产,消防法||安全||安全监理||消防,False,,,消防安全||安全生产
《北京市消防安全责任监督管理办法》第八条第四项,消防安全||安全生产,消防法||安全||安全监理||消防,False,,,消防安全||安全生产
《北京市消防安全责任监督管理办法》第十八条第一款,消防安全||安全生产,消防法||安全||安全监理||消防,False,,,消防安全||安全生产
《北京市消防条例》第八十二条第一款第三项,消防安全||建设工程,消防设施||消防||施工||建设工程||工程施工||工程,False,,,消防安全||建设工程
《浙江省消防行政处罚裁量标准(试行)》第三十五条,消防安全||治安管理,消防||酒店,False,,,消防安全||治安管理
《建材机械轻工纺织烟草商贸行业综合自由裁量实施标准》第三十六条,烟草,ai,False,(匹配)其他,仅给出条文序号，无法判断具体内容。,其他违法行为
《城镇燃气管理条例》第五十一条第一款,燃气安全,燃气,False,,,燃气安全
《城镇燃气管理条例》第五十一条第一款,燃气安全,燃气,False,,,燃气安全
《城镇燃气管理条例》第五十一条第一款,燃气安全,燃气,False,,,燃气安全
《城镇燃气管理条例》第五十一条第一款,燃气安全,燃气,False,,,燃气安全
《可燃气体检测报警器检定规程》,燃气安全,报警器||燃气||可燃气体||可燃,False,,,燃气安全
《城镇燃气管理条例》第五十二条,燃气安全,燃气,False,,,燃气安全
《城镇燃气管理条例》第四十八条,燃气安全,燃气,False,,,燃气安全
《城镇燃气管理条例》第四十八条,燃气安全,燃气,False,,,燃气安全
《苏州市燃气管理办法》第十八条第一项,燃气安全,燃气,False,,,燃气安全
《广西壮族自治区燃气管理条例》第十八条,燃气安全,燃气,False,,,燃气安全
《石油化工可燃气体和有毒气体检测报警设计标准》,燃气安全,燃气||可燃气体||可燃||有毒气体,False,,,燃气安全
《中华人民共和国特种设备安全法》第八十四条第一款第（一）项,特种设备,安全||特种设备||特种设,False,(匹配)安全生产,,安全生产
《中华人民共和国特种设备安全法》第八十三条第一款第（一）项,特种设备,安全||特种设备||特种设,False,(匹配)安全生产,,安全生产
《中华人民共和国特种设备安全法》第八十五条第一款,特种设备,安全||特种设备||特种设,False,(匹配)安全生产,,安全生产
《中华人民共和国特种设备安全法》第八十八条,特种设备,安全||特种设备||特种设,False,(匹配)安全生产,,安全生产
《中华人民共和国特种设备安全法》第八十四条第(一)项,特种设备,安全||特种设备||特种设,False,(匹配)安全生产,,安全生产
《中华人民共和国特种设备安全法》第八十四条第(一)项,特种设备,安全||特种设备||特种设,False,(匹配)安全生产,,安全生产
《中华人民共和国特种设备安全法》第八十四条第(一)项,特种设备,安全||特种设备||特种设,False,(匹配)安全生产,,安全生产
《中华人民共和国特种设备安全法》第八十四条第(一)项,特种设备,安全||特种设备||特种设,False,(匹配)安全生产,,安全生产
《中华人民共和国特种设备安全法》第三十四条,特种设备,安全||特种设备||特种设,False,(匹配)安全生产,,安全生产
《中华人民共和国特种设备安全法》第八十四条第一款第一项,特种设备,安全||特种设备||特种设,False,(匹配)安全生产,,安全生产
《中华人民共和国特种设备安全法》第八十四条第(一)项,特种设备,安全||特种设备||特种设,False,(匹配)安全生产,,安全生产
《中华人民共和国特种设备安全法》第八十四条第(一)项,特种设备,安全||特种设备||特种设,False,(匹配)安全生产,,安全生产
《中华人民共和国特种设备安全法》第八十八条,特种设备,安全||特种设备||特种设,False,(匹配)安全生产,,安全生产
《中华人民共和国特种设备安全法》第八十六条第(二)项,特种设备,安全||特种设备||特种设,False,(匹配)安全生产,,安全生产
《中华人民共和国特种设备安全法》第八十四条,特种设备,安全||特种设备||特种设,False,(匹配)安全生产,,安全生产
《中华人民共和国特种设备安全法》第八十四条,特种设备,安全||特种设备||特种设,False,(匹配)安全生产,,安全生产
《中华人民共和国特种设备安全法》第三十四条,特种设备,安全||特种设备||特种设,False,(匹配)安全生产,,安全生产
《中华人民共和国特种设备安全法》第四十条,特种设备,安全||特种设备||特种设,False,(匹配)安全生产,,安全生产
《中华人民共和国特种设备安全法》第四十四条第一款,特种设备,安全||特种设备||特种设,False,(匹配)安全生产,,安全生产
《中华人民共和国特种设备安全法》第四十条,特种设备,安全||特种设备||特种设,False,(匹配)安全生产,,安全生产
《中华人民共和国特种设备安全法》第三十三条,特种设备,安全||特种设备||特种设,False,(匹配)安全生产,,安全生产
《中华人民共和国特种设备安全法》第四十五条第二款,特种设备,安全||特种设备||特种设,False,(匹配)安全生产,,安全生产
《中华人民共和国特种设备安全法》第八十六条,特种设备,安全||特种设备||特种设,False,(匹配)安全生产,,安全生产
《中华人民共和国特种设备安全法》第八十三条,特种设备,安全||特种设备||特种设,False,(匹配)安全生产,,安全生产
《中华人民共和国特种设备安全法》第三十二条第一款,特种设备,安全||特种设备||特种设,False,(匹配)安全生产,,安全生产
《中华人民共和国特种设备安全法》第四十条第三款,特种设备,安全||特种设备||特种设,False,(匹配)安全生产,,安全生产
《中华人民共和国特种设备安全法》第四十条第三款,特种设备,安全||特种设备||特种设,False,(匹配)安全生产,,安全生产
《中华人民共和国特种设备安全法》第三十三条,特种设备,安全||特种设备||特种设,False,(匹配)安全生产,,安全生产
《中华人民共和国特种设备安全法》第八十四条第（一）项,特种设备,安全||特种设备||特种设,False,(匹配)安全生产,,安全生产
《中华人民共和国特种设备安全法》第八十四条第（一）项,特种设备,安全||特种设备||特种设,False,(匹配)安全生产,,安全生产
《中华人民共和国特种设备安全法》第八十四条第（一）项,特种设备,安全||特种设备||特种设,False,(匹配)安全生产,,安全生产
《中华人民共和国特种设备安全法》第八十四条第（一）项,特种设备,安全||特种设备||特种设,False,(匹配)安全生产,,安全生产
《中华人民共和国特种设备安全法》第八十四条,特种设备,安全||特种设备||特种设,False,(匹配)安全生产,,安全生产
《中华人民共和国特种设备安全法》第八十四条第一项,特种设备,安全||特种设备||特种设,False,(匹配)安全生产,,安全生产
《中华人民共和国特种设备安全法》第八十四条第一项,特种设备,安全||特种设备||特种设,False,(匹配)安全生产,,安全生产
《中华人民共和国特种设备安全法》第八十四条第一项,特种设备,安全||特种设备||特种设,False,(匹配)安全生产,,安全生产
《中华人民共和国特种设备安全法》第十四条的规定,特种设备,安全||特种设备||特种设,False,(匹配)安全生产,,安全生产
《中华人民共和国特种设备安全法》,特种设备,安全||特种设备||特种设,False,(匹配)安全生产,,安全生产
《中华人民共和国特种设备安全法》第十三条,特种设备,安全||特种设备||特种设,False,(匹配)安全生产,,安全生产
《中华人民共和国特种设备安全法》第七十四条,特种设备,安全||特种设备||特种设,False,(匹配)安全生产,,安全生产
《中华人民共和国特种设备安全法》,特种设备,安全||特种设备||特种设,False,(匹配)安全生产,,安全生产
《中华人民共和国特种设备安全法》第八十三条,特种设备,安全||特种设备||特种设,False,(匹配)安全生产,,安全生产
《特种设备目录》,特种设备,特种设备||特种设,False,(匹配)安全生产,,安全生产
《中华人民共和国特种设备安全法》第八十三条,特种设备,安全||特种设备||特种设,False,(匹配)安全生产,,安全生产
《广州市质量技术监督局行政处罚自由裁量权量化细化基准表（特种设备）》第十六条第（三）项,特种设备,质量技术监督||特种设备||特种设,False,(匹配)产品质量||安全生产,,产品质量||安全生产
《江苏省特种设备安全条例》第二十三条第二款,特种设备,安全||特种设备||特种设,False,(匹配)安全生产,,安全生产
《电梯维护保养规则》第六条第一款,特种设备,电梯||维护保养电梯,False,(匹配)安全生产,,特种设备
《特种设备安全法》第八十四条第一款第一项,特种设备,安全||特种设备||特种设,False,(匹配)安全生产,,安全生产
《特种设备安全法》第二十五条,特种设备,安全||特种设备||特种设,False,(匹配)安全生产,,安全生产
《特种设备安全法》第三十二条,特种设备,安全||特种设备||特种设,False,(匹配)安全生产,,安全生产
《特种设备安全法》,特种设备,安全||特种设备||特种设,False,(匹配)安全生产,,安全生产
《特种设备安全法》第四十条第三款,特种设备,安全||特种设备||特种设,False,(匹配)安全生产,,安全生产
《特种设备作业人员监督管理办法》第二十一条第（三）项,特种设备,特种设备||特种设||特种作业,False,(匹配)安全生产,,安全生产
《中华人民共和国特种设备安全法》第九十条,特种设备,ai,False,(匹配)安全生产,,特种设备
《特种设备安全法》,特种设备,安全||特种设备||特种设,False,(匹配)安全生产,,安全生产
《河北省大气污染防治条例》第八十四条,环境保护,大气污染防治||污染防治,False,(匹配)环境保护,,环境保护
《北京市大气污染防治条,环境保护,大气污染防治||污染防治,False,(匹配)环境保护,,环境保护
符合《环境行政处罚办法》第二十二条,环境保护,环境,False,,,环境保护
符合《环境行政处罚办法》第二十二条,环境保护,环境,False,,,环境保护
《江苏省内河水域船舶污染防治条例》第十二条第一款,环境保护,水污染||污染防治||船舶,False,(匹配)环境保护||海事安全,,环境保护||海事安全
《建设项目环境保护管理条例》第二十三条第一款,环境保护,环境保护||环境||建设项目,False,(匹配)环境保护||建设工程,,环境保护||建设工程
《江苏省城市市容和环境卫生条例》第二十九条,环境保护,市容和环境卫生||环境,False,(匹配)环境保护,,环境保护
《北京市大气污染防治条,环境保护,大气污染防治||污染防治,False,(匹配)环境保护,,环境保护
《城镇排水与污水处理条例》第五十条第二款,环境保护,污水||排水||污水处理,False,,,环境保护
《河南省建设项目环境保护条例》第九条,环境保护,环境保护||环境||建设项目,False,(匹配)环境保护||建设工程,,环境保护||建设工程
《河北省扬尘污染防治办法》第十一条、第十二条,环境保护,污染防治||扬尘,False,(匹配)环境保护,,环境保护
《河北省扬尘污染防治办法》第四十条,环境保护,污染防治||扬尘,False,(匹配)环境保护,,环境保护
《中华人民共和国大气污染》第一百一十五条,环境保护,ai,True,(匹配)环境保护,依据《大气污染防治法》属环保领域。,环境保护
《江苏省环境噪声污染防治条例》第三十一条,环境保护,环境||污染防治,False,(匹配)环境保护,,环境保护
《西安市建筑垃圾管理条例》第五十三条第一款,环境保护,建筑垃圾,False,(匹配)建设工程与房地产,,建设工程
《江苏省内河水域船舶污染防治条例》第二十一条,环境保护,水污染||污染防治||船舶,False,(匹配)环境保护||海事安全,,环境保护||海事安全
《江苏省内河水域船舶污染防治条例》第二十八条第二款,环境保护,水污染||污染防治||船舶,False,(匹配)环境保护||海事安全,,环境保护||海事安全
《江苏省城市市容和环境卫生管理条例》第五十条第（二）项,环境保护,市容和环境卫生||环境,False,(匹配)环境保护,,环境保护
《江苏省大气污染防治条例》第五十六条第二款,环境保护,大气污染防治||污染防治,False,(匹配)环境保护,,环境保护
《江苏省大气污染防治条例》第五十六条第二款,环境保护,大气污染防治||污染防治,False,(匹配)环境保护,,环境保护
《江苏省大气污染防治条例》第九十四条,环境保护,大气污染防治||污染防治,False,(匹配)环境保护,,环境保护
《杭州市环境噪声管理条例》第四十一条第一款第(六)项,环境保护,环境,False,,,环境保护
《上海市森林管理规定》第十八条,环境保护,森林,False,,,环境保护
《上海市森林管理规定》第三十条,环境保护,森林,False,,,环境保护
《苏州市建筑施工噪声污染防治管理规定》第十九条第一款,环境保护,污染防治||施工,False,(匹配)环境保护||建设工程,,环境保护||建设工程
《福建省环境保护条例》第四十二条,环境保护,环境保护||环境,False,(匹配)环境保护,,环境保护
《福建省环境保护条例》第二十四条第二款,环境保护,环境保护||环境,False,(匹配)环境保护,,环境保护
《福建省环境保护条例》第二十四条第二款,环境保护,环境保护||环境,False,(匹配)环境保护,,环境保护
《聊城市大气污染防治条例》第八十四条,环境保护,大气污染防治||污染防治,False,(匹配)环境保护,,环境保护
《绍兴市市容和环境卫生管理规定》第二十三条,环境保护,市容和环境卫生||环境,False,(匹配)环境保护,,环境保护
《给排水设计说明》,环境保护,排水,False,,,环境保护
《浙江省生态环境行政处罚裁量基准规定》第十一条第(四)项,环境保护,环境||生态||生态环境,False,,,环境保护
《贵州省环境保护条例》第四十三条第二款,环境保护,环境保护||环境,False,(匹配)环境保护,,环境保护
《江苏省城市市容和环境卫生管理条例》第二十二条,环境保护,ai,False,(匹配)*市容环卫管理*,依据城市市容和环境卫生管理规定。,*市容环卫管理*
《杭州市环境噪声管理条例》第四十一条第一款第（六）项,环境保护,ai,False,,,环境保护
《西安市建筑垃圾管理条例》第六十条第一款,环境保护,建筑垃圾,False,(匹配)建设工程与房地产,,建设工程
《西安市建筑垃圾管理条例》第六十条第一款,环境保护,建筑垃圾,False,(匹配)建设工程与房地产,,建设工程
《西安市建筑垃圾管理条例》第六十条,环境保护,建筑垃圾,False,(匹配)建设工程与房地产,,建设工程
《西安市建筑垃圾管理条例》第六十一条,环境保护,建筑垃圾,False,(匹配)建设工程与房地产,,建设工程
《西安市建筑垃圾管理条例》第五十四条,环境保护,建筑垃圾,False,(匹配)建设工程与房地产,,建设工程
《西安市建筑垃圾管理条例》第五十三条第一款,环境保护,建筑垃圾,False,(匹配)建设工程与房地产,,建设工程
《西安市建筑垃圾管理条例》第六十条第三款,环境保护,建筑垃圾,False,(匹配)建设工程与房地产,,建设工程
《西安市建筑垃圾管理条例》第十九条第一项,环境保护,建筑垃圾,False,(匹配)建设工程与房地产,,建设工程
《温州市建筑施工噪声污染防治管理办法》第十七条,环境保护,污染防治||施工,False,(匹配)环境保护||建设工程,,环境保护||建设工程
《温州市建筑施工噪声污染防治管理办法》第八条第一款,环境保护,污染防治||施工,False,(匹配)环境保护||建设工程,,环境保护||建设工程
《温州市建筑施工噪声污染防治管理办法》第八条第一款,环境保护,污染防治||施工,False,(匹配)环境保护||建设工程,,环境保护||建设工程
《温州市市容和环境卫生管理条例》第五十条第一款,环境保护,市容和环境卫生||环境,False,(匹配)环境保护,,环境保护
《温州市市容和环境卫生管理条例》第五十条第一款,环境保护,市容和环境卫生||环境,False,(匹配)环境保护,,环境保护
《温州市市容和环境卫生管理条例》第五十一条,环境保护,市容和环境卫生||环境,False,(匹配)环境保护,,环境保护
《温州市市容和环境卫生管理条例》第二十三条第一款,环境保护,市容和环境卫生||环境,False,(匹配)环境保护,,环境保护
《焦作市大气污染防治条例》第三十八条,环境保护,大气污染防治||污染防治,False,(匹配)环境保护,,环境保护
《湖北省城市绿化实施办法》第二十条,环境保护,绿化,False,(匹配)环境保护,,环境保护
《深圳经济特区环境噪声污染防治条例》第七十七条第一款第（三）项,环境保护,环境||污染防治,False,(匹配)环境保护,,环境保护
《深圳经济特区环境噪声污染防治条例》第七十八条第一款第（三）项,环境保护,环境||污染防治,False,(匹配)环境保护,,环境保护
《深圳经济特区环境噪声污染防治条例》第七十八条第一款第（三）项,环境保护,环境||污染防治,False,(匹配)环境保护,,环境保护
《深圳经济特区环境噪声污染防治条例》第七十八条第一款第（三）项及第二款,环境保护,环境||污染防治,False,(匹配)环境保护,,环境保护
《深圳经济特区环境噪声污染防治条例》第七十八条第一款第（三）项,环境保护,环境||污染防治,False,(匹配)环境保护,,环境保护
《深圳经济特区环境噪声污染防治条例》第七十八条第一款第（四）项,环境保护,环境||污染防治,False,(匹配)环境保护,,环境保护
《深圳经济特区市容和环境卫生管理条例》第四十八条第四款,环境保护,市容和环境卫生||环境,False,(匹配)环境保护,,环境保护
《深圳经济特区环境噪声污染防治条例(2020年修正版)》第七十七条第一款第(三)项,环境保护,环境||污染防治,False,(匹配)环境保护,,环境保护
《海南省大气污染防治条例》第五十七条第二款,环境保护,大气污染防治||污染防治,False,(匹配)环境保护,,环境保护
《海南省环境保护条例》第六十六条第一项,环境保护,环境保护||环境,False,(匹配)环境保护,,环境保护
《福州市市容和环境卫生管理办法》第十条,环境保护,市容和环境卫生||环境,False,(匹配)环境保护,,环境保护
《海南省城乡容貌和环境卫生管理条例》第二十六条第一款,环境保护,环境,False,,,环境保护
《福建省大气污染防治条例》第七十二条第二项,环境保护,大气污染防治||污染防治,False,(匹配)环境保护,,环境保护
《福建省城市市容和环境卫生管理办法》第三十条,环境保护,市容和环境卫生||环境,False,(匹配)环境保护,,环境保护
《环境影响评价法》第三十一条,环境保护,环境||环境影响,False,,,环境保护
《燃煤发电机组环保电价及环保设施运行监管办法》第十五条,环境保护,环保,False,,,环境保护
《环境行政处罚办法》第二十二条,环境保护,环境,False,,,环境保护
《环境行政处罚办法》第二十二条,环境保护,环境,False,,,环境保护
《浙江省水污染防治条例》第五十八条第一款,环境保护,水污染||污染防治,False,(匹配)环境保护,,环境保护
《重庆市环境保护条例》第一百零四条,环境保护,环境保护||环境,False,(匹配)环境保护,,环境保护
《重庆市环境保护条例》第一百零一条,环境保护,环境保护||环境,False,(匹配)环境保护,,环境保护
《重庆市大气污染防治条例》第七十九条第六项,环境保护,大气污染防治||污染防治,False,(匹配)环境保护,,环境保护
《重庆市环境保护条例》第六十三条第一款、第二款和第六十五条第一款,环境保护,环境保护||环境,False,(匹配)环境保护,,环境保护
《北京市生活垃圾管理条例》第三十六条第一款第(五)项,环境保护,ai,True,(匹配)*生活垃圾分类管理*,根据条例属生活垃圾分类管理违法。,*生活垃圾分类管理*
《北京市生活垃圾管理条例》第三十六条第一款第(四)项,环境保护,ai,True,(匹配)环境保护,生活垃圾管理本质属环境保护范畴。,环境保护
《北京市生活垃圾管理条例》第六十九条第二款,环境保护,ai,True,(匹配)环境保护,生活垃圾管理条例属环境保护领域。,环境保护
《浙江省城市市容和环境卫生管理条例》第二十九条第四款,环境保护,市容和环境卫生||环境,False,(匹配)环境保护,,环境保护
《浙江省城市绿化管理办法》第三十一条,环境保护,绿化,False,(匹配)环境保护,,环境保护
《东莞市环境保护局行政处罚自由裁量标准》第二章,环境保护,环境保护||环境||污染物,False,(匹配)环境保护,,环境保护
《东莞市环境保护局行政处罚自由裁量标准》第二章,环境保护,环境保护||环境||污染防治,False,(匹配)环境保护,,环境保护
《东莞市环境保护局行政处罚自由裁量标准》第二章,环境保护,环境保护||环境||污染防治,False,(匹配)环境保护,,环境保护
《东莞市环境保护局行政处罚自由裁量标准》第二章,环境保护,环境保护||环境||污染防治,False,(匹配)环境保护,,环境保护
《东莞市环境保护局行政处罚自由裁量标准》第二章,环境保护,环境保护||环境,False,(匹配)环境保护,,环境保护
《东莞市环境保护局行政处罚自由裁量标准》第二章,环境保护,环境保护||环境||污染物||污染防治,False,(匹配)环境保护,,环境保护
《东莞市环境保护局行政处罚自由裁量标准》第二章,环境保护,环境保护||环境||污染防治,False,(匹配)环境保护,,环境保护
《东莞市环境保护局行政处罚自由裁量标准》第二章,环境保护,环境保护||环境,False,(匹配)环境保护,,环境保护
《东莞市环境保护局行政处罚自由裁量标准》第二章,环境保护,环境保护||环境,False,(匹配)环境保护,,环境保护
《浙江省固体废物污染环境防治条例》第三十六条第一款,环境保护,环境||污染防治,False,(匹配)环境保护,,环境保护
《浙江省城市市容和环境卫生管理条例》第三十条第一款,环境保护,市容和环境卫生||环境,False,(匹配)环境保护,,环境保护
《东莞市环境保护局行政处罚自由裁量标准》第二章,环境保护,环境保护||环境,False,(匹配)环境保护,,环境保护
《浙江省城市市容和环境卫生管理条例》第三十条第一款,环境保护,市容和环境卫生||环境,False,(匹配)环境保护,,环境保护
《浙江省城市市容和环境卫生管理条例》第三十一条第一款,环境保护,市容和环境卫生||环境,False,(匹配)环境保护,,环境保护
《浙江省固体废物污染环境防治条例》第六十三条第一款,环境保护,环境||污染防治,False,(匹配)环境保护,,环境保护
《浙江省固体废物污染环境防治条例》第五十六条“违反本条例第三十条,环境保护,环境||污染防治,False,(匹配)环境保护,,环境保护
《浙江省固体废物污染环境防治条例》第五十六条,环境保护,环境||污染防治,False,(匹配)环境保护,,环境保护
《餐饮业大气污染物排放标准》,环境保护,污染物,False,(匹配)环境保护,,环境保护
《中华人民共和国噪声污染防治法》第七十七条第一款第二项,环境保护,污染防治,False,(匹配)环境保护,,环境保护
《上海市环境保护条例》第七十二条第二款,环境保护,环境保护||环境,False,(匹配)环境保护,,环境保护
《上海市排水管理条例》第四十一条,环境保护,排水,False,,,环境保护
《上海市市容环境卫生管理条例》第四十四条第三款,环境保护,环境,False,(匹配)环境保护,,环境保护
《上海市市容环境卫生管理条例》第四十四条第一款,环境保护,环境,False,(匹配)环境保护,,环境保护
《上海市市容环境卫生管理条例》第二十七条第一款,环境保护,环境,False,(匹配)环境保护,,环境保护
《中华人民共和国大气污染防治法》第一百零八条第一项,环境保护,大气污染防治||污染防治,False,(匹配)环境保护,,环境保护
《上海市市容环境卫生管理条例》第三十三条第四款,环境保护,环境,False,(匹配)环境保护,,环境保护
《浙江省大气污染防治条例》第三十二条第二款,环境保护,大气污染防治||污染防治,False,(匹配)环境保护,,环境保护
《浙江省水污染防治条例》第三十七条,环境保护,水污染||污染防治,False,(匹配)环境保护,,环境保护
《中华人民共和国大气污染防治法》第九十九条第二项,环境保护,大气污染防治||污染防治,False,(匹配)环境保护,,环境保护
《中华人民共和国水污染防治法》第八十三条第(二)项,环境保护,水污染||污染防治,False,(匹配)环境保护,,环境保护
《中华人民共和国环境影响评价法》第三十一条,环境保护,环境||环境影响,False,,,环境保护
《中华人民共和国水污染防治法》第八十三条第二项,环境保护,水污染||污染防治,False,(匹配)环境保护,,环境保护
《上海市生活垃圾管理条例》第五十八条第一款,环境保护,ai,True,(匹配)环境保护,生活垃圾管理条例，属环境保护范畴。,环境保护
《中华人民共和国水土保持法》第五十四条,环境保护,ai,True,(匹配)环境保护,水土保持法属生态环境保护范畴。,环境保护
《北京市生活垃圾管理条例》第七十条第二款,环境保护,ai,True,(匹配)环境保护,《生活垃圾管理条例》属城市环保管理。,环境保护
《北京市生活垃圾管理条例》第六十九条第一款,环境保护,ai,True,(匹配)环境保护,《生活垃圾管理条例》属环境管理范畴。,环境保护
《北京市生活垃圾管理条例》第六十八条第一款,环境保护,ai,True,(匹配)*生活垃圾分类管理*,依据生活垃圾管理条例条款。,*生活垃圾分类管理*
《西安市生活垃圾分类管理条例》第六十七条第六项,环境保护,ai,True,(匹配)环境保护,生活垃圾分类管理条款，本质环保管理。,环境保护
《中华人民共和国水土保持法》第五十四条,环境保护,ai,True,(匹配)环境保护,水土保持法属生态环境保护范畴。,环境保护
《北京市生活垃圾管理条例》第六十九条第一款,环境保护,ai,True,(匹配)环境保护,生活垃圾管理属城市环境管理事项。,环境保护
《西安市生活垃圾分类管理条例》第二十四条第七项,环境保护,ai,True,(匹配)环境保护,垃圾分类管理条例，本质属环保管理。,环境保护
《浙江省生活垃圾管理条例》第四十六条,环境保护,ai,True,(匹配)环境保护,生活垃圾管理属环境保护范畴。,环境保护
《浙江省生活垃圾管理条例》第四十六条,环境保护,ai,True,(匹配)环境保护,《生活垃圾管理条例》属环境管理规范。,环境保护
《浙江省生活垃圾管理条例》第四十六条,环境保护,ai,True,(匹配)环境保护,生活垃圾管理违法行为属环境管理。,环境保护
《浙江省生活垃圾管理条例》第四十六条,环境保护,ai,True,(匹配)环境保护,《生活垃圾管理条例》属环保领域。,环境保护
《浙江省生活垃圾管理条例》第四十六条,环境保护,ai,True,(匹配)环境保护,《生活垃圾管理条例》属环保领域。,环境保护
《浙江省餐厨垃圾管理办法》第二十六条第一款,环境保护,ai,True,(匹配)环境保护,餐厨垃圾管理属环境保护领域。,环境保护
《海宁市综合行政执法局行政处罚自由裁量基准(市容环卫)》第48条,环境保护,ai,True,(匹配)*市容环卫管理*,依据市容环卫自由裁量基准第48条。,*市容环卫管理*
《浙江省环境污染监督管理办法》第三十三条,环境保护,环境,False,(匹配)环境保护,,环境保护
《浙江省环境污染监督管理办法》第三十四条第一款,环境保护,环境,False,(匹配)环境保护,,环境保护
《浙江省环境污染监督管理办法》第五十一条“排污单位违反本办法第三十三条,环境保护,环境||环境违法||排污,False,(匹配)环境保护,,环境保护
《浙江省环境污染监督管理办法》第四十九条,环境保护,环境,False,(匹配)环境保护,,环境保护
《中华人民共和国大气污染防治法》第一百一十五条,环境保护,ai,False,(匹配)环境保护,,环境保护
《中华人民共和国大气污染防治法》第一百一十五条,环境保护,ai,False,(匹配)环境保护,,环境保护
《中华人民共和国大气污染防治法》第一百零八条,环境保护,ai,False,(匹配)环境保护,,环境保护
《中华人民共和国大气污染防治法》第四十五条,环境保护,ai,False,(匹配)环境保护,,环境保护
《深圳经济特区环境噪声污染防治条例》第二十八条第一款,环境保护,环境||污染防治,False,(匹配)环境保护,,环境保护
《中华人民共和国水污染防治法》第八十三条,环境保护,ai,False,(匹配)环境保护,,环境保护
《中华人民共和国水污染防治法》第六十条第一款,环境保护,ai,False,(匹配)环境保护,,环境保护
《辽宁省环境保护条例》第五十六条第二款,环境保护,环境保护||环境,False,(匹配)环境保护,,环境保护
《辽宁省环境保护条例》第五十六条第二款,环境保护,环境保护||环境,False,(匹配)环境保护,,环境保护
《中华人民共和国水污染防治法》第十条,环境保护,ai,False,(匹配)环境保护,,环境保护
《浙江省生活垃圾管理条例》第四十五条:“违反本条例第二十七条,环境保护,ai,True,(匹配)环境保护,生活垃圾管理条例，属环境保护范畴。,环境保护
《浙江省生活垃圾管理条例》第二十七条,环境保护,ai,True,(匹配)环境保护,生活垃圾管理条例本质属环境保护。,环境保护
《嘉兴市生活垃圾分类管理条例》第十一条第一款第（三）项,环境保护,ai,True,(匹配)环境保护,生活垃圾分类管理本质属环境保护。,环境保护
《城市生活垃圾管理办法》第四十二条,环境保护,ai,True,(匹配)环境保护,涉及城市生活垃圾管理属环保领域。,环境保护
《嘉兴市生活垃圾分类管理条例》第二十六条,环境保护,ai,True,(匹配)环境保护,生活垃圾分类管理本质属环保领域。,环境保护
《南京市市容管理条例》第三十八条第一款第(四)项,环境保护,ai,True,(匹配)*市容环境管理*,依据市容管理条例，属市容环境。,*市容环境管理*
《南京市市容管理条例》第二十五条第三款,环境保护,ai,True,(匹配)*市容环境管理*,依据《市容管理条例》属城市市容类管理。,*市容环境管理*
《浙江省城镇生活垃圾分类管理办法》第二十七条,环境保护,ai,True,(匹配)环境保护,生活垃圾分类管理，属环保领域。,环境保护
《浙江省城镇生活垃圾分类管理办法》第二十六条,环境保护,ai,True,(匹配)环境保护,生活垃圾分类管理本质属环境保护。,环境保护
《浙江省城镇生活垃圾分类管理办法》第十五条,环境保护,ai,True,(匹配)*生活垃圾分类管理*,依据生活垃圾分类管理办法条款。,*生活垃圾分类管理*
《浙江省生活垃圾管理条例》第三十一条第一款,环境保护,ai,True,(匹配)环境保护,生活垃圾分类管理，属环保领域。,环境保护
《杭州市生活垃圾管理条例》第六十六条,环境保护,ai,True,(匹配)环境保护,生活垃圾管理违法，属环境保护。,环境保护
《杭州市生活垃圾管理条例》第六十六条,环境保护,ai,True,(匹配)环境保护,生活垃圾管理条例属于环境保护范畴。,环境保护
《杭州市生活垃圾管理条例》第六十六条,环境保护,ai,True,(匹配)环境保护,生活垃圾管理条例，属环保领域。,环境保护
《杭州市生活垃圾管理条例》第六十六条,环境保护,ai,True,(匹配)*生活垃圾管理*,依据杭州市生活垃圾管理条例相关规定。,*生活垃圾管理*
《杭州市生活垃圾管理条例》第六十六条,环境保护,ai,True,(匹配)环境保护,生活垃圾管理条例属环境保护领域。,环境保护
《杭州市生活垃圾管理条例》第六十六条的规定,环境保护,ai,True,(匹配)*生活垃圾分类管理*,依据地方生活垃圾管理条例规定。,*生活垃圾分类管理*
《杭州市生活垃圾管理条例》第六十六条的规定,环境保护,ai,True,(匹配)环境保护,生活垃圾管理条例实质属环境管理。,环境保护
《宁波市环境污染防治规定》第十条第一款的规定,环境保护,环境||污染防治,False,(匹配)环境保护,,环境保护
《宁波市环境污染防治规定》第十条第一款,环境保护,环境||环境影响||污染防治||建设项目||环评文件,False,(匹配)环境保护||建设工程,,环境保护||建设工程
《宁波市环境污染防治规定》第十条第一款,环境保护,环境||污染防治,False,(匹配)环境保护,,环境保护
《宁波市环境污染防治规定》第十条第一款,环境保护,环境||环境影响||污染防治||建设项目||环评文件,False,(匹配)环境保护||建设工程,,环境保护||建设工程
《宁波市环境污染防治规定》第十条第一款,环境保护,环境||污染防治,False,(匹配)环境保护,,环境保护
《安徽省城市市容和环境卫生管理条例》第十八条第六项,环境保护,市容和环境卫生||环境,False,(匹配)环境保护,,环境保护
《安徽省大气污染防治条例》第六十一条、第六十三条第（三）项,环境保护,大气污染防治||污染防治,False,(匹配)环境保护,,环境保护
《安徽省大气污染防治条例》第八十五条,环境保护,大气污染防治||污染防治,False,(匹配)环境保护,,环境保护
《安徽省大气污染防治条例》第八十九条,环境保护,大气污染防治||污染防治,False,(匹配)环境保护,,环境保护
《安徽省大气污染防治条例》第八十九条,环境保护,大气污染防治||污染防治,False,(匹配)环境保护,,环境保护
《安徽省大气污染防治条例》,环境保护,大气污染防治||污染防治,False,(匹配)环境保护,,环境保护
《宁波市环境污染防治规定》第三十二条第一款,环境保护,环境||污染防治,False,(匹配)环境保护,,环境保护
《宁波市环境污染防治规定》第九条第四款,环境保护,环境||环境影响||污染防治||环评文件,False,(匹配)环境保护,,环境保护
《宁波市环境污染防治规定》第九条第四款,环境保护,环境||污染防治,False,(匹配)环境保护,,环境保护
《宁波市环境污染防治规定》第二十二条第一款,环境保护,环境||污染防治,False,(匹配)环境保护,,环境保护
《宁波市环境污染防治规定》第三十条第(一)项,环境保护,环境||污染防治,False,(匹配)环境保护,,环境保护
《宁波市环境污染防治规定》第三十条第(一)项,环境保护,环境||污染防治,False,(匹配)环境保护,,环境保护
《宁波市环境污染防治规定》第三十四条第一款,环境保护,环境||污染防治,False,(匹配)环境保护,,环境保护
《安徽省大气污染防治条例》第六十二条第款第一项,环境保护,大气污染防治||污染防治,False,(匹配)环境保护,,环境保护
《安徽省环境保护条例》第五十条第一款第(一)项,环境保护,环境保护||环境,False,(匹配)环境保护,,环境保护
《安徽省大气污染防治条例》第六十二条,环境保护,大气污染防治||污染防治,False,(匹配)环境保护,,环境保护
《宁波市建筑垃圾管理办法》第五十一条第一款,环境保护,建筑垃圾,False,(匹配)建设工程与房地产,,建设工程
《城镇污水排入排水管网许可管理办法》第十二条,环境保护,污水||排水,False,,,环境保护
《城镇污水排入排水管网许可管理办法》第二十六条,环境保护,污水||排水,False,,,环境保护
《城镇排水与污水处理条例》第五十条第二款,环境保护,污水||排水||污水处理,False,,,环境保护
《城镇排水与污水处理条例》第五十条第二款,环境保护,污水||排水||污水处理,False,,,环境保护
《城镇排水与污水处理条例》第五十条第二款的规定,环境保护,污水||排水||污水处理,False,,,环境保护
《城镇排水与污水处理条例》第五十条第二款的规定,环境保护,污水||排水||污水处理,False,,,环境保护
《城镇排水与污水处理条例》第五十条第二款,环境保护,污水||排水||污水处理,False,,,环境保护
《城镇排水与污水处理条例》第五十条第二款,环境保护,污水||排水||污水处理,False,,,环境保护
《城镇排水与污水处理条例》第五十条第二款,环境保护,污水||排水||污水处理,False,,,环境保护
《城镇排水与污水处理条例》第五十条第二款,环境保护,污水||排水||污水处理,False,,,环境保护
《城镇排水与污水处理条例》第四十九条,环境保护,污水||排水||污水处理,False,,,环境保护
《城镇排水与污水处理条例》第四十九条,环境保护,污水||排水||污水处理,False,,,环境保护
《城镇污水排入排水管网许可管理办法》第二十七条,环境保护,污水||排水,False,,,环境保护
《城镇污水排入排水管网许可管理办法》第二十六条,环境保护,污水||排水,False,,,环境保护
《城镇排水与污水处理条例》第四十二条第（二）项,环境保护,污水||排水||污水处理,False,,,环境保护
《宁波市大气污染防治条例》第五十三条第（三）项,环境保护,大气污染防治||污染防治,False,(匹配)环境保护,,环境保护
《大气污染防治法》第一百一十五条,环境保护,大气污染防治||污染防治,False,(匹配)环境保护,,环境保护
《城镇排水与污水处理条例》第五十条第一款,环境保护,污水||排水||污水处理,False,,,环境保护
《山东省城镇容貌和环境卫生管理办法》第二十六条,环境保护,环境,False,,,环境保护
《广东省珠江三角洲大气污染防治办法》第二十条第一款,环境保护,大气污染防治||污染防治,False,(匹配)环境保护,,环境保护
《广东省环境保护条例》第四十条第二款,环境保护,环境保护||环境,False,(匹配)环境保护,,环境保护
《广东省实施〈中华人民共和国环境噪声污染防治法〉办法》第十九条第一款,环境保护,环境||污染防治,False,(匹配)环境保护,,环境保护
《广东省实施〈中华人民共和国环境噪声污染防治法〉办法》第十九条,环境保护,环境||污染防治,False,(匹配)环境保护,,环境保护
《中华人民共和国大气污染防治法》第一百一十七条第(一)项,环境保护,大气污染防治||污染防治,False,(匹配)环境保护,,环境保护
《中华人民共和国大气污染防治法》第一百一十七条,环境保护,大气污染防治||污染防治,False,(匹配)环境保护,,环境保护
《中华人民共和国大气污染防治法》第一百一十七条,环境保护,大气污染防治||污染防治,False,(匹配)环境保护,,环境保护
《中华人民共和国大气污染防治法》第一百一十七条,环境保护,大气污染防治||污染防治,False,(匹配)环境保护,,环境保护
《中华人民共和国大气污染防治法》第一百一十七条第一款第一项,环境保护,大气污染防治||污染防治,False,(匹配)环境保护,,环境保护
《中华人民共和国大气污染防治法》第一百一十七条第二款,环境保护,大气污染防治||污染防治,False,(匹配)环境保护,,环境保护
《中华人民共和国大气污染防治法》第一百一十七条第一项,环境保护,大气污染防治||污染防治,False,(匹配)环境保护,,环境保护
《中华人民共和国大气污染防治法》第108条第1项,环境保护,大气污染防治||污染防治,False,(匹配)环境保护,,环境保护
《中华人民共和国大气污染防治法》,环境保护,大气污染防治||污染防治,False,(匹配)环境保护,,环境保护
《山东省扬尘污染防治管理办法》第十一条第一款,环境保护,污染防治||扬尘,False,(匹配)环境保护,,环境保护
《山东省环境噪声污染防治条例》第三十七条,环境保护,环境||污染防治,False,(匹配)环境保护,,环境保护
《山东省环境噪声污染防治条例》第三十七条,环境保护,环境||污染防治,False,(匹配)环境保护,,环境保护
《山东省环境噪声污染防治条例》第二十三条,环境保护,环境||污染防治,False,(匹配)环境保护,,环境保护
《山东省环境噪声污染防治条例》第二十三条第一款,环境保护,环境||污染防治,False,(匹配)环境保护,,环境保护
《山东省大气污染防治条例》第七十五条,环境保护,大气污染防治||污染防治,False,(匹配)环境保护,,环境保护
《山东省大气污染防治条例》第七十五条,环境保护,大气污染防治||污染防治,False,(匹配)环境保护,,环境保护
《山东省大气污染防治条例》第七十二条第一款第一项,环境保护,大气污染防治||污染防治,False,(匹配)环境保护,,环境保护
《山东省城镇容貌和环境卫生管理办法》第五十一条,环境保护,环境,False,,,环境保护
《山东省城镇容貌和环境卫生管理办法》第二十条,环境保护,环境,False,,,环境保护
《兰州市环境噪声污染防治办法》第二十四条第（四）项,环境保护,环境||污染防治,False,(匹配)环境保护,,环境保护
《城镇排水与污水处理条例》第五十条第一款,环境保护,污水||排水||污水处理,False,,,环境保护
《城镇排水与污水处理条例》第五十条第一款,环境保护,污水||排水||污水处理,False,,,环境保护
《北京市市容环境卫生条例》第六十四条第二款,环境保护,环境,False,(匹配)环境保护,,环境保护
《北京市市容环境卫生条例》第六十四条第四款,环境保护,环境,False,(匹配)环境保护,,环境保护
《北京市市容环境卫生条例》第三十五条第五款,环境保护,环境,False,(匹配)环境保护,,环境保护
《北京市市容环境卫生条例》第五十九条第四款,环境保护,环境,False,(匹配)环境保护,,环境保护
《北京市排水和再生水管理办法》第三十八条第(一)项,环境保护,排水,False,,,环境保护
《合肥市市容和环境卫生管理条例》第二十三条第三款的规定依据该条例第五十二条第(四)项,环境保护,市容和环境卫生||环境,False,(匹配)环境保护,,环境保护
《北京市建筑垃圾处置管理规定》第四十三条,环境保护,建筑垃圾,False,(匹配)建设工程与房地产,,建设工程
《北京市建筑垃圾处置管理规定》第四十条第二款,环境保护,建筑垃圾,False,(匹配)建设工程与房地产,,建设工程
《北京市大气污染防治条例》第一百一十六条的规定,环境保护,大气污染防治||污染防治,False,(匹配)环境保护,,环境保护
《北京市大气污染防治条例》第一百零九条,环境保护,大气污染防治||污染防治,False,(匹配)环境保护,,环境保护
《中华人民共和国噪声污染防治法》第四十三条,环境保护,污染防治,False,(匹配)环境保护,,环境保护
《北京市大气污染防治条例》第七十四条第二款,环境保护,大气污染防治||污染防治,False,(匹配)环境保护,,环境保护
《北京市大气污染防治条例》第六十一条,环境保护,大气污染防治||污染防治,False,(匹配)环境保护,,环境保护
《北京市大气污染防治条例》第六十条,环境保护,大气污染防治||污染防治,False,(匹配)环境保护,,环境保护
《北京市大气污染防治条例》第六十条,环境保护,大气污染防治||污染防治,False,(匹配)环境保护,,环境保护
《北京市大气污染防治条例》第九十七条,环境保护,大气污染防治||污染防治,False,(匹配)环境保护,,环境保护
《北京市大气污染防治条例》第五十六条第一款,环境保护,大气污染防治||污染防治,False,(匹配)环境保护,,环境保护
《北京市大气污染防治条例》第九十四条,环境保护,大气污染防治||污染防治,False,(匹配)环境保护,,环境保护
《中华人民共和国噪声污染防治法》第三十条第一款,环境保护,污染防治,False,(匹配)环境保护,,环境保护
《中华人民共和国噪声污染防治法》第七十七条第一款第二项,环境保护,污染防治,False,(匹配)环境保护,,环境保护
《中华人民共和国噪声污染防治法》第七十七条,环境保护,污染防治,False,(匹配)环境保护,,环境保护
《取水许可和水资源费征收管理条例》第四十九条,环境保护,取水许可,False,,,水资源
《取水许可和水资源费征收管理条例》第四十八条,环境保护,取水许可,False,,,水资源
《北京市排水和再生水管理办法》第十六条条第二款,环境保护,排水,False,,,环境保护
《北京市排水和再生水管理办法》第十六条第二款,环境保护,排水,False,,,环境保护
《中华人民共和国噪声污染防治法》第五十六条,环境保护,污染防治,False,(匹配)环境保护,,环境保护
《北京市水污染防治条例(2018版)》第83条第1款第10项,环境保护,水污染||污染防治,False,(匹配)环境保护,,环境保护
《城镇排水与污水处理条例》第五十条第一款,环境保护,污水||排水||污水处理,False,,,环境保护
《中华人民共和国固体废物污染环境防治法》第六十八条第二项,环境保护,环境||污染防治,False,(匹配)环境保护,,环境保护
《中华人民共和国固体废物污染环境防治法》第六十八条第七项,环境保护,环境||污染防治,False,(匹配)环境保护,,环境保护
《中华人民共和国固体废物污染环境防治法》第二十条第一款,环境保护,环境||污染防治,False,(匹配)环境保护,,环境保护
《中华人民共和国固体废物污染环境防治法》第三十六条第一款,环境保护,环境||污染防治,False,(匹配)环境保护,,环境保护
《中华人民共和国固体废物污染环境防治法》第三十六条第一款,环境保护,环境||污染防治,False,(匹配)环境保护,,环境保护
《中华人民共和国固体废物污染环境防治法》第五十七条第三款,环境保护,环境||污染防治,False,(匹配)环境保护,,环境保护
《加油站大气污染物排放标准》,环境保护,污染物,False,(匹配)环境保护,,环境保护
《中华人民共和国固体废物污染环境防治法》第八十一条第二款,环境保护,环境||污染防治,False,(匹配)环境保护,,环境保护
《城镇排水与污水处理条例》第二十一条第一款,环境保护,污水||排水||污水处理,False,,,环境保护
《城镇排水与污水处理条例》第五十条,环境保护,污水||排水||污水处理,False,,,环境保护
《城镇排水与污水处理条例》第五十六条,环境保护,污水||排水||污水处理,False,,,环境保护
《城镇排水与污水处理条例》第五十六条,环境保护,污水||排水||污水处理,False,,,环境保护
《城镇排水与污水处理条例》第二十条第二款,环境保护,污水||排水||污水处理,False,,,环境保护
《城镇排水与污水处理条例》第二十一条第二款,环境保护,污水||排水||污水处理,False,,,环境保护
《城镇排水与污水处理条例》第二十一条第二款,环境保护,污水||排水||污水处理,False,,,环境保护
《城镇排水与污水处理条例》第二十一条第二款,环境保护,污水||排水||污水处理,False,,,环境保护
《中华人民共和国固体废物污染环境防治法》第四十条第一款,环境保护,环境||污染防治,False,(匹配)环境保护,,环境保护
《中华人民共和国固体废物污染环境防治法》第十七条,环境保护,环境||污染防治,False,(匹配)环境保护,,环境保护
《中华人民共和国固体废物污染环境防治法》第十七条,环境保护,环境||污染防治,False,(匹配)环境保护,,环境保护
《城市市容和环境卫生管理条例》第九条,环境保护,市容和环境卫生||环境,False,(匹配)环境保护,,环境保护
《城市市容和环境卫生管理条例》第十五条,环境保护,市容和环境卫生||环境,False,(匹配)环境保护,,环境保护
《城市市容和环境卫生管理条例》第三十六条第(一)项,环境保护,市容和环境卫生||环境,False,(匹配)环境保护,,环境保护
《中华人民共和国固体废物污染环境防治法》第一百零二条,环境保护,环境||污染防治,False,(匹配)环境保护,,环境保护
《中华人民共和国固体废物污染环境防治法》第一百一十二条第一款第六项,环境保护,环境||污染防治,False,(匹配)环境保护,,环境保护
《中华人民共和国固体废物污染环境防治法》第七十五条第一项,环境保护,环境||污染防治,False,(匹配)环境保护,,环境保护
《中华人民共和国固体废物污染环境防治法》第七十五条第一项,环境保护,环境||污染防治||环境违法,False,(匹配)环境保护,,环境保护
《中华人民共和国固体废物污染环境防治法》第三十三条第一款,环境保护,环境||污染防治,False,(匹配)环境保护,,环境保护
《中华人民共和国固体废物污染环境防治法》第三十三条,环境保护,环境||污染防治,False,(匹配)环境保护,,环境保护
《中华人民共和国固体废物污染环境防治法》第三十三条,环境保护,环境||污染防治,False,(匹配)环境保护,,环境保护
《中华人民共和国固体废物污染环境防治法》第七十七条,环境保护,环境||污染防治,False,(匹配)环境保护,,环境保护
《中华人民共和国固体废物污染环境防治法》第一百零二条,环境保护,环境||污染防治,False,(匹配)环境保护,,环境保护
《中华人民共和国固体废物污染环境防治法》第七十五条第一款第(十一)项,环境保护,环境||污染防治,False,(匹配)环境保护,,环境保护
《中华人民共和国固体废物污染环境防治法》第七十五条第一款,环境保护,环境||污染防治,False,(匹配)环境保护,,环境保护
《中华人民共和国固体废物污染环境防治法》第七十五条,环境保护,环境||污染防治,False,(匹配)环境保护,,环境保护
《中华人民共和国大气污染防治法》第一百一十七条,环境保护,大气污染防治||污染防治,False,(匹配)环境保护,,环境保护
《中华人民共和国水污染防治法》第十条的规定,环境保护,水污染||污染防治,False,(匹配)环境保护,,环境保护
《中华人民共和国水污染防治法》第十条,环境保护,水污染||污染防治,False,(匹配)环境保护,,环境保护
《中华人民共和国水污染防治法》第十条,环境保护,水污染||污染防治,False,(匹配)环境保护,,环境保护
《中华人民共和国水污染防治法》第十条,环境保护,水污染||污染防治,False,(匹配)环境保护,,环境保护
《中华人民共和国水污染防治法》第六十条第一款,环境保护,水污染||污染防治,False,(匹配)环境保护,,环境保护
《中华人民共和国水污染防治法》第六十条第二款,环境保护,水污染||污染防治,False,(匹配)环境保护,,环境保护
《中华人民共和国水污染防治法》第十七条第三款,环境保护,水污染||污染防治,False,(匹配)环境保护,,环境保护
《中华人民共和国水污染防治法》第十条,环境保护,水污染||污染防治,False,(匹配)环境保护,,环境保护
《中华人民共和国环境保护法》第二十五条,环境保护,环境保护||环境,False,(匹配)环境保护,,环境保护
《中华人民共和国环境保护法》第五十九条第一款,环境保护,环境保护||环境,False,(匹配)环境保护,,环境保护
《中华人民共和国环境保护法》第六十一条,环境保护,环境保护||环境,False,(匹配)环境保护,,环境保护
《中华人民共和国环境保护法》第六十一条,环境保护,环境保护||环境,False,(匹配)环境保护,,环境保护
《中华人民共和国环境保护法》第六十一条,环境保护,环境保护||环境,False,(匹配)环境保护,,环境保护
《中华人民共和国环境保护法》第六十一条,环境保护,环境保护||环境,False,(匹配)环境保护,,环境保护
《中华人民共和国环境保护法》第五十九条第一款,环境保护,环境保护||环境,False,(匹配)环境保护,,环境保护
《中华人民共和国大气污染防治法》第四十五条的规定,环境保护,大气污染防治||污染防治,False,(匹配)环境保护,,环境保护
《中华人民共和国大气污染防治法》第四十五条,环境保护,大气污染防治||污染防治,False,(匹配)环境保护,,环境保护
《中华人民共和国水污染防治法》第八十四条第二款,环境保护,水污染||污染防治,False,(匹配)环境保护,,环境保护
《中华人民共和国水污染防治法》第八十三条第(三)项,环境保护,水污染||污染防治,False,(匹配)环境保护,,环境保护
《中华人民共和国水污染防治法》第八十三条第(三)项,环境保护,水污染||污染防治,False,(匹配)环境保护,,环境保护
《中华人民共和国水污染防治法》第八十三条第(三)项之规定,环境保护,水污染||污染防治,False,(匹配)环境保护,,环境保护
《中华人民共和国水污染防治法》第八十三条第(二)项,环境保护,水污染||污染防治,False,(匹配)环境保护,,环境保护
《中华人民共和国水污染防治法》第八十三条第一款第二项,环境保护,水污染||污染防治,False,(匹配)环境保护,,环境保护
《中华人民共和国水污染防治法》第八十三条第(二)项,环境保护,水污染||污染防治,False,(匹配)环境保护,,环境保护
《中华人民共和国水污染防治法》第八十三条第三项,环境保护,水污染||污染防治,False,(匹配)环境保护,,环境保护
《中华人民共和国水污染防治法》第八十三条,环境保护,水污染||污染防治,False,(匹配)环境保护,,环境保护
《中华人民共和国水污染防治法》第二十二条第二款,环境保护,水污染||污染防治,False,(匹配)环境保护,,环境保护
《中华人民共和国水污染防治法》第八十三条,环境保护,水污染||污染防治,False,(匹配)环境保护,,环境保护
《中华人民共和国水污染防治法》第八十三条第三项,环境保护,水污染||污染防治,False,(匹配)环境保护,,环境保护
《中华人民共和国水污染防治法》第八十四条第二款,环境保护,水污染||污染防治,False,(匹配)环境保护,,环境保护
《中华人民共和国水污染防治法》第八十五条第七款,环境保护,水污染||污染防治,False,(匹配)环境保护,,环境保护
《中华人民共和国水污染防治法》第八十二条第二款,环境保护,水污染||污染防治,False,(匹配)环境保护,,环境保护
《中华人民共和国水污染防治法》第八十二条第二款,环境保护,水污染||污染防治,False,(匹配)环境保护,,环境保护
《中华人民共和国水污染防治法》第八十三条第三项的规定,环境保护,水污染||污染防治,False,(匹配)环境保护,,环境保护
《中华人民共和国水污染防治法》第八十三条第二项,环境保护,水污染||污染防治,False,(匹配)环境保护,,环境保护
《中华人民共和国水污染防治法》第八十三条第二项,环境保护,水污染||污染防治,False,(匹配)环境保护,,环境保护
《中华人民共和国水污染防治法》第八十三条第二项,环境保护,水污染||污染防治,False,(匹配)环境保护,,环境保护
《中华人民共和国水污染防治法》第八十九条第二款,环境保护,水污染||污染防治,False,(匹配)环境保护,,环境保护
《中华人民共和国水污染防治法》第八十九条第二款,环境保护,水污染||污染防治,False,(匹配)环境保护,,环境保护
《中华人民共和国环境保护法》第六十一条,环境保护,环境保护||环境,False,(匹配)环境保护,,环境保护
《中华人民共和国水污染防治法》第二十三条第一款,环境保护,水污染||污染防治,False,(匹配)环境保护,,环境保护
《中华人民共和国环境噪声污染防治法》第五十六条,环境保护,环境||污染防治,False,(匹配)环境保护,,环境保护
《中华人民共和国环境噪声污染防治法》第五十六条,环境保护,环境||污染防治,False,(匹配)环境保护,,环境保护
《中华人民共和国环境噪声污染防治法》第五十六条,环境保护,环境||污染防治,False,(匹配)环境保护,,环境保护
《中华人民共和国环境噪声污染防治法》第五十六条,环境保护,环境||污染防治,False,(匹配)环境保护,,环境保护
《中华人民共和国环境噪声污染防治法》第五十六条,环境保护,环境||污染防治,False,(匹配)环境保护,,环境保护
《中华人民共和国环境噪声污染防治法》第五十六条,环境保护,环境||污染防治,False,(匹配)环境保护,,环境保护
《中华人民共和国环境噪声污染防治法》第三十条,环境保护,环境||污染防治,False,(匹配)环境保护,,环境保护
《中华人民共和国环境噪声污染防治法》第三十条第一款,环境保护,环境||污染防治,False,(匹配)环境保护,,环境保护
《中华人民共和国环境噪声污染防治法》第三十条第一款,环境保护,环境||污染防治,False,(匹配)环境保护,,环境保护
《中华人民共和国环境噪声污染防治法》第三十条第一款,环境保护,环境||污染防治,False,(匹配)环境保护,,环境保护
《中华人民共和国环境噪声污染防治法》第三十条第一款,环境保护,环境||污染防治,False,(匹配)环境保护,,环境保护
《中华人民共和国环境噪声污染防治法》第三十条第一款,环境保护,环境||污染防治,False,(匹配)环境保护,,环境保护
《中华人民共和国环境噪声污染防治法》第五十六条（建筑施工单位违反本法第三十条第一款,环境保护,环境||污染防治||环境违法||施工,False,(匹配)环境保护||建设工程,,环境保护||建设工程
《中华人民共和国环境影响评价法》第三十一条,环境保护,环境||环境影响,False,,,环境保护
《中华人民共和国环境影响评价法》第三十一条,环境保护,环境||环境影响,False,,,环境保护
《中华人民共和国环境影响评价法》第三十一条,环境保护,环境||环境影响,False,,,环境保护
《中华人民共和国环境影响评价法》第三十一条,环境保护,环境||环境影响,False,,,环境保护
《中华人民共和国环境影响评价法》第三十一条,环境保护,环境||环境影响,False,,,环境保护
《中华人民共和国环境影响评价法》第三十一条第一款,环境保护,环境||环境影响,False,,,环境保护
《中华人民共和国环境影响评价法》第三十一条第一款,环境保护,环境||环境影响,False,,,环境保护
《中华人民共和国环境影响评价法》第三十一条第一款、第二款,环境保护,环境||环境影响,False,,,环境保护
《中华人民共和国环境影响评价法》第三十一条第一款、第二款,环境保护,环境||环境影响,False,,,环境保护
《中华人民共和国环境影响评价法》第三十一条第一款之规定,环境保护,环境||环境影响,False,,,环境保护
《中华人民共和国环境影响评价法》第三十一条第一款,环境保护,环境||环境影响,False,,,环境保护
《中华人民共和国环境影响评价法》第31条第1款,环境保护,环境||环境影响,False,,,环境保护
《中华人民共和国环境影响保护法》第六十一条,环境保护,环境保护||环境||环境影响,False,,,环境保护
《排污许可管理条例》第十九条第一款,环境保护,排污,False,,,环境保护
《排污许可管理条例》第十九条第一款,环境保护,排污,False,,,环境保护
《排污许可管理条例》第十七条第二款,环境保护,排污,False,,,环境保护
《中华人民共和国环境保护法》第十九条,环境保护,环境保护||环境,False,(匹配)环境保护,,环境保护
《排污许可管理条例》第十七条第二款,环境保护,排污,False,,,环境保护
《中华人民共和国环境保护法》第十九条第二款,环境保护,环境保护||环境,False,(匹配)环境保护,,环境保护
《中华人民共和国环境保护法》第六十三条第三项,环境保护,环境保护||环境,False,(匹配)环境保护,,环境保护
《中华人民共和国环境保护法》第六十条,环境保护,环境保护||环境,False,(匹配)环境保护,,环境保护
《中华人民共和国环境保护法》第十九条,环境保护,环境保护||环境,False,(匹配)环境保护,,环境保护
《中华人民共和国环境保护法》第十九条,环境保护,环境保护||环境,False,(匹配)环境保护,,环境保护
《中华人民共和国环境保护法》第十九条第二款,环境保护,环境保护||环境,False,(匹配)环境保护,,环境保护
《中华人民共和国环境保护法》第十九条第二款,环境保护,环境保护||环境,False,(匹配)环境保护,,环境保护
《排污许可管理条例》第二十条第一款,环境保护,排污,False,,,环境保护
《中华人民共和国环境保护法》第四十二条,环境保护,环境保护||环境,False,(匹配)环境保护,,环境保护
《排污许可管理条例》第三十六条第(四)项,环境保护,排污,False,,,环境保护
《中华人民共和国环境噪声污染防治法》,环境保护,环境||污染防治,False,(匹配)环境保护,,环境保护
《中华人民共和国环境保护法》第四十二条第四款,环境保护,环境保护||环境,False,(匹配)环境保护,,环境保护
《排污许可管理条例》第三十四条第一项,环境保护,排污,False,,,环境保护
《排污许可管理条例》第三十四条第一项,环境保护,排污,False,,,环境保护
《排污许可管理条例》第三十六条第五项,环境保护,排污,False,,,环境保护
《中华人民共和国环境保护法》第六十三条第三款,环境保护,环境保护||环境,False,(匹配)环境保护,,环境保护
《杭州市环境噪声管理条例》第四十一条第一款第(六)项,环境保护,环境,False,,,环境保护
《杭州市环境噪声管理条例》第四十一条第一款第(六)项,环境保护,环境,False,,,环境保护
《杭州市环境噪声管理条例》第四十一条第一款第(六)项,环境保护,环境,False,,,环境保护
《杭州市环境噪声管理条例》第四十一条第一款第(六)项,环境保护,环境,False,,,环境保护
《杭州市环境噪声管理条例》第四十一条第(六)项,环境保护,环境,False,,,环境保护
《杭州市环境噪声管理条例》第二十八条第二款,环境保护,环境,False,,,环境保护
《杭州市环境噪声管理条例》第二十八条第二款,环境保护,环境,False,,,环境保护
《杭州市环境噪声管理条例》第四十一条第一款第(八)项,环境保护,环境,False,,,环境保护
《杭州市环境噪声管理条例》第二十八条第二款,环境保护,环境,False,,,环境保护
《杭州市环境噪声管理条例》第四十一条第一款第(六)项,环境保护,环境,False,,,环境保护
《杭州市环境噪声管理条例》第四十一条第一款第(六)项,环境保护,环境,False,,,环境保护
《杭州市环境噪声管理条例》第四十一条第一款第（六）项,环境保护,环境,False,,,环境保护
《杭州市环境噪声管理条例》第四十一条第一款第（六）项,环境保护,环境,False,,,环境保护
《杭州市环境噪声管理条例》第四十一条第一款第（六）项,环境保护,环境,False,,,环境保护
《杭州市环境噪声管理条例》第四十一条第一款第（六）项,环境保护,环境,False,,,环境保护
《杭州市环境噪声管理条例》第四十一条第一款第（六）项,环境保护,环境,False,,,环境保护
《杭州市环境噪声管理条例》第四十一条第一款第(六)项,环境保护,环境,False,,,环境保护
《杭州市环境噪声管理条例》第二十八条第二款,环境保护,环境,False,,,环境保护
《杭州市城市绿化管理条例》第二十一条第（五）项,环境保护,绿化,False,(匹配)环境保护,,环境保护
《杭州市城市绿化管理条例》第三十四条,环境保护,绿化,False,(匹配)环境保护,,环境保护
《杭州市城市绿化管理条例》第三十四条,环境保护,绿化,False,(匹配)环境保护,,环境保护
《杭州市城市绿化管理条例》第三十五条,环境保护,绿化,False,(匹配)环境保护,,环境保护
《杭州市城市绿化管理条例》第三十五条,环境保护,绿化,False,(匹配)环境保护,,环境保护
《杭州市环境噪声管理条例》第四十一条第一款第（六）项,环境保护,环境,False,,,环境保护
《杭州市环境噪声管理条例》第四十一条第一款第（六）项,环境保护,环境,False,,,环境保护
《武汉市市容环境卫生管理条例》第三十条,环境保护,环境,False,(匹配)环境保护,,环境保护
《中华人民共和国大气污染防治法》第四十八条,环境保护,大气污染防治||污染防治,False,(匹配)环境保护,,环境保护
《森林法》第七十三条,环境保护,森林,False,,,环境保护
《汕头市环境噪声污染防治条例》第四十六条,环境保护,环境||污染防治,False,(匹配)环境保护,,环境保护
《水污染防治法》,环境保护,水污染||污染防治,False,(匹配)环境保护,,环境保护
《中华人民共和国森林法》第三十七条第一款,环境保护,森林,False,,,环境保护
《中华人民共和国森林法》第七十三条,环境保护,森林,False,,,环境保护
《中华人民共和国森林法》第七十三条第一款,环境保护,森林,False,,,环境保护
《中华人民共和国森林法》第七十三条第一款,环境保护,森林||林业||植被,False,,,环境保护
《中华人民共和国森林法》第七十四条第一款,环境保护,森林,False,,,环境保护
《杭州市城市市容和环境卫生管理条例》第五十一条第一款,环境保护,市容和环境卫生||环境,False,(匹配)环境保护,,环境保护
《杭州市城市市容和环境卫生管理条例》第五十一条第一款,环境保护,市容和环境卫生||环境,False,(匹配)环境保护,,环境保护
《杭州市城市市容和环境卫生管理条例》第五十一条第一款,环境保护,市容和环境卫生||环境,False,(匹配)环境保护,,环境保护
《杭州市城市市容和环境卫生管理条例》第五十一条第二款,环境保护,市容和环境卫生||环境,False,(匹配)环境保护,,环境保护
《杭州市城市市容和环境卫生管理条例》第三十六条第一款,环境保护,市容和环境卫生||环境,False,(匹配)环境保护,,环境保护
《杭州市城市市容和环境卫生管理条例》第三十六条第一款,环境保护,市容和环境卫生||环境,False,(匹配)环境保护,,环境保护
《中华人民共和国水污染防治法》第七十四条,环境保护,水污染||污染防治,False,(匹配)环境保护,,环境保护
《杭州市城市市容和环境卫生管理条例》第五十一条第二款,环境保护,市容和环境卫生||环境,False,(匹配)环境保护,,环境保护
《中华人民共和国水污染防治法》第七十一条,环境保护,水污染||污染防治,False,(匹配)环境保护,,环境保护
《杭州市城市市容和环境卫生管理条例》第五十一条第二款,环境保护,市容和环境卫生||环境,False,(匹配)环境保护,,环境保护
《中华人民共和国水污染防治法》第七十五条第二款,环境保护,水污染||污染防治,False,(匹配)环境保护,,环境保护
《中华人民共和国水污染防治法》第七十五条第二款,环境保护,水污染||污染防治,False,(匹配)环境保护,,环境保护
《中华人民共和国水污染防治法》第七十五条第二款,环境保护,水污染||污染防治,False,(匹配)环境保护,,环境保护
《中华人民共和国水污染防治法》第九条,环境保护,水污染||污染防治,False,(匹配)环境保护,,环境保护
《中华人民共和国水污染防治法》第九条,环境保护,水污染||污染防治,False,(匹配)环境保护,,环境保护
《中华人民共和国水污染防治法》第二十一条,环境保护,水污染||污染防治,False,(匹配)环境保护,,环境保护
《中华人民共和国水污染防治法》第七十四条第一款,环境保护,水污染||污染防治,False,(匹配)环境保护,,环境保护
《中华人民共和国水污染防治法》第三十九条之规定,环境保护,水污染||污染防治,False,(匹配)环境保护,,环境保护
《中华人民共和国环境影响评价法》第三十一条第一款,环境保护,环境||环境影响,False,,,环境保护
《杭州市城市市容和环境卫生管理条例》第六十一条第二款,环境保护,市容和环境卫生||环境,False,(匹配)环境保护,,环境保护
《杭州市城市市容和环境卫生管理条例》第六十一条第二款,环境保护,市容和环境卫生||环境,False,(匹配)环境保护,,环境保护
《杭州市城市市容和环境卫生管理条例》第六十一条第二款的规定,环境保护,市容和环境卫生||环境,False,(匹配)环境保护,,环境保护
《杭州市城市市容和环境卫生管理条例》第六十一条第二款的规定,环境保护,市容和环境卫生||环境,False,(匹配)环境保护,,环境保护
《杭州市城市市容和环境卫生管理条例》第六十一条第二款,环境保护,市容和环境卫生||环境,False,(匹配)环境保护,,环境保护
《杭州市城市市容和环境卫生管理条例》第六十一条第二款,环境保护,市容和环境卫生||环境,False,(匹配)环境保护,,环境保护
《杭州市城市市容和环境卫生管理条例》第五十条第四款,环境保护,市容和环境卫生||环境||银行,False,(匹配)环境保护||金融/账户,,环境保护||金融/账户
《杭州市城市市容和环境卫生管理条例》第五十条第四款,环境保护,市容和环境卫生||环境,False,(匹配)环境保护,,环境保护
《杭州市城市市容和环境卫生管理条例》第五十条第四款,环境保护,市容和环境卫生||环境,False,(匹配)环境保护,,环境保护
《杭州市城市市容和环境卫生管理条例》第五十条第四款,环境保护,市容和环境卫生||环境,False,(匹配)环境保护,,环境保护
《杭州市城市市容和环境卫生管理条例》第五十条第二款,环境保护,市容和环境卫生||环境,False,(匹配)环境保护,,环境保护
《杭州市城市扬尘污染防治管理办法》第七条第（二）项,环境保护,污染防治||扬尘,False,(匹配)环境保护,,环境保护
《杭州市城市市容和环境卫生管理条例》第六十条第一款,环境保护,市容和环境卫生||环境,False,(匹配)环境保护,,环境保护
《杭州市城市市容和环境卫生管理条例》第六十条第二款,环境保护,市容和环境卫生||环境,False,(匹配)环境保护,,环境保护
《杭州市城市市容和环境卫生管理条例》第六十条第二款,环境保护,市容和环境卫生||环境,False,(匹配)环境保护,,环境保护
《杭州市城市市容和环境卫生管理条例》第五十条第一款,环境保护,市容和环境卫生||环境,False,(匹配)环境保护,,环境保护
《中华人民共和国大气污染防治法》第四十八条第二款,环境保护,大气污染防治||污染防治,False,(匹配)环境保护,,环境保护
《中华人民共和国大气污染防治法》第四十八条第二款,环境保护,大气污染防治||污染防治,False,(匹配)环境保护,,环境保护
《中华人民共和国大气污染防治法》第四十八条,环境保护,大气污染防治||污染防治,False,(匹配)环境保护,,环境保护
《中华人民共和国大气污染防治法》第四十八条,环境保护,大气污染防治||污染防治,False,(匹配)环境保护,,环境保护
《中华人民共和国大气污染防治法》第四十八条,环境保护,大气污染防治||污染防治,False,(匹配)环境保护,,环境保护
《中华人民共和国水污染防治法》,环境保护,水污染||污染防治,False,(匹配)环境保护,,环境保护
《中华人民共和国森林法实施条例》第四十三条第一款,环境保护,森林,False,,,环境保护
《杭州市城市市容和环境卫生管理条例》第五十一条第二款,环境保护,市容和环境卫生||环境||银行,False,(匹配)环境保护||金融/账户,,环境保护||金融/账户
《杭州市城市市容和环境卫生管理条例》第五十一条第二款,环境保护,市容和环境卫生||环境,False,(匹配)环境保护,,环境保护
《杭州市城市市容和环境卫生管理条例》第五十一条第二款的规定,环境保护,市容和环境卫生||环境,False,(匹配)环境保护,,环境保护
《中华人民共和国森林法实施条例》第十六条,环境保护,森林,False,,,环境保护
《中华人民共和国森林法实施条例》第十六条第(一)项,环境保护,森林,False,,,环境保护
《中华人民共和国森林法实施条例》第四十三条第一款,环境保护,森林,False,,,环境保护
《中华人民共和国环境影响评价法》第三十一条第一款,环境保护,环境||环境影响,False,,,环境保护
《中华人民共和国环境影响评价法》第三十一条第一款,环境保护,环境||环境影响,False,,,环境保护
《建设项目环境保护管理条例》第二十三条第一款,环境保护,环境保护||环境||建设项目,False,(匹配)环境保护||建设工程,,环境保护||建设工程
《建设项目环境保护管理条例》第二十三条第一款,环境保护,环境保护||环境||建设项目,False,(匹配)环境保护||建设工程,,环境保护||建设工程
《建设项目环境保护管理条例》第二十三条的规定,环境保护,环境保护||环境||建设项目,False,(匹配)环境保护||建设工程,,环境保护||建设工程
《建设项目环境保护管理条例》第二十三条,环境保护,环境保护||环境||建设项目,False,(匹配)环境保护||建设工程,,环境保护||建设工程
《建设项目环境保护管理条例》第二十三条,环境保护,环境保护||环境||建设项目,False,(匹配)环境保护||建设工程,,环境保护||建设工程
《建设项目环境保护管理条例》第二十三条,环境保护,环境保护||环境||建设项目,False,(匹配)环境保护||建设工程,,环境保护||建设工程
《建设项目环境保护管理条例》第二十三条之规定,环境保护,环境保护||环境||建设项目,False,(匹配)环境保护||建设工程,,环境保护||建设工程
《中华人民共和国大气污染防治法》第一百二十条,环境保护,大气污染防治||污染防治,False,(匹配)环境保护,,环境保护
《建设项目环境保护管理条例》第二十三条,环境保护,环境保护||环境||建设项目,False,(匹配)环境保护||建设工程,,环境保护||建设工程
《建设项目环境保护管理条例》第二十三条,环境保护,环境保护||环境||建设项目,False,(匹配)环境保护||建设工程,,环境保护||建设工程
《中华人民共和国大气污染防治法》第一百二十一条,环境保护,大气污染防治||污染防治,False,(匹配)环境保护,,环境保护
《建设项目环境保护管理条例》第二十三条第一款,环境保护,环境保护||环境||建设项目,False,(匹配)环境保护||建设工程,,环境保护||建设工程
《建设项目环境保护管理条例》第二十三条第一款,环境保护,环境保护||环境||建设项目,False,(匹配)环境保护||建设工程,,环境保护||建设工程
《建设项目环境保护管理条例》第二十三条第一款,环境保护,环境保护||环境||建设项目,False,(匹配)环境保护||建设工程,,环境保护||建设工程
《建设项目环境保护管理条例》第二十三条第一款,环境保护,环境保护||环境||建设项目,False,(匹配)环境保护||建设工程,,环境保护||建设工程
《建设项目环境保护管理条例》第二十八条,环境保护,环境保护||环境||建设项目,False,(匹配)环境保护||建设工程,,环境保护||建设工程
《建设项目环境保护管理条例》第二十八条,环境保护,环境保护||环境||建设项目,False,(匹配)环境保护||建设工程,,环境保护||建设工程
《建设项目环境保护管理条例》第二十八条之规定,环境保护,环境保护||环境||建设项目,False,(匹配)环境保护||建设工程,,环境保护||建设工程
《建设项目环境保护管理条例》第二十八条之规定,环境保护,环境保护||环境||建设项目,False,(匹配)环境保护||建设工程,,环境保护||建设工程
《建设项目环境保护管理条例》第二十八条,环境保护,环境保护||环境||建设项目,False,(匹配)环境保护||建设工程,,环境保护||建设工程
《建设项目环境保护管理条例》第二十八条,环境保护,环境保护||环境||建设项目,False,(匹配)环境保护||建设工程,,环境保护||建设工程
《建设项目环境保护管理条例》第二十八条,环境保护,环境保护||环境||建设项目,False,(匹配)环境保护||建设工程,,环境保护||建设工程
《建设项目环境保护管理条例》第二十八条,环境保护,环境保护||环境||建设项目,False,(匹配)环境保护||建设工程,,环境保护||建设工程
《建设项目环境保护管理条例》第二十八条,环境保护,环境保护||环境||建设项目,False,(匹配)环境保护||建设工程,,环境保护||建设工程
《建设项目环境保护管理条例》第二十三条,环境保护,环境保护||环境||建设项目,False,(匹配)环境保护||建设工程,,环境保护||建设工程
《建设项目环境保护管理条例》第二十三条,环境保护,环境保护||环境||建设项目,False,(匹配)环境保护||建设工程,,环境保护||建设工程
《建设项目环境保护管理条例》第二十三条,环境保护,环境保护||环境||建设项目,False,(匹配)环境保护||建设工程,,环境保护||建设工程
《建设项目环境保护管理条例》第二十三条第一款,环境保护,环境保护||环境||建设项目,False,(匹配)环境保护||建设工程,,环境保护||建设工程
《建设项目环境保护管理条例》第二十八条,环境保护,环境保护||环境||建设项目,False,(匹配)环境保护||建设工程,,环境保护||建设工程
《建设项目环境保护管理条例》第二十三条,环境保护,环境保护||环境||建设项目,False,(匹配)环境保护||建设工程,,环境保护||建设工程
《中华人民共和国大气污染防治法》第一百一十五条,环境保护,大气污染防治||污染防治,False,(匹配)环境保护,,环境保护
《中华人民共和国大气污染防治法》第一百一十八条第一款,环境保护,大气污染防治||污染防治,False,(匹配)环境保护,,环境保护
《建设项目环境保护管理条例》第28条,环境保护,环境保护||环境||建设项目,False,(匹配)环境保护||建设工程,,环境保护||建设工程
《建设项目环境保护管理条例》第二十三条,环境保护,环境保护||环境||建设项目,False,(匹配)环境保护||建设工程,,环境保护||建设工程
《建设项目环境保护管理条例》第二十三条,环境保护,环境保护||环境||建设项目,False,(匹配)环境保护||建设工程,,环境保护||建设工程
《建设项目环境保护管理条例》第二十三条,环境保护,环境保护||环境||建设项目,False,(匹配)环境保护||建设工程,,环境保护||建设工程
《建设项目环境保护管理条例》第二十三条,环境保护,环境保护||环境||建设项目,False,(匹配)环境保护||建设工程,,环境保护||建设工程
《建设项目环境保护管理条例》第二十三条,环境保护,环境保护||环境||建设项目,False,(匹配)环境保护||建设工程,,环境保护||建设工程
《中华人民共和国大气污染防治法》第一百一十八条第一款,环境保护,大气污染防治||污染防治,False,(匹配)环境保护,,环境保护
《建设项目环境保护管理条例》第二十八条的规定,环境保护,环境保护||环境||建设项目,False,(匹配)环境保护||建设工程,,环境保护||建设工程
《建设项目环境保护管理条例》第二十八条,环境保护,环境保护||环境||建设项目,False,(匹配)环境保护||建设工程,,环境保护||建设工程
《建设项目环境保护管理条例》第十条,环境保护,环境保护||环境||建设项目,False,(匹配)环境保护||建设工程,,环境保护||建设工程
《建设项目环境保护管理条例》第十六条,环境保护,环境保护||环境||建设项目,False,(匹配)环境保护||建设工程,,环境保护||建设工程
《建设项目环境保护管理条例》第十六条,环境保护,环境保护||环境||建设项目,False,(匹配)环境保护||建设工程,,环境保护||建设工程
《建设项目环境保护管理条例》第十六条,环境保护,环境保护||环境||建设项目,False,(匹配)环境保护||建设工程,,环境保护||建设工程
《建设项目环境保护管理条例》第十六条,环境保护,环境保护||环境||建设项目,False,(匹配)环境保护||建设工程,,环境保护||建设工程
《中华人民共和国大气污染防治法》第一百零七条,环境保护,大气污染防治||污染防治,False,(匹配)环境保护,,环境保护
《中华人民共和国大气污染防治法》第一百条第二项,环境保护,大气污染防治||污染防治,False,(匹配)环境保护,,环境保护
《建设项目环境保护管理条例》第十五条、第十九条第一款,环境保护,环境保护||环境||建设项目,False,(匹配)环境保护||建设工程,,环境保护||建设工程
《中华人民共和国大气污染防治法》第一百条第三项,环境保护,大气污染防治||污染防治,False,(匹配)环境保护,,环境保护
《中华人民共和国大气污染防治法》第一百条第一款、第一款第三项,环境保护,大气污染防治||污染防治,False,(匹配)环境保护,,环境保护
《中华人民共和国大气污染防治法》第一百条第三项,环境保护,大气污染防治||污染防治,False,(匹配)环境保护,,环境保护
《建设项目环境保护管理条例》第二十条第一款,环境保护,环境保护||环境||建设项目,False,(匹配)环境保护||建设工程,,环境保护||建设工程
《建设项目环境保护管理条例》第二十条第一款,环境保护,环境保护||环境||建设项目,False,(匹配)环境保护||建设工程,,环境保护||建设工程
《建设项目环境保护管理条例》第二十条第一款,环境保护,环境保护||环境||建设项目,False,(匹配)环境保护||建设工程,,环境保护||建设工程
《建设项目环境保护管理条例》第二十条,环境保护,环境保护||环境||建设项目,False,(匹配)环境保护||建设工程,,环境保护||建设工程
《建设项目环境保护管理条例》第二十条,环境保护,环境保护||环境||建设项目,False,(匹配)环境保护||建设工程,,环境保护||建设工程
《建设项目环境保护管理条例》第二十八条,环境保护,环境保护||环境||建设项目,False,(匹配)环境保护||建设工程,,环境保护||建设工程
《建设项目环境保护管理条例》第二十八条,环境保护,环境保护||环境||建设项目,False,(匹配)环境保护||建设工程,,环境保护||建设工程
《建设项目环境保护管理条例》第十七条第一款,环境保护,环境保护||环境||建设项目,False,(匹配)环境保护||建设工程,,环境保护||建设工程
《建设项目环境保护管理条例》第十七条第一款,环境保护,环境保护||环境||环境影响||建设项目,False,(匹配)环境保护||建设工程,,环境保护||建设工程
《建设项目环境保护管理条例》第十五条,环境保护,环境保护||环境||建设项目,False,(匹配)环境保护||建设工程,,环境保护||建设工程
《建设项目环境保护管理条例》第十五条,环境保护,环境保护||环境||建设项目,False,(匹配)环境保护||建设工程,,环境保护||建设工程
《建设项目环境保护管理条例》第十五条,环境保护,环境保护||环境||建设项目,False,(匹配)环境保护||建设工程,,环境保护||建设工程
《建设项目环境保护管理条例》第十九条,环境保护,环境保护||环境||环境影响||建设项目,False,(匹配)环境保护||建设工程,,环境保护||建设工程
《建设项目环境保护管理条例》第十九条第一款,环境保护,环境保护||环境||建设项目,False,(匹配)环境保护||建设工程,,环境保护||建设工程
《建设项目环境保护管理条例》第十九条第一款,环境保护,环境保护||环境||建设项目,False,(匹配)环境保护||建设工程,,环境保护||建设工程
《建设项目环境保护管理条例》第十九条,环境保护,环境保护||环境||环境影响||建设项目,False,(匹配)环境保护||建设工程,,环境保护||建设工程
《建设项目环境保护管理条例》第十九条,环境保护,环境保护||环境||建设项目,False,(匹配)环境保护||建设工程,,环境保护||建设工程
《建设项目环境保护管理条例》第十九条,环境保护,环境保护||环境||建设项目,False,(匹配)环境保护||建设工程,,环境保护||建设工程
《建设项目环境保护管理条例》第十九条第一款,环境保护,环境保护||环境||建设项目,False,(匹配)环境保护||建设工程,,环境保护||建设工程
《广西壮族自治区实施&lt;城市市容和环境卫生管理条例&gt;办法》第十八条第（五）项,环境保护,市容和环境卫生||环境,False,(匹配)环境保护,,环境保护
《中华人民共和国大气污染防治法》第一百一十五条第一款第(一)项,环境保护,大气污染防治||污染防治,False,(匹配)环境保护,,环境保护
《中华人民共和国大气污染防治法》第一百一十五条第一款第(一)项,环境保护,大气污染防治||污染防治,False,(匹配)环境保护,,环境保护
《中华人民共和国大气污染防治法》第一百一十五条,环境保护,大气污染防治||污染防治,False,(匹配)环境保护,,环境保护
《中华人民共和国大气污染防治法》第一百一十五条,环境保护,大气污染防治||污染防治,False,(匹配)环境保护,,环境保护
《中华人民共和国大气污染防治法》第一百一十五条,环境保护,大气污染防治||污染防治,False,(匹配)环境保护,,环境保护
《中华人民共和国大气污染防治法》第一百一十五条,环境保护,大气污染防治||污染防治,False,(匹配)环境保护,,环境保护
《中华人民共和国大气污染防治法》第一百一十五条,环境保护,大气污染防治||污染防治,False,(匹配)环境保护,,环境保护
《中华人民共和国大气污染防治法》第一百一十五条的规定,环境保护,大气污染防治||污染防治,False,(匹配)环境保护,,环境保护
《中华人民共和国大气污染防治法》第一百一十五条第一款,环境保护,大气污染防治||污染防治,False,(匹配)环境保护,,环境保护
《中华人民共和大气污染防治法法》第一百一十五条,环境保护,大气污染防治||污染防治,False,(匹配)环境保护,,环境保护
《中华人民共和大气污染防治法法》第六十九条,环境保护,大气污染防治||污染防治,False,(匹配)环境保护,,环境保护
《中华人民共和国防治船舶污染内河水域环境管理规定》第十四条第一款,环境保护,环境||船舶,False,(匹配)环境保护||海事安全,,环境保护||海事安全
《建筑给水排水与节水通用规范》,环境保护,排水,False,,,环境保护
《中华人民共和国大气污染防治法》第一百一十五条第一款第（一）项,环境保护,大气污染防治||污染防治,False,(匹配)环境保护,,环境保护
《中华人民共和国大气污染防治法》第一百一十五条第一款第(一)项,环境保护,大气污染防治||污染防治,False,(匹配)环境保护,,环境保护
《中华人民共和国大气污染防治法》第一百一十五条第一款,环境保护,大气污染防治||污染防治,False,(匹配)环境保护,,环境保护
《中华人民共和国大气污染防治法》第一百一十五条第一款第(二)项,环境保护,大气污染防治||污染防治,False,(匹配)环境保护,,环境保护
《广西壮族自治区环境保护条例》第六十条第一款,环境保护,环境保护||环境,False,(匹配)环境保护,,环境保护
《中华人民共和国大气污染防治法》第一百零七条第一款,环境保护,大气污染防治||污染防治,False,(匹配)环境保护,,环境保护
《中华人民共和国大气污染防治法》第六十九条第三款,环境保护,大气污染防治||污染防治,False,(匹配)环境保护,,环境保护
《中华人民共和国大气污染防治法》第六十九条第三款,环境保护,大气污染防治||污染防治,False,(匹配)环境保护,,环境保护
《中华人民共和国大气污染防治法》第六十九条第三款,环境保护,大气污染防治||污染防治,False,(匹配)环境保护,,环境保护
《中华人民共和国大气污染防治法》第六十九条第三款,环境保护,大气污染防治||污染防治,False,(匹配)环境保护,,环境保护
《中华人民共和国大气污染防治法》第六十九条,环境保护,大气污染防治||污染防治,False,(匹配)环境保护,,环境保护
《中华人民共和国大气污染防治法》第六十九条,环境保护,大气污染防治||污染防治,False,(匹配)环境保护,,环境保护
《中华人民共和国大气污染防治法》第六十九条,环境保护,大气污染防治||污染防治,False,(匹配)环境保护,,环境保护
《中华人民共和国大气污染防治法》第四十七条,环境保护,大气污染防治||污染防治,False,(匹配)环境保护,,环境保护
《中华人民共和国大气污染防治法》第十八条的规定,环境保护,大气污染防治||污染防治,False,(匹配)环境保护,,环境保护
《中华人民共和国大气污染防治法》第十八条,环境保护,环境||环境影响||大气污染防治||污染防治,False,(匹配)环境保护,,环境保护
《中华人民共和国大气污染防治法》第十八条,环境保护,大气污染防治||污染防治,False,(匹配)环境保护,,环境保护
《中华人民共和国大气污染防治法》第十八条,环境保护,大气污染防治||污染防治,False,(匹配)环境保护,,环境保护
《中华人民共和国大气污染防治法》第十八条,环境保护,大气污染防治||污染防治,False,(匹配)环境保护,,环境保护
《中华人民共和国大气污染防治法》第八十条,环境保护,大气污染防治||污染防治,False,(匹配)环境保护,,环境保护
《中华人民共和国大气污染防治法》第一百零七条第一款,环境保护,大气污染防治||污染防治,False,(匹配)环境保护,,环境保护
《中华人民共和国大气污染防治法》第二十四条第一款,环境保护,大气污染防治||污染防治,False,(匹配)环境保护,,环境保护
《中华人民共和国大气污染防治法》第二十四条第一款,环境保护,大气污染防治||污染防治,False,(匹配)环境保护,,环境保护
《中华人民共和国大气污染防治法》第二十四条第一款,环境保护,大气污染防治||污染防治,False,(匹配)环境保护,,环境保护
《中华人民共和国大气污染防治法》第二十四条,环境保护,大气污染防治||污染防治,False,(匹配)环境保护,,环境保护
《中华人民共和国大气污染防治法》第二十条,环境保护,大气污染防治||污染防治,False,(匹配)环境保护,,环境保护
《中华人民共和国大气污染防治法》第八十一条第一款,环境保护,大气污染防治||污染防治,False,(匹配)环境保护,,环境保护
《中华人民共和国大气污染防治法》第五十一条第一款,环境保护,大气污染防治||污染防治,False,(匹配)环境保护,,环境保护
《中华人民共和国大气污染防治法》第二十条第二款,环境保护,大气污染防治||污染防治,False,(匹配)环境保护,,环境保护
《中华人民共和国大气污染防治法》第二十条第二款,环境保护,大气污染防治||污染防治,False,(匹配)环境保护,,环境保护
《中华人民共和国环境影响评价法》第二十二条第一款,环境保护,环境||环境影响,False,,,环境保护
《中华人民共和国环境影响评价法》第二十二条第一款,环境保护,环境||环境影响,False,,,环境保护
《中华人民共和国环境影响评价法》第二十二条第一款,环境保护,环境||环境影响,False,,,环境保护
《中华人民共和国环境影响评价法》第二十二条第一款,环境保护,环境||环境影响,False,,,环境保护
《中华人民共和国环境影响评价法》第二十五条,环境保护,环境||环境影响,False,,,环境保护
《中华人民共和国环境影响评价法》第二十五条,环境保护,环境||环境影响,False,,,环境保护
《中华人民共和国环境影响评价法》第二十五条,环境保护,环境||环境影响,False,,,环境保护
《中华人民共和国环境影响评价法》第二十五条,环境保护,环境||环境影响,False,,,环境保护
《中华人民共和国环境影响评价法》第二十五条,环境保护,环境||环境影响,False,,,环境保护
《中华人民共和国环境影响评价法》第二十二条第一款,环境保护,环境||环境影响,False,,,环境保护
《中华人民共和国环境影响评价法》第二十二条第一款,环境保护,环境||环境影响,False,,,环境保护
《中华人民共和国环境影响评价法》第三十一条第一款,环境保护,环境||环境影响,False,,,环境保护
《中华人民共和国环境影响评价法》第三十一条第一款,环境保护,环境||环境影响,False,,,环境保护
《中华人民共和国环境影响评价法》第三十一条第一款,环境保护,环境||环境影响,False,,,环境保护
《中华人民共和国环境影响评价法》第三十一条第一款,环境保护,环境||环境影响,False,,,环境保护
《中华人民共和国环境影响评价法》第三十一条第一款,环境保护,环境||环境影响,False,,,环境保护
《中华人民共和国环境影响评价法》第三十一条第一款,环境保护,环境||环境影响,False,,,环境保护
《中华人民共和国环境影响评价法》第三十一条第三款,环境保护,环境||环境影响,False,,,环境保护
《中华人民共和国环境影响评价法》第三十一条第三款,环境保护,环境||环境影响||备案,False,,,环境保护
《中华人民共和国环境影响评价法》第三十一条第二款,环境保护,环境||环境影响,False,,,环境保护
《中华人民共和国环境影响评价法》第三条,环境保护,环境||环境影响,False,,,环境保护
《中华人民共和国环境影响评价法》第二十二条,环境保护,环境||环境影响,False,,,环境保护
《中华人民共和国环境影响评价法》第二十二条,环境保护,环境||环境影响,False,,,环境保护
《中华人民共和国环境影响评价法》第二十二条第一款,环境保护,环境||环境影响,False,,,环境保护
《中华人民共和国环境影响评价法》第二十五条,环境保护,环境||环境影响,False,,,环境保护
《中华人民共和国环境影响评价法》第二十五条的规定,环境保护,环境||环境影响,False,,,环境保护
《中华人民共和国大气污染防治法》第四十五条,环境保护,大气污染防治||污染防治,False,(匹配)环境保护,,环境保护
《中华人民共和国大气污染防治法》第四十五条,环境保护,大气污染防治||污染防治,False,(匹配)环境保护,,环境保护
《中华人民共和国大气污染防治法》第四十五条,环境保护,大气污染防治||污染防治,False,(匹配)环境保护,,环境保护
《中华人民共和国环境影响评价法》第十六条第二款,环境保护,环境||环境影响,False,,,环境保护
《中华人民共和国环境影响评价法》第二十五条,环境保护,环境||环境影响,False,,,环境保护
《中华人民共和国环境影响评价法》第二十五条,环境保护,环境||环境影响,False,,,环境保护
《中华人民共和国环境影响评价法》第二十五条,环境保护,环境||环境影响,False,,,环境保护
《中华人民共和国环境影响评价法》第二十五条,环境保护,环境||环境影响,False,,,环境保护
《中华人民共和国环境影响评价法》第二十四条第一款,环境保护,环境||环境影响,False,,,环境保护
《中华人民共和国大气污染防治法》第九十九条第（二）项,环境保护,大气污染防治||污染防治,False,(匹配)环境保护,,环境保护
《中华人民共和国环境影响评价法》第二十四条第一款,环境保护,环境||环境影响,False,,,环境保护
《中华人民共和国环境影响评价法》第二十四条第一款,环境保护,环境||环境影响,False,,,环境保护
《中华人民共和国环境影响评价法》第十六条,环境保护,环境||环境影响,False,,,环境保护
《中华人民共和国环境影响评价法》第十六条,环境保护,环境||环境影响,False,,,环境保护
《中华人民共和国环境影响评价法》第二十四条第一款,环境保护,环境||环境影响,False,,,环境保护
《中华人民共和国大气污染防治法》第九十九条第二项,环境保护,大气污染防治||污染防治,False,(匹配)环境保护,,环境保护
《中华人民共和国大气污染防治法》第一百零八条第一项的规定,环境保护,大气污染防治||污染防治,False,(匹配)环境保护,,环境保护
《中华人民共和国大气污染防治法》第一百零八条第一项,环境保护,大气污染防治||污染防治,False,(匹配)环境保护,,环境保护
《中华人民共和国大气污染防治法》第一百零八条第一项,环境保护,大气污染防治||污染防治,False,(匹配)环境保护,,环境保护
《中华人民共和国大气污染防治法》第一百零八条第五项,环境保护,大气污染防治||污染防治,False,(匹配)环境保护,,环境保护
《中华人民共和国大气污染防治法》第一百零八条第五项,环境保护,大气污染防治||污染防治,False,(匹配)环境保护,,环境保护
《中华人民共和国大气污染防治法》第七十二条第一款,环境保护,大气污染防治||污染防治,False,(匹配)环境保护,,环境保护
《中华人民共和国大气污染防治法》第七十二条第一款,环境保护,大气污染防治||污染防治,False,(匹配)环境保护,,环境保护
《中华人民共和国大气污染防治法》第七十二条,环境保护,大气污染防治||污染防治,False,(匹配)环境保护,,环境保护
《中华人民共和国大气污染防治法》第七十二条,环境保护,大气污染防治||污染防治,False,(匹配)环境保护,,环境保护
《中华人民共和国大气污染防治法》第一百零八条,环境保护,大气污染防治||污染防治,False,(匹配)环境保护,,环境保护
《中华人民共和国大气污染防治法》第一百零八条第(一)项,环境保护,大气污染防治||污染防治,False,(匹配)环境保护,,环境保护
《中华人民共和国大气污染防治法》第一百零八条第(一)项,环境保护,大气污染防治||污染防治,False,(匹配)环境保护,,环境保护
《中华人民共和国大气污染防治法》第一百零八条,环境保护,大气污染防治||污染防治,False,(匹配)环境保护,,环境保护
《中华人民共和国大气污染防治法》第一百零八条,环境保护,大气污染防治||污染防治,False,(匹配)环境保护,,环境保护
《中华人民共和国大气污染防治法》第一百零八条第(五)项,环境保护,大气污染防治||污染防治,False,(匹配)环境保护,,环境保护
《中华人民共和国大气污染防治法》第七十二条第一款,环境保护,大气污染防治||污染防治,False,(匹配)环境保护,,环境保护
《徐州市大气污染防治条例》第四十九条,环境保护,大气污染防治||污染防治,False,(匹配)环境保护,,环境保护
《中华人民共和国大气污染防治法》第九十九条第(二)项,环境保护,大气污染防治||污染防治,False,(匹配)环境保护,,环境保护
《中华人民共和国大气污染防治法》第九十九条第(二)项,环境保护,大气污染防治||污染防治,False,(匹配)环境保护,,环境保护
《中华人民共和国大气污染防治法》第九十九条,环境保护,大气污染防治||污染防治,False,(匹配)环境保护,,环境保护
《中华人民共和国大气污染防治法》第九十九条,环境保护,大气污染防治||污染防治,False,(匹配)环境保护,,环境保护
《中华人民共和国大气污染防治法》第九十九条,环境保护,大气污染防治||污染防治,False,(匹配)环境保护,,环境保护
《中华人民共和国大气污染防治法》第九十九条,环境保护,大气污染防治||污染防治,False,(匹配)环境保护,,环境保护
《中华人民共和国大气污染防治法》第三十条,环境保护,大气污染防治||污染防治,False,(匹配)环境保护,,环境保护
《中华人民共和国大气污染防治法》第九十九条第二项,环境保护,大气污染防治||污染防治,False,(匹配)环境保护,,环境保护
《中华人民共和国大气污染防治法》第九十九条第二款,环境保护,大气污染防治||污染防治,False,(匹配)环境保护,,环境保护
《中华人民共和国大气污染防治法》第九十九条第二款,环境保护,大气污染防治||污染防治,False,(匹配)环境保护,,环境保护
《中华人民共和国大气污染防治法》第九十九条第三项,环境保护,大气污染防治||污染防治,False,(匹配)环境保护,,环境保护
《中华人民共和国大气污染防治法》第九十九条第三项,环境保护,大气污染防治||污染防治,False,(匹配)环境保护,,环境保护
《中华人民共和国大气污染防治法》第九十九条第三项,环境保护,大气污染防治||污染防治,False,(匹配)环境保护,,环境保护
《中华人民共和国大气污染防治法》第九十九条第一项,环境保护,大气污染防治||污染防治,False,(匹配)环境保护,,环境保护
《中华人民共和国大气污染防治法》第九十九条第一款第三项,环境保护,大气污染防治||污染防治,False,(匹配)环境保护,,环境保护
《中华人民共和国大气污染防治法》第七十条第一款,环境保护,大气污染防治||污染防治,False,(匹配)环境保护,,环境保护
《中华人民共和国大气污染防治法》第七十条第二款,环境保护,大气污染防治||污染防治,False,(匹配)环境保护,,环境保护
《中华人民共和国环境影响评价法》第二十四条第一款,环境保护||建设工程,环境||环境影响||建设项目||环评文件,False,,,环境保护||建设工程
《建设项目环境影响评价分类管理名录》第二十六类“橡胶和塑料制品业29”第53项,环境保护||建设工程,环境||环境影响||建设项目,False,,,环境保护||建设工程
《杭州市环境噪声管理条例》第四十一条第一款第(六)项,环境保护||金融/账户,环境||银行,False,,,环境保护||金融/账户
《杭州市环境噪声管理条例》第四十一条第一款第（八）项,环境保护||金融/账户,环境||银行,False,,,环境保护||金融/账户
《杭州市环境噪声管理条例》第四十一条第一款第（六）项,环境保护||金融/账户,环境||银行,False,,,环境保护||金融/账户
《杭州市环境噪声管理条例》第四十一条第一款第（六）项,环境保护||金融/账户,环境||银行,False,,,环境保护||金融/账户
《杭州市环境噪声管理条例》第四十一条第一款第（六）项,环境保护||金融/账户,环境||银行,False,,,环境保护||金融/账户
《杭州市环境噪声管理条例》第四十一条第一款第(六)项,环境保护||金融/账户,环境||银行,False,,,环境保护||金融/账户
《杭州市环境噪声管理条例》第四十一条第一款第(六)项,环境保护||金融/账户,环境||银行,False,,,环境保护||金融/账户
《爆炸危险环境电力装置设计规范》,电力,环境||爆炸||装置,False,(匹配)环境保护||安全生产,,环境保护||安全生产
《中华人民共和国电力法》第六十六条,电力,ai,True,(匹配)*电力行业违规*,适用《电力法》第六十六条规定情形。,*电力行业违规*
《中华人民共和国电力法》第六十六条,电力,ai,False,(匹配)*电力监管违法*,依据《电力法》条款，属电力领域违法。,*电力监管违法*
《中华人民共和国电力法》第六十六条,电力,ai,True,(匹配)*电力监管领域*,适用《电力法》处罚条款，属电力监管。,*电力监管领域*
《中华人民共和国电力法》第四十四条第一款,电力,ai,True,(匹配)*电力监管违法*,依据电力法第四十四条属电力领域。,*电力监管违法*
《中华人民共和国电力法》第六十六条,电力,ai,True,(匹配)*电力管理违法*,适用电力法处罚条款，属电力监管。,*电力管理违法*
《中华人民共和国个人所得税法》,税收违规,税,False,(匹配)财税与金融监管,,税收违规
《中华人民共和国个人所得税法》,税收违规,税,False,(匹配)财税与金融监管,,税收违规
《河北省规范税务行政处罚裁量权实施办法》第二十条,税收违规,税,False,(匹配)财税与金融监管,,税收违规
《河北省税务行政处罚裁量基准》,税收违规,税,False,(匹配)财税与金融监管,,税收违规
《河北省税务行政处罚裁量基准》,税收违规,税,False,(匹配)财税与金融监管,,税收违规
《中华人民共和国增值税暂行条例》第九条,税收违规,增值税||税,False,(匹配)财税与金融监管,,税收违规
《中华人民共和国增值税暂行条例》第九条,税收违规,增值税||税,False,(匹配)财税与金融监管,,税收违规
《中华人民共和国增值税暂行条例》第九条,税收违规,增值税||税,False,(匹配)财税与金融监管,,税收违规
《中华人民共和国增值税暂行条例》第九条,税收违规,增值税||税,False,(匹配)财税与金融监管,,税收违规
《中华人民共和国增值税暂行条例》第九条,税收违规,增值税||税,False,(匹配)财税与金融监管,,税收违规
《中华人民共和国个人所得税法》第二条,税收违规,税,False,(匹配)财税与金融监管,,税收违规
《中华人民共和国增值税暂行条例实施细则》第十九条,税收违规,增值税||税,False,(匹配)财税与金融监管,,税收违规
《中华人民共和国增值税暂行条例实施细则》第十九条,税收违规,增值税||税,False,(匹配)财税与金融监管,,税收违规
《中华人民共和国增值税暂行条例实施细则》第三十八条第（一）项,税收违规,增值税||税,False,(匹配)财税与金融监管,,税收违规
《中华人民共和国增值税暂行条例实施细则》第三十八条,税收违规,增值税||税,False,(匹配)财税与金融监管,,税收违规
《中华人民共和国增值税暂行条例实施细则》第50号）第十九条,税收违规,增值税||税,False,(匹配)财税与金融监管,,税收违规
《中华人民共和国增值税暂行条例实施细则》第十四条,税收违规,增值税||税,False,(匹配)财税与金融监管,,税收违规
《中华人民共和国增值税暂行条例》第十条第一项,税收违规,增值税||税,False,(匹配)财税与金融监管,,税收违规
《中华人民共和国增值税暂行条例》第十九条,税收违规,增值税||税,False,(匹配)财税与金融监管,,税收违规
《房地产开发经营业务企业所得税处理办法》,税收违规,房地产||税,False,(匹配)房地产/土地||税收违规,,房地产/土地||税收违规
《中华人民共和国增值税暂行条例》第十条第一项,税收违规,增值税||税,False,(匹配)财税与金融监管,,税收违规
《中华人民共和国增值税暂行条例》第十条第一项,税收违规,增值税||税,False,(匹配)财税与金融监管,,税收违规
《中华人民共和国增值税暂行条例》第十条第一项,税收违规,增值税||税,False,(匹配)财税与金融监管,,税收违规
《中华人民共和国增值税暂行条例》第十条第一款,税收违规,增值税||税,False,(匹配)财税与金融监管,,税收违规
《营业税改征增值税试点实施办法》第四十五条第二项,税收违规,增值税||税,False,(匹配)财税与金融监管,,税收违规
《广东省税务系统规范税务行政处罚裁量权实施办法》,税收违规,税,False,(匹配)财税与金融监管,,税收违规
《中华人民共和国企业所得税法实施条例》第二十七条,税收违规,税,False,(匹配)财税与金融监管,,税收违规
《中华人民共和国企业所得税法》第十八条,税收违规,税,False,(匹配)财税与金融监管,,税收违规
《江苏省税务行政处罚裁量基准》,税收违规,税,False,(匹配)财税与金融监管,,税收违规
《税务行政处罚自由裁量基准》,税收违规,税,False,(匹配)财税与金融监管,,税收违规
《中华人民共和国企业所得税法》第六条,税收违规,税,False,(匹配)财税与金融监管,,税收违规
《中华人民共和国增值税暂行条例》第一条、第九条,税收违规,增值税||税,False,(匹配)财税与金融监管,,税收违规
《中华人民共和国增值税暂行条例》第一条、第九条,税收违规,增值税||税,False,(匹配)财税与金融监管,,税收违规
《中华人民共和国企业所得税法》第63号）第六条,税收违规,税,False,(匹配)财税与金融监管,,税收违规
《中华人民共和国企业所得税法》第一条,税收违规,税,False,(匹配)财税与金融监管,,税收违规
《中华人民共和国企业所得税法》第一条,税收违规,税,False,(匹配)财税与金融监管,,税收违规
《中华人民共和国企业所得税法》第五十四条第二款、第三款,税收违规,税,False,(匹配)财税与金融监管,,税收违规
《中华人民共和国企业所得税法》第八条,税收违规,税,False,(匹配)财税与金融监管,,税收违规
《中华人民共和国企业所得税法》第八条,税收违规,税,False,(匹配)财税与金融监管,,税收违规
《中华人民共和国企业所得税法》第八条,税收违规,税,False,(匹配)财税与金融监管,,税收违规
《中华人民共和国企业所得税法》第六条,税收违规,税,False,(匹配)财税与金融监管,,税收违规
《中华人民共和国增值税暂行条例》第538号）第九条,税收违规,增值税||税,False,(匹配)财税与金融监管,,税收违规
《中华人民共和国增值税暂行条例》第538号）第九条,税收违规,增值税||税,False,(匹配)财税与金融监管,,税收违规
《中华人民共和国税收征收管理法》第六十九条的规定,税收违规,税,False,(匹配)财税与金融监管,,税收违规
《中华人民共和国税收征收管理法》第六十九条的规定,税收违规,税,False,(匹配)财税与金融监管,,税收违规
《中华人民共和国税收征收管理法》第六十九条的规定,税收违规,税,False,(匹配)财税与金融监管,,税收违规
《中华人民共和国税收征收管理法》第六十九条的规定,税收违规,税,False,(匹配)财税与金融监管,,税收违规
《中华人民共和国税收征收管理法》第六十九条的规定,税收违规,税,False,(匹配)财税与金融监管,,税收违规
《中华人民共和国税收征收管理法》第六十九条,税收违规,税,False,(匹配)财税与金融监管,,税收违规
《中华人民共和国税收征收管理法》第六十九条,税收违规,税,False,(匹配)财税与金融监管,,税收违规
《中华人民共和国税收征收管理法》第六十九条,税收违规,税,False,(匹配)财税与金融监管,,税收违规
《中华人民共和国税收征收管理法》第六十九条,税收违规,税,False,(匹配)财税与金融监管,,税收违规
《中华人民共和国税收征收管理法》第六十九条,税收违规,税,False,(匹配)财税与金融监管,,税收违规
《中华人民共和国税收征收管理法》第六十九条,税收违规,税,False,(匹配)财税与金融监管,,税收违规
《中华人民共和国税收征收管理法》第六十九条,税收违规,税,False,(匹配)财税与金融监管,,税收违规
《中华人民共和国税收征收管理法》第六十九条,税收违规,税,False,(匹配)财税与金融监管,,税收违规
《中华人民共和国税收征收管理法》第六十九条,税收违规,税,False,(匹配)财税与金融监管,,税收违规
《中华人民共和国税收征收管理法》第六十九条,税收违规,税,False,(匹配)财税与金融监管,,税收违规
《中华人民共和国税收征收管理法》第六十九条,税收违规,税,False,(匹配)财税与金融监管,,税收违规
《中华人民共和国税收征收管理法》第六十九条,税收违规,税,False,(匹配)财税与金融监管,,税收违规
《中华人民共和国税收征收管理法》第六十九条,税收违规,税,False,(匹配)财税与金融监管,,税收违规
《中华人民共和国税收征收管理法》第六十四条第一款之规定,税收违规,税,False,(匹配)财税与金融监管,,税收违规
《中华人民共和国税收征收管理法》第六十四条第一款之规定,税收违规,税,False,(匹配)财税与金融监管,,税收违规
《中华人民共和国税收征收管理法》第六十四条第一款,税收违规,税,False,(匹配)财税与金融监管,,税收违规
《中华人民共和国税收征收管理法》第六十四条第一款,税收违规,税,False,(匹配)财税与金融监管,,税收违规
《中华人民共和国税收征收管理法》第六十四条,税收违规,纳税||税,False,(匹配)财税与金融监管,,税收违规
《中华人民共和国税收征收管理法》第六十四条,税收违规,税,False,(匹配)财税与金融监管,,税收违规
《中华人民共和国税收征收管理法》第六十四条,税收违规,税,False,(匹配)财税与金融监管,,税收违规
《中华人民共和国税收征收管理法》第六十二条,税收违规,税,False,(匹配)财税与金融监管,,税收违规
《中华人民共和国税收征收管理法》第六十二条,税收违规,税,False,(匹配)财税与金融监管,,税收违规
《中华人民共和国税收征收管理法》第六十二条,税收违规,税,False,(匹配)财税与金融监管,,税收违规
《中华人民共和国税收征收管理法》第六十二条,税收违规,税,False,(匹配)财税与金融监管,,税收违规
《中华人民共和国税收征收管理法》第六十九条,税收违规,税,False,(匹配)财税与金融监管,,税收违规
《中华人民共和国税收征收管理法》第六十九条,税收违规,税,False,(匹配)财税与金融监管,,税收违规
《中华人民共和国税收征收管理法》第六十九条,税收违规,税,False,(匹配)财税与金融监管,,税收违规
《中华人民共和国税收征收管理法》第六十九条,税收违规,税,False,(匹配)财税与金融监管,,税收违规
《中华人民共和国税收征收管理法》第六十九条,税收违规,税,False,(匹配)财税与金融监管,,税收违规
《中华人民共和国税收征收管理法》第六十九条,税收违规,税,False,(匹配)财税与金融监管,,税收违规
《中华人民共和国税收征收管理法》第六十三条,税收违规,ai,False,(匹配)财税与金融监管,,税收违规
《中华人民共和国税收征收管理法》第六十三条,税收违规,ai,False,(匹配)财税与金融监管,,税收违规
《中华人民共和国税收征收管理法》第六十三条第一款,税收违规,ai,False,(匹配)财税与金融监管,,税收违规
《中华人民共和国税收征收管理法》第六十三条第一款,税收违规,ai,False,(匹配)财税与金融监管,,税收违规
《中华人民共和国税收征收管理法》第六十三条第一款,税收违规,ai,False,(匹配)财税与金融监管,,税收违规
《中华人民共和国税收征收管理法》第六十三条第一款,税收违规,ai,False,(匹配)财税与金融监管,,税收违规
《中华人民共和国税收征收管理法》第六十九条,税收违规,ai,False,(匹配)财税与金融监管,,税收违规
《中华人民共和国税收征收管理法》第六十九条的规定,税收违规,ai,False,(匹配)财税与金融监管,,税收违规
《中华人民共和国税收征收管理法》第六十九条,税收违规,ai,False,(匹配)财税与金融监管,,税收违规
《中华人民共和国税收征收管理法》第六十二条,税收违规,ai,False,(匹配)财税与金融监管,,税收违规
《中华人民共和国税收征收管理法》第六十二条,税收违规,ai,False,(匹配)财税与金融监管,,税收违规
《中华人民共和国税收征收管理法》第六十二条,税收违规,ai,False,(匹配)财税与金融监管,,税收违规
《中华人民共和国税收征收管理法》第六十四条第一款,税收违规,ai,False,(匹配)财税与金融监管,,税收违规
《中华人民共和国税收征收管理法》第六十四条第二款,税收违规,ai,False,(匹配)财税与金融监管,,税收违规
《中华人民共和国税收征收管理法》第六十四条第二款,税收违规,ai,False,(匹配)财税与金融监管,,税收违规
《中华人民共和国税收征收管理法》第六十三条第一款,税收违规,税,False,(匹配)财税与金融监管,,税收违规
《中华人民共和国税收征收管理法》第六十三条第一款,税收违规,税,False,(匹配)财税与金融监管,,税收违规
《中华人民共和国税收征收管理法》第六十三条第一款,税收违规,税,False,(匹配)财税与金融监管,,税收违规
《中华人民共和国税收征收管理法》第六十三条第一款,税收违规,税,False,(匹配)财税与金融监管,,税收违规
《中华人民共和国税收征收管理法》第六十三条第一款,税收违规,税,False,(匹配)财税与金融监管,,税收违规
《中华人民共和国税收征收管理法》第六十三条第一款,税收违规,税,False,(匹配)财税与金融监管,,税收违规
《中华人民共和国税收征收管理法》第六十三条第一款,税收违规,税,False,(匹配)财税与金融监管,,税收违规
《中华人民共和国税收征收管理法》第六十三条第一款,税收违规,税,False,(匹配)财税与金融监管,,税收违规
《中华人民共和国税收征收管理法》第六十三条第一款,税收违规,税,False,(匹配)财税与金融监管,,税收违规
《中华人民共和国税收征收管理法》第六十三条第一款,税收违规,税,False,(匹配)财税与金融监管,,税收违规
《中华人民共和国税收征收管理法》第六十三条第一款,税收违规,税,False,(匹配)财税与金融监管,,税收违规
《中华人民共和国税收征收管理法》第六十三条第一款,税收违规,税,False,(匹配)财税与金融监管,,税收违规
《中华人民共和国税收征收管理法》第六十三条第一款的规定,税收违规,税,False,(匹配)财税与金融监管,,税收违规
《中华人民共和国税收征收管理法》第六十三条第一款的规定,税收违规,税,False,(匹配)财税与金融监管,,税收违规
《中华人民共和国税收征收管理法》第六十三条第一款的规定,税收违规,税,False,(匹配)财税与金融监管,,税收违规
《中华人民共和国税收征收管理法》第六十三条第一款,税收违规,税,False,(匹配)财税与金融监管,,税收违规
《中华人民共和国税收征收管理法》第六十三条第一款,税收违规,税,False,(匹配)财税与金融监管,,税收违规
《中华人民共和国税收征收管理法》第六十三条第一款,税收违规,税,False,(匹配)财税与金融监管,,税收违规
《中华人民共和国税收征收管理法》第六十三条第一款,税收违规,纳税||税,False,(匹配)财税与金融监管,,税收违规
《中华人民共和国税收征收管理法》第六十三条第一款,税收违规,税,False,(匹配)财税与金融监管,,税收违规
《中华人民共和国税收征收管理法》第六十三条第一款,税收违规,税,False,(匹配)财税与金融监管,,税收违规
《中华人民共和国税收征收管理法》第六十三条第一款,税收违规,税,False,(匹配)财税与金融监管,,税收违规
《中华人民共和国税收征收管理法》第六十四条第一款,税收违规,税,False,(匹配)财税与金融监管,,税收违规
《中华人民共和国个人所得税法》第二条、第八条,税收违规,ai,False,(匹配)财税与金融监管,,税收违规
《中华人民共和国个人所得税法实施条例》第二十五条,税收违规,ai,False,(匹配)财税与金融监管,,税收违规
《中华人民共和国税收征收管理法实施细则》第二十九条,税收违规,税,False,(匹配)财税与金融监管,,税收违规
《中华人民共和国增值税暂行条例》第八条,税收违规,ai,False,(匹配)财税与金融监管,,税收违规
《中华人民共和国增值税暂行条例》第十九条第(一)项,税收违规,ai,False,(匹配)财税与金融监管,,税收违规
《中华人民共和国税收征管法》第六十三条第一款,税收违规,税,False,(匹配)财税与金融监管,,税收违规
《中华人民共和国营业税暂行条例》,税收违规,税,False,(匹配)财税与金融监管,,税收违规
《中华人民共和国税收征收管理法》第四十条,税收违规,税,False,(匹配)财税与金融监管,,税收违规
《中华人民共和国税收征收管理法》第六十四第二款,税收违规,税,False,(匹配)财税与金融监管,,税收违规
《中华人民共和国税收征收管理法》第六十四条,税收违规,税,False,(匹配)财税与金融监管,,税收违规
《中华人民共和国税收征收管理法》第六十四条,税收违规,税,False,(匹配)财税与金融监管,,税收违规
《中华人民共和国税收征收管理法》第六十四条第二款,税收违规,税,False,(匹配)财税与金融监管,,税收违规
《中华人民共和国税收征收管理法》第六十四条第二款,税收违规,税,False,(匹配)财税与金融监管,,税收违规
《中华人民共和国税收征收管理法》第六十四条第二款的规定,税收违规,税,False,(匹配)财税与金融监管,,税收违规
《中华人民共和国税收征收管理法》第六十四条第二款,税收违规,税,False,(匹配)财税与金融监管,,税收违规
《中华人民共和国税收征收管理法》第六十四条第二款,税收违规,税,False,(匹配)财税与金融监管,,税收违规
《中华人民共和国税收征收管理法》第六十四条第二款,税收违规,税,False,(匹配)财税与金融监管,,税收违规
《中华人民共和国税收征收管理法》第六十四条第二款,税收违规,税,False,(匹配)财税与金融监管,,税收违规
《中华人民共和国税收征收管理法》第六十四条第二款,税收违规,税,False,(匹配)财税与金融监管,,税收违规
《中华人民共和国税收征收管理法》第六十四条第二款,税收违规,纳税||税,False,(匹配)财税与金融监管,,税收违规
《中华人民共和国税收征收管理法》第六十四条第二款,税收违规,纳税||税,False,(匹配)财税与金融监管,,税收违规
《中华人民共和国税收征收管理法》第六十四条第二款,税收违规,税,False,(匹配)财税与金融监管,,税收违规
《中华人民共和国税收征收管理法》第六十四条第二款,税收违规,税,False,(匹配)财税与金融监管,,税收违规
《中华人民共和国税收征收管理法》第六十四条第二款,税收违规,税,False,(匹配)财税与金融监管,,税收违规
《中华人民共和国税收征收管理法》第六十条,税收违规,税,False,(匹配)财税与金融监管,,税收违规
《中华人民共和国税收征收管理法》第四十条,税收违规,税,False,(匹配)财税与金融监管,,税收违规
《中华人民共和国税收征收管理法》第四十九号）第六十四条第二款,税收违规,税,False,(匹配)财税与金融监管,,税收违规
《中华人民共和国税收征收管理法》第四十九号）第六十九条,税收违规,税,False,(匹配)财税与金融监管,,税收违规
《中华人民共和国税收征收管理法》第四十九号第六十九条,税收违规,税,False,(匹配)财税与金融监管,,税收违规
《中华人民共和国税收征收管理法》第四十九号)第六十九条,税收违规,税,False,(匹配)财税与金融监管,,税收违规
《中华人民共和国税收征收管理法》第六十三条第一款,税收违规,税,False,(匹配)财税与金融监管,,税收违规
《中华人民共和国税收征收管理法》第十九条,税收违规,税,False,(匹配)财税与金融监管,,税收违规
《中华人民共和国税收征收管理法》第十九条,税收违规,税,False,(匹配)财税与金融监管,,税收违规
《中华人民共和国税收征收管理法》第六十条第一款第（二）项,税收违规,税,False,(匹配)财税与金融监管,,税收违规
《陕西省房产税实施细则》第五条,税收违规,税,False,(匹配)财税与金融监管,,税收违规
《中华人民共和国税收征收管理法》,税收违规,税,False,(匹配)财税与金融监管,,税收违规
《中华人民共和国税收征收管理法》第49号)第六十九条,税收违规,税,False,(匹配)财税与金融监管,,税收违规
《中华人民共和国税收征收管理法》第49号)第六十九条,税收违规,税,False,(匹配)财税与金融监管,,税收违规
《中华人民共和国税收征收管理法》第49号)第六十三条第一款,税收违规,税,False,(匹配)财税与金融监管,,税收违规
《中华人民共和国税收征收管理法》第49号)第六十三条,税收违规,税,False,(匹配)财税与金融监管,,税收违规
《中华人民共和国税收征收管理法》第49号）第六十三条,税收违规,税,False,(匹配)财税与金融监管,,税收违规
《中华人民共和国税收征收管理法》第49号）第六十三条,税收违规,税,False,(匹配)财税与金融监管,,税收违规
《中华人民共和国税收征收管理法》第49号）第六十三条,税收违规,税,False,(匹配)财税与金融监管,,税收违规
《中华人民共和国税收征收管理法》第49号）第六十三条第一款,税收违规,税,False,(匹配)财税与金融监管,,税收违规
《中华人民共和国税收征收管理法》第六十三条,税收违规,纳税||税,False,(匹配)财税与金融监管,,税收违规
《中华人民共和国税收征收管理法》第六十三条,税收违规,税,False,(匹配)财税与金融监管,,税收违规
《中华人民共和国税收征收管理法》第六十三条,税收违规,税,False,(匹配)财税与金融监管,,税收违规
《中华人民共和国税收征收管理法》第八十六条,税收违规,税,False,(匹配)财税与金融监管,,税收违规
《中华人民共和国税收征收管理法》第二款,税收违规,税,False,(匹配)财税与金融监管,,税收违规
《中华人民共和国税收征收管理法》第二十五条第一款,税收违规,税,False,(匹配)财税与金融监管,,税收违规
《中华人民共和国税收征收管理法》第二十五条第一款、第三十一条第一款,税收违规,税,False,(匹配)财税与金融监管,,税收违规
《中华人民共和国税收征收管理法》第二十五条第一款、第三十一条第一款,税收违规,税,False,(匹配)财税与金融监管,,税收违规
《中华人民共和国税收征收管理法》第二十五条第一款,税收违规,税,False,(匹配)财税与金融监管,,税收违规
《中华人民共和国税收征收管理法》第二十五条,税收违规,税,False,(匹配)财税与金融监管,,税收违规
《中华人民共和国税收征收管理法》第二十五条,税收违规,税,False,(匹配)财税与金融监管,,税收违规
《中华人民共和国税收征收管理法》第二十一条第二款,税收违规,税,False,(匹配)财税与金融监管,,税收违规
《中华人民共和国税收征收管理法》第六十三条,税收违规,税,False,(匹配)财税与金融监管,,税收违规
《中华人民共和国税收征收管理法》第二十一条第二款,税收违规,税,False,(匹配)财税与金融监管,,税收违规
《中华人民共和国税收征收管理法》第六十三条第一款之规定,税收违规,税,False,(匹配)财税与金融监管,,税收违规
《中华人民共和国税收征收管理法》第六十三条第一款之规定,税收违规,增值税||税,False,(匹配)财税与金融监管,,税收违规
《中华人民共和国税收征收管理法》第六十三条第一款之规定,税收违规,税,False,(匹配)财税与金融监管,,税收违规
《中华人民共和国税收征收管理法》第六十三条第一款,税收违规,税,False,(匹配)财税与金融监管,,税收违规
《中华人民共和国税收征收管理法》第六十三条第一款,税收违规,税,False,(匹配)财税与金融监管,,税收违规
《中华人民共和国税收征收管理法》第六十三条第一款,税收违规,税,False,(匹配)财税与金融监管,,税收违规
《中华人民共和国税收征收管理法》第六十三条第一款,税收违规,税,False,(匹配)财税与金融监管,,税收违规
《中华人民共和国税收征收管理法》第六十三条的规定,税收违规,税,False,(匹配)财税与金融监管,,税收违规
《中华人民共和国税收征收管理法》第六十三条,税收违规,税,False,(匹配)财税与金融监管,,税收违规
《中华人民共和国税收征收管理法》第六十三条,税收违规,税,False,(匹配)财税与金融监管,,税收违规
《中华人民共和国税收征收管理法》第六十三条,税收违规,税,False,(匹配)财税与金融监管,,税收违规
《中华人民共和国税收征收管理法》第六十三条,税收违规,税,False,(匹配)财税与金融监管,,税收违规
《中华人民共和国税收征收管理法》第三十一条第一款,税收违规,税,False,(匹配)财税与金融监管,,税收违规
《中华人民共和国税收征收管理法》第七十条,税收违规,税,False,(匹配)财税与金融监管,,税收违规
《中华人民共和国税收征收管理法》第53号）第六十三条第一款,税收违规,税,False,(匹配)财税与金融监管,,税收违规
《中华人民共和国税收征收管理法》第49号）第六十三条第一款,税收违规,税,False,(匹配)财税与金融监管,,税收违规
《中华人民共和国税收征收管理法》第三十二条,税收违规,纳税||税,False,(匹配)财税与金融监管,,税收违规
《中华人民共和国税收征收管理法》第三十五条,税收违规,税,False,(匹配)财税与金融监管,,税收违规
《中华人民共和国税收征收管理法》第三十二条,税收违规,纳税||税,False,(匹配)财税与金融监管,,税收违规
《中华人民共和国税收征收管理法》第三十二条,税收违规,纳税||税,False,(匹配)财税与金融监管,,税收违规
《中华人民共和国税收征收管理法》第三十二条,税收违规,纳税||税,False,(匹配)财税与金融监管,,税收违规
《陕西省房产税实施细则》第五条,税收违规,税,False,(匹配)财税与金融监管,,税收违规
《中华人民共和国税收征收管理法》第三十二条,税收违规,税,False,(匹配)财税与金融监管,,税收违规
《中华人民共和国税收征收管理法》第三十二条、第六十三条,税收违规,税,False,(匹配)财税与金融监管,,税收违规
《中华人民共和国税收征收管理法》第三十二条,税收违规,纳税||税,False,(匹配)财税与金融监管,,税收违规
《营业税改征增值税试点实施办法》第一条,税收违规,ai,False,(匹配)财税与金融监管,,税收违规
《增值税专用发票使用规定》第十二条,税收违规,增值税||发票||税,False,(匹配)财税与金融监管,,税收违规
《国家税务总局关于纳税人取得虚开的增值税专用发票处理问题的通知》,税收违规,纳税||增值税||发票||税,False,(匹配)财税与金融监管,,税收违规
《中华人民共和国税收征收管理法》第六十三条第一款,税收违规,税,False,(匹配)财税与金融监管,,税收违规
《中华人民共和国税收征收管理法》第六十四条第二款,税收违规,税,False,(匹配)财税与金融监管,,税收违规
《中华人民共和国印花税暂行条例》,税收违规,税,False,(匹配)财税与金融监管,,税收违规
《中华人民共和国印花税暂行条例》,税收违规,税,False,(匹配)财税与金融监管,,税收违规
《中华人民共和国印花税暂行条例》,税收违规,税,False,(匹配)财税与金融监管,,税收违规
《中华人民共和国印花税暂行条例》,税收违规,税,False,(匹配)财税与金融监管,,税收违规
《中华人民共和国印花税暂行条例》第一条,税收违规,税,False,(匹配)财税与金融监管,,税收违规
《中华人民共和国印花税暂行条例》第一条,税收违规,税,False,(匹配)财税与金融监管,,税收违规
《中华人民共和国印花税暂行条例》第一条、第二条,税收违规,税,False,(匹配)财税与金融监管,,税收违规
《中华人民共和国印花税暂行条例》,税收违规,税,False,(匹配)财税与金融监管,,税收违规
《中华人民共和国印花税暂行条例》第一条、第二条第(一)项、第三条,税收违规,税,False,(匹配)财税与金融监管,,税收违规
《中华人民共和国印花税暂行条例》第一条,税收违规,税,False,(匹配)财税与金融监管,,税收违规
《中华人民共和国城市维护建设税暂行条例》,税收违规,税,False,(匹配)财税与金融监管,,税收违规
《中华人民共和国城镇土地使用税暂行条例》第二条,税收违规,土地||税,False,(匹配)房地产/土地||税收违规,,房地产/土地||税收违规
《中华人民共和国城市维护建设税暂行条例》第三条,税收违规,税,False,(匹配)财税与金融监管,,税收违规
《中华人民共和国城市维护建设税暂行条例》第二条,税收违规,税,False,(匹配)财税与金融监管,,税收违规
《中华人民共和国房产税暂行条例》,税收违规,税,False,(匹配)财税与金融监管,,税收违规
《中华人民共和国城市维护建设税暂行条例》第二条、第三条、第四条,税收违规,税,False,(匹配)财税与金融监管,,税收违规
《中华人民共和国城市维护建设税暂行条例》第二条,税收违规,税,False,(匹配)财税与金融监管,,税收违规
《中华人民共和国城市维护建设税暂行条例》第三条,税收违规,税,False,(匹配)财税与金融监管,,税收违规
《中华人民共和国印花税暂行条例》,税收违规,税,False,(匹配)财税与金融监管,,税收违规
《中华人民共和国房产税暂行条例》第二条,税收违规,税,False,(匹配)财税与金融监管,,税收违规
《福建省税务行政处罚裁量权基准适用规则》,税收违规,税,False,(匹配)财税与金融监管,,税收违规
《中华人民共和国城市维护建设税暂行条例》,税收违规,税,False,(匹配)财税与金融监管,,税收违规
《中华人民共和国房产税暂行条例》第二条“房产税由产权所有人缴纳”、第四条,税收违规,税,False,(匹配)财税与金融监管,,税收违规
《中华人民共和国统计法》第七条,统计相关,中华人民共和国统计法,False,(匹配)统计相关,,统计相关
《中华人民共和国统计法》第四十一条第一款第(二)项和第二款,统计相关,中华人民共和国统计法,False,(匹配)统计相关,,统计相关
《中华人民共和国统计法》第四十一条第一款、第二款,统计相关,中华人民共和国统计法,False,(匹配)统计相关,,统计相关
《中华人民共和国统计法》第四十一条第一款第(二)项及第二款,统计相关,中华人民共和国统计法,False,(匹配)统计相关,,统计相关
《中华人民共和国统计法》第四十一条,统计相关,中华人民共和国统计法,False,(匹配)统计相关,,统计相关
《中华人民共和国统计法》第三十三条,统计相关,中华人民共和国统计法,False,(匹配)统计相关,,统计相关
《金融统计管理规定》第三十八条,统计相关,金融,False,(匹配)金融/账户,,金融/账户
《统计执法监督检查办法》第二十七条第(三)项和第二十八条,统计相关,ai,True,(匹配)统计相关,依据统计执法监督检查办法条款。,统计相关
《统计执法监督检查办法》第二十七条第(三)项及第二十八条,统计相关,ai,True,(匹配)统计相关,依据统计执法监督检查办法，属统计领域。,统计相关
《中华人民共和国统计法》第七条,统计相关,中华人民共和国统计法,False,(匹配)统计相关,,统计相关
《中华人民共和国统计法》第四十一条第一款第(二)项和第二款,统计相关,中华人民共和国统计法,False,(匹配)统计相关,,统计相关
《中华人民共和国统计法》第七条,统计相关,中华人民共和国统计法,False,(匹配)统计相关,,统计相关
《中华人民共和国统计法》第四十二条第一款及第二款,统计相关,中华人民共和国统计法,False,(匹配)统计相关,,统计相关
《中华人民共和国统计法》第四十二条第一款,统计相关,中华人民共和国统计法,False,(匹配)统计相关,,统计相关
《中华人民共和国统计法》第七条,统计相关,中华人民共和国统计法,False,(匹配)统计相关,,统计相关
《中华人民共和国统计法》第七条,统计相关,中华人民共和国统计法,False,(匹配)统计相关,,统计相关
《中华人民共和国统计法实施条例》第四条第三款,统计相关,中华人民共和国统计法,False,(匹配)统计相关,,统计相关
《中华人民共和国统计法》第四十一条第一款第二项和第二款,统计相关,中华人民共和国统计法,False,(匹配)统计相关,,统计相关
《贵州省大数据安全保障条例》第五十条,网络/数据安全,ai,False,,,网络/数据安全
《计算机信息网络国际联网安全保护管理办法》第十二条,网络/数据安全||安全生产,网络安全||安全,False,,,网络/数据安全||安全生产
《计算机信息网络国际联网安全保护管理办法》第十二条,网络/数据安全||安全生产,网络安全||安全,False,,,网络/数据安全||安全生产
《计算机信息网络国际联网安全保护管理办法》第十二条、第二十三条,网络/数据安全||安全生产,网络安全||安全,False,,,网络/数据安全||安全生产
《计算机信息网络国际联网安全保护管理办法》第十一条、第十二条、第二十三条,网络/数据安全||安全生产,网络安全||安全,False,,,网络/数据安全||安全生产
《计算机信息网络国际联网安全保护管理办法》第十一条、第十二条,网络/数据安全||安全生产,网络安全||安全,False,,,网络/数据安全||安全生产
《计算机信息网络国际联网安全保护管理办法》第二十一条第(二)项,网络/数据安全||安全生产,网络安全||安全,False,,,网络/数据安全||安全生产
《计算机信息网络国际联网安全保护管理办法》第二十一条第(二)项,网络/数据安全||安全生产,网络安全||安全,False,,,网络/数据安全||安全生产
《计算机信息网络国际联网安全保护管理办法》第二十一条第(一)项,网络/数据安全||安全生产,网络安全||安全,False,,,网络/数据安全||安全生产
《中华人民共和国网络安全法》第二十五条,网络安全,网络安全||安全,False,(匹配)网络/数据安全||安全生产,,网络/数据安全||安全生产
《中华人民共和国网络安全法》第五十九条第一款,网络安全,网络安全||安全,False,(匹配)网络/数据安全||安全生产,,网络/数据安全||安全生产
《中华人民共和国网络安全法》第二十五条、第五十九条第一款,网络安全,网络安全||安全,False,(匹配)网络/数据安全||安全生产,,网络/数据安全||安全生产
《中华人民共和国网络安全法》第五十九条第一款,网络安全,网络安全||安全,False,(匹配)网络/数据安全||安全生产,,网络/数据安全||安全生产
《中华人民共和国网络安全法》第五十九条,网络安全,网络安全||安全,False,(匹配)网络/数据安全||安全生产,,网络/数据安全||安全生产
《中华人民共和国网络安全法》第五十九条,网络安全,网络安全||安全,False,(匹配)网络/数据安全||安全生产,,网络/数据安全||安全生产
《中华人民共和国网络安全法》第二十一条、第二十五条、第五十九条第一款,网络安全,网络安全||安全,False,(匹配)网络/数据安全||安全生产,,网络/数据安全||安全生产
《中华人民共和国网络安全法》第二十一条,网络安全,网络安全||安全,False,(匹配)网络/数据安全||安全生产,,网络/数据安全||安全生产
《中华人民共和国网络安全法》第二十一条,网络安全,网络安全||安全,False,(匹配)网络/数据安全||安全生产,,网络/数据安全||安全生产
《中华人民共和国网络安全法》第二十一条,网络安全,网络安全||安全,False,(匹配)网络/数据安全||安全生产,,网络/数据安全||安全生产
《快递市场管理办法》第10条第2款,网络市场交易/市场秩序,快递市场管理办法,False,(匹配)网络市场交易/市场秩序,,网络市场交易/市场秩序
《中华人民共和国广告法》第七条,虚假广告/虚假宣传,广告,False,(匹配)市场秩序与竞争监管,,虚假广告/虚假宣传
《中华人民共和国广告法》第十七条,虚假广告/虚假宣传,ai,False,(匹配)市场秩序与竞争监管,,虚假广告/虚假宣传
《中华人民共和国广告法》第七条第二款第（二）项,虚假广告/虚假宣传,广告,False,(匹配)市场秩序与竞争监管,,虚假广告/虚假宣传
《中华人民共和国广告法》第四条,虚假广告/虚假宣传,广告,False,(匹配)市场秩序与竞争监管,,虚假广告/虚假宣传
《中华人民共和国广告法》,虚假广告/虚假宣传,广告,False,(匹配)市场秩序与竞争监管,,虚假广告/虚假宣传
《中华人民共和国广告法》第三十七条,虚假广告/虚假宣传,广告,False,(匹配)市场秩序与竞争监管,,虚假广告/虚假宣传
《中华人民共和国广告法》第三十七条,虚假广告/虚假宣传,广告,False,(匹配)市场秩序与竞争监管,,虚假广告/虚假宣传
《中华人民共和国广告法》第四条,虚假广告/虚假宣传,广告,False,(匹配)市场秩序与竞争监管,,虚假广告/虚假宣传
《中华人民共和国广告法》第七条第二款第（九）项,虚假广告/虚假宣传,广告,False,(匹配)市场秩序与竞争监管,,虚假广告/虚假宣传
《中华人民共和国广告法》第三十九条,虚假广告/虚假宣传,广告,False,(匹配)市场秩序与竞争监管,,虚假广告/虚假宣传
《中华人民共和国广告法》第九条第(三)项,虚假广告/虚假宣传,广告,False,(匹配)市场秩序与竞争监管,,虚假广告/虚假宣传
《中华人民共和国广告法》第九条,虚假广告/虚假宣传,广告,False,(匹配)市场秩序与竞争监管,,虚假广告/虚假宣传
《中华人民共和国广告法》第三十四条,虚假广告/虚假宣传,广告,False,(匹配)市场秩序与竞争监管,,虚假广告/虚假宣传
《中华人民共和国广告法》第三十九条,虚假广告/虚假宣传,广告,False,(匹配)市场秩序与竞争监管,,虚假广告/虚假宣传
《中华人民共和国广告法》第三十九条,虚假广告/虚假宣传,广告,False,(匹配)市场秩序与竞争监管,,虚假广告/虚假宣传
《中华人民共和国广告法》第九条第（三）项,虚假广告/虚假宣传,广告,False,(匹配)市场秩序与竞争监管,,虚假广告/虚假宣传
《中华人民共和国广告法》第四十三条,虚假广告/虚假宣传,广告,False,(匹配)市场秩序与竞争监管,,虚假广告/虚假宣传
《中华人民共和国广告法》第七条第二款第（三）项,虚假广告/虚假宣传,广告,False,(匹配)市场秩序与竞争监管,,虚假广告/虚假宣传
《中华人民共和国广告法》第七条第二款第（三）项,虚假广告/虚假宣传,广告,False,(匹配)市场秩序与竞争监管,,虚假广告/虚假宣传
《中华人民共和国广告法》第四十六条,虚假广告/虚假宣传,广告,False,(匹配)市场秩序与竞争监管,,虚假广告/虚假宣传
《中华人民共和国广告法》第四十六条,虚假广告/虚假宣传,广告,False,(匹配)市场秩序与竞争监管,,虚假广告/虚假宣传
《中华人民共和国广告法》第二十八条第二款第(二)项,虚假广告/虚假宣传,广告,False,(匹配)市场秩序与竞争监管,,虚假广告/虚假宣传
《中华人民共和国广告法》第七条第二款第（三）项,虚假广告/虚假宣传,广告,False,(匹配)市场秩序与竞争监管,,虚假广告/虚假宣传
《中华人民共和国广告法》第十条,虚假广告/虚假宣传,广告,False,(匹配)市场秩序与竞争监管,,虚假广告/虚假宣传
《中华人民共和国广告法》第四条之规定,虚假广告/虚假宣传,广告,False,(匹配)市场秩序与竞争监管,,虚假广告/虚假宣传
《中华人民共和国广告法》第四条和第二十八条第二款第(二)项,虚假广告/虚假宣传,广告,False,(匹配)市场秩序与竞争监管,,虚假广告/虚假宣传
《中华人民共和国广告法》第四条的规定,虚假广告/虚假宣传,广告,False,(匹配)市场秩序与竞争监管,,虚假广告/虚假宣传
《中华人民共和国广告法》第四十条,虚假广告/虚假宣传,广告,False,(匹配)市场秩序与竞争监管,,虚假广告/虚假宣传
《中华人民共和国广告法》第四条,虚假广告/虚假宣传,广告,False,(匹配)市场秩序与竞争监管,,虚假广告/虚假宣传
《中华人民共和国广告法》第四十条第一款,虚假广告/虚假宣传,广告,False,(匹配)市场秩序与竞争监管,,虚假广告/虚假宣传
《中华人民共和国广告法》第二十八条第一款、第二款,虚假广告/虚假宣传,广告,False,(匹配)市场秩序与竞争监管,,虚假广告/虚假宣传
《中华人民共和国广告法》第四条,虚假广告/虚假宣传,广告,False,(匹配)市场秩序与竞争监管,,虚假广告/虚假宣传
《广告法》,虚假广告/虚假宣传,广告,False,(匹配)市场秩序与竞争监管,,虚假广告/虚假宣传
《广告法》,虚假广告/虚假宣传,广告,False,(匹配)市场秩序与竞争监管,,虚假广告/虚假宣传
《广告法》,虚假广告/虚假宣传,广告,False,(匹配)市场秩序与竞争监管,,虚假广告/虚假宣传
《广告法》第七条第二款第（三）项,虚假广告/虚假宣传,广告,False,(匹配)市场秩序与竞争监管,,虚假广告/虚假宣传
《中华人民共和国广告法》第十一条第一款,虚假广告/虚假宣传,广告,False,(匹配)市场秩序与竞争监管,,虚假广告/虚假宣传
《中华人民共和国广告法》第五十五条第一款,虚假广告/虚假宣传,广告,False,(匹配)市场秩序与竞争监管,,虚假广告/虚假宣传
《中华人民共和国广告法》第五十七条第一款,虚假广告/虚假宣传,广告,False,(匹配)市场秩序与竞争监管,,虚假广告/虚假宣传
《中华人民共和国广告法》第五十七条第(一)项,虚假广告/虚假宣传,广告,False,(匹配)市场秩序与竞争监管,,虚假广告/虚假宣传
《户外广告登记管理规定》第五条第一款第（一）项,虚假广告/虚假宣传,广告||广告登记||户外广告||登记管理||登记||户外广告登记,False,(匹配)虚假广告/虚假宣传||无照经营/登记问题,,虚假广告/虚假宣传||无照经营/登记问题
《中华人民共和国广告法》第五十七条第一款第（一）项,虚假广告/虚假宣传,广告,False,(匹配)市场秩序与竞争监管,,虚假广告/虚假宣传
《中华人民共和国广告法》第五十五条第一款,虚假广告/虚假宣传,广告,False,(匹配)市场秩序与竞争监管,,虚假广告/虚假宣传
《中华人民共和国广告法》第五十七条第(一)项,虚假广告/虚假宣传,广告,False,(匹配)市场秩序与竞争监管,,虚假广告/虚假宣传
《广告法》第三十九条,虚假广告/虚假宣传,广告,False,(匹配)市场秩序与竞争监管,,虚假广告/虚假宣传
《户外广告登记管理规定》第五条第一款第（一）项,虚假广告/虚假宣传,广告||广告登记||户外广告||登记管理||登记||户外广告登记,False,(匹配)虚假广告/虚假宣传||无照经营/登记问题,,虚假广告/虚假宣传||无照经营/登记问题
《中华人民共和国广告法》第五十九条第三款,虚假广告/虚假宣传,广告,False,(匹配)市场秩序与竞争监管,,虚假广告/虚假宣传
《户外广告登记管理规定》第三条,虚假广告/虚假宣传,广告||广告登记||户外广告||登记管理||登记||户外广告登记,False,(匹配)虚假广告/虚假宣传||无照经营/登记问题,,虚假广告/虚假宣传||无照经营/登记问题
《中华人民共和国广告法》第五十九条,虚假广告/虚假宣传,广告,False,(匹配)市场秩序与竞争监管,,虚假广告/虚假宣传
《户外广告登记管理规定》第五条第一款,虚假广告/虚假宣传,广告||广告登记||户外广告||登记管理||登记||户外广告登记,False,(匹配)虚假广告/虚假宣传||无照经营/登记问题,,虚假广告/虚假宣传||无照经营/登记问题
《户外广告登记管理规定》第五条第一款第一项,虚假广告/虚假宣传,广告||广告登记||户外广告||登记管理||登记||户外广告登记,False,(匹配)虚假广告/虚假宣传||无照经营/登记问题,,虚假广告/虚假宣传||无照经营/登记问题
《中华人民共和国广告法》第五十五条,虚假广告/虚假宣传,广告,False,(匹配)市场秩序与竞争监管,,虚假广告/虚假宣传
《中华人民共和国广告法》第五十七条第（一）项,虚假广告/虚假宣传,广告,False,(匹配)市场秩序与竞争监管,,虚假广告/虚假宣传
《中华人民共和国广告法》第五十九条第一款第(二)项,虚假广告/虚假宣传,广告,False,(匹配)市场秩序与竞争监管,,虚假广告/虚假宣传
《中华人民共和国广告法》第五十九条第一款,虚假广告/虚假宣传,广告,False,(匹配)市场秩序与竞争监管,,虚假广告/虚假宣传
《中华人民共和国广告法》第五十七条第（一）项,虚假广告/虚假宣传,广告,False,(匹配)市场秩序与竞争监管,,虚假广告/虚假宣传
《中华人民共和国广告法》第五十九条,虚假广告/虚假宣传,广告,False,(匹配)市场秩序与竞争监管,,虚假广告/虚假宣传
《户外广告登记管理规定》第五条,虚假广告/虚假宣传,广告||广告登记||户外广告||登记管理||登记||户外广告登记,False,(匹配)虚假广告/虚假宣传||无照经营/登记问题,,虚假广告/虚假宣传||无照经营/登记问题
《中华人民共和国广告法》第五十八条,虚假广告/虚假宣传,广告,False,(匹配)市场秩序与竞争监管,,虚假广告/虚假宣传
《中华人民共和国广告法》第五十八条,虚假广告/虚假宣传,广告,False,(匹配)市场秩序与竞争监管,,虚假广告/虚假宣传
《中华人民共和国广告法》第五十八条,虚假广告/虚假宣传,广告,False,(匹配)市场秩序与竞争监管,,虚假广告/虚假宣传
《中华人民共和国广告法》第五十八条第(一)款第(一)项,虚假广告/虚假宣传,广告,False,(匹配)市场秩序与竞争监管,,虚假广告/虚假宣传
《中华人民共和国广告法》第十六条第一款第（五）项,虚假广告/虚假宣传,广告,False,(匹配)市场秩序与竞争监管,,虚假广告/虚假宣传
《中华人民共和国广告法》第五十五条第一款,虚假广告/虚假宣传,广告,False,(匹配)市场秩序与竞争监管,,虚假广告/虚假宣传
《中华人民共和国广告法》第二十六条,虚假广告/虚假宣传,广告,False,(匹配)市场秩序与竞争监管,,虚假广告/虚假宣传
《中华人民共和国广告法》第五十五条第一款,虚假广告/虚假宣传,广告,False,(匹配)市场秩序与竞争监管,,虚假广告/虚假宣传
《中华人民共和国广告法》第五十五条第一款,虚假广告/虚假宣传,广告,False,(匹配)市场秩序与竞争监管,,虚假广告/虚假宣传
《中华人民共和国广告法》第五十五条第一款,虚假广告/虚假宣传,广告,False,(匹配)市场秩序与竞争监管,,虚假广告/虚假宣传
《中华人民共和国广告法》第五十五条第三款,虚假广告/虚假宣传,广告,False,(匹配)市场秩序与竞争监管,,虚假广告/虚假宣传
《中华人民共和国广告法》第五十八条第一款第（八）项,虚假广告/虚假宣传,广告,False,(匹配)市场秩序与竞争监管,,虚假广告/虚假宣传
《户外广告登记管理规定》第十八条,虚假广告/虚假宣传,广告||广告登记||户外广告||登记管理||登记||户外广告登记,False,(匹配)虚假广告/虚假宣传||无照经营/登记问题,,虚假广告/虚假宣传||无照经营/登记问题
《中华人民共和国广告法》第二十八条第二款,虚假广告/虚假宣传,广告,False,(匹配)市场秩序与竞争监管,,虚假广告/虚假宣传
《户外广告登记管理规定》第十八条,虚假广告/虚假宣传,广告||广告登记||户外广告||登记管理||登记||户外广告登记,False,(匹配)虚假广告/虚假宣传||无照经营/登记问题,,虚假广告/虚假宣传||无照经营/登记问题
《户外广告登记管理规定》第十八条,虚假广告/虚假宣传,广告||广告登记||户外广告||登记管理||登记||户外广告登记,False,(匹配)虚假广告/虚假宣传||无照经营/登记问题,,虚假广告/虚假宣传||无照经营/登记问题
《户外广告登记管理规定》第十八条“违反第五条、第十一条,虚假广告/虚假宣传,广告||广告登记||户外广告||登记管理||登记||户外广告登记,False,(匹配)虚假广告/虚假宣传||无照经营/登记问题,,虚假广告/虚假宣传||无照经营/登记问题
《中华人民共和国广告法》第十六条第一款第一项,虚假广告/虚假宣传,广告,False,(匹配)市场秩序与竞争监管,,虚假广告/虚假宣传
《中华人民共和国广告法》第五十七条,虚假广告/虚假宣传,广告,False,(匹配)市场秩序与竞争监管,,虚假广告/虚假宣传
《中华人民共和国广告法》第五十七条,虚假广告/虚假宣传,广告,False,(匹配)市场秩序与竞争监管,,虚假广告/虚假宣传
《中华人民共和国广告法》第二条第二款,虚假广告/虚假宣传,广告,False,(匹配)市场秩序与竞争监管,,虚假广告/虚假宣传
《户外广告登记管理规定》第五条第一款第（一）项,虚假广告/虚假宣传,广告||广告登记||户外广告||登记管理||登记||户外广告登记,False,(匹配)虚假广告/虚假宣传||无照经营/登记问题,,虚假广告/虚假宣传||无照经营/登记问题
《中华人民共和国广告法》第五十八条第一款第(二)项和第三款,虚假广告/虚假宣传,广告,False,(匹配)市场秩序与竞争监管,,虚假广告/虚假宣传
《户外广告登记管理规定》第五条第一款,虚假广告/虚假宣传,广告||广告登记||户外广告||登记管理||登记||户外广告登记,False,(匹配)虚假广告/虚假宣传||无照经营/登记问题,,虚假广告/虚假宣传||无照经营/登记问题
《中华人民共和国广告法》第十七条,虚假广告/虚假宣传,广告,False,(匹配)市场秩序与竞争监管,,虚假广告/虚假宣传
《中华人民共和国广告法》第十七条,虚假广告/虚假宣传,广告,False,(匹配)市场秩序与竞争监管,,虚假广告/虚假宣传
《中华人民共和国广告法》第五十七条,虚假广告/虚假宣传,广告,False,(匹配)市场秩序与竞争监管,,虚假广告/虚假宣传
《中华人民共和国广告法》第五十八条第二项,虚假广告/虚假宣传,广告,False,(匹配)市场秩序与竞争监管,,虚假广告/虚假宣传
《中华人民共和国广告法》第二十六条,虚假广告/虚假宣传,广告,False,(匹配)市场秩序与竞争监管,,虚假广告/虚假宣传
《户外广告登记管理规定》第五条第（一）项,虚假广告/虚假宣传,广告||广告登记||户外广告||登记管理||登记||户外广告登记,False,(匹配)虚假广告/虚假宣传||无照经营/登记问题,,虚假广告/虚假宣传||无照经营/登记问题
《中华人民共和国广告法》第十五条第二款,虚假广告/虚假宣传,广告,False,(匹配)市场秩序与竞争监管,,虚假广告/虚假宣传
《广告法》第四条,虚假广告/虚假宣传,广告,False,(匹配)市场秩序与竞争监管,,虚假广告/虚假宣传
《中华人民共和国广告法》第二十六条第一款第一项,虚假广告/虚假宣传,广告,False,(匹配)市场秩序与竞争监管,,虚假广告/虚假宣传
《中华人民共和国广告法》第二十六条第（二）项,虚假广告/虚假宣传,广告,False,(匹配)市场秩序与竞争监管,,虚假广告/虚假宣传
《中华人民共和国广告法》第二十六条第（二）项,虚假广告/虚假宣传,广告,False,(匹配)市场秩序与竞争监管,,虚假广告/虚假宣传
《房地产广告发布暂行规定》第十条,虚假广告/虚假宣传||房地产/土地,广告||房地产,False,,,虚假广告/虚假宣传||房地产/土地
《房地产广告发布暂行规定》第十六条,虚假广告/虚假宣传||房地产/土地,广告||房地产,False,,,虚假广告/虚假宣传||房地产/土地
《房地产广告发布暂行规定》第六条第一款第（三）项,虚假广告/虚假宣传||房地产/土地,广告||房地产,False,,,虚假广告/虚假宣传||房地产/土地
《房地产广告发布暂行规定》第二十一条,虚假广告/虚假宣传||房地产/土地,广告||房地产,False,,,虚假广告/虚假宣传||房地产/土地
《房地产广告发布暂行规定》第二十一条,虚假广告/虚假宣传||房地产/土地,广告||房地产,False,,,虚假广告/虚假宣传||房地产/土地
《房地产广告发布暂行规定》第二十一条,虚假广告/虚假宣传||房地产/土地,广告||房地产,False,,,虚假广告/虚假宣传||房地产/土地
《甘肃红柳广告》,虚假广告/虚假宣传||房地产/土地,广告||房地产,False,,,虚假广告/虚假宣传||房地产/土地
《房地产广告发布暂行规定》第四条第（四）项,虚假广告/虚假宣传||房地产/土地,广告||房地产,False,,,虚假广告/虚假宣传||房地产/土地
《房地产广告发布规定》第七条第一款第（三）项,虚假广告/虚假宣传||房地产/土地,广告||房地产,False,,,虚假广告/虚假宣传||房地产/土地
《房地产广告发布规定》第二十一条,虚假广告/虚假宣传||房地产/土地,广告||房地产,False,,,虚假广告/虚假宣传||房地产/土地
《保险营销员管理规定》第五十七条,财税与金融监管,保险,False,,,金融/信贷违规
《保险营销员管理规定》第五十八条,财税与金融监管,保险,False,,,金融/信贷违规
《保险营销员管理规定》第四十七条,财税与金融监管,保险,False,,,金融/信贷违规
《中华人民共和国发票管理办法》第三十六条,财税与金融监管,发票,False,,,税收违规
《中华人民共和国发票管理办法》第三十六条第二款,财税与金融监管,发票,False,,,税收违规
《中华人民共和国发票管理办法》第三十六条第二款,财税与金融监管,发票,False,,,税收违规
《中华人民共和国发票管理办法》第三十六条第二款,财税与金融监管,发票,False,,,税收违规
《中华人民共和国发票管理办法》第二十一条,财税与金融监管,发票,False,,,税收违规
《中华人民共和国发票管理办法实施细则》第三十一条,财税与金融监管,发票,False,,,税收违规
《中华人民共和国发票管理办法》第二十四条第一款第（二）项,财税与金融监管,发票,False,,,税收违规
《中华人民共和国发票管理办法》第二十二条第二款第（二）项,财税与金融监管,发票,False,,,税收违规
《保险营销员管理规定》第五十八条,财税与金融监管,保险,False,,,金融/信贷违规
《中华人民共和国发票管理办法》第二十二条,财税与金融监管,发票,False,,,税收违规
《中华人民共和国发票管理办法》第二十二条,财税与金融监管,发票,False,,,税收违规
《保险营销员管理规定》第五十七条,财税与金融监管,保险,False,,,金融/信贷违规
《中华人民共和国发票管理办法》第二十九条,财税与金融监管,发票,False,,,税收违规
《保险公司管理规定》第六十九条,财税与金融监管,保险,False,,,金融/信贷违规
《中华人民共和国发票管理办法》第二十一条,财税与金融监管,发票,False,,,税收违规
《中华人民共和国发票管理办法》第二十二条第二款第二项,财税与金融监管,发票,False,,,税收违规
《中华人民共和国发票管理办法》第二十二条,财税与金融监管,发票,False,,,税收违规
《中华人民共和国发票管理办法》第二十二条第二款、第三十七条第一款,财税与金融监管,发票,False,,,税收违规
《中华人民共和国发票管理办法》第二十二条第二款,财税与金融监管,发票,False,,,税收违规
《中华人民共和国发票管理办法》第二十二条第二款,财税与金融监管,发票,False,,,税收违规
《中华人民共和国发票管理办法》第三十五条第六款,财税与金融监管,发票,False,,,税收违规
《中华人民共和国公司法》第二百一十一条第一款,财税与金融监管,ai,False,其他违法行为,该条主要规范公司财务会计行为。,会计/账务
《中华人民共和国发票管理办法》第三十五条,财税与金融监管,发票,False,,,税收违规
《中华人民共和国发票管理办法》第三十五条,财税与金融监管,发票,False,,,税收违规
《中华人民共和国发票管理办法》第三十九条,财税与金融监管,发票,False,,,税收违规
《中华人民共和国发票管理办法》第三十九条第二项,财税与金融监管,发票,False,,,税收违规
《中华人民共和国发票管理办法》第三十九条第二项,财税与金融监管,发票,False,,,税收违规
《中华人民共和国发票管理办法》第三十七条,财税与金融监管,发票,False,,,税收违规
《中华人民共和国发票管理办法》第三十五条第(一)项,财税与金融监管,ai,False,,,会计/账务
《中华人民共和国发票管理办法》第三十五条第八项,财税与金融监管,ai,False,,,会计/账务
《中华人民共和国发票管理办法》第三十五条第（一）项,财税与金融监管,ai,False,,,会计/账务
《中华人民共和国发票管理办法》第二十九条,财税与金融监管,ai,False,,,会计/账务
《中华人民共和国发票管理办法》第二十二条,财税与金融监管,ai,False,,,会计/账务
《中华人民共和国发票管理办法》第三十九条第(二)项,财税与金融监管,发票,False,,,税收违规
《中华人民共和国发票管理办法》第三十九条的规定,财税与金融监管,发票,False,,,税收违规
《中华人民共和国发票管理办法》第三十九条,财税与金融监管,发票,False,,,税收违规
《保险公司管理规定》第九十五条,财税与金融监管,保险,False,,,金融/信贷违规
《保险公司管理规定》第九十五条,财税与金融监管,保险,False,,,金融/信贷违规
《保险公司管理规定》第五十一条,财税与金融监管,保险,False,,,金融/信贷违规
《保险公司管理规定》第九十九条,财税与金融监管,保险||警告,False,,,金融/信贷违规
《保险公司管理规定》第五十五条,财税与金融监管,保险,False,,,金融/信贷违规
《保险公司管理规定》第六十九条,财税与金融监管,保险,False,,,金融/信贷违规
《保险公司管理规定》第六十九条,财税与金融监管,保险,False,,,金融/信贷违规
《保险公司管理规定》第六十九条,财税与金融监管,保险,False,,,金融/信贷违规
《保险公司管理规定》第六十九条的规定,财税与金融监管,保险,False,,,金融/信贷违规
《保险公司管理规定》第九十九条,财税与金融监管,保险,False,,,金融/信贷违规
《中华人民共和国发票管理办法》第三十六条,财税与金融监管,发票,False,,,税收违规
《中华人民共和国发票管理办法》第三十六条第二款,财税与金融监管,发票,False,,,税收违规
《中华人民共和国发票管理办法》第三十六条,财税与金融监管,发票,False,,,税收违规
《保险公司管理规定》第九十九条,财税与金融监管,保险,False,,,金融/信贷违规
《保险公司管理规定》第九十九条,财税与金融监管,保险,False,,,金融/信贷违规
《保险公司管理规定》第九十九条,财税与金融监管,保险,False,,,金融/信贷违规
《保险公司管理规定》第九十九条,财税与金融监管,保险,False,,,金融/信贷违规
《中华人民共和国发票管理办法》第三十六条第二款,财税与金融监管,发票,False,,,税收违规
《保险公司管理规定》第六十条、第七十三条、第九十五条,财税与金融监管,保险,False,,,金融/信贷违规
《中华人民共和国发票管理办法》第三十五条,财税与金融监管,发票,False,,,税收违规
《保险兼业代理管理暂行办法》第三十七条,财税与金融监管,保险||保险法,False,,,金融/信贷违规
《中华人民共和国无线电管理条例》第三十八条第一款,通讯,ai,False,(匹配)*无线电管理违规*,依据无线电管理条例，属频率台站管理。,*无线电管理违规*
《保险法》第一百七十二条,金融/信贷违规,保险||保险法,False,(匹配)财税与金融监管,,金融/信贷违规
《保险法》第一百七十三条,金融/信贷违规,保险||保险法,False,(匹配)财税与金融监管,,金融/信贷违规
《保险法》第一百七十三条,金融/信贷违规,保险||保险法,False,(匹配)财税与金融监管,,金融/信贷违规
《保险法》第一百七十二条,金融/信贷违规,保险||保险法,False,(匹配)财税与金融监管,,金融/信贷违规
《保险法》第一百七十二条,金融/信贷违规,保险||保险法,False,(匹配)财税与金融监管,,金融/信贷违规
《保险法》第一百三十九条第一款、第一百四十七条第一款第(一)项,金融/信贷违规,保险||保险法,False,(匹配)财税与金融监管,,金融/信贷违规
《保险法》第一百三十九条第一款,金融/信贷违规,保险||保险法,False,(匹配)财税与金融监管,,金融/信贷违规
《保险法》第一百三十九条,金融/信贷违规,保险||保险法,False,(匹配)财税与金融监管,,金融/信贷违规
《保险法》第一百七十条,金融/信贷违规,保险||保险法,False,(匹配)财税与金融监管,,金融/信贷违规
《保险法》第一百七十条,金融/信贷违规,保险||保险法,False,(匹配)财税与金融监管,,金融/信贷违规
《保险法》第一百七十一条,金融/信贷违规,保险||保险法,False,(匹配)财税与金融监管,,金融/信贷违规
《保险法》第86条,金融/信贷违规,保险||保险法,False,(匹配)财税与金融监管,,金融/信贷违规
《保险法》第173条,金融/信贷违规,保险||保险法,False,(匹配)财税与金融监管,,金融/信贷违规
《保险法》第一百一十九条,金融/信贷违规,保险||保险法,False,(匹配)财税与金融监管,,金融/信贷违规
《保险法》第一百一十六条,金融/信贷违规,保险||保险法,False,(匹配)财税与金融监管,,金融/信贷违规
《保险法》第一百一十六条第四项,金融/信贷违规,保险||保险法,False,(匹配)财税与金融监管,,金融/信贷违规
《保险法》第一百一十六条第八项,金融/信贷违规,保险||保险法,False,(匹配)财税与金融监管,,金融/信贷违规
《保险法》第一百一十六条第八款,金融/信贷违规,保险||保险法,False,(匹配)财税与金融监管,,金融/信贷违规
《保险法》第一百七十一条之规定,金融/信贷违规,保险||保险法,False,(匹配)财税与金融监管,,金融/信贷违规
《保险法》第一百零六条,金融/信贷违规,保险||保险法,False,(匹配)财税与金融监管,,金融/信贷违规
《保险法》第一百零六条,金融/信贷违规,保险||保险法,False,(匹配)财税与金融监管,,金融/信贷违规
《保险法》第一百四十七条第一款第(一)项的规定,金融/信贷违规,保险||保险法,False,(匹配)财税与金融监管,,金融/信贷违规
《保险法》第一百四十七条,金融/信贷违规,保险||保险法,False,(匹配)财税与金融监管,,金融/信贷违规
《保险法》第一百四十七条,金融/信贷违规,保险||保险法,False,(匹配)财税与金融监管,,金融/信贷违规
《保险法》第八十六条,金融/信贷违规,保险||保险法,False,(匹配)财税与金融监管,,金融/信贷违规
《保险法》第八十六条第二款,金融/信贷违规,保险||保险法,False,(匹配)财税与金融监管,,金融/信贷违规
《保险法》第一百六十条,金融/信贷违规,保险||保险法,False,(匹配)财税与金融监管,,金融/信贷违规
《保险法》第一百六十七条,金融/信贷违规,保险||保险法,False,(匹配)财税与金融监管,,金融/信贷违规
《保险法》第一百二十二条,金融/信贷违规,保险||保险法,False,(匹配)财税与金融监管,,金融/信贷违规
《保险法》第一百二十三条,金融/信贷违规,保险||保险法,False,(匹配)财税与金融监管,,金融/信贷违规
《保险法》第一百六十二条,金融/信贷违规,保险||保险法,False,(匹配)财税与金融监管,,金融/信贷违规
《中华人民共和国保险法》第一百七十条,金融/信贷违规,保险||保险法,False,(匹配)财税与金融监管,,金融/信贷违规
《保险法》第一百六十二条,金融/信贷违规,保险||保险法,False,(匹配)财税与金融监管,,金融/信贷违规
《保险法》第一百六十二条,金融/信贷违规,保险||保险法,False,(匹配)财税与金融监管,,金融/信贷违规
《保险法》第一百六十二条,金融/信贷违规,保险||保险法,False,(匹配)财税与金融监管,,金融/信贷违规
《保险法》第一百六十二条、第一百七十二条,金融/信贷违规,保险||保险法,False,(匹配)财税与金融监管,,金融/信贷违规
《保险法》第一百六十二条、第一百七十二条,金融/信贷违规,保险||保险法,False,(匹配)财税与金融监管,,金融/信贷违规
《保险法》第一百六十六条的规定,金融/信贷违规,保险||保险法,False,(匹配)财税与金融监管,,金融/信贷违规
《中华人民共和国保险法》第一百七十二条,金融/信贷违规,保险||保险法,False,(匹配)财税与金融监管,,金融/信贷违规
《中华人民共和国保险法》第一百七十二条,金融/信贷违规,保险||保险法,False,(匹配)财税与金融监管,,金融/信贷违规
《中华人民共和国保险法》第一百七十一条,金融/信贷违规,保险||保险法,False,(匹配)财税与金融监管,,金融/信贷违规
《中华人民共和国保险法》第一百七十三条,金融/信贷违规,保险||保险法,False,(匹配)财税与金融监管,,金融/信贷违规
《人身保险新型产品信息披露管理办法》,金融/信贷违规,保险||保险法||产品法,False,,,金融/信贷违规||产品质量
《人身保险新型产品信息披露管理办法》第三十四条,金融/信贷违规,保险||保险法||产品法,False,,,金融/信贷违规||产品质量
《人身保险新型产品信息披露管理办法》,金融/信贷违规,保险||保险法||产品法,False,,,金融/信贷违规||产品质量
《人身保险新型产品信息披露管理办法》第三十四条,金融/信贷违规,保险||保险法||产品法,False,,,金融/信贷违规||产品质量
《保险法》第一百三十九条,金融/信贷违规,保险||保险法,False,(匹配)财税与金融监管,,金融/信贷违规
《保险法》第一百七十条,金融/信贷违规,保险||保险法,False,(匹配)财税与金融监管,,金融/信贷违规
《保险法》第一百七十二条,金融/信贷违规,保险||保险法,False,(匹配)财税与金融监管,,金融/信贷违规
《保险法》第一百六十二条,金融/信贷违规,保险||保险法,False,(匹配)财税与金融监管,,金融/信贷违规
《保险法》第162条的规定,金融/信贷违规,保险||保险法,False,(匹配)财税与金融监管,,金融/信贷违规
《人身保险新型产品信息披露管理办法》第三十四条,金融/信贷违规,保险||保险法||产品法,False,,,金融/信贷违规||产品质量
《保险法》第一百六十二条的规定,金融/信贷违规,保险||保险法,False,(匹配)财税与金融监管,,金融/信贷违规
《保险法》第一百六十六条,金融/信贷违规,保险||保险法,False,(匹配)财税与金融监管,,金融/信贷违规
《保险法》第一百四十七条,金融/信贷违规,保险||保险法,False,(匹配)财税与金融监管,,金融/信贷违规
《中华人民共和国保险法》第一百七十二条,金融/信贷违规,保险||保险法,False,(匹配)财税与金融监管,,金融/信贷违规
《保险法》第147条,金融/信贷违规,保险||保险法,False,(匹配)财税与金融监管,,金融/信贷违规
《保险专业代理机构监管规定》第四十六条第（四）项,金融/信贷违规,保险||保险专业代理机构监管规定,False,(匹配)财税与金融监管,,金融/信贷违规
《保险专业代理机构监管规定》第八十一条,金融/信贷违规,保险||保险专业代理机构监管规定,False,(匹配)财税与金融监管,,金融/信贷违规
《保险专业代理机构监管规定》第八十一条,金融/信贷违规,保险||保险专业代理机构监管规定,False,(匹配)财税与金融监管,,金融/信贷违规
《保险专业代理机构监管规定》第八十六条第（一）项,金融/信贷违规,保险||保险专业代理机构监管规定,False,(匹配)财税与金融监管,,金融/信贷违规
《保险法》第145条,金融/信贷违规,保险||保险法,False,(匹配)财税与金融监管,,金融/信贷违规
《中华人民共和国保险法》第八十二条第三项,金融/信贷违规,保险||保险法,False,(匹配)财税与金融监管,,金融/信贷违规
《中华人民共和国保险法》第一百零六条,金融/信贷违规,保险||保险法,False,(匹配)财税与金融监管,,金融/信贷违规
《中华人民共和国保险法》第一百零六条、第一百零七条、第一百二十二条、第一百三十四条,金融/信贷违规,保险||保险法,False,(匹配)财税与金融监管,,金融/信贷违规
《中华人民共和国保险法》第八十六条,金融/信贷违规,保险||保险法,False,(匹配)财税与金融监管,,金融/信贷违规
《中华人民共和国保险法》第一百七十条第（一）项,金融/信贷违规,保险||保险法,False,(匹配)财税与金融监管,,金融/信贷违规
《中华人民共和国保险法》第一百七十条,金融/信贷违规,保险||保险法,False,(匹配)财税与金融监管,,金融/信贷违规
《中华人民共和国保险法》第一百七十二条第（一）项,金融/信贷违规,保险||保险法,False,(匹配)财税与金融监管,,金融/信贷违规
《中华人民共和国保险法》第八十六条第二款,金融/信贷违规,保险||保险法,False,(匹配)财税与金融监管,,金融/信贷违规
《中华人民共和国保险法》第一百七十二条的规定,金融/信贷违规,保险||保险法,False,(匹配)财税与金融监管,,金融/信贷违规
《中华人民共和国保险法》第一百七十二条,金融/信贷违规,保险||保险法,False,(匹配)财税与金融监管,,金融/信贷违规
《反洗钱法》第32条,金融/信贷违规,反洗钱法||反洗钱,False,(匹配)金融/信贷违规||金融/账户,,金融/信贷违规||金融/账户
《中华人民共和国保险法》第172条的规定,金融/信贷违规,保险||保险法,False,(匹配)财税与金融监管,,金融/信贷违规
《中华人民共和国保险法》第一百七十二条,金融/信贷违规,保险||保险法,False,(匹配)财税与金融监管,,金融/信贷违规
《中华人民共和国保险法》第一百七十二条的规定,金融/信贷违规,保险||保险法,False,(匹配)财税与金融监管,,金融/信贷违规
《中华人民共和国保险法》第一百七十二条第(一)项,金融/信贷违规,保险||保险法,False,(匹配)财税与金融监管,,金融/信贷违规
《中华人民共和国保险法》第一百四十七条,金融/信贷违规,保险||保险法,False,(匹配)财税与金融监管,,金融/信贷违规
《中华人民共和国反洗钱法》第三十二条第一款第一项,金融/信贷违规,反洗钱法||反洗钱,False,(匹配)金融/信贷违规||金融/账户,,金融/信贷违规||金融/账户
《保险法》第一百六十二条的规定,金融/信贷违规,保险||保险法,False,(匹配)财税与金融监管,,金融/信贷违规
《保险法》第一百六十一条,金融/信贷违规,保险||保险法,False,(匹配)财税与金融监管,,金融/信贷违规
《保险法》第一百七十条,金融/信贷违规,保险||保险法,False,(匹配)财税与金融监管,,金融/信贷违规
《保险法》第一百七十二条的规定,金融/信贷违规,保险||保险法,False,(匹配)财税与金融监管,,金融/信贷违规
《保险法》第一百七十二条,金融/信贷违规,保险||保险法,False,(匹配)财税与金融监管,,金融/信贷违规
《中华人民共和国保险法》第一百三十九条,金融/信贷违规,保险||保险法,False,(匹配)财税与金融监管,,金融/信贷违规
《中华人民共和国反洗钱法》第三十二条第一款第一项,金融/信贷违规,反洗钱法||反洗钱,False,(匹配)金融/信贷违规||金融/账户,,金融/信贷违规||金融/账户
《中华人民共和国保险法》第一百三十九条的规定,金融/信贷违规,保险||保险法,False,(匹配)财税与金融监管,,金融/信贷违规
《中华人民共和国保险法》第一百三十九条,金融/信贷违规,保险||保险法,False,(匹配)财税与金融监管,,金融/信贷违规
《中华人民共和国反洗钱法》第三十二条第一款第（二）项,金融/信贷违规,反洗钱法||反洗钱,False,(匹配)金融/信贷违规||金融/账户,,金融/信贷违规||金融/账户
《中华人民共和国反洗钱法》第三十二条第（一）项,金融/信贷违规,反洗钱法||反洗钱,False,(匹配)金融/信贷违规||金融/账户,,金融/信贷违规||金融/账户
《中华人民共和国反洗钱法》第三十二条,金融/信贷违规,反洗钱法||反洗钱,False,(匹配)金融/信贷违规||金融/账户,,金融/信贷违规||金融/账户
《中华人民共和国反洗钱法》第三十二条,金融/信贷违规,反洗钱法||反洗钱,False,(匹配)金融/信贷违规||金融/账户,,金融/信贷违规||金融/账户
《中华人民共和国保险法》第一百四十七条,金融/信贷违规,保险||保险法,False,(匹配)财税与金融监管,,金融/信贷违规
《中华人民共和国保险法》第一百六十二条,金融/信贷违规,保险||保险法,False,(匹配)财税与金融监管,,金融/信贷违规
《中华人民共和国保险法》第一百六十二条,金融/信贷违规,保险||保险法,False,(匹配)财税与金融监管,,金融/信贷违规
《中华人民共和国保险法》第一百六十二条,金融/信贷违规,保险||保险法,False,(匹配)财税与金融监管,,金融/信贷违规
《中华人民共和国保险法》第一百六十二条,金融/信贷违规,保险||保险法,False,(匹配)财税与金融监管,,金融/信贷违规
《中华人民共和国保险法》第一百三十六条,金融/信贷违规,保险||保险法,False,(匹配)财税与金融监管,,金融/信贷违规
《中华人民共和国保险法》第一百六十二条的规定,金融/信贷违规,保险||保险法,False,(匹配)财税与金融监管,,金融/信贷违规
《中华人民共和国保险法》第一百四十七条,金融/信贷违规,保险||保险法,False,(匹配)财税与金融监管,,金融/信贷违规
《中华人民共和国反洗钱法》第三十二条,金融/信贷违规,反洗钱法||反洗钱,False,(匹配)金融/信贷违规||金融/账户,,金融/信贷违规||金融/账户
《中华人民共和国反洗钱法》第三十二条,金融/信贷违规,反洗钱法||反洗钱,False,(匹配)金融/信贷违规||金融/账户,,金融/信贷违规||金融/账户
《中华人民共和国保险法》第一百五十条,金融/信贷违规,保险||保险法,False,(匹配)财税与金融监管,,金融/信贷违规
《中华人民共和国保险法》第一百五十条,金融/信贷违规,保险||保险法,False,(匹配)财税与金融监管,,金融/信贷违规
《中华人民共和国保险法》第一百六十一条,金融/信贷违规,保险||保险法,False,(匹配)财税与金融监管,,金融/信贷违规
《中华人民共和国保险法》第一百四十四条,金融/信贷违规,保险||保险法,False,(匹配)财税与金融监管,,金融/信贷违规
《中华人民共和国保险法》第一百六十一条,金融/信贷违规,保险||保险法,False,(匹配)财税与金融监管,,金融/信贷违规
《中华人民共和国反洗钱法》第三十二条第一款第（一）项、第（二）项,金融/信贷违规,反洗钱法||反洗钱,False,(匹配)金融/信贷违规||金融/账户,,金融/信贷违规||金融/账户
《中华人民共和国保险法》第一百四十四条,金融/信贷违规,保险||保险法,False,(匹配)财税与金融监管,,金融/信贷违规
《中华人民共和国保险法》第一百四十七条,金融/信贷违规,保险||保险法,False,(匹配)财税与金融监管,,金融/信贷违规
《中华人民共和国社会保险法》第八十六条,金融/信贷违规,保险||保险法,False,(匹配)财税与金融监管,,金融/信贷违规
《中华人民共和国社会保险法》第八十四条,金融/信贷违规,保险||保险法,False,(匹配)财税与金融监管,,金融/信贷违规
《中华人民共和国保险法》第一百四十七条,金融/信贷违规,保险||保险法,False,(匹配)财税与金融监管,,金融/信贷违规
《中华人民共和国保险法》第一百二十二条,金融/信贷违规,保险||保险法,False,(匹配)财税与金融监管,,金融/信贷违规
《中华人民共和国保险法》第一百四十七条第(一)项,金融/信贷违规,保险||保险法,False,(匹配)财税与金融监管,,金融/信贷违规
《中华人民共和国保险法》第一百四十七条第(一)项的规定,金融/信贷违规,保险||保险法,False,(匹配)财税与金融监管,,金融/信贷违规
《中华人民共和国保险法》第一百四十七条第(一)项,金融/信贷违规,保险||保险法,False,(匹配)财税与金融监管,,金融/信贷违规
《中华人民共和国保险法》第一百四十七条,金融/信贷违规,保险||保险法,False,(匹配)财税与金融监管,,金融/信贷违规
《中华人民共和国反洗钱法》第三十二条第一款,金融/信贷违规,反洗钱法||反洗钱,False,(匹配)金融/信贷违规||金融/账户,,金融/信贷违规||金融/账户
《中华人民共和国保险法》第一百四十七条,金融/信贷违规,保险||保险法,False,(匹配)财税与金融监管,,金融/信贷违规
《中华人民共和国反洗钱法》第三十二条第一款第（一）项,金融/信贷违规,反洗钱法||反洗钱,False,(匹配)金融/信贷违规||金融/账户,,金融/信贷违规||金融/账户
《机动车交通事故责任强制保险条例》第三十八条,金融/信贷违规||交通运输违规,保险||交通,False,,,金融/信贷违规||交通运输违规
《机动车交通事故责任强制保险条例》第三十八条第(二)项,金融/信贷违规||交通运输违规,保险||交通,False,,,金融/信贷违规||交通运输违规
《保险销售从业人员监管办法》第三十二条,金融/信贷违规||劳动保障/用工,保险||保险法||从业人员,False,,,金融/信贷违规||劳动保障/用工
《保险销售从业人员监管办法》第三十四条,金融/信贷违规||劳动保障/用工,保险||保险法||从业人员,False,,,金融/信贷违规||劳动保障/用工
《商业银行、信用社代理国库业务管理办法》第四十一条,金融/账户,银行||国库,False,,,金融/账户
《中华人民共和国银行业监督管理法》第四十六条第（五）项,金融/账户,银行,False,,,金融/账户
《中国人民银行假币收缴、鉴定管理办法》第十七条,金融/账户,银行,False,,,金融/账户
《人民币银行结算账户管理办法》第六十七条,金融/账户,账户||账户管理||银行结算账户||银行,False,,,金融/账户
《人民币银行结算账户管理办法》第六十七条,金融/账户,账户||账户管理||银行结算账户||银行,False,,,金融/账户
《人民币银行结算账户管理办法》第二十八条,金融/账户,账户||账户管理||银行结算账户||银行,False,,,金融/账户
《中华人民共和国商业银行法》第二十四条,金融/账户,银行,False,,,金融/账户
《中国人民银行假币收缴、鉴定管理办法》第十七条,金融/账户,银行,False,,,金融/账户
《中华人民共和国银行业监督管理法》第二十一条,金融/账户,银行,False,,,金融/账户
《征信业管理条例》第四十条,金融/账户,征信,False,,,金融/账户
《金融违法行为处罚办法》第十四条,金融/账户,金融,False,,,金融/账户
《中华人民共和国银行业监督管理法》第四十六条,金融/账户,银行,False,,,金融/账户
《中华人民共和国银行业监督管理法》第四十六条,金融/账户,银行,False,,,金融/账户
《中华人民共和国银行业监督管理法》第四十六条,金融/账户,银行,False,,,金融/账户
《药品管理法》,食品药品,药品,False,(匹配)产品质量与安全,,食品药品
《药品管理法实施条例》第八十一条,食品药品,药品,False,(匹配)产品质量与安全,,食品药品
《药品管理法实施条例》第七十五条,食品药品,药品,False,(匹配)产品质量与安全,,食品药品
《中华人民共和国食品安全法实施条例》第二十一条,食品药品,食品||食品安全||安全,False,(匹配)产品质量与安全,,食品药品||安全生产
《药品管理法》,食品药品,药品,False,(匹配)产品质量与安全,,食品药品
《药品管理法》第一百一十七条第一款,食品药品,药品,False,(匹配)产品质量与安全,,食品药品
《药品管理法》第一百一十七条第一款,食品药品,药品,False,(匹配)产品质量与安全,,食品药品
《化妆品监督管理条例》第三十八条第一款,食品药品,ai,True,(匹配)产品质量与安全,化妆品属药监监管领域。,食品药品
《农药管理条例》第五十三条,食品药品,ai,True,(匹配)*农药生产经营监管*,依据农药管理条例第五十三条设定义务。,*农药生产经营监管*
《中国人民共和国食品安全法》第86条第2项,食品药品,食品||食品安全||安全,False,(匹配)产品质量与安全,,食品药品||安全生产
《中国人民共和国食品安全法》第42条,食品药品,食品||食品安全||安全,False,(匹配)产品质量与安全,,食品药品||安全生产
《中国人民共和国食品安全法》第42条,食品药品,食品||食品安全||安全,False,(匹配)产品质量与安全,,食品药品||安全生产
《化妆品卫生监督条例》第二十五条,食品药品,ai,True,(匹配)产品质量与安全,《化妆品卫生监督条例》属药监领域。,食品药品
《药品经营质量管理规范》第一百六十一条第(一)项,食品药品,药品,False,(匹配)产品质量与安全,,食品药品
《北京市排水和再生水管理办法》第三十六条的规定,食品药品,排水,False,(匹配)环境保护,,环境保护
《国务院关于加强食品等产品安全监督管理的特别规定》第三条第二款,食品药品,食品||食品安全||安全||安全管理规定||安全监理,False,(匹配)产品质量与安全,,食品药品||安全生产
《化妆品广告管理办法》第十四条,食品药品,广告,False,(匹配)市场秩序与竞争监管,,虚假广告/虚假宣传
《国务院关于加强食品等产品安全监督管理的特别规定》第三条第二款,食品药品,食品||食品安全||安全||安全管理规定||安全监理,False,(匹配)产品质量与安全,,食品药品||安全生产
《药品广告审查发布标准》第十八条第四款,食品药品,广告||药品广告||药品,False,(匹配)虚假广告/虚假宣传||食品药品,,虚假广告/虚假宣传||食品药品
《药品、医疗器械、保健食品、特殊医学用途配方食品广告审查管理暂行办法》第二十条,食品药品,广告||食品广告||药品广告||医疗广告||食品||保健食品||药品||医疗器械,False,(匹配)虚假广告/虚假宣传||食品药品,,虚假广告/虚假宣传||食品药品
《药品生产质量管理规范》,食品药品,药品,False,(匹配)产品质量与安全,,食品药品
《检验报告》,食品药品,检验报告||食品,False,(匹配)产品质量||食品药品,,产品质量||食品药品
《直接接触药品的包装材料和容器管理办法》第六十五条,食品药品,药品,False,(匹配)产品质量与安全,,食品药品
《药品流通监督管理办法》第三十八条第一款,食品药品,药品,False,(匹配)产品质量与安全,,食品药品
《北京市生活饮用水卫生监督管理条例》第七条第(十一)项,食品药品,ai,True,(匹配)卫生健康,生活饮用水卫生监督，属公共卫生监管。,医疗卫生
《北京市生活饮用水卫生监督管理条例》第十条第一款,食品药品,ai,True,(匹配)卫生健康,生活饮用水属公共卫生监管范围。,医疗卫生
《北京市生活饮用水卫生监督管理条例》第十条第一款,食品药品,ai,True,(匹配)卫生健康,《生活饮用水卫生监督》属公共卫生管理。,医疗卫生
《饲料和饲料添加剂管理条例》第十八条,食品药品,ai,True,(匹配)*饲料生产经营管理*,《饲料管理条例》直接规范饲料行为。,*饲料生产经营管理*
《中华人民共和国食品安全法》第一百二十四条第一款第（三）项,食品药品,食品||食品安全||安全,False,(匹配)产品质量与安全,,食品药品||安全生产
《北京市生活饮用水卫生监督管理条例》第二十一条第(二)项,食品药品,ai,True,(匹配)卫生健康,生活饮用水卫生监管，属公共卫生。,医疗卫生
《中华人民共和国食品安全法》第一百二十四条第一款第（一）项,食品药品,食品||食品安全||安全,False,(匹配)产品质量与安全,,食品药品||安全生产
《中华人民共和国食品安全法》第一百二十四条第二款,食品药品,食品||食品安全||安全,False,(匹配)产品质量与安全,,食品药品||安全生产
《化妆品监督管理条例》第六十二条第一款第二项,食品药品,ai,True,(匹配)产品质量与安全,化妆品监管条例属药品化妆品领域。,食品药品
《中华人民共和国食品安全法》第一百二十四条第二款,食品药品,食品||食品安全||安全,False,(匹配)产品质量与安全,,食品药品||安全生产
《中华人民共和国食品安全法》第一百二十四条第二款,食品药品,食品||食品安全||安全,False,(匹配)产品质量与安全,,食品药品||安全生产
《中华人民共和国食品安全法》第一百二十四条第一款第（四）项,食品药品,食品||食品安全||安全,False,(匹配)产品质量与安全,,食品药品||安全生产
《中华人民共和国食品安全法》第一百二十四条第一款第四项,食品药品,食品||食品安全||安全,False,(匹配)产品质量与安全,,食品药品||安全生产
《中华人民共和国药品管理法》第一百一十七条第一款,食品药品,药品,False,(匹配)产品质量与安全,,食品药品
《中华人民共和国药品管理法》第一百一十六条,食品药品,药品,False,(匹配)产品质量与安全,,食品药品
《中华人民共和国药品管理法》第一百二十六条,食品药品,药品,False,(匹配)产品质量与安全,,食品药品
《中华人民共和国药品管理法》,食品药品,药品,False,(匹配)产品质量与安全,,食品药品
《中华人民共和国药品管理法》第七十三条,食品药品,药品,False,(匹配)产品质量与安全,,食品药品
《中华人民共和国药品管理法》第七十五条,食品药品,药品,False,(匹配)产品质量与安全,,食品药品
《中华人民共和国药品管理法》第七十八条,食品药品,药品,False,(匹配)产品质量与安全,,食品药品
《中华人民共和国药品管理法》第七十八条,食品药品,药品,False,(匹配)产品质量与安全,,食品药品
《中华人民共和国药品管理法》第七十四条,食品药品,药品,False,(匹配)产品质量与安全,,食品药品
《中华人民共和国药品管理法》第七十四条,食品药品,药品,False,(匹配)产品质量与安全,,食品药品
《中华人民共和国药品管理法》第七十四条,食品药品,药品,False,(匹配)产品质量与安全,,食品药品
《中华人民共和国食品安全法》第一百二十四条第一款第三项,食品药品,食品||食品安全||安全,False,(匹配)产品质量与安全,,食品药品||安全生产
《中华人民共和国食品安全法》第一百二十四条第一款第三项,食品药品,食品||食品安全||安全,False,(匹配)产品质量与安全,,食品药品||安全生产
《中华人民共和国食品安全法》第一百二十四条第一款第一项,食品药品,食品||食品安全||安全,False,(匹配)产品质量与安全,,食品药品||安全生产
《中华人民共和国食品安全法》第一百二十四条第一款第(二)项,食品药品,食品||食品安全||安全,False,(匹配)产品质量与安全,,食品药品||安全生产
《中华人民共和国食品安全法》第一百二十四条第一款第(一)项,食品药品,食品||食品安全||安全,False,(匹配)产品质量与安全,,食品药品||安全生产
《中华人民共和国食品安全法》第一百二十四条第一款第(五)项,食品药品,食品||食品安全||安全,False,(匹配)产品质量与安全,,食品药品||安全生产
《中华人民共和国食品安全法》第三十四条第（十三）项,食品药品,食品||食品安全||安全,False,(匹配)产品质量与安全,,食品药品||安全生产
《中华人民共和国食品安全法》第三十四条第（十一）项,食品药品,食品||食品安全||安全,False,(匹配)产品质量与安全,,食品药品||安全生产
《中华人民共和国食品安全法》第三十四条第二项,食品药品,食品||食品安全||安全,False,(匹配)产品质量与安全,,食品药品||安全生产
《中华人民共和国食品安全法》第三十四条第二项,食品药品,食品||食品安全||安全,False,(匹配)产品质量与安全,,食品药品||安全生产
《进出口食品安全管理办法》第五十二条,食品药品,食品||食品安全||安全,False,(匹配)产品质量与安全,,食品药品||安全生产
《中华人民共和国食品安全法》第二十八条,食品药品,食品||食品安全||安全,False,(匹配)产品质量与安全,,食品药品||安全生产
《中华人民共和国食品安全法》第三十四条,食品药品,食品||食品安全||安全,False,(匹配)产品质量与安全,,食品药品||安全生产
《中华人民共和国食品安全法》第二十九条第一款,食品药品,食品||食品安全||安全,False,(匹配)产品质量与安全,,食品药品||安全生产
《中华人民共和国药品管理法》第七十四条,食品药品,药品,False,(匹配)产品质量与安全,,食品药品
《中华人民共和国食品安全法》第七十一条第一款,食品药品,食品||食品安全||安全,False,(匹配)产品质量与安全,,食品药品||安全生产
《中华人民共和国食品安全法》第七十一条第一款,食品药品,食品||食品安全||安全,False,(匹配)产品质量与安全,,食品药品||安全生产
《中华人民共和国食品安全法》第七十一条第二款,食品药品,食品||食品安全||安全,False,(匹配)产品质量与安全,,食品药品||安全生产
《中华人民共和国食品安全法》第三十四条第一款,食品药品,食品||食品安全||安全,False,(匹配)产品质量与安全,,食品药品||安全生产
《中华人民共和国食品安全法》第三十四条,食品药品,食品||食品安全||安全,False,(匹配)产品质量与安全,,食品药品||安全生产
《中华人民共和国食品安全法》第三十四条第(二)项,食品药品,食品||食品安全||安全,False,(匹配)产品质量与安全,,食品药品||安全生产
《中华人民共和国食品安全法》第三十四条第(三)项,食品药品,食品||食品安全||安全,False,(匹配)产品质量与安全,,食品药品||安全生产
《中华人民共和国食品安全法》第三十四条第(三)项,食品药品,食品||食品安全||安全,False,(匹配)产品质量与安全,,食品药品||安全生产
《中华人民共和国食品安全法》第三十四条,食品药品,食品||食品安全||安全,False,(匹配)产品质量与安全,,食品药品||安全生产
《中华人民共和国食品安全法》第三十四条,食品药品,食品||食品安全||安全,False,(匹配)产品质量与安全,,食品药品||安全生产
《中华人民共和国药品管理法》第七十四条,食品药品,药品,False,(匹配)产品质量与安全,,食品药品
《中华人民共和国药品管理法》第七十四条,食品药品,药品,False,(匹配)产品质量与安全,,食品药品
《中华人民共和国食品安全法》第一百二十五条第一款第（二）项,食品药品,食品||食品安全||安全,False,(匹配)产品质量与安全,,食品药品||安全生产
《中华人民共和国食品安全法》第一百二十五条第一款第（二）项,食品药品,食品||食品安全||安全,False,(匹配)产品质量与安全,,食品药品||安全生产
《中华人民共和国食品安全法》第一百二十五条第一款第二项,食品药品,食品||食品安全||安全,False,(匹配)产品质量与安全,,食品药品||安全生产
《中华人民共和国食品安全法》第一百二十五条第一款第二项,食品药品,食品||食品安全||安全,False,(匹配)产品质量与安全,,食品药品||安全生产
《中华人民共和国食品安全法》第一百二十五条第一款、第一百二十六条第一款,食品药品,食品||食品安全||安全,False,(匹配)产品质量与安全,,食品药品||安全生产
《中华人民共和国食品安全法》第一百二十二条第一款,食品药品,食品||食品安全||安全,False,(匹配)产品质量与安全,,食品药品||安全生产
《中华人民共和国食品安全法》第一百二十五条第一款第(二)项,食品药品,食品||食品安全||安全,False,(匹配)产品质量与安全,,食品药品||安全生产
《生活饮用水卫生监督管理办法》第二十七条,食品药品,ai,True,(匹配)卫生健康,《生活饮用水卫生监督管理办法》属卫生监管领域。,医疗卫生
《生活饮用水卫生监督管理办法》第七条,食品药品,ai,True,(匹配)卫生健康,生活饮用水卫生管理，属公共卫生监管。,医疗卫生
《中华人民共和国食品安全法》第一百二十六条第一款第十三项,食品药品,食品||食品安全||安全,False,(匹配)产品质量与安全,,食品药品||安全生产
《中华人民共和国食品安全法》第一百二十六条第一款第三项,食品药品,食品||食品安全||安全,False,(匹配)产品质量与安全,,食品药品||安全生产
《中华人民共和国食品安全法》第一百二十六条第一款,食品药品,食品||食品安全||安全,False,(匹配)产品质量与安全,,食品药品||安全生产
《中华人民共和国食品安全法》第一百二十五条第二项,食品药品,食品||食品安全||安全,False,(匹配)产品质量与安全,,食品药品||安全生产
《生活饮用水卫生监督管理办法》第二十七条,食品药品,ai,True,(匹配)卫生健康,饮用水卫生监督管理，属公共卫生。,医疗卫生
《济南市生活饮用水卫生监督管理办法》第九条(五),食品药品,ai,True,(匹配)卫生健康,生活饮用水卫生监管，属公共卫生。,医疗卫生
《中华人民共和国食品安全法》第一百二十二条第一款,食品药品,食品||食品安全||安全,False,(匹配)产品质量与安全,,食品药品||安全生产
《中华人民共和国食品安全法》第一百三十六条,食品药品,食品||食品安全||安全,False,(匹配)产品质量与安全,,食品药品||安全生产
《中华人民共和国食品安全法》第一百三十一条第一款,食品药品,食品||食品安全||安全,False,(匹配)产品质量与安全,,食品药品||安全生产
《生活饮用水卫生监督管理办法》第二十七条,食品药品,ai,True,(匹配)卫生健康,涉及饮用水卫生监督管理规定。,医疗卫生
《中华人民共和国药品管理法》第十六条第一款,食品药品,药品,False,(匹配)产品质量与安全,,食品药品
《中华人民共和国药品管理法》第七十四条,食品药品,药品,False,(匹配)产品质量与安全,,食品药品
《中华人民共和国药品管理法》第九十八条第一款,食品药品,药品,False,(匹配)产品质量与安全,,食品药品
《中华人民共和国药品管理法》第九十条,食品药品,药品,False,(匹配)产品质量与安全,,食品药品
《中华人民共和国药品管理法》第五十三条第一款,食品药品,药品,False,(匹配)产品质量与安全,,食品药品
《生活饮用水卫生监督管理办法》第六条,食品药品,ai,True,(匹配)卫生健康,生活饮用水卫生监管，属公共卫生。,医疗卫生
《生活饮用水卫生监督管理办法》第二十六条第三项,食品药品,ai,True,(匹配)卫生健康,《生活饮用水卫生监督管理办法》属卫生监管。,医疗卫生
《生活饮用水卫生监督管理办法》第二十六条第(四)项,食品药品,ai,True,(匹配)卫生健康,饮用水卫生监管事项，属公共卫生。,医疗卫生
《生活饮用水卫生监督管理办法》第二十六条第(四)项,食品药品,ai,True,(匹配)卫生健康,涉及生活饮用水卫生监督管理，属卫生领域。,医疗卫生
《生活饮用水卫生监督管理办法》第二十六条第(三)项,食品药品,ai,True,(匹配)卫生健康,饮用水卫生监管，属公共卫生管理。,医疗卫生
《流通环节食品安全监督管理办法》第五十六条,食品药品,食品||食品安全||安全||安全监理,False,(匹配)产品质量与安全,,食品药品||安全生产
《中华人民共和国药品管理法实施条例》第七十五条,食品药品,药品,False,(匹配)产品质量与安全,,食品药品
《中华人民共和国药品管理法实施条例》第七十五条,食品药品,药品,False,(匹配)产品质量与安全,,食品药品
《中华人民共和国药品管理法实施条例》第八十一条,食品药品,药品,False,(匹配)产品质量与安全,,食品药品
《中华人民共和国食品安全法》第一百二十四条第一款,食品药品,食品||食品安全||安全,False,(匹配)产品质量与安全,,食品药品||安全生产
《中华人民共和国食品安全法》第一百二十四条第一款,食品药品,食品||食品安全||安全,False,(匹配)产品质量与安全,,食品药品||安全生产
《中华人民共和国食品安全法》第一百二十四条,食品药品,食品||食品安全||安全,False,(匹配)产品质量与安全,,食品药品||安全生产
《中华人民共和国食品安全法》第一百二十四条,食品药品,食品||食品安全||安全,False,(匹配)产品质量与安全,,食品药品||安全生产
《食品安全法》第三十四条,食品药品,食品||食品安全||安全,False,(匹配)产品质量与安全,,食品药品||安全生产
《食品安全法》第七十一条,食品药品,食品||食品安全||安全,False,(匹配)产品质量与安全,,食品药品||安全生产
《食品安全法》第一百二十四条,食品药品,食品||食品安全||安全,False,(匹配)产品质量与安全,,食品药品||安全生产
《食品安全国家标准预包装食品标签通则》,食品药品,食品||食品安全||安全,False,(匹配)产品质量与安全,,食品药品||安全生产
《食品经营许可管理办法》第二十七条第一款,食品药品,食品,False,(匹配)产品质量与安全,,食品药品
《食品生产许可管理办法》第五十三条第一款,食品药品,食品,False,(匹配)产品质量与安全,,食品药品
《餐饮服务食品安全监督管理办法》第八条,食品药品,食品||食品安全||安全||安全监理||餐饮服务,False,(匹配)食品药品,,食品药品||安全生产||医疗卫生
《中华人民共和国食品安全法》第四十六条第（二）项,食品药品,食品||食品安全||安全,False,(匹配)产品质量与安全,,食品药品||安全生产
《食品安全法实施条例》第二十三条,食品药品,食品||食品安全||安全,False,(匹配)产品质量与安全,,食品药品||安全生产
《食品生产企业安全生产监督管理暂行规定》第十二条及第二十六条第(三)项,食品药品,食品||食品安全||安全||安全生产||安全管理规定||安全监理||安全生产管理,False,(匹配)产品质量与安全,,食品药品||安全生产
《中华人民共和国食品安全法》第四十八条第三款,食品药品,食品||食品安全||安全,False,(匹配)产品质量与安全,,食品药品||安全生产
《食品广告发布暂行规定》第十五条,食品药品,广告||食品广告||食品,False,(匹配)虚假广告/虚假宣传||食品药品,,虚假广告/虚假宣传||食品药品
《中华人民共和国食品安全法》,食品药品,食品||食品安全||安全,False,(匹配)产品质量与安全,,食品药品||安全生产
《台湾食品卫生管理法》第十一条第（八）项,食品药品,ai,False,(匹配)食品药品,,食品安全
《中华人民共和国食品安全法》第八十四条,食品药品,食品||食品安全||安全,False,(匹配)产品质量与安全,,食品药品||安全生产
《中华人民共和国食品安全法》第八十四条,食品药品,食品||食品安全||安全,False,(匹配)产品质量与安全,,食品药品||安全生产
《中华人民共和国食品安全法》第八十四条,食品药品,食品||食品安全||安全,False,(匹配)产品质量与安全,,食品药品||安全生产
《中华人民共和国食品安全法》第八十六条第一款第（二）项,食品药品,食品||食品安全||安全,False,(匹配)产品质量与安全,,食品药品||安全生产
《中华人民共和国食品安全法》第八十六条,食品药品,食品||食品安全||安全,False,(匹配)产品质量与安全,,食品药品||安全生产
《中华人民共和国食品安全法》第八十六条,食品药品,食品||食品安全||安全,False,(匹配)产品质量与安全,,食品药品||安全生产
《中华人民共和国食品安全法》第八十五条第（二）项,食品药品,食品||食品安全||安全,False,(匹配)产品质量与安全,,食品药品||安全生产
《中华人民共和国食品安全法》第八十四条、第八十七条第（五）项的规定,食品药品,ai,False,(匹配)产品质量与安全,,食品药品
《中华人民共和国食品安全法》第二十八条,食品药品,ai,False,(匹配)食品药品,,食品安全
《中华人民共和国食品安全法》第三十四条第(十三)项,食品药品,ai,False,(匹配)食品药品,,食品安全
《中华人民共和国食品安全法》第六十二条第一款,食品药品,食品||食品安全||安全,False,(匹配)产品质量与安全,,食品药品||安全生产
《中华人民共和国食品安全法》第六十七条第一款第九项,食品药品,食品||食品安全||安全,False,(匹配)产品质量与安全,,食品药品||安全生产
《中华人民共和国食品安全法》第三十五条第一款,食品药品,ai,False,(匹配)食品药品,,食品安全
《中华人民共和国食品安全法》第七十一条第一款,食品药品,ai,False,(匹配)食品药品,,食品安全
《中华人民共和国食品安全法》第二十八条第二项,食品药品,食品||食品安全||安全,False,(匹配)产品质量与安全,,食品药品||安全生产
《中华人民共和国食品安全法》第三十五条第一款,食品药品,ai,False,(匹配)食品药品,,食品安全
《中华人民共和国食品安全法》第八十五条第二项,食品药品,食品||食品安全||安全,False,(匹配)产品质量与安全,,食品药品||安全生产
《中华人民共和国食品安全法》第八十五条第一款第（二）项,食品药品,食品||食品安全||安全,False,(匹配)产品质量与安全,,食品药品||安全生产
《中华人民共和国食品安全法》第八十五条,食品药品,食品||食品安全||安全,False,(匹配)产品质量与安全,,食品药品||安全生产
《中华人民共和国食品安全法》第八十五条,食品药品,食品||食品安全||安全,False,(匹配)产品质量与安全,,食品药品||安全生产
《中华人民共和国食品安全法》第五十二条,食品药品,食品||食品安全||安全,False,(匹配)产品质量与安全,,食品药品||安全生产
《食品安全国家标准 预包装食品标签通则》,食品药品,食品||食品安全||安全,False,(匹配)产品质量与安全,,食品药品||安全生产
《中华人民共和国食品安全法》第六十六条,食品药品,食品||食品安全||安全,False,(匹配)产品质量与安全,,食品药品||安全生产
《化妆品监督管理条例》第十七条,食品药品,ai,True,(匹配)产品质量与安全,化妆品监管属药品监管范畴。,食品药品
《食品安全法》第二十八条第（二）项,食品药品,ai,False,(匹配)产品质量与安全,,食品药品
《预包装食品营养标签通则》,食品药品,食品,False,(匹配)产品质量与安全,,食品药品
《预包装食品营养标签通则》,食品药品,食品,False,(匹配)产品质量与安全,,食品药品
《预包装食品标签通则》,食品药品,食品,False,(匹配)产品质量与安全,,食品药品
《预包装食品标签通则》,食品药品,食品,False,(匹配)产品质量与安全,,食品药品
《化妆品监督管理条例》第六十一条第一款,食品药品,ai,True,(匹配)产品质量与安全,化妆品监管归属药品化妆品领域。,食品药品
《中华人民共和国食品安全法》第四十五条,食品药品,食品||食品安全||安全,False,(匹配)产品质量与安全,,食品药品||安全生产
《化妆品监督管理条例》第六十一条第一款第一项,食品药品,ai,True,(匹配)产品质量与安全,化妆品监管归属药品化妆品领域。,食品药品
《预包装食品标签通则》,食品药品,食品,False,(匹配)产品质量与安全,,食品药品
