original_article,cleaned_article,change_description,legal_violation_categories
《中华人民共和国反不正当竞争法》第二十四条第一款的规定依据,《中华人民共和国反不正当竞争法》第二十四条第一款的规定,"截断后缀""依据""",不正当竞争/商业贿赂
《中华人民共和国反不正当竞争法》第二十四条第一款和,《中华人民共和国反不正当竞争法》第二十四条第一款,"截断后缀""和""",不正当竞争/商业贿赂
《中华人民共和国反不正当竞争法》第二十四条第一款及,《中华人民共和国反不正当竞争法》第二十四条第一款,"截断后缀""及""",不正当竞争/商业贿赂
《中华人民共和国反不正当竞争法》第二十四条第一款、,《中华人民共和国反不正当竞争法》第二十四条第一款,"截断后缀""、""",不正当竞争/商业贿赂
《中华人民共和国反不正当竞争法》第二十四条第一款;行政处罚内容:1.罚款,《中华人民共和国反不正当竞争法》第二十四条第一款,"截断后缀"";行政处罚内容:1.罚款""",不正当竞争/商业贿赂
《中华人民共和国反不正当竞争法》第二十六条的规定依据,《中华人民共和国反不正当竞争法》第二十六条的规定,"截断后缀""依据""",不正当竞争/商业贿赂
《中华人民共和国反不正当竞争法》第二十二条和国家工商局,《中华人民共和国反不正当竞争法》第二十二条,"截断后缀""和国家工商局""",不正当竞争/商业贿赂
《中华人民共和国反不正当竞争法》第二十二条和,《中华人民共和国反不正当竞争法》第二十二条,"截断后缀""和""",不正当竞争/商业贿赂
《中华人民共和国反不正当竞争法》第二十二条、,《中华人民共和国反不正当竞争法》第二十二条,"截断后缀""、""",不正当竞争/商业贿赂
"《中华人民共和国反不正当竞争法》第二十条和第二十五条的规定,经研究决定对当事人处罚款",《中华人民共和国反不正当竞争法》第二十条和第二十五条的规定,"截断后缀"",经研究决定对当事人处罚款""",不正当竞争/商业贿赂
根据《中华人民共和国反不正当竞争法》第二十条第一款,《中华人民共和国反不正当竞争法》第二十条第一款,"去除前缀""根据""",不正当竞争/商业贿赂
依据《黑龙江省反不正当竞争条例》第二十九条第一款第一项,《黑龙江省反不正当竞争条例》第二十九条第一款第一项,"去除前缀""依据""",不正当竞争/商业贿赂
"《中华人民共和国反不正当竞争法》第五条,",《中华人民共和国反不正当竞争法》第五条,"截断后缀"",""",不正当竞争/商业贿赂
"《中华人民共和国反不正当竞争法》第二十条第一款,",《中华人民共和国反不正当竞争法》第二十条第一款,"截断后缀"",""",不正当竞争/商业贿赂
《中华人民共和国反不正当竞争法》第8条、以及,《中华人民共和国反不正当竞争法》第8条,"截断后缀""、以及""",不正当竞争/商业贿赂
《中华人民共和国反不正当竞争法》第8条、,《中华人民共和国反不正当竞争法》第8条,"截断后缀""、""",不正当竞争/商业贿赂
《中华人民共和国反不正当竞争法》第6条、,《中华人民共和国反不正当竞争法》第6条,"截断后缀""、""",不正当竞争/商业贿赂
"《中华人民共和国反不正当竞争法》第二十三条,",《中华人民共和国反不正当竞争法》第二十三条,"截断后缀"",""",不正当竞争/商业贿赂
《中华人民共和国反不正当竟争法》第十三条三项,《中华人民共和国反不正当竟争法》第十三条,"截断后缀""三项""",不正当竞争/商业贿赂
《中华人民共和国反不正当竞争法》第二十一条第一款和,《中华人民共和国反不正当竞争法》第二十一条第一款,"截断后缀""和""",不正当竞争/商业贿赂
《中华人民共和国反不正当竞争法》第二十一条第一款、,《中华人民共和国反不正当竞争法》第二十一条第一款,"截断后缀""、""",不正当竞争/商业贿赂
《中华人民共和国反不正当竞争法》第二十一条及,《中华人民共和国反不正当竞争法》第二十一条,"截断后缀""及""",不正当竞争/商业贿赂
《中华人民共和国反不正当竞争法》第九条第一款规定依据,《中华人民共和国反不正当竞争法》第九条第一款,"截断后缀""规定依据""",不正当竞争/商业贿赂
《中华人民共和国反不正当竞争法》第九条第一款的规定依据,《中华人民共和国反不正当竞争法》第九条第一款的规定,"截断后缀""依据""",不正当竞争/商业贿赂
《中华人民共和国反不正当竞争法》第九条第一款和,《中华人民共和国反不正当竞争法》第九条第一款,"截断后缀""和""",不正当竞争/商业贿赂
《中华人民共和国反不正当竞争法》第九条第一款之规定依据,《中华人民共和国反不正当竞争法》第九条第一款之规定,"截断后缀""依据""",不正当竞争/商业贿赂
"《中华人民共和国反不正当竞争法》第九条第一款,",《中华人民共和国反不正当竞争法》第九条第一款,"截断后缀"",""",不正当竞争/商业贿赂
《中华人民共和国反不正当竞争法》第九条之规定依据,《中华人民共和国反不正当竞争法》第九条之规定,"截断后缀""依据""",不正当竞争/商业贿赂
《中华人民共和国反不正当竞争法》第九条一款,《中华人民共和国反不正当竞争法》第九条,"截断后缀""一款""",不正当竞争/商业贿赂
《中华人民共和国反不正当竞争法》第十二条和,《中华人民共和国反不正当竞争法》第十二条,"截断后缀""和""",不正当竞争/商业贿赂
《反不正当竞争法》第二十二条和,《反不正当竞争法》第二十二条,"截断后缀""和""",不正当竞争/商业贿赂
《福建省实施〈中华人民共和国反不正当竞争法〉办法》第十五条和,《福建省实施〈中华人民共和国反不正当竞争法〉办法》第十五条,"截断后缀""和""",不正当竞争/商业贿赂
《反不正当竞争法》第六条和,《反不正当竞争法》第六条,"截断后缀""和""",不正当竞争/商业贿赂
《反不正当竞争法》第六条及,《反不正当竞争法》第六条,"截断后缀""及""",不正当竞争/商业贿赂
《反不正当竞争法》第八条第一款和,《反不正当竞争法》第八条第一款,"截断后缀""和""",不正当竞争/商业贿赂
《反不正当竞争法》第八条第一款及,《反不正当竞争法》第八条第一款,"截断后缀""及""",不正当竞争/商业贿赂
《反不正当竞争法》第八条国家工商行政管理局,《反不正当竞争法》第八条,"截断后缀""国家工商行政管理局""",不正当竞争/商业贿赂
《湖北省反不正当竞争条例》第二十六条“违反本条,《湖北省反不正当竞争条例》第二十六条,"截断后缀""“违反本条""",不正当竞争/商业贿赂
《湖北省反不正当竞争条例》第二十七条第三项之规定：“违反本条,《湖北省反不正当竞争条例》第二十七条第三项之规定,"截断后缀""：“违反本条""",不正当竞争/商业贿赂
《湖北省反不正当竞争条例》第二十七条“违反本条,《湖北省反不正当竞争条例》第二十七条,"截断后缀""“违反本条""",不正当竞争/商业贿赂
《中华人民共和国反不正当竞争法》第八条第一款和国家工商局,《中华人民共和国反不正当竞争法》第八条第一款,"截断后缀""和国家工商局""",不正当竞争/商业贿赂
《中华人民共和国反不正当竞争法》第八条第一款和,《中华人民共和国反不正当竞争法》第八条第一款,"截断后缀""和""",不正当竞争/商业贿赂
《中华人民共和国反不正当竞争法》第八条第一款及,《中华人民共和国反不正当竞争法》第八条第一款,"截断后缀""及""",不正当竞争/商业贿赂
《中华人民共和国反不正当竞争法》第八条第一款之规定依据,《中华人民共和国反不正当竞争法》第八条第一款之规定,"截断后缀""依据""",不正当竞争/商业贿赂
《中华人民共和国反不正当竞争法》第八条第一款、,《中华人民共和国反不正当竞争法》第八条第一款,"截断后缀""、""",不正当竞争/商业贿赂
"《中华人民共和国反不正当竞争法》第八条第一款,",《中华人民共和国反不正当竞争法》第八条第一款,"截断后缀"",""",不正当竞争/商业贿赂
《中华人民共和国反不正当竞争法》第八条和,《中华人民共和国反不正当竞争法》第八条,"截断后缀""和""",不正当竞争/商业贿赂
《中华人民共和国反不正当竞争法》第八条及,《中华人民共和国反不正当竞争法》第八条,"截断后缀""及""",不正当竞争/商业贿赂
《中华人民共和国反不正当竞争法》第八条、,《中华人民共和国反不正当竞争法》第八条,"截断后缀""、""",不正当竞争/商业贿赂
《中华人民共和国反不正当竞争法》第八条第一款的规定依据,《中华人民共和国反不正当竞争法》第八条第一款的规定,"截断后缀""依据""",不正当竞争/商业贿赂
《中华人民共和国反不正当竞争法》第八条第一款规定依据,《中华人民共和国反不正当竞争法》第八条第一款,"截断后缀""规定依据""",不正当竞争/商业贿赂
"《反不正当竞争法》第二十三条,",《反不正当竞争法》第二十三条,"截断后缀"",""",不正当竞争/商业贿赂
《中华人民共和国反不正当竞争法》第十三条及,《中华人民共和国反不正当竞争法》第十三条,"截断后缀""及""",不正当竞争/商业贿赂
《中华人民共和国反不正当竞争法》第六条和关于,《中华人民共和国反不正当竞争法》第六条,"截断后缀""和关于""",不正当竞争/商业贿赂
《中华人民共和国反不正当竞争法》第六条和,《中华人民共和国反不正当竞争法》第六条,"截断后缀""和""",不正当竞争/商业贿赂
《中华人民共和国反不正当竞争法》第六条及,《中华人民共和国反不正当竞争法》第六条,"截断后缀""及""",不正当竞争/商业贿赂
"《中华人民共和国反不正当竞争法》第六条,",《中华人民共和国反不正当竞争法》第六条,"截断后缀"",""",不正当竞争/商业贿赂
《中华人民共和国反不正当竞争法》第八条第（一）款、,《中华人民共和国反不正当竞争法》第八条第（一）款,"截断后缀""、""",不正当竞争/商业贿赂
依据《中华人民共和国反不正当竞争法》第十八条第一款,《中华人民共和国反不正当竞争法》第十八条第一款,"去除前缀""依据""",不正当竞争/商业贿赂
《北京市反不正当竞争条例》第八条第（二）项的规定依据,《北京市反不正当竞争条例》第八条第（二）项的规定,"截断后缀""依据""",不正当竞争/商业贿赂
依据《中华人民共和国反不正当竞争法》第二十条第一款,《中华人民共和国反不正当竞争法》第二十条第一款,"去除前缀""依据""",不正当竞争/商业贿赂
《北京市反不正当竞争条例》第十五条的规定依据,《北京市反不正当竞争条例》第十五条的规定,"截断后缀""依据""",不正当竞争/商业贿赂
《北京市反不正当竞争条例》第十五条第二款第（四）项的规定依据,《北京市反不正当竞争条例》第十五条第二款第（四）项的规定,"截断后缀""依据""",不正当竞争/商业贿赂
《北京市反不正当竞争条例》第十五条第二款第（四）项之规定依据,《北京市反不正当竞争条例》第十五条第二款第（四）项之规定,"截断后缀""依据""",不正当竞争/商业贿赂
《北京市反不正当竞争条例》第十五条第一款的规定依据,《北京市反不正当竞争条例》第十五条第一款的规定,"截断后缀""依据""",不正当竞争/商业贿赂
"《河北省反不正当竞争条例》第16条,",《河北省反不正当竞争条例》第16条,"截断后缀"",""",不正当竞争/商业贿赂
《中华人共和国反不正当竞争法》第九条第一款、,《中华人共和国反不正当竞争法》第九条第一款,"截断后缀""、""",不正当竞争/商业贿赂
《国家工商行政管理总局关于禁止仿冒知名商品特有的名称、包装、装潢的不正当竞争行为的若干规定》第三条第（一）项、第六条及,《国家工商行政管理总局关于禁止仿冒知名商品特有的名称、包装、装潢的不正当竞争行为的若干规定》第三条第（一）项、第六条,"截断后缀""及""",不正当竞争/商业贿赂
《关于禁止有奖销售活动中不正当竞争行为的若干规定》第七条第二款和,《关于禁止有奖销售活动中不正当竞争行为的若干规定》第七条第二款,"截断后缀""和""",不正当竞争/商业贿赂
《关于禁止有奖销售活动中不正当竞争行为的若干规定》第七条第一款第二款、,《关于禁止有奖销售活动中不正当竞争行为的若干规定》第七条第一款第二款,"截断后缀""、""",不正当竞争/商业贿赂
《关于禁止仿冒知名商品特有的名称、包装、装潢的不正当竞争行为的若干规定》第八条、,《关于禁止仿冒知名商品特有的名称、包装、装潢的不正当竞争行为的若干规定》第八条,"截断后缀""、""",不正当竞争/商业贿赂
《四川省反不正当竞争条例》第十二条第一、三款,《四川省反不正当竞争条例》第十二条,"截断后缀""第一、三款""",不正当竞争/商业贿赂
《浙江省反不正当竞争条例》第二十八条、,《浙江省反不正当竞争条例》第二十八条,"截断后缀""、""",不正当竞争/商业贿赂
依据《上海市公共汽车和电车客运管理条例》第四十九条第一款第六项,《上海市公共汽车和电车客运管理条例》第四十九条第一款第六项,"去除前缀""依据""",交通运输
依据1.《城市道路管理条例》第四十二条,《城市道路管理条例》第四十二条,"去除前缀""依据""",交通运输
依据《城市道路管理条例》第四十二条的规定,《城市道路管理条例》第四十二条的规定,"去除前缀""依据""",交通运输
依据《城市道路管理条例》第四十二条,《城市道路管理条例》第四十二条,"去除前缀""依据""",交通运输
《济南市客运出租汽车管理条例》第二十二条第(一)项规定,《济南市客运出租汽车管理条例》第二十二条第(一)项,"截断后缀""规定""",交通运输
"《河北省治理货运车辆超限超载规定》第十九条第一项,",《河北省治理货运车辆超限超载规定》第十九条第一项,"截断后缀"",""",交通运输
《河北省治理货运车辆超限超载规定》第十九条一项,《河北省治理货运车辆超限超载规定》第十九条,"截断后缀""一项""",交通运输
《河北省治理货运车辆超限超载规定》第三十条第一项处罚决定:责令改正,《河北省治理货运车辆超限超载规定》第三十条第一项,"截断后缀""处罚决定:责令改正""",交通运输
"《河北省治理货运车辆超限超载规定》第三十条第一款的规定,决定给予责令改正,罚款",《河北省治理货运车辆超限超载规定》第三十条第一款的规定,"截断后缀"",决定给予责令改正,罚款""",交通运输
《河北省治理货运车辆超限超载规定》第三十条的规定责令立即改正并处罚款,《河北省治理货运车辆超限超载规定》第三十条的规定,"截断后缀""责令立即改正并处罚款""",交通运输
《河北省治理货运车辆超限超载规定》第三十条的规定责令立即改正并处壹仟元罚款,《河北省治理货运车辆超限超载规定》第三十条的规定,"截断后缀""责令立即改正并处壹仟元罚款""",交通运输
《河北省治理货运车辆超限超载规定》第三十条一款的规定本机关决定给予:责令改正,《河北省治理货运车辆超限超载规定》第三十条一款的规定,"截断后缀""本机关决定给予:责令改正""",交通运输
"《浙江省城市道路管理办法》第二十七条第（一）项,",《浙江省城市道路管理办法》第二十七条第（一）项,"截断后缀"",""",交通运输
依据南宁市出租汽车客运管理条例》第五十三条第一款第一项,南宁市出租汽车客运管理条例》第五十三条第一款第一项,"去除前缀""依据""",交通运输
《城市道路管理条例》第四十二条、,《城市道路管理条例》第四十二条,"截断后缀""、""",交通运输
依据《浙江省城市道路管理办法》第三十六条,《浙江省城市道路管理办法》第三十六条,"去除前缀""依据""",交通运输
依据《浙江省城市道路管理办法》第三十六条的规定,《浙江省城市道路管理办法》第三十六条的规定,"去除前缀""依据""",交通运输
依据《海南经济特区机动车辆通行附加费征收管理条,《海南经济特区机动车辆通行附加费征收管理条,"去除前缀""依据""",交通运输
《城市道路管理条例》第四十二条n行政处罚决定:罚款,《城市道路管理条例》第四十二条,"截断后缀""n行政处罚决定:罚款""",交通运输
《辽宁省客运出租汽车管理条例》第二十四条一款,《辽宁省客运出租汽车管理条例》第二十四条,"截断后缀""一款""",交通运输
依照《城市道路管理条,《城市道路管理条,"去除前缀""依照""",交通运输
《城市道路管理条例》第三十五条规定,《城市道路管理条例》第三十五条,"截断后缀""规定""",交通运输
《中华人民共和国内河交通管理条例》第二十四条第一款和,《中华人民共和国内河交通管理条例》第二十四条第一款,"截断后缀""和""",交通运输
根据《城市道路管理条例》第四十二条,《城市道路管理条例》第四十二条,"去除前缀""根据""",交通运输
根据《城市道路管理条例》第四十二条第(二)项,《城市道路管理条例》第四十二条第(二)项,"去除前缀""根据""",交通运输
"《城市道路管理条例》第二十七条第七项,",《城市道路管理条例》第二十七条第七项,"截断后缀"",""",交通运输
根据《济南市客运出租汽车管理条例》第四十八条第(二)项,《济南市客运出租汽车管理条例》第四十八条第(二)项,"去除前缀""根据""",交通运输
《城市道路管理条例》第二十七条第一项和,《城市道路管理条例》第二十七条第一项,"截断后缀""和""",交通运输
"《网络预约出租汽车经营服务管理暂行办法》第三十五条第一款第(一)项的规定,决定给予罚款",《网络预约出租汽车经营服务管理暂行办法》第三十五条第一款第(一)项的规定,"截断后缀"",决定给予罚款""",交通运输
"《网络预约出租汽车经营服务管理暂行办法》第三十五条第一款第(一)项的规定,决定给予罚款",《网络预约出租汽车经营服务管理暂行办法》第三十五条第一款第(一)项的规定,"截断后缀"",决定给予罚款""",交通运输
"《网络预约出租汽车经营服务管理暂行办法》第三十五条第一款第(二)项的规定,决定给予罚款",《网络预约出租汽车经营服务管理暂行办法》第三十五条第一款第(二)项的规定,"截断后缀"",决定给予罚款""",交通运输
"《网络预约出租汽车经营服务管理暂行办法》第十七条,给予滴滴出行科技有限公司罚款",《网络预约出租汽车经营服务管理暂行办法》第十七条,"截断后缀"",给予滴滴出行科技有限公司罚款""",交通运输
"《网络预约出租汽车经营服务管理规定》第三十五条的规定,本机关作出罚款",《网络预约出租汽车经营服务管理规定》第三十五条的规定,"截断后缀"",本机关作出罚款""",交通运输
《城市道路管理条例》第四十二条行政处罚决定:罚款,《城市道路管理条例》第四十二条,"截断后缀""行政处罚决定:罚款""",交通运输
《中华人民共和国公路法》第五十五条;,《中华人民共和国公路法》第五十五条,"截断后缀"";""",交通运输违规
《道路旅客运输及客运站管理规定》第八十条第一款.给予其罚款,《道路旅客运输及客运站管理规定》第八十条第一款,"截断后缀"".给予其罚款""",交通运输违规
《中华人民共和国公路法》第四十九条、五十条第一款和,《中华人民共和国公路法》第四十九条、五十条第一款,"截断后缀""和""",交通运输违规
《中华人民共和国公路法》第五十六条第一款的规定决定给予责令限期拆除并处10000元罚款,《中华人民共和国公路法》第五十六条第一款的规定,"截断后缀""决定给予责令限期拆除并处10000元罚款""",交通运输违规
《中华人民共和国公路法》第五十六条第一款规定,《中华人民共和国公路法》第五十六条第一款,"截断后缀""规定""",交通运输违规
《道路旅客运输及客运站管理规定》第八十条第（一）项处以罚款,《道路旅客运输及客运站管理规定》第八十条第（一）项,"截断后缀""处以罚款""",交通运输违规
《中华人民共和国公路法》第五十条第一规定,《中华人民共和国公路法》第五十条,"截断后缀""第一规定""",交通运输违规
《中华人民共和国公路法》第五十条第一款规定,《中华人民共和国公路法》第五十条第一款,"截断后缀""规定""",交通运输违规
《中华人民共和国公路法》第五十条第一款和,《中华人民共和国公路法》第五十条第一款,"截断后缀""和""",交通运输违规
《中华人民共和国公路法》第五十条第一款、,《中华人民共和国公路法》第五十条第一款,"截断后缀""、""",交通运输违规
"《中华人民共和国公路法》第五十条第一款,",《中华人民共和国公路法》第五十条第一款,"截断后缀"",""",交通运输违规
《中华人民共和国公路法》第五十条、,《中华人民共和国公路法》第五十条,"截断后缀""、""",交通运输违规
《中华人民共和国公路法》第七十六条第（五）项和,《中华人民共和国公路法》第七十六条第（五）项,"截断后缀""和""",交通运输违规
《中华人民共和国公路法》第二十五条、,《中华人民共和国公路法》第二十五条,"截断后缀""、""",交通运输违规
"《中华人民共和国公路法》第四十九条、第五十条第一款,",《中华人民共和国公路法》第四十九条、第五十条第一款,"截断后缀"",""",交通运输违规
"《新疆维吾尔自治区道路运输条例》第三十五条第二款的规定,依据",《新疆维吾尔自治区道路运输条例》第三十五条第二款的规定,"截断后缀"",依据""",交通运输违规
"《新疆维吾尔自治区道路运输条例》第五十二条的规定,决定给予罚款",《新疆维吾尔自治区道路运输条例》第五十二条的规定,"截断后缀"",决定给予罚款""",交通运输违规
《道路运输车辆动态监督管理办法》第二十三、二十四、二十五条,《道路运输车辆动态监督管理办法》,"截断后缀""第二十三、二十四、二十五条""",交通运输违规
《中华人民共和国公路法》第五十五条、,《中华人民共和国公路法》第五十五条,"截断后缀""、""",交通运输违规
《中华人民共和国公路法》第七十六条第二项、,《中华人民共和国公路法》第七十六条第二项,"截断后缀""、""",交通运输违规
"《中华人民共和国公路法》第七十六条第五项,",《中华人民共和国公路法》第七十六条第五项,"截断后缀"",""",交通运输违规
《中华人民共和国公路法》第七十六条第五项、,《中华人民共和国公路法》第七十六条第五项,"截断后缀""、""",交通运输违规
《中华人民共和国公路法》第七十六条第五项和,《中华人民共和国公路法》第七十六条第五项,"截断后缀""和""",交通运输违规
《中华人民共和国公路法》第七十六条第五项罚款,《中华人民共和国公路法》第七十六条第五项,"截断后缀""罚款""",交通运输违规
《中华人民共和国公路法》第四十九条和五十条,《中华人民共和国公路法》第四十九条,"截断后缀""和五十条""",交通运输违规
《中华人民共和国公路法》第七十六条第（五）项、,《中华人民共和国公路法》第七十六条第（五）项,"截断后缀""、""",交通运输违规
《道路旅客运输及客运站管理规定》第八十条第（二）项处以罚款,《道路旅客运输及客运站管理规定》第八十条第（二）项,"截断后缀""处以罚款""",交通运输违规
《浙江省快递业促进条例》第三十一条第二款的相关规定,《浙江省快递业促进条例》第三十一条第二款,"截断后缀""的相关规定""",交通运输违规
《道路旅客运输及客运站管理规定》第壹百条第一款：罚款,《道路旅客运输及客运站管理规定》第壹百条第一款,"截断后缀""：罚款""",交通运输违规
《广西壮族自治区道路运输管理条例》第三十七条第（二）项处以罚款,《广西壮族自治区道路运输管理条例》第三十七条第（二）项,"截断后缀""处以罚款""",交通运输违规
《快递安全生产操作规范》第6.4条,《快递安全生产操作规范》,"截断后缀""第6.4条""",交通运输违规
《中华人民共和国公路法》第四十九、五十条,《中华人民共和国公路法》,"截断后缀""第四十九、五十条""",交通运输违规
"《道路旅客运输及客运站管理规定》第十二条的规定,根据",《道路旅客运输及客运站管理规定》第十二条的规定,"截断后缀"",根据""",交通运输违规
《中华人民共和国公路法》第十二届人大修正）第五十条第一款和,《中华人民共和国公路法》第十二届人大修正）第五十条第一款,"截断后缀""和""",交通运输违规
《中华人民共和国公路法》第十二届人大修正）第五十条和,《中华人民共和国公路法》第十二届人大修正）第五十条,"截断后缀""和""",交通运输违规
《中华人民共和国公路法》第十二届人大修正）第七十六条第五项、,《中华人民共和国公路法》第十二届人大修正）第七十六条第五项,"截断后缀""、""",交通运输违规
《中华人民共和国公路法》第十二届人大修正)第七十六条第五项、,《中华人民共和国公路法》第十二届人大修正)第七十六条第五项,"截断后缀""、""",交通运输违规
《中华人民共和国公路法》第六十九条、,《中华人民共和国公路法》第六十九条,"截断后缀""、""",交通运输违规
《中华人民共和国公路法》第八十条、,《中华人民共和国公路法》第八十条,"截断后缀""、""",交通运输违规
《道路旅客运输及客运站管理规定》第八十条第（三）项处以罚款,《道路旅客运输及客运站管理规定》第八十条第（三）项,"截断后缀""处以罚款""",交通运输违规
《中华人民共和国公路法》第四十九条、五十条和,《中华人民共和国公路法》第四十九条,"截断后缀""、五十条和""",交通运输违规
《中华人民共和国公路法》第四十九条、,《中华人民共和国公路法》第四十九条,"截断后缀""、""",交通运输违规
《海南省邮政条例》第53条第5款邮政企业、快递企业违反本条例第三十八条第一、二、三款,《海南省邮政条例》第53条第5款邮政企业、快递企业违反本条例第三十八条,"截断后缀""第一、二、三款""",交通运输违规
《道路货物运输及站场管理规定》第三十二条;,《道路货物运输及站场管理规定》第三十二条,"截断后缀"";""",交通运输违规
"《道路货物运输及站场管理规定》第三十八条,",《道路货物运输及站场管理规定》第三十八条,"截断后缀"",""",交通运输违规
《道路货物运输及站场管理规定》第三十六条依据,《道路货物运输及站场管理规定》第三十六条,"截断后缀""依据""",交通运输违规
"《道路旅客运输及客运站管理规定》第四十七条第一款,",《道路旅客运输及客运站管理规定》第四十七条第一款,"截断后缀"",""",交通运输违规
《道路货物运输及站场管理规定》第十四条依据,《道路货物运输及站场管理规定》第十四条,"截断后缀""依据""",交通运输违规
《山东省道路运输条例》第六十八条：“违反本条,《山东省道路运输条例》第六十八条,"截断后缀""：“违反本条""",交通运输违规
《山东省道路运输条例》第六十六条第（三）项：“违反本条,《山东省道路运输条例》第六十六条第（三）项,"截断后缀""：“违反本条""",交通运输违规
《山东省道路运输条例》第六十六条第（四）项：“违反本条,《山东省道路运输条例》第六十六条第（四）项,"截断后缀""：“违反本条""",交通运输违规
"《道路货物运输及站场管理规定》第十九条,",《道路货物运输及站场管理规定》第十九条,"截断后缀"",""",交通运输违规
《道路货物运输及站场管理规定》第十三条规定,《道路货物运输及站场管理规定》第十三条,"截断后缀""规定""",交通运输违规
《山东省道路运输条例》第六十七条第（四）项：违反本条,《山东省道路运输条例》第六十七条第（四）项,"截断后缀""：违反本条""",交通运输违规
《山东省道路运输条例》第六十九条第（三）项：“违反本条,《山东省道路运输条例》第六十九条第（三）项,"截断后缀""：“违反本条""",交通运输违规
《山东省道路运输条例》第六十七条第（六）项：“违反本条,《山东省道路运输条例》第六十七条第（六）项,"截断后缀""：“违反本条""",交通运输违规
《道路运输从业人员管理规定》第十条第四款;依据,《道路运输从业人员管理规定》第十条第四款,"截断后缀"";依据""",交通运输违规
《道路运输条例》第七十条违反本条,《道路运输条例》第七十条,"截断后缀""违反本条""",交通运输违规
《道路货物运输及站场管理规定》第六十七条第（二）项处以罚款,《道路货物运输及站场管理规定》第六十七条第（二）项,"截断后缀""处以罚款""",交通运输违规
《道路货物运输及站场管理规定》第五十八条第二款处以罚款,《道路货物运输及站场管理规定》第五十八条第二款,"截断后缀""处以罚款""",交通运输违规
《道路货物运输及站场管理规定》第六十三条决定给予罚款,《道路货物运输及站场管理规定》第六十三条,"截断后缀""决定给予罚款""",交通运输违规
《道路货物运输及站场管理规定》第六十条第(二)项处以罚款,《道路货物运输及站场管理规定》第六十条第(二)项,"截断后缀""处以罚款""",交通运输违规
《道路货物运输及站场管理规定》第六十四条第（二）项决定给予罚款,《道路货物运输及站场管理规定》第六十四条第（二）项,"截断后缀""决定给予罚款""",交通运输违规
《道路货物运输及站场管理规定》第六十八条处以罚款,《道路货物运输及站场管理规定》第六十八条,"截断后缀""处以罚款""",交通运输违规
《道路货物运输及站场管理规定》第六十八条处以罚款,《道路货物运输及站场管理规定》第六十八条,"截断后缀""处以罚款""",交通运输违规
《道路货物运输及站场管理规定》第六十五条第二款处以罚款,《道路货物运输及站场管理规定》第六十五条第二款,"截断后缀""处以罚款""",交通运输违规
《道路货物运输及站场管理规定》第六十五条第一款处以罚款,《道路货物运输及站场管理规定》第六十五条第一款,"截断后缀""处以罚款""",交通运输违规
《道路货物运输及站场管理规定》第六十九条处以罚款,《道路货物运输及站场管理规定》第六十九条,"截断后缀""处以罚款""",交通运输违规
《道路货物运输及站场管理规定》第六十三条第一款决定给予罚款,《道路货物运输及站场管理规定》第六十三条第一款,"截断后缀""决定给予罚款""",交通运输违规
《道路货物运输及站场管理规定》第十三条的规定根据,《道路货物运输及站场管理规定》第十三条的规定,"截断后缀""根据""",交通运输违规
《山东省道路运输条例》第七十条第七项：“违反本条,《山东省道路运输条例》第七十条第七项,"截断后缀""：“违反本条""",交通运输违规
《山东省道路运输条例》第六十七条第(六)项:“违反本条,《山东省道路运输条例》第六十七条第(六)项,"截断后缀"":“违反本条""",交通运输违规
《道路货物运输及站场管理规定》第六十条第（二）项处以罚款,《道路货物运输及站场管理规定》第六十条第（二）项,"截断后缀""处以罚款""",交通运输违规
《山东省道路运输条例》第六十七条第(四)项:违反本条,《山东省道路运输条例》第六十七条第(四)项,"截断后缀"":违反本条""",交通运输违规
《道路货物运输及站场管理规定》第十三条依据,《道路货物运输及站场管理规定》第十三条,"截断后缀""依据""",交通运输违规
《山东省道路运输条例》第六十七条第（五）项：违反本条,《山东省道路运输条例》第六十七条第（五）项,"截断后缀""：违反本条""",交通运输违规
《道路货物运输及站场管理规定》第五十八条第一款处以罚款,《道路货物运输及站场管理规定》第五十八条第一款,"截断后缀""处以罚款""",交通运输违规
《山东省道路运输条例》第五十六条规定,《山东省道路运输条例》第五十六条,"截断后缀""规定""",交通运输违规
《山东省道路运输条例》第五十四条和,《山东省道路运输条例》第五十四条,"截断后缀""和""",交通运输违规
《道路运输车辆动态监督管理办法》第三十六条第(二)项处以罚款,《道路运输车辆动态监督管理办法》第三十六条第(二)项,"截断后缀""处以罚款""",交通运输违规
《道路运输车辆动态监督管理办法》第三十六条规定,《道路运输车辆动态监督管理办法》第三十六条,"截断后缀""规定""",交通运输违规
《道路运输车辆动态监督管理办法》第三十七条处以罚款,《道路运输车辆动态监督管理办法》第三十七条,"截断后缀""处以罚款""",交通运输违规
《中华人民共和国公路法》第七十六条第(五)项和,《中华人民共和国公路法》第七十六条第(五)项,"截断后缀""和""",交通运输违规
"《中华人民共和国公路法》第七十六条第(五)项,",《中华人民共和国公路法》第七十六条第(五)项,"截断后缀"",""",交通运输违规
《中华人民共和国公路法》第46条、,《中华人民共和国公路法》第46条,"截断后缀""、""",交通运输违规
《中华人民共和国公路法》第77条、,《中华人民共和国公路法》第77条,"截断后缀""、""",交通运输违规
《中华人民共和国公路法》第七十六条;,《中华人民共和国公路法》第七十六条,"截断后缀"";""",交通运输违规
《中华人民共和国公路法》第七十六条、,《中华人民共和国公路法》第七十六条,"截断后缀""、""",交通运输违规
《中华人民共和国公路法》第七十六条第(五)项、,《中华人民共和国公路法》第七十六条第(五)项,"截断后缀""、""",交通运输违规
《广东省交通运输行政处罚裁量标准(道路运政)》第26项一般情节,《广东省交通运输行政处罚裁量标准(道路运政)》第26项,"截断后缀""一般情节""",交通运输违规
《广东省交通运输行政处罚裁量标准(道路运政)》第64项一般情节,《广东省交通运输行政处罚裁量标准(道路运政)》第64项,"截断后缀""一般情节""",交通运输违规
《广东省交通运输行政处罚裁量标准(道路运政)》第64项情节,《广东省交通运输行政处罚裁量标准(道路运政)》第64项,"截断后缀""情节""",交通运输违规
《广东省交通运输行政处罚裁量标准(道路运政)》第64项较轻情节,《广东省交通运输行政处罚裁量标准(道路运政)》第64项,"截断后缀""较轻情节""",交通运输违规
《广东省交通运输行政处罚裁量标准(道路运政)》第64项较重情节,《广东省交通运输行政处罚裁量标准(道路运政)》第64项,"截断后缀""较重情节""",交通运输违规
《广东省交通运输行政处罚裁量标准(道路运政)》第90项较重情节,《广东省交通运输行政处罚裁量标准(道路运政)》第90项,"截断后缀""较重情节""",交通运输违规
《安徽省治理货物运输车辆超限超载条例》第三十条第(二)项的规定决定给予罚款,《安徽省治理货物运输车辆超限超载条例》第三十条第(二)项的规定,"截断后缀""决定给予罚款""",交通运输违规
"《道路货物运输及站场管理规定》第二十二第一款,",《道路货物运输及站场管理规定》第二十二第一款,"截断后缀"",""",交通运输违规
《安徽省治理货物运输车辆超限超载条例》第三十条第(二)项;,《安徽省治理货物运输车辆超限超载条例》第三十条第(二)项,"截断后缀"";""",交通运输违规
《道路货物运输及站场管理规定》第五十九条一款,《道路货物运输及站场管理规定》第五十九条,"截断后缀""一款""",交通运输违规
《道路货物运输及站场管理规定》第五十九条一款,《道路货物运输及站场管理规定》第五十九条,"截断后缀""一款""",交通运输违规
《道路货物运输及站场管理规定》第五十七条第（三）项决定给予罚款,《道路货物运输及站场管理规定》第五十七条第（三）项,"截断后缀""决定给予罚款""",交通运输违规
《道路货物运输及站场管理规定》第五十七条第(一)项处以罚款,《道路货物运输及站场管理规定》第五十七条第(一)项,"截断后缀""处以罚款""",交通运输违规
《超限运输车辆行驶公路管理规定》第四十三条第一款第（二）项所以进行对该车辆/公司进行罚款,《超限运输车辆行驶公路管理规定》第四十三条第一款第（二）项,"截断后缀""所以进行对该车辆/公司进行罚款""",交通运输违规
《超限运输车辆行驶公路管理规定》第四十三条第一款第（二）项所以对该车辆/公司进行罚款,《超限运输车辆行驶公路管理规定》第四十三条第一款第（二）项,"截断后缀""所以对该车辆/公司进行罚款""",交通运输违规
《超限运输车辆行驶公路管理规定》第四十三条第一款第（二）项处以罚款,《超限运输车辆行驶公路管理规定》第四十三条第一款第（二）项,"截断后缀""处以罚款""",交通运输违规
《超限运输车辆行驶公路管理规定》第四十三条第一款第（二）项以罚款,《超限运输车辆行驶公路管理规定》第四十三条第一款第（二）项,"截断后缀""以罚款""",交通运输违规
《超限运输车辆行驶公路管理规定》第四十三条第一款第二项处罚决定:罚款,《超限运输车辆行驶公路管理规定》第四十三条第一款第二项,"截断后缀""处罚决定:罚款""",交通运输违规
《福建省道路运输条例》第二十七条规定的条,《福建省道路运输条例》第二十七条,"截断后缀""规定的条""",交通运输违规
《超限运输车辆行驶公路管理规定》第四十三条第一款第(二)项所以进行对该车辆/公司进行罚款,《超限运输车辆行驶公路管理规定》第四十三条第一款第(二)项,"截断后缀""所以进行对该车辆/公司进行罚款""",交通运输违规
《超限运输车辆行驶公路管理规定》第四十三条第一款第(二)项所以对该车辆/公司进行罚款,《超限运输车辆行驶公路管理规定》第四十三条第一款第(二)项,"截断后缀""所以对该车辆/公司进行罚款""",交通运输违规
《中华人民共和国道路运输条例》第六十九条一项,《中华人民共和国道路运输条例》第六十九条,"截断后缀""一项""",交通运输违规
"《中华人民共和国道路运输条例》第六十九条第(五)项,处以罚款",《中华人民共和国道路运输条例》第六十九条第(五)项,"截断后缀"",处以罚款""",交通运输违规
《超限运输车辆行驶公路管理规定》第四十六条第一款和,《超限运输车辆行驶公路管理规定》第四十六条第一款,"截断后缀""和""",交通运输违规
《超限运输车辆行驶公路管理规定》第四十六条、,《超限运输车辆行驶公路管理规定》第四十六条,"截断后缀""、""",交通运输违规
《超限运输车辆行驶公路管理规定》第四十九条决定给予罚款,《超限运输车辆行驶公路管理规定》第四十九条,"截断后缀""决定给予罚款""",交通运输违规
《超限运输车辆行驶公路管理规定》第二十七条第一款的相关规定,《超限运输车辆行驶公路管理规定》第二十七条第一款,"截断后缀""的相关规定""",交通运输违规
"《超限运输车辆行驶公路管理规定》第二十七条第一款,",《超限运输车辆行驶公路管理规定》第二十七条第一款,"截断后缀"",""",交通运输违规
"《超限运输车辆行驶公路管理规定》第二十七条,根据",《超限运输车辆行驶公路管理规定》第二十七条,"截断后缀"",根据""",交通运输违规
"《超限运输车辆行驶公路管理规定》第二十七条,",《超限运输车辆行驶公路管理规定》第二十七条,"截断后缀"",""",交通运输违规
"《超限运输车辆行驶公路管理规定》第二十一条第二款,",《超限运输车辆行驶公路管理规定》第二十一条第二款,"截断后缀"",""",交通运输违规
"《超限运输车辆行驶公路管理规定》第三条第（二)项,",《超限运输车辆行驶公路管理规定》第三条第（二)项,"截断后缀"",""",交通运输违规
《超限运输车辆行驶公路管理规定》第十三条和,《超限运输车辆行驶公路管理规定》第十三条,"截断后缀""和""",交通运输违规
《超限运输车辆行驶公路管理规定》第五十条、,《超限运输车辆行驶公路管理规定》第五十条,"截断后缀""、""",交通运输违规
《道路旅客运输及客运站场管理规定》第一百条第一款第(一)项;,《道路旅客运输及客运站场管理规定》第一百条第一款第(一)项,"截断后缀"";""",交通运输违规
《道路危险货物运输管理规定》第六十四条第（一）项处以罚款,《道路危险货物运输管理规定》第六十四条第（一）项,"截断后缀""处以罚款""",交通运输违规
《道路危险货物运输管理规定》第六十六条第一项规定给予罚款,《道路危险货物运输管理规定》第六十六条第一项,"截断后缀""规定给予罚款""",交通运输违规
《***人民共和国道路运输条例》第六十九条第(一)项、,《***人民共和国道路运输条例》第六十九条第(一)项,"截断后缀""、""",交通运输违规
《道路危险货物运输管理规定》第三十六条、,《道路危险货物运输管理规定》第三十六条,"截断后缀""、""",交通运输违规
《道路危险货物运输安全管理办法》第二十四条规定,《道路危险货物运输安全管理办法》第二十四条,"截断后缀""规定""",交通运输违规
《道 路运输车辆动态监督管理办法》第三十七条的规定决定给予罚款,《道 路运输车辆动态监督管理办法》第三十七条的规定,"截断后缀""决定给予罚款""",交通运输违规
《辽宁省交通运输行政处罚自由裁量权基准(道路运输部分)》第34项规定,《辽宁省交通运输行政处罚自由裁量权基准(道路运输部分)》第34项,"截断后缀""规定""",交通运输违规
《道路危险货物运输管理规定》第五十六条第（一）项罚款,《道路危险货物运输管理规定》第五十六条第（一）项,"截断后缀""罚款""",交通运输违规
《道路危险货物运输管理规定》第五十六条第（一）项、,《道路危险货物运输管理规定》第五十六条第（一）项,"截断后缀""、""",交通运输违规
《道路危险货物运输管理规定》第五十七条第(一)项处以罚款,《道路危险货物运输管理规定》第五十七条第(一)项,"截断后缀""处以罚款""",交通运输违规
《超限运输车辆行驶公路管理规定》第62号)第三条第一款第四至八项,《超限运输车辆行驶公路管理规定》第62号)第三条第一款,"截断后缀""第四至八项""",交通运输违规
《超限运输车辆行驶公路管理规定》第三条的认定标准,《超限运输车辆行驶公路管理规定》第三条,"截断后缀""的认定标准""",交通运输违规
"《超限运输车辆行驶公路管理规定》第三条,",《超限运输车辆行驶公路管理规定》第三条,"截断后缀"",""",交通运输违规
《福建省道路运输条例》第六十二条;处罚依据:,《福建省道路运输条例》第六十二条,"截断后缀"";处罚依据:""",交通运输违规
《超限运输车辆行驶公路管理规定》第三十六条第一款、,《超限运输车辆行驶公路管理规定》第三十六条第一款,"截断后缀""、""",交通运输违规
《超限运输车辆行驶公路管理规定》第三、六条,《超限运输车辆行驶公路管理规定》,"截断后缀""第三、六条""",交通运输违规
《行政处罚法》第三十二条、交通运输部,《行政处罚法》第三十二条,"截断后缀""、交通运输部""",交通运输违规
"《超限运输车辆行驶公路管理规定》第三条第(一)项,",《超限运输车辆行驶公路管理规定》第三条第(一)项,"截断后缀"",""",交通运输违规
"《福建省道路运输条例》第十三条,",《福建省道路运输条例》第十三条,"截断后缀"",""",交通运输违规
"《超限运输车辆行驶公路管理规定》第三、六条,给予合肥市科瑞运贸有限责任公司罚款",《超限运输车辆行驶公路管理规定》,"截断后缀""第三、六条,给予合肥市科瑞运贸有限责任公...""",交通运输违规
《超限运输车辆行驶公路管理规定》第三条第一款第项,《超限运输车辆行驶公路管理规定》第三条第一款,"截断后缀""第项""",交通运输违规
《超限运输车辆行驶公路管理规定》第三条第一款第四项至第八项规定的限定标准,《超限运输车辆行驶公路管理规定》第三条第一款第四项至第八项,"截断后缀""规定的限定标准""",交通运输违规
《超限运输车辆行驶公路管理规定》第三条第一款第三项、,《超限运输车辆行驶公路管理规定》第三条第一款第三项,"截断后缀""、""",交通运输违规
《超限运输车辆行驶公路管理规定》第三条第一款第一项、,《超限运输车辆行驶公路管理规定》第三条第一款第一项,"截断后缀""、""",交通运输违规
《超限运输车辆行驶公路管理规定》第三条第一款第一、二、三项,《超限运输车辆行驶公路管理规定》第三条第一款,"截断后缀""第一、二、三项""",交通运输违规
《超限运输车辆行驶公路管理规定》第三条第一款第【六】项,《超限运输车辆行驶公路管理规定》第三条第一款,"截断后缀""第【六】项""",交通运输违规
"《超限运输车辆行驶公路管理规定》第三条第一款第(六)项,",《超限运输车辆行驶公路管理规定》第三条第一款第(六)项,"截断后缀"",""",交通运输违规
《超限运输车辆行驶公路管理规定》第三条第一款第(八)项、,《超限运输车辆行驶公路管理规定》第三条第一款第(八)项,"截断后缀""、""",交通运输违规
"《超限运输车辆行驶公路管理规定》第三条第一款第(五)项,",《超限运输车辆行驶公路管理规定》第三条第一款第(五)项,"截断后缀"",""",交通运输违规
"《超限运输车辆行驶公路管理规定》第三条第一款,",《超限运输车辆行驶公路管理规定》第三条第一款,"截断后缀"",""",交通运输违规
"《青岛市交通运输行政处罚裁量基准》第43条之规定,拟决定罚款",《青岛市交通运输行政处罚裁量基准》第43条之规定,"截断后缀"",拟决定罚款""",交通运输违规
"《道路旅客运输及客运站管理规定》第五十七条第一款,给予天津广通开泰旅游有限公司罚款",《道路旅客运输及客运站管理规定》第五十七条第一款,"截断后缀"",给予天津广通开泰旅游有限公司罚款""",交通运输违规
"《道路旅客运输及客运站管理规定》第三十七条,给予四川省泸州市川泸运业有限公司罚款",《道路旅客运输及客运站管理规定》第三十七条,"截断后缀"",给予四川省泸州市川泸运业有限公司罚款""",交通运输违规
《道路运输车辆动态监督管理办法》第二十三、二十四、二十五条,《道路运输车辆动态监督管理办法》,"截断后缀""第二十三、二十四、二十五条""",交通运输违规
"《道路运输车辆技术管理规定》第九条的规定,我单位对当事人依法作出罚款",《道路运输车辆技术管理规定》第九条的规定,"截断后缀"",我单位对当事人依法作出罚款""",交通运输违规
"《道路运输车辆技术管理规定》第九条的规定,我单位对当事人依法作出罚款",《道路运输车辆技术管理规定》第九条的规定,"截断后缀"",我单位对当事人依法作出罚款""",交通运输违规
"《道路运输车辆技术管理规定》第九条的规定,我单位对当事人依法作出罚款",《道路运输车辆技术管理规定》第九条的规定,"截断后缀"",我单位对当事人依法作出罚款""",交通运输违规
《道路旅客运输及客运站管理规定》第九十条第（四）项处以罚款,《道路旅客运输及客运站管理规定》第九十条第（四）项,"截断后缀""处以罚款""",交通运输违规
《道路旅客运输及客运站管理规定》第九十条第（三）项处以罚款,《道路旅客运输及客运站管理规定》第九十条第（三）项,"截断后缀""处以罚款""",交通运输违规
《道路旅客运输及客运站管理规定》第九十条第（一）项处以罚款,《道路旅客运输及客运站管理规定》第九十条第（一）项,"截断后缀""处以罚款""",交通运输违规
《道路旅客运输及客运站管理规定》第九十条第（一）项处以罚款,《道路旅客运输及客运站管理规定》第九十条第（一）项,"截断后缀""处以罚款""",交通运输违规
《道路旅客运输及客运站管理规定》第九十二条处以罚款,《道路旅客运输及客运站管理规定》第九十二条,"截断后缀""处以罚款""",交通运输违规
《河北省交通运输行政处罚自由裁量权执行标准》第五十九项规定,《河北省交通运输行政处罚自由裁量权执行标准》第五十九项,"截断后缀""规定""",交通运输违规
《浙江省交通运输行政处罚裁量权实施办法》第十一条第一款第(九)项处以罚款,《浙江省交通运输行政处罚裁量权实施办法》第十一条第一款第(九)项,"截断后缀""处以罚款""",交通运输违规
"《道路旅客运输及客运站管理规定》第九十三条第(二)项的规定,决定给予20000元罚款",《道路旅客运输及客运站管理规定》第九十三条第(二)项的规定,"截断后缀"",决定给予20000元罚款""",交通运输违规
《道路旅客运输及客运站管理规定》第八十六条第（一）项处以罚款,《道路旅客运输及客运站管理规定》第八十六条第（一）项,"截断后缀""处以罚款""",交通运输违规
《道路旅客运输及客运站管理规定》第八十六条第三项决定给予大理运通运输有限责任公司罚款,《道路旅客运输及客运站管理规定》第八十六条第三项,"截断后缀""决定给予大理运通运输有限责任公司罚款""",交通运输违规
《江苏省水路交通运输条例》第六十八条、,《江苏省水路交通运输条例》第六十八条,"截断后缀""、""",交通运输违规
《道路旅客运输及客运站管理规定》第八十四条处以罚款,《道路旅客运输及客运站管理规定》第八十四条,"截断后缀""处以罚款""",交通运输违规
《道路旅客运输及客运站管理规定》第八十六条第（三）项客运包车不按照包车客运标志牌载明的事项,《道路旅客运输及客运站管理规定》第八十六条第（三）项,"截断后缀""客运包车不按照包车客运标志牌载明的事项""",交通运输违规
《道路旅客运输及客运站管理规定》第八十六条第（三）项处以罚款,《道路旅客运输及客运站管理规定》第八十六条第（三）项,"截断后缀""处以罚款""",交通运输违规
《道路旅客运输及客运站管理规定》第八十六条第（三）项、,《道路旅客运输及客运站管理规定》第八十六条第（三）项,"截断后缀""、""",交通运输违规
《杭州市道路货物运输及站（场）管理若干规定》第二十四条处以罚款,《杭州市道路货物运输及站（场）管理若干规定》第二十四条,"截断后缀""处以罚款""",交通运输违规
"《道路旅客运输及客运站管理规定》第九十三条第(二)项,",《道路旅客运输及客运站管理规定》第九十三条第(二)项,"截断后缀"",""",交通运输违规
"《道路旅客运输及客运站管理规定》第五十条,",《道路旅客运输及客运站管理规定》第五十条,"截断后缀"",""",交通运输违规
《江西省交通运输行政处罚自由裁量权细化标准(2020年版》第二章序号3,《江西省交通运输行政处罚自由裁量权细化标准(2020年版》第二章,"截断后缀""序号3""",交通运输违规
《江苏省道路运输条例》第68条第3项、,《江苏省道路运输条例》第68条第3项,"截断后缀""、""",交通运输违规
《道路旅客运输及客运站管理规定》第八十六条第一款.给予其罚款,《道路旅客运输及客运站管理规定》第八十六条第一款,"截断后缀"".给予其罚款""",交通运输违规
《道路旅客运输及客运站管理规定》第八十六条第(三)项处以罚款,《道路旅客运输及客运站管理规定》第八十六条第(三)项,"截断后缀""处以罚款""",交通运输违规
"《道路旅客运输及客运站管理规定》第八十六条第(一)项的规定,给予行政相对人罚款,",《道路旅客运输及客运站管理规定》第八十六条第(一)项的规定,"截断后缀"",给予行政相对人罚款,""",交通运输违规
《道路旅客运输及客运站管理规定》第八十六条第(一)项处以罚款,《道路旅客运输及客运站管理规定》第八十六条第(一)项,"截断后缀""处以罚款""",交通运输违规
《道路旅客运输及客运站管理规定》第八十八条第二款处以罚款,《道路旅客运输及客运站管理规定》第八十八条第二款,"截断后缀""处以罚款""",交通运输违规
《道路旅客运输及客运站管理规定》第八十九条处以罚款,《道路旅客运输及客运站管理规定》第八十九条,"截断后缀""处以罚款""",交通运输违规
《道路旅客运输及客运站管理规定》第八十九条处以罚款,《道路旅客运输及客运站管理规定》第八十九条,"截断后缀""处以罚款""",交通运输违规
《道路旅客运输及客运站管理规定》第八十三条第二款处以罚款,《道路旅客运输及客运站管理规定》第八十三条第二款,"截断后缀""处以罚款""",交通运输违规
《道路旅客运输及客运站管理规定》第八十条六第一款.给予其罚款,《道路旅客运输及客运站管理规定》第八十条六第一款,"截断后缀"".给予其罚款""",交通运输违规
《道路旅客运输及客运站管理规定》第七十九条处以罚款,《道路旅客运输及客运站管理规定》第七十九条,"截断后缀""处以罚款""",交通运输违规
《道路旅客运输及客运站管理规定》第七十八条第二款处以罚款,《道路旅客运输及客运站管理规定》第七十八条第二款,"截断后缀""处以罚款""",交通运输违规
"《道路旅客运输及客运站管理规定》第三十六条第一款,",《道路旅客运输及客运站管理规定》第三十六条第一款,"截断后缀"",""",交通运输违规
《道路旅客运输及客运站管理规定》第三十七条第一、二款,《道路旅客运输及客运站管理规定》第三十七条,"截断后缀""第一、二款""",交通运输违规
《道路旅客运输及客运站管理规定》第三十七条和,《道路旅客运输及客运站管理规定》第三十七条,"截断后缀""和""",交通运输违规
《道路旅客运输及客运站管理规定》第三十七条;,《道路旅客运输及客运站管理规定》第三十七条,"截断后缀"";""",交通运输违规
《道路旅客运输及客运站管理规定》第一百条第一款第（一）项之决定给予罚款,《道路旅客运输及客运站管理规定》第一百条第一款第（一）项,"截断后缀""之决定给予罚款""",交通运输违规
"《道路旅客运输及客运站管理规定》第82号）第三十六条第一款,",《道路旅客运输及客运站管理规定》第82号）第三十六条第一款,"截断后缀"",""",交通运输违规
根据《浙江省快递业促进条,《浙江省快递业促进条,"去除前缀""根据""",交通运输违规
《***道路运输条例》第七十五条第（二）项、,《***道路运输条例》第七十五条第（二）项,"截断后缀""、""",交通运输违规
《***道路运输条例》第七十五条第(一)项、,《***道路运输条例》第七十五条第(一)项,"截断后缀""、""",交通运输违规
《道路旅客运输及客运站管理规定》第86条第1项、,《道路旅客运输及客运站管理规定》第86条第1项,"截断后缀""、""",交通运输违规
《道路旅客运输及客运站管理规定》第86条第3项、,《道路旅客运输及客运站管理规定》第86条第3项,"截断后缀""、""",交通运输违规
《道路旅客运输及客运站管理规定》第一百条第一款第(七)项处以罚款,《道路旅客运输及客运站管理规定》第一百条第一款第(七)项,"截断后缀""处以罚款""",交通运输违规
《浙江省道路运输条例》第七十五条第（二）项规定违反本条,《浙江省道路运输条例》第七十五条第（二）项,"截断后缀""规定违反本条""",交通运输违规
《浙江省道路运输条例》第七十五条第（五）项处以罚款,《浙江省道路运输条例》第七十五条第（五）项,"截断后缀""处以罚款""",交通运输违规
《浙江省道路运输条例》第七十五条第（八）项处以罚款,《浙江省道路运输条例》第七十五条第（八）项,"截断后缀""处以罚款""",交通运输违规
《浙江省道路运输条例》第七十八条处以罚款,《浙江省道路运输条例》第七十八条,"截断后缀""处以罚款""",交通运输违规
《浙江省道路运输条例》第七十六条第(六)项处以罚款,《浙江省道路运输条例》第七十六条第(六)项,"截断后缀""处以罚款""",交通运输违规
《浙江省道路运输条例》第七十六条第（六）项处以罚款,《浙江省道路运输条例》第七十六条第（六）项,"截断后缀""处以罚款""",交通运输违规
《浙江省道路运输条例》第七十四条处以罚款,《浙江省道路运输条例》第七十四条,"截断后缀""处以罚款""",交通运输违规
"《浙江省道路运输条例》第七十五条第（二）项的规定,责令改正并罚款,",《浙江省道路运输条例》第七十五条第（二）项的规定,"截断后缀"",责令改正并罚款,""",交通运输违规
《浙江省道路运输条例》第七十五条第（二）项处以罚款,《浙江省道路运输条例》第七十五条第（二）项,"截断后缀""处以罚款""",交通运输违规
《浙江省道路运输条例》第七十五条第（二）项处以罚款,《浙江省道路运输条例》第七十五条第（二）项,"截断后缀""处以罚款""",交通运输违规
《浙江省道路运输条例》第七十五条第(一)项、,《浙江省道路运输条例》第七十五条第(一)项,"截断后缀""、""",交通运输违规
《浙江省道路运输条例》第七十五条第(二)项、,《浙江省道路运输条例》第七十五条第(二)项,"截断后缀""、""",交通运输违规
《浙江省道路运输条例》第七十五条第(二)项处以罚款,《浙江省道路运输条例》第七十五条第(二)项,"截断后缀""处以罚款""",交通运输违规
《浙江省道路运输条例》第七十五条第(八)项处以罚款,《浙江省道路运输条例》第七十五条第(八)项,"截断后缀""处以罚款""",交通运输违规
《浙江省道路运输条例》第七十五条第一款、,《浙江省道路运输条例》第七十五条第一款,"截断后缀""、""",交通运输违规
《浙江省道路运输条例》第七十五条第（一）项、,《浙江省道路运输条例》第七十五条第（一）项,"截断后缀""、""",交通运输违规
《浙江省道路运输条例》第七十五条第（二）项、,《浙江省道路运输条例》第七十五条第（二）项,"截断后缀""、""",交通运输违规
《道路旅客运输及客运站管理规定》第三十六条规定根据,《道路旅客运输及客运站管理规定》第三十六条,"截断后缀""规定根据""",交通运输违规
"《浙江省道路运输条例》第八条第三款,",《浙江省道路运输条例》第八条第三款,"截断后缀"",""",交通运输违规
《中华人民共和国公路法》第四十六条、,《中华人民共和国公路法》第四十六条,"截断后缀""、""",交通运输违规
依据《中华人民共和国道路运输条例》第七十条第二款,《中华人民共和国道路运输条例》第七十条第二款,"去除前缀""依据""",交通运输违规
依据《中华人民共和国道路运输条例》第七十条第二款的规定,《中华人民共和国道路运输条例》第七十条第二款的规定,"去除前缀""依据""",交通运输违规
根据《危险货物道路运输安全管理办法》第六十条第(二)项,《危险货物道路运输安全管理办法》第六十条第(二)项,"去除前缀""根据""",交通运输违规
《中华人民共和国道路运输条例》第六十三条、,《中华人民共和国道路运输条例》第六十三条,"截断后缀""、""",交通运输违规
依据《中华人民共和国道路运输条例》第七十第二款条的规定,《中华人民共和国道路运输条例》第七十第二款条的规定,"去除前缀""依据""",交通运输违规
依据《中华人民共和国道路运输条例》第六十三条,《中华人民共和国道路运输条例》第六十三条,"去除前缀""依据""",交通运输违规
依据《中华人民共和国道路运输条例》第六十三条第（三）项,《中华人民共和国道路运输条例》第六十三条第（三）项,"去除前缀""依据""",交通运输违规
依据《中华人民共和国道路运输条例》第六十九条一款的规定,《中华人民共和国道路运输条例》第六十九条一款的规定,"去除前缀""依据""",交通运输违规
依据《中华人民共和国道路运输条例》第六十九条第(五)项,《中华人民共和国道路运输条例》第六十九条第(五)项,"去除前缀""依据""",交通运输违规
依据《中华人民共和国道路运输条例》第六十九条第一款的规定,《中华人民共和国道路运输条例》第六十九条第一款的规定,"去除前缀""依据""",交通运输违规
依据《中华人民共和国道路运输条例》第六十九条第一项,《中华人民共和国道路运输条例》第六十九条第一项,"去除前缀""依据""",交通运输违规
依据《中华人民共和国道路运输条例》第六十九条第三款,《中华人民共和国道路运输条例》第六十九条第三款,"去除前缀""依据""",交通运输违规
依据《中华人民共和国道路运输条例》第六十九条第五款,《中华人民共和国道路运输条例》第六十九条第五款,"去除前缀""依据""",交通运输违规
依据《中华人民共和国道路运输条例》第六十九条第五项,《中华人民共和国道路运输条例》第六十九条第五项,"去除前缀""依据""",交通运输违规
依据《中华人民共和国道路运输条例》第六十九条第五项的规定,《中华人民共和国道路运输条例》第六十九条第五项的规定,"去除前缀""依据""",交通运输违规
依据《中华人民共和国道路运输条例》第六十八条,《中华人民共和国道路运输条例》第六十八条,"去除前缀""依据""",交通运输违规
依据《中华人民共和国道路运输条例》第七十条第一款的规定,《中华人民共和国道路运输条例》第七十条第一款的规定,"去除前缀""依据""",交通运输违规
根据《危险货物道路运输安全管理办法》第六十条第二项,《危险货物道路运输安全管理办法》第六十条第二项,"去除前缀""根据""",交通运输违规
《危险货物道路运输安全管理办法》第二十三条依据,《危险货物道路运输安全管理办法》第二十三条,"截断后缀""依据""",交通运输违规
"《中华人民共和国道路运输条例》第八条第二款,",《中华人民共和国道路运输条例》第八条第二款,"截断后缀"",""",交通运输违规
《中华人民共和国道路运输条例》第八条第二款、,《中华人民共和国道路运输条例》第八条第二款,"截断后缀""、""",交通运输违规
依据《中华人民共和国道路运输条例》第六十八条的规定,《中华人民共和国道路运输条例》第六十八条的规定,"去除前缀""依据""",交通运输违规
依据《中华人民共和国道路运输条例》第七十条第一款,《中华人民共和国道路运输条例》第七十条第一款,"去除前缀""依据""",交通运输违规
《中华人民共和国道路运输条例》第八条第二款规定,《中华人民共和国道路运输条例》第八条第二款,"截断后缀""规定""",交通运输违规
《中华人民共和国道路运输条例》第八条规定,《中华人民共和国道路运输条例》第八条,"截断后缀""规定""",交通运输违规
依据《中华人民共和国道路运输条例》第六十八条第一款第(一)项,《中华人民共和国道路运输条例》第六十八条第一款第(一)项,"去除前缀""依据""",交通运输违规
依据《中华人民共和国道路运输管理条例》第七十条一款的规定,《中华人民共和国道路运输管理条例》第七十条一款的规定,"去除前缀""依据""",交通运输违规
依据《云南省道路运输条例》第四十八条第一款第六项的规定,《云南省道路运输条例》第四十八条第一款第六项的规定,"去除前缀""依据""",交通运输违规
《中华人民共和国道路运输条例》第六十九条第(一)项:“违反本条,《中华人民共和国道路运输条例》第六十九条第(一)项,"截断后缀"":“违反本条""",交通运输违规
《中华人民共和国道路运输条例》第六十九条第(一)项:违反本条,《中华人民共和国道路运输条例》第六十九条第(一)项,"截断后缀"":违反本条""",交通运输违规
《中华人民共和国道路运输条例》第六十九条第(一)项“违反本条,《中华人民共和国道路运输条例》第六十九条第(一)项,"截断后缀""“违反本条""",交通运输违规
《中华人民共和国道路运输条例》第六十九条第(一)项、,《中华人民共和国道路运输条例》第六十九条第(一)项,"截断后缀""、""",交通运输违规
《中华人民共和国道路运输条例》第六十九条第(一)项决定给予罚款,《中华人民共和国道路运输条例》第六十九条第(一)项,"截断后缀""决定给予罚款""",交通运输违规
《中华人民共和国道路运输条例》第六十九条第(五)项:违反本条,《中华人民共和国道路运输条例》第六十九条第(五)项,"截断后缀"":违反本条""",交通运输违规
根据《公路安全保护条例》第六十六条,《公路安全保护条例》第六十六条,"去除前缀""根据""",交通运输违规
根据《公路安全保护条例》第七十条,《公路安全保护条例》第七十条,"去除前缀""根据""",交通运输违规
根据《中华人民共和国道路运输条例定》第七十条第二款,《中华人民共和国道路运输条例定》第七十条第二款,"去除前缀""根据""",交通运输违规
根据《中华人民共和国道路运输条例》第六十八条,《中华人民共和国道路运输条例》第六十八条,"去除前缀""根据""",交通运输违规
根据《中华人民共和国道路运输条例》第六十九第二款,《中华人民共和国道路运输条例》第六十九第二款,"去除前缀""根据""",交通运输违规
根据《中华人民共和国道路运输条例》第六十九条第二款,《中华人民共和国道路运输条例》第六十九条第二款,"去除前缀""根据""",交通运输违规
根据《中华人民共和国道路运输条例》第六十九条第三款,《中华人民共和国道路运输条例》第六十九条第三款,"去除前缀""根据""",交通运输违规
根据《中华人民共和国道路运输条例》第六十九条第一项,《中华人民共和国道路运输条例》第六十九条第一项,"去除前缀""根据""",交通运输违规
根据《中华人民共和国道路运输条例》第六十九条第(一)项,《中华人民共和国道路运输条例》第六十九条第(一)项,"去除前缀""根据""",交通运输违规
《中华人民共和国道路运输条例》第六十九条第(五)项、,《中华人民共和国道路运输条例》第六十九条第(五)项,"截断后缀""、""",交通运输违规
《危险货物道路运输安全管理办法》第二十四条;处罚依据:,《危险货物道路运输安全管理办法》第二十四条,"截断后缀"";处罚依据:""",交通运输违规
《中华人民共和国道路运输条例》第六十九条五项的规定处1000元的罚款,《中华人民共和国道路运输条例》第六十九条五项的规定,"截断后缀""处1000元的罚款""",交通运输违规
依据《云南省道路运输条例》第四十六条第五项的规定,《云南省道路运输条例》第四十六条第五项的规定,"去除前缀""依据""",交通运输违规
依据《公路安全保护条例》第五十六条第一项,《公路安全保护条例》第五十六条第一项,"去除前缀""依据""",交通运输违规
依据《公路安全保护条例》第六十七条第一项,《公路安全保护条例》第六十七条第一项,"去除前缀""依据""",交通运输违规
依据《公路安全保护条例》第六十九条,《公路安全保护条例》第六十九条,"去除前缀""依据""",交通运输违规
依据《公路安全保护条例》第六十六条,《公路安全保护条例》第六十六条,"去除前缀""依据""",交通运输违规
依据《公路安全保护条例》第六十四条,《公路安全保护条例》第六十四条,"去除前缀""依据""",交通运输违规
依据《公路安全保护条例》第六十四条的规定,《公路安全保护条例》第六十四条的规定,"去除前缀""依据""",交通运输违规
根据《北京市道路运输条例》第五十七条第一款第(三)项,《北京市道路运输条例》第五十七条第一款第(三)项,"去除前缀""根据""",交通运输违规
《公路安全保护条例》第三十三条一项,《公路安全保护条例》第三十三条,"截断后缀""一项""",交通运输违规
根据《北京市道路运输条例》第五十七条第(四)项,《北京市道路运输条例》第五十七条第(四)项,"去除前缀""根据""",交通运输违规
《公路安全保护条例》第三十三条、,《公路安全保护条例》第三十三条,"截断后缀""、""",交通运输违规
根据《北京市道路运输条例》第五十七条第(三)项,《北京市道路运输条例》第五十七条第(三)项,"去除前缀""根据""",交通运输违规
《中华人民共和国道路运输条例》第六十三条处以罚款,《中华人民共和国道路运输条例》第六十三条,"截断后缀""处以罚款""",交通运输违规
"《中华人民共和国道路运输条例》第六十九条:""违反本条",《中华人民共和国道路运输条例》第六十九条,"截断后缀"":""违反本条""",交通运输违规
《中华人民共和国道路运输条例》第六十九条、,《中华人民共和国道路运输条例》第六十九条,"截断后缀""、""",交通运输违规
《中华人民共和国道路运输条例》第六十九条一项,《中华人民共和国道路运输条例》第六十九条,"截断后缀""一项""",交通运输违规
《危险货物道路运输安全管理办法》第二十四条依据,《危险货物道路运输安全管理办法》第二十四条,"截断后缀""依据""",交通运输违规
《危险货物道路运输安全管理办法》第六十条第（一）项罚款,《危险货物道路运输安全管理办法》第六十条第（一）项,"截断后缀""罚款""",交通运输违规
《公路安全保护条例》第三十三条第一款、,《公路安全保护条例》第三十三条第一款,"截断后缀""、""",交通运输违规
《公路安全保护条例》第三十三条第一款;,《公路安全保护条例》第三十三条第一款,"截断后缀"";""",交通运输违规
"《公路安全保护条例》第三十三条第一款,",《公路安全保护条例》第三十三条第一款,"截断后缀"",""",交通运输违规
《陕西省治理货物运输车辆超限超载条例》第十四条第一款规定,《陕西省治理货物运输车辆超限超载条例》第十四条第一款,"截断后缀""规定""",交通运输违规
《中华人民共和国道路运输条例》第二十六条、,《中华人民共和国道路运输条例》第二十六条,"截断后缀""、""",交通运输违规
《中华人民共和国道路运输条例》第二十五条、,《中华人民共和国道路运输条例》第二十五条,"截断后缀""、""",交通运输违规
《中华人民共和国道路运输条例》第三条;,《中华人民共和国道路运输条例》第三条,"截断后缀"";""",交通运输违规
《公路安全保护条例》第三十三条第一款：依据,《公路安全保护条例》第三十三条第一款,"截断后缀""：依据""",交通运输违规
《公路安全保护条例》第三十三条第一款规定,《公路安全保护条例》第三十三条第一款,"截断后缀""规定""",交通运输违规
《公路安全保护条例》第三十三条第一款的规定依据,《公路安全保护条例》第三十三条第一款的规定,"截断后缀""依据""",交通运输违规
《中华人民共和国道路运输条例》第二十七条、,《中华人民共和国道路运输条例》第二十七条,"截断后缀""、""",交通运输违规
根据《中华人民共和国道路运输条例》第八条,《中华人民共和国道路运输条例》第八条,"去除前缀""根据""",交通运输违规
《危险货物道路运输安全管理办法》第六十条第一款第(二)项、,《危险货物道路运输安全管理办法》第六十条第一款第(二)项,"截断后缀""、""",交通运输违规
《中华人民共和国道路运输条例》第八条、,《中华人民共和国道路运输条例》第八条,"截断后缀""、""",交通运输违规
依据《中华人民共和国公路法》第七十六条第(五)项,《中华人民共和国公路法》第七十六条第(五)项,"去除前缀""依据""",交通运输违规
依据《中华人民共和国公路法》第七十六条第(五)项的规定,《中华人民共和国公路法》第七十六条第(五)项的规定,"去除前缀""依据""",交通运输违规
依据《中华人民共和国公路法》第七十六条第五项,《中华人民共和国公路法》第七十六条第五项,"去除前缀""依据""",交通运输违规
《危险货物道路运输安全管理办法》第六十一条第(一)项罚款,《危险货物道路运输安全管理办法》第六十一条第(一)项,"截断后缀""罚款""",交通运输违规
依据《中华人民共和国道路运输条,《中华人民共和国道路运输条,"去除前缀""依据""",交通运输违规
依据《中华人民共和国道路运输条例》第七十一条第一款,《中华人民共和国道路运输条例》第七十一条第一款,"去除前缀""依据""",交通运输违规
依据《中华人民共和国道路运输条例》第七十条,《中华人民共和国道路运输条例》第七十条,"去除前缀""依据""",交通运输违规
依据《中华人民共和国道路运输条例》第七十条每二款,《中华人民共和国道路运输条例》第七十条,"去除前缀""依据""; 截断后缀""每二款""",交通运输违规
依据《中华人民共和国道路运输条例》第七十条的规定,《中华人民共和国道路运输条例》第七十条的规定,"去除前缀""依据""",交通运输违规
《危险货物道路运输安全管理办法》第二十四条规定,《危险货物道路运输安全管理办法》第二十四条,"截断后缀""规定""",交通运输违规
《危险货物道路运输安全管理办法》第六十条第(二)项罚款,《危险货物道路运输安全管理办法》第六十条第(二)项,"截断后缀""罚款""",交通运输违规
《青岛市交通运输行政处罚裁量基准》第153条规定,《青岛市交通运输行政处罚裁量基准》第153条,"截断后缀""规定""",交通运输违规
《危险货物道路运输安全管理办法》第六十条第(二)项决定给予罚款,《危险货物道路运输安全管理办法》第六十条第(二)项,"截断后缀""决定给予罚款""",交通运输违规
《中华人民共和国道路运输条例》第二十六条第二款、,《中华人民共和国道路运输条例》第二十六条第二款,"截断后缀""、""",交通运输违规
《中华人民共和国道路运输条例》第二十六条第二款根据,《中华人民共和国道路运输条例》第二十六条第二款,"截断后缀""根据""",交通运输违规
《中华人民共和国道路运输条例》第二十四条、,《中华人民共和国道路运输条例》第二十四条,"截断后缀""、""",交通运输违规
"《中华人民共和国道路运输条例》第二十四条第一款第(二)项,",《中华人民共和国道路运输条例》第二十四条第一款第(二)项,"截断后缀"",""",交通运输违规
《危险货物道路运输安全管理办法》第六十条第(一)项决定给予罚款,《危险货物道路运输安全管理办法》第六十条第(一)项,"截断后缀""决定给予罚款""",交通运输违规
《中华人民共和国道路运输条例》第二十条、,《中华人民共和国道路运输条例》第二十条,"截断后缀""、""",交通运输违规
根据《中华人民共和国道路运输条例》第三十条,《中华人民共和国道路运输条例》第三十条,"去除前缀""根据""",交通运输违规
根据《中华人民共和国道路运输条例》第七十条第一款,《中华人民共和国道路运输条例》第七十条第一款,"去除前缀""根据""",交通运输违规
《中华人民共和国道路运输条例》第十条、,《中华人民共和国道路运输条例》第十条,"截断后缀""、""",交通运输违规
《中华人民共和国道路运输条例》第十条第二项、,《中华人民共和国道路运输条例》第十条第二项,"截断后缀""、""",交通运输违规
《中华人民共和国道路运输条例》第四十五条及,《中华人民共和国道路运输条例》第四十五条,"截断后缀""及""",交通运输违规
《中华人民共和国道路运输条例》第六十四条、,《中华人民共和国道路运输条例》第六十四条,"截断后缀""、""",交通运输违规
《中华人民共和国道路运输条例》第六十九条第（一）项:违反本条,《中华人民共和国道路运输条例》第六十九条第（一）项,"截断后缀"":违反本条""",交通运输违规
《中华人民共和国道路运输条例》第六十九条第（一）项“违反本条,《中华人民共和国道路运输条例》第六十九条第（一）项,"截断后缀""“违反本条""",交通运输违规
《中华人民共和国道路运输条例》第六十九条第（一）项、,《中华人民共和国道路运输条例》第六十九条第（一）项,"截断后缀""、""",交通运输违规
《中华人民共和国道路运输条例》第六十九条第（一）项关于违反本条,《中华人民共和国道路运输条例》第六十九条第（一）项,"截断后缀""关于违反本条""",交通运输违规
《中华人民共和国道路运输条例》第六十九条第（一）项处以罚款,《中华人民共和国道路运输条例》第六十九条第（一）项,"截断后缀""处以罚款""",交通运输违规
《中华人民共和国道路运输条例》第六十九条第（五）项:违反本条,《中华人民共和国道路运输条例》第六十九条第（五）项,"截断后缀"":违反本条""",交通运输违规
《中华人民共和国道路运输条例》第六十九条第（五）项、,《中华人民共和国道路运输条例》第六十九条第（五）项,"截断后缀""、""",交通运输违规
《中华人民共和国道路运输条例》第六十九条第（五）项：“违反本条,《中华人民共和国道路运输条例》第六十九条第（五）项,"截断后缀""：“违反本条""",交通运输违规
"《中华人民共和国道路运输条例》第六十九条：""违反本条",《中华人民共和国道路运输条例》第六十九条,"截断后缀""：""违反本条""",交通运输违规
《中华人民共和国道路运输条例》第六十八条、,《中华人民共和国道路运输条例》第六十八条,"截断后缀""、""",交通运输违规
《中华人民共和国道路运输条例》第六十八条条款,《中华人民共和国道路运输条例》第六十八条,"截断后缀""条款""",交通运输违规
《云南省道路运输条例》第四十九条第一款第六项的规定决定给予罚款,《云南省道路运输条例》第四十九条第一款第六项的规定,"截断后缀""决定给予罚款""",交通运输违规
"《云南省道路运输条例》第十一条,",《云南省道路运输条例》第十一条,"截断后缀"",""",交通运输违规
《云南省道路运输条例》第四十八条第一款第二十三项给予罚款,《云南省道路运输条例》第四十八条第一款第二十三项,"截断后缀""给予罚款""",交通运输违规
《云南省道路运输条例》第四十八条第一款第六项的规定决定给予罚款,《云南省道路运输条例》第四十八条第一款第六项的规定,"截断后缀""决定给予罚款""",交通运输违规
依据《四川省道路旅客运输管理办法》第三十九条第三项,《四川省道路旅客运输管理办法》第三十九条第三项,"去除前缀""依据""",交通运输违规
依据《危险货物道路运输安全管理办法》第六十条,《危险货物道路运输安全管理办法》第六十条,"去除前缀""依据""",交通运输违规
依据《河南省治理货物运输车辆超限超载条,《河南省治理货物运输车辆超限超载条,"去除前缀""依据""",交通运输违规
《中华人民共和国道路运输条例》第六十九条第五项：“违反本条,《中华人民共和国道路运输条例》第六十九条第五项,"截断后缀""：“违反本条""",交通运输违规
依据《超限运输车辆行驶公路管理规定》第四十三条第一款第(二)项,《超限运输车辆行驶公路管理规定》第四十三条第一款第(二)项,"去除前缀""依据""",交通运输违规
依照《中华人民共和国公路法》第七十六条第五项,《中华人民共和国公路法》第七十六条第五项,"去除前缀""依照""",交通运输违规
依据《公路安全保护条例》第六十条第一项,《公路安全保护条例》第六十条第一项,"去除前缀""依据""",交通运输违规
依据道路旅客运输及客运站管理规定》第一百条第一款第一项,道路旅客运输及客运站管理规定》第一百条第一款第一项,"去除前缀""依据""",交通运输违规
依据新疆维吾尔自治区道路运输条例》第五十二条的规定,新疆维吾尔自治区道路运输条例》第五十二条的规定,"去除前缀""依据""",交通运输违规
依据了《中华人民共和国道路运输条例》第六十八条第二款,了《中华人民共和国道路运输条例》第六十八条第二款,"去除前缀""依据""",交通运输违规
依据《陕西省治理货物运输车辆超限超载条例》第三十五条规定给予罚款,《陕西省治理货物运输车辆超限超载条例》第三十五条,"去除前缀""依据""; 截断后缀""规定给予罚款""",交通运输违规
依据《重庆市道路运输管理条例》第八十条第(二)项,《重庆市道路运输管理条例》第八十条第(二)项,"去除前缀""依据""",交通运输违规
依据《道路运输车辆技术管理规定》第三十一条第二项的规定给予罚款,《道路运输车辆技术管理规定》第三十一条第二项的规定,"去除前缀""依据""; 截断后缀""给予罚款""",交通运输违规
依据《道路运输车辆技术管理规定》第三十一条第二项,《道路运输车辆技术管理规定》第三十一条第二项,"去除前缀""依据""",交通运输违规
依据《道路运输车辆技术管理规定》第三十一条第三项,《道路运输车辆技术管理规定》第三十一条第三项,"去除前缀""依据""",交通运输违规
依据《道路运输车辆技术管理规定》第三十一条第(五)项,《道路运输车辆技术管理规定》第三十一条第(五)项,"去除前缀""依据""",交通运输违规
依据《道路运输车辆技术管理规定》第三十一条第(二)项,《道路运输车辆技术管理规定》第三十一条第(二)项,"去除前缀""依据""",交通运输违规
《公路安全保护条 例》第六十四条;,《公路安全保护条 例》第六十四条,"截断后缀"";""",交通运输违规
依据《道路运输车辆技术管理规定》第三十一条第(三)项,《道路运输车辆技术管理规定》第三十一条第(三)项,"去除前缀""依据""",交通运输违规
《公路安全保护条例》六十二条,《公路安全保护条例》,"截断后缀""六十二条""",交通运输违规
依据《道路运输车辆技术管理规定》(新)第三十一条第三项,《道路运输车辆技术管理规定》(新)第三十一条第三项,"去除前缀""依据""",交通运输违规
根据《中华人民共和国道路运输条例》第70条规定,《中华人民共和国道路运输条例》第70条,"去除前缀""根据""; 截断后缀""规定""",交通运输违规
根据《中华人民共和国道路运输条例》六十九条第(一)项的规定,《中华人民共和国道路运输条例》六十九条第(一)项的规定,"去除前缀""根据""",交通运输违规
《中华人民共和国道路运输条例》第六十九条第一款第(一)项处以罚款,《中华人民共和国道路运输条例》第六十九条第一款第(一)项,"截断后缀""处以罚款""",交通运输违规
根据《中华人民共和国道路运输条例》七十条第(二)款的规定,《中华人民共和国道路运输条例》七十条第(二)款的规定,"去除前缀""根据""",交通运输违规
根据《中华人民共和国道路运输条,《中华人民共和国道路运输条,"去除前缀""根据""",交通运输违规
根据《中华人民共和国公路法》第五十条第一款,《中华人民共和国公路法》第五十条第一款,"去除前缀""根据""",交通运输违规
根据《中华人民共和国公路法》第五十六条,《中华人民共和国公路法》第五十六条,"去除前缀""根据""",交通运输违规
根据《中华人民共和国公路法》第七十六条第（五）项,《中华人民共和国公路法》第七十六条第（五）项,"去除前缀""根据""",交通运输违规
根据《中华人民共和国公路法》第七十六条第五项,《中华人民共和国公路法》第七十六条第五项,"去除前缀""根据""",交通运输违规
根据《中华人民共和国公路法》第七十六条第(五)项,《中华人民共和国公路法》第七十六条第(五)项,"去除前缀""根据""",交通运输违规
《公路安全保护条例》第66条、,《公路安全保护条例》第66条,"截断后缀""、""",交通运输违规
根据《中华人民共和国公路法》第八十一条,《中华人民共和国公路法》第八十一条,"去除前缀""根据""",交通运输违规
根据《中华人民共和国道路运输条例》第七十条第二款,《中华人民共和国道路运输条例》第七十条第二款,"去除前缀""根据""",交通运输违规
依据《道路运输车辆动态监督管理办法》第三十七条的规定,《道路运输车辆动态监督管理办法》第三十七条的规定,"去除前缀""依据""",交通运输违规
《中华人民共和国道路运输条例》第六十九条第一项、,《中华人民共和国道路运输条例》第六十九条第一项,"截断后缀""、""",交通运输违规
依据《道路旅客运输及客运站管理规定》第八十六条第一款第三项,《道路旅客运输及客运站管理规定》第八十六条第一款第三项,"去除前缀""依据""",交通运输违规
依据《道路旅客运输及客运站管理规定》第八十六条第(一)项,《道路旅客运输及客运站管理规定》第八十六条第(一)项,"去除前缀""依据""",交通运输违规
依据《公路法》第七十六条第五项,《公路法》第七十六条第五项,"去除前缀""依据""",交通运输违规
《中华人民共和国道路运输条例》第六十九条第一项规定,《中华人民共和国道路运输条例》第六十九条第一项,"截断后缀""规定""",交通运输违规
《中华人民共和国道路运输条例》第六十九条第三项、,《中华人民共和国道路运输条例》第六十九条第三项,"截断后缀""、""",交通运输违规
依据《道路货物运输及站场管理规定》第一百条第一款第一项,《道路货物运输及站场管理规定》第一百条第一款第一项,"去除前缀""依据""",交通运输违规
依据《道路旅客运输及客运站管理规定》第九十九条第(一)项的规定,《道路旅客运输及客运站管理规定》第九十九条第(一)项的规定,"去除前缀""依据""",交通运输违规
《中华人民共和国道路运输条例》第六十九条第五项、,《中华人民共和国道路运输条例》第六十九条第五项,"截断后缀""、""",交通运输违规
依据《道路旅客运输及客运站管理规定》第九十九条,《道路旅客运输及客运站管理规定》第九十九条,"去除前缀""依据""",交通运输违规
依据《道路旅客运输及客运站管理规定》第一百条第七项,《道路旅客运输及客运站管理规定》第一百条第七项,"去除前缀""依据""",交通运输违规
依据《道路旅客运输及客运站管理规定》第一百条的规定,《道路旅客运输及客运站管理规定》第一百条的规定,"去除前缀""依据""",交通运输违规
依据《道路旅客运输及客运站管理规定》第一百条,《道路旅客运输及客运站管理规定》第一百条,"去除前缀""依据""",交通运输违规
依据《道路危险货物运输管理规定》第六十三条的规定,《道路危险货物运输管理规定》第六十三条的规定,"去除前缀""依据""",交通运输违规
依据《道路货物运输及站场管理规定》第五十九条一款,《道路货物运输及站场管理规定》第五十九条,"去除前缀""依据""; 截断后缀""一款""",交通运输违规
依据《四川省道路运输条例》第六十二条第一项,《四川省道路运输条例》第六十二条第一项,"去除前缀""依据""",交通运输违规
《公路安全 保护条例》第六十四条的规定决定给予罚款,《公路安全 保护条例》第六十四条的规定,"截断后缀""决定给予罚款""",交通运输违规
《内蒙古自治区道路运输条例》第三十六条违反本条,《内蒙古自治区道路运输条例》第三十六条,"截断后缀""违反本条""",交通运输违规
依据《道路货物运输及站场管理规定》第六十四条第二项的规定,《道路货物运输及站场管理规定》第六十四条第二项的规定,"去除前缀""依据""",交通运输违规
《内蒙古自治区道路运输行政处罚裁量基准》第十三类163项,《内蒙古自治区道路运输行政处罚裁量基准》,"截断后缀""第十三类163项""",交通运输违规
依据《道路货物运输及站场管理规定》第六十四条第(二)项,《道路货物运输及站场管理规定》第六十四条第(二)项,"去除前缀""依据""",交通运输违规
依据《道路货物运输及站场管理规定》第六十三条第一款的规定,《道路货物运输及站场管理规定》第六十三条第一款的规定,"去除前缀""依据""",交通运输违规
依据《道路货物运输及站场管理规定》第五十九条第一款罚款,《道路货物运输及站场管理规定》第五十九条第一款,"去除前缀""依据""; 截断后缀""罚款""",交通运输违规
依据《道路货物运输及站场管理规定》第五十九条第一款,《道路货物运输及站场管理规定》第五十九条第一款,"去除前缀""依据""",交通运输违规
依据《国内水路运输管理规定》第五十条的规定,《国内水路运输管理规定》第五十条的规定,"去除前缀""依据""",交通运输违规
依据《道路运输从业人员管理规定》第四十五条第一项,《道路运输从业人员管理规定》第四十五条第一项,"去除前缀""依据""",交通运输违规
依据《危险货物道路运输安全管理办法》第六十条第(二)项,《危险货物道路运输安全管理办法》第六十条第(二)项,"去除前缀""依据""",交通运输违规
"《公路安全保护条例》第六十四条：“违反本条,",《公路安全保护条例》第六十四条,"截断后缀""：“违反本条,""",交通运输违规
《公路安全保护条例》第六十四条：“违反本条,《公路安全保护条例》第六十四条,"截断后缀""：“违反本条""",交通运输违规
《公路安全保护条例》第六十四条的规定决定给予罚款,《公路安全保护条例》第六十四条的规定,"截断后缀""决定给予罚款""",交通运输违规
《公路安全保护条例》第六十四条对浙江玖联物流有限公司处以罚款,《公路安全保护条例》第六十四条,"截断后缀""对浙江玖联物流有限公司处以罚款""",交通运输违规
《公路安全保护条例》第六十四条对浙江浦江永在商品混凝土有限公司处以罚款,《公路安全保护条例》第六十四条,"截断后缀""对浙江浦江永在商品混凝土有限公司处以罚款""",交通运输违规
《公路安全保护条例》第六十四条对浙江旺通物流有限公司处以罚款,《公路安全保护条例》第六十四条,"截断后缀""对浙江旺通物流有限公司处以罚款""",交通运输违规
《公路安全保护条例》第六十四条对浙江博达物流有限公司处以罚款,《公路安全保护条例》第六十四条,"截断后缀""对浙江博达物流有限公司处以罚款""",交通运输违规
《公路安全保护条例》第六十四条对浙江华康药业有限公司处以罚款,《公路安全保护条例》第六十四条,"截断后缀""对浙江华康药业有限公司处以罚款""",交通运输违规
"《中华人民共和国公路法》第四十六条,",《中华人民共和国公路法》第四十六条,"截断后缀"",""",交通运输违规
《公路法》第七十六条第五项规定、,《公路法》第七十六条第五项,"截断后缀""规定、""",交通运输违规
《公路安全保护条例》第四十五条规定,《公路安全保护条例》第四十五条,"截断后缀""规定""",交通运输违规
《公路安全保护条例》第四十条第二款规定,《公路安全保护条例》第四十条第二款,"截断后缀""规定""",交通运输违规
《公路安全保护条例》第六十四条对江山市方达物流有限公司处以罚款,《公路安全保护条例》第六十四条,"截断后缀""对江山市方达物流有限公司处以罚款""",交通运输违规
《公路安全保护条例》第六十四条对江山市安驰物流有限公司处以罚款,《公路安全保护条例》第六十四条,"截断后缀""对江山市安驰物流有限公司处以罚款""",交通运输违规
《公路安全保护条例》第六十四条对杭州早早物流有限公司处以罚款,《公路安全保护条例》第六十四条,"截断后缀""对杭州早早物流有限公司处以罚款""",交通运输违规
《中华人民共和国道路运输条例》第30条规定,《中华人民共和国道路运输条例》第30条,"截断后缀""规定""",交通运输违规
《中华人民共和国道路运输条例》第406号公布,《中华人民共和国道路运输条例》第406号,"截断后缀""公布""",交通运输违规
《中华人民共和国道路运输条例》第628号、第666号修改）有关条款,《中华人民共和国道路运输条例》第628号、第666号,"截断后缀""修改）有关条款""",交通运输违规
《道路运输车辆技术管理规定》第三十一条五项,《道路运输车辆技术管理规定》第三十一条,"截断后缀""五项""",交通运输违规
《道路运输车辆技术管理规定》第三十一条第(三)项处以罚款,《道路运输车辆技术管理规定》第三十一条第(三)项,"截断后缀""处以罚款""",交通运输违规
《公路安全保护条例》第六十四条和,《公路安全保护条例》第六十四条,"截断后缀""和""",交通运输违规
《公路安全保护条例》第六十四条、,《公路安全保护条例》第六十四条,"截断后缀""、""",交通运输违规
《公路安全保护条例》第六十四条;,《公路安全保护条例》第六十四条,"截断后缀"";""",交通运输违规
《公路安全保护条例》第六十四条:违反本条,《公路安全保护条例》第六十四条,"截断后缀"":违反本条""",交通运输违规
《公路安全保护条例》第六十四条:“违反本条,《公路安全保护条例》第六十四条,"截断后缀"":“违反本条""",交通运输违规
"《公路安全保护条例》第六十四条,",《公路安全保护条例》第六十四条,"截断后缀"",""",交通运输违规
《快递暂行条例》第19条第款未对邮件快件包装实行统一管理,《快递暂行条例》第19条,"截断后缀""第款未对邮件快件包装实行统一管理""",交通运输违规
《快递暂行条例》第19条第3款前款,《快递暂行条例》第19条第3款,"截断后缀""前款""",交通运输违规
"《快递业务经营许可管理办法》第31条第2款除前款,",《快递业务经营许可管理办法》第31条第2款,"截断后缀""除前款,""",交通运输违规
《快递业务经营许可管理办法》第31条第2款除前款,《快递业务经营许可管理办法》第31条第2款,"截断后缀""除前款""",交通运输违规
依据《山东省治理超限和超载运输办法》第三十三条,《山东省治理超限和超载运输办法》第三十三条,"去除前缀""依据""",交通运输违规
依据《国内水路运输管理规定》第四十九条第(一)项,《国内水路运输管理规定》第四十九条第(一)项,"去除前缀""依据""",交通运输违规
依据《山东省道路运输条例》第七十条第七项,《山东省道路运输条例》第七十条第七项,"去除前缀""依据""",交通运输违规
《中华人民共和国公路法》第四十四条、四十五条,《中华人民共和国公路法》第四十四条,"截断后缀""、四十五条""",交通运输违规
《中华人民共和国民用航空安全保卫条例》第三十条第二款、,《中华人民共和国民用航空安全保卫条例》第三十条第二款,"截断后缀""、""",交通运输违规
依据《山东省道路运输条例》第七十条第(七)项,《山东省道路运输条例》第七十条第(七)项,"去除前缀""依据""",交通运输违规
《快递暂行条例》第41条第款,《快递暂行条例》第41条,"截断后缀""第款""",交通运输违规
依据《山东省道路运输条例》第七十二条第七项的规定,《山东省道路运输条例》第七十二条第七项的规定,"去除前缀""依据""",交通运输违规
依据《山东省道路运输条例》第七十条第七项的规定,《山东省道路运输条例》第七十条第七项的规定,"去除前缀""依据""",交通运输违规
依据《山东省道路运输条例》第六十七条第六项,《山东省道路运输条例》第六十七条第六项,"去除前缀""依据""",交通运输违规
依据《山东省道路运输条例》第六十五条第二款,《山东省道路运输条例》第六十五条第二款,"去除前缀""依据""",交通运输违规
依据《新疆维吾尔自治区道路运输条,《新疆维吾尔自治区道路运输条,"去除前缀""依据""",交通运输违规
依据《新疆维吾尔自治区道路运输条例》第五十二条的规定,《新疆维吾尔自治区道路运输条例》第五十二条的规定,"去除前缀""依据""",交通运输违规
依据《江西省道路运输条例》第七十六条第二款的规定,《江西省道路运输条例》第七十六条第二款的规定,"去除前缀""依据""",交通运输违规
"《中华人民共和国水上水下活动通航安全管理规定》第五条,",《中华人民共和国水上水下活动通航安全管理规定》第五条,"截断后缀"",""",交通运输违规
依据《山东省道路运输条例》第七十条第五项,《山东省道路运输条例》第七十条第五项,"去除前缀""依据""",交通运输违规
"《道路运输车辆技术管理规定》第十九、二十条,",《道路运输车辆技术管理规定》,"截断后缀""第十九、二十条,""",交通运输违规
《中华人民共和国道路运输条例》第七十条第（五）项、,《中华人民共和国道路运输条例》第七十条第（五）项,"截断后缀""、""",交通运输违规
《中华人民共和国道路运输条例》第七十条规定对该公司处罚1000元罚款,《中华人民共和国道路运输条例》第七十条,"截断后缀""规定对该公司处罚1000元罚款""",交通运输违规
《邮政行业安全监督管理办法》第十六条第一款邮政企业、快递企业应当按照邮政管理部门规定的项,《邮政行业安全监督管理办法》第十六条第一款,"截断后缀""邮政企业、快递企业应当按照邮政管理部门规...""",交通运输违规
"《中华人民共和国道路运输条例》第七十条第（五）项,",《中华人民共和国道路运输条例》第七十条第（五）项,"截断后缀"",""",交通运输违规
《中华人民共和国道路运输条例》第七十条第（一）项违反本条,《中华人民共和国道路运输条例》第七十条第（一）项,"截断后缀""违反本条""",交通运输违规
《中华人民共和国道路运输条例》第七十条第（三）项、,《中华人民共和国道路运输条例》第七十条第（三）项,"截断后缀""、""",交通运输违规
《道路运输车辆技术管理规定》第十九、二十条,《道路运输车辆技术管理规定》,"截断后缀""第十九、二十条""",交通运输违规
《中华人民共和国道路运输条例》第七十条第（二）项、,《中华人民共和国道路运输条例》第七十条第（二）项,"截断后缀""、""",交通运输违规
《中华人民共和国道路运输条例》第七十条第（一）项、,《中华人民共和国道路运输条例》第七十条第（一）项,"截断后缀""、""",交通运输违规
"《中华人民共和国道路运输条例》第三十一条,",《中华人民共和国道路运输条例》第三十一条,"截断后缀"",""",交通运输违规
《中华人民共和国道路运输条例》第三十一条和,《中华人民共和国道路运输条例》第三十一条,"截断后缀""和""",交通运输违规
《中华人民共和国道路运输条例》第三十条的规定tn违反了,《中华人民共和国道路运输条例》第三十条的规定,"截断后缀""tn违反了""",交通运输违规
《中华人民共和国道路运输条例》第三十条的规定、依据,《中华人民共和国道路运输条例》第三十条的规定,"截断后缀""、依据""",交通运输违规
《中华人民共和国道路运输条例》第三十条规定,《中华人民共和国道路运输条例》第三十条,"截断后缀""规定""",交通运输违规
《中华人民共和国道路运输条例》第三十条规定根据,《中华人民共和国道路运输条例》第三十条,"截断后缀""规定根据""",交通运输违规
《危险货物道路运输安全管理办法》第四十四条第二款;,《危险货物道路运输安全管理办法》第四十四条第二款,"截断后缀"";""",交通运输违规
《中华人民共和国道路运输条例》第三十一条、,《中华人民共和国道路运输条例》第三十一条,"截断后缀""、""",交通运输违规
《中华人民共和国道路运输条例》第三十条根据,《中华人民共和国道路运输条例》第三十条,"截断后缀""根据""",交通运输违规
《中华人民共和国道路运输条例》第三十三条;处罚依据:,《中华人民共和国道路运输条例》第三十三条,"截断后缀"";处罚依据:""",交通运输违规
《中华人民共和国道路运输条例》第三十三条、,《中华人民共和国道路运输条例》第三十三条,"截断后缀""、""",交通运输违规
《中华人民共和国道路运输条例》第三十三条之规定根据,《中华人民共和国道路运输条例》第三十三条之规定,"截断后缀""根据""",交通运输违规
《中华人民共和国道路运输条例》第三十四条、,《中华人民共和国道路运输条例》第三十四条,"截断后缀""、""",交通运输违规
"《中华人民共和国道路运输条例》第三十条,",《中华人民共和国道路运输条例》第三十条,"截断后缀"",""",交通运输违规
《中华人民共和国道路运输条例》第三十条、,《中华人民共和国道路运输条例》第三十条,"截断后缀""、""",交通运输违规
《中华人民共和国道路运输条例》第三十条依据,《中华人民共和国道路运输条例》第三十条,"截断后缀""依据""",交通运输违规
根据《山东省道路运输条例》第七十条第七项,《山东省道路运输条例》第七十条第七项,"去除前缀""根据""",交通运输违规
《道路运输车辆技术管理规定》第九条款,《道路运输车辆技术管理规定》第九条,"截断后缀""款""",交通运输违规
《道路运输车辆技术管理规定》第九条规定,《道路运输车辆技术管理规定》第九条,"截断后缀""规定""",交通运输违规
《中华人民共和国道路运输条例》第69条第1项、,《中华人民共和国道路运输条例》第69条第1项,"截断后缀""、""",交通运输违规
根据《道路运输车辆动态监督管理办法》第三十六条,《道路运输车辆动态监督管理办法》第三十六条,"去除前缀""根据""",交通运输违规
根据《道路货物运输及站场管理规定》第六十三条第一款,《道路货物运输及站场管理规定》第六十三条第一款,"去除前缀""根据""",交通运输违规
根据《道路货物运输及站场管理规定》第六十一条第二项,《道路货物运输及站场管理规定》第六十一条第二项,"去除前缀""根据""",交通运输违规
根据《道路货物运输及站场管理规定》第五十九条第一款,《道路货物运输及站场管理规定》第五十九条第一款,"去除前缀""根据""",交通运输违规
根据《道路货物运输及站场管理规定》第五十九条一款,《道路货物运输及站场管理规定》第五十九条,"去除前缀""根据""; 截断后缀""一款""",交通运输违规
《道路运输车辆技术管理规定》第三十一条第二项的规定给予罚款,《道路运输车辆技术管理规定》第三十一条第二项的规定,"截断后缀""给予罚款""",交通运输违规
《道路运输车辆技术管理规定》第三十一条第四项规定决定给予罚款,《道路运输车辆技术管理规定》第三十一条第四项,"截断后缀""规定决定给予罚款""",交通运输违规
《道路运输车辆技术管理规定》第三十一条第（三）项处以罚款,《道路运输车辆技术管理规定》第三十一条第（三）项,"截断后缀""处以罚款""",交通运输违规
《道路运输车辆技术管理规定》第三十一条第（二）项条款,《道路运输车辆技术管理规定》第三十一条第（二）项,"截断后缀""条款""",交通运输违规
《道路运输车辆技术管理规定》第三十一条第（二）项处以罚款,《道路运输车辆技术管理规定》第三十一条第（二）项,"截断后缀""处以罚款""",交通运输违规
《公路安全保护条例》第六十八条违反本条,《公路安全保护条例》第六十八条,"截断后缀""违反本条""",交通运输违规
《公路安全保护条例》第六十八条、,《公路安全保护条例》第六十八条,"截断后缀""、""",交通运输违规
根据《道路旅客运输及客运站管理规定》第九十三条第(二)项的规定,《道路旅客运输及客运站管理规定》第九十三条第(二)项的规定,"去除前缀""根据""",交通运输违规
《中华人民共和国道路运输条例》第七十条第一款:违反本条,《中华人民共和国道路运输条例》第七十条第一款,"截断后缀"":违反本条""",交通运输违规
《中华人民共和国道路运输条例》第七十条第一款、,《中华人民共和国道路运输条例》第七十条第一款,"截断后缀""、""",交通运输违规
《中华人民共和国道路运输条例》第七十条第一款处以罚款,《中华人民共和国道路运输条例》第七十条第一款,"截断后缀""处以罚款""",交通运输违规
《中华人民共和国道路运输条例》第七十条第一款给予罚款,《中华人民共和国道路运输条例》第七十条第一款,"截断后缀""给予罚款""",交通运输违规
《中华人民共和国道路运输条例》第七十条第一款规定,《中华人民共和国道路运输条例》第七十条第一款,"截断后缀""规定""",交通运输违规
《中华人民共和国道路运输条例》第七十条第一款：违反本条,《中华人民共和国道路运输条例》第七十条第一款,"截断后缀""：违反本条""",交通运输违规
《中华人民共和国道路运输条例》第七十条第一款:“违法本条,《中华人民共和国道路运输条例》第七十条第一款,"截断后缀"":“违法本条""",交通运输违规
《中华人民共和国道路运输条例》第七十条第二款:“违反本条,《中华人民共和国道路运输条例》第七十条第二款,"截断后缀"":“违反本条""",交通运输违规
《中华人民共和国道路运输条例》第七十条第二款“违反本条,《中华人民共和国道路运输条例》第七十条第二款,"截断后缀""“违反本条""",交通运输违规
《中华人民共和国道路运输条例》第七十条第二款决定给与罚款,《中华人民共和国道路运输条例》第七十条第二款,"截断后缀""决定给与罚款""",交通运输违规
《中华人民共和国道路运输条例》第七十条第二款处以罚款,《中华人民共和国道路运输条例》第七十条第二款,"截断后缀""处以罚款""",交通运输违规
《中华人民共和国道路运输条例》第七十条第二款规定,《中华人民共和国道路运输条例》第七十条第二款,"截断后缀""规定""",交通运输违规
《中华人民共和国道路运输条例》第七十条第二款：“违反本条,《中华人民共和国道路运输条例》第七十条第二款,"截断后缀""：“违反本条""",交通运输违规
《中华人民共和国道路运输条例》第七十条第二款:违反本条,《中华人民共和国道路运输条例》第七十条第二款,"截断后缀"":违反本条""",交通运输违规
根据《道路货物运输及站场管理规定》第七十条第二款,《道路货物运输及站场管理规定》第七十条第二款,"去除前缀""根据""",交通运输违规
《中华人民共和国道路运输条例》第七十条一款,《中华人民共和国道路运输条例》第七十条,"截断后缀""一款""",交通运输违规
根据《道路旅客运输及客运站管理规定》第九十三条第(二)项,《道路旅客运输及客运站管理规定》第九十三条第(二)项,"去除前缀""根据""",交通运输违规
《中华人民共和国道路运输条例》第七十一条第一款、,《中华人民共和国道路运输条例》第七十一条第一款,"截断后缀""、""",交通运输违规
根据《道路旅客运输及客运站管理规定》第三十六条,《道路旅客运输及客运站管理规定》第三十六条,"去除前缀""根据""",交通运输违规
根据《道路旅客运输及客运站管理规定》第一百条第一款,《道路旅客运输及客运站管理规定》第一百条第一款,"去除前缀""根据""",交通运输违规
根据《道路旅客运输及客运站管理规定》第97条第1款,《道路旅客运输及客运站管理规定》第97条第1款,"去除前缀""根据""",交通运输违规
根据《道路危险货物运输安全管理办法》第六十条第(二)项,《道路危险货物运输安全管理办法》第六十条第(二)项,"去除前缀""根据""",交通运输违规
根据《福建省道路运输条例》第六十九条第一项,《福建省道路运输条例》第六十九条第一项,"去除前缀""根据""",交通运输违规
根据《福建省道路运输条例》第七十五条第二项,《福建省道路运输条例》第七十五条第二项,"去除前缀""根据""",交通运输违规
《中华人民共和国道路运输条例》第七十一条第二款处以罚款,《中华人民共和国道路运输条例》第七十一条第二款,"截断后缀""处以罚款""",交通运输违规
根据《山东省道路运输条例》第六十七条第（六）项,《山东省道路运输条例》第六十七条第（六）项,"去除前缀""根据""",交通运输违规
"《道路运输车辆技术管理规定》第二十条,",《道路运输车辆技术管理规定》第二十条,"截断后缀"",""",交通运输违规
根据《山东省道路运输条例》第六十七条第(一)项,《山东省道路运输条例》第六十七条第(一)项,"去除前缀""根据""",交通运输违规
《中华人民共和国道路运输条例》第七十一条第二款、,《中华人民共和国道路运输条例》第七十一条第二款,"截断后缀""、""",交通运输违规
依据《危险货物道路运输安全管理办法》第六十条第二款,《危险货物道路运输安全管理办法》第六十条第二款,"去除前缀""依据""",交通运输违规
《中华人民共和国标准化法实施条例》第三十三条笫二款,《中华人民共和国标准化法实施条例》第三十三条,"截断后缀""笫二款""",产品质量
《中华人民共和国标准化法实施条例》第三十二条、,《中华人民共和国标准化法实施条例》第三十二条,"截断后缀""、""",产品质量
《中华人民共和国标准化法》第二十条、,《中华人民共和国标准化法》第二十条,"截断后缀""、""",产品质量
《江苏省惩治生产销售假冒伪劣商品行为条例》第六条第（一）项;,《江苏省惩治生产销售假冒伪劣商品行为条例》第六条第（一）项,"截断后缀"";""",产品质量
《广东省查处生产销售假冒伪劣商品违法行为条例》第十条第一十二项和,《广东省查处生产销售假冒伪劣商品违法行为条例》第十条第一十二项,"截断后缀""和""",产品质量
"《中华人民共和国产品质量法》第五十条之规定,责令停止生产该款产品,罚款",《中华人民共和国产品质量法》第五十条之规定,"截断后缀"",责令停止生产该款产品,罚款""",产品质量||安全生产/危化品
第3部分:中心静脉导管》标准要求(不合格项,第3部分:中心静脉导管》,"截断后缀""标准要求(不合格项""",产品质量与安全
根据《中华人民共和国产品质量法》第四十九条,《中华人民共和国产品质量法》第四十九条,"去除前缀""根据""",产品质量与安全
根据《中华人民共和国产品质量法》第五十条,《中华人民共和国产品质量法》第五十条,"去除前缀""根据""",产品质量与安全
"《强制性产品认证管理规定》第二十四条第二项,",《强制性产品认证管理规定》第二十四条第二项,"截断后缀"",""",产品质量与安全
依据《中华人民共和国认证认可条例》第六十七条,《中华人民共和国认证认可条例》第六十七条,"去除前缀""依据""",产品质量与安全
依据《强制性产品认证管理规定》第五十四条第(三)项,《强制性产品认证管理规定》第五十四条第(三)项,"去除前缀""依据""",产品质量与安全
《产品质量法》第二十七条第一款第（五）项和,《产品质量法》第二十七条第一款第（五）项,"截断后缀""和""",产品质量与安全
《产品质量法》第二十七条第一款第（二）项和,《产品质量法》第二十七条第一款第（二）项,"截断后缀""和""",产品质量与安全
"《产品质量法》第三十二条、第三十九条,",《产品质量法》第三十二条、第三十九条,"截断后缀"",""",产品质量与安全
"《产品质量法》第五十条,",《产品质量法》第五十条,"截断后缀"",""",产品质量与安全
《产品质量法》第五十条条,《产品质量法》第五十条,"截断后缀""条""",产品质量与安全
《中国人民共和国产品质量法》第三十二条规定的行为,《中国人民共和国产品质量法》第三十二条,"截断后缀""规定的行为""",产品质量与安全
依据依据《中华人民共和国产品质量法》第四十九条,依据《中华人民共和国产品质量法》第四十九条,"去除前缀""依据""",产品质量与安全
根据《中华人民共和国产品质量法》第五十二条,《中华人民共和国产品质量法》第五十二条,"去除前缀""根据""",产品质量与安全
《产品质量监督抽查管理办法》第五十一条和,《产品质量监督抽查管理办法》第五十一条,"截断后缀""和""",产品质量与安全
《甘肃省产品质量监督管理条例》第二十六条、,《甘肃省产品质量监督管理条例》第二十六条,"截断后缀""、""",产品质量与安全
《中华人民共和国产品质量法》第五十三条和,《中华人民共和国产品质量法》第五十三条,"截断后缀""和""",产品质量与安全
《中华人民共和国产品质量法》第五十三条处罚内容:罚款,《中华人民共和国产品质量法》第五十三条,"截断后缀""处罚内容:罚款""",产品质量与安全
《中华人民共和国产品质量法》第四十九条的规定:1.处违法产品货值金额三倍罚款,《中华人民共和国产品质量法》第四十九条的规定,"截断后缀"":1.处违法产品货值金额三倍罚款""",产品质量与安全
《中华人民共和国产品质量法》第五十四条和,《中华人民共和国产品质量法》第五十四条,"截断后缀""和""",产品质量与安全
《中华人民共和国产品质量法》第四十九条的规定依据,《中华人民共和国产品质量法》第四十九条的规定,"截断后缀""依据""",产品质量与安全
《中华人民共和国产品质量法》第五十四条及五十条,《中华人民共和国产品质量法》第五十四条,"截断后缀""及五十条""",产品质量与安全
《中华人民共和国产品质量法》第五十四条、,《中华人民共和国产品质量法》第五十四条,"截断后缀""、""",产品质量与安全
《中华人民共和国产品质量法》第四十九条规定依据,《中华人民共和国产品质量法》第四十九条,"截断后缀""规定依据""",产品质量与安全
《中华人民共和国产品质量法》第五十五条规定的从轻处罚的条,《中华人民共和国产品质量法》第五十五条,"截断后缀""规定的从轻处罚的条""",产品质量与安全
"《中华人民共和国产品质量法》第二十六条第(三)项,",《中华人民共和国产品质量法》第二十六条第(三)项,"截断后缀"",""",产品质量与安全
《中华人民共和国产品质量法》第二十七条第（二）项和,《中华人民共和国产品质量法》第二十七条第（二）项,"截断后缀""和""",产品质量与安全
《中华人民共和国产品质量法》第二十六条第三项规定和,《中华人民共和国产品质量法》第二十六条第三项,"截断后缀""规定和""",产品质量与安全
《成都市产品质量监督条例》第二十八条第一款的规定：“违反本条例第十条第一、二、三项,《成都市产品质量监督条例》第二十八条第一款的规定：“违反本条例第十条,"截断后缀""第一、二、三项""",产品质量与安全
《中华人民共和国产品质量法［第三十九条规定,《中华人民共和国产品质量法［第三十九条,"截断后缀""规定""",产品质量与安全
"《中华人民共和国产品质量法》第五十条,",《中华人民共和国产品质量法》第五十条,"截断后缀"",""",产品质量与安全
《中华人民共和国产品质量法》第十二、三十二条,《中华人民共和国产品质量法》,"截断后缀""第十二、三十二条""",产品质量与安全
《中华人民共和国产品质量法》第十三条规定,《中华人民共和国产品质量法》第十三条,"截断后缀""规定""",产品质量与安全
《中华人民共和国产品质量法》第十三条第一款的规定依据,《中华人民共和国产品质量法》第十三条第一款的规定,"截断后缀""依据""",产品质量与安全
依据《中华人民共和国产品质量法》第五十三条,《中华人民共和国产品质量法》第五十三条,"去除前缀""依据""",产品质量与安全
"《中华人民共和国产品质量法》第十二条,",《中华人民共和国产品质量法》第十二条,"截断后缀"",""",产品质量与安全
《中华人民共和国产品质量法》第四十九条依据,《中华人民共和国产品质量法》第四十九条,"截断后缀""依据""",产品质量与安全
《中华人民共和国产品质量法》第四十九条以及,《中华人民共和国产品质量法》第四十九条,"截断后缀""以及""",产品质量与安全
《中华人民共和国产品质量法》第四十九条之规定依据,《中华人民共和国产品质量法》第四十九条之规定,"截断后缀""依据""",产品质量与安全
《中华人民共和国产品质量法》第四十九条、,《中华人民共和国产品质量法》第四十九条,"截断后缀""、""",产品质量与安全
《中华人民共和国产品质量法》第四十九条|,《中华人民共和国产品质量法》第四十九条,"截断后缀""|""",产品质量与安全
依据《中华人民共和国产品质量法》第四十九条,《中华人民共和国产品质量法》第四十九条,"去除前缀""依据""",产品质量与安全
依据《中华人民共和国产品质量法》第五十条,《中华人民共和国产品质量法》第五十条,"去除前缀""依据""",产品质量与安全
《中华人民共和国产品质量法》第十二条规定依据,《中华人民共和国产品质量法》第十二条,"截断后缀""规定依据""",产品质量与安全
"《中华人民共和国产品质量法》第十二条、第三十二条、第三十九条,",《中华人民共和国产品质量法》第十二条、第三十二条、第三十九条,"截断后缀"",""",产品质量与安全
"《中华人民共和国产品质量法》第十三条,",《中华人民共和国产品质量法》第十三条,"截断后缀"",""",产品质量与安全
《中华人民共和国产品质量法》第五十条规定依据,《中华人民共和国产品质量法》第五十条,"截断后缀""规定依据""",产品质量与安全
《中华人民共和国产品质量法》第五十条罚款,《中华人民共和国产品质量法》第五十条,"截断后缀""罚款""",产品质量与安全
《中华人民共和国产品质量法》第五十条综上所述,《中华人民共和国产品质量法》第五十条,"截断后缀""综上所述""",产品质量与安全
《中华人民共和国产品质量法》第五十条结合,《中华人民共和国产品质量法》第五十条,"截断后缀""结合""",产品质量与安全
《中华人民共和国产品质量法》第五十条的规定依据,《中华人民共和国产品质量法》第五十条的规定,"截断后缀""依据""",产品质量与安全
《中华人民共和国产品质量法》第四十九条和,《中华人民共和国产品质量法》第四十九条,"截断后缀""和""",产品质量与安全
《中华人民共和国产品质量法》第五十条和,《中华人民共和国产品质量法》第五十条,"截断后缀""和""",产品质量与安全
《中华人民共和国产品质量法》第五十条及,《中华人民共和国产品质量法》第五十条,"截断后缀""及""",产品质量与安全
《中华人民共和国产品质量法》第五十条之规定处罚决定:罚款,《中华人民共和国产品质量法》第五十条之规定,"截断后缀""处罚决定:罚款""",产品质量与安全
《中华人民共和国产品质量法》第五十条之规定依据,《中华人民共和国产品质量法》第五十条之规定,"截断后缀""依据""",产品质量与安全
《中华人民共和国产品质量法》第五十条之规定以及,《中华人民共和国产品质量法》第五十条之规定,"截断后缀""以及""",产品质量与安全
《中华人民共和国产品质量法》第五十条规定及,《中华人民共和国产品质量法》第五十条,"截断后缀""规定及""",产品质量与安全
《中华人民共和国产品质量法》第五十条、,《中华人民共和国产品质量法》第五十条,"截断后缀""、""",产品质量与安全
《中华人民共和国产品质量法》第五十条项,《中华人民共和国产品质量法》第五十条,"截断后缀""项""",产品质量与安全
《中华人民共和国产品质量法》第六十二条规定依据,《中华人民共和国产品质量法》第六十二条,"截断后缀""规定依据""",产品质量与安全
《中华人民共和国产品质量法》第二十七条第一款第（一）、（二）项及,《中华人民共和国产品质量法》第二十七条第一款第（一）、（二）项,"截断后缀""及""",产品质量与安全
《检验报告》第三季度专项,《检验报告》,"截断后缀""第三季度专项""",产品质量与安全
《中华人民共和产品质量法》第二十七条及三十九条,《中华人民共和产品质量法》第二十七条,"截断后缀""及三十九条""",产品质量与安全
《中华人共和国产品质量法》第四十九条及,《中华人共和国产品质量法》第四十九条,"截断后缀""及""",产品质量与安全
《中华人民共和国产品质量法》第四十九条决定罚款,《中华人民共和国产品质量法》第四十九条,"截断后缀""决定罚款""",产品质量与安全
《中华人民共和国产品质量法》第49条、,《中华人民共和国产品质量法》第49条,"截断后缀""、""",产品质量与安全
《中华人民共和国产品质量法》第39条、,《中华人民共和国产品质量法》第39条,"截断后缀""、""",产品质量与安全
《中华人民共和国产品质量法》第30、37条,《中华人民共和国产品质量法》,"截断后缀""第30、37条""",产品质量与安全
《中华人民共和国产品质量法》第三十九条、,《中华人民共和国产品质量法》第三十九条,"截断后缀""、""",产品质量与安全
"《中华人民共和国产品质量法》第三十九条,",《中华人民共和国产品质量法》第三十九条,"截断后缀"",""",产品质量与安全
《中华人民共和国产品质量法》第三十九条的规定依据,《中华人民共和国产品质量法》第三十九条的规定,"截断后缀""依据""",产品质量与安全
《中华人民共和国产品质量法》第三十九条规定,《中华人民共和国产品质量法》第三十九条,"截断后缀""规定""",产品质量与安全
《中华人民共和国产品质量法》第三十九条规定依据,《中华人民共和国产品质量法》第三十九条,"截断后缀""规定依据""",产品质量与安全
《中华人民共和国产品质量法》第三十二、三十九条,《中华人民共和国产品质量法》,"截断后缀""第三十二、三十九条""",产品质量与安全
"《中华人民共和国产品质量法》第三十二条,",《中华人民共和国产品质量法》第三十二条,"截断后缀"",""",产品质量与安全
《中华人民共和国产品质量法》第三十条、第三十一条、,《中华人民共和国产品质量法》第三十条、第三十一条,"截断后缀""、""",产品质量与安全
《中华人民共和国产品质量法》第二十七条、五十四条,《中华人民共和国产品质量法》第二十七条,"截断后缀""、五十四条""",产品质量与安全
《中华人民共和国产品质量法》第二十七条和三十九条,《中华人民共和国产品质量法》第二十七条,"截断后缀""和三十九条""",产品质量与安全
《中华人民共和国产品质量法》第三十四条销售者应当采取措施,《中华人民共和国产品质量法》第三十四条,"截断后缀""销售者应当采取措施""",产品质量与安全
《中华人民共和国产品质量法》第三十二条、,《中华人民共和国产品质量法》第三十二条,"截断后缀""、""",产品质量与安全
《中华人民共和国产品质量法》第三十二条规定,《中华人民共和国产品质量法》第三十二条,"截断后缀""规定""",产品质量与安全
《中华人民共和国产品质量法》第三十五条之规定依据,《中华人民共和国产品质量法》第三十五条之规定,"截断后缀""依据""",产品质量与安全
《中华人民共和国产品质量法》第三十九条之规定依据,《中华人民共和国产品质量法》第三十九条之规定,"截断后缀""依据""",产品质量与安全
《中华人民共和国国家标准GB9694-88》第4.5条,《中华人民共和国国家标准GB9694-88》,"截断后缀""第4.5条""",产品质量与标准认证
《中华人民共和国国家标准GB2099.3-2008家用和类似用途插头插座第2部分：转换器的特殊要求》第14.101条,《中华人民共和国国家标准GB2099.3-2008家用和类似用途插头插座第2部分：转换器的特殊要求》,"截断后缀""第14.101条""",产品质量与标准认证
《中华人民共和国国家标准》第4.1.3.1.4条,《中华人民共和国国家标准》,"截断后缀""第4.1.3.1.4条""",产品质量与标准认证
《中华人民共和国价格法》第三十三条、,《中华人民共和国价格法》第三十三条,"截断后缀""、""",价格/收费
"《中华人民共和国价格法》第三十九条,",《中华人民共和国价格法》第三十九条,"截断后缀"",""",价格/收费
《中华人民共和国价格法》第三十九条、,《中华人民共和国价格法》第三十九条,"截断后缀""、""",价格/收费
《中华人民共和国价格法》第三十九条、第四十一条、,《中华人民共和国价格法》第三十九条、第四十一条,"截断后缀""、""",价格/收费
《中华人民共和国价格法》第三十九条及,《中华人民共和国价格法》第三十九条,"截断后缀""及""",价格/收费
《中华人民共和国价格法》第三十九条和,《中华人民共和国价格法》第三十九条,"截断后缀""和""",价格/收费
《中华人民共和国价格法》第三十九条第二款、,《中华人民共和国价格法》第三十九条第二款,"截断后缀""、""",价格/收费
《中华人民共和国价格法》第十三条、,《中华人民共和国价格法》第十三条,"截断后缀""、""",价格/收费
《中华人民共和国价格法》第十三条及,《中华人民共和国价格法》第十三条,"截断后缀""及""",价格/收费
《服务价目表》第12、13、14、15服务项,《服务价目表》,"截断后缀""第12、13、14、15服务项""",价格/收费
《四川省商品住宅价格管理办法》第六、七、八条,《四川省商品住宅价格管理办法》,"截断后缀""第六、七、八条""",价格/收费
《中华人民共和国价格法》第十三条第一款、,《中华人民共和国价格法》第十三条第一款,"截断后缀""、""",价格/收费
《中华人民共和国价格法》第四十二条、,《中华人民共和国价格法》第四十二条,"截断后缀""、""",价格/收费
《中华人民共和国价格法》第四十二条以及,《中华人民共和国价格法》第四十二条,"截断后缀""以及""",价格/收费
《中华人民共和国价格法》第四十二条及,《中华人民共和国价格法》第四十二条,"截断后缀""及""",价格/收费
《中华人民共和国价格法》第四十二条和,《中华人民共和国价格法》第四十二条,"截断后缀""和""",价格/收费
《中华人民共和国价格法》第四十二条和国务院,《中华人民共和国价格法》第四十二条,"截断后缀""和国务院""",价格/收费
《中华人民共和国价格法》第四十条、,《中华人民共和国价格法》第四十条,"截断后缀""、""",价格/收费
《中华人民共和国价格法》第四十条以及,《中华人民共和国价格法》第四十条,"截断后缀""以及""",价格/收费
《中华人民共和国价格法》第四十条第一款、,《中华人民共和国价格法》第四十条第一款,"截断后缀""、""",价格/收费
《广东省物价局关于商品房销售明码标价的规定》第六条第一款规定：“对取得预售许可或办理现房销售备案的商品房项,《广东省物价局关于商品房销售明码标价的规定》第六条第一款,"截断后缀""规定：“对取得预售许可或办理现房销售备案...""",价格/收费
《中华人民共和国价格法》第十三条第一款、第四十二条、,《中华人民共和国价格法》第十三条第一款、第四十二条,"截断后缀""、""",价格/收费
《中华人民共和国价格法》第十三条第一款和,《中华人民共和国价格法》第十三条第一款,"截断后缀""和""",价格/收费
"《中华人民共和国价格法》第十二条,",《中华人民共和国价格法》第十二条,"截断后缀"",""",价格/收费
《中华人民共和国价格法》第十二条、,《中华人民共和国价格法》第十二条,"截断后缀""、""",价格/收费
《中华人民共和国价格法》第十二条、三十九条、,《中华人民共和国价格法》第十二条,"截断后缀""、三十九条、""",价格/收费
《中华人民共和国价格法》第四十一条、四十二条;,《中华人民共和国价格法》第四十一条,"截断后缀""、四十二条;""",价格/收费
"《中华人民共和国价格法》第十四条“经营者不得有下列不正当价格行为”第(四)项,",《中华人民共和国价格法》第十四条“经营者不得有下列不正当价格行为”第(四)项,"截断后缀"",""",价格/收费
"《中华人民共和国价格法》第十四条第(四)项,",《中华人民共和国价格法》第十四条第(四)项,"截断后缀"",""",价格/收费
"《价格违法行为行政处罚规定》第九条第（五）项“自立收费项,",《价格违法行为行政处罚规定》第九条第（五）项,"截断后缀""“自立收费项,""",价格/收费
《价格违法行为行政处罚规定》第十三条|,《价格违法行为行政处罚规定》第十三条,"截断后缀""|""",价格/收费
根据《中华人民共和国价格法》第三十九条第二款,《中华人民共和国价格法》第三十九条第二款,"去除前缀""根据""",价格/收费
根据《价格违法行为行政处罚规定》第九条第(二)项,《价格违法行为行政处罚规定》第九条第(二)项,"去除前缀""根据""",价格/收费
根据《中华人民共和国价格法》第三十九条,《中华人民共和国价格法》第三十九条,"去除前缀""根据""",价格/收费
《价格法》第三十九条、,《价格法》第三十九条,"截断后缀""、""",价格/收费
《价格违法行为行政处罚规定》第九条第（五）项“自立收费项,《价格违法行为行政处罚规定》第九条第（五）项,"截断后缀""“自立收费项""",价格/收费
《价格法》第四十二条、,《价格法》第四十二条,"截断后缀""、""",价格/收费
依据《中华人民共和国价格法》第四十二条,《中华人民共和国价格法》第四十二条,"去除前缀""依据""",价格/收费
依据《中华人民共和国价格法》第四十一条,《中华人民共和国价格法》第四十一条,"去除前缀""依据""",价格/收费
依据《中华人民共和国价格法》第三十九条,《中华人民共和国价格法》第三十九条,"去除前缀""依据""",价格/收费
《禁止价格欺诈行为的规定》第七条第(一)项所列虚假优惠折价的方式,《禁止价格欺诈行为的规定》第七条第(一)项,"截断后缀""所列虚假优惠折价的方式""",价格/收费
《价格违法行为行政处罚规定》第十八条“本规定中以违法所得计算罚款,《价格违法行为行政处罚规定》第十八条,"截断后缀""“本规定中以违法所得计算罚款""",价格/收费
"《禁止价格欺诈行为的规定》第七条,",《禁止价格欺诈行为的规定》第七条,"截断后缀"",""",价格/收费
《禁止价格欺诈行为的规定》第六条第一款第(一)项;,《禁止价格欺诈行为的规定》第六条第一款第(一)项,"截断后缀"";""",价格/收费
"《价格违法行为行政处罚规定》第七条“经营者违反价格法第十四条,",《价格违法行为行政处罚规定》第七条“经营者违反价格法第十四条,"截断后缀"",""",价格/收费
《价格违法行为行政处罚规定》第九条和,《价格违法行为行政处罚规定》第九条,"截断后缀""和""",价格/收费
《价格违法行为行政处罚规定》第九条、第十六条和,《价格违法行为行政处罚规定》第九条、第十六条,"截断后缀""和""",价格/收费
《兰州市住宅小区机动车停放服务收费管理办法》第五条第二款“不具备协商议价条,《兰州市住宅小区机动车停放服务收费管理办法》第五条第二款,"截断后缀""“不具备协商议价条""",价格/收费
"《价格违法行为行政处罚规定》第九条第(五)项,",《价格违法行为行政处罚规定》第九条第(五)项,"截断后缀"",""",价格/收费
"《企业信息公示暂行条例》第八条第一款,",《企业信息公示暂行条例》第八条第一款,"截断后缀"",""",企业信息公示
《企业信息公示暂行条例》第八条第一款、,《企业信息公示暂行条例》第八条第一款,"截断后缀""、""",企业信息公示
《企业信息公示暂行条例》第八条规定的期限公示年度报告,《企业信息公示暂行条例》第八条,"截断后缀""规定的期限公示年度报告""",企业信息公示
《企业信息公示暂行条例》第八条第一款和,《企业信息公示暂行条例》第八条第一款,"截断后缀""和""",企业信息公示
《企业信息公示暂行条例》第六条、第十条、第十七条和,《企业信息公示暂行条例》第六条、第十条、第十七条,"截断后缀""和""",企业信息公示
根据《企业信息公示暂行条例》第十七条第一款,《企业信息公示暂行条例》第十七条第一款,"去除前缀""根据""",企业信息公示
《企业信息公示暂行条例》第八条和,《企业信息公示暂行条例》第八条,"截断后缀""和""",企业信息公示
《企业信息公示暂行条例》第七条第一款第﹝二﹞项,《企业信息公示暂行条例》第七条第一款,"截断后缀""第﹝二﹞项""",企业信息公示
《企业信息公示暂行条例》第十七条第一款和,《企业信息公示暂行条例》第十七条第一款,"截断后缀""和""",企业信息公示
《企业信息公示暂行条例》第八条的规定和,《企业信息公示暂行条例》第八条的规定,"截断后缀""和""",企业信息公示
《企业信息公示暂行条例》第八条、,《企业信息公示暂行条例》第八条,"截断后缀""、""",企业信息公示
《企业信息公示暂行条例》第十七条第一款第一项所指的“企业未按照本条,《企业信息公示暂行条例》第十七条第一款第一项,"截断后缀""所指的“企业未按照本条""",企业信息公示
《企业信息公示暂行条例》第十七条第一款第（一）项、,《企业信息公示暂行条例》第十七条第一款第（一）项,"截断后缀""、""",企业信息公示
《企业信息公示暂行条例》第十七条第一款第（二）项及,《企业信息公示暂行条例》第十七条第一款第（二）项,"截断后缀""及""",企业信息公示
《企业信息公示暂行条例》第七条第一款第（二）项规定和,《企业信息公示暂行条例》第七条第一款第（二）项,"截断后缀""规定和""",企业信息公示
《企业信息公示暂行条例》第八条以及,《企业信息公示暂行条例》第八条,"截断后缀""以及""",企业信息公示
《企业信息公示暂行条例》第七条第一款第〔二〕项,《企业信息公示暂行条例》第七条第一款,"截断后缀""第〔二〕项""",企业信息公示
《企业信息公示暂行条例》第十七条第一款第（一）项和,《企业信息公示暂行条例》第十七条第一款第（一）项,"截断后缀""和""",企业信息公示
《企业信息公示暂行条例》第八条第一款规定,《企业信息公示暂行条例》第八条第一款,"截断后缀""规定""",企业信息公示
《中国注册会计师审计准则第1211号——通过了解被审计单位及其环境识别和评估重大错报风险》第八条;第2、3、4、5项,《中国注册会计师审计准则第1211号——通过了解被审计单位及其环境识别和评估重大错报风险》第八条,"截断后缀"";第2、3、4、5项""",会计/账务
《中华人民共和国发票管理办法》第三十五条第六款（以其他凭证代替发票使用的可以处1万元以下罚款,《中华人民共和国发票管理办法》第三十五条第六款,"截断后缀""（以其他凭证代替发票使用的可以处1万元以...""",会计/账务
《中华人民共和国审计法》第五十条和,《中华人民共和国审计法》第五十条,"截断后缀""和""",会计/账务
《住房公积金管理条例》第十四条、十五条,《住房公积金管理条例》第十四条,"截断后缀""、十五条""",住房公积金管理
《商标印制管理办法》第7、8、9、10条,《商标印制管理办法》,"截断后缀""第7、8、9、10条""",侵犯商标/知识产权
《商标印制管理办法》第七条第一款、第二款的规定依据,《商标印制管理办法》第七条第一款、第二款的规定,"截断后缀""依据""",侵犯商标/知识产权
"《商标印制管理办法》第七条第二款,",《商标印制管理办法》第七条第二款,"截断后缀"",""",侵犯商标/知识产权
《商标印制管理办法》第五十三条和,《商标印制管理办法》第五十三条,"截断后缀""和""",侵犯商标/知识产权
《奥林匹克标志保护条例》第四条第二款的规定依据,《奥林匹克标志保护条例》第四条第二款的规定,"截断后缀""依据""",侵犯商标/知识产权
《奥林匹克标志保护条例》第四条第二款规定依据,《奥林匹克标志保护条例》第四条第二款,"截断后缀""规定依据""",侵犯商标/知识产权
《奥林匹克标志保护条例》第四条第二款及第五条第（三）项规定依据,《奥林匹克标志保护条例》第四条第二款及第五条第（三）项,"截断后缀""规定依据""",侵犯商标/知识产权
《奥林匹克标志保护条例》第四条第二款之规定依据,《奥林匹克标志保护条例》第四条第二款之规定,"截断后缀""依据""",侵犯商标/知识产权
《奥林匹克标志保护条例》第四条第二款、第五条第（三）项之规定依据,《奥林匹克标志保护条例》第四条第二款、第五条第（三）项之规定,"截断后缀""依据""",侵犯商标/知识产权
"《浙江省公安机关行政处罚裁量基准》第四百六十五条,决定给予浙江台州雅特标志服饰有限公司罚款",《浙江省公安机关行政处罚裁量基准》第四百六十五条,"截断后缀"",决定给予浙江台州雅特标志服饰有限公司罚...""",侵犯商标/知识产权
《奥林匹克标志保护条例》第四条第二款、第五条第（三）项的规定依据,《奥林匹克标志保护条例》第四条第二款、第五条第（三）项的规定,"截断后缀""依据""",侵犯商标/知识产权
《奥林匹克标志保护条例》第五条项“本条,《奥林匹克标志保护条例》第五条,"截断后缀""项“本条""",侵犯商标/知识产权
《商标印制管理办法》第十三条和,《商标印制管理办法》第十三条,"截断后缀""和""",侵犯商标/知识产权
"《商标印制管理办法》第八条、第九条,",《商标印制管理办法》第八条、第九条,"截断后缀"",""",侵犯商标/知识产权
《商标法》第五十三条和,《商标法》第五十三条,"截断后缀""和""",侵犯商标/知识产权
《商标法》第五十三条、,《商标法》第五十三条,"截断后缀""、""",侵犯商标/知识产权
《商标法》第五十三条规定和,《商标法》第五十三条,"截断后缀""规定和""",侵犯商标/知识产权
《中华人民共和国商标法》第五十二条第一款第（二）项和,《中华人民共和国商标法》第五十二条第一款第（二）项,"截断后缀""和""",侵犯商标/知识产权
《中华人民共和国商标法》第五十二条第二项、第五十二条第五项及,《中华人民共和国商标法》第五十二条第二项、第五十二条第五项,"截断后缀""及""",侵犯商标/知识产权
《中华人民共和国商标法》第四十八条第（一）项的规定依据,《中华人民共和国商标法》第四十八条第（一）项的规定,"截断后缀""依据""",侵犯商标/知识产权
《中华人民共和国商标法》第四十八条第（一）项所规定依据,《中华人民共和国商标法》第四十八条第（一）项,"截断后缀""所规定依据""",侵犯商标/知识产权
《中华人民共和国商标法》第四十八条第（一）项和,《中华人民共和国商标法》第四十八条第（一）项,"截断后缀""和""",侵犯商标/知识产权
《中华人民共和国商标法》第五十三条、,《中华人民共和国商标法》第五十三条,"截断后缀""、""",侵犯商标/知识产权
《中华人民共和国商标法》第五十三条及,《中华人民共和国商标法》第五十三条,"截断后缀""及""",侵犯商标/知识产权
《中华人民共和国商标法》第五十三条及其,《中华人民共和国商标法》第五十三条,"截断后缀""及其""",侵犯商标/知识产权
《中华人民共和国商标法》第五十三条和,《中华人民共和国商标法》第五十三条,"截断后缀""和""",侵犯商标/知识产权
《中华人民共和国商标法实施条例》第七十八条计算,《中华人民共和国商标法实施条例》第七十八条,"截断后缀""计算""",侵犯商标/知识产权
《中华人民共和国商标法》第五十三条规定和,《中华人民共和国商标法》第五十三条,"截断后缀""规定和""",侵犯商标/知识产权
《中华人民共和国商标法实施条例》第七十六条、,《中华人民共和国商标法实施条例》第七十六条,"截断后缀""、""",侵犯商标/知识产权
《中华人民共和国商标法》第四十八条第（一）项之规定依据,《中华人民共和国商标法》第四十八条第（一）项之规定,"截断后缀""依据""",侵犯商标/知识产权
《中华人民共和国商标法》第五十二条第二项规定依据,《中华人民共和国商标法》第五十二条第二项,"截断后缀""规定依据""",侵犯商标/知识产权
《中华人民共和国商标法》第五十二条第（二）项之规定依据,《中华人民共和国商标法》第五十二条第（二）项之规定,"截断后缀""依据""",侵犯商标/知识产权
《中华人民共和国商标法》第五十二条第（二）项的规定依据,《中华人民共和国商标法》第五十二条第（二）项的规定,"截断后缀""依据""",侵犯商标/知识产权
《中华人民共和国商标法》第五十二条第（二）项规定依据,《中华人民共和国商标法》第五十二条第（二）项,"截断后缀""规定依据""",侵犯商标/知识产权
《中华人民共和国商标法》第五十二条第（五）项及,《中华人民共和国商标法》第五十二条第（五）项,"截断后缀""及""",侵犯商标/知识产权
《中华人民共和国商标法》第六十条、,《中华人民共和国商标法》第六十条,"截断后缀""、""",侵犯商标/知识产权
《中华人民共和国商标法》第六十条及,《中华人民共和国商标法》第六十条,"截断后缀""及""",侵犯商标/知识产权
《中华人民共和国商标法》第五十二条第五项、,《中华人民共和国商标法》第五十二条第五项,"截断后缀""、""",侵犯商标/知识产权
《中华人民共和国商标法》第五十二条第（一）项、,《中华人民共和国商标法》第五十二条第（一）项,"截断后缀""、""",侵犯商标/知识产权
《中华人民共和国商标法》第五十二条第（一）项的规定依据,《中华人民共和国商标法》第五十二条第（一）项的规定,"截断后缀""依据""",侵犯商标/知识产权
《中华人民共和国商标法》第十四条第五款的规定依据,《中华人民共和国商标法》第十四条第五款的规定,"截断后缀""依据""",侵犯商标/知识产权
《中华人民共和国商标法》第十四条第五款之规定依据,《中华人民共和国商标法》第十四条第五款之规定,"截断后缀""依据""",侵犯商标/知识产权
《中华人民共和国商标法》第六十条第二款所列处罚标准,《中华人民共和国商标法》第六十条第二款,"截断后缀""所列处罚标准""",侵犯商标/知识产权
《中华人民共和国商标法》第六十条第二款和,《中华人民共和国商标法》第六十条第二款,"截断后缀""和""",侵犯商标/知识产权
《中华人民共和国商标法》第六十条第二款、,《中华人民共和国商标法》第六十条第二款,"截断后缀""、""",侵犯商标/知识产权
《中华人民共和国商标法》第五十七条第（二）项和,《中华人民共和国商标法》第五十七条第（二）项,"截断后缀""和""",侵犯商标/知识产权
《中华人民共和国商标法》第52条第1款第2项的规定依据,《中华人民共和国商标法》第52条第1款第2项的规定,"截断后缀""依据""",侵犯商标/知识产权
《中华人民共和国商标法》第52条第1项、,《中华人民共和国商标法》第52条第1项,"截断后缀""、""",侵犯商标/知识产权
《中华人民共和国商标法》第53条、,《中华人民共和国商标法》第53条,"截断后缀""、""",侵犯商标/知识产权
《中华人民共和国商标法》第53条和,《中华人民共和国商标法》第53条,"截断后缀""和""",侵犯商标/知识产权
"《中华人民共和国商标法》第九条第二款,",《中华人民共和国商标法》第九条第二款,"截断后缀"",""",侵犯商标/知识产权
《商标侵权判断标准》第八条的情形,《商标侵权判断标准》第八条,"截断后缀""的情形""",侵犯商标/知识产权
《中华人民共和国商标法》第五十七条“有下列行为之一的,《中华人民共和国商标法》第五十七条,"截断后缀""“有下列行为之一的""",侵犯商标/知识产权
"《中华人民共和国商标法》第五十七条第一款第三项,",《中华人民共和国商标法》第五十七条第一款第三项,"截断后缀"",""",侵犯商标/知识产权
《中华人民共和国商标法实施条例》第五十二条和,《中华人民共和国商标法实施条例》第五十二条,"截断后缀""和""",侵犯商标/知识产权
《中华人民共和国商标法》第五十二条第（五）项、,《中华人民共和国商标法》第五十二条第（五）项,"截断后缀""、""",侵犯商标/知识产权
依据《关于印发商标违法行为罚款,《关于印发商标违法行为罚款,"去除前缀""依据""",侵犯商标/知识产权
依据《中华人民共和国商标法》第六十条第二款,《中华人民共和国商标法》第六十条第二款,"去除前缀""依据""",侵犯商标/知识产权
《认证证书和认证标志管理办法》第五条和,《认证证书和认证标志管理办法》第五条,"截断后缀""和""",侵犯商标/知识产权
《认证证书和认证标志管理办法》第二十五条和,《认证证书和认证标志管理办法》第二十五条,"截断后缀""和""",侵犯商标/知识产权
《安全标志及其使用导则》第4.1.3条,《安全标志及其使用导则》,"截断后缀""第4.1.3条""",侵犯商标/知识产权||安全生产
《安全标志及其使用导则》第4.2.3条,《安全标志及其使用导则》,"截断后缀""第4.2.3条""",侵犯商标/知识产权||安全生产
"《中华人民共和国人民防空法》第二十三条第一款,",《中华人民共和国人民防空法》第二十三条第一款,"截断后缀"",""",公共安全与社会治理
《中华人民共和国人民防空法》第二十七条、,《中华人民共和国人民防空法》第二十七条,"截断后缀""、""",公共安全与社会治理
《中华人民共和国人民防空法》第九条规定,《中华人民共和国人民防空法》第九条,"截断后缀""规定""",公共安全与社会治理
《中华人民共和国人民防空法》第二十二条及,《中华人民共和国人民防空法》第二十二条,"截断后缀""及""",公共安全与社会治理
依据《浙江省游泳场所管理办法》第十九条第(一)项,《浙江省游泳场所管理办法》第十九条第(一)项,"去除前缀""依据""",公共安全与社会治理
《浙江省游泳场所管理办法》第十九条第（一）项、,《浙江省游泳场所管理办法》第十九条第（一）项,"截断后缀""、""",公共安全与社会治理
"《机动车修理业、报废机动车回收业治安管理办法》第十四条之规定,给予该单位罚款",《机动车修理业、报废机动车回收业治安管理办法》第十四条之规定,"截断后缀"",给予该单位罚款""",公共安全与社会治理
"《机动车修理业、报废机动车回收业治安管理办法》第十四条,",《机动车修理业、报废机动车回收业治安管理办法》第十四条,"截断后缀"",""",公共安全与社会治理
依据《中华人民共和国人民防空法》第四十九条第三项,《中华人民共和国人民防空法》第四十九条第三项,"去除前缀""依据""",公共安全与社会治理
《中华人民共和国治安管理处罚法》第五十六条相关规定当场处罚罚款,《中华人民共和国治安管理处罚法》第五十六条,"截断后缀""相关规定当场处罚罚款""",公共安全与社会治理
《易制爆危险化学品治安管理办法》第四十三条、,《易制爆危险化学品治安管理办法》第四十三条,"截断后缀""、""",公共安全与社会治理
《易制爆危险化学品治安管理办法》第二十七条及四十三条,《易制爆危险化学品治安管理办法》第二十七条,"截断后缀""及四十三条""",公共安全与社会治理
《易制爆危险化学品治安管理办法》第二十七条、第四十三条和,《易制爆危险化学品治安管理办法》第二十七条、第四十三条,"截断后缀""和""",公共安全与社会治理
依据《浙江省游泳场所管理办法》第二十条第一项的规定,《浙江省游泳场所管理办法》第二十条第一项的规定,"去除前缀""依据""",公共安全与社会治理
《浙江省游泳场所管理办法》第二十条第（一）项、,《浙江省游泳场所管理办法》第二十条第（一）项,"截断后缀""、""",公共安全与社会治理
《印刷业管理条例》第三十七条:印刷业经营者违反本条,《印刷业管理条例》第三十七条,"截断后缀"":印刷业经营者违反本条""",公共文化与传媒
《印刷业管理条例》第三十七条第（一）项“印刷业经营者违反本条,《印刷业管理条例》第三十七条第（一）项,"截断后缀""“印刷业经营者违反本条""",公共文化与传媒
根据《印刷业管理条例》第三十九条第一款第（一）项,《印刷业管理条例》第三十九条第一款第（一）项,"去除前缀""根据""",公共文化与传媒
依据《印刷业管理条例》第三十九条第一款第一项,《印刷业管理条例》第三十九条第一款第一项,"去除前缀""依据""",公共文化与传媒
依据《印刷业管理条例》第四十条第一项,《印刷业管理条例》第四十条第一项,"去除前缀""依据""",公共文化与传媒
依据《印刷业管理条例》第三十七条第(一)项,《印刷业管理条例》第三十七条第(一)项,"去除前缀""依据""",公共文化与传媒
《印刷业管理条例》第二十条第一款规定,《印刷业管理条例》第二十条第一款,"截断后缀""规定""",公共文化与传媒
"《印刷业管理条例》第十二条第二款,",《印刷业管理条例》第十二条第二款,"截断后缀"",""",公共文化与传媒
《印刷业管理条例》第十二条第二款、,《印刷业管理条例》第十二条第二款,"截断后缀""、""",公共文化与传媒
《协议书》第*幢****号房,《协议书》,"截断后缀""第*幢****号房""",其他
《公司法》第二百一十二条第二款、,《公司法》第二百一十二条第二款,"截断后缀""、""",其他
《公司法》第二百一十二条第一款、,《公司法》第二百一十二条第一款,"截断后缀""、""",其他
《兰州市城市管理综合执法暂行规定》第二十五条第（四）项和,《兰州市城市管理综合执法暂行规定》第二十五条第（四）项,"截断后缀""和""",其他
《兰州市城市管理综合执法暂行规定》第二十五条第(四)项和,《兰州市城市管理综合执法暂行规定》第二十五条第(四)项,"截断后缀""和""",其他
《关于查处利用合同进行的违法行为的暂行规定》第八条和,《关于查处利用合同进行的违法行为的暂行规定》第八条,"截断后缀""和""",其他
"《山东省市场监督管理局行政处罚裁量基准(试行)》第二百九十条,",《山东省市场监督管理局行政处罚裁量基准(试行)》第二百九十条,"截断后缀"",""",其他
《成品油市场管理办法》第四十三条及,《成品油市场管理办法》第四十三条,"截断后缀""及""",其他
《成都市规范行政执法自由裁量权实施办法》第十二条和,《成都市规范行政执法自由裁量权实施办法》第十二条,"截断后缀""和""",其他
《吉林省工商和市场监管系统行政处罚裁量规则》第二章第十二节适用,《吉林省工商和市场监管系统行政处罚裁量规则》第二章第十二节,"截断后缀""适用""",其他
《合同违法行为监督处理办法》第十二条和,《合同违法行为监督处理办法》第十二条,"截断后缀""和""",其他
《宣城市城市管理条例》第三十条第(九)项规定根据,《宣城市城市管理条例》第三十条第(九)项,"截断后缀""规定根据""",其他
《天津市市场和质量监管委行政处罚裁量适用规则》第十五条第一款第一项“罚款,《天津市市场和质量监管委行政处罚裁量适用规则》第十五条第一款第一项,"截断后缀""“罚款""",其他
《公司法》第二百一十一条第一款、,《公司法》第二百一十一条第一款,"截断后缀""、""",其他
《公司法》第二百一十一条及,《公司法》第二百一十一条,"截断后缀""及""",其他
《中华人民共和国行政处罚法》第三十二条第（一）项和,《中华人民共和国行政处罚法》第三十二条第（一）项,"截断后缀""和""",其他
《中华人民共和国行政处罚法》第三十二条第（一）项、,《中华人民共和国行政处罚法》第三十二条第（一）项,"截断后缀""、""",其他
《中华人民共和国行政处罚法》第二十七条和,《中华人民共和国行政处罚法》第二十七条,"截断后缀""和""",其他
《中华人民共和国行政处罚法》第二十七条二款,《中华人民共和国行政处罚法》第二十七条,"截断后缀""二款""",其他
《中华人民共和国行政处罚法》第二十七条、,《中华人民共和国行政处罚法》第二十七条,"截断后缀""、""",其他
《中华人民共和国行政处罚法》第九条、,《中华人民共和国行政处罚法》第九条,"截断后缀""、""",其他
《中华人民共和国行政处罚法》第三十六条规定的立案条,《中华人民共和国行政处罚法》第三十六条,"截断后缀""规定的立案条""",其他
《中华人民共和国行政处罚法》第三十二条第(一)项关于减轻处罚的条,《中华人民共和国行政处罚法》第三十二条第(一)项,"截断后缀""关于减轻处罚的条""",其他
"《中华人民共和国行政处罚法》第三十一条和第三十二条,",《中华人民共和国行政处罚法》第三十一条和第三十二条,"截断后缀"",""",其他
《中华人民共和国行政处罚法》第三十一条和,《中华人民共和国行政处罚法》第三十一条,"截断后缀""和""",其他
"《中华人民共和国行政处罚法》第三十一条、第三十二条,",《中华人民共和国行政处罚法》第三十一条、第三十二条,"截断后缀"",""",其他
《中华人民共和国行政处罚法》第三十一条规定依据,《中华人民共和国行政处罚法》第三十一条,"截断后缀""规定依据""",其他
"《中华人民共和国行政处罚法》第三十一条,",《中华人民共和国行政处罚法》第三十一条,"截断后缀"",""",其他
《中华人民共和国行政处罚法》第三十一、三十二条,《中华人民共和国行政处罚法》,"截断后缀""第三十一、三十二条""",其他
《中华人民共和国行政处罚法》第三十一条、三十二条,《中华人民共和国行政处罚法》第三十一条,"截断后缀""、三十二条""",其他
"《中华人民共和国行政处罚法》第三十七条第一款,",《中华人民共和国行政处罚法》第三十七条第一款,"截断后缀"",""",其他
《中华人民共和国行政处罚法》第三十二条第(一)项之规定处罚决定:罚款,《中华人民共和国行政处罚法》第三十二条第(一)项之规定,"截断后缀""处罚决定:罚款""",其他
《中华人民共和国行政处罚法》第三十二条第(一)项、,《中华人民共和国行政处罚法》第三十二条第(一)项,"截断后缀""、""",其他
《中华人民共和国行政处罚法》第三十二条和,《中华人民共和国行政处罚法》第三十二条,"截断后缀""和""",其他
《中华人民共和国行政处罚法》第三十二条及,《中华人民共和国行政处罚法》第三十二条,"截断后缀""及""",其他
《中华人民共和国行政处罚法》第三十二条决定减轻处罚如下:罚款,《中华人民共和国行政处罚法》第三十二条,"截断后缀""决定减轻处罚如下:罚款""",其他
《中华人民共和国行政处罚法》第三十二条、,《中华人民共和国行政处罚法》第三十二条,"截断后缀""、""",其他
《中华人民共和国行政处罚法》第三十三条、,《中华人民共和国行政处罚法》第三十三条,"截断后缀""、""",其他
《中华人民共和国行政处罚法》第二十三条、第二十七条和,《中华人民共和国行政处罚法》第二十三条、第二十七条,"截断后缀""和""",其他
《中华人民共和国行政处罚法》第二十三条、,《中华人民共和国行政处罚法》第二十三条,"截断后缀""、""",其他
"《中华人民共和国行政处罚法》第二十三条,",《中华人民共和国行政处罚法》第二十三条,"截断后缀"",""",其他
《中华人民共和国行政处罚法》第二十七条规定,《中华人民共和国行政处罚法》第二十七条,"截断后缀""规定""",其他
《中华人民共和国行政处罚法》第二十七条第三款规定,《中华人民共和国行政处罚法》第二十七条第三款,"截断后缀""规定""",其他
《中华人民共和国行政处罚法》第二十三条、第二十七条第一款第（一）项及,《中华人民共和国行政处罚法》第二十三条、第二十七条第一款第（一）项,"截断后缀""及""",其他
"《中华人民共和国行政处罚法》第二十三条、第二十七条第一款第（四）项,",《中华人民共和国行政处罚法》第二十三条、第二十七条第一款第（四）项,"截断后缀"",""",其他
《中华人民共和国行政处罚法》第二十九条、,《中华人民共和国行政处罚法》第二十九条,"截断后缀""、""",其他
《中华人民共和国行政处罚法》第二十九条“对当事人的同一个违法行为,《中华人民共和国行政处罚法》第二十九条,"截断后缀""“对当事人的同一个违法行为""",其他
《中华人民共和国行政处罚法》第二十三条规定和,《中华人民共和国行政处罚法》第二十三条,"截断后缀""规定和""",其他
《中华人民共和国行政处罚法》第二十三条规定及,《中华人民共和国行政处罚法》第二十三条,"截断后缀""规定及""",其他
《中华人民共和国行政处罚法》第二十三条的规定对你公司处罚款,《中华人民共和国行政处罚法》第二十三条的规定,"截断后缀""对你公司处罚款""",其他
《中华人民共和国行政处罚法》第二十三条的规定和,《中华人民共和国行政处罚法》第二十三条的规定,"截断后缀""和""",其他
《中华人民共和国行政处罚法》第二十三条的规定及,《中华人民共和国行政处罚法》第二十三条的规定,"截断后缀""及""",其他
《中华人民共和国行政处罚法》第二十三条的规定依据,《中华人民共和国行政处罚法》第二十三条的规定,"截断后缀""依据""",其他
《中华人民共和国行政处罚法》第二十三条和,《中华人民共和国行政处罚法》第二十三条,"截断后缀""和""",其他
《中华人民共和国行政处罚法》第二十三条及,《中华人民共和国行政处罚法》第二十三条,"截断后缀""及""",其他
《中华人民共和国行政处罚法》第二十三条之规定依据,《中华人民共和国行政处罚法》第二十三条之规定,"截断后缀""依据""",其他
《中华人民共和国行政处罚法》第二十三条、第二十七条第一款第（四）项及,《中华人民共和国行政处罚法》第二十三条、第二十七条第一款第（四）项,"截断后缀""及""",其他
《中华人民共和国行政处罚法》第二十七条第(四)项规定,《中华人民共和国行政处罚法》第二十七条第(四)项,"截断后缀""规定""",其他
《中华人民共和国行政处罚法》第二十七条第一项(适用自由裁量从轻处罚)给予罚款,《中华人民共和国行政处罚法》第二十七条第一项,"截断后缀""(适用自由裁量从轻处罚)给予罚款""",其他
《中华人民共和国行政处罚法》第二十七条第一款第(四)项、,《中华人民共和国行政处罚法》第二十七条第一款第(四)项,"截断后缀""、""",其他
《中华人民共和国行政处罚法》第二十七条第一款第(四)项:1、没收违法所得300元;2、罚款,《中华人民共和国行政处罚法》第二十七条第一款第(四)项,"截断后缀"":1、没收违法所得300元;2、罚款""",其他
《中华人民共和国行政处罚法》第二十七条第一款第(三)项及,《中华人民共和国行政处罚法》第二十七条第一款第(三)项,"截断后缀""及""",其他
《中华人民共和国行政处罚法》第二十七条第一款第(一)项关于从轻处罚的条,《中华人民共和国行政处罚法》第二十七条第一款第(一)项,"截断后缀""关于从轻处罚的条""",其他
《中华人民共和国行政处罚法》第二十七条第一款第(一)项、,《中华人民共和国行政处罚法》第二十七条第一款第(一)项,"截断后缀""、""",其他
《中华人民共和国行政处罚法》第二十七条第一款和,《中华人民共和国行政处罚法》第二十七条第一款,"截断后缀""和""",其他
《中华人民共和国行政处罚法》第二十七条第一款中关于从轻处罚的条,《中华人民共和国行政处罚法》第二十七条第一款,"截断后缀""中关于从轻处罚的条""",其他
《中华人民共和国行政处罚法》第二十七条第一款、,《中华人民共和国行政处罚法》第二十七条第一款,"截断后缀""、""",其他
《中华人民共和国行政处罚法》第二十七条第一款第(一)项关于减轻处罚的条,《中华人民共和国行政处罚法》第二十七条第一款第(一)项,"截断后缀""关于减轻处罚的条""",其他
《中华人民共和国行政处罚法》第二十七条第一款第（四）项、,《中华人民共和国行政处罚法》第二十七条第一款第（四）项,"截断后缀""、""",其他
《中华人民共和国行政处罚法》第二十七条第一款第（一）项的规定：罚款,《中华人民共和国行政处罚法》第二十七条第一款第（一）项的规定,"截断后缀""：罚款""",其他
《中华人民共和国行政处罚法》第二十七条第一款第（一）项和,《中华人民共和国行政处罚法》第二十七条第一款第（一）项,"截断后缀""和""",其他
《中华人民共和国行政处罚法》第二十七条第一款第（一）项及,《中华人民共和国行政处罚法》第二十七条第一款第（一）项,"截断后缀""及""",其他
《中华人民共和国行政处罚法》第二十七条第一款第（一）项关于减轻处罚的条,《中华人民共和国行政处罚法》第二十七条第一款第（一）项,"截断后缀""关于减轻处罚的条""",其他
《中华人民共和国行政处罚法》第二十七条第一款第（一）项关于从轻处罚的条,《中华人民共和国行政处罚法》第二十七条第一款第（一）项,"截断后缀""关于从轻处罚的条""",其他
《中华人民共和国行政处罚法》第二十七条第一款第（一）项、,《中华人民共和国行政处罚法》第二十七条第一款第（一）项,"截断后缀""、""",其他
"《中华人民共和国行政处罚法》第二十七条第一款第（一）项,",《中华人民共和国行政处罚法》第二十七条第一款第（一）项,"截断后缀"",""",其他
《中华人民共和国行政处罚法》第七十二条第一款第一项规定,《中华人民共和国行政处罚法》第七十二条第一款第一项,"截断后缀""规定""",其他
《中华人民共和国个人独资企业法》第三十六、,《中华人民共和国个人独资企业法》,"截断后缀""第三十六、""",其他
《个人独资企业法》第三十六条、,《个人独资企业法》第三十六条,"截断后缀""、""",其他
《中华人民共和国公司法》第14条、,《中华人民共和国公司法》第14条,"截断后缀""、""",其他
《中华人民共和国行政处罚法》第37条2款,《中华人民共和国行政处罚法》第37条,"截断后缀""2款""",其他
《中华人民共和国合伙企业法》第十三条、,《中华人民共和国合伙企业法》第十三条,"截断后缀""、""",其他
《中华人民共和国行政处罚法》第63号)第五十一条第(一)项规定,《中华人民共和国行政处罚法》第63号)第五十一条第(一)项,"截断后缀""规定""",其他
《中华人民共和国行政处罚法》第七十二条第一款第一项和,《中华人民共和国行政处罚法》第七十二条第一款第一项,"截断后缀""和""",其他
《中华人民共和国行政处罚法》第七十二条第一款第(一)项规定,《中华人民共和国行政处罚法》第七十二条第一款第(一)项,"截断后缀""规定""",其他
《中华人民共和国行政处罚法》第七十二条第(一)项规定:到期不缴纳罚款的,《中华人民共和国行政处罚法》第七十二条第(一)项,"截断后缀""规定:到期不缴纳罚款的""",其他
《中华人民共和国行政处罚法》第七十二条第(一)项规定,《中华人民共和国行政处罚法》第七十二条第(一)项,"截断后缀""规定""",其他
"《中华人民共和国行政处罚法》第七十二条的规定,本局可采取以下措施:(一)到期不缴纳罚款的,每日按罚款","《中华人民共和国行政处罚法》第七十二条的规定,本局可采取以下措施:(一)","截断后缀""到期不缴纳罚款的,每日按罚款""",其他
《中华人民共和国共和国公司法》第十四条第一款和,《中华人民共和国共和国公司法》第十四条第一款,"截断后缀""和""",其他
《中华人民共和国公司法》第四十九条、,《中华人民共和国公司法》第四十九条,"截断后缀""、""",其他
《中华人民共和国公司法》第十四条第一款及,《中华人民共和国公司法》第十四条第一款,"截断后缀""及""",其他
《中华人民共和国公司法》第二百一十一条、,《中华人民共和国公司法》第二百一十一条,"截断后缀""、""",其他
"《中华人民共和国公司法》第二百一十一条,",《中华人民共和国公司法》第二百一十一条,"截断后缀"",""",其他
《中华人民共和国公司法》第两百一十一条,《中华人民共和国公司法》,"截断后缀""第两百一十一条""",其他
《中华人民共和国公司法》第七条第三款和,《中华人民共和国公司法》第七条第三款,"截断后缀""和""",其他
《中华人民共和国公司法》第七条第三款及,《中华人民共和国公司法》第七条第三款,"截断后缀""及""",其他
《中华人民共和国公司法》第一百八十条第一款和,《中华人民共和国公司法》第一百八十条第一款,"截断后缀""和""",其他
《中华人民共和国公司法》第一百九十八条;,《中华人民共和国公司法》第一百九十八条,"截断后缀"";""",其他
《中华人民共和国公司法》第一百九十九条、,《中华人民共和国公司法》第一百九十九条,"截断后缀""、""",其他
《中华人民共和国公司法》第7条、,《中华人民共和国公司法》第7条,"截断后缀""、""",其他
《中华人民共和国公司法》第212条第2款及,《中华人民共和国公司法》第212条第2款,"截断后缀""及""",其他
《中华人民共和国公司法》第211条、,《中华人民共和国公司法》第211条,"截断后缀""、""",其他
《中华人民共和国公司法》第二百一十一条、第一款、,《中华人民共和国公司法》第二百一十一条、第一款,"截断后缀""、""",其他
《中华人民共和国行政处罚法》第二十八条、,《中华人民共和国行政处罚法》第二十八条,"截断后缀""、""",其他
《中华人民共和国公司法》第二百一十一条以及,《中华人民共和国公司法》第二百一十一条,"截断后缀""以及""",其他
《中华人民共和国公司法》第二百一十一条和,《中华人民共和国公司法》第二百一十一条,"截断后缀""和""",其他
《中华人民共和国公司法》第十四条第一款、,《中华人民共和国公司法》第十四条第一款,"截断后缀""、""",其他
《中华人民共和国公司法》第十四条和,《中华人民共和国公司法》第十四条,"截断后缀""和""",其他
《中华人民共和国公司法》第十四条及,《中华人民共和国公司法》第十四条,"截断后缀""及""",其他
《中华人民共和国公司法》第十二条和,《中华人民共和国公司法》第十二条,"截断后缀""和""",其他
《中华人民共和国公司法》第十二条、,《中华人民共和国公司法》第十二条,"截断后缀""、""",其他
《中华人民共和国公司法》第二百一十二条和,《中华人民共和国公司法》第二百一十二条,"截断后缀""和""",其他
《中华人民共和国公司法》第二百一十二条以及,《中华人民共和国公司法》第二百一十二条,"截断后缀""以及""",其他
《中华人民共和国公司法》第二百一十一第一款及,《中华人民共和国公司法》第二百一十一第一款,"截断后缀""及""",其他
《中华人民共和国公司法》第二百一十一条规定、,《中华人民共和国公司法》第二百一十一条,"截断后缀""规定、""",其他
《中华人民共和国公司法》第二百一十一条第二款、,《中华人民共和国公司法》第二百一十一条第二款,"截断后缀""、""",其他
《中华人民共和国公司法》第二百一十一条第一款和,《中华人民共和国公司法》第二百一十一条第一款,"截断后缀""和""",其他
《中华人民共和国公司法》第二百一十一条第一款以及,《中华人民共和国公司法》第二百一十一条第一款,"截断后缀""以及""",其他
《中华人民共和国公司法》第二百一十一条第一款、,《中华人民共和国公司法》第二百一十一条第一款,"截断后缀""、""",其他
《中华人民共和国公司法》第二百一十一条及,《中华人民共和国公司法》第二百一十一条,"截断后缀""及""",其他
《公司法》第二百一十一条和,《公司法》第二百一十一条,"截断后缀""和""",其他
《中华人民共和国行政处罚法》第二十八条、依据,《中华人民共和国行政处罚法》第二十八条,"截断后缀""、依据""",其他
《中华人民共和国行政处罚法》第二十八条、第五十一条和,《中华人民共和国行政处罚法》第二十八条、第五十一条,"截断后缀""和""",其他
《乌鲁木齐市城市管理行政综合执法条》第四条和,《乌鲁木齐市城市管理行政综合执法条》第四条,"截断后缀""和""",其他
《中华人民共和行政处罚法》第二十三条、,《中华人民共和行政处罚法》第二十三条,"截断后缀""、""",其他
《临沂市城市管理局行政处罚裁量基准》第LY20-30373CF条,《临沂市城市管理局行政处罚裁量基准》,"截断后缀""第LY20-30373CF条""",其他
《公司法》第二百一十一条、,《公司法》第二百一十一条,"截断后缀""、""",其他
《公司法》第二百一事一条,《公司法》,"截断后缀""第二百一事一条""",其他
《公司法》第七条、,《公司法》第七条,"截断后缀""、""",其他
《公共场所管理条例细则》第十五条、,《公共场所管理条例细则》第十五条,"截断后缀""、""",其他
《中华人民共和国邮政法》第七十五条第一款和,《中华人民共和国邮政法》第七十五条第一款,"截断后缀""和""",其他
《中华人民共和国行行政处罚决定书政复议法》第九条、第十二条、,《中华人民共和国行行政处罚决定书政复议法》第九条、第十二条,"截断后缀""、""",其他
《中华人民共和国行政处罚法》第五十一条第（一）“到期不缴纳罚款,《中华人民共和国行政处罚法》第五十一条第（一）,"截断后缀""“到期不缴纳罚款""",其他
《中华人民共和国行政处罚法》第五十一条第一项规定,《中华人民共和国行政处罚法》第五十一条第一项,"截断后缀""规定""",其他
《中华人民共和国行政处罚法》第五十一条第一款第(一)项“到期不缴纳罚款,《中华人民共和国行政处罚法》第五十一条第一款第(一)项,"截断后缀""“到期不缴纳罚款""",其他
《中华人民共和国行政处罚法》第五十四条第一款和,《中华人民共和国行政处罚法》第五十四条第一款,"截断后缀""和""",其他
《中华人民共和国行政处罚法》第五十七条第一款第（一）项及,《中华人民共和国行政处罚法》第五十七条第一款第（一）项,"截断后缀""及""",其他
《中华人民共和国行政处罚法》第五十七条、,《中华人民共和国行政处罚法》第五十七条,"截断后缀""、""",其他
《中华人民共和国行政处罚法》第五十一条第（一）项、,《中华人民共和国行政处罚法》第五十一条第（一）项,"截断后缀""、""",其他
《中华人民共和国行政处罚法》第五十一条第（一）项“到期不缴纳罚款,《中华人民共和国行政处罚法》第五十一条第（一）项,"截断后缀""“到期不缴纳罚款""",其他
"《中华人民共和国行政处罚法》第五十一条第（一）项,",《中华人民共和国行政处罚法》第五十一条第（一）项,"截断后缀"",""",其他
"《中华人民共和国行政处罚法》第五十一条第（一）项""到期不缴纳罚款",《中华人民共和国行政处罚法》第五十一条第（一）项,"截断后缀""""到期不缴纳罚款""",其他
《中华人民共和国行政处罚法》第二十四条、,《中华人民共和国行政处罚法》第二十四条,"截断后缀""、""",其他
《中华人民共和国行政处罚法》第二十八条第二款、,《中华人民共和国行政处罚法》第二十八条第二款,"截断后缀""、""",其他
"《中华人民共和国行政处罚法》第二十八条第二款,",《中华人民共和国行政处罚法》第二十八条第二款,"截断后缀"",""",其他
《中华人民共和国行政处罚法》第二十八条第一款和,《中华人民共和国行政处罚法》第二十八条第一款,"截断后缀""和""",其他
《中华人民共和国行政处罚法》第二十八条第一款、,《中华人民共和国行政处罚法》第二十八条第一款,"截断后缀""、""",其他
《中华人民共和国行政处罚法》第二十八条和,《中华人民共和国行政处罚法》第二十八条,"截断后缀""和""",其他
《中华人民共和国行政处罚法》第二十八条及,《中华人民共和国行政处罚法》第二十八条,"截断后缀""及""",其他
《中华人民共和国行政处罚法》第二十八条第一款及,《中华人民共和国行政处罚法》第二十八条第一款,"截断后缀""及""",其他
《中华人民共和国行政处罚法》第二十条、,《中华人民共和国行政处罚法》第二十条,"截断后缀""、""",其他
《中华人民共和国行政处罚法》第五十一条第(一)项规定,《中华人民共和国行政处罚法》第五十一条第(一)项,"截断后缀""规定""",其他
《中华人民共和国行政处罚法》第五十一条第(一)项的规定每日按罚款,《中华人民共和国行政处罚法》第五十一条第(一)项的规定,"截断后缀""每日按罚款""",其他
《中华人民共和国行政处罚法》第五十一条第(一)项和,《中华人民共和国行政处罚法》第五十一条第(一)项,"截断后缀""和""",其他
《中华人民共和国行政处罚法》第五十一条第(一)项、,《中华人民共和国行政处罚法》第五十一条第(一)项,"截断后缀""、""",其他
《中华人民共和国行政处罚法》第五十一条和,《中华人民共和国行政处罚法》第五十一条,"截断后缀""和""",其他
《中华人民共和国行政处罚法》第五十一条之规定采取下列措施：（一）到期不缴纳罚款,《中华人民共和国行政处罚法》第五十一条之规定采取下列措施：（一）,"截断后缀""到期不缴纳罚款""",其他
《中华人民共和国行政处罚法》第五十一条、,《中华人民共和国行政处罚法》第五十一条,"截断后缀""、""",其他
《中华人民共和国行政处罚法》第五十一条第㈠项,《中华人民共和国行政处罚法》第五十一条,"截断后缀""第㈠项""",其他
《中华人民共和国行政处罚法》第五条、第六条、,《中华人民共和国行政处罚法》第五条、第六条,"截断后缀""、""",其他
《中华人民共和国行政复议法》第九条第一款和,《中华人民共和国行政复议法》第九条第一款,"截断后缀""和""",其他
《中华人民共和国行政复议法》第九条第一款、第十二条第一款及,《中华人民共和国行政复议法》第九条第一款、第十二条第一款,"截断后缀""及""",其他
《中华人民共和国行政处罚法》第四章第二十四条对当事人的同一个违法行为,《中华人民共和国行政处罚法》第四章第二十四条,"截断后缀""对当事人的同一个违法行为""",其他
《中华人民共和国行政处罚罚》第七十二条第一款第一项规定,《中华人民共和国行政处罚罚》第七十二条第一款第一项,"截断后缀""规定""",其他
《中华人民共和国行政许可法》第八十一条和,《中华人民共和国行政许可法》第八十一条,"截断后缀""和""",其他
"《中华人民共和国行政强制法》第四十五条第二款之规定,每日按罚款",《中华人民共和国行政强制法》第四十五条第二款之规定,"截断后缀"",每日按罚款""",其他
《中华人民共和国行政强制法》第四十五条第一、二款,《中华人民共和国行政强制法》第四十五条,"截断后缀""第一、二款""",其他
"《中华人民共和国行政处罚法》第六十七条,",《中华人民共和国行政处罚法》第六十七条,"截断后缀"",""",其他
《中华人民共和国行政处罚法》第八条：“行政处罚种类：（二）罚款,《中华人民共和国行政处罚法》第八条：“行政处罚种类：（二）,"截断后缀""罚款""",其他
《中华人民共和国行政处罚法》第八条第二款和,《中华人民共和国行政处罚法》第八条第二款,"截断后缀""和""",其他
《中华人民共和国行政处罚法》第八条、,《中华人民共和国行政处罚法》第八条,"截断后缀""、""",其他
《中华人民共和国行政处罚法》第八条“行政处罚的种类:(二)罚款,《中华人民共和国行政处罚法》第八条“行政处罚的种类:(二),"截断后缀""罚款""",其他
《中华人民共和国行政处罚法》第五条第二款、第六条和,《中华人民共和国行政处罚法》第五条第二款、第六条,"截断后缀""和""",其他
"《中华人民共和国行政处罚法》第五条第二款,",《中华人民共和国行政处罚法》第五条第二款,"截断后缀"",""",其他
《中华人民共和国行政处罚法》第四十四条、第四十五条以及,《中华人民共和国行政处罚法》第四十四条、第四十五条,"截断后缀""以及""",其他
"《中华人民共和国行政处罚法》第四十四条、第四十五条,",《中华人民共和国行政处罚法》第四十四条、第四十五条,"截断后缀"",""",其他
《中华人民共和国行政处罚法》第十五条、,《中华人民共和国行政处罚法》第十五条,"截断后缀""、""",其他
《中华人民共和国行政处罚法》第十三条和,《中华人民共和国行政处罚法》第十三条,"截断后缀""和""",其他
《中华人民共和国行政处罚法》第六条、第三十二条第一项、,《中华人民共和国行政处罚法》第六条、第三十二条第一项,"截断后缀""、""",其他
《询问笔录》第一项罚款玖仟元(￥9000)、第二项罚款玖仟元(￥9000),《询问笔录》第一项罚款玖仟元(￥9000)、第二项,"截断后缀""罚款玖仟元(￥9000)""",其他
"《行政处罚法》第二十七条的规定,我局决定对你公司作出罚款",《行政处罚法》第二十七条的规定,"截断后缀"",我局决定对你公司作出罚款""",其他
《行政处罚法》第二十七条及,《行政处罚法》第二十七条,"截断后缀""及""",其他
《行政处罚法》第二十七条、,《行政处罚法》第二十七条,"截断后缀""、""",其他
"《行政处罚法》第二十七条,",《行政处罚法》第二十七条,"截断后缀"",""",其他
《行政处罚法》第二十七条第一款第(一)项、,《行政处罚法》第二十七条第一款第(一)项,"截断后缀""、""",其他
《行政处罚法》第五十一条第（一）项和,《行政处罚法》第五十一条第（一）项,"截断后缀""和""",其他
《行政处罚法》第五十一条的相关规定采取下列措施：（一）到期不缴纳罚款,《行政处罚法》第五十一条的相关规定采取下列措施：（一）,"截断后缀""到期不缴纳罚款""",其他
《行政处罚法》第二十三条和,《行政处罚法》第二十三条,"截断后缀""和""",其他
"《行政处罚法》第二十三条,",《行政处罚法》第二十三条,"截断后缀"",""",其他
《行政处罚法》第二十七条第一项、,《行政处罚法》第二十七条第一项,"截断后缀""、""",其他
《行政处罚法》第二十七条第一款第（一）项、第（三）项及,《行政处罚法》第二十七条第一款第（一）项、第（三）项,"截断后缀""及""",其他
《行政处罚法》第27条及,《行政处罚法》第27条,"截断后缀""及""",其他
《陕西省发展和改革委员会文件》第73次专项,《陕西省发展和改革委员会文件》,"截断后缀""第73次专项""",其他
《长春市城市管理相对集中行政处罚权暂行规定》第六条、第十一条和,《长春市城市管理相对集中行政处罚权暂行规定》第六条、第十一条,"截断后缀""和""",其他
《中华人民共和国行政处罚法》第三十二条第（一）项之规定决定给予警告并处罚款,《中华人民共和国行政处罚法》第三十二条第（一）项之规定,"截断后缀""决定给予警告并处罚款""",其他
依据该《法》第八十四条,该《法》第八十四条,"去除前缀""依据""",其他
依据该《法》第八十五条,该《法》第八十五条,"去除前缀""依据""",其他
依据《宣城市城市管理条例》第六十二条第三款,《宣城市城市管理条例》第六十二条第三款,"去除前缀""依据""",其他
依据《中华人民共和国行政处罚法》第五十七条(一)项,《中华人民共和国行政处罚法》第五十七条(一)项,"去除前缀""依据""",其他
《行政处罚法》第三十三条所规定的可以不予行政处罚的条,《行政处罚法》第三十三条,"截断后缀""所规定的可以不予行政处罚的条""",其他
《中华人民共和国认证认可条例》第六十七条、,《中华人民共和国认证认可条例》第六十七条,"截断后缀""、""",其他
依据《中华人民共和国行政处罚法》第二十八条第一款,《中华人民共和国行政处罚法》第二十八条第一款,"去除前缀""依据""",其他
依据《中华人民共和国行政处罚法》第二十八条,《中华人民共和国行政处罚法》第二十八条,"去除前缀""依据""",其他
依据《中华人民共和国行政处罚法》第二十三条,《中华人民共和国行政处罚法》第二十三条,"去除前缀""依据""",其他
依据《中华人民共和国行政处罚法》第三十二条,《中华人民共和国行政处罚法》第三十二条,"去除前缀""依据""",其他
依据《中华人民共和国行政处罚法》第三十三条第二款,《中华人民共和国行政处罚法》第三十三条第二款,"去除前缀""依据""",其他
依据《中华人民共和国行政处罚法》第三十三条,《中华人民共和国行政处罚法》第三十三条,"去除前缀""依据""",其他
依据《中华人民共和国行政处罚法》第三十一条,《中华人民共和国行政处罚法》第三十一条,"去除前缀""依据""",其他
依据《中华人民共和国行政处罚法》五十七条第二项,《中华人民共和国行政处罚法》五十七条第二项,"去除前缀""依据""",其他
依据《中华人民共和国处罚法》第二十八条,《中华人民共和国处罚法》第二十八条,"去除前缀""依据""",其他
《金华市婺城区行政执法处罚自由裁量权细化标准》第【处罚-04901-000】项,《金华市婺城区行政执法处罚自由裁量权细化标准》,"截断后缀""第【处罚-04901-000】项""",其他
"《条 例》第四十一条""经营者违反本",《条 例》第四十一条,"截断后缀""""经营者违反本""",其他
《湖北省市场监督管理行政处罚裁量规则》第十八条:“对违法行为给予罚款处罚,《湖北省市场监督管理行政处罚裁量规则》第十八条,"截断后缀"":“对违法行为给予罚款处罚""",其他
"《条例》第三条,",《条例》第三条,"截断后缀"",""",其他
《汽车品牌销售管理实施办法》第三十七条第二款和,《汽车品牌销售管理实施办法》第三十七条第二款,"截断后缀""和""",其他
《检测报告》第072812号)显示,《检测报告》第072812号,"截断后缀"")显示""",其他
《浙江省公安机关行政处罚裁量基准》第四百六十六条第三阶次,《浙江省公安机关行政处罚裁量基准》第四百六十六条,"截断后缀""第三阶次""",其他
"《浙江省行政程序办法》第五十二条,",《浙江省行政程序办法》第五十二条,"截断后缀"",""",其他
《接受调查处理通书（滨综执接调字[2020]第0022469号）,《接受调查处理通书（滨综执接调字[2020]第0022469号,"截断后缀""）""",其他
《福建省实施办法》第四条第三款、,《福建省实施办法》第四条第三款,"截断后缀""、""",其他
《中华人民共和国农业法》第二十五条第三款和,《中华人民共和国农业法》第二十五条第三款,"截断后缀""和""",农业
《兽药管理条例》第二十二条第二款和农业农村部,《兽药管理条例》第二十二条第二款,"截断后缀""和农业农村部""",农业
依据依据《中华人民共和国种子法》第七十九条第二项,依据《中华人民共和国种子法》第七十九条第二项,"去除前缀""依据""",农业
依据《中华人民共和国种子法》第七十九条第二项,《中华人民共和国种子法》第七十九条第二项,"去除前缀""依据""",农业
《安徽省工资支付规定》第三十九条第一项规定,《安徽省工资支付规定》第三十九条第一项,"截断后缀""规定""",劳动保障
根据《浙江省劳动保障监察条例》第三十六条,《浙江省劳动保障监察条例》第三十六条,"去除前缀""根据""",劳动保障
依据《浙江省劳动保障监察条例》第三十六条第一款第（三）项,《浙江省劳动保障监察条例》第三十六条第一款第（三）项,"去除前缀""依据""",劳动保障
依照《劳动保障监察条例》第二十五条,《劳动保障监察条例》第二十五条,"去除前缀""依照""",劳动保障
根据《劳动保障监察条例》第三十条第一款第(二)、(三)项,《劳动保障监察条例》第三十条第一款第(二)、(三)项,"去除前缀""根据""",劳动保障
根据《劳动保障监察条例》第三十条第一款第三项,《劳动保障监察条例》第三十条第一款第三项,"去除前缀""根据""",劳动保障
根据《劳动保障监察条例》第三十条第一款第（二）、（三）项,《劳动保障监察条例》第三十条第一款第（二）、（三）项,"去除前缀""根据""",劳动保障
根据《劳动保障监察条例》第三十条第三项,《劳动保障监察条例》第三十条第三项,"去除前缀""根据""",劳动保障
根据《劳动保障监察条例》第三十条第三项的规定,《劳动保障监察条例》第三十条第三项的规定,"去除前缀""根据""",劳动保障
根据《劳动保障监察条例》第二十五条,《劳动保障监察条例》第二十五条,"去除前缀""根据""",劳动保障
根据《劳动保障监条例》第三十条第一款第(三)项,《劳动保障监条例》第三十条第一款第(三)项,"去除前缀""根据""",劳动保障
《劳动保障监察条例》第三十条第一款第（三）项规定,《劳动保障监察条例》第三十条第一款第（三）项,"截断后缀""规定""",劳动保障
《劳动保障监察条例》第三十条第三项、,《劳动保障监察条例》第三十条第三项,"截断后缀""、""",劳动保障
《劳动保障监察条例》第三十条第（三)项规定,《劳动保障监察条例》第三十条第（三)项,"截断后缀""规定""",劳动保障
《劳动保障监察条例》第二十三条第(八)项处理建议:依据,《劳动保障监察条例》第二十三条第(八)项,"截断后缀""处理建议:依据""",劳动保障
"《劳动保障监察条例》第二十五条,",《劳动保障监察条例》第二十五条,"截断后缀"",""",劳动保障
《劳动保障监察条例》第二十五条规定,《劳动保障监察条例》第二十五条,"截断后缀""规定""",劳动保障
《劳动保障监察条例》第三十条第一款第三项规定,《劳动保障监察条例》第三十条第一款第三项,"截断后缀""规定""",劳动保障
《劳动保障监察条例》第三十条第一款第三项决定给予罚款,《劳动保障监察条例》第三十条第一款第三项,"截断后缀""决定给予罚款""",劳动保障
"《劳动保障监察条例》第三十条第(三)款,",《劳动保障监察条例》第三十条第(三)款,"截断后缀"",""",劳动保障
《劳动保障监察条例》第三十条第(三)项、,《劳动保障监察条例》第三十条第(三)项,"截断后缀""、""",劳动保障
《劳动保障监察条例》第三十条第(三)项的规定决定予以罚款,《劳动保障监察条例》第三十条第(三)项的规定,"截断后缀""决定予以罚款""",劳动保障
《劳动保障监察条例》第三十条第(三)项规定,《劳动保障监察条例》第三十条第(三)项,"截断后缀""规定""",劳动保障
《劳动保障监察条例》第三十条第(三)项规定处2000元以上2万元以下的罚款,《劳动保障监察条例》第三十条第(三)项,"截断后缀""规定处2000元以上2万元以下的罚款""",劳动保障
《劳动保障监察条例》第三十条第一款(三)项的规定对你公司作出如下行政处罚:罚款,《劳动保障监察条例》第三十条第一款(三)项的规定,"截断后缀""对你公司作出如下行政处罚:罚款""",劳动保障
《劳动保障监察条例》第三十条第一款(三)项规定处2000元以上2万元以下的罚款,《劳动保障监察条例》第三十条第一款(三)项,"截断后缀""规定处2000元以上2万元以下的罚款""",劳动保障
《劳动保障监察条例》第三十条第一款第(三)项规定,《劳动保障监察条例》第三十条第一款第(三)项,"截断后缀""规定""",劳动保障
《劳动保障监察调查(询问)通知书》第124号)的要求提供资料的行为罚款,《劳动保障监察调查(询问)通知书》第124号,"截断后缀"")的要求提供资料的行为罚款""",劳动保障
《劳动保障监察调查(询问)通知书》第132号)的要求提供资料的行为罚款,《劳动保障监察调查(询问)通知书》第132号,"截断后缀"")的要求提供资料的行为罚款""",劳动保障
《劳动保障监察调查(询问)通知书》第186号)的要求提供资料的行为罚款,《劳动保障监察调查(询问)通知书》第186号,"截断后缀"")的要求提供资料的行为罚款""",劳动保障
《劳动保障监条例》第三十条第一款第(三)项规定,《劳动保障监条例》第三十条第一款第(三)项,"截断后缀""规定""",劳动保障
《劳动保障监察条例》第六条、,《劳动保障监察条例》第六条,"截断后缀""、""",劳动保障
《劳动保障监察条例》第六条及第三十条第一款第三项规定,《劳动保障监察条例》第六条及第三十条第一款第三项,"截断后缀""规定""",劳动保障
《劳动保障监察条例》第六条和,《劳动保障监察条例》第六条,"截断后缀""和""",劳动保障
《劳动保障监察条例》第六条根据,《劳动保障监察条例》第六条,"截断后缀""根据""",劳动保障
《劳动保障监察条例》第六条规定,《劳动保障监察条例》第六条,"截断后缀""规定""",劳动保障
《劳动保障监察条例》第十八条、,《劳动保障监察条例》第十八条,"截断后缀""、""",劳动保障
"《劳动保障监察条例》第十八条第一款,",《劳动保障监察条例》第十八条第一款,"截断后缀"",""",劳动保障
《劳动保障监察条例》第十四条、,《劳动保障监察条例》第十四条,"截断后缀""、""",劳动保障
《劳动保障监察条例》第十四条和,《劳动保障监察条例》第十四条,"截断后缀""和""",劳动保障
《劳动保障监察条例》第十四条第二款、,《劳动保障监察条例》第十四条第二款,"截断后缀""、""",劳动保障
"《保障农民工工资支付条例》第724号)第二十六条,",《保障农民工工资支付条例》第724号)第二十六条,"截断后缀"",""",劳动保障
《保障农民工工资支付条例》第724号)第二十四条、二十九条,《保障农民工工资支付条例》第724号)第二十四条,"截断后缀""、二十九条""",劳动保障
"《保障农民工工资支付条例》第三十二条,",《保障农民工工资支付条例》第三十二条,"截断后缀"",""",劳动保障
《保障农民工工资支付条例》第三十二条、第五十五条处罚决定:罚款,《保障农民工工资支付条例》第三十二条、第五十五条,"截断后缀""处罚决定:罚款""",劳动保障
《保障农民工工资支付条例》第三条、第三十条、,《保障农民工工资支付条例》第三条、第三十条,"截断后缀""、""",劳动保障
《广东省工资支付条例》第四十三条第二款、,《广东省工资支付条例》第四十三条第二款,"截断后缀""、""",劳动保障
《浙江省劳动保障监察条例》第二十三条的立案条,《浙江省劳动保障监察条例》第二十三条,"截断后缀""的立案条""",劳动保障
《棉花加工资格认定和市场管理暂行办法》第五条、第十五条和,《棉花加工资格认定和市场管理暂行办法》第五条、第十五条,"截断后缀""和""",劳动保障
《棉花加工资格认定和市场管理暂行办法》第十五条、,《棉花加工资格认定和市场管理暂行办法》第十五条,"截断后缀""、""",劳动保障
依据《劳动保障监察条例》第三十条,《劳动保障监察条例》第三十条,"去除前缀""依据""",劳动保障
依据《劳动保障监察条例》第三十条第一款第(三)项,《劳动保障监察条例》第三十条第一款第(三)项,"去除前缀""依据""",劳动保障
依据《劳动保障监察条例》第三十条第一款第三项,《劳动保障监察条例》第三十条第一款第三项,"去除前缀""依据""",劳动保障
依据《劳动保障监察条例》第二十五条,《劳动保障监察条例》第二十五条,"去除前缀""依据""",劳动保障
《劳动保障监察条例》第30条和,《劳动保障监察条例》第30条,"截断后缀""和""",劳动保障
《保障农民工工资支付条例》第五十五、五十六条,《保障农民工工资支付条例》,"截断后缀""第五十五、五十六条""",劳动保障
《浙江省企业工资支付管理办法》第三十五条处理建议:罚款,《浙江省企业工资支付管理办法》第三十五条,"截断后缀""处理建议:罚款""",劳动保障
《劳动保障监察条例》第三十条第一款第（二）项、,《劳动保障监察条例》第三十条第一款第（二）项,"截断后缀""、""",劳动保障
《劳动保障监察条例》第三十条第一款第(三)项给予下列处罚:罚款,《劳动保障监察条例》第三十条第一款第(三)项,"截断后缀""给予下列处罚:罚款""",劳动保障
"《劳动保障监察条例》第三十条第(三)项规定,决定给予你单位罚款",《劳动保障监察条例》第三十条第(三)项,"截断后缀""规定,决定给予你单位罚款""",劳动保障
《劳动保障监察条例》第三十条第(三)项规定处2000元以上2万元以下的罚款,《劳动保障监察条例》第三十条第(三)项,"截断后缀""规定处2000元以上2万元以下的罚款""",劳动保障
《东莞市人力资源和社会保障局行政处罚自由裁量细化标准》第**项,《东莞市人力资源和社会保障局行政处罚自由裁量细化标准》,"截断后缀""第**项""",劳动保障/用工
《东莞市人力资源和社会保障局行政处罚自由裁量细化标准》第77项(违法程度:一般),《东莞市人力资源和社会保障局行政处罚自由裁量细化标准》第77项,"截断后缀""(违法程度:一般)""",劳动保障/用工
"《浙江省实施〈禁止使用童工规定〉办法》第十四条“第一款,",《浙江省实施〈禁止使用童工规定〉办法》第十四条“第一款,"截断后缀"",""",劳动保障/用工
依据《中华人民共和国职业病防治法》第七十条第(四)项,《中华人民共和国职业病防治法》第七十条第(四)项,"去除前缀""依据""",劳动保障/用工
依据《中华人民共和国职业病防治法》第七十五条第(七)项,《中华人民共和国职业病防治法》第七十五条第(七)项,"去除前缀""依据""",劳动保障/用工
依据《中华人民共和国职业病防治法》第七十二条第四项,《中华人民共和国职业病防治法》第七十二条第四项,"去除前缀""依据""",劳动保障/用工
《中华人民共务职业病防治法》第二十六、三十三、三十四、三十五、三十六条,《中华人民共务职业病防治法》,"截断后缀""第二十六、三十三、三十四、三十五、三十六...""",劳动保障/用工
根据《禁止使用童工规定》第六条第一款,《禁止使用童工规定》第六条第一款,"去除前缀""根据""",劳动保障/用工
《禁止使用童工规定》第六条第一款规定,《禁止使用童工规定》第六条第一款,"截断后缀""规定""",劳动保障/用工
《禁止使用童工规定》第二条第一款规定,《禁止使用童工规定》第二条第一款,"截断后缀""规定""",劳动保障/用工
依据《中华人民共和国职业病防治法》第七十二条第(二)项,《中华人民共和国职业病防治法》第七十二条第(二)项,"去除前缀""依据""",劳动保障/用工
依据《中华人民共和国职业病防治法》第七十一条,《中华人民共和国职业病防治法》第七十一条,"去除前缀""依据""",劳动保障/用工
《中华人民共和国职业病防治法》第十五条第一项、,《中华人民共和国职业病防治法》第十五条第一项,"截断后缀""、""",劳动保障/用工
"《中华人民共和国职业病防治法》第十五条第(一)项、第二十四条第二款、第二十六条第二款,",《中华人民共和国职业病防治法》第十五条第(一)项、第二十四条第二款、第二十六条第二款,"截断后缀"",""",劳动保障/用工
《中华人民共和国职业病防治法》第十五条第(一)项、,《中华人民共和国职业病防治法》第十五条第(一)项,"截断后缀""、""",劳动保障/用工
《中华人民共和国职业病防治法》第十五条第(一)项;,《中华人民共和国职业病防治法》第十五条第(一)项,"截断后缀"";""",劳动保障/用工
《中华人民共和国职业病防治法》第十五条第（一）项、,《中华人民共和国职业病防治法》第十五条第（一）项,"截断后缀""、""",劳动保障/用工
《中华人民共和国职业病防治法》第五十五条第二款、,《中华人民共和国职业病防治法》第五十五条第二款,"截断后缀""、""",劳动保障/用工
依据《中华人民共和国职业病防治》第七十一条第四项,《中华人民共和国职业病防治》第七十一条第四项,"去除前缀""依据""",劳动保障/用工
《中华人民共和国职业病防治法》第十五条第（一）项、第二十六条第二款、第三十五条第一、二款,《中华人民共和国职业病防治法》第十五条第（一）项、第二十六条第二款、第三十五条,"截断后缀""第一、二款""",劳动保障/用工
《中华人民共和国职业病防治法》第十五条第（三）项、,《中华人民共和国职业病防治法》第十五条第（三）项,"截断后缀""、""",劳动保障/用工
依据《中华人名共和国职业病防治法》第七十二条第(四)项,《中华人名共和国职业病防治法》第七十二条第(四)项,"去除前缀""依据""",劳动保障/用工
依据《中华人名共和国职业病防治法》第七十二条第(八)项,《中华人名共和国职业病防治法》第七十二条第(八)项,"去除前缀""依据""",劳动保障/用工
《中华人民共和国职业病防治法》第十五条第（一）项及,《中华人民共和国职业病防治法》第十五条第（一）项,"截断后缀""及""",劳动保障/用工
《中华人民共和国职业病防治法》第十八条第一款“建设项目的职业病防护设施所需费用应当纳入建设项,《中华人民共和国职业病防治法》第十八条第一款,"截断后缀""“建设项目的职业病防护设施所需费用应当纳...""",劳动保障/用工
《职业病防治法》第七十一条第二项、,《职业病防治法》第七十一条第二项,"截断后缀""、""",劳动保障/用工
《职业病防治法》第七十条和,《职业病防治法》第七十条,"截断后缀""和""",劳动保障/用工
根据《中华人民共和国职业病防治法》第七十条第(四)项,《中华人民共和国职业病防治法》第七十条第(四)项,"去除前缀""根据""",劳动保障/用工
《职业病防治法》第十六条第一款、第二款“国家建立职业病危害项,《职业病防治法》第十六条第一款、第二款,"截断后缀""“国家建立职业病危害项""",劳动保障/用工
依据《职业病防治法》第七十二条第(四)项,《职业病防治法》第七十二条第(四)项,"去除前缀""依据""",劳动保障/用工
依据《职业病防治法》第七十一条第(四)项,《职业病防治法》第七十一条第(四)项,"去除前缀""依据""",劳动保障/用工
《中华人民共和国职业病防治法》第七十二条第（六）项、,《中华人民共和国职业病防治法》第七十二条第（六）项,"截断后缀""、""",劳动保障/用工
《中华人民共和国职业病防治法》第七十二条第（一）项、,《中华人民共和国职业病防治法》第七十二条第（一）项,"截断后缀""、""",劳动保障/用工
《中华人民共和国职业病防治法》第七十二条第﹝四﹞项,《中华人民共和国职业病防治法》第七十二条,"截断后缀""第﹝四﹞项""",劳动保障/用工
"《中华人民共和国职业病防治法》第七十二条第四项,",《中华人民共和国职业病防治法》第七十二条第四项,"截断后缀"",""",劳动保障/用工
《中华人民共和国职业病防治法》第七十二条第六项、,《中华人民共和国职业病防治法》第七十二条第六项,"截断后缀""、""",劳动保障/用工
《中华人民共和国职业病防治法》第七十二条第八项;,《中华人民共和国职业病防治法》第七十二条第八项,"截断后缀"";""",劳动保障/用工
《中华人民共和国职业病防治法》第七十二条第(四)项、,《中华人民共和国职业病防治法》第七十二条第(四)项,"截断后缀""、""",劳动保障/用工
《中华人民共和国职业病防治法》第七十二条第（四）项、,《中华人民共和国职业病防治法》第七十二条第（四）项,"截断后缀""、""",劳动保障/用工
《中华人民共和国职业病防治法》第七十四条处罚的履行方式和期限:罚款,《中华人民共和国职业病防治法》第七十四条,"截断后缀""处罚的履行方式和期限:罚款""",劳动保障/用工
《中华人民共和国职业病防治法》第七十四条和,《中华人民共和国职业病防治法》第七十四条,"截断后缀""和""",劳动保障/用工
《中华人民共和国职业病防治法》第七十五条第（七）项、,《中华人民共和国职业病防治法》第七十五条第（七）项,"截断后缀""、""",劳动保障/用工
"《中华人民共和国职业病防治法》第七十五条第(七)项之规定,处人民币六万元的罚款",《中华人民共和国职业病防治法》第七十五条第(七)项之规定,"截断后缀"",处人民币六万元的罚款""",劳动保障/用工
《中华人民共和国职业病防治法》第七十五条第(七)项;,《中华人民共和国职业病防治法》第七十五条第(七)项,"截断后缀"";""",劳动保障/用工
《中华人民共和国职业病防治法》第七十一条第(四)项、,《中华人民共和国职业病防治法》第七十一条第(四)项,"截断后缀""、""",劳动保障/用工
《中华人民共和国职业病防治法》第七十一条第(三)项;,《中华人民共和国职业病防治法》第七十一条第(三)项,"截断后缀"";""",劳动保障/用工
"《中华人民共和国职业病防治法》第七十一条第(三)、(四)项,",《中华人民共和国职业病防治法》第七十一条第(三)、(四)项,"截断后缀"",""",劳动保障/用工
《中华人民共和国职业病防治法》第七十一条第(一)项、,《中华人民共和国职业病防治法》第七十一条第(一)项,"截断后缀""、""",劳动保障/用工
《中华人民共和国职业病防治法》第一十六条第二款、,《中华人民共和国职业病防治法》第一十六条第二款,"截断后缀""、""",劳动保障/用工
"《中华人民共和国职业病防治法》第七十二条第(一)、(四)、(八)项,",《中华人民共和国职业病防治法》第七十二条第(一)、(四)、(八)项,"截断后缀"",""",劳动保障/用工
《中华人民共和国职业病防治法》第七十二、七十一、二十六条,《中华人民共和国职业病防治法》,"截断后缀""第七十二、七十一、二十六条""",劳动保障/用工
《中华人民共和国职业病防治法》第七十七条;,《中华人民共和国职业病防治法》第七十七条,"截断后缀"";""",劳动保障/用工
《中华人民共和国职业病防治法》第七十一条第﹝四﹞项,《中华人民共和国职业病防治法》第七十一条,"截断后缀""第﹝四﹞项""",劳动保障/用工
《中华人民共和国职业病防治法》第七十一条第﹝一﹞项,《中华人民共和国职业病防治法》第七十一条,"截断后缀""第﹝一﹞项""",劳动保障/用工
《中华人民共和国职业病防治法》第七十一条第四项项,《中华人民共和国职业病防治法》第七十一条第四项,"截断后缀""项""",劳动保障/用工
《中华人民共和国职业病防治法》第七十一条第四项的规定决定予以该单位警告并罚款,《中华人民共和国职业病防治法》第七十一条第四项的规定,"截断后缀""决定予以该单位警告并罚款""",劳动保障/用工
《中华人民共和国职业病防治法》第七十条第(三)项、,《中华人民共和国职业病防治法》第七十条第(三)项,"截断后缀""、""",劳动保障/用工
《中华人民共和国职业病防治法》第二十二条和,《中华人民共和国职业病防治法》第二十二条,"截断后缀""和""",劳动保障/用工
《中华人民共和国职业病防治法》第三十四条第二款规定,《中华人民共和国职业病防治法》第三十四条第二款,"截断后缀""规定""",劳动保障/用工
《中华人民共和国职业病防治法》第三十四条第二款、,《中华人民共和国职业病防治法》第三十四条第二款,"截断后缀""、""",劳动保障/用工
《中华人民共和国职业病防治法》第二十六、第三十五、三十六、二十二、二十四条,《中华人民共和国职业病防治法》,"截断后缀""第二十六、第三十五、三十六、二十二、二十...""",劳动保障/用工
《中华人民共和国职业病防治法》第三十四条第一款;,《中华人民共和国职业病防治法》第三十四条第一款,"截断后缀"";""",劳动保障/用工
《中华人民共和国职业病防治法》第三十四条、,《中华人民共和国职业病防治法》第三十四条,"截断后缀""、""",劳动保障/用工
《中华人民共和国职业病防治法》第三十五条第二款的规定予以罚款,《中华人民共和国职业病防治法》第三十五条第二款的规定,"截断后缀""予以罚款""",劳动保障/用工
《中华人民共和国职业病防治法》第三十四条第一款、,《中华人民共和国职业病防治法》第三十四条第一款,"截断后缀""、""",劳动保障/用工
《中华人民共和国职业病防治法》第二十条第(四)项、,《中华人民共和国职业病防治法》第二十条第(四)项,"截断后缀""、""",劳动保障/用工
《中华人民共和国职业病防治法》第二十四条第一款、,《中华人民共和国职业病防治法》第二十四条第一款,"截断后缀""、""",劳动保障/用工
《中华人民共和国职业病防治法》第二十六条第四款、,《中华人民共和国职业病防治法》第二十六条第四款,"截断后缀""、""",劳动保障/用工
《中华人民共和国职业病防治法》第二十六条第二款及,《中华人民共和国职业病防治法》第二十六条第二款,"截断后缀""及""",劳动保障/用工
"《中华人民共和国职业病防治法》第二十六条第二款、第三十五条第一款,",《中华人民共和国职业病防治法》第二十六条第二款、第三十五条第一款,"截断后缀"",""",劳动保障/用工
"《中华人民共和国职业病防治法》第二十六条第二款,",《中华人民共和国职业病防治法》第二十六条第二款,"截断后缀"",""",劳动保障/用工
《中华人民共和国职业病防治法》第七十条第(四)项行政处罚的履行方式和期限:罚款,《中华人民共和国职业病防治法》第七十条第(四)项,"截断后缀""行政处罚的履行方式和期限:罚款""",劳动保障/用工
《中华人民共和国职业病防治法》第七十条第(四)项、,《中华人民共和国职业病防治法》第七十条第(四)项,"截断后缀""、""",劳动保障/用工
"《中华人民共和国职业病防治法》第三十五条第二款、第二十二条第一款,",《中华人民共和国职业病防治法》第三十五条第二款、第二十二条第一款,"截断后缀"",""",劳动保障/用工
"《中华人民共和国职业病防治法》第三十三条第一款、第三十五条第一款,",《中华人民共和国职业病防治法》第三十三条第一款、第三十五条第一款,"截断后缀"",""",劳动保障/用工
《中华人民共和国职业病防治法》第三十五条第二款、,《中华人民共和国职业病防治法》第三十五条第二款,"截断后缀""、""",劳动保障/用工
《中华人民共和国职业病防治法》第三十五条第二款;未按照规定及时申报职业病危害项,《中华人民共和国职业病防治法》第三十五条第二款,"截断后缀"";未按照规定及时申报职业病危害项""",劳动保障/用工
"《中华人民共和国职业病防治法》第三十五条第二款,",《中华人民共和国职业病防治法》第三十五条第二款,"截断后缀"",""",劳动保障/用工
《中华人民共和国职业病防治法》第三十五条第一款依据,《中华人民共和国职业病防治法》第三十五条第一款,"截断后缀""依据""",劳动保障/用工
《中华人民共和国职业病防治法》第三十五条第一款、,《中华人民共和国职业病防治法》第三十五条第一款,"截断后缀""、""",劳动保障/用工
《中华人民共和国职业病防治法》第三十五条第一、二款,《中华人民共和国职业病防治法》第三十五条,"截断后缀""第一、二款""",劳动保障/用工
《中华人民共和国职业病防治法》第三十五条、第六十条及,《中华人民共和国职业病防治法》第三十五条、第六十条,"截断后缀""及""",劳动保障/用工
《中华人民共和国职业病防治法》第三十五条、,《中华人民共和国职业病防治法》第三十五条,"截断后缀""、""",劳动保障/用工
"《消毒管理办法》第七条的规定,现依据",《消毒管理办法》第七条的规定,"截断后缀"",现依据""",医疗卫生
《消毒管理办法》第三十一条第二款、,《消毒管理办法》第三十一条第二款,"截断后缀""、""",医疗卫生
依据《消毒管理办法》第43条,《消毒管理办法》第43条,"去除前缀""依据""",医疗卫生
《消毒管理办法》第四十五条“医疗卫生机构违反本办法第四、五、六、七、八、九条,《消毒管理办法》第四十五条,"截断后缀""“医疗卫生机构违反本办法第四、五、六、七...""",医疗卫生
《消毒管理办法》第十八条、第三十二条规定,《消毒管理办法》第十八条、第三十二条,"截断后缀""规定""",医疗卫生
依据《消毒管理办法》第四十三条,《消毒管理办法》第四十三条,"去除前缀""依据""",医疗卫生
《消毒管理办法》第三十二条第一项规定,《消毒管理办法》第三十二条第一项,"截断后缀""规定""",医疗卫生
根据《消毒管理办法》第四十三条,《消毒管理办法》第四十三条,"去除前缀""根据""",医疗卫生
《医疗废物管理条例》第十二条和,《医疗废物管理条例》第十二条,"截断后缀""和""",卫生健康
《医疗废物管理条例》第十六条第一款;,《医疗废物管理条例》第十六条第一款,"截断后缀"";""",卫生健康
《医疗废物管理条例》第四十五条第(四)项、第四十六条第(二)项、,《医疗废物管理条例》第四十五条第(四)项、第四十六条第(二)项,"截断后缀""、""",卫生健康
《医疗废物管理条例》第四十六条第(二)项;,《医疗废物管理条例》第四十六条第(二)项,"截断后缀"";""",卫生健康
《医疗废物管理条例》第四十六条第一项;,《医疗废物管理条例》第四十六条第一项,"截断后缀"";""",卫生健康
《医疗器械生产监督管理办法》第六十六条和,《医疗器械生产监督管理办法》第六十六条,"截断后缀""和""",卫生健康
《医疗器械生产监督管理办法》第六十六条第一项和,《医疗器械生产监督管理办法》第六十六条第一项,"截断后缀""和""",卫生健康
《医疗器械生产监督管理办法》第四十条及,《医疗器械生产监督管理办法》第四十条,"截断后缀""及""",卫生健康
《医疗器械生产监督管理办法》第7号)第六十二条、,《医疗器械生产监督管理办法》第7号)第六十二条,"截断后缀""、""",卫生健康
《医疗器械注册管理办法》第四十九条第二款的规定向原注册部门申请许可事项,《医疗器械注册管理办法》第四十九条第二款的规定,"截断后缀""向原注册部门申请许可事项""",卫生健康
《医疗机构管理条例实施细则》第八十一条第一款、,《医疗机构管理条例实施细则》第八十一条第一款,"截断后缀""、""",卫生健康
《中华人民共和国药品管理法实施条例》第七十五条“药品经营企业、医疗机构未违反,《中华人民共和国药品管理法实施条例》第七十五条,"截断后缀""“药品经营企业、医疗机构未违反""",卫生健康
《医疗机构管理条例》第四十六条;,《医疗机构管理条例》第四十六条,"截断后缀"";""",卫生健康
《医疗机构管理条例》第四十八条、,《医疗机构管理条例》第四十八条,"截断后缀""、""",卫生健康
《医疗机构管理条例》第四十七条、,《医疗机构管理条例》第四十七条,"截断后缀""、""",卫生健康
《医疗机构管理条例》第二十六条;,《医疗机构管理条例》第二十六条,"截断后缀"";""",卫生健康
《医疗技术临床应用管理办法》第四十三条第(三)项和,《医疗技术临床应用管理办法》第四十三条第(三)项,"截断后缀""和""",卫生健康
《医疗保障基金使用监督管理条例》第十五条第一款的相关规定,《医疗保障基金使用监督管理条例》第十五条第一款,"截断后缀""的相关规定""",卫生健康
《医疗纠纷预防和处理条例》第四十七条、,《医疗纠纷预防和处理条例》第四十七条,"截断后缀""、""",卫生健康
《医疗卫生机构医疗废物管理办法》第四十条第(二)项;,《医疗卫生机构医疗废物管理办法》第四十条第(二)项,"截断后缀"";""",卫生健康
《医疗卫生机构医疗废物管理办法》第四十条第(一)项;,《医疗卫生机构医疗废物管理办法》第四十条第(一)项,"截断后缀"";""",卫生健康
《医疗卫生机构医疗废物管理办法》第十一条第一款;,《医疗卫生机构医疗废物管理办法》第十一条第一款,"截断后缀"";""",卫生健康
《医疗卫生机构医疗废物管理办法》第二十条;,《医疗卫生机构医疗废物管理办法》第二十条,"截断后缀"";""",卫生健康
《医疗废物管理条例》第十七条第一款:,《医疗废物管理条例》第十七条第一款,"截断后缀"":""",卫生健康
《医疗广告管理办法》第十八条的规定依据,《医疗广告管理办法》第十八条的规定,"截断后缀""依据""",卫生健康
《病历书写基本规范》第八条、,《病历书写基本规范》第八条,"截断后缀""、""",卫生健康
《医疗广告管理办法》第三条的规定依据,《医疗广告管理办法》第三条的规定,"截断后缀""依据""",卫生健康
《医疗广告管理办法》第七条及,《医疗广告管理办法》第七条,"截断后缀""及""",卫生健康
《医疗广告管理办法》第七条的规定和违反了,《医疗广告管理办法》第七条的规定,"截断后缀""和违反了""",卫生健康
依据《医疗器械监督管理条例》第八十六条第一项,《医疗器械监督管理条例》第八十六条第一项,"去除前缀""依据""",卫生健康
依据《医疗纠纷预防和处理条例》第四十七条第〔四〕项,《医疗纠纷预防和处理条例》第四十七条,"去除前缀""依据""; 截断后缀""第〔四〕项""",卫生健康
依据《医疗器械监督管理条例》第八十六条第一款,《医疗器械监督管理条例》第八十六条第一款,"去除前缀""依据""",卫生健康
依据《医疗器械监督管理条例》第八十八条第二项,《医疗器械监督管理条例》第八十八条第二项,"去除前缀""依据""",卫生健康
《医疗器械监督管理条例》第二十四条第一款、,《医疗器械监督管理条例》第二十四条第一款,"截断后缀""、""",卫生健康
根据《医疗纠纷预防和处理条例》第四十七条第(四)项,《医疗纠纷预防和处理条例》第四十七条第(四)项,"去除前缀""根据""",卫生健康
《药品管理法实施条例》第八十一条“药品经营企业、医疗机构未违反,《药品管理法实施条例》第八十一条,"截断后缀""“药品经营企业、医疗机构未违反""",卫生健康
《药品管理法实施条例》第七十五条“药品经营企业、医疗机构未违反,《药品管理法实施条例》第七十五条,"截断后缀""“药品经营企业、医疗机构未违反""",卫生健康
《药品和医疗器械行政处罚裁量适用规则》第十三条“罚款,《药品和医疗器械行政处罚裁量适用规则》第十三条,"截断后缀""“罚款""",卫生健康
依据《医疗机构管理条例》第四十七条,《医疗机构管理条例》第四十七条,"去除前缀""依据""",卫生健康
依据《医疗器械监督管理条例》第六十六条第一款第(一)项,《医疗器械监督管理条例》第六十六条第一款第(一)项,"去除前缀""依据""",卫生健康
依据《医疗废物管理条例》第四十六条第(一)项的规定,《医疗废物管理条例》第四十六条第(一)项的规定,"去除前缀""依据""",卫生健康
《云南省医疗机构管理条例》第四十七条;,《云南省医疗机构管理条例》第四十七条,"截断后缀"";""",卫生健康
《医疗器械监督管理条例》第八十七的规定“医疗器械经营企业、使用单位履行了本条,《医疗器械监督管理条例》第八十七的规定,"截断后缀""“医疗器械经营企业、使用单位履行了本条""",卫生健康
《云南省医疗机构管理条例》第十八条;,《云南省医疗机构管理条例》第十八条,"截断后缀"";""",卫生健康
《公共场所卫生管理条例实施细则》第三十八条处罚决定:1.警告;2.罚款,《公共场所卫生管理条例实施细则》第三十八条,"截断后缀""处罚决定:1.警告;2.罚款""",卫生健康
《医疗器械监督管理条例》第24条第2款第0项;,《医疗器械监督管理条例》第24条第2款第0项,"截断后缀"";""",卫生健康
《医疗器械监督管理条例》第八十三条第二款规定,《医疗器械监督管理条例》第八十三条第二款,"截断后缀""规定""",卫生健康
依据《医疗器械监督管理条例》第六十六第一款第一项,《医疗器械监督管理条例》第六十六第一款第一项,"去除前缀""依据""",卫生健康
根据《医疗器械监督管理条,《医疗器械监督管理条,"去除前缀""根据""",卫生健康
《一次性使用无菌医疗器械监督管理办法》第24号）第三十一条、三十三条、三十五条,《一次性使用无菌医疗器械监督管理办法》第24号）第三十一条,"截断后缀""、三十三条、三十五条""",卫生健康
《医疗器械监督管理条例》第六十六条第一款、,《医疗器械监督管理条例》第六十六条第一款,"截断后缀""、""",卫生健康
《医疗器械监督管理条例》第三十六条“医疗器械的生产条,《医疗器械监督管理条例》第三十六条,"截断后缀""“医疗器械的生产条""",卫生健康
《关于禁止公用企业限制竞争行为的若干规定》第五条“公用企业实施前条,《关于禁止公用企业限制竞争行为的若干规定》第五条,"截断后缀""“公用企业实施前条""",反垄断
"《关于禁止公用企业限制竞争行为的若干规定》第四条,",《关于禁止公用企业限制竞争行为的若干规定》第四条,"截断后缀"",""",反垄断
《关于禁止公用企业限制竞争行为的若干规定》第四条第(四)项对不接受其不合理条,《关于禁止公用企业限制竞争行为的若干规定》第四条第(四)项,"截断后缀""对不接受其不合理条""",反垄断
《关于禁止公用企业限制竞争行为的若干规定》第五条第一款、,《关于禁止公用企业限制竞争行为的若干规定》第五条第一款,"截断后缀""、""",反垄断
《中华人民共和国反垄断法》第四十九条“对本法第四十六条、第四十七条、第四十八条规定的罚款,《中华人民共和国反垄断法》第四十九条“对本法第四十六条、第四十七条、第四十八条,"截断后缀""规定的罚款""",反垄断
《中华人民共和国反垄断法》第四十六条第一款之规定及,《中华人民共和国反垄断法》第四十六条第一款之规定,"截断后缀""及""",反垄断
《中华人民共和国反恐怖主义法》第20条第2款前款,《中华人民共和国反恐怖主义法》第20条第2款,"截断后缀""前款""",反恐
《中华人民共和国反恐怖主义法》第八十五条第（一）项及,《中华人民共和国反恐怖主义法》第八十五条第（一）项,"截断后缀""及""",反恐
《中华人民共和国反恐怖主义法》第八十七条第四项、,《中华人民共和国反恐怖主义法》第八十七条第四项,"截断后缀""、""",反恐
《中华人民共和国反恐怖主义法》第二十条及,《中华人民共和国反恐怖主义法》第二十条,"截断后缀""及""",反恐
《杭州市市政设施管理条例》第五十八条第一款n行政处罚的履行方式：到指定银行缴纳罚款,《杭州市市政设施管理条例》第五十八条第一款,"截断后缀""n行政处罚的履行方式：到指定银行缴纳罚款""",城市治理与公共服务
《杭州市市政设施管理条例》第六十二条第（三）项“违反本条,《杭州市市政设施管理条例》第六十二条第（三）项,"截断后缀""“违反本条""",城市治理与公共服务
《杭州市市政设施管理条例》第六十条第（五）项行政处罚决定：罚款,《杭州市市政设施管理条例》第六十条第（五）项,"截断后缀""行政处罚决定：罚款""",城市治理与公共服务
《杭州市市政设施管理条例》第六十二条第一项行政处罚的履行方式：到指定银行缴纳罚款,《杭州市市政设施管理条例》第六十二条第一项,"截断后缀""行政处罚的履行方式：到指定银行缴纳罚款""",城市治理与公共服务
"《杭州市市政设施管理条例》第四十一款第二款、第三款,",《杭州市市政设施管理条例》第四十一款第二款、第三款,"截断后缀"",""",城市治理与公共服务
《杭州市市政设施管理条例》第六十一条第（六）项行政处罚决定:罚款,《杭州市市政设施管理条例》第六十一条第（六）项,"截断后缀""行政处罚决定:罚款""",城市治理与公共服务
《杭州市市政设施管理条例》第六十一条第(四)项规定行政处罚决定:罚款,《杭州市市政设施管理条例》第六十一条第(四)项,"截断后缀""规定行政处罚决定:罚款""",城市治理与公共服务
《杭州市市政设施管理条例》第六十一条第(六)项之规定处罚种类:罚款,《杭州市市政设施管理条例》第六十一条第(六)项之规定,"截断后缀""处罚种类:罚款""",城市治理与公共服务
《杭州市市政设施管理条例》第五十八条第一款行政处罚决定:罚款,《杭州市市政设施管理条例》第五十八条第一款,"截断后缀""行政处罚决定:罚款""",城市治理与公共服务
根据《杭州市市政设施管理条例》第五十八条第一款,《杭州市市政设施管理条例》第五十八条第一款,"去除前缀""根据""",城市治理与公共服务
《重庆市市政设施管理条例》第二十一条第一款六项,《重庆市市政设施管理条例》第二十一条第一款,"截断后缀""六项""",城市治理与公共服务
依据《重庆市市政设施管理条例》第六十七条第二款第四项,《重庆市市政设施管理条例》第六十七条第二款第四项,"去除前缀""依据""",城市治理与公共服务
根据《陕西省城市公共空间管理条,《陕西省城市公共空间管理条,"去除前缀""根据""",城市治理与公共服务
《杭州市市政设施管理条例》第五十九条第一款第（一）项行政处罚决定：罚款,《杭州市市政设施管理条例》第五十九条第一款第（一）项,"截断后缀""行政处罚决定：罚款""",城市治理与公共服务
《杭州市市政设施管理条例》第五十九条第一款第（一）项行政处罚决定:罚款,《杭州市市政设施管理条例》第五十九条第一款第（一）项,"截断后缀""行政处罚决定:罚款""",城市治理与公共服务
《杭州市市政设施管理条例》第六十二条第(三)项处罚决定:罚款,《杭州市市政设施管理条例》第六十二条第(三)项,"截断后缀""处罚决定:罚款""",城市治理与公共服务
根据《杭州市市政设施管理条例》第六十条第(四)项规定,《杭州市市政设施管理条例》第六十条第(四)项,"去除前缀""根据""; 截断后缀""规定""",城市治理与公共服务
《杭州市市政设施管理条例》第58条第1款(可处2万元以下罚款,《杭州市市政设施管理条例》第58条第1款,"截断后缀""(可处2万元以下罚款""",城市治理与公共服务
《危险化学品安全管理条例》第八十一条第一款第一项现决定对江苏宏菱特钢有限公司罚款,《危险化学品安全管理条例》第八十一条第一款第一项,"截断后缀""现决定对江苏宏菱特钢有限公司罚款""",安全生产
《危险化学品安全管理条例》第八十六条第一项、,《危险化学品安全管理条例》第八十六条第一项,"截断后缀""、""",安全生产
《剪板机安全技术要求》第5.3.1条,《剪板机安全技术要求》,"截断后缀""第5.3.1条""",安全生产
《危险化学品安全管理条例》第八十一条第一款第（一）项现决定对盐城市一剑印染有限公司罚款,《危险化学品安全管理条例》第八十一条第一款第（一）项,"截断后缀""现决定对盐城市一剑印染有限公司罚款""",安全生产
《危险化学品安全管理条例》第八十条第(二)项处人民币伍万元罚款,《危险化学品安全管理条例》第八十条第(二)项,"截断后缀""处人民币伍万元罚款""",安全生产
"《中华人民共和国安全生产法》第四十一条第二款规定,给予人民币陆仟元整罚款",《中华人民共和国安全生产法》第四十一条第二款,"截断后缀""规定,给予人民币陆仟元整罚款""",安全生产
《中华人民共和国安全生产法》第九十七条第（七）项的规定决定给予人民币一万五千元罚款,《中华人民共和国安全生产法》第九十七条第（七）项的规定,"截断后缀""决定给予人民币一万五千元罚款""",安全生产
《危险化学品安全管理条例》第八十条第(五)项、,《危险化学品安全管理条例》第八十条第(五)项,"截断后缀""、""",安全生产
《危险化学品安全管理条例》第八十七条第（四）项、,《危险化学品安全管理条例》第八十七条第（四）项,"截断后缀""、""",安全生产
《危险化学品安全管理条例》第八十条、,《危险化学品安全管理条例》第八十条,"截断后缀""、""",安全生产
《危险化学品安全管理条例》第八十七条第(四)项、,《危险化学品安全管理条例》第八十七条第(四)项,"截断后缀""、""",安全生产
《危险化学品安全管理条例》第八十条和,《危险化学品安全管理条例》第八十条,"截断后缀""和""",安全生产
《起重机械安全规程》第9.3.1条,《起重机械安全规程》,"截断后缀""第9.3.1条""",安全生产
《煤矿安全规程》第四百七十五条、2.,《煤矿安全规程》第四百七十五条,"截断后缀""、2.""",安全生产
《煤矿安全规程》第四百七十五条、,《煤矿安全规程》第四百七十五条,"截断后缀""、""",安全生产
《中华人民共和安全生产法》第九十六条第二款进行1.5万元罚款,《中华人民共和安全生产法》第九十六条第二款,"截断后缀""进行1.5万元罚款""",安全生产
《煤矿安全规程》第四百七十五条规定,《煤矿安全规程》第四百七十五条,"截断后缀""规定""",安全生产
《生产安全事故应急预案管理办法》第八条、第十条、,《生产安全事故应急预案管理办法》第八条、第十条,"截断后缀""、""",安全生产
《工贸企业粉尘防爆安全规定》第十五条第一款规定,《工贸企业粉尘防爆安全规定》第十五条第一款,"截断后缀""规定""",安全生产
《工贸企业有限空间作业安全管理与监督暂行规定》第八条、,《工贸企业有限空间作业安全管理与监督暂行规定》第八条,"截断后缀""、""",安全生产
"《工贸企业有限空间作业安全管理与监督暂行规定》第二十九条第（二）项,",《工贸企业有限空间作业安全管理与监督暂行规定》第二十九条第（二）项,"截断后缀"",""",安全生产
《煤矿安全规程》第四百九十二条、,《煤矿安全规程》第四百九十二条,"截断后缀""、""",安全生产
《工贸企业有限空间作业安全管理与监督暂行规定》第二十八条第一款第一项、第三十条第一款第二项、,《工贸企业有限空间作业安全管理与监督暂行规定》第二十八条第一款第一项、第三十条第一款第二项,"截断后缀""、""",安全生产
《煤矿安全规程》第四百三十八条第二款、,《煤矿安全规程》第四百三十八条第二款,"截断后缀""、""",安全生产
《煤矿安全规程》第四百三十三条第三项;2.,《煤矿安全规程》第四百三十三条第三项,"截断后缀"";2.""",安全生产
《常州市安全生产行政处罚自由裁量实施细则》第一条款,《常州市安全生产行政处罚自由裁量实施细则》第一条,"截断后缀""款""",安全生产
"《危险化学品安全管理条例》第二十三条第二款,",《危险化学品安全管理条例》第二十三条第二款,"截断后缀"",""",安全生产
《危险化学品安全管理条例》第二十二条和三十二条,《危险化学品安全管理条例》第二十二条,"截断后缀""和三十二条""",安全生产
《危险化学品安全管理条例》第二十六条第一、二款,《危险化学品安全管理条例》第二十六条,"截断后缀""第一、二款""",安全生产
《危险化学品安全管理条例》第二十一条及,《危险化学品安全管理条例》第二十一条,"截断后缀""及""",安全生产
《危险化学品安全管理条例》第九十一条第（一）项、,《危险化学品安全管理条例》第九十一条第（一）项,"截断后缀""、""",安全生产
《危险化学品安全管理条例》第七十六条第一款未经安全条,《危险化学品安全管理条例》第七十六条第一款,"截断后缀""未经安全条""",安全生产
《生产安全事故应急预案管理办法》第二十一条、,《生产安全事故应急预案管理办法》第二十一条,"截断后缀""、""",安全生产
《危险化学品安全管理条例》第二十条第二款、,《危险化学品安全管理条例》第二十条第二款,"截断后缀""、""",安全生产
《危险化学品安全管理条例》第五十七条第一款第（四）项规定依据,《危险化学品安全管理条例》第五十七条第一款第（四）项,"截断后缀""规定依据""",安全生产
《危险化学品安全管理条例》第二十四条和,《危险化学品安全管理条例》第二十四条,"截断后缀""和""",安全生产
《危险化学品安全管理条例》第二十四条第二款、,《危险化学品安全管理条例》第二十四条第二款,"截断后缀""、""",安全生产
《危险化学品安全管理条例》第二十条第一款、,《危险化学品安全管理条例》第二十条第一款,"截断后缀""、""",安全生产
《危险化学品安全管理条例》第二十条第一款依据,《危险化学品安全管理条例》第二十条第一款,"截断后缀""依据""",安全生产
《危险化学品安全管理条例》第七十八条第（八）项、,《危险化学品安全管理条例》第七十八条第（八）项,"截断后缀""、""",安全生产
《常用危险化学品储存通则》第7.3条和9.2条,《常用危险化学品储存通则》,"截断后缀""第7.3条和9.2条""",安全生产
《危险化学品从业单位安全标准化通用规范》第5.5.2.5条,《危险化学品从业单位安全标准化通用规范》,"截断后缀""第5.5.2.5条""",安全生产
《危险化学品安全管理条例》第七十八条第一款第八项、,《危险化学品安全管理条例》第七十八条第一款第八项,"截断后缀""、""",安全生产
《危险化学品安全管理条例》第七十八条第三款、,《危险化学品安全管理条例》第七十八条第三款,"截断后缀""、""",安全生产
《生产安全事故应急预案管理办法》第二十六条、,《生产安全事故应急预案管理办法》第二十六条,"截断后缀""、""",安全生产
《危险化学品安全管理条例》第七十八条第一、二款,《危险化学品安全管理条例》第七十八条,"截断后缀""第一、二款""",安全生产
《危险化学品安全管理条例》第78条第1款第10项、,《危险化学品安全管理条例》第78条第1款第10项,"截断后缀""、""",安全生产
《危险化学品安全管理条例》第七十七条第一款、,《危险化学品安全管理条例》第七十七条第一款,"截断后缀""、""",安全生产
《危险化学品安全管理条例》第七十七条第三款、,《危险化学品安全管理条例》第七十七条第三款,"截断后缀""、""",安全生产
《建设工程施工现场安全防护、场容卫生及消防保卫标准》第2.7.1条,《建设工程施工现场安全防护、场容卫生及消防保卫标准》,"截断后缀""第2.7.1条""",安全生产
《化学品生产单位特殊作业安全规范》第10.1条,《化学品生产单位特殊作业安全规范》,"截断后缀""第10.1条""",安全生产
《化学品生产单位特殊作业安全规范》第一次专项,《化学品生产单位特殊作业安全规范》,"截断后缀""第一次专项""",安全生产
《化学品生产单位高处作业安全规范》第5.2.2条,《化学品生产单位高处作业安全规范》,"截断后缀""第5.2.2条""",安全生产
《化工企业安全卫生设计规范》第5.1.6条,《化工企业安全卫生设计规范》,"截断后缀""第5.1.6条""",安全生产
《化学品生产单位特殊作业安全规程》第4.6,《化学品生产单位特殊作业安全规程》,"截断后缀""第4.6""",安全生产
《化学品生产单位特殊作业安全规程》第1项责令限期改正,《化学品生产单位特殊作业安全规程》第1项,"截断后缀""责令限期改正""",安全生产
《安全生产法》第九十四条第(七)项、,《安全生产法》第九十四条第(七)项,"截断后缀""、""",安全生产
《安全生产法》第九十四条第四项、,《安全生产法》第九十四条第四项,"截断后缀""、""",安全生产
《安全生产法》第九十四条一款和,《安全生产法》第九十四条,"截断后缀""一款和""",安全生产
《安全生产法》第九十六条第二项、,《安全生产法》第九十六条第二项,"截断后缀""、""",安全生产
《北京市体育运动项目经营单位安全生产规定》第三十四条第一款第三项未配备持有相应运动项,《北京市体育运动项目经营单位安全生产规定》第三十四条第一款第三项,"截断后缀""未配备持有相应运动项""",安全生产
《安全生产法》第九十四条一款,《安全生产法》第九十四条,"截断后缀""一款""",安全生产
《安全生产法》第九十四条、,《安全生产法》第九十四条,"截断后缀""、""",安全生产
《安全生产法》第九十六条第（三）项规定对上述2条,《安全生产法》第九十六条第（三）项,"截断后缀""规定对上述2条""",安全生产
《安全生产法》第十条第二款的规定依据,《安全生产法》第十条第二款的规定,"截断后缀""依据""",安全生产
《安全生产法》第十九条、,《安全生产法》第十九条,"截断后缀""、""",安全生产
《安全生产法》第十七条依据,《安全生产法》第十七条,"截断后缀""依据""",安全生产
《安全生产法》第四十六条第二款：“生产经营项,《安全生产法》第四十六条第二款,"截断后缀""：“生产经营项""",安全生产
《安全生产法》第二十一条第二款:“前款,《安全生产法》第二十一条第二款,"截断后缀"":“前款""",安全生产
《安全生产法》第二十五条第四款、,《安全生产法》第二十五条第四款,"截断后缀""、""",安全生产
《安全生产法》第二十五条第一款、,《安全生产法》第二十五条第一款,"截断后缀""、""",安全生产
《安全生产法》第二十七条第一款和,《安全生产法》第二十七条第一款,"截断后缀""和""",安全生产
"《煤矿安全规程》第三百八十条第四项,",《煤矿安全规程》第三百八十条第四项,"截断后缀"",""",安全生产
《建筑起重机械安全监督管理规定》第166号）第七条第四款和第九条第一、二款,《建筑起重机械安全监督管理规定》第166号）第七条第四款和第九条,"截断后缀""第一、二款""",安全生产
《建筑起重机械安全监督管理规定》第三十二条“违反本规定,《建筑起重机械安全监督管理规定》第三十二条,"截断后缀""“违反本规定""",安全生产
《煤矿安全规程》第九十七条第二款;,《煤矿安全规程》第九十七条第二款,"截断后缀"";""",安全生产
《安全生产法》第一百条对其进行处罚,《安全生产法》第一百条,"截断后缀""对其进行处罚""",安全生产
《建筑起重机械安全监督管理规定》第十七条、第十八条、第三十条条款规定,《建筑起重机械安全监督管理规定》第十七条、第十八条、第三十条,"截断后缀""条款规定""",安全生产
《建筑起重机械安全监督管理规定》第十三条规定,《建筑起重机械安全监督管理规定》第十三条,"截断后缀""规定""",安全生产
《煤矿安全规程》第三百八十三条规定;13.违反了,《煤矿安全规程》第三百八十三条,"截断后缀""规定;13.违反了""",安全生产
《煤矿安全规程》第三百八十三条规定;15.违反了,《煤矿安全规程》第三百八十三条,"截断后缀""规定;15.违反了""",安全生产
《安全生产法》第九十七条第一款第（六）项、,《安全生产法》第九十七条第一款第（六）项,"截断后缀""、""",安全生产
"《安全生产法》第三十条第一款的规定,根据",《安全生产法》第三十条第一款的规定,"截断后缀"",根据""",安全生产
《安全生产法》第三十六条第二款;依据,《安全生产法》第三十六条第二款,"截断后缀"";依据""",安全生产
《安全生产法》第三十六条第一款的规定;依据,《安全生产法》第三十六条第一款的规定,"截断后缀"";依据""",安全生产
《安全生产法》第九十九条第(二)项规定,《安全生产法》第九十九条第(二)项,"截断后缀""规定""",安全生产
《安全生产法》第九十九条依据,《安全生产法》第九十九条,"截断后缀""依据""",安全生产
《安全生产法》第九十九条、,《安全生产法》第九十九条,"截断后缀""、""",安全生产
《安全生产法》第七十八条及,《安全生产法》第七十八条,"截断后缀""及""",安全生产
《安全生产法》第三十三条第二款和,《安全生产法》第三十三条第二款,"截断后缀""和""",安全生产
《安全生产法》第三十三条第一款、第二款规定,《安全生产法》第三十三条第一款、第二款,"截断后缀""规定""",安全生产
《安全生产法》第三十三条第一款、,《安全生产法》第三十三条第一款,"截断后缀""、""",安全生产
《安全生产法》第三十七条一款,《安全生产法》第三十七条,"截断后缀""一款""",安全生产
《安全生产法》第三十二条、三十三条、三十七条,《安全生产法》第三十二条,"截断后缀""、三十三条、三十七条""",安全生产
"《安全生产法》第三十二条,",《安全生产法》第三十二条,"截断后缀"",""",安全生产
《安全生产法》第三十五条;,《安全生产法》第三十五条,"截断后缀"";""",安全生产
《TSGZF001-2006安全阀安全技术监察规程》第B6.3.1项,《TSGZF001-2006安全阀安全技术监察规程》,"截断后缀""第B6.3.1项""",安全生产
"《危险化学品生产企业安全生产许可证实施办法》第四十六条,",《危险化学品生产企业安全生产许可证实施办法》第四十六条,"截断后缀"",""",安全生产
《危险化学品生产企业安全生产许可证实施办法》第四十六条规定,《危险化学品生产企业安全生产许可证实施办法》第四十六条,"截断后缀""规定""",安全生产
"《危险化学品生产企业安全生产许可证实施办法》第四十六条规定,决定给予责令限期整改,处捌万元整罚款",《危险化学品生产企业安全生产许可证实施办法》第四十六条,"截断后缀""规定,决定给予责令限期整改,处捌万元整罚...""",安全生产
"《危险化学品重大危险源监督管理暂行规定》第十九条,",《危险化学品重大危险源监督管理暂行规定》第十九条,"截断后缀"",""",安全生产
《危险场所电气防爆安全规范》第6.1.1.4.1条,《危险场所电气防爆安全规范》,"截断后缀""第6.1.1.4.1条""",安全生产
《危险性较大的分部分项安全管理规定》第三十四条对江西省华宏建设有限公司作出行政罚款,《危险性较大的分部分项安全管理规定》第三十四条,"截断后缀""对江西省华宏建设有限公司作出行政罚款""",安全生产
《生产安全事故应急救援预案管理办法》第三十八条;,《生产安全事故应急救援预案管理办法》第三十八条,"截断后缀"";""",安全生产
《生产安全事故应急条例》第六条第二款;,《生产安全事故应急条例》第六条第二款,"截断后缀"";""",安全生产
《危险化学品生产企业安全生产许可证实施办法》第三十条、第二条违反了,《危险化学品生产企业安全生产许可证实施办法》第三十条、第二条,"截断后缀""违反了""",安全生产
"《危险化学品重大危险源监督管理暂行规定》第三十四条第五项的规定;第二项,",《危险化学品重大危险源监督管理暂行规定》第三十四条第五项的规定;第二项,"截断后缀"",""",安全生产
"《危险化学品生产企业安全生产许可证实施办法》第三十三条第一款,",《危险化学品生产企业安全生产许可证实施办法》第三十三条第一款,"截断后缀"",""",安全生产
《生产安全事故应急预案管理办法》第三十六条、,《生产安全事故应急预案管理办法》第三十六条,"截断后缀""、""",安全生产
《生产安全事故应急预案管理办法》第三十六条;9.,《生产安全事故应急预案管理办法》第三十六条,"截断后缀"";9.""",安全生产
《危险化学品安全管理条例》第八十条第一款第五项、,《危险化学品安全管理条例》第八十条第一款第五项,"截断后缀""、""",安全生产
《生产安全事故应急预案管理办法》第三十三条、,《生产安全事故应急预案管理办法》第三十三条,"截断后缀""、""",安全生产
《危险化学品安全管理条例》第十四条第一款、,《危险化学品安全管理条例》第十四条第一款,"截断后缀""、""",安全生产
《危险化学品安全管理条例》第四十三条第二款、,《危险化学品安全管理条例》第四十三条第二款,"截断后缀""、""",安全生产
《危险化学品安全管理条例》第四十四条第一款、,《危险化学品安全管理条例》第四十四条第一款,"截断后缀""、""",安全生产
《危险化学品安全管理条例》第十二条第一款新建、改建、扩建生产、储存危险化学品的建设项,《危险化学品安全管理条例》第十二条第一款,"截断后缀""新建、改建、扩建生产、储存危险化学品的建...""",安全生产
《危险化学品安全管理条例》第八十条第四项和,《危险化学品安全管理条例》第八十条第四项,"截断后缀""和""",安全生产
《危险化学品安全管理条例》第六十四条第一款、,《危险化学品安全管理条例》第六十四条第一款,"截断后缀""、""",安全生产
《危险化学品安全管理条例》第六条(三)项、,《危险化学品安全管理条例》第六条(三)项,"截断后缀""、""",安全生产
《危险化学品安全管理条例》第六条第（一）、（七）项及,《危险化学品安全管理条例》第六条第（一）、（七）项,"截断后缀""及""",安全生产
"《邮政业寄递安全监督管理办法》第21条第2款,",《邮政业寄递安全监督管理办法》第21条第2款,"截断后缀"",""",安全生产
《煤矿安全规程》第五十八条规定;8.违反了,《煤矿安全规程》第五十八条,"截断后缀""规定;8.违反了""",安全生产
《煤矿安全规程》第五十八条;,《煤矿安全规程》第五十八条,"截断后缀"";""",安全生产
《煤矿安全规程》第二百六十条第四款;2.,《煤矿安全规程》第二百六十条第四款,"截断后缀"";2.""",安全生产
《煤矿安全规程》第二百八十七;,《煤矿安全规程》,"截断后缀""第二百八十七;""",安全生产
《煤矿安全规程》第二百五十六条第一款第三项的规定第1项依据,《煤矿安全规程》第二百五十六条第一款第三项的规定第1项,"截断后缀""依据""",安全生产
《煤矿安全规程》第二百五十二条规定;4.违反了,《煤矿安全规程》第二百五十二条,"截断后缀""规定;4.违反了""",安全生产
《煤矿安全规程》第五百零三条第四款和,《煤矿安全规程》第五百零三条第四款,"截断后缀""和""",安全生产
《煤矿安全规程》第五百零七条第一款、,《煤矿安全规程》第五百零七条第一款,"截断后缀""、""",安全生产
《煤矿安全规程》第二十九条;5.,《煤矿安全规程》第二十九条,"截断后缀"";5.""",安全生产
《煤矿安全规程》第九条、,《煤矿安全规程》第九条,"截断后缀""、""",安全生产
《煤矿安全规程》第四百一十六条第六项;6.,《煤矿安全规程》第四百一十六条第六项,"截断后缀"";6.""",安全生产
《煤矿安全规程》第四百一十六条、四百二十三条、六百四十三条,《煤矿安全规程》第四百一十六条,"截断后缀""、四百二十三条、六百四十三条""",安全生产
《煤矿安全规程》第四百一十二条、,《煤矿安全规程》第四百一十二条,"截断后缀""、""",安全生产
《邮政行业安全监督管理办法》第19条第款,《邮政行业安全监督管理办法》第19条,"截断后缀""第款""",安全生产
《邮政行业安全监督管理办法》第39条第款,《邮政行业安全监督管理办法》第39条,"截断后缀""第款""",安全生产
《邮政行业安全监督管理办法》第二十三条第一款的规定和,《邮政行业安全监督管理办法》第二十三条第一款的规定,"截断后缀""和""",安全生产
《生产作业现场安全管理制度》第十二条及,《生产作业现场安全管理制度》第十二条,"截断后缀""及""",安全生产
《煤矿安全规程》第六百五十二条、3.,《煤矿安全规程》第六百五十二条,"截断后缀""、3.""",安全生产
《煤矿安全规程》第六百五十二条;2.,《煤矿安全规程》第六百五十二条,"截断后缀"";2.""",安全生产
《煤矿安全规程》第六百七十九条规定;17.违反了民用爆炸物品安全管理条,《煤矿安全规程》第六百七十九条,"截断后缀""规定;17.违反了民用爆炸物品安全管理条""",安全生产
《煤矿安全规程》第六百一十一条、,《煤矿安全规程》第六百一十一条,"截断后缀""、""",安全生产
《煤矿安全规程》第八条第三款、,《煤矿安全规程》第八条第三款,"截断后缀""、""",安全生产
《煤矿安全规程》第八条第三款;2.02掘进工作面喷碹滞后长约50m未喷碹,《煤矿安全规程》第八条第三款,"截断后缀"";2.02掘进工作面喷碹滞后长约50m未...""",安全生产
《煤矿安全规程》第六百八十五条、,《煤矿安全规程》第六百八十五条,"截断后缀""、""",安全生产
《煤矿安全规程》第四条第三款、,《煤矿安全规程》第四条第三款,"截断后缀""、""",安全生产
《煤矿安全规程》第十三条第三款的的规定;第3项行为违反了,《煤矿安全规程》第十三条第三款的的规定;第3项,"截断后缀""行为违反了""",安全生产
《煤矿安全规程》第十三条、,《煤矿安全规程》第十三条,"截断后缀""、""",安全生产
"《煤矿安全规程》第六百六十一条,",《煤矿安全规程》第六百六十一条,"截断后缀"",""",安全生产
《煤矿领导带班下井及安全监督检查规定》第十八条第（五）项、3.,《煤矿领导带班下井及安全监督检查规定》第十八条第（五）项,"截断后缀""、3.""",安全生产
《安全生产违法行为行政处罚办法》第四十六条第(二)项、,《安全生产违法行为行政处罚办法》第四十六条第(二)项,"截断后缀""、""",安全生产
《生产经营单位安全培训规定》第三十条第一款第二项、,《生产经营单位安全培训规定》第三十条第一款第二项,"截断后缀""、""",安全生产
《煤矿领导带班下井及安全监督检查规定》第十条第二款、3.,《煤矿领导带班下井及安全监督检查规定》第十条第二款,"截断后缀""、3.""",安全生产
《安全生产违法行为行政处罚办法》第四十五条罚款,《安全生产违法行为行政处罚办法》第四十五条,"截断后缀""罚款""",安全生产
《安全生产违法行为行政处罚办法》第四十六条第（二）项和,《安全生产违法行为行政处罚办法》第四十六条第（二）项,"截断后缀""和""",安全生产
《煤矿防灭火细则》第五十九条第三项规定等5条,《煤矿防灭火细则》第五十九条第三项,"截断后缀""规定等5条""",安全生产
《煤矿防灭火细则》第四十五条规定;4.违反了,《煤矿防灭火细则》第四十五条,"截断后缀""规定;4.违反了""",安全生产
《安全生产违法行为行政处罚办法》第四十五条第一项;,《安全生产违法行为行政处罚办法》第四十五条第一项,"截断后缀"";""",安全生产
《安全生产违法行为行政处罚办法》第四十五条第一项;2.,《安全生产违法行为行政处罚办法》第四十五条第一项,"截断后缀"";2.""",安全生产
《安全生产违法行为行政处罚办法》第四十五条第一项;4.,《安全生产违法行为行政处罚办法》第四十五条第一项,"截断后缀"";4.""",安全生产
《安全生产违法行为行政处罚办法》第四十五条第一项、,《安全生产违法行为行政处罚办法》第四十五条第一项,"截断后缀""、""",安全生产
《安全生产违法行为行政处罚办法》第四十五条第七项、2.,《安全生产违法行为行政处罚办法》第四十五条第七项,"截断后缀""、2.""",安全生产
《安全生产违法行为行政处罚办法》第四十五条第七项及,《安全生产违法行为行政处罚办法》第四十五条第七项,"截断后缀""及""",安全生产
《安全生产违法行为行政处罚办法》第四十五条第一款和,《安全生产违法行为行政处罚办法》第四十五条第一款,"截断后缀""和""",安全生产
《安全生产违法行为行政处罚办法》第四十五条第（一）项、,《安全生产违法行为行政处罚办法》第四十五条第（一）项,"截断后缀""、""",安全生产
《安全生产违法行为行政处罚办法》第四十五条第（一）项的规定拟给予贰万元的罚款,《安全生产违法行为行政处罚办法》第四十五条第（一）项的规定,"截断后缀""拟给予贰万元的罚款""",安全生产
《涂装作业安全规程粉末静电喷涂工艺安全》第5.1.6条,《涂装作业安全规程粉末静电喷涂工艺安全》,"截断后缀""第5.1.6条""",安全生产
《涂装作业安全规程粉末静电喷涂工艺安全》第4.5.3条,《涂装作业安全规程粉末静电喷涂工艺安全》,"截断后缀""第4.5.3条""",安全生产
《安全阀安全技术监察规程》第B6.3.1条,《安全阀安全技术监察规程》,"截断后缀""第B6.3.1条""",安全生产
《安全评价机构管理规定》第二十条作出罚款,《安全评价机构管理规定》第二十条,"截断后缀""作出罚款""",安全生产
《矿山安全法实施条例》第54条、,《矿山安全法实施条例》第54条,"截断后缀""、""",安全生产
《矿山安全法实施条例》第五十四条;2.,《矿山安全法实施条例》第五十四条,"截断后缀"";2.""",安全生产
《矿山安全法实施条例》第五十四条规定5.,《矿山安全法实施条例》第五十四条,"截断后缀""规定5.""",安全生产
《安全设施竣工验收安全评价报告》第19页一览表中显示项,《安全设施竣工验收安全评价报告》,"截断后缀""第19页一览表中显示项""",安全生产
《煤矿重大生产安全事故隐患判定标准》第十八条第（六）项和,《煤矿重大生产安全事故隐患判定标准》第十八条第（六）项,"截断后缀""和""",安全生产
《公安机关互联网安全监督检查规定》第二十一条第一款、,《公安机关互联网安全监督检查规定》第二十一条第一款,"截断后缀""、""",安全生产
《安全生产隐患排查治理暂行规定》第16号令第二十六条第一、二、三款,《安全生产隐患排查治理暂行规定》第16号令第二十六条,"截断后缀""第一、二、三款""",安全生产
《矿山安全法实施条例》第十七条;2.,《矿山安全法实施条例》第十七条,"截断后缀"";2.""",安全生产
《爆破安全规程》第14.2.1.2条,《爆破安全规程》,"截断后缀""第14.2.1.2条""",安全生产
《用人单位职业健康监护监督管理办法》第二十六条第﹝五﹞项、,《用人单位职业健康监护监督管理办法》第二十六条,"截断后缀""第﹝五﹞项、""",安全生产
《用人单位职业健康监护监督管理办法》第二十六条第（一）项、,《用人单位职业健康监护监督管理办法》第二十六条第（一）项,"截断后缀""、""",安全生产
《用人单位职业健康监护监督管理办法》第二十六条第（五）项、,《用人单位职业健康监护监督管理办法》第二十六条第（五）项,"截断后缀""、""",安全生产
《安全生产法》三十三条第一项规定,《安全生产法》三十三条第一项,"截断后缀""规定""",安全生产
《用人单位职业健康监护监督管理办法》第二十六条第﹝五﹞项,《用人单位职业健康监护监督管理办法》第二十六条,"截断后缀""第﹝五﹞项""",安全生产
《用人单位职业健康监护监督管理办法》第二十六条第(五)项行政处罚的履行方式和期限:罚款,《用人单位职业健康监护监督管理办法》第二十六条第(五)项,"截断后缀""行政处罚的履行方式和期限:罚款""",安全生产
《用人单位职业健康监护监督管理办法》第二十六条第(五)项项,《用人单位职业健康监护监督管理办法》第二十六条第(五)项,"截断后缀""项""",安全生产
《生产经营单位安全培训规定》第十三条）处罚依据：,《生产经营单位安全培训规定》第十三条,"截断后缀""）处罚依据：""",安全生产
《生产经营单位安全培训规定》第六条和,《生产经营单位安全培训规定》第六条,"截断后缀""和""",安全生产
《特种作业人员安全技术培训考核管理规定》第三十八条及,《特种作业人员安全技术培训考核管理规定》第三十八条,"截断后缀""及""",安全生产
《特种作业人员安全技术培训考核管理规定》第三十九条第一款给予罚款,《特种作业人员安全技术培训考核管理规定》第三十九条第一款,"截断后缀""给予罚款""",安全生产
《特种作业人员安全技术培训考核管理规定》第三十九条第一款处陆仟元罚款,《特种作业人员安全技术培训考核管理规定》第三十九条第一款,"截断后缀""处陆仟元罚款""",安全生产
《生产设备安全卫生设计总则》第6.2.1条,《生产设备安全卫生设计总则》,"截断后缀""第6.2.1条""",安全生产
《生产经营单位生产安全事故应急预案编制导则》第4.5条,《生产经营单位生产安全事故应急预案编制导则》,"截断后缀""第4.5条""",安全生产
《生产设备安全卫生设计总则》第6.1.6条,《生产设备安全卫生设计总则》,"截断后缀""第6.1.6条""",安全生产
《生产设备安全卫生设计总则》第6.1.6条、第6.1.6条,《生产设备安全卫生设计总则》,"截断后缀""第6.1.6条、第6.1.6条""",安全生产
《生产设备安全卫生设计总则》第6.1.6条强制条款,《生产设备安全卫生设计总则》,"截断后缀""第6.1.6条强制条款""",安全生产
《生产设备安全卫生设计总则》第6.1.6项,《生产设备安全卫生设计总则》,"截断后缀""第6.1.6项""",安全生产
《特种作业人员安全技术培训考核管理规定》第三十四条、,《特种作业人员安全技术培训考核管理规定》第三十四条,"截断后缀""、""",安全生产
《安全生产违法行为行政处罚办法》第四十三条;,《安全生产违法行为行政处罚办法》第四十三条,"截断后缀"";""",安全生产
《安全生产违法行为行政处罚办法》第四十五和,《安全生产违法行为行政处罚办法》,"截断后缀""第四十五和""",安全生产
《安全生产违法行为行政处罚办法》第四十五条(一)项给予处罚:对1条违法行为,《安全生产违法行为行政处罚办法》第四十五条(一)项,"截断后缀""给予处罚:对1条违法行为""",安全生产
《安全生产违法行为行政处罚办法》第四十五条和,《安全生产违法行为行政处罚办法》第四十五条,"截断后缀""和""",安全生产
《安全生产违法行为行政处罚办法》第十七条规定,《安全生产违法行为行政处罚办法》第十七条,"截断后缀""规定""",安全生产
《安全生产违法行为行政处罚办法》第五十三条的规定对该单位行为1、行为2合并处罚,《安全生产违法行为行政处罚办法》第五十三条的规定,"截断后缀""对该单位行为1、行为2合并处罚""",安全生产
"《安全生产事故隐患排查治理暂行规定》第十四条第一款,",《安全生产事故隐患排查治理暂行规定》第十四条第一款,"截断后缀"",""",安全生产
《安全生产违法行为行政处罚办法》第四十五条第(一)项给予警告,《安全生产违法行为行政处罚办法》第四十五条第(一)项,"截断后缀""给予警告""",安全生产
《安全生产违法行为行政处罚办法》第四十五条第(一)项罚款,《安全生产违法行为行政处罚办法》第四十五条第(一)项,"截断后缀""罚款""",安全生产
《安全生产违法行为行政处罚办法》第四十五条第(一)项罚款,《安全生产违法行为行政处罚办法》第四十五条第(一)项,"截断后缀""罚款""",安全生产
"《安全生产违法行为行政处罚办法》第四十五条第(七)项,",《安全生产违法行为行政处罚办法》第四十五条第(七)项,"截断后缀"",""",安全生产
《安全生产违法行为行政处罚办法》第四十五条第(一)项决定给予警告,《安全生产违法行为行政处罚办法》第四十五条第(一)项,"截断后缀""决定给予警告""",安全生产
《安全生产违法行为行政处罚办法》第四十五条的规定决定对你单位主要负责人赖弟强处0.2万元罚款,《安全生产违法行为行政处罚办法》第四十五条的规定,"截断后缀""决定对你单位主要负责人赖弟强处0.2万元...""",安全生产
《安全生产事故隐患排查治理暂行规定》第二十六条规定,《安全生产事故隐患排查治理暂行规定》第二十六条,"截断后缀""规定""",安全生产
《安全生产违法行为行政处罚办法》第四十五条第(一)项、,《安全生产违法行为行政处罚办法》第四十五条第(一)项,"截断后缀""、""",安全生产
《安全生产培训管理办法》第十一条和,《安全生产培训管理办法》第十一条,"截断后缀""和""",安全生产
《用人单位职业健康监护监督管理办法》第十七条第﹝三﹞项,《用人单位职业健康监护监督管理办法》第十七条,"截断后缀""第﹝三﹞项""",安全生产
《用人单位职业健康监护监督管理办法》第十七条第﹝三﹞项、,《用人单位职业健康监护监督管理办法》第十七条,"截断后缀""第﹝三﹞项、""",安全生产
《用人单位职业健康监护监督管理办法》第十七条规定,《用人单位职业健康监护监督管理办法》第十七条,"截断后缀""规定""",安全生产
《安全生产违法行为行政处罚办法》第九十六条第（三）项的规定拟给予肆万伍仟元的罚款,《安全生产违法行为行政处罚办法》第九十六条第（三）项的规定,"截断后缀""拟给予肆万伍仟元的罚款""",安全生产
"《安全生产违法行为行政处罚办法》第九十六条第（三）项的规定拟给予肆万伍仟元的罚款,",《安全生产违法行为行政处罚办法》第九十六条第（三）项的规定,"截断后缀""拟给予肆万伍仟元的罚款,""",安全生产
《工作场所职业卫生监督管理规定》第四十八条、,《工作场所职业卫生监督管理规定》第四十八条,"截断后缀""、""",安全生产
"《工作场所职业卫生监督管理规定》第九条第一款,",《工作场所职业卫生监督管理规定》第九条第一款,"截断后缀"",""",安全生产
《工作场所职业卫生监督管理规定》第五十一条第(四)项、,《工作场所职业卫生监督管理规定》第五十一条第(四)项,"截断后缀""、""",安全生产
《工作场所职业卫生监督管理规定》第四十八条第（二）项.,《工作场所职业卫生监督管理规定》第四十八条第（二）项,"截断后缀"".""",安全生产
《工作场所职业卫生管理规定》第九条第一款、,《工作场所职业卫生管理规定》第九条第一款,"截断后缀""、""",安全生产
《工作场所职业卫生管理规定》第九条第一款和,《工作场所职业卫生管理规定》第九条第一款,"截断后缀""和""",安全生产
《工作场所职业卫生管理规定》第二十条第一款、,《工作场所职业卫生管理规定》第二十条第一款,"截断后缀""、""",安全生产
《煤矿安全规程》第四百八十八条第二款、,《煤矿安全规程》第四百八十八条第二款,"截断后缀""、""",安全生产
《工作场所职业卫生管理规定》第五十四条;,《工作场所职业卫生管理规定》第五十四条,"截断后缀"";""",安全生产
《工作场所职业卫生管理规定》第三十六条、,《工作场所职业卫生管理规定》第三十六条,"截断后缀""、""",安全生产
《工作场所职业卫生管理规定》第三十条、,《工作场所职业卫生管理规定》第三十条,"截断后缀""、""",安全生产
《煤矿安全规程》第四百四十三条、四百五十三条、四百五十六条、四百六十条,《煤矿安全规程》第四百四十三条,"截断后缀""、四百五十三条、四百五十六条、四百六十条""",安全生产
"《煤矿安全规程》第四百四十八条,",《煤矿安全规程》第四百四十八条,"截断后缀"",""",安全生产
《生产安全事故应急预案管理办法》第四十五条第五项和,《生产安全事故应急预案管理办法》第四十五条第五项,"截断后缀""和""",安全生产
《生产安全事故应急预案管理办法》第四十五条第五项、,《生产安全事故应急预案管理办法》第四十五条第五项,"截断后缀""、""",安全生产
《工业企业煤气安全规程》第4.11条,《工业企业煤气安全规程》,"截断后缀""第4.11条""",安全生产
《煤矿安全规程》第四百八十二条和,《煤矿安全规程》第四百八十二条,"截断后缀""和""",安全生产
《工贸企业有限空间作业安全管理与监督暂行规定》第三十条第一项;,《工贸企业有限空间作业安全管理与监督暂行规定》第三十条第一项,"截断后缀"";""",安全生产
"《工贸企业有限空间作业安全管理与监督暂行规定》第七条、第十九条第二项,",《工贸企业有限空间作业安全管理与监督暂行规定》第七条、第十九条第二项,"截断后缀"",""",安全生产
《互联网安全保护技术措施规定》第十五条、,《互联网安全保护技术措施规定》第十五条,"截断后缀""、""",安全生产
《工贸企业有限空间作业安全管理与监督暂行规定》第七条、,《工贸企业有限空间作业安全管理与监督暂行规定》第七条,"截断后缀""、""",安全生产
《工贸企业有限空间作业安全管理与监督暂行规定》第三十条第一项的规定;第2-7项,《工贸企业有限空间作业安全管理与监督暂行规定》第三十条第一项的规定,"截断后缀"";第2-7项""",安全生产
《工贸企业有限空间作业安全管理与监督暂行规定》第二十九条第(一)项规定,《工贸企业有限空间作业安全管理与监督暂行规定》第二十九条第(一)项,"截断后缀""规定""",安全生产
《工贸企业有限空间作业安全管理与监督暂行规定》第二十九条第一项、第三项规定对其处罚人民币贰万元的行政罚款,《工贸企业有限空间作业安全管理与监督暂行规定》第二十九条第一项、第三项,"截断后缀""规定对其处罚人民币贰万元的行政罚款""",安全生产
《煤矿安全规程》第四百九十四条、,《煤矿安全规程》第四百九十四条,"截断后缀""、""",安全生产
《工贸企业有限空间作业安全管理与监督暂行规定》第二十九条第二项;2、,《工贸企业有限空间作业安全管理与监督暂行规定》第二十九条第二项,"截断后缀"";2、""",安全生产
《煤矿安全规程》第四百九十二条第二款、,《煤矿安全规程》第四百九十二条第二款,"截断后缀""、""",安全生产
"《工贸企业有限空间作业安全管理与监督暂行规定》第二十一条,",《工贸企业有限空间作业安全管理与监督暂行规定》第二十一条,"截断后缀"",""",安全生产
《工贸企业有限空间作业安全管理与监督暂行规定》第三十条第（一）项、,《工贸企业有限空间作业安全管理与监督暂行规定》第三十条第（一）项,"截断后缀""、""",安全生产
《工贸企业有限空间作业安全管理与监督暂行规定》第三十条第（二）项、,《工贸企业有限空间作业安全管理与监督暂行规定》第三十条第（二）项,"截断后缀""、""",安全生产
《工贸企业有限空间作业安全管理与监督暂行规定》第二十一条;2、,《工贸企业有限空间作业安全管理与监督暂行规定》第二十一条,"截断后缀"";2、""",安全生产
"《煤矿安全规程》第四百八十三条,",《煤矿安全规程》第四百八十三条,"截断后缀"",""",安全生产
《生产安全事故应急预案管理办法》第四十五条第(五)项和第(六项,《生产安全事故应急预案管理办法》第四十五条第(五)项,"截断后缀""和第(六项""",安全生产
《工作场所职业卫生管理规定》第四十七条第(二)项、,《工作场所职业卫生管理规定》第四十七条第(二)项,"截断后缀""、""",安全生产
《煤矿安全规程》第四百八十三条第一款、,《煤矿安全规程》第四百八十三条第一款,"截断后缀""、""",安全生产
《生产经营单位安全培训规定》第九条第一款、,《生产经营单位安全培训规定》第九条第一款,"截断后缀""、""",安全生产
《工作场所职业卫生管理规定》第四十七条第二项;,《工作场所职业卫生管理规定》第四十七条第二项,"截断后缀"";""",安全生产
《煤矿安全规程》第四百五十八条规定;2.违反了,《煤矿安全规程》第四百五十八条,"截断后缀""规定;2.违反了""",安全生产
《工贸企业有限空间作业安全管理与监督暂行规定》第59号)第三十条第(三)项规定,《工贸企业有限空间作业安全管理与监督暂行规定》第59号)第三十条第(三)项,"截断后缀""规定""",安全生产
《生产安全事故应急预案管理办法》第四十五条、,《生产安全事故应急预案管理办法》第四十五条,"截断后缀""、""",安全生产
《工贸企业有限空间作业安全管理与监督暂行规定》第59号)第二十八条第(二)项规定,《工贸企业有限空间作业安全管理与监督暂行规定》第59号)第二十八条第(二)项,"截断后缀""规定""",安全生产
"《煤矿安全规程》第四百五十一条,",《煤矿安全规程》第四百五十一条,"截断后缀"",""",安全生产
《卫生安全评价规定》第十七条规定的情形,《卫生安全评价规定》第十七条,"截断后缀""规定的情形""",安全生产
《山东省安全生产条例》第七十五条第(四)项:“违反本条,《山东省安全生产条例》第七十五条第(四)项,"截断后缀"":“违反本条""",安全生产
"《山东省安全生产条例》第七十六条,",《山东省安全生产条例》第七十六条,"截断后缀"",""",安全生产
《安全生产许可证条例》第六条第（十三）项和,《安全生产许可证条例》第六条第（十三）项,"截断后缀""和""",安全生产
"《山东省安全生产条例》第三十条第（三）项,",《山东省安全生产条例》第三十条第（三）项,"截断后缀"",""",安全生产
《山东省安全生产条例》第四十二条第(七)项、,《山东省安全生产条例》第四十二条第(七)项,"截断后缀""、""",安全生产
《山东省安全生产条例》第三十条第一款规定,《山东省安全生产条例》第三十条第一款,"截断后缀""规定""",安全生产
《綦江县土台麻柳页岩砖有限公司(扩建)开采设计及安全设施设计(变更)说明书》第5.9条,《綦江县土台麻柳页岩砖有限公司(扩建)开采设计及安全设施设计(变更)说明书》,"截断后缀""第5.9条""",安全生产
《山东省安全生产条例》第三十条第一款;6.,《山东省安全生产条例》第三十条第一款,"截断后缀"";6.""",安全生产
《粉尘防爆安全规程》第7.1.3条,《粉尘防爆安全规程》,"截断后缀""第7.1.3条""",安全生产
《粉尘防爆安全规程》第7.3.3条,《粉尘防爆安全规程》,"截断后缀""第7.3.3条""",安全生产
《粉尘防爆安全规程》第9.5条,《粉尘防爆安全规程》,"截断后缀""第9.5条""",安全生产
《粮食质量安全监管办法》第二十三条、,《粮食质量安全监管办法》第二十三条,"截断后缀""、""",安全生产
《山东省安全生产条例》第三十条第一款第三项、,《山东省安全生产条例》第三十条第一款第三项,"截断后缀""、""",安全生产
《矿用卡车检修作业规程》第1项违法违规行为给予警告,《矿用卡车检修作业规程》第1项,"截断后缀""违法违规行为给予警告""",安全生产
"《尾矿库安全监督管理规定》第二十三条及第三十九条第二款,",《尾矿库安全监督管理规定》第二十三条及第三十九条第二款,"截断后缀"",""",安全生产
《尾矿库安全监督管理规定》第十八条第四项、,《尾矿库安全监督管理规定》第十八条第四项,"截断后缀""、""",安全生产
《尾矿库安全监督管理规定》第四十条给予警告,《尾矿库安全监督管理规定》第四十条,"截断后缀""给予警告""",安全生产
《小型露天采石场安全管理与监督检查规定》第三十九条规定:给予警告,《小型露天采石场安全管理与监督检查规定》第三十九条,"截断后缀""规定:给予警告""",安全生产
《安全生产许可证条例》第二十条“违反本条,《安全生产许可证条例》第二十条,"截断后缀""“违反本条""",安全生产
《安全生产许可证条例》第十四条第二款和,《安全生产许可证条例》第十四条第二款,"截断后缀""和""",安全生产
《生产安全事故应急预案管理办法》第四十四条第（一）项、,《生产安全事故应急预案管理办法》第四十四条第（一）项,"截断后缀""、""",安全生产
《生产安全事故报告和调查处理条例》第四十条、,《生产安全事故报告和调查处理条例》第四十条,"截断后缀""、""",安全生产
《生产安全事故应急预案管理办法》第四十四条、,《生产安全事故应急预案管理办法》第四十四条,"截断后缀""、""",安全生产
《生产安全事故应急预案管理办法》第四十四条第一项给予人民币一万元罚款,《生产安全事故应急预案管理办法》第四十四条第一项,"截断后缀""给予人民币一万元罚款""",安全生产
《生产安全事故应急预案管理办法》第四十四条第一款第（一）项、第四十五条第一款第（一）项、,《生产安全事故应急预案管理办法》第四十四条第一款第（一）项、第四十五条第一款第（一）项,"截断后缀""、""",安全生产
《山东省煤矿冲击地压防治办法》第十六条、,《山东省煤矿冲击地压防治办法》第十六条,"截断后缀""、""",安全生产
《山东省安全生产行政处罚自由裁量基准（试行）》第42号第一档次处罚款,《山东省安全生产行政处罚自由裁量基准（试行）》第42号,"截断后缀""第一档次处罚款""",安全生产
《山东省安全生产行政处罚自由裁量基准（试行）》第48号第一档次处罚款,《山东省安全生产行政处罚自由裁量基准（试行）》第48号,"截断后缀""第一档次处罚款""",安全生产
《山东省安全生产行政处罚自由裁量基准》第1档次,《山东省安全生产行政处罚自由裁量基准》,"截断后缀""第1档次""",安全生产
《山东省安全生产行政处罚自由裁量基准》第一档次,《山东省安全生产行政处罚自由裁量基准》,"截断后缀""第一档次""",安全生产
《缺氧危险作业安全规程》第5.3.3条,《缺氧危险作业安全规程》,"截断后缀""第5.3.3条""",安全生产
《山东省建筑安全生产管理规定》第四十三条之条,《山东省建筑安全生产管理规定》第四十三条,"截断后缀""之条""",安全生产
《山东省建筑安全生产管理规定》第四十三条规定,《山东省建筑安全生产管理规定》第四十三条,"截断后缀""规定""",安全生产
《生产安全法》第三十三条第二款、,《生产安全法》第三十三条第二款,"截断后缀""、""",安全生产
《山东省建筑安全生产管理规定》第二十九条和,《山东省建筑安全生产管理规定》第二十九条,"截断后缀""和""",安全生产
《生产煤矿回采率管理暂行规定》第二十九条第2项规定,《生产煤矿回采率管理暂行规定》第二十九条第2项,"截断后缀""规定""",安全生产
《山东省建筑安全生产管理规定》第二十七条、二十八、二十九条,《山东省建筑安全生产管理规定》第二十七条,"截断后缀""、二十八、二十九条""",安全生产
"《中华人民共和国安全生产法》第二十条、第二十一条、第二十二条、三十条,",《中华人民共和国安全生产法》第二十条、第二十一条、第二十二条,"截断后缀""、三十条,""",安全生产
《中华人民共和国安全生产法》第二十条、第二十一条、第二十二条、三十条,《中华人民共和国安全生产法》第二十条、第二十一条、第二十二条,"截断后缀""、三十条""",安全生产
《中华人民共和国安全生产法》第二十六条第一款;,《中华人民共和国安全生产法》第二十六条第一款,"截断后缀"";""",安全生产
《中华人民共和国安全生产法》第二十八条第四款规定,《中华人民共和国安全生产法》第二十八条第四款,"截断后缀""规定""",安全生产
《中华人民共和国安全生产法》第二十条第一款规定：生产经营单位应当具备的安全生产条,《中华人民共和国安全生产法》第二十条第一款,"截断后缀""规定：生产经营单位应当具备的安全生产条""",安全生产
《中华人民共和国安全生产法》第八十二条第二款、,《中华人民共和国安全生产法》第八十二条第二款,"截断后缀""、""",安全生产
《中华人民共和国安全生产法》第八十一条、,《中华人民共和国安全生产法》第八十一条,"截断后缀""、""",安全生产
《中华人民共和国安全生产法》第五十七条、,《中华人民共和国安全生产法》第五十七条,"截断后缀""、""",安全生产
《中华人民共和国安全生产法》第五十七条;4.,《中华人民共和国安全生产法》第五十七条,"截断后缀"";4.""",安全生产
《中华人民共和国安全生产法》第二十五条第四款规定,《中华人民共和国安全生产法》第二十五条第四款,"截断后缀""规定""",安全生产
《中华人民共和国安全生产法》第二十五条第四款和,《中华人民共和国安全生产法》第二十五条第四款,"截断后缀""和""",安全生产
《中华人民共和国安全生产法》第二十五条第四款依据,《中华人民共和国安全生产法》第二十五条第四款,"截断后缀""依据""",安全生产
"《中华人民共和国安全生产法》第二十五条第四款、第三十三条第二款,",《中华人民共和国安全生产法》第二十五条第四款、第三十三条第二款,"截断后缀"",""",安全生产
《中华人民共和国安全生产法》第二十八条第一款;,《中华人民共和国安全生产法》第二十八条第一款,"截断后缀"";""",安全生产
《中华人民共和国安全生产法》第二十八条第四款、,《中华人民共和国安全生产法》第二十八条第四款,"截断后缀""、""",安全生产
"《中华人民共和国安全生产法》第二十八条第四款,",《中华人民共和国安全生产法》第二十八条第四款,"截断后缀"",""",安全生产
《中华人民共和国安全生产法》第二十八条第一款规定;二是,《中华人民共和国安全生产法》第二十八条第一款,"截断后缀""规定;二是""",安全生产
《中华人民共和国安全生产法》第二十八条第一款规定,《中华人民共和国安全生产法》第二十八条第一款,"截断后缀""规定""",安全生产
《中华人民共和国安全生产法》第二十八条第一款、,《中华人民共和国安全生产法》第二十八条第一款,"截断后缀""、""",安全生产
《中华人民共和国安全生产法》第二十八条第一款;2.,《中华人民共和国安全生产法》第二十八条第一款,"截断后缀"";2.""",安全生产
《中华人民共和国安全生产法》第四十一条第二款规定,《中华人民共和国安全生产法》第四十一条第二款,"截断后缀""规定""",安全生产
《中华人民共和国安全生产法》第四十一条第二款、,《中华人民共和国安全生产法》第四十一条第二款,"截断后缀""、""",安全生产
《中华人民共和国安全生产法》第四十一条第二款;4.,《中华人民共和国安全生产法》第四十一条第二款,"截断后缀"";4.""",安全生产
《中华人民共和国安全生产法》第四十一条第二款;,《中华人民共和国安全生产法》第四十一条第二款,"截断后缀"";""",安全生产
《中华人民共和国安全生产法》第四十一条第二款:违反了,《中华人民共和国安全生产法》第四十一条第二款,"截断后缀"":违反了""",安全生产
《中华人民共和国安全生产法》第四十一条第二款.依据,《中华人民共和国安全生产法》第四十一条第二款,"截断后缀"".依据""",安全生产
"《中华人民共和国安全生产法》第四十一条第二款,依据",《中华人民共和国安全生产法》第四十一条第二款,"截断后缀"",依据""",安全生产
《中华人民共和国安全生产法》第四十七条;,《中华人民共和国安全生产法》第四十七条,"截断后缀"";""",安全生产
《中华人民共和国安全生产法》第四十九条第二款：生产经营项,《中华人民共和国安全生产法》第四十九条第二款,"截断后缀""：生产经营项""",安全生产
《中华人民共和国安全生产法》第四十九条第二款：“生产经营项,《中华人民共和国安全生产法》第四十九条第二款,"截断后缀""：“生产经营项""",安全生产
《中华人民共和国安全生产法》第四十九条第二款的规定“生产经营项,《中华人民共和国安全生产法》第四十九条第二款的规定,"截断后缀""“生产经营项""",安全生产
"《中华人民共和国安全生产法》第四十一条第二款,",《中华人民共和国安全生产法》第四十一条第二款,"截断后缀"",""",安全生产
《中华人民共和国安全生产法》第四十九条第二款“生产经营项,《中华人民共和国安全生产法》第四十九条第二款,"截断后缀""“生产经营项""",安全生产
《中华人民共和国安全生产法》第四十九条第二款:“生产经营项,《中华人民共和国安全生产法》第四十九条第二款,"截断后缀"":“生产经营项""",安全生产
《中华人民共和国安全生产法》第四十九条第二款和,《中华人民共和国安全生产法》第四十九条第二款,"截断后缀""和""",安全生产
《中华人民共和国安全生产法》第十七条、,《中华人民共和国安全生产法》第十七条,"截断后缀""、""",安全生产
《中华人民共和国安全生产法》第十七条的规定;依据,《中华人民共和国安全生产法》第十七条的规定,"截断后缀"";依据""",安全生产
《中华人民共和国安全生产法》第四十一条;,《中华人民共和国安全生产法》第四十一条,"截断后缀"";""",安全生产
"《中华人民共和国安全生产法》第四十一条,",《中华人民共和国安全生产法》第四十一条,"截断后缀"",""",安全生产
《中华人民共和国安全生产法》第四十一和四十五条,《中华人民共和国安全生产法》,"截断后缀""第四十一和四十五条""",安全生产
《中华人民共和国安全生产法》第十六条规定及,《中华人民共和国安全生产法》第十六条,"截断后缀""规定及""",安全生产
《中华人民共和国安全生产法》第十八条第六项规,《中华人民共和国安全生产法》第十八条第六项,"截断后缀""规""",安全生产
《中华人民共和国安全生产法》第二十五条第四款、,《中华人民共和国安全生产法》第二十五条第四款,"截断后缀""、""",安全生产
《中华人民共和国安全生产法》第二十五条第四款:依据,《中华人民共和国安全生产法》第二十五条第四款,"截断后缀"":依据""",安全生产
《中华人民共和国安全生产法》第二十五条第四款2,《中华人民共和国安全生产法》第二十五条第四款,"截断后缀""2""",安全生产
"《中华人民共和国安全生产法》第二十一条第一款、第二十四条第三款、第二十五条第一款、第三十八第一款,",《中华人民共和国安全生产法》第二十一条第一款、第二十四条第三款、第二十五条第一款、第三十八第一款,"截断后缀"",""",安全生产
《中华人民共和国安全生产法》第二十一条第一款;,《中华人民共和国安全生产法》第二十一条第一款,"截断后缀"";""",安全生产
《中华人民共和国安全生产法》第二十一条第(一)项、,《中华人民共和国安全生产法》第二十一条第(一)项,"截断后缀""、""",安全生产
《中华人民共和国安全生产法》第九十四第一款第七项、,《中华人民共和国安全生产法》第九十四第一款第七项,"截断后缀""、""",安全生产
《中华人民共和国安全生产法》第二十七条第一款、,《中华人民共和国安全生产法》第二十七条第一款,"截断后缀""、""",安全生产
《中华人民共和国安全生产法》第二十七条第一款;,《中华人民共和国安全生产法》第二十七条第一款,"截断后缀"";""",安全生产
"《中华人民共和国安全生产法》第二十七条第一款,",《中华人民共和国安全生产法》第二十七条第一款,"截断后缀"",""",安全生产
"《中华人民共和国安全生产法》第二十七条,",《中华人民共和国安全生产法》第二十七条,"截断后缀"",""",安全生产
《中华人民共和国安全生产法》第九十四条（四）项的规定处贰万元罚款,《中华人民共和国安全生产法》第九十四条（四）项的规定,"截断后缀""处贰万元罚款""",安全生产
《中华人民共和国安全生产法》第二十一条第五款规定,《中华人民共和国安全生产法》第二十一条第五款,"截断后缀""规定""",安全生产
《中华人民共和国安全生产法》第二十一条第二款、第二十五条第一款、第四十二条和,《中华人民共和国安全生产法》第二十一条第二款、第二十五条第一款、第四十二条,"截断后缀""和""",安全生产
《中华人民共和国安全生产法》第九十四条（七）项和,《中华人民共和国安全生产法》第九十四条（七）项,"截断后缀""和""",安全生产
《中华人民共和国安全生产法》第九十四条第（三）项规定处伍仟元罚款,《中华人民共和国安全生产法》第九十四条第（三）项,"截断后缀""规定处伍仟元罚款""",安全生产
《中华人民共和国安全生产法》第九十四条第四项规定,《中华人民共和国安全生产法》第九十四条第四项,"截断后缀""规定""",安全生产
《中华人民共和国安全生产法》第九十四条第四项和,《中华人民共和国安全生产法》第九十四条第四项,"截断后缀""和""",安全生产
《中华人民共和国安全生产法》第九十四条第四项、,《中华人民共和国安全生产法》第九十四条第四项,"截断后缀""、""",安全生产
"《中华人民共和国安全生产法》第九十四条第四项,",《中华人民共和国安全生产法》第九十四条第四项,"截断后缀"",""",安全生产
《中华人民共和国安全生产法》第九十四条规定第(三)款规定,《中华人民共和国安全生产法》第九十四条规定第(三)款,"截断后缀""规定""",安全生产
《中华人民共和国安全生产法》第九十四条规定,《中华人民共和国安全生产法》第九十四条,"截断后缀""规定""",安全生产
《中华人民共和国安全生产法》第九十四条第（四）项规定处贰仟元罚款,《中华人民共和国安全生产法》第九十四条第（四）项,"截断后缀""规定处贰仟元罚款""",安全生产
《中华人民共和国安全生产法》第九十四条第（四）项规定处捌仟元罚款,《中华人民共和国安全生产法》第九十四条第（四）项,"截断后缀""规定处捌仟元罚款""",安全生产
《中华人民共和国安全生产法》第九十四条第（四）项规定处叁仟元罚款,《中华人民共和国安全生产法》第九十四条第（四）项,"截断后缀""规定处叁仟元罚款""",安全生产
"《中华人民共和国安全生产法》第九十四条第（四）项,",《中华人民共和国安全生产法》第九十四条第（四）项,"截断后缀"",""",安全生产
《中华人民共和国安全生产法》第九十四条第（六）项、,《中华人民共和国安全生产法》第九十四条第（六）项,"截断后缀""、""",安全生产
《中华人民共和国安全生产法》第九十四条第（五）项的规定（法律条款,《中华人民共和国安全生产法》第九十四条第（五）项的规定,"截断后缀""（法律条款""",安全生产
《中华人民共和国安全生产法》第九十四条第（四）项、,《中华人民共和国安全生产法》第九十四条第（四）项,"截断后缀""、""",安全生产
"《中华人民共和国安全生产法》第二十五条第一款、第三十八条第一款,",《中华人民共和国安全生产法》第二十五条第一款、第三十八条第一款,"截断后缀"",""",安全生产
《中华人民共和国安全生产法》第二十五条第一款、第三十八条、,《中华人民共和国安全生产法》第二十五条第一款、第三十八条,"截断后缀""、""",安全生产
《中华人民共和国安全生产法》第二十五条第一款、,《中华人民共和国安全生产法》第二十五条第一款,"截断后缀""、""",安全生产
"《中华人民共和国安全生产法》第二十五条第一款,",《中华人民共和国安全生产法》第二十五条第一款,"截断后缀"",""",安全生产
《中华人民共和国安全生产法》第二十五条第一、四款,《中华人民共和国安全生产法》第二十五条,"截断后缀""第一、四款""",安全生产
《中华人民共和国安全生产法》第二十五条第一、二款,《中华人民共和国安全生产法》第二十五条,"截断后缀""第一、二款""",安全生产
《中华人民共和国安全生产法》第二十五条第一、二、三款,《中华人民共和国安全生产法》第二十五条,"截断后缀""第一、二、三款""",安全生产
"《中华人民共和国安全生产法》第二十五条第四款,",《中华人民共和国安全生产法》第二十五条第四款,"截断后缀"",""",安全生产
《中华人民共和国安全生产法》第二十五条第一至三款、,《中华人民共和国安全生产法》第二十五条,"截断后缀""第一至三款、""",安全生产
《中华人民共和国安全生产法》第二十五条第一款和,《中华人民共和国安全生产法》第二十五条第一款,"截断后缀""和""",安全生产
"《中华人民共和国安全生产法》第二十二条,",《中华人民共和国安全生产法》第二十二条,"截断后缀"",""",安全生产
《中华人民共和国安全生产法》第二十九条、,《中华人民共和国安全生产法》第二十九条,"截断后缀""、""",安全生产
"《中华人民共和国安全生产法》第二十九条,",《中华人民共和国安全生产法》第二十九条,"截断后缀"",""",安全生产
《中华人民共和国安全生产法》第二十二条根据,《中华人民共和国安全生产法》第二十二条,"截断后缀""根据""",安全生产
"《中华人民共和国安全生产法》第二十三条,",《中华人民共和国安全生产法》第二十三条,"截断后缀"",""",安全生产
《中华人民共和国安全生产法》第二十七条第（三）款、,《中华人民共和国安全生产法》第二十七条第（三）款,"截断后缀""、""",安全生产
《中华人民共和国安全生产法》第二十七条第二款和,《中华人民共和国安全生产法》第二十七条第二款,"截断后缀""和""",安全生产
《中华人民共和国安全生产法》第二十七条第一款：依据,《中华人民共和国安全生产法》第二十七条第一款,"截断后缀""：依据""",安全生产
《中华人民共和国安全生产法》第二十七条第一款的规定依据,《中华人民共和国安全生产法》第二十七条第一款的规定,"截断后缀""依据""",安全生产
《中华人民共和国安全生产法》第二十五条;,《中华人民共和国安全生产法》第二十五条,"截断后缀"";""",安全生产
《中华人民共和国安全生产法》第二十五、三十五、四十一条,《中华人民共和国安全生产法》,"截断后缀""第二十五、三十五、四十一条""",安全生产
《中华人民共和国安全生产法》第二十二条第二款规定,《中华人民共和国安全生产法》第二十二条第二款,"截断后缀""规定""",安全生产
《中华人民共和国安全生产法》第二十二条第二款;,《中华人民共和国安全生产法》第二十二条第二款,"截断后缀"";""",安全生产
"《中华人民共和国安全生产法》第二十二条第四项,",《中华人民共和国安全生产法》第二十二条第四项,"截断后缀"",""",安全生产
"《中华人民共和国安全生产法》第四十二条第二款,",《中华人民共和国安全生产法》第四十二条第二款,"截断后缀"",""",安全生产
《中华人民共和国安全生产法》第四十二条第二款;,《中华人民共和国安全生产法》第四十二条第二款,"截断后缀"";""",安全生产
依据《烟花爆竹安全管理条例》第三十七条第(二)项,《烟花爆竹安全管理条例》第三十七条第(二)项,"去除前缀""依据""",安全生产
依据《烟花爆竹安全管理条例》第三十七条第二款,《烟花爆竹安全管理条例》第三十七条第二款,"去除前缀""依据""",安全生产
依据《煤矿安全培训规定》第四十七条,《煤矿安全培训规定》第四十七条,"去除前缀""依据""",安全生产
依据《煤矿安全培训规定》第四十七条的规定,《煤矿安全培训规定》第四十七条的规定,"去除前缀""依据""",安全生产
依据《生产安全事故应急预案管理办法》第四十五条第(二)项的规定,《生产安全事故应急预案管理办法》第四十五条第(二)项的规定,"去除前缀""依据""",安全生产
依据《生产安全事故应急预案管理办法》第四十五条第(六)项,《生产安全事故应急预案管理办法》第四十五条第(六)项,"去除前缀""依据""",安全生产
依据《生产安全事故应急预案管理办法》第四十四条第二款,《生产安全事故应急预案管理办法》第四十四条第二款,"去除前缀""依据""",安全生产
依据《生产安全事故报告和调查处理条例》(国务院令第493号)第三十二条第二款,《生产安全事故报告和调查处理条例》(国务院令第493号)第三十二条第二款,"去除前缀""依据""",安全生产
依据《生产经营单位安全培训规定》第三十条第一款第(二)项,《生产经营单位安全培训规定》第三十条第一款第(二)项,"去除前缀""依据""",安全生产
依据《生产经营单位安全培训规定》第三十条第一款第(四)项的规定,《生产经营单位安全培训规定》第三十条第一款第(四)项的规定,"去除前缀""依据""",安全生产
依据《用人单位职业健康监护监督管理办法》第二十六条第(一)项,《用人单位职业健康监护监督管理办法》第二十六条第(一)项,"去除前缀""依据""",安全生产
依据《路安全保护条例》第六十二条,《路安全保护条例》第六十二条,"去除前缀""依据""",安全生产
《机械安全 防护装置 固定式和活动式防护装置的设计与制造一般要求》第6.4.2“对于皮带轮、传动带、齿轮、齿条,《机械安全 防护装置 固定式和活动式防护装置的设计与制造一般要求》,"截断后缀""第6.4.2“对于皮带轮、传动带、齿轮、...""",安全生产
依据《辽宁省安全生产条例》第六十二条第一项,《辽宁省安全生产条例》第六十二条第一项,"去除前缀""依据""",安全生产
依据《江苏省安全生产条例》第四十八条规定,《江苏省安全生产条例》第四十八条,"去除前缀""依据""; 截断后缀""规定""",安全生产
依据《河北省安全生产条例》第七十九条第(一)项的规定,《河北省安全生产条例》第七十九条第(一)项的规定,"去除前缀""依据""",安全生产
依据《河北省安全生产条例》第七十五条第二款,《河北省安全生产条例》第七十五条第二款,"去除前缀""依据""",安全生产
依据《浙江省安全生产条例》第四十五条,《浙江省安全生产条例》第四十五条,"去除前缀""依据""",安全生产
根据《中华人民共和国安全生产法》九十四条第(五)项,《中华人民共和国安全生产法》九十四条第(五)项,"去除前缀""根据""",安全生产
根据《中华人民共和国安全生产法》第一百零三条第二款,《中华人民共和国安全生产法》第一百零三条第二款,"去除前缀""根据""",安全生产
根据《中华人民共和国安全生产法》第一百零五条,《中华人民共和国安全生产法》第一百零五条,"去除前缀""根据""",安全生产
根据《中华人民共和国安全生产法》第七十条第一款,《中华人民共和国安全生产法》第七十条第一款,"去除前缀""根据""",安全生产
根据《中华人民共和国安全生产法》第九十七条,《中华人民共和国安全生产法》第九十七条,"去除前缀""根据""",安全生产
根据《中华人民共和国安全生产法》第九十七条第(七)项,《中华人民共和国安全生产法》第九十七条第(七)项,"去除前缀""根据""",安全生产
根据《中华人民共和国安全生产法》第九十七条第六项,《中华人民共和国安全生产法》第九十七条第六项,"去除前缀""根据""",安全生产
参照《河北省安全生产条例》行政处罚自由裁量实施标准第十四条第一款,《河北省安全生产条例》行政处罚自由裁量实施标准第十四条第一款,"去除前缀""参照""",安全生产
《液压机安全技术要求》第5.3.2条、第5.3.3条、第5.6.5条,《液压机安全技术要求》,"截断后缀""第5.3.2条、第5.3.3条、第5.6...""",安全生产
《煤矿安全规程》第三百八十三条第七项、,《煤矿安全规程》第三百八十三条第七项,"截断后缀""、""",安全生产
《GB5083-1999生产设备安全卫生设计总则》第6.1.6条,《GB5083-1999生产设备安全卫生设计总则》,"截断后缀""第6.1.6条""",安全生产
依据中华人民共和国安全生产法》第九十九条,中华人民共和国安全生产法》第九十九条,"去除前缀""依据""",安全生产
依据的《重庆市安全生产条例》第五十四条之规定,的《重庆市安全生产条例》第五十四条之规定,"去除前缀""依据""",安全生产
《天津市安全生产条例》第六十一条、,《天津市安全生产条例》第六十一条,"截断后缀""、""",安全生产
依据《危险化学品安全管理条例》第八十条第(四)项、第八十条第(二)项,《危险化学品安全管理条例》第八十条第(四)项、第八十条第(二)项,"去除前缀""依据""",安全生产
依据《危险化学品安全管理条例》第八十条第一款第(三)项,《危险化学品安全管理条例》第八十条第一款第(三)项,"去除前缀""依据""",安全生产
依据《危险化学品安全管理条例》第八十条第一款第(四)项,《危险化学品安全管理条例》第八十条第一款第(四)项,"去除前缀""依据""",安全生产
依据《危险化学品安全管理条例》第八十条第五款,《危险化学品安全管理条例》第八十条第五款,"去除前缀""依据""",安全生产
依据《危险化学品安全管理条例》第八十条第四款,《危险化学品安全管理条例》第八十条第四款,"去除前缀""依据""",安全生产
依据《危险化学品安全管理条例》第八十条第四项,《危险化学品安全管理条例》第八十条第四项,"去除前缀""依据""",安全生产
依据《危险化学品安全管理条例》第八十条第(四)项,《危险化学品安全管理条例》第八十条第(四)项,"去除前缀""依据""",安全生产
依据《四川省安全生产条例》第六十八条,《四川省安全生产条例》第六十八条,"去除前缀""依据""",安全生产
依据《四川省安全生产条,《四川省安全生产条,"去除前缀""依据""",安全生产
依据《危险化学品安全管理条例》第八十条第(二)项,《危险化学品安全管理条例》第八十条第(二)项,"去除前缀""依据""",安全生产
依据《危险化学品安全管理条例》第七十八条第三项,《危险化学品安全管理条例》第七十八条第三项,"去除前缀""依据""",安全生产
依据《危险化学品安全管理条例》第八十条的规定,《危险化学品安全管理条例》第八十条的规定,"去除前缀""依据""",安全生产
依据《危险化学品安全管理条例》第七十八条第一款第(六)项,《危险化学品安全管理条例》第七十八条第一款第(六)项,"去除前缀""依据""",安全生产
根据《中华人民共和国安全生产法》第九十七条第六项的规定,《中华人民共和国安全生产法》第九十七条第六项的规定,"去除前缀""根据""",安全生产
依据《安全生产事故隐患排查治理暂行规定》第二十六条的规定,《安全生产事故隐患排查治理暂行规定》第二十六条的规定,"去除前缀""依据""",安全生产
依据《山东省建筑安全生产管理规定》第四十三条,《山东省建筑安全生产管理规定》第四十三条,"去除前缀""依据""",安全生产
依据《工作场所职业卫生管理规定》第四十七条第(三)项,《工作场所职业卫生管理规定》第四十七条第(三)项,"去除前缀""依据""",安全生产
依据《工作场所职业卫生管理规定》第四十九条第(四)项,《工作场所职业卫生管理规定》第四十九条第(四)项,"去除前缀""依据""",安全生产
依据《工贸企业粉尘防爆安全规定》第二十七条第(一)项,《工贸企业粉尘防爆安全规定》第二十七条第(一)项,"去除前缀""依据""",安全生产
依据《工贸企业粉尘防爆安全规定》第二十九条,《工贸企业粉尘防爆安全规定》第二十九条,"去除前缀""依据""",安全生产
依据《安全生产违法行为行政处罚办法》第四十六条第(二)项的规定,《安全生产违法行为行政处罚办法》第四十六条第(二)项的规定,"去除前缀""依据""",安全生产
《天津市安全生产条例》第十四条第一款、,《天津市安全生产条例》第十四条第一款,"截断后缀""、""",安全生产
《天津市安全生产条例》第六十五条第二款之规定给予人民币壹万元罚款,《天津市安全生产条例》第六十五条第二款之规定,"截断后缀""给予人民币壹万元罚款""",安全生产
依据《建筑起重机械安全监督管理规定》第三十一条,《建筑起重机械安全监督管理规定》第三十一条,"去除前缀""依据""",安全生产
依据《建筑起重机械安全监督管理规定》第二十九条第〔三〕项,《建筑起重机械安全监督管理规定》第二十九条,"去除前缀""依据""; 截断后缀""第〔三〕项""",安全生产
依据《建筑起重机械安全监督管理规定》第二十八条,《建筑起重机械安全监督管理规定》第二十八条,"去除前缀""依据""",安全生产
依据《安全生产违法行为行政处罚办法》第四十六条的规定,《安全生产违法行为行政处罚办法》第四十六条的规定,"去除前缀""依据""",安全生产
依据《安全生产违法行为行政处罚办法》第四十五条第七项的规定,《安全生产违法行为行政处罚办法》第四十五条第七项的规定,"去除前缀""依据""",安全生产
依据《安全生产事故隐患排查治理暂行规定》第二十六条第(六)项,《安全生产事故隐患排查治理暂行规定》第二十六条第(六)项,"去除前缀""依据""",安全生产
依据《安全生产培训管理办法》第三十六条第(一)项的规定,《安全生产培训管理办法》第三十六条第(一)项的规定,"去除前缀""依据""",安全生产
依据《安全生产法》第一百第二款的规定,《安全生产法》第一百第二款的规定,"去除前缀""依据""",安全生产
依据《安全生产法》第一百零一条,《安全生产法》第一百零一条,"去除前缀""依据""",安全生产
依据《安全生产法》第九十七条第七项,《安全生产法》第九十七条第七项,"去除前缀""依据""",安全生产
依据《安全生产法》第九十七条第四项的规定,《安全生产法》第九十七条第四项的规定,"去除前缀""依据""",安全生产
依据《安全生产法》第九十九条第一款与第五款,《安全生产法》第九十九条第一款与第五款,"去除前缀""依据""",安全生产
依据《安全生产法》第九十九条第一项,《安全生产法》第九十九条第一项,"去除前缀""依据""",安全生产
依据《安全生产法》第九十九条第二项,《安全生产法》第九十九条第二项,"去除前缀""依据""",安全生产
依据《安全生产违法行为行政处罚办法》第四十五条第（一）项,《安全生产违法行为行政处罚办法》第四十五条第（一）项,"去除前缀""依据""",安全生产
依据《安全生产法》第九十九条第（二）项,《安全生产法》第九十九条第（二）项,"去除前缀""依据""",安全生产
依据《安全生产法》第九十六条第(一)和第(三)项的规定,《安全生产法》第九十六条第(一)和第(三)项的规定,"去除前缀""依据""",安全生产
依据《安全生产法》第九十六条第(二)项的规定,《安全生产法》第九十六条第(二)项的规定,"去除前缀""依据""",安全生产
依据《安全生产法》第九十六条第一款第二项、第三项,《安全生产法》第九十六条第一款第二项、第三项,"去除前缀""依据""",安全生产
依据《安全生产法》第九十四条第一款,《安全生产法》第九十四条第一款,"去除前缀""依据""",安全生产
依据《安全生产法》第九十四条第七项,《安全生产法》第九十四条第七项,"去除前缀""依据""",安全生产
依据《安全生产法》第九十四条第三项,《安全生产法》第九十四条第三项,"去除前缀""依据""",安全生产
依据《安全生产违法行为行政处罚办法》第四十五条,《安全生产违法行为行政处罚办法》第四十五条,"去除前缀""依据""",安全生产
依据《安全生产违法行为行政处罚办法》第四十五条第(一)项,《安全生产违法行为行政处罚办法》第四十五条第(一)项,"去除前缀""依据""",安全生产
依据《安全生产违法行为行政处罚办法》第四十五条第一项,《安全生产违法行为行政处罚办法》第四十五条第一项,"去除前缀""依据""",安全生产
依据《安全生产法》第九十八条第(二)项之规定,《安全生产法》第九十八条第(二)项之规定,"去除前缀""依据""",安全生产
根据《中华人民共和国安全生产法》第九十七条第四款,《中华人民共和国安全生产法》第九十七条第四款,"去除前缀""根据""",安全生产
根据《中华人民共和国安全生产法》第九十九条第(一)项,《中华人民共和国安全生产法》第九十九条第(一)项,"去除前缀""根据""",安全生产
《中华人民共和国安全生产法安全生产法》第四十一条第二款;,《中华人民共和国安全生产法安全生产法》第四十一条第二款,"截断后缀"";""",安全生产
《民用爆炸物品安全管理条例》第四十七条第一、四项,《民用爆炸物品安全管理条例》第四十七条,"截断后缀""第一、四项""",安全生产
《民用爆炸物品安全管理条例》第四十五条：“违反本条,《民用爆炸物品安全管理条例》第四十五条,"截断后缀""：“违反本条""",安全生产
第3部分：工业防护栏杆及钢平台》（GB4053.3-2009）条款,第3部分：工业防护栏杆及钢平台》,"截断后缀""（GB4053.3-2009）条款""",安全生产
《气瓶安全技术监察规程》第1.13款,《气瓶安全技术监察规程》,"截断后缀""第1.13款""",安全生产
《中华人民共和国安全生产法》第四十六条第二款、,《中华人民共和国安全生产法》第四十六条第二款,"截断后缀""、""",安全生产
《中华人民共和国安全生产法》第四十六条第二款“生产经营项,《中华人民共和国安全生产法》第四十六条第二款,"截断后缀""“生产经营项""",安全生产
《中华人民共和国安全生产法》第四十六条第二款:“生产经营项,《中华人民共和国安全生产法》第四十六条第二款,"截断后缀"":“生产经营项""",安全生产
"《中华人民共和国安全生产法》第四十六条第二款,",《中华人民共和国安全生产法》第四十六条第二款,"截断后缀"",""",安全生产
《中华人民共和国安全生产法》第四十六条第二款生产经营项,《中华人民共和国安全生产法》第四十六条第二款,"截断后缀""生产经营项""",安全生产
《中华人民共和国安全生产法》第四十五条第一款、,《中华人民共和国安全生产法》第四十五条第一款,"截断后缀""、""",安全生产
《中华人民共和国安全生产法》第四十五条、,《中华人民共和国安全生产法》第四十五条,"截断后缀""、""",安全生产
《中华人民共和国安全生产法》第四十五条;违反,《中华人民共和国安全生产法》第四十五条,"截断后缀"";违反""",安全生产
《中华人民共和国安全生产法》第四十二条规定,《中华人民共和国安全生产法》第四十二条,"截断后缀""规定""",安全生产
"《中华人民共和国安全生产法》第四十六条第二款：生产经营项,",《中华人民共和国安全生产法》第四十六条第二款,"截断后缀""：生产经营项,""",安全生产
《中华人民共和国安全生产法》第四条、第二十八条和,《中华人民共和国安全生产法》第四条、第二十八条,"截断后缀""和""",安全生产
《中华人民共和国安全生产法》第四十六条第二款：生产经营项,《中华人民共和国安全生产法》第四十六条第二款,"截断后缀""：生产经营项""",安全生产
《中华人民共和国安全生产法》第四十条、四十一条,《中华人民共和国安全生产法》第四十条,"截断后缀""、四十一条""",安全生产
《中华人民共和国安全生产法》第四十四条规定;三是,《中华人民共和国安全生产法》第四十四条,"截断后缀""规定;三是""",安全生产
《江苏省工业企业安全生产风险报告规定》第七条;,《江苏省工业企业安全生产风险报告规定》第七条,"截断后缀"";""",安全生产
《江苏省安全生产条例》第三十条第一款第(四)项:“生产经营单位将生产经营项,《江苏省安全生产条例》第三十条第一款第(四)项,"截断后缀"":“生产经营单位将生产经营项""",安全生产
《江苏省工业企业安全生产风险报告规定》第三十四条第(三)项决定给予人民币柒仟伍佰元罚款,《江苏省工业企业安全生产风险报告规定》第三十四条第(三)项,"截断后缀""决定给予人民币柒仟伍佰元罚款""",安全生产
根据《中华人民共和国安全生产法》第九十九条第一项,《中华人民共和国安全生产法》第九十九条第一项,"去除前缀""根据""",安全生产
根据《中华人民共和国安全生产法》第九十九条第三项,《中华人民共和国安全生产法》第九十九条第三项,"去除前缀""根据""",安全生产
根据《中华人民共和国安全生产法》第九十六条第(一)项,《中华人民共和国安全生产法》第九十六条第(一)项,"去除前缀""根据""",安全生产
根据《中华人民共和国安全生产法》第九十六条第(三)项,《中华人民共和国安全生产法》第九十六条第(三)项,"去除前缀""根据""",安全生产
根据《中华人民共和国安全生产法》第九十六条第二项,《中华人民共和国安全生产法》第九十六条第二项,"去除前缀""根据""",安全生产
根据《中华人民共和国安全生产法》第九十六条第二项的规定,《中华人民共和国安全生产法》第九十六条第二项的规定,"去除前缀""根据""",安全生产
根据《中华人民共和国安全生产法》第九十四条,《中华人民共和国安全生产法》第九十四条,"去除前缀""根据""",安全生产
根据《中华人民共和国安全生产法》第九十四条第(六)项,《中华人民共和国安全生产法》第九十四条第(六)项,"去除前缀""根据""",安全生产
根据《中华人民共和国安全生产法》第九十四条第三、四款规定,《中华人民共和国安全生产法》第九十四条,"去除前缀""根据""; 截断后缀""第三、四款规定""",安全生产
根据《中华人民共和国安全生产法》第九十四条第三项,《中华人民共和国安全生产法》第九十四条第三项,"去除前缀""根据""",安全生产
《江苏省工业企业安全生产风险报告规定》第十六条;,《江苏省工业企业安全生产风险报告规定》第十六条,"截断后缀"";""",安全生产
《江苏省工业企业安全生产风险报告规定》第十八条;,《江苏省工业企业安全生产风险报告规定》第十八条,"截断后缀"";""",安全生产
《江苏省工业企业安全生产风险报告规定》第二十条:依据,《江苏省工业企业安全生产风险报告规定》第二十条,"截断后缀"":依据""",安全生产
根据《中华人民共和国安全生产法》第九十九条,《中华人民共和国安全生产法》第九十九条,"去除前缀""根据""",安全生产
《AQ1048-2007煤矿井下作业人员管理系统使用与管理规范》第5.1.7条,《AQ1048-2007煤矿井下作业人员管理系统使用与管理规范》,"截断后缀""第5.1.7条""",安全生产
《AQ2002-2018炼钢安全规程》第13.1.3条,《AQ2002-2018炼钢安全规程》,"截断后缀""第13.1.3条""",安全生产
根据《生产安全事故应急预案管理办法》第四十五条第一款第(五)项,《生产安全事故应急预案管理办法》第四十五条第一款第(五)项,"去除前缀""根据""",安全生产
根据《生产安全事故应急预案管理办法》第四十四条,《生产安全事故应急预案管理办法》第四十四条,"去除前缀""根据""",安全生产
根据《生产经营单位安全培训规定》第三十条,《生产经营单位安全培训规定》第三十条,"去除前缀""根据""",安全生产
根据《山东省建筑安全生产管理规定》第四十三条,《山东省建筑安全生产管理规定》第四十三条,"去除前缀""根据""",安全生产
根据《用人单位职业健康监护监督管理办法》第二十六条第(五)项,《用人单位职业健康监护监督管理办法》第二十六条第(五)项,"去除前缀""根据""",安全生产
根据《云南省矿产资源管理条例》第三十六条,《云南省矿产资源管理条例》第三十六条,"去除前缀""根据""",安全生产
根据《安徽省安全生产条例》第四十九条第二项,《安徽省安全生产条例》第四十九条第二项,"去除前缀""根据""",安全生产
根据《危险化学品安全管理条例》第八十条,《危险化学品安全管理条例》第八十条,"去除前缀""根据""",安全生产
根据《危险化学品安全管理条例》第八十条第(四)项,《危险化学品安全管理条例》第八十条第(四)项,"去除前缀""根据""",安全生产
根据《危险化学品安全管理条例》第八十条第一款第(四)项,《危险化学品安全管理条例》第八十条第一款第(四)项,"去除前缀""根据""",安全生产
根据《安全生产法》第一百零一条第(一)项,《安全生产法》第一百零一条第(一)项,"去除前缀""根据""",安全生产
根据《安全生产法》第一百零三条第二款,《安全生产法》第一百零三条第二款,"去除前缀""根据""",安全生产
根据《安全生产法》第一百零二条,《安全生产法》第一百零二条,"去除前缀""根据""",安全生产
根据《安全生产法》第九十七条第(七)项,《安全生产法》第九十七条第(七)项,"去除前缀""根据""",安全生产
根据《安全生产法》第九十九条第(二)项,《安全生产法》第九十九条第(二)项,"去除前缀""根据""",安全生产
根据《安全生产法》第九十六条,《安全生产法》第九十六条,"去除前缀""根据""",安全生产
根据《安全生产法》第九十六条第二项,《安全生产法》第九十六条第二项,"去除前缀""根据""",安全生产
根据《安全生产违法行为行政处罚办法》第四十五条第一项,《安全生产违法行为行政处罚办法》第四十五条第一项,"去除前缀""根据""",安全生产
根据《安全生产法》第一百零一条,《安全生产法》第一百零一条,"去除前缀""根据""",安全生产
《中华人民共和国安全生产法》第九十四条第四款和,《中华人民共和国安全生产法》第九十四条第四款,"截断后缀""和""",安全生产
《中华人民共和国安全生产法》第三十二条规定,《中华人民共和国安全生产法》第三十二条,"截断后缀""规定""",安全生产
《中华人民共和国安全生产法》第三十二条的规定;违反,《中华人民共和国安全生产法》第三十二条的规定,"截断后缀"";违反""",安全生产
"《中华人民共和国安全生产法》第三十二条的规定,依据",《中华人民共和国安全生产法》第三十二条的规定,"截断后缀"",依据""",安全生产
《中华人民共和国安全生产法》第三十二条和,《中华人民共和国安全生产法》第三十二条,"截断后缀""和""",安全生产
《中华人民共和国安全生产法》第三十二条及,《中华人民共和国安全生产法》第三十二条,"截断后缀""及""",安全生产
《中华人民共和国安全生产法》第三十二条、第三十三条第一款、第七十九条第二款、第四十二条和,《中华人民共和国安全生产法》第三十二条、第三十三条第一款、第七十九条第二款、第四十二条,"截断后缀""和""",安全生产
《中华人民共和国安全生产法》第三十二条、第三十三条第一款、第七十九条第二款、,《中华人民共和国安全生产法》第三十二条、第三十三条第一款、第七十九条第二款,"截断后缀""、""",安全生产
《中华人民共和国安全生产法》第三十二条、三十三条、三十八条,《中华人民共和国安全生产法》第三十二条,"截断后缀""、三十三条、三十八条""",安全生产
《中华人民共和国安全生产法》第三十二条、,《中华人民共和国安全生产法》第三十二条,"截断后缀""、""",安全生产
《中华人民共和国安全生产法》第三十二条;,《中华人民共和国安全生产法》第三十二条,"截断后缀"";""",安全生产
《中华人民共和国安全生产法》第三十二条:依据,《中华人民共和国安全生产法》第三十二条,"截断后缀"":依据""",安全生产
"《中华人民共和国安全生产法》第三十五条,",《中华人民共和国安全生产法》第三十五条,"截断后缀"",""",安全生产
《中华人民共和国安全生产法》第三十五条;,《中华人民共和国安全生产法》第三十五条,"截断后缀"";""",安全生产
《中华人民共和国安全生产法》第三十八条、三十二条,《中华人民共和国安全生产法》第三十八条,"截断后缀""、三十二条""",安全生产
《中华人民共和国安全生产法》第三十五条规定,《中华人民共和国安全生产法》第三十五条,"截断后缀""规定""",安全生产
《中华人民共和国安全生产法》第三十五条第二款;2、,《中华人民共和国安全生产法》第三十五条第二款,"截断后缀"";2、""",安全生产
《中华人民共和国安全生产法》第三十五条、,《中华人民共和国安全生产法》第三十五条,"截断后缀""、""",安全生产
《中华人民共和国安全生产法》第三十九条第二款;2.,《中华人民共和国安全生产法》第三十九条第二款,"截断后缀"";2.""",安全生产
《中华人民共和国安全生产法》第三十一条和,《中华人民共和国安全生产法》第三十一条,"截断后缀""和""",安全生产
"《中华人民共和国安全生产法》第三十三条第一款,",《中华人民共和国安全生产法》第三十三条第一款,"截断后缀"",""",安全生产
《中华人民共和国安全生产法》第七十八条规定,《中华人民共和国安全生产法》第七十八条,"截断后缀""规定""",安全生产
《中华人民共和国安全生产法》第七十八条的规定建议依据,《中华人民共和国安全生产法》第七十八条的规定,"截断后缀""建议依据""",安全生产
《中华人民共和国安全生产法》第七十八条、原安监总局,《中华人民共和国安全生产法》第七十八条,"截断后缀""、原安监总局""",安全生产
《中华人民共和国安全生产法》第七十八条、,《中华人民共和国安全生产法》第七十八条,"截断后缀""、""",安全生产
"《中华人民共和国安全生产法》第七十八条,",《中华人民共和国安全生产法》第七十八条,"截断后缀"",""",安全生产
《中华人民共和国安全生产法》第七十八条：违反了,《中华人民共和国安全生产法》第七十八条,"截断后缀""：违反了""",安全生产
《中华人民共和国安全生产法》第三十八条的有关规定,《中华人民共和国安全生产法》第三十八条,"截断后缀""的有关规定""",安全生产
《中华人民共和国安全生产法》第三十三条第一款;3.,《中华人民共和国安全生产法》第三十三条第一款,"截断后缀"";3.""",安全生产
《中华人民共和国安全生产法》第三十三第条一款,《中华人民共和国安全生产法》,"截断后缀""第三十三第条一款""",安全生产
《中华人民共和国安全生产法》第三十三条第二款规定,《中华人民共和国安全生产法》第三十三条第二款,"截断后缀""规定""",安全生产
《中华人民共和国安全生产法》第三十三条第二款及,《中华人民共和国安全生产法》第三十三条第二款,"截断后缀""及""",安全生产
《中华人民共和国安全生产法》第三十三条第一款、,《中华人民共和国安全生产法》第三十三条第一款,"截断后缀""、""",安全生产
"《中华人民共和国安全生产法》第三十三条第二款,",《中华人民共和国安全生产法》第三十三条第二款,"截断后缀"",""",安全生产
《中华人民共和国安全生产法》第三十三条第一款和第二款、,《中华人民共和国安全生产法》第三十三条第一款和第二款,"截断后缀""、""",安全生产
《中华人民共和国安全生产法》第三十三条第一款和,《中华人民共和国安全生产法》第三十三条第一款,"截断后缀""和""",安全生产
《中华人民共和国安全生产法》第三十三条第一款及,《中华人民共和国安全生产法》第三十三条第一款,"截断后缀""及""",安全生产
"《中华人民共和国安全生产法》第三十八条的规定,依据",《中华人民共和国安全生产法》第三十八条的规定,"截断后缀"",依据""",安全生产
"《中华人民共和国安全生产法》第三十条第一款,",《中华人民共和国安全生产法》第三十条第一款,"截断后缀"",""",安全生产
《中华人民共和国安全生产法》第三十条的规定依据,《中华人民共和国安全生产法》第三十条的规定,"截断后缀""依据""",安全生产
《中华人民共和国安全生产法》第三十条;,《中华人民共和国安全生产法》第三十条,"截断后缀"";""",安全生产
《中华人民共和国安全生产法》第三十条第一款、,《中华人民共和国安全生产法》第三十条第一款,"截断后缀""、""",安全生产
《中华人民共和国安全生产法》第三十六条第二款规定,《中华人民共和国安全生产法》第三十六条第二款,"截断后缀""规定""",安全生产
《中华人民共和国安全生产法》第三十六条第二款的有关规定,《中华人民共和国安全生产法》第三十六条第二款,"截断后缀""的有关规定""",安全生产
《中华人民共和国安全生产法》第九十七条及,《中华人民共和国安全生产法》第九十七条,"截断后缀""及""",安全生产
《中华人民共和国安全生产法》第九十七条、,《中华人民共和国安全生产法》第九十七条,"截断后缀""、""",安全生产
《中华人民共和国安全生产法》第九十七条;8.,《中华人民共和国安全生产法》第九十七条,"截断后缀"";8.""",安全生产
《中华人民共和国安全生产法》第九十七条;,《中华人民共和国安全生产法》第九十七条,"截断后缀"";""",安全生产
"《中华人民共和国安全生产法》第九十七条,",《中华人民共和国安全生产法》第九十七条,"截断后缀"",""",安全生产
《中华人民共和国安全生产法》第三罚款,《中华人民共和国安全生产法》,"截断后缀""第三罚款""",安全生产
《中华人民共和国安全生产法》第三十条规定,《中华人民共和国安全生产法》第三十条,"截断后缀""规定""",安全生产
《中华人民共和国安全生产法》第三十条第一款规定,《中华人民共和国安全生产法》第三十条第一款,"截断后缀""规定""",安全生产
《中华人民共和国安全生产法》第三十条第一款的规定;依据,《中华人民共和国安全生产法》第三十条第一款的规定,"截断后缀"";依据""",安全生产
《中华人民共和国安全生产法》第三十条第一款及,《中华人民共和国安全生产法》第三十条第一款,"截断后缀""及""",安全生产
《中华人民共和国安全生产法》第三十六条第二款、,《中华人民共和国安全生产法》第三十六条第二款,"截断后缀""、""",安全生产
《中华人民共和国安全生产法》第三十六条第二款;,《中华人民共和国安全生产法》第三十六条第二款,"截断后缀"";""",安全生产
《中华人民共和国安全生产法》第三十六条第一、二款、,《中华人民共和国安全生产法》第三十六条,"截断后缀""第一、二款、""",安全生产
《中华人民共和国安全生产法》第三十六条、,《中华人民共和国安全生产法》第三十六条,"截断后缀""、""",安全生产
《中华人民共和国安全生产法》第三十六条;,《中华人民共和国安全生产法》第三十六条,"截断后缀"";""",安全生产
《中华人民共和国安全生产法》第三十八条第一款的规定依据,《中华人民共和国安全生产法》第三十八条第一款的规定,"截断后缀""依据""",安全生产
《中华人民共和国安全生产法》第三十八条第一款依据,《中华人民共和国安全生产法》第三十八条第一款,"截断后缀""依据""",安全生产
"《中华人民共和国安全生产法》第三十八条第一款,",《中华人民共和国安全生产法》第三十八条第一款,"截断后缀"",""",安全生产
《中华人民共和国安全生产法》第三十六条第二款;2.,《中华人民共和国安全生产法》第三十六条第二款,"截断后缀"";2.""",安全生产
《中华人民共和国安全生产法》第三十六条第一款;,《中华人民共和国安全生产法》第三十六条第一款,"截断后缀"";""",安全生产
"《中华人民共和国安全生产法》第三十六条第二款,",《中华人民共和国安全生产法》第三十六条第二款,"截断后缀"",""",安全生产
《中华人民共和国安全生产法》第三十六条第一款规定,《中华人民共和国安全生产法》第三十六条第一款,"截断后缀""规定""",安全生产
"《中华人民共和国安全生产法》第三十六条第一款,",《中华人民共和国安全生产法》第三十六条第一款,"截断后缀"",""",安全生产
《中华人民共和国安全生产法》第三十六条第一款、第二款、,《中华人民共和国安全生产法》第三十六条第一款、第二款,"截断后缀""、""",安全生产
《中华人民共和国安全生产法》第三十六条第一款、,《中华人民共和国安全生产法》第三十六条第一款,"截断后缀""、""",安全生产
《中华人民共和国安全生产法》第三十六条第一款;8.,《中华人民共和国安全生产法》第三十六条第一款,"截断后缀"";8.""",安全生产
《中华人民共和国安全生产法》第三十六条第一款;6.,《中华人民共和国安全生产法》第三十六条第一款,"截断后缀"";6.""",安全生产
《中华人民共和国安全生产法》第三十六条第一款;4.,《中华人民共和国安全生产法》第三十六条第一款,"截断后缀"";4.""",安全生产
《中华人民共和国安全生产法》第七十九条第二款和,《中华人民共和国安全生产法》第七十九条第二款,"截断后缀""和""",安全生产
《中华人民共和国安全生产法》第一百〇一条第一款第五项;,《中华人民共和国安全生产法》第一百〇一条第一款第五项,"截断后缀"";""",安全生产
《中华人民共和国安全生产法》第一十八条;,《中华人民共和国安全生产法》第一十八条,"截断后缀"";""",安全生产
《中华人民共和国安全生产法》第96条规定,《中华人民共和国安全生产法》第96条,"截断后缀""规定""",安全生产
《中华人民共和国安全生产法》第一百一十四条第(一)项规定给予处罚款,《中华人民共和国安全生产法》第一百一十四条第(一)项,"截断后缀""规定给予处罚款""",安全生产
《中华人民共和国安全生产法》第一百一十四条第一款第(一)项、,《中华人民共和国安全生产法》第一百一十四条第一款第(一)项,"截断后缀""、""",安全生产
《中华人民共和国安全生产法》第一百零一条、,《中华人民共和国安全生产法》第一百零一条,"截断后缀""、""",安全生产
《中华人民共和国安全生产法》第一百一十四条第（一）项罚款,《中华人民共和国安全生产法》第一百一十四条第（一）项,"截断后缀""罚款""",安全生产
"《中华人民共和国安全生产法》第一百条第二款,",《中华人民共和国安全生产法》第一百条第二款,"截断后缀"",""",安全生产
《中华人民共和国安全生产法》第31条第1款规定,《中华人民共和国安全生产法》第31条第1款,"截断后缀""规定""",安全生产
《中华人民共和国安全生产法》第25条、27条、40条、41条,《中华人民共和国安全生产法》第25条,"截断后缀""、27条、40条、41条""",安全生产
《中华人民共和国安全生产法》第109条第1款规定,《中华人民共和国安全生产法》第109条第1款,"截断后缀""规定""",安全生产
《中华人民共和国安全生产法》第(三十五)条,《中华人民共和国安全生产法》第(三十五),"截断后缀""条""",安全生产
《中华人民共和国安全生产法》第一百零二条和,《中华人民共和国安全生产法》第一百零二条,"截断后缀""和""",安全生产
《中华人民共和国安全生产法》第一百零二条、九十六条,《中华人民共和国安全生产法》第一百零二条,"截断后缀""、九十六条""",安全生产
《中华人民共和国安全生产法》第一百零二条、,《中华人民共和国安全生产法》第一百零二条,"截断后缀""、""",安全生产
《中华人民共和国安全生产法》第一百零二条;6.,《中华人民共和国安全生产法》第一百零二条,"截断后缀"";6.""",安全生产
"《中华人民共和国安全生产法》第一百零二条的规定,决定给予处人民币贰万伍仟元罚款",《中华人民共和国安全生产法》第一百零二条的规定,"截断后缀"",决定给予处人民币贰万伍仟元罚款""",安全生产
《中华人民共和国安全生产法》第一百零二条;4.,《中华人民共和国安全生产法》第一百零二条,"截断后缀"";4.""",安全生产
《中华人民共和国安全生产法》第一百零二条;,《中华人民共和国安全生产法》第一百零二条,"截断后缀"";""",安全生产
"《中华人民共和国安全生产法》第一百零二条,",《中华人民共和国安全生产法》第一百零二条,"截断后缀"",""",安全生产
《中华人民共和国安全生产法》第一百零二一条;,《中华人民共和国安全生产法》第一百零二一条,"截断后缀"";""",安全生产
《中华人民共和国安全生产法》第一百零九条第（一）项的规定（法律条款,《中华人民共和国安全生产法》第一百零九条第（一）项的规定,"截断后缀""（法律条款""",安全生产
《中华人民共和国安全生产法》第一百零二条;2.,《中华人民共和国安全生产法》第一百零二条,"截断后缀"";2.""",安全生产
《中华人民共和国安全生产法》第一百零九条第（一）项五、处罚决定：罚款,《中华人民共和国安全生产法》第一百零九条第（一）项,"截断后缀""五、处罚决定：罚款""",安全生产
《中华人民共和国安全生产法》第一百零五条第二项;6.,《中华人民共和国安全生产法》第一百零五条第二项,"截断后缀"";6.""",安全生产
"《中华人民共和国安全生产法》第一百零二条规定,拟对该公司作出处罚人民币肆万元罚款",《中华人民共和国安全生产法》第一百零二条,"截断后缀""规定,拟对该公司作出处罚人民币肆万元罚款""",安全生产
《中华人民共和国安全生产法》第一百零二条规定,《中华人民共和国安全生产法》第一百零二条,"截断后缀""规定""",安全生产
《中华人民共和国安全生产法》第一百零五条第(二)项;,《中华人民共和国安全生产法》第一百零五条第(二)项,"截断后缀"";""",安全生产
《中华人民共和国安全生产法》第七十九条第二款;2、,《中华人民共和国安全生产法》第七十九条第二款,"截断后缀"";2、""",安全生产
《中华人民共和国安全生产法》第一百零三条第二款、,《中华人民共和国安全生产法》第一百零三条第二款,"截断后缀""、""",安全生产
《中华人民共和国安全生产法》第一百零一条第一项的规定;2.,《中华人民共和国安全生产法》第一百零一条第一项的规定,"截断后缀"";2.""",安全生产
"《中华人民共和国安全生产法》第一百零九条第一项规定,给予罚款",《中华人民共和国安全生产法》第一百零九条第一项,"截断后缀""规定,给予罚款""",安全生产
《中华人民共和国安全生产法》第一百零九条第一项规定,《中华人民共和国安全生产法》第一百零九条第一项,"截断后缀""规定""",安全生产
《中华人民共和国安全生产法》第一百零九条第(一)项的规定(法律条款,《中华人民共和国安全生产法》第一百零九条第(一)项的规定,"截断后缀""(法律条款""",安全生产
《中华人民共和国安全生产法》第一百零九条第(一)项作出罚款,《中华人民共和国安全生产法》第一百零九条第(一)项,"截断后缀""作出罚款""",安全生产
《中华人民共和国安全生产法》第一百零九条第(一)项、,《中华人民共和国安全生产法》第一百零九条第(一)项,"截断后缀""、""",安全生产
《中华人民共和国安全生产法》第九十七条第(七)项的规定决定给予罚款,《中华人民共和国安全生产法》第九十七条第(七)项的规定,"截断后缀""决定给予罚款""",安全生产
《中华人民共和国安全生产法》第九十六条第（一）项、,《中华人民共和国安全生产法》第九十六条第（一）项,"截断后缀""、""",安全生产
《中华人民共和国安全生产法》第九十四条、,《中华人民共和国安全生产法》第九十四条,"截断后缀""、""",安全生产
《中华人民共和国安全生产法》第九十四条;,《中华人民共和国安全生产法》第九十四条,"截断后缀"";""",安全生产
《中华人民共和国安全生产法》第九十六条规定罚款,《中华人民共和国安全生产法》第九十六条,"截断后缀""规定罚款""",安全生产
《中华人民共和国安全生产法》第九十六条规定,《中华人民共和国安全生产法》第九十六条,"截断后缀""规定""",安全生产
《中华人民共和国安全生产法》第九十六条第（二）项的规定拟给予贰万伍仟元的罚款,《中华人民共和国安全生产法》第九十六条第（二）项的规定,"截断后缀""拟给予贰万伍仟元的罚款""",安全生产
《中华人民共和国安全生产法》第九十六条第（二）项的规定拟给予贰万伍仟元的罚款,《中华人民共和国安全生产法》第九十六条第（二）项的规定,"截断后缀""拟给予贰万伍仟元的罚款""",安全生产
《中华人民共和国安全生产法》第九十六条第（二）项及,《中华人民共和国安全生产法》第九十六条第（二）项,"截断后缀""及""",安全生产
《中华人民共和国安全生产法》第九十六条第（二）项、,《中华人民共和国安全生产法》第九十六条第（二）项,"截断后缀""、""",安全生产
"《中华人民共和国安全生产法》第九十六条第（二）项,",《中华人民共和国安全生产法》第九十六条第（二）项,"截断后缀"",""",安全生产
《中华人民共和国安全生产法》第九十八条第二项对第二条隐患处罚款二万元;合并处罚款,《中华人民共和国安全生产法》第九十八条第二项对第二条,"截断后缀""隐患处罚款二万元;合并处罚款""",安全生产
《中华人民共和国安全生产法》第九十八条第(一)项;,《中华人民共和国安全生产法》第九十八条第(一)项,"截断后缀"";""",安全生产
《中华人民共和国安全生产法》第九十六条第(四项,《中华人民共和国安全生产法》第九十六条,"截断后缀""第(四项""",安全生产
《中华人民共和国安全生产法》第九十六条(一)和,《中华人民共和国安全生产法》第九十六条(一),"截断后缀""和""",安全生产
《中华人民共和国安全生产法》第九十六条第(三)项、,《中华人民共和国安全生产法》第九十六条第(三)项,"截断后缀""、""",安全生产
《中华人民共和国安全生产法》第九十四条第七项、,《中华人民共和国安全生产法》第九十四条第七项,"截断后缀""、""",安全生产
《中华人民共和国安全生产法》第九十四条第七项及,《中华人民共和国安全生产法》第九十四条第七项,"截断后缀""及""",安全生产
《中华人民共和国安全生产法》第九十四条第一款第（五）项和,《中华人民共和国安全生产法》第九十四条第一款第（五）项,"截断后缀""和""",安全生产
《中华人民共和国安全生产法》第九十四条第一款第四项罚款,《中华人民共和国安全生产法》第九十四条第一款第四项,"截断后缀""罚款""",安全生产
《中华人民共和国安全生产法》第九十四条第一款第四项的规定责令整改并处于人民币壹仟元罚款,《中华人民共和国安全生产法》第九十四条第一款第四项的规定,"截断后缀""责令整改并处于人民币壹仟元罚款""",安全生产
《中华人民共和国安全生产法》第九十四条第七项和,《中华人民共和国安全生产法》第九十四条第七项,"截断后缀""和""",安全生产
《中华人民共和国安全生产法》第九十四条第四、五、六项,《中华人民共和国安全生产法》第九十四条,"截断后缀""第四、五、六项""",安全生产
《中华人民共和国安全生产法》第九十四条第六项的规定对该公司作出罚款,《中华人民共和国安全生产法》第九十四条第六项的规定,"截断后缀""对该公司作出罚款""",安全生产
"《中华人民共和国安全生产法》第九十四条第六项,",《中华人民共和国安全生产法》第九十四条第六项,"截断后缀"",""",安全生产
《中华人民共和国安全生产法》第九十四条第三项对第一条隐患处罚款,《中华人民共和国安全生产法》第九十四条第三项对第一条,"截断后缀""隐患处罚款""",安全生产
《中华人民共和国安全生产法》第九十四条第三项和,《中华人民共和国安全生产法》第九十四条第三项,"截断后缀""和""",安全生产
《中华人民共和国安全生产法》第九十四条第(五)项的规定决定给予罚款,《中华人民共和国安全生产法》第九十四条第(五)项的规定,"截断后缀""决定给予罚款""",安全生产
《中华人民共和国安全生产法》第九十四条第(七)项处罚决定:罚款,《中华人民共和国安全生产法》第九十四条第(七)项,"截断后缀""处罚决定:罚款""",安全生产
《中华人民共和国安全生产法》第九十四条第(一)款、,《中华人民共和国安全生产法》第九十四条第(一)款,"截断后缀""、""",安全生产
《中华人民共和国安全生产法》第九十四条第(六)项和,《中华人民共和国安全生产法》第九十四条第(六)项,"截断后缀""和""",安全生产
《中华人民共和国安全生产法》第九十四条第(四)项给予罚款,《中华人民共和国安全生产法》第九十四条第(四)项,"截断后缀""给予罚款""",安全生产
《中华人民共和国安全生产法》第九十四条第(四)项、,《中华人民共和国安全生产法》第九十四条第(四)项,"截断后缀""、""",安全生产
《中华人民共和国安全生产法》第九十四条第(四)项规定,《中华人民共和国安全生产法》第九十四条第(四)项,"截断后缀""规定""",安全生产
《中华人民共和国安全生产法》第九十七条第（七）项的规定决定给予人民币一万五千元罚款,《中华人民共和国安全生产法》第九十七条第（七）项的规定,"截断后缀""决定给予人民币一万五千元罚款""",安全生产
《中华人民共和国安全生产法》第九十七条第（一）项、,《中华人民共和国安全生产法》第九十七条第（一）项,"截断后缀""、""",安全生产
《中华人民共和国安全生产法》第九十七条第四项、,《中华人民共和国安全生产法》第九十七条第四项,"截断后缀""、""",安全生产
《中华人民共和国安全生产法》第九十七条第六项、,《中华人民共和国安全生产法》第九十七条第六项,"截断后缀""、""",安全生产
《中华人民共和国安全生产法》第九十七条第五项处罚结果:处罚款,《中华人民共和国安全生产法》第九十七条第五项,"截断后缀""处罚结果:处罚款""",安全生产
《中华人民共和国安全生产法》第九十九条:,《中华人民共和国安全生产法》第九十九条,"截断后缀"":""",安全生产
"《中华人民共和国安全生产法》第九十九条,",《中华人民共和国安全生产法》第九十九条,"截断后缀"",""",安全生产
《中华人民共和国安全生产法》第九十九条(三)项处贰万元罚款,《中华人民共和国安全生产法》第九十九条(三)项,"截断后缀""处贰万元罚款""",安全生产
《中华人民共和国安全生产法》第九十七条第三项、2.依据,《中华人民共和国安全生产法》第九十七条第三项,"截断后缀""、2.依据""",安全生产
"《中华人民共和国安全生产法》第九十三条,",《中华人民共和国安全生产法》第九十三条,"截断后缀"",""",安全生产
《中华人民共和国安全生产法》第九十七条规定,《中华人民共和国安全生产法》第九十七条,"截断后缀""规定""",安全生产
《中华人民共和国安全生产法》第九十七条第（四）项、,《中华人民共和国安全生产法》第九十七条第（四）项,"截断后缀""、""",安全生产
《中华人民共和国安全生产法》第九十七条第三项、,《中华人民共和国安全生产法》第九十七条第三项,"截断后缀""、""",安全生产
《中华人民共和国安全生产法》第九十七条第〔三〕项、第九十九条第〔三〕项,《中华人民共和国安全生产法》第九十七条第〔三〕项、第九十九条,"截断后缀""第〔三〕项""",安全生产
《中华人民共和国安全生产法》第九十七条第〔七〕项,《中华人民共和国安全生产法》第九十七条,"截断后缀""第〔七〕项""",安全生产
《中华人民共和国安全生产法》第九十七条第三、四、五项,《中华人民共和国安全生产法》第九十七条,"截断后缀""第三、四、五项""",安全生产
《中华人民共和国安全生产法》第九十七条第七项处人民币1.8万元罚款,《中华人民共和国安全生产法》第九十七条第七项,"截断后缀""处人民币1.8万元罚款""",安全生产
《中华人民共和国安全生产法》第九十七条第七项和,《中华人民共和国安全生产法》第九十七条第七项,"截断后缀""和""",安全生产
《中华人民共和国安全生产法》第九十七条第七项、,《中华人民共和国安全生产法》第九十七条第七项,"截断后缀""、""",安全生产
《中华人民共和国安全生产法》第九十七条第一项的规定决定给予处人民币贰万叁仟元整罚款,《中华人民共和国安全生产法》第九十七条第一项的规定,"截断后缀""决定给予处人民币贰万叁仟元整罚款""",安全生产
《中华人民共和国安全生产法》第九十七条第一项、,《中华人民共和国安全生产法》第九十七条第一项,"截断后缀""、""",安全生产
《中华人民共和国安全生产法》第九十七条第一款第六项;,《中华人民共和国安全生产法》第九十七条第一款第六项,"截断后缀"";""",安全生产
"《中华人民共和国安全生产法》第九十九条第二项规定;第2条,",《中华人民共和国安全生产法》第九十九条第二项规定;第2条,"截断后缀"",""",安全生产
《中华人民共和国安全生产法》第九十九条第二项规定,《中华人民共和国安全生产法》第九十九条第二项,"截断后缀""规定""",安全生产
《中华人民共和国安全生产法》第九十九条第二项处贰万元罚款,《中华人民共和国安全生产法》第九十九条第二项,"截断后缀""处贰万元罚款""",安全生产
《中华人民共和国安全生产法》第九十九条第二项处10万元罚款,《中华人民共和国安全生产法》第九十九条第二项,"截断后缀""处10万元罚款""",安全生产
《中华人民共和国安全生产法》第九十九条第二项、第五项的规定给予处罚款,《中华人民共和国安全生产法》第九十九条第二项、第五项的规定,"截断后缀""给予处罚款""",安全生产
《中华人民共和国安全生产法》第九十九条第二项、,《中华人民共和国安全生产法》第九十九条第二项,"截断后缀""、""",安全生产
《中华人民共和国安全生产法》第九十九条第二项;8.,《中华人民共和国安全生产法》第九十九条第二项,"截断后缀"";8.""",安全生产
《中华人民共和国安全生产法》第九十九条第二项;6.,《中华人民共和国安全生产法》第九十九条第二项,"截断后缀"";6.""",安全生产
《中华人民共和国安全生产法》第九十九条第二项;4.,《中华人民共和国安全生产法》第九十九条第二项,"截断后缀"";4.""",安全生产
《中华人民共和国安全生产法》第九十九条第二项;2.,《中华人民共和国安全生产法》第九十九条第二项,"截断后缀"";2.""",安全生产
《中华人民共和国安全生产法》第九十九条第二项、第三项规定;第3、4条,《中华人民共和国安全生产法》第九十九条第二项、第三项,"截断后缀""规定;第3、4条""",安全生产
《中华人民共和国安全生产法》第九十九条规定,《中华人民共和国安全生产法》第九十九条,"截断后缀""规定""",安全生产
"《中华人民共和国安全生产法》第九十九条第（二）项,",《中华人民共和国安全生产法》第九十九条第（二）项,"截断后缀"",""",安全生产
"《中华人民共和国安全生产法》第九十九条第（三）项,",《中华人民共和国安全生产法》第九十九条第（三）项,"截断后缀"",""",安全生产
《中华人民共和国安全生产法》第九十九条第（一）项的规定作出罚款,《中华人民共和国安全生产法》第九十九条第（一）项的规定,"截断后缀""作出罚款""",安全生产
《中华人民共和国安全生产法》第九十九条第（三）项、,《中华人民共和国安全生产法》第九十九条第（三）项,"截断后缀""、""",安全生产
《中华人民共和国安全生产法》第九十九条第(二)项处贰万元罚款,《中华人民共和国安全生产法》第九十九条第(二)项,"截断后缀""处贰万元罚款""",安全生产
《中华人民共和国安全生产法》第九十九条第(二)项处罚决定:罚款,《中华人民共和国安全生产法》第九十九条第(二)项,"截断后缀""处罚决定:罚款""",安全生产
《中华人民共和国安全生产法》第九十九条第(二)项、,《中华人民共和国安全生产法》第九十九条第(二)项,"截断后缀""、""",安全生产
《中华人民共和国安全生产法》第九十九条第〔五〕项,《中华人民共和国安全生产法》第九十九条,"截断后缀""第〔五〕项""",安全生产
《中华人民共和国安全生产法》第九十九条第(三)项、,《中华人民共和国安全生产法》第九十九条第(三)项,"截断后缀""、""",安全生产
《中华人民共和国安全生产法》第九十九条第(三)项;2.,《中华人民共和国安全生产法》第九十九条第(三)项,"截断后缀"";2.""",安全生产
《中华人民共和国安全生产法》第九十九条第(一)项规定,《中华人民共和国安全生产法》第九十九条第(一)项,"截断后缀""规定""",安全生产
《中华人民共和国安全生产法》第九十九条第一款第(一)项、,《中华人民共和国安全生产法》第九十九条第一款第(一)项,"截断后缀""、""",安全生产
《中华人民共和国安全生产法》第九十九条第三项的规定给予处罚款,《中华人民共和国安全生产法》第九十九条第三项的规定,"截断后缀""给予处罚款""",安全生产
《中华人民共和国安全生产法》第九十九条第一项、,《中华人民共和国安全生产法》第九十九条第一项,"截断后缀""、""",安全生产
《中华人民共和国安全生产法》第九十九条第一项;2.,《中华人民共和国安全生产法》第九十九条第一项,"截断后缀"";2.""",安全生产
《中华人民共和国安全生产法》第九十九条第一项;,《中华人民共和国安全生产法》第九十九条第一项,"截断后缀"";""",安全生产
《国务院关于预防煤矿安全生产事故的特别规定》第八条第二款第（十五）项、,《国务院关于预防煤矿安全生产事故的特别规定》第八条第二款第（十五）项,"截断后缀""、""",安全生产
《国务院关于预防煤矿安全生产事故的特别规定》第八条第二款第（二）项、,《国务院关于预防煤矿安全生产事故的特别规定》第八条第二款第（二）项,"截断后缀""、""",安全生产
《国务院关于预防煤矿安全生产事故的特别规定》第八条第二款第（三）项、,《国务院关于预防煤矿安全生产事故的特别规定》第八条第二款第（三）项,"截断后缀""、""",安全生产
《烟花爆竹作业安全技术规程》第4.3条,《烟花爆竹作业安全技术规程》,"截断后缀""第4.3条""",安全生产
《烟花爆竹作业安全技术规程》第4.5条,《烟花爆竹作业安全技术规程》,"截断后缀""第4.5条""",安全生产
《烟花爆竹作业安全技术规程》第4.5项,《烟花爆竹作业安全技术规程》,"截断后缀""第4.5项""",安全生产
依据《中华人民共和国安全生产法》第97条第(五)项,《中华人民共和国安全生产法》第97条第(五)项,"去除前缀""依据""",安全生产
依据《中华人民共和国安全生产法》九十四条第三项的规定,《中华人民共和国安全生产法》九十四条第三项的规定,"去除前缀""依据""",安全生产
《头部防护安全帽》第一项给予壹万伍仟元罚款,《头部防护安全帽》第一项,"截断后缀""给予壹万伍仟元罚款""",安全生产
依据《中华人民共和国安全生产法》九十四条第三项、九十六条第二项,《中华人民共和国安全生产法》九十四条第三项、九十六条第二项,"去除前缀""依据""",安全生产
依据:《河北省安全生产条例》第七十九条第(一)项,:《河北省安全生产条例》第七十九条第(一)项,"去除前缀""依据""",安全生产
《煤矿安全监管监察行政处罚自由裁量基准》第212条、,《煤矿安全监管监察行政处罚自由裁量基准》第212条,"截断后缀""、""",安全生产
《煤矿安全监控系统及检测仪器使用管理规范》第8.3.3条,《煤矿安全监控系统及检测仪器使用管理规范》,"截断后缀""第8.3.3条""",安全生产
《煤矿安全监控系统及检测仪器使用管理规范》第6.3.1条、第6.4.1条,《煤矿安全监控系统及检测仪器使用管理规范》,"截断后缀""第6.3.1条、第6.4.1条""",安全生产
《国务院关于预防煤矿安全生产事故的特别规定》第八条第二款第（四）项、,《国务院关于预防煤矿安全生产事故的特别规定》第八条第二款第（四）项,"截断后缀""、""",安全生产
《煤矿安全监控系统及检测仪器使用管理规范》第4.4条,《煤矿安全监控系统及检测仪器使用管理规范》,"截断后缀""第4.4条""",安全生产
《煤矿安全监控系统及检测仪器使用管理规范》第5.5条,《煤矿安全监控系统及检测仪器使用管理规范》,"截断后缀""第5.5条""",安全生产
《烟花爆竹安全管理条例》第三十七条第（三）项予以处人民币贰万元罚款,《烟花爆竹安全管理条例》第三十七条第（三）项,"截断后缀""予以处人民币贰万元罚款""",安全生产
依据《中华人民共和国安全生产法》第九七十八条,《中华人民共和国安全生产法》第九七十八条,"去除前缀""依据""",安全生产
依据《中华人民共和国安全生产法》第九三十八条,《中华人民共和国安全生产法》第九三十八条,"去除前缀""依据""",安全生产
依据《中华人民共和国安全生产法》第九十七条,《中华人民共和国安全生产法》第九十七条,"去除前缀""依据""",安全生产
依据《中华人民共和国安全生产法》第九十七条第(七)项,《中华人民共和国安全生产法》第九十七条第(七)项,"去除前缀""依据""",安全生产
依据《中华人民共和国安全生产法》第九十七条第(七)项的规定,《中华人民共和国安全生产法》第九十七条第(七)项的规定,"去除前缀""依据""",安全生产
依据《中华人民共和国安全生产法》第九十七条第(三)项、第(四)项、第(五)项,《中华人民共和国安全生产法》第九十七条第(三)项、第(四)项、第(五)项,"去除前缀""依据""",安全生产
依据《中华人民共和国安全生产法》第九十七条第(五)项,《中华人民共和国安全生产法》第九十七条第(五)项,"去除前缀""依据""",安全生产
依据《中华人民共和国安全生产法》第九十七条第(六)项,《中华人民共和国安全生产法》第九十七条第(六)项,"去除前缀""依据""",安全生产
依据《中华人民共和国安全生产法》第九十七条第(六)项的规定,《中华人民共和国安全生产法》第九十七条第(六)项的规定,"去除前缀""依据""",安全生产
依据《中华人民共和国安全生产法》第九十七条第(四)项,《中华人民共和国安全生产法》第九十七条第(四)项,"去除前缀""依据""",安全生产
依据《中华人民共和国安全生产法》第九十七条第一款第七项,《中华人民共和国安全生产法》第九十七条第一款第七项,"去除前缀""依据""",安全生产
依据《中华人民共和国安全生产法》第一零一条第一款第(二)项,《中华人民共和国安全生产法》第一零一条第一款第(二)项,"去除前缀""依据""",安全生产
依据《中华人民共和国安全生产法》第一百零八条,《中华人民共和国安全生产法》第一百零八条,"去除前缀""依据""",安全生产
依据《中华人民共和国安全生产法》第一百零二条,《中华人民共和国安全生产法》第一百零二条,"去除前缀""依据""",安全生产
依据《中华人民共和国安全生产法》第一百零三条第二款,《中华人民共和国安全生产法》第一百零三条第二款,"去除前缀""依据""",安全生产
依据《中华人民共和国安全生产法》第97条第7项,《中华人民共和国安全生产法》第97条第7项,"去除前缀""依据""",安全生产
《烟花爆竹安全管理条例》第三十七条第（二）项予以处人民币贰万玖仟玖佰元罚款,《烟花爆竹安全管理条例》第三十七条第（二）项,"截断后缀""予以处人民币贰万玖仟玖佰元罚款""",安全生产
《河南省生产安全事故隐患排查治理办法》第八条第（一）项、,《河南省生产安全事故隐患排查治理办法》第八条第（一）项,"截断后缀""、""",安全生产
依据《中华人民共和国安全生产法》第97条第(四)项,《中华人民共和国安全生产法》第97条第(四)项,"去除前缀""依据""",安全生产
《固定式钢梯及平台安全要求》第5.7.6条,《固定式钢梯及平台安全要求》,"截断后缀""第5.7.6条""",安全生产
依据《中华人民共和国安全生产法》第一百零一条第(五)项,《中华人民共和国安全生产法》第一百零一条第(五)项,"去除前缀""依据""",安全生产
依据《中华人民共和国安全生产法》第一百零一条第(三)项的规定,《中华人民共和国安全生产法》第一百零一条第(三)项的规定,"去除前缀""依据""",安全生产
依据《中华人民共和国安全生产法》第一百零一条,《中华人民共和国安全生产法》第一百零一条,"去除前缀""依据""",安全生产
依据《中华人民共和国安全生产法》第一百条第二款的规定,《中华人民共和国安全生产法》第一百条第二款的规定,"去除前缀""依据""",安全生产
依据《中华人民共和国安全生产法》第一百条第二款,《中华人民共和国安全生产法》第一百条第二款,"去除前缀""依据""",安全生产
《放射性同位素与射线装置安全和防护条例》第五十二条第一项和第五项“违反本条,《放射性同位素与射线装置安全和防护条例》第五十二条第一项和第五项,"截断后缀""“违反本条""",安全生产
"《煤矿安全规程》第一百二十五条,",《煤矿安全规程》第一百二十五条,"截断后缀"",""",安全生产
"《中华人民共和国矿山安全法实施条例》第十七条,",《中华人民共和国矿山安全法实施条例》第十七条,"截断后缀"",""",安全生产
《中华人民共和国矿山安全法实施条例》第十七条、,《中华人民共和国矿山安全法实施条例》第十七条,"截断后缀""、""",安全生产
《中华人民共和国矿山安全法实施条例》第十七条第一款;2.,《中华人民共和国矿山安全法实施条例》第十七条第一款,"截断后缀"";2.""",安全生产
《中华人民共和国矿山安全法实施条例》第十七条第一款、,《中华人民共和国矿山安全法实施条例》第十七条第一款,"截断后缀""、""",安全生产
"《中华人民共和国矿山安全法实施条例》第十六条第（四）项,",《中华人民共和国矿山安全法实施条例》第十六条第（四）项,"截断后缀"",""",安全生产
《煤矿安全规程》第一百一十四条第二项、,《煤矿安全规程》第一百一十四条第二项,"截断后缀""、""",安全生产
《河北省安全生产条例》第十条第二款的规定和,《河北省安全生产条例》第十条第二款的规定,"截断后缀""和""",安全生产
《国务院关于预防煤矿生产安全事故的特别规定》第十一条第二款、2.,《国务院关于预防煤矿生产安全事故的特别规定》第十一条第二款,"截断后缀""、2.""",安全生产
《煤矿安全规程》第一百八十八条和,《煤矿安全规程》第一百八十八条,"截断后缀""和""",安全生产
《河北省安全生产条例行政处罚自由裁量标准》第十四条【实施标准】第2项),《河北省安全生产条例行政处罚自由裁量标准》第十四条【实施标准】第2项,"截断后缀"")""",安全生产
《中华人民共和国矿山安全法实施条例》第五十四条的规定;第2条违反了,《中华人民共和国矿山安全法实施条例》第五十四条的规定;第2条,"截断后缀""违反了""",安全生产
《煤矿安全规程》第102条第3项、,《煤矿安全规程》第102条第3项,"截断后缀""、""",安全生产
《河北省安全生产风险管控与隐患治理规定》第二十六条处罚决定:罚款,《河北省安全生产风险管控与隐患治理规定》第二十六条,"截断后缀""处罚决定:罚款""",安全生产
《国务院关于预防煤矿生产安全事故的特别规定》第八条第十五项、,《国务院关于预防煤矿生产安全事故的特别规定》第八条第十五项,"截断后缀""、""",安全生产
"《中华人民共和国矿山安全法》第四十条第（二）项,",《中华人民共和国矿山安全法》第四十条第（二）项,"截断后缀"",""",安全生产
《中华人民共和国矿山安全法实施条例》第二十二条第一款、,《中华人民共和国矿山安全法实施条例》第二十二条第一款,"截断后缀""、""",安全生产
"《中华人民共和国矿山安全法实施条例》第五十二条第（二）项,",《中华人民共和国矿山安全法实施条例》第五十二条第（二）项,"截断后缀"",""",安全生产
《中华人民共和国矿产资源法》第四十条、,《中华人民共和国矿产资源法》第四十条,"截断后缀""、""",安全生产
《国务院关于预防煤矿生产安全事故的特别规定》第八条第二款第（四）项、,《国务院关于预防煤矿生产安全事故的特别规定》第八条第二款第（四）项,"截断后缀""、""",安全生产
《中华人民共和国矿产资源法》第三十九条第一款及,《中华人民共和国矿产资源法》第三十九条第一款,"截断后缀""及""",安全生产
《煤矿企业安全生产许可证实施办法》第七条第六款、,《煤矿企业安全生产许可证实施办法》第七条第六款,"截断后缀""、""",安全生产
《浙江省安全生产条例》第十一条第二款“前款,《浙江省安全生产条例》第十一条第二款,"截断后缀""“前款""",安全生产
《煤矿安全培训规定》第二十四条;,《煤矿安全培训规定》第二十四条,"截断后缀"";""",安全生产
《煤矿安全培训规定》第二十四条、,《煤矿安全培训规定》第二十四条,"截断后缀""、""",安全生产
依据《中华人民共和国矿山安全法实施条,《中华人民共和国矿山安全法实施条,"去除前缀""依据""",安全生产
《煤矿安全培训规定》第三十七条;,《煤矿安全培训规定》第三十七条,"截断后缀"";""",安全生产
《煤矿安全培训规定》第三十七条、,《煤矿安全培训规定》第三十七条,"截断后缀""、""",安全生产
《煤矿安全培训规定》第三十三条、,《煤矿安全培训规定》第三十三条,"截断后缀""、""",安全生产
《开卷矫平剪切生产线安全要求》第5.2.2条和5.2.4条,《开卷矫平剪切生产线安全要求》,"截断后缀""第5.2.2条和5.2.4条""",安全生产
《煤炭安全规程》第三百七十四条第二项和,《煤炭安全规程》第三百七十四条第二项,"截断后缀""和""",安全生产
《焦化安全规程》第8.3.10条,《焦化安全规程》,"截断后缀""第8.3.10条""",安全生产
《浙江省安全生产条例》第四十六条及,《浙江省安全生产条例》第四十六条,"截断后缀""及""",安全生产
《浙江省安全生产条例》第四十五条和,《浙江省安全生产条例》第四十五条,"截断后缀""和""",安全生产
依据《中华人民共和国安全生产法》第九十九条第(二)项的规定,《中华人民共和国安全生产法》第九十九条第(二)项的规定,"去除前缀""依据""",安全生产
依据《中华人民共和国安全生产法》第九十九条第(五)项,《中华人民共和国安全生产法》第九十九条第(五)项,"去除前缀""依据""",安全生产
依据《中华人民共和国安全生产法》第九十九条第(五)项的规定,《中华人民共和国安全生产法》第九十九条第(五)项的规定,"去除前缀""依据""",安全生产
依据《中华人民共和国安全生产法》第九十九条第一款,《中华人民共和国安全生产法》第九十九条第一款,"去除前缀""依据""",安全生产
依据《中华人民共和国安全生产法》第九十九条第一款第(一)项,《中华人民共和国安全生产法》第九十九条第一款第(一)项,"去除前缀""依据""",安全生产
依据《中华人民共和国安全生产法》第九十九条第一款第一项得规定,《中华人民共和国安全生产法》第九十九条第一款第一项,"去除前缀""依据""; 截断后缀""得规定""",安全生产
依据《中华人民共和国安全生产法》第九十九条第一项,《中华人民共和国安全生产法》第九十九条第一项,"去除前缀""依据""",安全生产
依据《中华人民共和国安全生产法》第九十九条第一项的规定,《中华人民共和国安全生产法》第九十九条第一项的规定,"去除前缀""依据""",安全生产
依据《中华人民共和国安全生产法》第九十九条第三项,《中华人民共和国安全生产法》第九十九条第三项,"去除前缀""依据""",安全生产
依据《中华人民共和国安全生产法》第九十九条第三项的规定,《中华人民共和国安全生产法》第九十九条第三项的规定,"去除前缀""依据""",安全生产
依据《中华人民共和国安全生产法》第九十九条第二项,《中华人民共和国安全生产法》第九十九条第二项,"去除前缀""依据""",安全生产
依据《中华人民共和国安全生产法》第九十九条第二项的规定,《中华人民共和国安全生产法》第九十九条第二项的规定,"去除前缀""依据""",安全生产
依据《中华人民共和国安全生产法》第九十九条第二项规定,《中华人民共和国安全生产法》第九十九条第二项,"去除前缀""依据""; 截断后缀""规定""",安全生产
依据《中华人民共和国安全生产法》第九十六条第(一)项,《中华人民共和国安全生产法》第九十六条第(一)项,"去除前缀""依据""",安全生产
依据《中华人民共和国安全生产法》第九十六条第(一)项的规定,《中华人民共和国安全生产法》第九十六条第(一)项的规定,"去除前缀""依据""",安全生产
依据《中华人民共和国安全生产法》第九十六条第(一)项规定,《中华人民共和国安全生产法》第九十六条第(一)项,"去除前缀""依据""; 截断后缀""规定""",安全生产
依据《中华人民共和国安全生产法》第九十六条第(三)项规定,《中华人民共和国安全生产法》第九十六条第(三)项,"去除前缀""依据""; 截断后缀""规定""",安全生产
《四川省安全生产行政处罚权力裁量标准》第10点“1.责令限期改正,《四川省安全生产行政处罚权力裁量标准》,"截断后缀""第10点“1.责令限期改正""",安全生产
依据《中华人民共和国安全生产法》第九十四条第(六)项,《中华人民共和国安全生产法》第九十四条第(六)项,"去除前缀""依据""",安全生产
依据《中华人民共和国安全生产法》第九十四条第(三)项的规定,《中华人民共和国安全生产法》第九十四条第(三)项的规定,"去除前缀""依据""",安全生产
依据《中华人民共和国安全生产法》第九十九条第(二)项,《中华人民共和国安全生产法》第九十九条第(二)项,"去除前缀""依据""",安全生产
依据《中华人民共和国安全生产法》第九十四条第(七)项,《中华人民共和国安全生产法》第九十四条第(七)项,"去除前缀""依据""",安全生产
依据《中华人民共和国安全生产法》第九十四条,《中华人民共和国安全生产法》第九十四条,"去除前缀""依据""",安全生产
依据《中华人民共和国安全生产法》第九十六条第四项给予罚款,《中华人民共和国安全生产法》第九十六条第四项,"去除前缀""依据""; 截断后缀""给予罚款""",安全生产
依据《中华人民共和国安全生产法》第九十六条第四项,《中华人民共和国安全生产法》第九十六条第四项,"去除前缀""依据""",安全生产
依据《中华人民共和国安全生产法》第九十六条第一项规定,《中华人民共和国安全生产法》第九十六条第一项,"去除前缀""依据""; 截断后缀""规定""",安全生产
依据《中华人民共和国安全生产法》第九十六条第(四)项规定,《中华人民共和国安全生产法》第九十六条第(四)项,"去除前缀""依据""; 截断后缀""规定""",安全生产
依据《中华人民共和国安全生产法》第九十六条第(四)项,《中华人民共和国安全生产法》第九十六条第(四)项,"去除前缀""依据""",安全生产
依据《中华人民共和国安全生产法》第九十四条的规定,《中华人民共和国安全生产法》第九十四条的规定,"去除前缀""依据""",安全生产
依据《中华人民共和国安全生产法》第九十九条第(三)项,《中华人民共和国安全生产法》第九十九条第(三)项,"去除前缀""依据""",安全生产
依据《中华人民共和国安全生产法》第九十九条第(七)项,《中华人民共和国安全生产法》第九十九条第(七)项,"去除前缀""依据""",安全生产
依据《中华人民共和国安全生产法》第九十九条第(一)项的规定,《中华人民共和国安全生产法》第九十九条第(一)项的规定,"去除前缀""依据""",安全生产
依据《中华人民共和国安全生产法》第九十七条第七项,《中华人民共和国安全生产法》第九十七条第七项,"去除前缀""依据""",安全生产
依据《中华人民共和国安全生产法》第九十七条第七款,《中华人民共和国安全生产法》第九十七条第七款,"去除前缀""依据""",安全生产
依据《中华人民共和国安全生产法》第九十七条第一款第四项,《中华人民共和国安全生产法》第九十七条第一款第四项,"去除前缀""依据""",安全生产
《烟花爆竹经营许可实施办法》第二十四条第一款;3、,《烟花爆竹经营许可实施办法》第二十四条第一款,"截断后缀"";3、""",安全生产
《四川省安全生产条例》第六十九条;4.,《四川省安全生产条例》第六十九条,"截断后缀"";4.""",安全生产
依据《中华人民共和国安全生产法》第九十七条第七项的规定,《中华人民共和国安全生产法》第九十七条第七项的规定,"去除前缀""依据""",安全生产
依据《中华人民共和国安全生产法》第九十九条第(一)项,《中华人民共和国安全生产法》第九十九条第(一)项,"去除前缀""依据""",安全生产
依据《中华人民共和国安全生产法》第九十七条第（七）项,《中华人民共和国安全生产法》第九十七条第（七）项,"去除前缀""依据""",安全生产
依据《中华人民共和国安全生产法》第九十七条第四项,《中华人民共和国安全生产法》第九十七条第四项,"去除前缀""依据""",安全生产
依据《中华人民共和国安全生产法》第九十七条第三项,《中华人民共和国安全生产法》第九十七条第三项,"去除前缀""依据""",安全生产
依据《中华人民共和国安全生产法》第九十七条第四款,《中华人民共和国安全生产法》第九十七条第四款,"去除前缀""依据""",安全生产
依据《中华人民共和国安全生产法》第九十七条第五项,《中华人民共和国安全生产法》第九十七条第五项,"去除前缀""依据""",安全生产
依据《中华人民共和国安全生产法》第九十七条第二项,《中华人民共和国安全生产法》第九十七条第二项,"去除前缀""依据""",安全生产
依据《中华人民共和国安全生产法》第九十七条第二款,《中华人民共和国安全生产法》第九十七条第二款,"去除前缀""依据""",安全生产
《煤矿安全监察行政处罚办法》第十二条、,《煤矿安全监察行政处罚办法》第十二条,"截断后缀""、""",安全生产
《煤矿安全监察行政处罚办法》第十三条处壹万元罚款,《煤矿安全监察行政处罚办法》第十三条,"截断后缀""处壹万元罚款""",安全生产
《煤矿安全监察行政处罚办法》第二十条、,《煤矿安全监察行政处罚办法》第二十条,"截断后缀""、""",安全生产
《煤矿安全监察条例》第四十五条的规定;第2条依据,《煤矿安全监察条例》第四十五条的规定;第2条,"截断后缀""依据""",安全生产
《煤矿安全监察条例》第三十二条、,《煤矿安全监察条例》第三十二条,"截断后缀""、""",安全生产
《煤矿安全监察条例》第四十五条、,《煤矿安全监察条例》第四十五条,"截断后缀""、""",安全生产
《煤矿安全监察条例》第三十二条的规定;第2条行为违反了,《煤矿安全监察条例》第三十二条的规定;第2条,"截断后缀""行为违反了""",安全生产
《煤矿安全监察行政处罚办法》第十二条对江西煤矿处壹万元的罚款,《煤矿安全监察行政处罚办法》第十二条,"截断后缀""对江西煤矿处壹万元的罚款""",安全生产
依据《中华人民共和国安全生产法》第九十四条第三项,《中华人民共和国安全生产法》第九十四条第三项,"去除前缀""依据""",安全生产
依据《中华人民共和国安全生产法》第九十四条第七款,《中华人民共和国安全生产法》第九十四条第七款,"去除前缀""依据""",安全生产
依据《中华人民共和国安全生产法》第九十四条第一款第六项,《中华人民共和国安全生产法》第九十四条第一款第六项,"去除前缀""依据""",安全生产
依据《中华人民共和国安全生产法》第九十四条第一款第五项,《中华人民共和国安全生产法》第九十四条第一款第五项,"去除前缀""依据""",安全生产
依据《中华人民共和国安全生产法》第九十四条第一款第五(项,《中华人民共和国安全生产法》第九十四条第一款第五(项,"去除前缀""依据""",安全生产
依据《中华人民共和国安全生产法》第九十四条第一款,《中华人民共和国安全生产法》第九十四条第一款,"去除前缀""依据""",安全生产
依据《中华人民共和国安全生产法》第九十四条第(四)项,《中华人民共和国安全生产法》第九十四条第(四)项,"去除前缀""依据""",安全生产
依据《中华人民共和国安全生产法》第九十四条第(六)项的规定,《中华人民共和国安全生产法》第九十四条第(六)项的规定,"去除前缀""依据""",安全生产
依据《中华人民共和国安全生产法》第九十四条第五项的规定,《中华人民共和国安全生产法》第九十四条第五项的规定,"去除前缀""依据""",安全生产
依据《中华人民共和国安全生产法》第六十五条第二项,《中华人民共和国安全生产法》第六十五条第二项,"去除前缀""依据""",安全生产
依据《中华人民共和国安全生产法》第九十条第一款,《中华人民共和国安全生产法》第九十条第一款,"去除前缀""依据""",安全生产
依据《中华人民共和国安全生产法》第九十四条第五项,《中华人民共和国安全生产法》第九十四条第五项,"去除前缀""依据""",安全生产
依据《中华人民共和国安全生产法》第九十四条第四项的规定,《中华人民共和国安全生产法》第九十四条第四项的规定,"去除前缀""依据""",安全生产
依据《中华人民共和国安全生产法》第九十四条第四项,《中华人民共和国安全生产法》第九十四条第四项,"去除前缀""依据""",安全生产
依据《中华人民共和国安全生产法》第九十四条第四款的规定,《中华人民共和国安全生产法》第九十四条第四款的规定,"去除前缀""依据""",安全生产
依据《中华人民共和国安全生产法》第九十四条第六项,《中华人民共和国安全生产法》第九十四条第六项,"去除前缀""依据""",安全生产
《国务院关于预防煤矿生产安全事故的特别规定》第十条第一款、,《国务院关于预防煤矿生产安全事故的特别规定》第十条第一款,"截断后缀""、""",安全生产
《煤矿安全规程》第一百八十六条第二款、,《煤矿安全规程》第一百八十六条第二款,"截断后缀""、""",安全生产
《国家电气设备安全技术规范》第2.6.1项,《国家电气设备安全技术规范》,"截断后缀""第2.6.1项""",安全生产
《国家电气设备安全技术规范》第2.2.4项,《国家电气设备安全技术规范》,"截断后缀""第2.2.4项""",安全生产
《变形铝及铝合金铸锭安全生产规范》第4.1.6条,《变形铝及铝合金铸锭安全生产规范》,"截断后缀""第4.1.6条""",安全生产
《河北省安全生产条例》第七十九条第(一)项、,《河北省安全生产条例》第七十九条第(一)项,"截断后缀""、""",安全生产
《煤矿安全规程》第三百一十一条;6.,《煤矿安全规程》第三百一十一条,"截断后缀"";6.""",安全生产
《煤矿安全规程》第三百七十四条第(二)、(三)、(八)项和,《煤矿安全规程》第三百七十四条第(二)、(三)、(八)项,"截断后缀""和""",安全生产
《煤矿安全规程》第三百一十四条、,《煤矿安全规程》第三百一十四条,"截断后缀""、""",安全生产
《煤矿安全规程》第一百四十条第一款和,《煤矿安全规程》第一百四十条第一款,"截断后缀""和""",安全生产
《煤矿安全规程》第一百四十四条、,《煤矿安全规程》第一百四十四条,"截断后缀""、""",安全生产
"《煤矿安全规程》第一百零一条,",《煤矿安全规程》第一百零一条,"截断后缀"",""",安全生产
《煤矿安全规程》第一百零二条第一款第四项;6.,《煤矿安全规程》第一百零二条第一款第四项,"截断后缀"";6.""",安全生产
《防治煤矿冲击地压细则》第七十七条、,《防治煤矿冲击地压细则》第七十七条,"截断后缀""、""",安全生产
《防治煤矿冲击地压细则》第七十九条、,《防治煤矿冲击地压细则》第七十九条,"截断后缀""、""",安全生产
《防治煤矿冲击地压细则》第八十四条、,《防治煤矿冲击地压细则》第八十四条,"截断后缀""、""",安全生产
《煤矿安全规程》第一百零一条规定;第3条违反了,《煤矿安全规程》第一百零一条规定;第3条,"截断后缀""违反了""",安全生产
《煤矿安全规程》第一百零一条第一款;,《煤矿安全规程》第一百零一条第一款,"截断后缀"";""",安全生产
《金属非金属矿山在用空气压缩机安全检验规范》第4.5.1、4.5.2条,《金属非金属矿山在用空气压缩机安全检验规范》,"截断后缀""第4.5.1、4.5.2条""",安全生产
《金属非金属矿山安全规程》第4.7.2条,《金属非金属矿山安全规程》,"截断后缀""第4.7.2条""",安全生产
《金属非金属矿山安全规程》第4.7.8、6.7.7.3、8.3条,《金属非金属矿山安全规程》,"截断后缀""第4.7.8、6.7.7.3、8.3条""",安全生产
《金属非金属矿山安全规程》第5.1.2条、,《金属非金属矿山安全规程》,"截断后缀""第5.1.2条、""",安全生产
《金属非金属矿山安全规程》第5.7.2.7条,《金属非金属矿山安全规程》,"截断后缀""第5.7.2.7条""",安全生产
《金属非金属矿山安全规程》第6.2.8.1条,《金属非金属矿山安全规程》,"截断后缀""第6.2.8.1条""",安全生产
《金属非金属矿山安全规程》第6.2.8.6条,《金属非金属矿山安全规程》,"截断后缀""第6.2.8.6条""",安全生产
《金属非金属矿山安全规程》第6.4.7.3条,《金属非金属矿山安全规程》,"截断后缀""第6.4.7.3条""",安全生产
《金属非金属矿山安全规程》第6.6.2.2、6.6.2.6条,《金属非金属矿山安全规程》,"截断后缀""第6.6.2.2、6.6.2.6条""",安全生产
《金属非金属矿山安全规程》第6.6.2.6条,《金属非金属矿山安全规程》,"截断后缀""第6.6.2.6条""",安全生产
《金属非金属矿山安全规程》第6.6.2.8条,《金属非金属矿山安全规程》,"截断后缀""第6.6.2.8条""",安全生产
《金属非金属矿山安全规程》第6.6.3.6条,《金属非金属矿山安全规程》,"截断后缀""第6.6.3.6条""",安全生产
《金属非金属矿山安全规程》第6.7.1.6条,《金属非金属矿山安全规程》,"截断后缀""第6.7.1.6条""",安全生产
《金属非金属矿山安全规程》第6.7.6.1条,《金属非金属矿山安全规程》,"截断后缀""第6.7.6.1条""",安全生产
《金属非金属矿山安全规程》第6.7.7.4条,《金属非金属矿山安全规程》,"截断后缀""第6.7.7.4条""",安全生产
《金属非金属矿山安全规程》第6.7.7.7条,《金属非金属矿山安全规程》,"截断后缀""第6.7.7.7条""",安全生产
《金属非金属矿山安全规程》第6.8.3.2条,《金属非金属矿山安全规程》,"截断后缀""第6.8.3.2条""",安全生产
《金属切削机床安全防护通用技术条件》第5.2.3.1条,《金属切削机床安全防护通用技术条件》,"截断后缀""第5.2.3.1条""",安全生产
《河北省安全生产条例》第(一)项处罚决定:罚款,《河北省安全生产条例》第(一)项,"截断后缀""处罚决定:罚款""",安全生产
《金属非金属地下矿山企业领导带班下井及监督检查暂行规定》第二十一条、,《金属非金属地下矿山企业领导带班下井及监督检查暂行规定》第二十一条,"截断后缀""、""",安全生产
《金属非金属地下矿山监测监控系统建设规范》第5.1条,《金属非金属地下矿山监测监控系统建设规范》,"截断后缀""第5.1条""",安全生产
《金属非金属地下矿山监测监控系统建设规范》第5.3条,《金属非金属地下矿山监测监控系统建设规范》,"截断后缀""第5.3条""",安全生产
《金属非金属地下矿山监测监控系统建设规范》第7.1、7.2条,《金属非金属地下矿山监测监控系统建设规范》,"截断后缀""第7.1、7.2条""",安全生产
《金属非金属地下矿山通信联络系统建设规范》第4.4、7.2条,《金属非金属地下矿山通信联络系统建设规范》,"截断后缀""第4.4、7.2条""",安全生产
《金属非金属矿山安全规程》第8.5条,《金属非金属矿山安全规程》,"截断后缀""第8.5条""",安全生产
《金属非金属矿山安全规程（GB16423-2006）》第6.1.4.1条,《金属非金属矿山安全规程（GB16423-2006）》,"截断后缀""第6.1.4.1条""",安全生产
《煤矿安全规程》第三百三十条的规定和,《煤矿安全规程》第三百三十条的规定,"截断后缀""和""",安全生产
《煤矿安全规程》第三百三十条和,《煤矿安全规程》第三百三十条,"截断后缀""和""",安全生产
《金属非金属矿山提升钢丝绳检验规范》第5.2.1条,《金属非金属矿山提升钢丝绳检验规范》,"截断后缀""第5.2.1条""",安全生产
《建筑起重机械安全监督管理规定》第十八条进行操作依据,《建筑起重机械安全监督管理规定》第十八条,"截断后缀""进行操作依据""",安全生产
《国务院关于预防煤矿生产安全事故的特别规定》第十条第一款、第十一条第一款对责任单位、责任人员合计处罚款,《国务院关于预防煤矿生产安全事故的特别规定》第十条第一款、第十一条第一款,"截断后缀""对责任单位、责任人员合计处罚款""",安全生产
"《煤矿安全规程》第一百六十八条第一款,",《煤矿安全规程》第一百六十八条第一款,"截断后缀"",""",安全生产
《合肥市安全生产监督管理规定》第二十四条的规定根据,《合肥市安全生产监督管理规定》第二十四条的规定,"截断后缀""根据""",安全生产
《天津市生产经营单位安全生产主体责任规定》第十五条、,《天津市生产经营单位安全生产主体责任规定》第十五条,"截断后缀""、""",安全生产
《河北省安全生产条例》第七十五条第一款【违反本条,《河北省安全生产条例》第七十五条第一款,"截断后缀""【违反本条""",安全生产
《河北省安全生产条例》第七十九条第（一）项和,《河北省安全生产条例》第七十九条第（一）项,"截断后缀""和""",安全生产
《河北省安全生产条例》第七十九条第(一)项和,《河北省安全生产条例》第七十九条第(一)项,"截断后缀""和""",安全生产
《河北省安全生产条例》第七十九条第(一)项的规定;第2条依据,《河北省安全生产条例》第七十九条第(一)项的规定;第2条,"截断后缀""依据""",安全生产
《国务院关于预防煤矿生产安全事故的特别规定》第十条第一款给予停产整顿和罚款,《国务院关于预防煤矿生产安全事故的特别规定》第十条第一款,"截断后缀""给予停产整顿和罚款""",安全生产
《河北省安全生产条例》第七十九条第（一）项以及,《河北省安全生产条例》第七十九条第（一）项,"截断后缀""以及""",安全生产
《河北省安全生产条例》第七十九条第(一)项处罚决定:罚款,《河北省安全生产条例》第七十九条第(一)项,"截断后缀""处罚决定:罚款""",安全生产
《河北省安全生产条例》第三十条的规定;依据:,《河北省安全生产条例》第三十条的规定,"截断后缀"";依据:""",安全生产
《河北省安全生产条例》第七十九条第(六)项【违反本条,《河北省安全生产条例》第七十九条第(六)项,"截断后缀""【违反本条""",安全生产
《煤矿安全规程》第一百六十四条、,《煤矿安全规程》第一百六十四条,"截断后缀""、""",安全生产
《国务院预防煤矿生产安全事故的特别规定》第十六条;第4项违法行为依据,《国务院预防煤矿生产安全事故的特别规定》第十六条;第4项,"截断后缀""违法行为依据""",安全生产
《合肥市安全生产监督管理规定》第181号)第五十八条第二款的规定决定给予罚款,《合肥市安全生产监督管理规定》第181号)第五十八条第二款的规定,"截断后缀""决定给予罚款""",安全生产
《煤矿安全规程》第一百四十九条第三款和,《煤矿安全规程》第一百四十九条第三款,"截断后缀""和""",安全生产
《易制毒化学出管理条例》第三十八条第一款之规定对柳州市恒源化工有限责任公司处以罚款,《易制毒化学出管理条例》第三十八条第一款之规定,"截断后缀""对柳州市恒源化工有限责任公司处以罚款""",安全生产/危化品
《易制毒化学品管理条例》第四十条第一款第(一)项、,《易制毒化学品管理条例》第四十条第一款第(一)项,"截断后缀""、""",安全生产/危化品
《中华人民共和国交通安全管理条例》第二十四条第三款、,《中华人民共和国交通安全管理条例》第二十四条第三款,"截断后缀""、""",安全生产||交通运输违规
《长江干线水上交通安全管理特别规定》第六条及,《长江干线水上交通安全管理特别规定》第六条,"截断后缀""及""",安全生产||交通运输违规
《长江干线水上交通安全管理特别规定》第六条、,《长江干线水上交通安全管理特别规定》第六条,"截断后缀""、""",安全生产||交通运输违规
"《浙江省交通建设工程质量和安全生产管理条例》第二十条,其行为涉嫌交通建设工程施工单位未按规定落实安全专项",《浙江省交通建设工程质量和安全生产管理条例》第二十条,"截断后缀"",其行为涉嫌交通建设工程施工单位未按规定...""",安全生产||交通运输违规
《消毒产品卫生安全评价规定》第十七条第六项和,《消毒产品卫生安全评价规定》第十七条第六项,"截断后缀""和""",安全生产||医疗卫生
《化学品生产单位高处作业安全规范》第5.2.2条,《化学品生产单位高处作业安全规范》,"截断后缀""第5.2.2条""",安全生产||安全生产/危化品
《船舶最低安全配员证书》第三航运公司人民币壹仟伍佰圆整的行政罚款,《船舶最低安全配员证书》,"截断后缀""第三航运公司人民币壹仟伍佰圆整的行政罚款""",安全生产||海事安全
《仓储场所消防安全管理通则》第6.8条,《仓储场所消防安全管理通则》,"截断后缀""第6.8条""",安全生产||消防安全
《浙江省高层建筑消防安全管理规定》第六条第二款第三项和,《浙江省高层建筑消防安全管理规定》第六条第二款第三项,"截断后缀""和""",安全生产||消防安全
《高层民用建筑消防安全管理规定》第四十七条第一款第四项、,《高层民用建筑消防安全管理规定》第四十七条第一款第四项,"截断后缀""、""",安全生产||消防安全
《高层民用建筑消防安全管理规定》第二十六条第二款及,《高层民用建筑消防安全管理规定》第二十六条第二款,"截断后缀""及""",安全生产||消防安全
《建筑机械使用安全技术规程》第4.6.5.2条,《建筑机械使用安全技术规程》,"截断后缀""第4.6.5.2条""",安全生产||特种设备
《建筑机械使用安全技术规程》第4.1.26条,《建筑机械使用安全技术规程》,"截断后缀""第4.1.26条""",安全生产||特种设备
《建筑机械使用安全技术规程》第4.1.16条的规定;5.起点-东四十条,《建筑机械使用安全技术规程》第4.1.16条的规定,"截断后缀"";5.起点-东四十条""",安全生产||特种设备
《建筑机械使用安全技术规程》第4.1.16条,《建筑机械使用安全技术规程》,"截断后缀""第4.1.16条""",安全生产||特种设备
《建筑机械使用安全技术规程》第2.0.8条,《建筑机械使用安全技术规程》,"截断后缀""第2.0.8条""",安全生产||特种设备
依据《中华人民共和国招标投标法实施条,《中华人民共和国招标投标法实施条,"去除前缀""依据""",工程建设/招投标
根据《中华人民共和国招标投标法》第五十三条,《中华人民共和国招标投标法》第五十三条,"去除前缀""根据""",工程建设/招投标
《深圳经济特区政府采购条例实施细则》第七十五条第六项规定的情形,《深圳经济特区政府采购条例实施细则》第七十五条第六项,"截断后缀""规定的情形""",工程建设/招投标
依据《中华人民共和国招标投标法》第五十九条,《中华人民共和国招标投标法》第五十九条,"去除前缀""依据""",工程建设/招投标
依据《中华人民共和国招标投标法》第四十九条,《中华人民共和国招标投标法》第四十九条,"去除前缀""依据""",工程建设/招投标
《中华人民共和国招标投标法》第三十二条第一款、,《中华人民共和国招标投标法》第三十二条第一款,"截断后缀""、""",工程建设/招投标
《中华人民共和国招标投标法》第五十三条和,《中华人民共和国招标投标法》第五十三条,"截断后缀""和""",工程建设/招投标
《中华人民共和国招标投标法》第五十三条的规定决定给予处以该项目中标金额5‰的罚款,《中华人民共和国招标投标法》第五十三条的规定,"截断后缀""决定给予处以该项目中标金额5‰的罚款""",工程建设/招投标
《中华人民共和国招标投标法》第五十四条处罚决定:罚款,《中华人民共和国招标投标法》第五十四条,"截断后缀""处罚决定:罚款""",工程建设/招投标
《中华人民共和国招标投标法》第五十四条第二款:“依法必须进行招标的项目的投标人有前款所列行为尚未构成犯罪的,《中华人民共和国招标投标法》第五十四条第二款,"截断后缀"":“依法必须进行招标的项目的投标人有前款...""",工程建设/招投标
《中华人民共和国招标投标法》第十八条第二款和,《中华人民共和国招标投标法》第十八条第二款,"截断后缀""和""",工程建设/招投标
《中华人民共和国招标投标法》第五十三条及,《中华人民共和国招标投标法》第五十三条,"截断后缀""及""",工程建设/招投标
《中华人民共和国政府采购法》第五章第四十二条“采购代理机构对政府采购项目每项,《中华人民共和国政府采购法》第五章第四十二条,"截断后缀""“采购代理机构对政府采购项目每项""",工程建设/招投标
按照《中华人民共和国招标投标法》五十三条,《中华人民共和国招标投标法》,"去除前缀""按照""; 截断后缀""五十三条""",工程建设/招投标
《中华人民共和国招标投标法》第四十八条、,《中华人民共和国招标投标法》第四十八条,"截断后缀""、""",工程建设/招投标
《中华人民共和国政府采购法》第二十二条第二款和,《中华人民共和国政府采购法》第二十二条第二款,"截断后缀""和""",工程建设/招投标
《中华人民共和国招标投标法》第四条:“任何单位和个人不得将依法必须进行招标的项,《中华人民共和国招标投标法》第四条,"截断后缀"":“任何单位和个人不得将依法必须进行招标...""",工程建设/招投标
《中华人民共和国招标投标法》第四十九条和,《中华人民共和国招标投标法》第四十九条,"截断后缀""和""",工程建设/招投标
《中华人民共和国招标投标法》第五十三条、,《中华人民共和国招标投标法》第五十三条,"截断后缀""、""",工程建设/招投标
《中华人民共和国招标投标法》第五十三条2.,《中华人民共和国招标投标法》第五十三条,"截断后缀""2.""",工程建设/招投标
《招标投标法》第四十八条、,《招标投标法》第四十八条,"截断后缀""、""",工程建设/招投标
"《中华人民共和国招标投标法》五十三条,",《中华人民共和国招标投标法》,"截断后缀""五十三条,""",工程建设/招投标
《中华人民共和国招标投标法》第三十二条2.,《中华人民共和国招标投标法》第三十二条,"截断后缀""2.""",工程建设/招投标
《中华人民共和国招标投标法》第三十二条及,《中华人民共和国招标投标法》第三十二条,"截断后缀""及""",工程建设/招投标
《中华人民共和国招标投标法》第三十二条和,《中华人民共和国招标投标法》第三十二条,"截断后缀""和""",工程建设/招投标
《中华人民共和国招标投标法》第三十二条第一款及,《中华人民共和国招标投标法》第三十二条第一款,"截断后缀""及""",工程建设/招投标
《中华人民共和国招标投标法》第三十二条规定,《中华人民共和国招标投标法》第三十二条,"截断后缀""规定""",工程建设/招投标
《中华人民共和国招标投标法》第五十一条：“招标人以不合理的条,《中华人民共和国招标投标法》第五十一条,"截断后缀""：“招标人以不合理的条""",工程建设/招投标
《中华人民共和国招标投标法实施条例》第五十九条、,《中华人民共和国招标投标法实施条例》第五十九条,"截断后缀""、""",工程建设/招投标
《中华人民共和国政府采购实施条例》第七十四条、,《中华人民共和国政府采购实施条例》第七十四条,"截断后缀""、""",工程建设/招投标
《中华人民共和国政府采购法》第七十七条第（三）项、,《中华人民共和国政府采购法》第七十七条第（三）项,"截断后缀""、""",工程建设/招投标
《中华人民共和国政府采购法》第七十七条和,《中华人民共和国政府采购法》第七十七条,"截断后缀""和""",工程建设/招投标
《中华人民共和国政府采购法》第二十二条第一款第五项规定的参加政府采购的供应商条,《中华人民共和国政府采购法》第二十二条第一款第五项,"截断后缀""规定的参加政府采购的供应商条""",工程建设/招投标
《中华人民共和国招标投标法实施条例》第四十条第二项、,《中华人民共和国招标投标法实施条例》第四十条第二项,"截断后缀""、""",工程建设/招投标
《中华人民共和国招标投标法实施条例》第六十七条第一款、,《中华人民共和国招标投标法实施条例》第六十七条第一款,"截断后缀""、""",工程建设/招投标
《中华人民共和国招标投标法实施条例》第四十二条第二款、,《中华人民共和国招标投标法实施条例》第四十二条第二款,"截断后缀""、""",工程建设/招投标
"《中华人民共和国招标投标法实施条例》第六十七条的规定,对单位处以罚款",《中华人民共和国招标投标法实施条例》第六十七条的规定,"截断后缀"",对单位处以罚款""",工程建设/招投标
"《中华人民共和国招标投标法实施条例》第四十条,按照",《中华人民共和国招标投标法实施条例》第四十条,"截断后缀"",按照""",工程建设/招投标
《中华人民共和国招标投标法实施条例》第八条规定,《中华人民共和国招标投标法实施条例》第八条,"截断后缀""规定""",工程建设/招投标
《中华人民共和国招标投标法实施条例》第六十七条处罚决定:罚款,《中华人民共和国招标投标法实施条例》第六十七条,"截断后缀""处罚决定:罚款""",工程建设/招投标
《无照经营查处取缔办法》第四条一款二项,《无照经营查处取缔办法》第四条,"截断后缀""一款二项""",市场主体与登记治理
《无照经营查处取缔办法》第四条第一款第(二项,《无照经营查处取缔办法》第四条第一款,"截断后缀""第(二项""",市场主体与登记治理
《无证无照经营查处办法》第十三条和,《无证无照经营查处办法》第十三条,"截断后缀""和""",市场主体与登记治理
《无照经营查处取缔办法》第四条第一款第(四)项的规定依据,《无照经营查处取缔办法》第四条第一款第(四)项的规定,"截断后缀""依据""",市场主体与登记治理
《深圳经济特区查处无照经营行为的规定》第一款第一、二项,《深圳经济特区查处无照经营行为的规定》第一款,"截断后缀""第一、二项""",市场主体与登记治理
《无照经营查处取缔办法》第四条第一款第（一）项的规定依据,《无照经营查处取缔办法》第四条第一款第（一）项的规定,"截断后缀""依据""",市场主体与登记治理
《无照经营查处取缔办法》第四条第一款第（一）项规定依据,《无照经营查处取缔办法》第四条第一款第（一）项,"截断后缀""规定依据""",市场主体与登记治理
《无照经营查处取缔办法》第四条第一项所指的无照经营行为和,《无照经营查处取缔办法》第四条第一项,"截断后缀""所指的无照经营行为和""",市场主体与登记治理
《无照经营查处取缔办法》第四条第一款第（五）项之规定依据,《无照经营查处取缔办法》第四条第一款第（五）项之规定,"截断后缀""依据""",市场主体与登记治理
《无照经营查处取缔办法》第四条第一款第（五）项的规定依据,《无照经营查处取缔办法》第四条第一款第（五）项的规定,"截断后缀""依据""",市场主体与登记治理
《无照经营查处取缔办法》第四条第一款第（五）项规定依据,《无照经营查处取缔办法》第四条第一款第（五）项,"截断后缀""规定依据""",市场主体与登记治理
《无照经营查处取缔办法》第四条第一款第（五）项规定的擅自超范围经营许可事项,《无照经营查处取缔办法》第四条第一款第（五）项,"截断后缀""规定的擅自超范围经营许可事项""",市场主体与登记治理
《无照经营查处取缔办法》第四条第一款第㈤项,《无照经营查处取缔办法》第四条第一款,"截断后缀""第㈤项""",市场主体与登记治理
《无照经营查处取缔办法》第四条第一款第一项之规定依据,《无照经营查处取缔办法》第四条第一款第一项之规定,"截断后缀""依据""",市场主体与登记治理
《无照经营查处取缔办法》第四条第一款第五项所规定依据,《无照经营查处取缔办法》第四条第一款第五项,"截断后缀""所规定依据""",市场主体与登记治理
《无照经营查处取缔办法》第四条第一款第（一）项及,《无照经营查处取缔办法》第四条第一款第（一）项,"截断后缀""及""",市场主体与登记治理
《无照经营查处取缔办法》第四条第一款第五项的规定依据,《无照经营查处取缔办法》第四条第一款第五项的规定,"截断后缀""依据""",市场主体与登记治理
《无照经营查处取缔办法》第十四条第一款规定和,《无照经营查处取缔办法》第十四条第一款,"截断后缀""规定和""",市场主体与登记治理
《无照经营查处取缔办法》第十四条第一款的规定依据,《无照经营查处取缔办法》第十四条第一款的规定,"截断后缀""依据""",市场主体与登记治理
"《无照经营查处取缔办法》第4条第1款,",《无照经营查处取缔办法》第4条第1款,"截断后缀"",""",市场主体与登记治理
《无照经营查处取缔办法》第4条第1款第1项、,《无照经营查处取缔办法》第4条第1款第1项,"截断后缀""、""",市场主体与登记治理
《无照经营查处取缔办法》第14条第1、第4款及,《无照经营查处取缔办法》第14条第1、第4款,"截断后缀""及""",市场主体与登记治理
《无照经营查处取缔办法》第十四条第一款罚款,《无照经营查处取缔办法》第十四条第一款,"截断后缀""罚款""",市场主体与登记治理
《无照经营查处取缔办法》第二条的规定依据,《无照经营查处取缔办法》第二条的规定,"截断后缀""依据""",市场主体与登记治理
《无照经营查处取缔办法》第十四条和,《无照经营查处取缔办法》第十四条,"截断后缀""和""",市场主体与登记治理
《无照经营查处取缔办法》第十五条、,《无照经营查处取缔办法》第十五条,"截断后缀""、""",市场主体与登记治理
《无照经营查处取缔办法》第十五条为无照经营提供便利条,《无照经营查处取缔办法》第十五条,"截断后缀""为无照经营提供便利条""",市场主体与登记治理
《无照经营查处取缔办法》第十五条规定的为无照经营活动提供方便条,《无照经营查处取缔办法》第十五条,"截断后缀""规定的为无照经营活动提供方便条""",市场主体与登记治理
《无照经营查处取缔办法》第十五条的规定依据,《无照经营查处取缔办法》第十五条的规定,"截断后缀""依据""",市场主体与登记治理
《无照经营查处取缔办法》第十五条所规定依据,《无照经营查处取缔办法》第十五条,"截断后缀""所规定依据""",市场主体与登记治理
《无照经营查处取缔办法》第十五条和,《无照经营查处取缔办法》第十五条,"截断后缀""和""",市场主体与登记治理
《无照经营查处取缔办法》第十五条所指行为依据,《无照经营查处取缔办法》第十五条,"截断后缀""所指行为依据""",市场主体与登记治理
《无照经营查处取缔办法》第十四条一款,《无照经营查处取缔办法》第十四条,"截断后缀""一款""",市场主体与登记治理
《无照经营查处取缔办法》第二条和,《无照经营查处取缔办法》第二条,"截断后缀""和""",市场主体与登记治理
《无照经营查处取缔办法》第二条、,《无照经营查处取缔办法》第二条,"截断后缀""、""",市场主体与登记治理
"《无照经营查处取缔办法》第二条,",《无照经营查处取缔办法》第二条,"截断后缀"",""",市场主体与登记治理
《商品房销售明码标价规定》第十六条及,《商品房销售明码标价规定》第十六条,"截断后缀""及""",市场秩序与竞争监管
"《商品房销售明码标价规定》第十六条,",《商品房销售明码标价规定》第十六条,"截断后缀"",""",市场秩序与竞争监管
《关于禁止商业贿赂行为的暂行规定》第九条和,《关于禁止商业贿赂行为的暂行规定》第九条,"截断后缀""和""",市场秩序与竞争监管
《关于禁止商业贿赂行为的暂行规定》第八条和,《关于禁止商业贿赂行为的暂行规定》第八条,"截断后缀""和""",市场秩序与竞争监管
《关于禁止商业贿赂行为的暂行规定》第二条第一款“经营者不得违反,《关于禁止商业贿赂行为的暂行规定》第二条第一款,"截断后缀""“经营者不得违反""",市场秩序与竞争监管
《关于禁止商业贿赂行为的暂行规定》第二条第一、二、三款,《关于禁止商业贿赂行为的暂行规定》第二条,"截断后缀""第一、二、三款""",市场秩序与竞争监管
《关于禁止商业贿赂行为的暂行规定》第二条一款,《关于禁止商业贿赂行为的暂行规定》第二条,"截断后缀""一款""",市场秩序与竞争监管
《户外广告管理规定》第五条第一款第（一）项的规定依据,《户外广告管理规定》第五条第一款第（一）项的规定,"截断后缀""依据""",市场秩序与竞争监管
《广告管理条例》第三条的规定依据,《广告管理条例》第三条的规定,"截断后缀""依据""",市场秩序与竞争监管
《广告管理条例》第3条、,《广告管理条例》第3条,"截断后缀""、""",市场秩序与竞争监管
《规范促销行为暂行规定》第十三条“经营者在有奖销售前,《规范促销行为暂行规定》第十三条,"截断后缀""“经营者在有奖销售前""",市场秩序与竞争监管
《中华人民共和国海关行政处罚实施条例》第十五条第(四)项所列的申报不实行为,《中华人民共和国海关行政处罚实施条例》第十五条第(四)项,"截断后缀""所列的申报不实行为""",市场秩序与竞争监管
《印刷品广告管理办法》第六条的规定依据,《印刷品广告管理办法》第六条的规定,"截断后缀""依据""",市场秩序与竞争监管
《杭州市户外广告设施和招牌指示牌管理条例》第三十四条第一款行政处罚决定:罚款,《杭州市户外广告设施和招牌指示牌管理条例》第三十四条第一款,"截断后缀""行政处罚决定:罚款""",市场秩序与竞争监管
《广告管理条例》第八条第（一）项的规定依据,《广告管理条例》第八条第（一）项的规定,"截断后缀""依据""",市场秩序与竞争监管
《零售商促销行为管理办法》第十一条的规定依据,《零售商促销行为管理办法》第十一条的规定,"截断后缀""依据""",市场秩序与竞争监管
《广告管理条例施行细则》第十七条规定:“广告客户违反,《广告管理条例施行细则》第十七条,"截断后缀""规定:“广告客户违反""",市场秩序与竞争监管
《关于商品和服务实行明码标价的规定》第二十一条第（一）项、,《关于商品和服务实行明码标价的规定》第二十一条第（一）项,"截断后缀""、""",市场秩序与竞争监管
《规范促销行为暂行规定》第二十七条和,《规范促销行为暂行规定》第二十七条,"截断后缀""和""",市场秩序与竞争监管
《广告管理条例》第十二条的规定依据,《广告管理条例》第十二条的规定,"截断后缀""依据""",市场秩序与竞争监管
《广告管理条例》第十二条之规定依据,《广告管理条例》第十二条之规定,"截断后缀""依据""",市场秩序与竞争监管
《广告管理条例施行细则》第二十一条和,《广告管理条例施行细则》第二十一条,"截断后缀""和""",市场秩序与竞争监管
"《广告管理条例》第十二条,",《广告管理条例》第十二条,"截断后缀"",""",市场秩序与竞争监管
依据《北京市物业管理条例》第九十二条,《北京市物业管理条例》第九十二条,"去除前缀""依据""",建筑使用安全
"《北京市供热采暖管理办法》第十三条第(一)项,",《北京市供热采暖管理办法》第十三条第(一)项,"截断后缀"",""",建筑使用安全
《中华人民共和国消防法》第六十条第一款第一项现决定对江苏悦达物业管理有限公司罚款,《中华人民共和国消防法》第六十条第一款第一项,"截断后缀""现决定对江苏悦达物业管理有限公司罚款""",建筑使用安全
"《上海市住宅物业管理规定》第七十八条的规定,本机关决定对你(单位)作出以下行政处罚:罚款",《上海市住宅物业管理规定》第七十八条的规定,"截断后缀"",本机关决定对你(单位)作出以下行政处罚...""",建筑使用安全
《秭归“国华御景”物业管理服务合同》第十七条第（四）、第（五）项中制订了电梯费和公摊电费物业服务收费项,《秭归“国华御景”物业管理服务合同》第十七条第（四）、第（五）项,"截断后缀""中制订了电梯费和公摊电费物业服务收费项""",建筑使用安全
依据《上海市住宅物业管理规定》第八十七条,《上海市住宅物业管理规定》第八十七条,"去除前缀""依据""",建筑使用安全
"《上海市住宅物业管理规定》第五十条第二款第四项,",《上海市住宅物业管理规定》第五十条第二款第四项,"截断后缀"",""",建筑使用安全
《消防产品监督管理规定》第三十六条第二款之规定现决定给予郎溪县皖嫂物业管理有限公司罚款,《消防产品监督管理规定》第三十六条第二款之规定,"截断后缀""现决定给予郎溪县皖嫂物业管理有限公司罚款""",建筑使用安全
《城市建筑垃圾管理规定》第二十五条第一项和,《城市建筑垃圾管理规定》第二十五条第一项,"截断后缀""和""",建设工程
《城市建筑垃圾管理规定》第二十五条第(二)项规定,《城市建筑垃圾管理规定》第二十五条第(二)项,"截断后缀""规定""",建设工程
《城市建筑垃圾管理规定》第二十五条第(一)项行政处罚决定:罚款,《城市建筑垃圾管理规定》第二十五条第(一)项,"截断后缀""行政处罚决定:罚款""",建设工程
"《城市建筑垃圾管理规定》第二十五条第(一)项,",《城市建筑垃圾管理规定》第二十五条第(一)项,"截断后缀"",""",建设工程
"《天津市城乡规划违法行为查处规范》第七十七条,",《天津市城乡规划违法行为查处规范》第七十七条,"截断后缀"",""",建设工程
《城市建筑垃圾管理规定》第二十五条之规定行政处罚决定:罚款,《城市建筑垃圾管理规定》第二十五条之规定,"截断后缀""行政处罚决定:罚款""",建设工程
《城市建筑垃圾管理规定》第二十二条第二款和,《城市建筑垃圾管理规定》第二十二条第二款,"截断后缀""和""",建设工程
《福建省实施〈中华人民共和国城乡规划法〉办法》第三十六条规定,《福建省实施〈中华人民共和国城乡规划法〉办法》第三十六条,"截断后缀""规定""",建设工程
根据《苏州市城乡规划条例》第四十三条规定,《苏州市城乡规划条例》第四十三条,"去除前缀""根据""; 截断后缀""规定""",建设工程
依据《上海市城乡规划条例》第五十九条,《上海市城乡规划条例》第五十九条,"去除前缀""依据""",建设工程
依据《上海市城乡规划条例》第五十八条,《上海市城乡规划条例》第五十八条,"去除前缀""依据""",建设工程
依据《中华人民共和国城乡规划法》第六十四条,《中华人民共和国城乡规划法》第六十四条,"去除前缀""依据""",建设工程
《城市建筑垃圾管理规定》第十三条的规定根据,《城市建筑垃圾管理规定》第十三条的规定,"截断后缀""根据""",建设工程
《城市建筑垃圾管理规定》第七条第一款规定,《城市建筑垃圾管理规定》第七条第一款,"截断后缀""规定""",建设工程
《城市建筑垃圾管理规定》第二十五条第（一）项罚款,《城市建筑垃圾管理规定》第二十五条第（一）项,"截断后缀""罚款""",建设工程
《城市建筑垃圾管理规定》第二十五条第（一）项罚款,《城市建筑垃圾管理规定》第二十五条第（一）项,"截断后缀""罚款""",建设工程
"《城市建筑垃圾管理规定》第十三条,",《城市建筑垃圾管理规定》第十三条,"截断后缀"",""",建设工程
《吉林省城乡规划条例》第四十九条、,《吉林省城乡规划条例》第四十九条,"截断后缀""、""",建设工程
"《江苏省城乡规划条例》第四十四条,",《江苏省城乡规划条例》第四十四条,"截断后缀"",""",建设工程
根据《城市建筑垃圾管理规》第二十五条第一项,《城市建筑垃圾管理规》第二十五条第一项,"去除前缀""根据""",建设工程
根据《城市建筑垃圾管理规定》第二十二条第二款,《城市建筑垃圾管理规定》第二十二条第二款,"去除前缀""根据""",建设工程
根据《城市建筑垃圾管理规定》第二十五条,《城市建筑垃圾管理规定》第二十五条,"去除前缀""根据""",建设工程
根据《城市建筑垃圾管理规定》第二十五条第一项,《城市建筑垃圾管理规定》第二十五条第一项,"去除前缀""根据""",建设工程
根据《城市建筑垃圾管理规定》第二十六条,《城市建筑垃圾管理规定》第二十六条,"去除前缀""根据""",建设工程
"《江苏省城乡规划条例》第六十四条,",《江苏省城乡规划条例》第六十四条,"截断后缀"",""",建设工程
"《杭州市城乡规划条例》第三十五条,",《杭州市城乡规划条例》第三十五条,"截断后缀"",""",建设工程
《江苏省城乡规划条例》第四十四条规定,《江苏省城乡规划条例》第四十四条,"截断后缀""规定""",建设工程
依据《海口市城乡规划条例》第七十九条,《海口市城乡规划条例》第七十九条,"去除前缀""依据""",建设工程
《杭州市城乡规划条例》第五十一条第一款行政处罚的履行方式:到指定银行缴纳罚款,《杭州市城乡规划条例》第五十一条第一款,"截断后缀""行政处罚的履行方式:到指定银行缴纳罚款""",建设工程
《杭州市城乡规划条例》第五十一条第一款行政处罚的履行方式:到指定银行缴纳罚款,《杭州市城乡规划条例》第五十一条第一款,"截断后缀""行政处罚的履行方式:到指定银行缴纳罚款""",建设工程
根据《山东省城乡规划条例》第七十三条,《山东省城乡规划条例》第七十三条,"去除前缀""根据""",建设工程
根据《浙江省城乡规划条例》第五十九条之规定,《浙江省城乡规划条例》第五十九条之规定,"去除前缀""根据""",建设工程
"《城市建筑垃圾管理规定》第七条第一款,",《城市建筑垃圾管理规定》第七条第一款,"截断后缀"",""",建设工程
根据《中华人民共和国城乡规划法》第六十四条第一款,《中华人民共和国城乡规划法》第六十四条第一款,"去除前缀""根据""",建设工程
根据《中华人民共和国城乡规划法》第六十四条之规定,《中华人民共和国城乡规划法》第六十四条之规定,"去除前缀""根据""",建设工程
根据《中华人民共和国城乡规划法》第六十四条,《中华人民共和国城乡规划法》第六十四条,"去除前缀""根据""",建设工程
根据《中华人民共和国城乡规划法》第64条,《中华人民共和国城乡规划法》第64条,"去除前缀""根据""",建设工程
"《天津市城乡规划条例》第五十三条,现依据",《天津市城乡规划条例》第五十三条,"截断后缀"",现依据""",建设工程
根据《江苏省城乡规划条例》第六十四条,《江苏省城乡规划条例》第六十四条,"去除前缀""根据""",建设工程
依据《中华人民共和国城乡规划法》第六十四条之规定,《中华人民共和国城乡规划法》第六十四条之规定,"去除前缀""依据""",建设工程
《中华人民共和国城乡规划法》第六十四条、,《中华人民共和国城乡规划法》第六十四条,"截断后缀""、""",建设工程
《中华人民共和国城乡规划法》第六十四条及,《中华人民共和国城乡规划法》第六十四条,"截断后缀""及""",建设工程
《中华人民共和国城乡规划法》第六十四条和,《中华人民共和国城乡规划法》第六十四条,"截断后缀""和""",建设工程
《中华人民共和国城乡规划法》第六十四条的规定处以罚款,《中华人民共和国城乡规划法》第六十四条的规定,"截断后缀""处以罚款""",建设工程
《中华人民共和国城乡规划法》第六章第六十四条规定及宁夏回族自治区自然资源行政职权事项,《中华人民共和国城乡规划法》第六章第六十四条,"截断后缀""规定及宁夏回族自治区自然资源行政职权事项""",建设工程
《中华人民共和国城乡规划法》第四十条、四十三条,《中华人民共和国城乡规划法》第四十条,"截断后缀""、四十三条""",建设工程
依据《城市建筑垃圾管理规定》第二十五条第(一)项,《城市建筑垃圾管理规定》第二十五条第(一)项,"去除前缀""依据""",建设工程
依据《城市建筑垃圾管理规定》第二十五条,《城市建筑垃圾管理规定》第二十五条,"去除前缀""依据""",建设工程
依据《城市建筑垃圾管理规定》第二十二条第二款,《城市建筑垃圾管理规定》第二十二条第二款,"去除前缀""依据""",建设工程
《关于规范城乡规划行政处罚裁量权的指导意见》第四条、第七条及,《关于规范城乡规划行政处罚裁量权的指导意见》第四条、第七条,"截断后缀""及""",建设工程
依据《城市建筑垃圾管理规定》第二十五条第(二)项,《城市建筑垃圾管理规定》第二十五条第(二)项,"去除前缀""依据""",建设工程
《中华人民共和国城乡规划法》第四十三条、,《中华人民共和国城乡规划法》第四十三条,"截断后缀""、""",建设工程
《中华人民共和国城乡规划法》第四十条和,《中华人民共和国城乡规划法》第四十条,"截断后缀""和""",建设工程
"《中华人民共和国城乡规划法》第四十条,",《中华人民共和国城乡规划法》第四十条,"截断后缀"",""",建设工程
《中华人民共和国城乡规划法》第四十条、,《中华人民共和国城乡规划法》第四十条,"截断后缀""、""",建设工程
《中华人民共和国城乡规划法》第四十条规定,《中华人民共和国城乡规划法》第四十条,"截断后缀""规定""",建设工程
《中华人民共和国城乡规划法》第四十四条第三款规定的立案条,《中华人民共和国城乡规划法》第四十四条第三款,"截断后缀""规定的立案条""",建设工程
《中华人民共和国城乡规划法》第四十三条依据,《中华人民共和国城乡规划法》第四十三条,"截断后缀""依据""",建设工程
《中华人民共和国城乡规划法》第四十三条第一款“建设单位应当按照规划条,《中华人民共和国城乡规划法》第四十三条第一款,"截断后缀""“建设单位应当按照规划条""",建设工程
《中华人民共和国城乡规划法》第四十三条第一款、,《中华人民共和国城乡规划法》第四十三条第一款,"截断后缀""、""",建设工程
《中华人民共和国城乡规划法》第四十三条“建设单位应当按照规划条,《中华人民共和国城乡规划法》第四十三条,"截断后缀""“建设单位应当按照规划条""",建设工程
《中华人民共和国城乡规划法》第四十三条第一款关于“建设单位应当按照规划条,《中华人民共和国城乡规划法》第四十三条第一款,"截断后缀""关于“建设单位应当按照规划条""",建设工程
《中华人民共和国城乡规划法》第四十三条规定,《中华人民共和国城乡规划法》第四十三条,"截断后缀""规定""",建设工程
依据《城市建筑垃圾管理规定》第二十六条,《城市建筑垃圾管理规定》第二十六条,"去除前缀""依据""",建设工程
《中华人民共和国城乡规划法》第43条、,《中华人民共和国城乡规划法》第43条,"截断后缀""、""",建设工程
《中华人民共和国城乡规划法》第四十条第一款和,《中华人民共和国城乡规划法》第四十条第一款,"截断后缀""和""",建设工程
《重庆市城乡规划条例》第七十三条、八十三条,《重庆市城乡规划条例》第七十三条,"截断后缀""、八十三条""",建设工程
《中华人民共和国城乡规划法》第40条第1款规定,《中华人民共和国城乡规划法》第40条第1款,"截断后缀""规定""",建设工程
依据《建筑工程施工许可证管理办法》第十二条、第十五条第一款,《建筑工程施工许可证管理办法》第十二条、第十五条第一款,"去除前缀""依据""",建设工程
《重庆市城乡规划条例》第八十三条第一款第一项规定,《重庆市城乡规划条例》第八十三条第一款第一项,"截断后缀""规定""",建设工程
依据《广东省城乡规划条例》第八十三条,《广东省城乡规划条例》第八十三条,"去除前缀""依据""",建设工程
依据《建筑工程施工许可证管理办法》第十二条,《建筑工程施工许可证管理办法》第十二条,"去除前缀""依据""",建设工程
《中华人民共和国城乡规划法》第四十条第一款、,《中华人民共和国城乡规划法》第四十条第一款,"截断后缀""、""",建设工程
《浙江省城乡规划条例》第三十六条第一款和,《浙江省城乡规划条例》第三十六条第一款,"截断后缀""和""",建设工程
《浙江省城乡规划条例》第三十六条第一款、,《浙江省城乡规划条例》第三十六条第一款,"截断后缀""、""",建设工程
《中华人民共和国城乡规划法》第四十条第一款规定,《中华人民共和国城乡规划法》第四十条第一款,"截断后缀""规定""",建设工程
依据《城市建筑垃圾管理规定》第二十条,《城市建筑垃圾管理规定》第二十条,"去除前缀""依据""",建设工程
"《中华人民共和国城乡规划法》第四十条第一款,",《中华人民共和国城乡规划法》第四十条第一款,"截断后缀"",""",建设工程
《中华人民共和国城乡规划法》第六十五条、,《中华人民共和国城乡规划法》第六十五条,"截断后缀""、""",建设工程
《中华人民共和国城乡规划法》第四十条第一款的规定依据,《中华人民共和国城乡规划法》第四十条第一款的规定,"截断后缀""依据""",建设工程
《浙江省城乡规划条例》第五十九条、,《浙江省城乡规划条例》第五十九条,"截断后缀""、""",建设工程
依据《建筑工程施工许可证管理办法》第十二条之规定,《建筑工程施工许可证管理办法》第十二条之规定,"去除前缀""依据""",建设工程
《城市轨道交通工程质量验收标准第1部分：土建工程》第14.2.31条,《城市轨道交通工程质量验收标准第1部分：土建工程》,"截断后缀""第14.2.31条""",建设工程||交通运输违规
《建筑工程施工许可管理办法》第十二条：“对于未取得施工许可证或者为规避办理施工许可证将工程项,《建筑工程施工许可管理办法》第十二条,"截断后缀""：“对于未取得施工许可证或者为规避办理施...""",建设工程||未年检登记
《杭州市建设工程渣土管理办法》第二十二条第（四）项行政处罚的履行方式：到指定银行缴纳罚款,《杭州市建设工程渣土管理办法》第二十二条第（四）项,"截断后缀""行政处罚的履行方式：到指定银行缴纳罚款""",建设工程||金融/账户
《天津市建设工程质量管理条例》地三十六条规定,《天津市建设工程质量管理条例》,"截断后缀""地三十六条规定""",建设工程与房地产
《南国早报》第9版发布“大嘉汇东城”房地产项,《南国早报》,"截断后缀""第9版发布“大嘉汇东城”房地产项""",建设工程与房地产
《天津市建设工程施工安全管理条例》第四十八条:责令停工消除隐患并处二万元以上十万元以下罚款,《天津市建设工程施工安全管理条例》第四十八条,"截断后缀"":责令停工消除隐患并处二万元以上十万元以...""",建设工程与房地产
《天津市建设工程施工安全管理条例》第四十八条:责令停工消除隐患并处二万元以上十万元以下卫款,《天津市建设工程施工安全管理条例》第四十八条,"截断后缀"":责令停工消除隐患并处二万元以上十万元以...""",建设工程与房地产
《危险性较大分部分项工程安全管理规定》第二十条规定,《危险性较大分部分项工程安全管理规定》第二十条,"截断后缀""规定""",建设工程与房地产
《天津市建设工程质量管理条例》第十四、十八条,《天津市建设工程质量管理条例》,"截断后缀""第十四、十八条""",建设工程与房地产
《危险性较大的分部分工程安全管理规定》第十七条、,《危险性较大的分部分工程安全管理规定》第十七条,"截断后缀""、""",建设工程与房地产
"《天津市建设工程施工安全管理条例》第十八条,",《天津市建设工程施工安全管理条例》第十八条,"截断后缀"",""",建设工程与房地产
《天津市建设工程施工安全管理条例》第十八条:“施工单位项,《天津市建设工程施工安全管理条例》第十八条,"截断后缀"":“施工单位项""",建设工程与房地产
《南宁市建设工程施工现场管理若干规定》第三十三条第二款第/项,《南宁市建设工程施工现场管理若干规定》第三十三条第二款,"截断后缀""第/项""",建设工程与房地产
《天津市建设工程施工安全管理条例》第五十一条第二项:工程监理单位违反本条,《天津市建设工程施工安全管理条例》第五十一条第二项,"截断后缀"":工程监理单位违反本条""",建设工程与房地产
《天津市建设工程施工安全管理条例》第四十八条:“施工单位违反本条,《天津市建设工程施工安全管理条例》第四十八条,"截断后缀"":“施工单位违反本条""",建设工程与房地产
《天津市建设工程文明施工管理规定》第八条规定,《天津市建设工程文明施工管理规定》第八条,"截断后缀""规定""",建设工程与房地产
《液化石油气供应工程设计规范》第8.0.1条,《液化石油气供应工程设计规范》,"截断后缀""第8.0.1条""",建设工程与房地产
《天津市建设工程施工安全管理条例》第二十一条、三十条,《天津市建设工程施工安全管理条例》第二十一条,"截断后缀""、三十条""",建设工程与房地产
《天津市建设工程施工安全管理条例》第二十二条依据,《天津市建设工程施工安全管理条例》第二十二条,"截断后缀""依据""",建设工程与房地产
《天津市建设工程施工安全管理条例》第二十二条施工现场不具备施工安全条,《天津市建设工程施工安全管理条例》第二十二条,"截断后缀""施工现场不具备施工安全条""",建设工程与房地产
《北京市市政基础设施工程暗挖施工安全技术规程》第13.1.5条,《北京市市政基础设施工程暗挖施工安全技术规程》,"截断后缀""第13.1.5条""",建设工程与房地产
《天津市建设工程施工安全管理条例》第二十二条的规定:施工现场不具备施工安全条,《天津市建设工程施工安全管理条例》第二十二条的规定,"截断后缀"":施工现场不具备施工安全条""",建设工程与房地产
《液化石油气供应工程设计规范》第8.0.4条,《液化石油气供应工程设计规范》,"截断后缀""第8.0.4条""",建设工程与房地产
《危险性较大的分部分项工程安全管理规定》第三十五条二、三、五款,《危险性较大的分部分项工程安全管理规定》第三十五条,"截断后缀""二、三、五款""",建设工程与房地产
《北京市建设工程质量条例》第十八条第二款:项,《北京市建设工程质量条例》第十八条第二款,"截断后缀"":项""",建设工程与房地产
《危险性较大的分部分项工程安全管理规定》第十六条第一款规定,《危险性较大的分部分项工程安全管理规定》第十六条第一款,"截断后缀""规定""",建设工程与房地产
《危险性较大的分部分项工程安全管理规定》第三十七条第(二)项规定,《危险性较大的分部分项工程安全管理规定》第三十七条第(二)项,"截断后缀""规定""",建设工程与房地产
《危险性较大的分部分项工程安全管理规定》第十六条的规定、根据,《危险性较大的分部分项工程安全管理规定》第十六条的规定,"截断后缀""、根据""",建设工程与房地产
《危险性较大的分部分项工程安全管理规定》第十六条、,《危险性较大的分部分项工程安全管理规定》第十六条,"截断后缀""、""",建设工程与房地产
《危险性较大的分部分项工程安全管理规定》第十六条“施工单位应当严格按照专项施工方案组织施工,《危险性较大的分部分项工程安全管理规定》第十六条,"截断后缀""“施工单位应当严格按照专项施工方案组织施...""",建设工程与房地产
《商品房销售管理办法》第三十四条“房地产开发企业应当在商品房交付使用前按项,《商品房销售管理办法》第三十四条,"截断后缀""“房地产开发企业应当在商品房交付使用前按...""",建设工程与房地产
《商品房销售管理办法》第四十三条“房地产中介服务机构代理销售不符合销售条,《商品房销售管理办法》第四十三条,"截断后缀""“房地产中介服务机构代理销售不符合销售条""",建设工程与房地产
《危险性较大的分部分项工程安全管理规定》第十四条;,《危险性较大的分部分项工程安全管理规定》第十四条,"截断后缀"";""",建设工程与房地产
《危险性较大的分部分项工程安全管理规定》第十八条监理单位应当结合危大工程专项,《危险性较大的分部分项工程安全管理规定》第十八条,"截断后缀""监理单位应当结合危大工程专项""",建设工程与房地产
《危险性较大的分部分项工程安全管理规定》第十八条“监理单位应当结合危大工程专项,《危险性较大的分部分项工程安全管理规定》第十八条,"截断后缀""“监理单位应当结合危大工程专项""",建设工程与房地产
《危险性较大的分部分项工程安全管理规定》第二十一条第一款依据:,《危险性较大的分部分项工程安全管理规定》第二十一条第一款,"截断后缀""依据:""",建设工程与房地产
《危险性较大的分部分项工程安全管理规定》第二十一条的规定依据,《危险性较大的分部分项工程安全管理规定》第二十一条的规定,"截断后缀""依据""",建设工程与房地产
《危险性较大的分部分项工程安全管理规定》第三十五条规定给予10000元罚款,《危险性较大的分部分项工程安全管理规定》第三十五条,"截断后缀""规定给予10000元罚款""",建设工程与房地产
《危险性较大的分部分项工程安全管理规定》第三十五条第二、三、五款,《危险性较大的分部分项工程安全管理规定》第三十五条,"截断后缀""第二、三、五款""",建设工程与房地产
《危险性较大的分部分项工程安全管理规定》第三十五条条,《危险性较大的分部分项工程安全管理规定》第三十五条,"截断后缀""条""",建设工程与房地产
《危险性较大的分部分项工程安全管理规定》第十二条的规定根据,《危险性较大的分部分项工程安全管理规定》第十二条的规定,"截断后缀""根据""",建设工程与房地产
《危险性较大的分部分项工程安全管理规定》第十七条规定,《危险性较大的分部分项工程安全管理规定》第十七条,"截断后缀""规定""",建设工程与房地产
《危险性较大的分部分项工程安全管理规定》第十一条“专项,《危险性较大的分部分项工程安全管理规定》第十一条,"截断后缀""“专项""",建设工程与房地产
《危险性较大的分部分项工程安全管理规定》第六章第三十六条第三项给予5000千元罚款,《危险性较大的分部分项工程安全管理规定》第六章第三十六条第三项,"截断后缀""给予5000千元罚款""",建设工程与房地产
《危险性较大的分部分项工程安全管理规定》第六章第三十五条第二、三、五款,《危险性较大的分部分项工程安全管理规定》第六章第三十五条,"截断后缀""第二、三、五款""",建设工程与房地产
《危险性较大的分部分项工程安全管理规定》第五条、第七条规定,《危险性较大的分部分项工程安全管理规定》第五条、第七条,"截断后缀""规定""",建设工程与房地产
《卸料平台专项施工方案》第4.1.2条,《卸料平台专项施工方案》,"截断后缀""第4.1.2条""",建设工程与房地产
《天津市建设工程质量管理条例》第十四条、第十八条规定,《天津市建设工程质量管理条例》第十四条、第十八条,"截断后缀""规定""",建设工程与房地产
《地铁暗挖隧道施工技术规程》第3.1.2条,《地铁暗挖隧道施工技术规程》,"截断后缀""第3.1.2条""",建设工程与房地产
《危险性较大的分部分项工程安全管理规定》第37号)第十六条第一款施工单位应当严格按照专项施工方案组织施工,《危险性较大的分部分项工程安全管理规定》第37号)第十六条第一款,"截断后缀""施工单位应当严格按照专项施工方案组织施工""",建设工程与房地产
《混凝土结构工程施工质量验收规范》第C.0.1条第3款规定:“同条,《混凝土结构工程施工质量验收规范》第C.0.1条第3款,"截断后缀""规定:“同条""",建设工程与房地产
《混凝土结构工程施工质量验收规范》第5.2.1条,《混凝土结构工程施工质量验收规范》,"截断后缀""第5.2.1条""",建设工程与房地产
《混凝土结构工程施工规范》第8.5.9条,《混凝土结构工程施工规范》,"截断后缀""第8.5.9条""",建设工程与房地产
《混凝土结构工程施工规范》第8.1.3条,《混凝土结构工程施工规范》,"截断后缀""第8.1.3条""",建设工程与房地产
《卸料平台专项施工方案》第5.2条,《卸料平台专项施工方案》,"截断后缀""第5.2条""",建设工程与房地产
《卸料平台专项施工方案》第4.1.4条,《卸料平台专项施工方案》,"截断后缀""第4.1.4条""",建设工程与房地产
《混凝土结构工程施工规范》第8.5.9条的规定:“同条件养护试件的养护条,《混凝土结构工程施工规范》第8.5.9条的规定,"截断后缀"":“同条件养护试件的养护条""",建设工程与房地产
《地下防水工程质量验收规范》第3.0.1条,《地下防水工程质量验收规范》,"截断后缀""第3.0.1条""",建设工程与房地产
《地下防水工程质量验收规范》第4.3.6条,《地下防水工程质量验收规范》,"截断后缀""第4.3.6条""",建设工程与房地产
《地下防水工程质量验收规范》第5.1.6条,《地下防水工程质量验收规范》,"截断后缀""第5.1.6条""",建设工程与房地产
《建设工程安全生产管理条例》第五十七条第三项、,《建设工程安全生产管理条例》第五十七条第三项,"截断后缀""、""",建设工程与房地产
《建设工程安全生产管理条例》第五十七条第三款、,《建设工程安全生产管理条例》第五十七条第三款,"截断后缀""、""",建设工程与房地产
《建设工程安全生产管理条例》第五十七条对上海华诚工程建设管理有限公司作出行政罚款,《建设工程安全生产管理条例》第五十七条,"截断后缀""对上海华诚工程建设管理有限公司作出行政罚...""",建设工程与房地产
《建设工程安全生产管理条例》第二十七条“建设工程施工前,《建设工程安全生产管理条例》第二十七条,"截断后缀""“建设工程施工前""",建设工程与房地产
《建设工程安全生产管理条例》第二十一条第二款“施工单位的项,《建设工程安全生产管理条例》第二十一条第二款,"截断后缀""“施工单位的项""",建设工程与房地产
《建设工程安全生产管理条例》第十四条规定,《建设工程安全生产管理条例》第十四条,"截断后缀""规定""",建设工程与房地产
《建设工程安全生产管理条例》第十四条第二款依据,《建设工程安全生产管理条例》第十四条第二款,"截断后缀""依据""",建设工程与房地产
《建设工程安全生产管理条例》第六十四条：违反本条,《建设工程安全生产管理条例》第六十四条,"截断后缀""：违反本条""",建设工程与房地产
《建设工程安全生产管理条例》第六十四条第一款第（二）项“违反本条,《建设工程安全生产管理条例》第六十四条第一款第（二）项,"截断后缀""“违反本条""",建设工程与房地产
《建设工程安全生产管理条例》第六十四条第一款第(二)项:“违反本条,《建设工程安全生产管理条例》第六十四条第一款第(二)项,"截断后缀"":“违反本条""",建设工程与房地产
《建设工程安全生产管理条例》第六十四条“违反本条,《建设工程安全生产管理条例》第六十四条,"截断后缀""“违反本条""",建设工程与房地产
《建设工程安全生产管理条例》第六十二条第一项和,《建设工程安全生产管理条例》第六十二条第一项,"截断后缀""和""",建设工程与房地产
《建筑起重机械安全监督管理规定》第二建筑工程有限责任公司“贵阳市马家湾公租房项,《建筑起重机械安全监督管理规定》,"截断后缀""第二建筑工程有限责任公司“贵阳市马家湾公...""",建设工程与房地产
《建筑装饰装修工程质量验收规范》第6.1.3条,《建筑装饰装修工程质量验收规范》,"截断后缀""第6.1.3条""",建设工程与房地产
《建筑装饰装修工程质量验收标准》第12.2.3条,《建筑装饰装修工程质量验收标准》,"截断后缀""第12.2.3条""",建设工程与房地产
《建筑节能工程施工质量验收规范》第4.2.7条,《建筑节能工程施工质量验收规范》,"截断后缀""第4.2.7条""",建设工程与房地产
《建筑节能工程施工质量验收标准》第9.2.2条,《建筑节能工程施工质量验收标准》,"截断后缀""第9.2.2条""",建设工程与房地产
《建筑节能工程施工质量验收标准》第6.2.2条,《建筑节能工程施工质量验收标准》,"截断后缀""第6.2.2条""",建设工程与房地产
《建筑节能工程施工质量验收标准》第4.2.7条,《建筑节能工程施工质量验收标准》,"截断后缀""第4.2.7条""",建设工程与房地产
《建筑节能工程施工质量验收标准》第12.2.2条,《建筑节能工程施工质量验收标准》,"截断后缀""第12.2.2条""",建设工程与房地产
《建设工程安全生产管理条例》第三十七条、,《建设工程安全生产管理条例》第三十七条,"截断后缀""、""",建设工程与房地产
《铝合金门窗工程技术规范》第7.3.1.4条,《铝合金门窗工程技术规范》,"截断后缀""第7.3.1.4条""",建设工程与房地产
《建设工程安全生产管理条例》第22条、,《建设工程安全生产管理条例》第22条,"截断后缀""、""",建设工程与房地产
《建设工程勘察质量管理办法》第十二条、,《建设工程勘察质量管理办法》第十二条,"截断后缀""、""",建设工程与房地产
《建设工程质量管理条例》第七条第二款、第十三条和,《建设工程质量管理条例》第七条第二款、第十三条,"截断后缀""和""",建设工程与房地产
《建设工程质量管理条例》第七十三条：“依照本条,《建设工程质量管理条例》第七十三条,"截断后缀""：“依照本条""",建设工程与房地产
《建设工程质量管理条例》第七十三条:“依照本条例规定,《建设工程质量管理条例》第七十三条,"截断后缀"":“依照本条例规定""",建设工程与房地产
《建设工程质量管理条例》第57条.规定“违反本条,《建设工程质量管理条例》第57条,"截断后缀"".规定“违反本条""",建设工程与房地产
《建设工程质量管理条例》第七十三条“依照本条例规定,《建设工程质量管理条例》第七十三条,"截断后缀""“依照本条例规定""",建设工程与房地产
《建设工程质量管理条例》第二十八条第一款和,《建设工程质量管理条例》第二十八条第一款,"截断后缀""和""",建设工程与房地产
依据(《建设工程质量管理条例》第五十七条,(《建设工程质量管理条例》第五十七条,"去除前缀""依据""",建设工程与房地产
《建设工程质量管理条例》第二十九条、第三十一条、,《建设工程质量管理条例》第二十九条、第三十一条,"截断后缀""、""",建设工程与房地产
《建设工程规划许可证》第四处违法建设(补办,《建设工程规划许可证》,"截断后缀""第四处违法建设(补办""",建设工程与房地产
《建设工程规划许可证》第号,《建设工程规划许可证》,"截断后缀""第号""",建设工程与房地产
《建设工程规划许可证》第三方咨询公司编制的工程结算总价的6%进行罚款,《建设工程规划许可证》,"截断后缀""第三方咨询公司编制的工程结算总价的6%进...""",建设工程与房地产
《建设工程规划许可证》),《建设工程规划许可证》,"截断后缀"")""",建设工程与房地产
《建筑工程质量管理条例》第六十五条对中铁十一局集团有限公司进行行政罚款,《建筑工程质量管理条例》第六十五条,"截断后缀""对中铁十一局集团有限公司进行行政罚款""",建设工程与房地产
《建筑工程质量管理条例》第五十七条和,《建筑工程质量管理条例》第五十七条,"截断后缀""和""",建设工程与房地产
《建筑工程质量管理条例》第九条、,《建筑工程质量管理条例》第九条,"截断后缀""、""",建设工程与房地产
《建筑施工企业安全生产管理机构设置及专职安全生产管理人员配备办法》第十四条分包单位配备项,《建筑施工企业安全生产管理机构设置及专职安全生产管理人员配备办法》第十四条,"截断后缀""分包单位配备项""",建设工程与房地产
《建筑施工企业主要负责人、项目负责人和专职安全生产管理人员安全生产管理规定》第三十三条第/款第/项,《建筑施工企业主要负责人、项目负责人和专职安全生产管理人员安全生产管理规定》第三十三条,"截断后缀""第/款第/项""",建设工程与房地产
《建筑施工企业主要负责人、项目负责人和专职安全生产管理人员安全生产管理规定》第一十八条第/款第/项,《建筑施工企业主要负责人、项目负责人和专职安全生产管理人员安全生产管理规定》第一十八条,"截断后缀""第/款第/项""",建设工程与房地产
《建筑工程施工许可管理办法》第十二条：“对于未取得施工许可证或者为规避办理施工许可证将工程项,《建筑工程施工许可管理办法》第十二条,"截断后缀""：“对于未取得施工许可证或者为规避办理施...""",建设工程与房地产
《建筑工程施工许可管理办法》第十二条规定给予7100元罚款,《建筑工程施工许可管理办法》第十二条,"截断后缀""规定给予7100元罚款""",建设工程与房地产
《建筑工程施工许可管理办法》第三条规定,《建筑工程施工许可管理办法》第三条,"截断后缀""规定""",建设工程与房地产
《建筑工程施工许可管理办法》第三条的规定;依据了,《建筑工程施工许可管理办法》第三条的规定,"截断后缀"";依据了""",建设工程与房地产
《建筑工程施工许可管理办法》第三条依据,《建筑工程施工许可管理办法》第三条,"截断后缀""依据""",建设工程与房地产
《建筑工程施工许可管理办法》第三条一款,《建筑工程施工许可管理办法》第三条,"截断后缀""一款""",建设工程与房地产
《建筑工程施工许可管理办法》第十二条规定对当事人处合同价款1270001以上2以下罚款,《建筑工程施工许可管理办法》第十二条,"截断后缀""规定对当事人处合同价款1270001以上...""",建设工程与房地产
《建筑工程施工许可管理办法》第十二条的规定做出罚款,《建筑工程施工许可管理办法》第十二条的规定,"截断后缀""做出罚款""",建设工程与房地产
《建筑工程施工许可管理办法》第十二条对河北建设集团股份有限公司进行行政罚款,《建筑工程施工许可管理办法》第十二条,"截断后缀""对河北建设集团股份有限公司进行行政罚款""",建设工程与房地产
《建筑工程施工许可管理办法》第十二条对中铁十五局集团有限公司进行行政罚款,《建筑工程施工许可管理办法》第十二条,"截断后缀""对中铁十五局集团有限公司进行行政罚款""",建设工程与房地产
《建筑工程施工许可管理办法》第十二条处罚决定：罚款,《建筑工程施工许可管理办法》第十二条,"截断后缀""处罚决定：罚款""",建设工程与房地产
《建筑工程施工许可管理办法》第十二条以及,《建筑工程施工许可管理办法》第十二条,"截断后缀""以及""",建设工程与房地产
《建筑工程施工许可管理办法》第十二条、十五条,《建筑工程施工许可管理办法》第十二条,"截断后缀""、十五条""",建设工程与房地产
《建筑工程施工许可管理办法》第十二条、,《建筑工程施工许可管理办法》第十二条,"截断后缀""、""",建设工程与房地产
《建筑工程施工许可管理办法》第十二条“对于未取得施工许可证或者为规避办理施工许可证将工程项,《建筑工程施工许可管理办法》第十二条,"截断后缀""“对于未取得施工许可证或者为规避办理施工...""",建设工程与房地产
《建筑施工扣件式钢管脚手架安全技术规范》第7.3.12条,《建筑施工扣件式钢管脚手架安全技术规范》,"截断后缀""第7.3.12条""",建设工程与房地产
《建筑施工扣件式钢管脚手架安全技术规范》第6.8.4条的规定;2.起点-东四十条,《建筑施工扣件式钢管脚手架安全技术规范》第6.8.4条的规定,"截断后缀"";2.起点-东四十条""",建设工程与房地产
《建筑施工扣件式钢管脚手架安全技术规范》第6.8.4条,《建筑施工扣件式钢管脚手架安全技术规范》,"截断后缀""第6.8.4条""",建设工程与房地产
《建筑施工扣件式钢管脚手架安全技术规范》第6.6.5条强制性条,《建筑施工扣件式钢管脚手架安全技术规范》,"截断后缀""第6.6.5条强制性条""",建设工程与房地产
《建筑施工扣件式钢管脚手架安全技术规范》第6.3.2条,《建筑施工扣件式钢管脚手架安全技术规范》,"截断后缀""第6.3.2条""",建设工程与房地产
《建筑施工扣件式钢管脚手架安全技术规范》第6.2.4条的规定;3.起点-东四十条,《建筑施工扣件式钢管脚手架安全技术规范》第6.2.4条的规定,"截断后缀"";3.起点-东四十条""",建设工程与房地产
《建筑施工扣件式钢管脚手架安全技术规范》第6.2.4条,《建筑施工扣件式钢管脚手架安全技术规范》,"截断后缀""第6.2.4条""",建设工程与房地产
《建筑施工扣件式钢管脚手架安全技术规范》第6.10.5条,《建筑施工扣件式钢管脚手架安全技术规范》,"截断后缀""第6.10.5条""",建设工程与房地产
《建筑施工扣件式钢管脚手架安全技术规范》第7.3.13.1条,《建筑施工扣件式钢管脚手架安全技术规范》,"截断后缀""第7.3.13.1条""",建设工程与房地产
《建筑施工土石方工程安全技术规范》第6.2.1条,《建筑施工土石方工程安全技术规范》,"截断后缀""第6.2.1条""",建设工程与房地产
《重庆市建设工程安全管理办法》第二十一条之规定“施工单位应当辨识和公示危险性较大分部分项,《重庆市建设工程安全管理办法》第二十一条之规定,"截断后缀""“施工单位应当辨识和公示危险性较大分部分...""",建设工程与房地产
《建筑施工工具式脚手架安全技术规范》第5.4.7、5.4.10条,《建筑施工工具式脚手架安全技术规范》,"截断后缀""第5.4.7、5.4.10条""",建设工程与房地产
《建筑施工扣件式钢管脚手架安全技术规范》第8.2.3条,《建筑施工扣件式钢管脚手架安全技术规范》,"截断后缀""第8.2.3条""",建设工程与房地产
《建筑机械施工安全》第4.1.26条,《建筑机械施工安全》,"截断后缀""第4.1.26条""",建设工程与房地产
《建筑施工高处作业安全技术规范》第7.1.1条,《建筑施工高处作业安全技术规范》,"截断后缀""第7.1.1条""",建设工程与房地产
《建筑施工高处作业安全技术规范》第4.3.1.1条,《建筑施工高处作业安全技术规范》,"截断后缀""第4.3.1.1条""",建设工程与房地产
《建筑施工高处作业安全技术规范》第4.2.5条,《建筑施工高处作业安全技术规范》,"截断后缀""第4.2.5条""",建设工程与房地产
《建筑施工高处作业安全技术规范》第3.2.1条,《建筑施工高处作业安全技术规范》,"截断后缀""第3.2.1条""",建设工程与房地产
《建筑施工扣件式钢管脚手架安全技术规范》第8.2.3.2条,《建筑施工扣件式钢管脚手架安全技术规范》,"截断后缀""第8.2.3.2条""",建设工程与房地产
《建筑施工现场高处作业安全技术规范》第3.0.5条,《建筑施工现场高处作业安全技术规范》,"截断后缀""第3.0.5条""",建设工程与房地产
《建筑施工特种作业人员管理规定》第四条、,《建筑施工特种作业人员管理规定》第四条,"截断后缀""、""",建设工程与房地产
《建筑施工承插型盘扣式钢管脚手架安全技术标准》第6.2.4条,《建筑施工承插型盘扣式钢管脚手架安全技术标准》,"截断后缀""第6.2.4条""",建设工程与房地产
《建筑施工承插型盘扣式钢管支架安全技术规程》第8.0.4.4条,《建筑施工承插型盘扣式钢管支架安全技术规程》,"截断后缀""第8.0.4.4条""",建设工程与房地产
《建筑施工扣件式钢管脚手架安全技术规范》第9.0.5条,《建筑施工扣件式钢管脚手架安全技术规范》,"截断后缀""第9.0.5条""",建设工程与房地产
《建筑施工碗扣式脚手架安全技术规范》第7.2.1条,《建筑施工碗扣式脚手架安全技术规范》,"截断后缀""第7.2.1条""",建设工程与房地产
《建筑电气工程施工质量验收规范》第6.1.1条,《建筑电气工程施工质量验收规范》,"截断后缀""第6.1.1条""",建设工程与房地产
《建筑施工作业劳动防护用品的配备及使用标准》第1.0.4条,《建筑施工作业劳动防护用品的配备及使用标准》,"截断后缀""第1.0.4条""",建设工程与房地产
《建筑施工作业劳动防护用品的配备及使用标准》第1.0.2条,《建筑施工作业劳动防护用品的配备及使用标准》,"截断后缀""第1.0.2条""",建设工程与房地产
《建筑施工企业安全生产许可证管理规定》第四条第(二)(六)(八)(九)(十一)项规定的安全生产条,《建筑施工企业安全生产许可证管理规定》第四条第(二)(六)(八)(九)(十一)项,"截断后缀""规定的安全生产条""",建设工程与房地产
《重庆市建设工程安全生产管理办法》第十九条、,《重庆市建设工程安全生产管理办法》第十九条,"截断后缀""、""",建设工程与房地产
《重庆市建设工程安全生产管理办法》第十七条、第十八条、第二十一条和,《重庆市建设工程安全生产管理办法》第十七条、第十八条、第二十一条,"截断后缀""和""",建设工程与房地产
《重庆市建设工程安全生产管理办法》第二十一条“施工单位应当辨识和公示危险性较大分部分项,《重庆市建设工程安全生产管理办法》第二十一条,"截断后缀""“施工单位应当辨识和公示危险性较大分部分...""",建设工程与房地产
《重庆市建设工程安全生产管理办法》第十七条、第十八条和,《重庆市建设工程安全生产管理办法》第十七条、第十八条,"截断后缀""和""",建设工程与房地产
《建设工程质量管理条例》第二十八条规定,《建设工程质量管理条例》第二十八条,"截断后缀""规定""",建设工程与房地产
《施工现场临时用电安全技术规范》第9.6.4条,《施工现场临时用电安全技术规范》,"截断后缀""第9.6.4条""",建设工程与房地产
《施工现场临时用电安全技术规范》第9.5.4条,《施工现场临时用电安全技术规范》,"截断后缀""第9.5.4条""",建设工程与房地产
《施工现场临时用电安全技术规范》第8.3.1条,《施工现场临时用电安全技术规范》,"截断后缀""第8.3.1条""",建设工程与房地产
《施工现场临时用电安全技术规范》第8.2.12条,《施工现场临时用电安全技术规范》,"截断后缀""第8.2.12条""",建设工程与房地产
《施工现场临时用电安全技术规范》第8.2.11(强制性条,《施工现场临时用电安全技术规范》,"截断后缀""第8.2.11(强制性条""",建设工程与房地产
依据《建筑工程施工许可管理办法》第十二条的规定,《建筑工程施工许可管理办法》第十二条的规定,"去除前缀""依据""",建设工程与房地产
依据《建筑工程施工许可管理办法》第十二条以及第十五条以及自由裁量的规定,《建筑工程施工许可管理办法》第十二条以及第十五条以及自由裁量的规定,"去除前缀""依据""",建设工程与房地产
依据《建筑工程施工许可管理办法》第十二条,《建筑工程施工许可管理办法》第十二条,"去除前缀""依据""",建设工程与房地产
依据《天津市建设工程施工安全管理条例》第四十八条第三项,《天津市建设工程施工安全管理条例》第四十八条第三项,"去除前缀""依据""",建设工程与房地产
依据《天津市建设工程施工安全管理条例》第五十一条第二项,《天津市建设工程施工安全管理条例》第五十一条第二项,"去除前缀""依据""",建设工程与房地产
依据《天津市建设工程文明施工管理规定》第二十九条,《天津市建设工程文明施工管理规定》第二十九条,"去除前缀""依据""",建设工程与房地产
依据《危险性较大的分部分项工程安全管理规定》第二十九条第(一)项、第(二)项,《危险性较大的分部分项工程安全管理规定》第二十九条第(一)项、第(二)项,"去除前缀""依据""",建设工程与房地产
依据《危险性较大的分部分项工程安全管理规定》第三十五条第三项,《危险性较大的分部分项工程安全管理规定》第三十五条第三项,"去除前缀""依据""",建设工程与房地产
依据《危险性较大的分部分项工程安全管理规定》第三十五条第一款第(二)项,《危险性较大的分部分项工程安全管理规定》第三十五条第一款第(二)项,"去除前缀""依据""",建设工程与房地产
依据《危险性较大的分部分项工程安全管理规定》第三十五条第(三)项,《危险性较大的分部分项工程安全管理规定》第三十五条第(三)项,"去除前缀""依据""",建设工程与房地产
依据《北京市建设工程质量条例》第八十七条第(一)项,《北京市建设工程质量条例》第八十七条第(一)项,"去除前缀""依据""",建设工程与房地产
依据《北京市建设工程质量条例》第八十一条第一款第(一)项,《北京市建设工程质量条例》第八十一条第一款第(一)项,"去除前缀""依据""",建设工程与房地产
依据《北京市建设工程质量条例》第八十一条第(一)项,《北京市建设工程质量条例》第八十一条第(一)项,"去除前缀""依据""",建设工程与房地产
依据《北京市建设工程质量条例》第九十三条第一款,《北京市建设工程质量条例》第九十三条第一款,"去除前缀""依据""",建设工程与房地产
依据《北京市建设工程质量条例》第七十五条第一款,《北京市建设工程质量条例》第七十五条第一款,"去除前缀""依据""",建设工程与房地产
《施工现场临时用电安全技术规范》第8.1.8条,《施工现场临时用电安全技术规范》,"截断后缀""第8.1.8条""",建设工程与房地产
《施工现场临时用电安全技术规范》第8.1.5条和第8.1.17条,《施工现场临时用电安全技术规范》,"截断后缀""第8.1.5条和第8.1.17条""",建设工程与房地产
《施工现场临时用电安全技术规范》第8.1.5条,《施工现场临时用电安全技术规范》,"截断后缀""第8.1.5条""",建设工程与房地产
《河北省建设工程安全生产监督管理规定》第三十九条处罚决定:罚款,《河北省建设工程安全生产监督管理规定》第三十九条,"截断后缀""处罚决定:罚款""",建设工程与房地产
依据《建筑工程施工许可管理办法》第十条、第十三条,《建筑工程施工许可管理办法》第十条、第十三条,"去除前缀""依据""",建设工程与房地产
《施工现场临时用电安全技术规范》第10.1.5条,《施工现场临时用电安全技术规范》,"截断后缀""第10.1.5条""",建设工程与房地产
《施工现场临时用电安全技术规范》第5.1.11条,《施工现场临时用电安全技术规范》,"截断后缀""第5.1.11条""",建设工程与房地产
《施工现场临时用电安全技术规范》第8.1.3条“每台用电设备必须有各自专用的开关箱”强制性条,《施工现场临时用电安全技术规范》,"截断后缀""第8.1.3条“每台用电设备必须有各自专...""",建设工程与房地产
《施工现场临时用电安全技术规范》第8.1.3条,《施工现场临时用电安全技术规范》,"截断后缀""第8.1.3条""",建设工程与房地产
《施工现场临时用电安全技术规范》第8.1.1条,《施工现场临时用电安全技术规范》,"截断后缀""第8.1.1条""",建设工程与房地产
《施工现场临时用电安全技术规范》第8.1.17条,《施工现场临时用电安全技术规范》,"截断后缀""第8.1.17条""",建设工程与房地产
《施工现场临时用电安全技术规范》第8.1.16条,《施工现场临时用电安全技术规范》,"截断后缀""第8.1.16条""",建设工程与房地产
《施工现场临时用电安全技术规范》第8.1.14条,《施工现场临时用电安全技术规范》,"截断后缀""第8.1.14条""",建设工程与房地产
《施工现场临时用电安全技术规范》第8.1.13条,《施工现场临时用电安全技术规范》,"截断后缀""第8.1.13条""",建设工程与房地产
《施工现场临时用电安全技术规范》第8.1.12条,《施工现场临时用电安全技术规范》,"截断后缀""第8.1.12条""",建设工程与房地产
《施工现场临时用电安全技术规范》第8.1.11条（强制性条,《施工现场临时用电安全技术规范》,"截断后缀""第8.1.11条（强制性条""",建设工程与房地产
《施工现场临时用电安全技术规范》第8.1.11条第二款“PE线必须通过PE线端子板连接”强制性条,《施工现场临时用电安全技术规范》第8.1.11条第二款,"截断后缀""“PE线必须通过PE线端子板连接”强制性...""",建设工程与房地产
《施工现场临时用电安全技术规范》第10.3.2条,《施工现场临时用电安全技术规范》,"截断后缀""第10.3.2条""",建设工程与房地产
《施工现场临时用电安全技术规范》第7.2.3条,《施工现场临时用电安全技术规范》,"截断后缀""第7.2.3条""",建设工程与房地产
《施工现场临时用电安全技术规范》第5.3.2条,《施工现场临时用电安全技术规范》,"截断后缀""第5.3.2条""",建设工程与房地产
《施工现场临时用电安全技术规范》第5.2.1条,《施工现场临时用电安全技术规范》,"截断后缀""第5.2.1条""",建设工程与房地产
《施工现场临时用电安全技术规范》第5.1.3条,《施工现场临时用电安全技术规范》,"截断后缀""第5.1.3条""",建设工程与房地产
《施工现场临时用电安全技术规范》第5.1.1条（强制性条,《施工现场临时用电安全技术规范》,"截断后缀""第5.1.1条（强制性条""",建设工程与房地产
《施工现场临时用电安全技术规范》第5.1.1条,《施工现场临时用电安全技术规范》,"截断后缀""第5.1.1条""",建设工程与房地产
《施工现场临时用电安全技术规范》第8.1.11条(强制性条,《施工现场临时用电安全技术规范》,"截断后缀""第8.1.11条(强制性条""",建设工程与房地产
依据《建筑施工企业主要负责人、项,《建筑施工企业主要负责人、项,"去除前缀""依据""",建设工程与房地产
依据《建设工程安全生产管理条例》第五十七条,《建设工程安全生产管理条例》第五十七条,"去除前缀""依据""",建设工程与房地产
依据《建设工程施工许可管理办法》第十二条,《建设工程施工许可管理办法》第十二条,"去除前缀""依据""",建设工程与房地产
根据《建筑工程施工许可管理办法》第十二条、第十五条第一款,《建筑工程施工许可管理办法》第十二条、第十五条第一款,"去除前缀""根据""",建设工程与房地产
根据《建筑工程施工许可管理办法》第十二条,《建筑工程施工许可管理办法》第十二条,"去除前缀""根据""",建设工程与房地产
根据《广东省建设工程质量管理条例》第四十六条的规定,《广东省建设工程质量管理条例》第四十六条的规定,"去除前缀""根据""",建设工程与房地产
根据《广东省建设工程质量管理条例》第四十六条,《广东省建设工程质量管理条例》第四十六条,"去除前缀""根据""",建设工程与房地产
根据《危险性较大的部分项工程安全管理规定》第三十五条,《危险性较大的部分项工程安全管理规定》第三十五条,"去除前缀""根据""",建设工程与房地产
根据《危险性较大的分部分项工程安全管理规定》第三十五条第(二)项,《危险性较大的分部分项工程安全管理规定》第三十五条第(二)项,"去除前缀""根据""",建设工程与房地产
根据《建筑施工企业主要负责人、项,《建筑施工企业主要负责人、项,"去除前缀""根据""",建设工程与房地产
根据《危险性较大的分部分项工程安全管理规定》第三十七条第(一)项,《危险性较大的分部分项工程安全管理规定》第三十七条第(一)项,"去除前缀""根据""",建设工程与房地产
"《杭州市建设工程施工安全管理条例》第三十三条第（二）项,",《杭州市建设工程施工安全管理条例》第三十三条第（二）项,"截断后缀"",""",建设工程与房地产
根据《上海市建设工程材料管理条例》第二十五条第一款第(一)项,《上海市建设工程材料管理条例》第二十五条第一款第(一)项,"去除前缀""根据""",建设工程与房地产
根据《危险性较大分部分项工程安全管理规定》第二十九条第四款,《危险性较大分部分项工程安全管理规定》第二十九条第四款,"去除前缀""根据""",建设工程与房地产
根据《建设工程安全生产管理条例》第六十二条第(二)项,《建设工程安全生产管理条例》第六十二条第(二)项,"去除前缀""根据""",建设工程与房地产
根据《建设工程质量管理条例》第五十七条,《建设工程质量管理条例》第五十七条,"去除前缀""根据""",建设工程与房地产
根据《建设工程质量检测管理办法》第四十七条第三项,《建设工程质量检测管理办法》第四十七条第三项,"去除前缀""根据""",建设工程与房地产
《武汉市建设工程安全生产管理办法》第二十、二十一、二十二条,《武汉市建设工程安全生产管理办法》,"截断后缀""第二十、二十一、二十二条""",建设工程与房地产
根据《建设工程质量管理条例》第六十二条,《建设工程质量管理条例》第六十二条,"去除前缀""根据""",建设工程与房地产
根据《建设工程质量管理条例》第五十六条第四款,《建设工程质量管理条例》第五十六条第四款,"去除前缀""根据""",建设工程与房地产
根据《建设工程质量管理条例》第五十六条第一款第(四)项,《建设工程质量管理条例》第五十六条第一款第(四)项,"去除前缀""根据""",建设工程与房地产
根据《建设工程质量管理条例》第五十八条,《建设工程质量管理条例》第五十八条,"去除前缀""根据""",建设工程与房地产
依据《房地产开发企业资质管理规定》第二十四条,《房地产开发企业资质管理规定》第二十四条,"去除前缀""依据""",建设工程与房地产
依据《成都市建设施工现场管理条例》第四十五条第一款的规定,《成都市建设施工现场管理条例》第四十五条第一款的规定,"去除前缀""依据""",建设工程与房地产
依据《成都市建设施工现场管理条例》第四十五条第一款,《成都市建设施工现场管理条例》第四十五条第一款,"去除前缀""依据""",建设工程与房地产
依据《建设项目安全设施“三同时”监督管理办法》第三十条第一款,《建设项目安全设施“三同时”监督管理办法》第三十条第一款,"去除前缀""依据""",建设工程与房地产
依据《建设工程质量管理条例》第六十四条规定,《建设工程质量管理条例》第六十四条,"去除前缀""依据""; 截断后缀""规定""",建设工程与房地产
依据《建设工程质量管理条例》第六十四条的规定,《建设工程质量管理条例》第六十四条的规定,"去除前缀""依据""",建设工程与房地产
依据《建设工程质量管理条例》第六十四条,《建设工程质量管理条例》第六十四条,"去除前缀""依据""",建设工程与房地产
依据《建设工程质量管理条例》第六十五条,《建设工程质量管理条例》第六十五条,"去除前缀""依据""",建设工程与房地产
依据《建设工程质量管理条例》第六十二条第一款的规定,《建设工程质量管理条例》第六十二条第一款的规定,"去除前缀""依据""",建设工程与房地产
依据《建设工程质量管理条例》第六十二条第一款,《建设工程质量管理条例》第六十二条第一款,"去除前缀""依据""",建设工程与房地产
依据《房地产开发企业资质管理规定》第十九条,《房地产开发企业资质管理规定》第十九条,"去除前缀""依据""",建设工程与房地产
依据《建设工程质量管理条例》第六十九条第一款的规定,《建设工程质量管理条例》第六十九条第一款的规定,"去除前缀""依据""",建设工程与房地产
依据《建设工程质量管理条例》第五十六条第八项,《建设工程质量管理条例》第五十六条第八项,"去除前缀""依据""",建设工程与房地产
依据《建设工程质量管理条例》第五十六条第一款第(四)项,《建设工程质量管理条例》第五十六条第一款第(四)项,"去除前缀""依据""",建设工程与房地产
依据《建设工程质量管理条例》第五十六条第(六)项之规定,《建设工程质量管理条例》第五十六条第(六)项之规定,"去除前缀""依据""",建设工程与房地产
依据《建设工程质量管理条例》第五十六条,《建设工程质量管理条例》第五十六条,"去除前缀""依据""",建设工程与房地产
依据《建设工程质量管理条例》第五十八条第一项,《建设工程质量管理条例》第五十八条第一项,"去除前缀""依据""",建设工程与房地产
依据《建设工程质量管理条例》第五十八条第(一)项,《建设工程质量管理条例》第五十八条第(一)项,"去除前缀""依据""",建设工程与房地产
依据《建设工程质量管理条例》第五十八条,《建设工程质量管理条例》第五十八条,"去除前缀""依据""",建设工程与房地产
依据《建设工程质量管理条例》第五十七条,《建设工程质量管理条例》第五十七条,"去除前缀""依据""",建设工程与房地产
依据《建设工程质量管理条,《建设工程质量管理条,"去除前缀""依据""",建设工程与房地产
依据《建设工程质量检测管理办法》第三十条,《建设工程质量检测管理办法》第三十条,"去除前缀""依据""",建设工程与房地产
依据《建设工程质量管理条例》第五十六条第四款,《建设工程质量管理条例》第五十六条第四款,"去除前缀""依据""",建设工程与房地产
《杭州市建设工程文明施工管理规定》第三十三条第七项行政处罚决定:处人民币壹万元整罚款,《杭州市建设工程文明施工管理规定》第三十三条第七项,"截断后缀""行政处罚决定:处人民币壹万元整罚款""",建设工程与房地产
依照《建设工程质量管理条例》第五十六条,《建设工程质量管理条例》第五十六条,"去除前缀""依照""",建设工程与房地产
依据《重庆市建设工程安全生产管理办法》第四十二条第三项,《重庆市建设工程安全生产管理办法》第四十二条第三项,"去除前缀""依据""",建设工程与房地产
《江苏省房屋建筑和市政基础设施工程质量监督管理办法》第二十五条第一项、第二项、,《江苏省房屋建筑和市政基础设施工程质量监督管理办法》第二十五条第一项、第二项,"截断后缀""、""",建设工程与房地产
《江苏省房屋建筑和市政基础设施工程质量监督管理办法》第十九条第一项、,《江苏省房屋建筑和市政基础设施工程质量监督管理办法》第十九条第一项,"截断后缀""、""",建设工程与房地产
《江苏省房屋建筑和市政基础设施工程质量监督管理办法》第十九条第（一）项和,《江苏省房屋建筑和市政基础设施工程质量监督管理办法》第十九条第（一）项,"截断后缀""和""",建设工程与房地产
《房屋建筑和市政基础设施工程施工图设计文件审查管理办法》第二十四条规定,《房屋建筑和市政基础设施工程施工图设计文件审查管理办法》第二十四条,"截断后缀""规定""",建设工程与房地产
《建设工程质量管理条例》第十三条、,《建设工程质量管理条例》第十三条,"截断后缀""、""",建设工程与房地产
《建设工程质量管理条例》第十一条、,《建设工程质量管理条例》第十一条,"截断后缀""、""",建设工程与房地产
《建设工程质量管理条例》第六十四条“违反本条,《建设工程质量管理条例》第六十四条,"截断后缀""“违反本条""",建设工程与房地产
《建设工程质量管理条例》第六十五条：“违反本条,《建设工程质量管理条例》第六十五条,"截断后缀""：“违反本条""",建设工程与房地产
《建设工程质量管理条例》第六十二条规定“违反本条,《建设工程质量管理条例》第六十二条,"截断后缀""规定“违反本条""",建设工程与房地产
《建设工程质量管理条例》第六十二条规定,《建设工程质量管理条例》第六十二条,"截断后缀""规定""",建设工程与房地产
《建设工程质量管理条例》第六十二条第一款的规定对莘县第一建筑工程有限公司罚款,《建设工程质量管理条例》第六十二条第一款的规定,"截断后缀""对莘县第一建筑工程有限公司罚款""",建设工程与房地产
"《建设项目安全设施“三同时”监督管理办法》第七条,",《建设项目安全设施“三同时”监督管理办法》第七条,"截断后缀"",""",建设工程与房地产
《建设项目安全设施‘三同时’监督管理办法》第二十三条第一款“建设项,《建设项目安全设施‘三同时’监督管理办法》第二十三条第一款,"截断后缀""“建设项""",建设工程与房地产
《建设施工起重吊装安全技术规范》第3.0.5条,《建设施工起重吊装安全技术规范》,"截断后缀""第3.0.5条""",建设工程与房地产
"《建设工程质量管理条例》第十六条第三款,",《建设工程质量管理条例》第十六条第三款,"截断后缀"",""",建设工程与房地产
"《建设工程质量管理条例》第十六条第一款,",《建设工程质量管理条例》第十六条第一款,"截断后缀"",""",建设工程与房地产
《建设项目安全设施“三同时”监督管理办法》第七条第(一)项、第(二)项、第(三)项和第(四)项规定以外的建设项,《建设项目安全设施“三同时”监督管理办法》第七条第(一)项、第(二)项、第(三)项和第(四)项,"截断后缀""规定以外的建设项""",建设工程与房地产
《建设工程质量管理条例》第六十二条第一款“违反本条,《建设工程质量管理条例》第六十二条第一款,"截断后缀""“违反本条""",建设工程与房地产
《建设工程质量管理条例》第五十八条第一项:“违反本条,《建设工程质量管理条例》第五十八条第一项,"截断后缀"":“违反本条""",建设工程与房地产
《建设工程质量管理条例》第五十八条第(一)项“违反本条,《建设工程质量管理条例》第五十八条第(一)项,"截断后缀""“违反本条""",建设工程与房地产
《建设工程质量管理条例》第五十八条:“违反本条,《建设工程质量管理条例》第五十八条,"截断后缀"":“违反本条""",建设工程与房地产
《建设工程质量管理条例》第五十八条第一项“违反本条,《建设工程质量管理条例》第五十八条第一项,"截断后缀""“违反本条""",建设工程与房地产
《建设工程质量管理条例》第五十五条:“违反本条,《建设工程质量管理条例》第五十五条,"截断后缀"":“违反本条""",建设工程与房地产
《建设工程质量管理条例》第五十七条处工程价款处罚内容:(15235559元)1%罚款,《建设工程质量管理条例》第五十七条,"截断后缀""处工程价款处罚内容:(15235559元...""",建设工程与房地产
《建设工程质量管理条例》第五十七条和,《建设工程质量管理条例》第五十七条,"截断后缀""和""",建设工程与房地产
《建设工程质量管理条例》第五十七条、七十三条,《建设工程质量管理条例》第五十七条,"截断后缀""、七十三条""",建设工程与房地产
《建设工程质量管理条例》第五十七条“违反本条,《建设工程质量管理条例》第五十七条,"截断后缀""“违反本条""",建设工程与房地产
《建设工程质量管理条例》第五十七条:“违反本条,《建设工程质量管理条例》第五十七条,"截断后缀"":“违反本条""",建设工程与房地产
《建设工程质量管理条例》第五十七条(违反本条,《建设工程质量管理条例》第五十七条,"截断后缀""(违反本条""",建设工程与房地产
依据《上海市建设工程材料管理条例》第二十五条第一款第(一)项,《上海市建设工程材料管理条例》第二十五条第一款第(一)项,"去除前缀""依据""",建设工程与房地产
《建设工程质量管理条例》第五十八条第一项违反本条,《建设工程质量管理条例》第五十八条第一项,"截断后缀""违反本条""",建设工程与房地产
《建设工程质量管理条例》第五十六条第六款规定:违反本条,《建设工程质量管理条例》第五十六条第六款,"截断后缀""规定:违反本条""",建设工程与房地产
《建设工程质量管理条例》第五十六条第(六)项“违反本条,《建设工程质量管理条例》第五十六条第(六)项,"截断后缀""“违反本条""",建设工程与房地产
《建设工程质量管理条例》第五十八条：“违反本条,《建设工程质量管理条例》第五十八条,"截断后缀""：“违反本条""",建设工程与房地产
《建设工程质量管理条例》第五十八条第（一）项“违反本条,《建设工程质量管理条例》第五十八条第（一）项,"截断后缀""“违反本条""",建设工程与房地产
"《建设工程质量管理条例》第五十八条第（一）项,",《建设工程质量管理条例》第五十八条第（一）项,"截断后缀"",""",建设工程与房地产
《成都市建设施工现场管理条例》第四十五条第二款“违反本条例规定,《成都市建设施工现场管理条例》第四十五条第二款,"截断后缀""“违反本条例规定""",建设工程与房地产
《成都市建设施工现场管理条例》第四十五条第一款规定作出行政处罚:罚款,《成都市建设施工现场管理条例》第四十五条第一款,"截断后缀""规定作出行政处罚:罚款""",建设工程与房地产
《房地产开发企业资质管理规定》第十五条规定,《房地产开发企业资质管理规定》第十五条,"截断后缀""规定""",建设工程与房地产
"《建设项目安全设施三同时监督管理办法》第十五条第（一）项,",《建设项目安全设施三同时监督管理办法》第十五条第（一）项,"截断后缀"",""",建设工程与房地产
《建设项目安全设施“三同时”监督管理办法》第十四条第一款第二项：建设项,《建设项目安全设施“三同时”监督管理办法》第十四条第一款第二项,"截断后缀""：建设项""",建设工程与房地产
《建设项目安全设施“三同时”监督管理办法》第三十条规定给予该公司作出责令限期整改并处罚款,《建设项目安全设施“三同时”监督管理办法》第三十条,"截断后缀""规定给予该公司作出责令限期整改并处罚款""",建设工程与房地产
《建设项目管理条例》第二十八条“违反本条例规定,《建设项目管理条例》第二十八条,"截断后缀""“违反本条例规定""",建设工程与房地产
《成都市市政工程设施管理条例》第五十七条:“违反本条,《成都市市政工程设施管理条例》第五十七条,"截断后缀"":“违反本条""",建设工程与房地产
《建设项目管理条例》第二十条和二十三条,《建设项目管理条例》第二十条,"截断后缀""和二十三条""",建设工程与房地产
《建设项目管理条例》第二十条“建设项目竣工后,《建设项目管理条例》第二十条,"截断后缀""“建设项目竣工后""",建设工程与房地产
《山东省房屋建筑和市政工程质量监督管理办法》第四十九条(一)规定,《山东省房屋建筑和市政工程质量监督管理办法》第四十九条(一),"截断后缀""规定""",建设工程与房地产
《山东省房屋建筑和市政工程质量监督管理办法》第四十六条（一）之规定作出罚款,《山东省房屋建筑和市政工程质量监督管理办法》第四十六条（一）之规定,"截断后缀""作出罚款""",建设工程与房地产
《山东省房屋建筑和市政工程质量监督管理办法》第五十条(三)规定,《山东省房屋建筑和市政工程质量监督管理办法》第五十条(三),"截断后缀""规定""",建设工程与房地产
《福建省建设工程监理文件管理规程》第7.3.1条,《福建省建设工程监理文件管理规程》,"截断后缀""第7.3.1条""",建设工程与房地产
《山东省房屋建筑和市政工程质量监督管理办法》第五十五条第三项之相关规定,《山东省房屋建筑和市政工程质量监督管理办法》第五十五条第三项,"截断后缀""之相关规定""",建设工程与房地产
《自动喷水灭火系统施工及验收规范》第5.2.1条,《自动喷水灭火系统施工及验收规范》,"截断后缀""第5.2.1条""",建设工程与房地产
《关于浙江中库科技有限公司建设项目办理不动产权证的办前联合公告》第004号)文件,《关于浙江中库科技有限公司建设项目办理不动产权证的办前联合公告》第004号,"截断后缀"")文件""",建设工程与房地产
《甘肃省建设工程质量和建设工程安全生产管理条例》第五十条“违反本条,《甘肃省建设工程质量和建设工程安全生产管理条例》第五十条,"截断后缀""“违反本条""",建设工程与房地产
《屋面工程质量验收规范》第6.2.11条,《屋面工程质量验收规范》,"截断后缀""第6.2.11条""",建设工程与房地产
"《安徽省建设工程安全生产管理办法》第二十三条第(一)项和第(七)项,",《安徽省建设工程安全生产管理办法》第二十三条第(一)项和第(七)项,"截断后缀"",""",建设工程与房地产
"《安徽省建设工程安全生产管理办法》第二十三条第(二)、(七)、(八)项,",《安徽省建设工程安全生产管理办法》第二十三条第(二)、(七)、(八)项,"截断后缀"",""",建设工程与房地产
《海南经济特区土地管理条例》第七十九条第一项、,《海南经济特区土地管理条例》第七十九条第一项,"截断后缀""、""",建设工程与房地产
《电气装置安装工程接地装置施工及验收规范》第3.0.4条,《电气装置安装工程接地装置施工及验收规范》,"截断后缀""第3.0.4条""",建设工程与房地产
《电气装置安装工程接地装置施工及验收规范》第3.0.4项,《电气装置安装工程接地装置施工及验收规范》,"截断后缀""第3.0.4项""",建设工程与房地产
《电气装置安装工程接地装置施工及验收规范》第4.2.9条,《电气装置安装工程接地装置施工及验收规范》,"截断后缀""第4.2.9条""",建设工程与房地产
《建筑基坑工程监测技术标准》第9.0.3条,《建筑基坑工程监测技术标准》,"截断后缀""第9.0.3条""",建设工程与房地产
《建筑基坑工程监测技术标准》第8.0.8条,《建筑基坑工程监测技术标准》,"截断后缀""第8.0.8条""",建设工程与房地产
《建筑基坑工程监测技术标准》第4.2.1条,《建筑基坑工程监测技术标准》,"截断后缀""第4.2.1条""",建设工程与房地产
《建筑基坑工程监测技术规范》第3.0.1条,《建筑基坑工程监测技术规范》,"截断后缀""第3.0.1条""",建设工程与房地产
《建筑地基基础工程施工质量验收规范》第9.5.2条,《建筑地基基础工程施工质量验收规范》,"截断后缀""第9.5.2条""",建设工程与房地产
《建筑基坑工程监测技术规范》第4.1.3条,《建筑基坑工程监测技术规范》,"截断后缀""第4.1.3条""",建设工程与房地产
《建筑基坑工程监测技术规范》第4.2.1条,《建筑基坑工程监测技术规范》,"截断后缀""第4.2.1条""",建设工程与房地产
"《建设工程质量管理条例》第六十二条第一款,责令改正,处罚款",《建设工程质量管理条例》第六十二条第一款,"截断后缀"",责令改正,处罚款""",建设工程与房地产
《建筑工程建筑面积计算规范》第3.0.18条,《建筑工程建筑面积计算规范》,"截断后缀""第3.0.18条""",建设工程与房地产
《建筑节能工程施工质量验收标准》第4.2.7条,《建筑节能工程施工质量验收标准》,"截断后缀""第4.2.7条""",建设工程与房地产
《建筑工程施工许可管理办法》第十二条规定给予7100元罚款,《建筑工程施工许可管理办法》第十二条,"截断后缀""规定给予7100元罚款""",建设工程与房地产
"《建筑工程安全生产管理条例》第十四条第二款,",《建筑工程安全生产管理条例》第十四条第二款,"截断后缀"",""",建设工程与房地产
《建筑工程安全生产管理条例》第五十七条第(二)项“违反本条,《建筑工程安全生产管理条例》第五十七条第(二)项,"截断后缀""“违反本条""",建设工程与房地产
《建筑工程安全生产管理条例》第五十七条第(二)项“违反本条,《建筑工程安全生产管理条例》第五十七条第(二)项,"截断后缀""“违反本条""",建设工程与房地产
《通风与空调工程施工质量验收规范》第6.2.2条,《通风与空调工程施工质量验收规范》,"截断后缀""第6.2.2条""",建设工程与房地产
《广东省建设工程质量管理条例》第四十九条第三项:“违反本条,《广东省建设工程质量管理条例》第四十九条第三项,"截断后缀"":“违反本条""",建设工程与房地产
"《山东省房屋建筑和市政工程质量监督管理办法》第五十条之规定,拟对青岛华鹏工程咨询集团有限公司处罚款",《山东省房屋建筑和市政工程质量监督管理办法》第五十条之规定,"截断后缀"",拟对青岛华鹏工程咨询集团有限公司处罚款""",建设工程与房地产
《城市房地产开发经营管理条例》第十八条“住宅小区等群体房地产开发项,《城市房地产开发经营管理条例》第十八条,"截断后缀""“住宅小区等群体房地产开发项""",建设工程与房地产
《建筑工程施工发包与承包违法行为认定查处管理办法》第八条(三)“施工总承包单位或专业承包单位未派驻项,《建筑工程施工发包与承包违法行为认定查处管理办法》第八条(三),"截断后缀""“施工总承包单位或专业承包单位未派驻项""",建设工程与房地产
《建筑工程施工发包与承包违法行为认定查处管理办法》第八条第(三)项、,《建筑工程施工发包与承包违法行为认定查处管理办法》第八条第(三)项,"截断后缀""、""",建设工程与房地产
《建筑工程施工许可管理办法》第12条规定“违反本条,《建筑工程施工许可管理办法》第12条,"截断后缀""规定“违反本条""",建设工程与房地产
《山东省建筑市场管理条例》第五十条(一)给予警告,《山东省建筑市场管理条例》第五十条(一),"截断后缀""给予警告""",建设工程与房地产
《建筑工程施工许可管理办法》第18号)第十五条:依照本办法规定,《建筑工程施工许可管理办法》第18号)第十五条,"截断后缀"":依照本办法规定""",建设工程与房地产
《建筑工程施工发包与承包违法行为认定查处管理办法》第八、十条,《建筑工程施工发包与承包违法行为认定查处管理办法》,"截断后缀""第八、十条""",建设工程与房地产
《中华人民共和国土地管理法》第四十三、四十四条,《中华人民共和国土地管理法》,"截断后缀""第四十三、四十四条""",房地产/土地
《中华人民共和国土地管理法》第2条、44条、59条,《中华人民共和国土地管理法》第2条,"截断后缀""、44条、59条""",房地产/土地
《中华人民共和国土地管理法》第五十九条、根据,《中华人民共和国土地管理法》第五十九条,"截断后缀""、根据""",房地产/土地
"《中华人民共和国土地管理法》第四十三、四十四条,",《中华人民共和国土地管理法》,"截断后缀""第四十三、四十四条,""",房地产/土地
《中华人民共和国土地管理法》第四十四条第一款、,《中华人民共和国土地管理法》第四十四条第一款,"截断后缀""、""",房地产/土地
《中华人民共和国土地管理法实施条例》第五十七条第一款“依照,《中华人民共和国土地管理法实施条例》第五十七条第一款,"截断后缀""“依照""",房地产/土地
《中华人民共和国土地管理法实施条例》第四十二条“依照,《中华人民共和国土地管理法实施条例》第四十二条,"截断后缀""“依照""",房地产/土地
《中华人民共和国土地管理法实施条例》第四十二条关于“依照,《中华人民共和国土地管理法实施条例》第四十二条,"截断后缀""关于“依照""",房地产/土地
《中华人民共和国土地管理法实施条例》第四十二条规定和,《中华人民共和国土地管理法实施条例》第四十二条,"截断后缀""规定和""",房地产/土地
《中华人民共和国土地管理法实施条例》第四十二条：“依据,《中华人民共和国土地管理法实施条例》第四十二条,"截断后缀""：“依据""",房地产/土地
《中华人民共和国土地管理法实施条例》第四十二条：“依照,《中华人民共和国土地管理法实施条例》第四十二条,"截断后缀""：“依照""",房地产/土地
《中华人民共和国土地管理法》第四十三条、,《中华人民共和国土地管理法》第四十三条,"截断后缀""、""",房地产/土地
《中华人民共和国土地管理法》第四十三条、四十四条,《中华人民共和国土地管理法》第四十三条,"截断后缀""、四十四条""",房地产/土地
《中华人民共和国土地管理法》第四十三条和,《中华人民共和国土地管理法》第四十三条,"截断后缀""和""",房地产/土地
《中华人民共和国土地管理法》第四十三条和四十四条,《中华人民共和国土地管理法》第四十三条,"截断后缀""和四十四条""",房地产/土地
《中华人民共和国土地管理法》第四十四条与,《中华人民共和国土地管理法》第四十四条,"截断后缀""与""",房地产/土地
《中华人民共和国土地管理法》第二条第三款等条款,《中华人民共和国土地管理法》第二条第三款,"截断后缀""等条款""",房地产/土地
《中华人民共和国土地管理法》第七十六条、,《中华人民共和国土地管理法》第七十六条,"截断后缀""、""",房地产/土地
《中华人民共和国土地管理法》第七十六条和,《中华人民共和国土地管理法》第七十六条,"截断后缀""和""",房地产/土地
《中华人民共和国土地管理法》第七十六条的规定、,《中华人民共和国土地管理法》第七十六条的规定,"截断后缀""、""",房地产/土地
《中华人民共和国土地管理法》第七十六条第一款、,《中华人民共和国土地管理法》第七十六条第一款,"截断后缀""、""",房地产/土地
《中华人民共和国土地管理法》第七十六条第一款及,《中华人民共和国土地管理法》第七十六条第一款,"截断后缀""及""",房地产/土地
《中华人民共和国土地管理法》第七十六条第一款和,《中华人民共和国土地管理法》第七十六条第一款,"截断后缀""和""",房地产/土地
《土地管理法》第七十六条的规定处以罚款,《土地管理法》第七十六条的规定,"截断后缀""处以罚款""",房地产/土地
《土地管理法》第七十六条的规定处以罚款的,《土地管理法》第七十六条的规定,"截断后缀""处以罚款的""",房地产/土地
《中华人民共和国土地管理法》第七十六条第一款的规定和,《中华人民共和国土地管理法》第七十六条第一款的规定,"截断后缀""和""",房地产/土地
《中华人民共和国土地管理法》第七十四条、七十六条,《中华人民共和国土地管理法》第七十四条,"截断后缀""、七十六条""",房地产/土地
《中华人民共和国土地管理法》第七十四条、七十六条和,《中华人民共和国土地管理法》第七十四条,"截断后缀""、七十六条和""",房地产/土地
《中华人民共和国土地管理法》第七十四条（与2019年8月修改前的,《中华人民共和国土地管理法》第七十四条,"截断后缀""（与2019年8月修改前的""",房地产/土地
《中华人民共和国土地管理法》第三十六条、四十三条、四十四条,《中华人民共和国土地管理法》第三十六条,"截断后缀""、四十三条、四十四条""",房地产/土地
《土地管理法》第二条第三款、第四十四条、五十三条,《土地管理法》第二条第三款、第四十四条,"截断后缀""、五十三条""",房地产/土地
《中华人民共和国土地管理法》第43.44条,《中华人民共和国土地管理法》,"截断后缀""第43.44条""",房地产/土地
《中华人民共和国土地管理法》第43.44条和,《中华人民共和国土地管理法》,"截断后缀""第43.44条和""",房地产/土地
《中华人民共和国土地管理法》第43.44条和、,《中华人民共和国土地管理法》,"截断后缀""第43.44条和、""",房地产/土地
《中华人民共和国土地管理法》第43、44条,《中华人民共和国土地管理法》,"截断后缀""第43、44条""",房地产/土地
《中华人民共和国土地管理法》第76条和,《中华人民共和国土地管理法》第76条,"截断后缀""和""",房地产/土地
《中华人民共和国土地管理法》第77条、,《中华人民共和国土地管理法》第77条,"截断后缀""、""",房地产/土地
《中华人民共和国土地管理法》第七十七、,《中华人民共和国土地管理法》,"截断后缀""第七十七、""",房地产/土地
《中华人民共和国土地管理法》第七十七条、,《中华人民共和国土地管理法》第七十七条,"截断后缀""、""",房地产/土地
《土地管理法》第七十七条的规定处以罚款,《土地管理法》第七十七条的规定,"截断后缀""处以罚款""",房地产/土地
《中华人民共和国土地管理法》第七十七条和,《中华人民共和国土地管理法》第七十七条,"截断后缀""和""",房地产/土地
《中华人民共和国土地管理法》第七十七条第一款、,《中华人民共和国土地管理法》第七十七条第一款,"截断后缀""、""",房地产/土地
《中华人民共和国土地管理法》第七十七条第一款及,《中华人民共和国土地管理法》第七十七条第一款,"截断后缀""及""",房地产/土地
《中华人民共和国土地管理法》第七十七条第二款、,《中华人民共和国土地管理法》第七十七条第二款,"截断后缀""、""",房地产/土地
《中华人民共和国土地管理法》第二条第三款、第五十七条和,《中华人民共和国土地管理法》第二条第三款、第五十七条,"截断后缀""和""",房地产/土地
《中华人民共和国土地管理法》第二条第三款、第四十四条、五十三条,《中华人民共和国土地管理法》第二条第三款、第四十四条,"截断后缀""、五十三条""",房地产/土地
《中华人民共和国土地管理法》第二条第三款和,《中华人民共和国土地管理法》第二条第三款,"截断后缀""和""",房地产/土地
《中华人民共和国土地管理法》第二条第三款、,《中华人民共和国土地管理法》第二条第三款,"截断后缀""、""",房地产/土地
《中华人民共和国土地管理法》第二条、第四十三条、第四十四条、第五十九条至六十二条,《中华人民共和国土地管理法》第二条、第四十三条、第四十四条、第五十九条,"截断后缀""至六十二条""",房地产/土地
《中华人民共和国土地管理法》第二条、第四十三条和,《中华人民共和国土地管理法》第二条、第四十三条,"截断后缀""和""",房地产/土地
根据《中华人民共和国土地管理法》第七十七条第一款,《中华人民共和国土地管理法》第七十七条第一款,"去除前缀""根据""",房地产/土地
《中华人民共和国土地管理法》第二条和,《中华人民共和国土地管理法》第二条,"截断后缀""和""",房地产/土地
依据《中华人民共和国土地管理法》第七十七条,《中华人民共和国土地管理法》第七十七条,"去除前缀""依据""",房地产/土地
《商品房买卖合同补充协议》第六条第8项“若买受人未付清合同约定的全部应付款（含面积补差款,《商品房买卖合同补充协议》第六条第8项,"截断后缀""“若买受人未付清合同约定的全部应付款（含...""",房地产/土地
《商品房买卖合同》第七条：关于买受人逾期付款的违约责任与签订的附件四中所使用条款,《商品房买卖合同》第七条,"截断后缀""：关于买受人逾期付款的违约责任与签订的附...""",房地产/土地
《商品房买卖合同》第八条及本补充协议的相关约定承担逾期付款,《商品房买卖合同》第八条,"截断后缀""及本补充协议的相关约定承担逾期付款""",房地产/土地
《商品房买卖合同》第八条规定：逾期付款,《商品房买卖合同》第八条,"截断后缀""规定：逾期付款""",房地产/土地
《中华人民共和国招投标法实施条例》第六十七条;,《中华人民共和国招投标法实施条例》第六十七条,"截断后缀"";""",招投标
依据《中华人民共和国招投标法》第53条,《中华人民共和国招投标法》第53条,"去除前缀""依据""",招投标
《深圳经济特区建设工程施工招标投标条例》第六十五条第(二)项“投标人违反本条,《深圳经济特区建设工程施工招标投标条例》第六十五条第(二)项,"截断后缀""“投标人违反本条""",招投标
《招投标法实施条例》第五十九条、,《招投标法实施条例》第五十九条,"截断后缀""、""",招投标
《工程建设项目勘察设计招标投标办法》第三条和,《工程建设项目勘察设计招标投标办法》第三条,"截断后缀""和""",招投标
《中华人民共和国文物保护法》第二十九条和,《中华人民共和国文物保护法》第二十九条,"截断后缀""和""",文物保护
《中华人民共和国公司登记管理条例》第七十三条第一款的规定依据,《中华人民共和国公司登记管理条例》第七十三条第一款的规定,"截断后缀""依据""",无照经营/登记问题
《中华人民共和国公司登记管理条例》第六十条、,《中华人民共和国公司登记管理条例》第六十条,"截断后缀""、""",无照经营/登记问题
《中华人民共和国公司登记管理条例》第七十三条第一款规定的擅自变更登记事项,《中华人民共和国公司登记管理条例》第七十三条第一款,"截断后缀""规定的擅自变更登记事项""",无照经营/登记问题
《中华人民共和国企业法人登记管理条例实行细则》第六十条、,《中华人民共和国企业法人登记管理条例实行细则》第六十条,"截断后缀""、""",无照经营/登记问题
《中华人民共和国公司登记管理条例》第七十六条和,《中华人民共和国公司登记管理条例》第七十六条,"截断后缀""和""",无照经营/登记问题
《中华人民共和国公司登记管理条例》第二十六条、,《中华人民共和国公司登记管理条例》第二十六条,"截断后缀""、""",无照经营/登记问题
《中华人民共和国公司登记管理条例》第二十六条“公司变更登记事项,《中华人民共和国公司登记管理条例》第二十六条,"截断后缀""“公司变更登记事项""",无照经营/登记问题
《中华人民共和国公司登记管理条例》第七十三条第二款“公司未依照本条,《中华人民共和国公司登记管理条例》第七十三条第二款,"截断后缀""“公司未依照本条""",无照经营/登记问题
《中华人民共和国公司登记管理条例》第三条的规定依据,《中华人民共和国公司登记管理条例》第三条的规定,"截断后缀""依据""",无照经营/登记问题
《中华人民共和国公司登记管理条例》第三十三条一款,《中华人民共和国公司登记管理条例》第三十三条,"截断后缀""一款""",无照经营/登记问题
《中华人民共和国公司登记管理条例》第七十六条、,《中华人民共和国公司登记管理条例》第七十六条,"截断后缀""、""",无照经营/登记问题
《中华人民共和国公司登记管理条例》第七十六条规定依据,《中华人民共和国公司登记管理条例》第七十六条,"截断后缀""规定依据""",无照经营/登记问题
《中华人民共和国公司登记管理条例》第七十六条的规定依据,《中华人民共和国公司登记管理条例》第七十六条的规定,"截断后缀""依据""",无照经营/登记问题
《中华人民共和国公司登记管理条例》第七十六条所指“公司不按照规定依据,《中华人民共和国公司登记管理条例》第七十六条,"截断后缀""所指“公司不按照规定依据""",无照经营/登记问题
《中华人民共和国公司登记管理条例》第三条第二款的规定依据,《中华人民共和国公司登记管理条例》第三条第二款的规定,"截断后缀""依据""",无照经营/登记问题
《中华人民共和国企业法人登记管理条例施行细则》第六十三条第一款七项,《中华人民共和国企业法人登记管理条例施行细则》第六十三条第一款,"截断后缀""七项""",无照经营/登记问题
《中华人民共和国公司登记管理条例》第33条、,《中华人民共和国公司登记管理条例》第33条,"截断后缀""、""",无照经营/登记问题
《中华人民共和国企业法人登记管理条例》第三十条一款,《中华人民共和国企业法人登记管理条例》第三十条,"截断后缀""一款""",无照经营/登记问题
《中华人民共和国企业法人登记管理条例》第三十条第一款第三项和,《中华人民共和国企业法人登记管理条例》第三十条第一款第三项,"截断后缀""和""",无照经营/登记问题
《中华人民共和国企业法人登记管理条例》第三十条第一款第（三）项、,《中华人民共和国企业法人登记管理条例》第三十条第一款第（三）项,"截断后缀""、""",无照经营/登记问题
《中华人民共和国企业法人登记管理条例》第三十条第一款第（三）项及,《中华人民共和国企业法人登记管理条例》第三十条第一款第（三）项,"截断后缀""及""",无照经营/登记问题
《中华人民共和国企业法人登记管理条例》第三十条第一款第（二）项、,《中华人民共和国企业法人登记管理条例》第三十条第一款第（二）项,"截断后缀""、""",无照经营/登记问题
《中华人民共和国企业法人登记管理条例》第三十条第一款第（二）项和,《中华人民共和国企业法人登记管理条例》第三十条第一款第（二）项,"截断后缀""和""",无照经营/登记问题
《中华人民共和国企业法人登记管理条例》第三十条第一款（三）项和,《中华人民共和国企业法人登记管理条例》第三十条第一款（三）项,"截断后缀""和""",无照经营/登记问题
《中华人民共和国公司登记管理条例》第76条和,《中华人民共和国公司登记管理条例》第76条,"截断后缀""和""",无照经营/登记问题
《中华人民共和国公司登记管理条例》第76条、,《中华人民共和国公司登记管理条例》第76条,"截断后缀""、""",无照经营/登记问题
《中华人民共和国公司登记管理条例》第七十七条、,《中华人民共和国公司登记管理条例》第七十七条,"截断后缀""、""",无照经营/登记问题
《中华人民共和国企业法人登记管理条例》第24条和,《中华人民共和国企业法人登记管理条例》第24条,"截断后缀""和""",无照经营/登记问题
《市场主体登记管理条例》第四十六条“市场主体未依照本条,《市场主体登记管理条例》第四十六条,"截断后缀""“市场主体未依照本条""",无照经营/登记问题
《中华人民共和国公司登记管理条例》第六十条和,《中华人民共和国公司登记管理条例》第六十条,"截断后缀""和""",无照经营/登记问题
《中华人民共和国企业法人登记管理条例》第30条和,《中华人民共和国企业法人登记管理条例》第30条,"截断后缀""和""",无照经营/登记问题
《中华人民共和国公司登记管理条例》第78条、,《中华人民共和国公司登记管理条例》第78条,"截断后缀""、""",无照经营/登记问题
《中华人民共和国企业法人登记管理条例》第30条第1款第2项、,《中华人民共和国企业法人登记管理条例》第30条第1款第2项,"截断后缀""、""",无照经营/登记问题
《中华人民共和国公司登记管理条例》第69条的规定依据,《中华人民共和国公司登记管理条例》第69条的规定,"截断后缀""依据""",无照经营/登记问题
《中华人民共和国公司登记管理条例》第68条及,《中华人民共和国公司登记管理条例》第68条,"截断后缀""及""",无照经营/登记问题
《中华人民共和国公司登记管理条例》第63条第2款、,《中华人民共和国公司登记管理条例》第63条第2款,"截断后缀""、""",无照经营/登记问题
"《中华人民共和国公司登记管理条例》第63条第2款,",《中华人民共和国公司登记管理条例》第63条第2款,"截断后缀"",""",无照经营/登记问题
《中华人民共和国公司登记管理条例》第七十三条关于“公司登记事项,《中华人民共和国公司登记管理条例》第七十三条,"截断后缀""关于“公司登记事项""",无照经营/登记问题
《中华人民共和国企业法人登记管理条例施行细则》第六十三条第一款第（三）项规定的擅自改变主要登记事项,《中华人民共和国企业法人登记管理条例施行细则》第六十三条第一款第（三）项,"截断后缀""规定的擅自改变主要登记事项""",无照经营/登记问题
《中华人民共和国公司登记管理条例》第七十三条第一款“公司登记事项,《中华人民共和国公司登记管理条例》第七十三条第一款,"截断后缀""“公司登记事项""",无照经营/登记问题
《工业产品生产许可证管理条例》第四十五条“企业未依照本条,《工业产品生产许可证管理条例》第四十五条,"截断后缀""“企业未依照本条""",无照经营/登记问题
《中华人民共和国公司登记管理条例》第六十条的规定及,《中华人民共和国公司登记管理条例》第六十条的规定,"截断后缀""及""",无照经营/登记问题
《中华人民共和国企业法人登记管理条例》第十七条规定依据,《中华人民共和国企业法人登记管理条例》第十七条,"截断后缀""规定依据""",无照经营/登记问题
《中华人民共和国企业法人登记管理条例》第十七条的规定依据,《中华人民共和国企业法人登记管理条例》第十七条的规定,"截断后缀""依据""",无照经营/登记问题
《中华人民共和国企业法人登记管理条例》第十七条和,《中华人民共和国企业法人登记管理条例》第十七条,"截断后缀""和""",无照经营/登记问题
《中华人民共和国企业法人登记管理条例》第十七条之规定依据,《中华人民共和国企业法人登记管理条例》第十七条之规定,"截断后缀""依据""",无照经营/登记问题
《中华人民共和国企业法人登记管理条例》第十七条、第三十五条第一款及,《中华人民共和国企业法人登记管理条例》第十七条、第三十五条第一款,"截断后缀""及""",无照经营/登记问题
《中华人民共和国企业法人登记管理条例》第二十条、第二十二条、第三十条和,《中华人民共和国企业法人登记管理条例》第二十条、第二十二条、第三十条,"截断后缀""和""",无照经营/登记问题
《中华人民共和国企业法人登记管理条例》第二十四条和,《中华人民共和国企业法人登记管理条例》第二十四条,"截断后缀""和""",无照经营/登记问题
《中华人民共和国企业法人登记管理条例》第二十四条、,《中华人民共和国企业法人登记管理条例》第二十四条,"截断后缀""、""",无照经营/登记问题
"《中华人民共和国企业法人登记管理条例》第二十四条,",《中华人民共和国企业法人登记管理条例》第二十四条,"截断后缀"",""",无照经营/登记问题
《中华人民共和国企业法人登记管理条例施行细则》第六十三条第一款第（十）项和,《中华人民共和国企业法人登记管理条例施行细则》第六十三条第一款第（十）项,"截断后缀""和""",无照经营/登记问题
《中华人民共和国公司登记管理条例》第二十六条第一款、第二款的规定依据,《中华人民共和国公司登记管理条例》第二十六条第一款、第二款的规定,"截断后缀""依据""",无照经营/登记问题
《个人独资企业登记管理办法》第四十条第一款及,《个人独资企业登记管理办法》第四十条第一款,"截断后缀""及""",无照经营/登记问题
《个人独资企业登记管理办法》第二十九条及,《个人独资企业登记管理办法》第二十九条,"截断后缀""及""",无照经营/登记问题
《个人独资企业登记管理办法》第二十九、或,《个人独资企业登记管理办法》,"截断后缀""第二十九、或""",无照经营/登记问题
《个体工商户条例》第十条第一款“个体工商户登记事项,《个体工商户条例》第十条第一款,"截断后缀""“个体工商户登记事项""",无照经营/登记问题
《中华人民共和国公司登记管理条例》第59条、60条和,《中华人民共和国公司登记管理条例》第59条,"截断后缀""、60条和""",无照经营/登记问题
《中华人民共和国公司登记管理条例》第59条、,《中华人民共和国公司登记管理条例》第59条,"截断后缀""、""",无照经营/登记问题
"《中华人民共和国公司登记管理条例》第59、60条,",《中华人民共和国公司登记管理条例》,"截断后缀""第59、60条,""",无照经营/登记问题
《中华人民共和国公司登记管理条例》第59、60条,《中华人民共和国公司登记管理条例》,"截断后缀""第59、60条""",无照经营/登记问题
《中华人民共和国公司登记管理条例》第49条及,《中华人民共和国公司登记管理条例》第49条,"截断后缀""及""",无照经营/登记问题
《中华人民共和国公司登记管理条例》第六十条第一款的规定和,《中华人民共和国公司登记管理条例》第六十条第一款的规定,"截断后缀""和""",无照经营/登记问题
《中华人民共和国公司登记管理条例》第四十条和,《中华人民共和国公司登记管理条例》第四十条,"截断后缀""和""",无照经营/登记问题
《中华人民共和国公司登记管理条例》第四十八条第一款规定依据,《中华人民共和国公司登记管理条例》第四十八条第一款,"截断后缀""规定依据""",无照经营/登记问题
《中华人民共和国公司登记管理条例》第四十八条第一款的规定依据,《中华人民共和国公司登记管理条例》第四十八条第一款的规定,"截断后缀""依据""",无照经营/登记问题
《中华人民共和国公司登记管理条例》第四十八条第一款之规定依据,《中华人民共和国公司登记管理条例》第四十八条第一款之规定,"截断后缀""依据""",无照经营/登记问题
《中华人民共和国公司登记管理条例》第四十八条的规定依据,《中华人民共和国公司登记管理条例》第四十八条的规定,"截断后缀""依据""",无照经营/登记问题
《中华人民共和国公司登记管理条例》第六十条第一款的规定依据,《中华人民共和国公司登记管理条例》第六十条第一款的规定,"截断后缀""依据""",无照经营/登记问题
《中华人民共和国公司登记管理条例》第六十三条第二款的规定依据,《中华人民共和国公司登记管理条例》第六十三条第二款的规定,"截断后缀""依据""",无照经营/登记问题
"《中华人民共和国公司登记管理条例》第六十三条第二款,",《中华人民共和国公司登记管理条例》第六十三条第二款,"截断后缀"",""",无照经营/登记问题
《中华人民共和国公司登记管理条例》第六十条第一款的的规定依据,《中华人民共和国公司登记管理条例》第六十条第一款的的规定,"截断后缀""依据""",无照经营/登记问题
《中华人民共和国公司登记管理条例》第八十规定依据,《中华人民共和国公司登记管理条例》,"截断后缀""第八十规定依据""",无照经营/登记问题
《中华人民共和国公司登记管理条例》第六十七条和,《中华人民共和国公司登记管理条例》第六十七条,"截断后缀""和""",无照经营/登记问题
《中华人民共和国公司登记管理条例》第六十七条、,《中华人民共和国公司登记管理条例》第六十七条,"截断后缀""、""",无照经营/登记问题
《中华人民共和国公司登记管理条例》第六十七条;,《中华人民共和国公司登记管理条例》第六十七条,"截断后缀"";""",无照经营/登记问题
《中华人民共和国公司登记管理条例》第六十条第一款和,《中华人民共和国公司登记管理条例》第六十条第一款,"截断后缀""和""",无照经营/登记问题
《中华人民共和国公司登记管理条例》第六十九条的规定“公司登记事项,《中华人民共和国公司登记管理条例》第六十九条的规定,"截断后缀""“公司登记事项""",无照经营/登记问题
《中华人民共和国公司登记管理条例》第六十条第一款及,《中华人民共和国公司登记管理条例》第六十条第一款,"截断后缀""及""",无照经营/登记问题
《中华人民共和国公司登记管理条例》第六十八条规定依据,《中华人民共和国公司登记管理条例》第六十八条,"截断后缀""规定依据""",无照经营/登记问题
《中华人民共和国公司登记管理条例》第六十八条、,《中华人民共和国公司登记管理条例》第六十八条,"截断后缀""、""",无照经营/登记问题
《中华人民共和国公司登记管理条例》第八十条之规定依据,《中华人民共和国公司登记管理条例》第八十条之规定,"截断后缀""依据""",无照经营/登记问题
《中华人民共和国公司登记管理条例》第八十条的规定依据,《中华人民共和国公司登记管理条例》第八十条的规定,"截断后缀""依据""",无照经营/登记问题
《中华人民共和国公司登记管理条例》第八十条规定依据,《中华人民共和国公司登记管理条例》第八十条,"截断后缀""规定依据""",无照经营/登记问题
《中华人民共和国公司登记管理条例》第六十九条规定依据,《中华人民共和国公司登记管理条例》第六十九条,"截断后缀""规定依据""",无照经营/登记问题
《中华人民共和国公司登记管理条例》第六十九条第一款“公司登记事项,《中华人民共和国公司登记管理条例》第六十九条第一款,"截断后缀""“公司登记事项""",无照经营/登记问题
《广东省商事登记条例》第五十二条第一款和,《广东省商事登记条例》第五十二条第一款,"截断后缀""和""",无照经营/登记问题
"《广东省商事登记条例》第五十二条第一款,",《广东省商事登记条例》第五十二条第一款,"截断后缀"",""",无照经营/登记问题
"《中华人民共和国个人独资企业登记管理办法》第二十九条,",《中华人民共和国个人独资企业登记管理办法》第二十九条,"截断后缀"",""",无照经营/登记问题
《中华人民共和国公司登记管理条例》第二十六条第二款所指的未经核准变更登记擅自改变登记事项,《中华人民共和国公司登记管理条例》第二十六条第二款,"截断后缀""所指的未经核准变更登记擅自改变登记事项""",无照经营/登记问题
《中华人民共和国公司登记管理条例》第二十六条第二款的规定依据,《中华人民共和国公司登记管理条例》第二十六条第二款的规定,"截断后缀""依据""",无照经营/登记问题
《中华人民共和国公司登记管理条例》第二十六条规定依据,《中华人民共和国公司登记管理条例》第二十六条,"截断后缀""规定依据""",无照经营/登记问题
《中华人民共和国公司登记管理条例》第二十六条规定的“公司变更登记事项,《中华人民共和国公司登记管理条例》第二十六条,"截断后缀""规定的“公司变更登记事项""",无照经营/登记问题
《中华人民共和国公司登记管理条例》第二十六条规定的公司不得擅自改变登记事项,《中华人民共和国公司登记管理条例》第二十六条,"截断后缀""规定的公司不得擅自改变登记事项""",无照经营/登记问题
《中华人民共和国公司登记管理条例》第二十六条：“公司变更登记事项,《中华人民共和国公司登记管理条例》第二十六条,"截断后缀""：“公司变更登记事项""",无照经营/登记问题
《中华人民共和国公司登记管理条例》第五十九、六十条,《中华人民共和国公司登记管理条例》,"截断后缀""第五十九、六十条""",无照经营/登记问题
《中华人民共和国公司登记管理条例》第五十九、六十条和,《中华人民共和国公司登记管理条例》,"截断后缀""第五十九、六十条和""",无照经营/登记问题
《中华人民共和国公司登记管理条例》第五十九、六十条的规定和,《中华人民共和国公司登记管理条例》第五十九、六十条的规定,"截断后缀""和""",无照经营/登记问题
"《中华人民共和国公司登记管理条例》第五十九条,",《中华人民共和国公司登记管理条例》第五十九条,"截断后缀"",""",无照经营/登记问题
《中华人民共和国公司登记管理条例》第五十九条、第六十条、,《中华人民共和国公司登记管理条例》第五十九条、第六十条,"截断后缀""、""",无照经营/登记问题
《中华人民共和国公同登记管理条例》第六十三条二款,《中华人民共和国公同登记管理条例》第六十三条,"截断后缀""二款""",无照经营/登记问题
《中华人民共和国公司登记管理条例》第五十九条、第六十条和,《中华人民共和国公司登记管理条例》第五十九条、第六十条,"截断后缀""和""",无照经营/登记问题
《中华人民共和国公司登记管理条例》第二十六条第二款所指的“未经核准变更登记擅自改变登记事项,《中华人民共和国公司登记管理条例》第二十六条第二款,"截断后缀""所指的“未经核准变更登记擅自改变登记事项""",无照经营/登记问题
《中华人民共和国公司登记管理条例》第二十六条、第三十三条第一款规定的擅自改变登记事项,《中华人民共和国公司登记管理条例》第二十六条、第三十三条第一款,"截断后缀""规定的擅自改变登记事项""",无照经营/登记问题
《中华人民共和国公司登记管理条例》第二十六条、第三十三第一款规定的擅自改变登记事项,《中华人民共和国公司登记管理条例》第二十六条、第三十三第一款,"截断后缀""规定的擅自改变登记事项""",无照经营/登记问题
《中华人民共和国公司登记管理条例》第二十六条之规定依据,《中华人民共和国公司登记管理条例》第二十六条之规定,"截断后缀""依据""",无照经营/登记问题
《中华人民共和国公司登记管理条例》第二十六条的规定：“公司变更登记事项,《中华人民共和国公司登记管理条例》第二十六条的规定,"截断后缀""：“公司变更登记事项""",无照经营/登记问题
《中华人民共和国企业登记管理条例实施细则》第六十三条、,《中华人民共和国企业登记管理条例实施细则》第六十三条,"截断后缀""、""",无照经营/登记问题
《中华人民共和国公司登记管理条例》第二十六条第一款及第二款的规定依据,《中华人民共和国公司登记管理条例》第二十六条第一款及第二款的规定,"截断后缀""依据""",无照经营/登记问题
《中华人民共和国公司登记管理条例》第二十六条第一款的规定依据,《中华人民共和国公司登记管理条例》第二十六条第一款的规定,"截断后缀""依据""",无照经营/登记问题
《中华人民共和国公司登记管理条例》第二十六条第一款规定依据,《中华人民共和国公司登记管理条例》第二十六条第一款,"截断后缀""规定依据""",无照经营/登记问题
《中华人民共和国公司登记管理条例》第二十六条第二款之规定依据,《中华人民共和国公司登记管理条例》第二十六条第二款之规定,"截断后缀""依据""",无照经营/登记问题
《中华人民共和国公司登记管理条例》第二十六条的规定依据,《中华人民共和国公司登记管理条例》第二十六条的规定,"截断后缀""依据""",无照经营/登记问题
《广州市商事登记暂行办法》第二十一条“商事主体的登记事项或者备案事项,《广州市商事登记暂行办法》第二十一条,"截断后缀""“商事主体的登记事项或者备案事项""",无照经营/登记问题
"《广东省商事登记条例》第五十九条第（一）项,",《广东省商事登记条例》第五十九条第（一）项,"截断后缀"",""",无照经营/登记问题
《广东省商事登记条例》第五十九条第（一）项及,《广东省商事登记条例》第五十九条第（一）项,"截断后缀""及""",无照经营/登记问题
《中华人民共和国公司公司登记管理条例》第四十八条第一款的规定依据,《中华人民共和国公司公司登记管理条例》第四十八条第一款的规定,"截断后缀""依据""",无照经营/登记问题
《中华人民共和国公司法》第二百一十一条第二款&ldquo;公司登记事项,《中华人民共和国公司法》第二百一十一条第二款,"截断后缀""&ldquo;公司登记事项""",无照经营/登记问题
《中华人民共和国公司法》第二百一十一条第二款:“公司登记事项,《中华人民共和国公司法》第二百一十一条第二款,"截断后缀"":“公司登记事项""",无照经营/登记问题
《中华人民共和国公司法》第二百一十一条第二款“公司登记事项,《中华人民共和国公司法》第二百一十一条第二款,"截断后缀""“公司登记事项""",无照经营/登记问题
《中华人民共和国公司法》第二百一十二条第二款“公司登记事项,《中华人民共和国公司法》第二百一十二条第二款,"截断后缀""“公司登记事项""",无照经营/登记问题
《广东省商事登记条例》第五十二条、,《广东省商事登记条例》第五十二条,"截断后缀""、""",无照经营/登记问题
《中华人民共和国公司登记管理条例》第五十九条、第六十条第一款和,《中华人民共和国公司登记管理条例》第五十九条、第六十条第一款,"截断后缀""和""",无照经营/登记问题
《广州市商事登记暂行办法》第七条第（五）项所规定的商事主体备案事项,《广州市商事登记暂行办法》第七条第（五）项,"截断后缀""所规定的商事主体备案事项""",无照经营/登记问题
《中华人民共和国公司登记管理条例》第五十九条及,《中华人民共和国公司登记管理条例》第五十九条,"截断后缀""及""",无照经营/登记问题
《广告经营许可证管理办法》第十条第二款规定依据,《广告经营许可证管理办法》第十条第二款,"截断后缀""规定依据""",无照经营/登记问题
《广告经营许可证管理办法》第十条第二款的规定依据,《广告经营许可证管理办法》第十条第二款的规定,"截断后缀""依据""",无照经营/登记问题
《中华人名共和国公司登记管理条例》第四十八条第一款和,《中华人名共和国公司登记管理条例》第四十八条第一款,"截断后缀""和""",无照经营/登记问题
《中华人民共和国公司登记管理条例》第五十九条及第六十条和,《中华人民共和国公司登记管理条例》第五十九条及第六十条,"截断后缀""和""",无照经营/登记问题
《中华人民共和国公司登记管理条例》第五十九条和,《中华人民共和国公司登记管理条例》第五十九条,"截断后缀""和""",无照经营/登记问题
《中华人民共和国公司登记管理条例》第六十条第一款、,《中华人民共和国公司登记管理条例》第六十条第一款,"截断后缀""、""",无照经营/登记问题
《中华人民共和国公司登记管理条例》第五十九条和六十条,《中华人民共和国公司登记管理条例》第五十九条,"截断后缀""和六十条""",无照经营/登记问题
《中华人民共和国公司登记管理条例》第五十九条和六十条第一款和,《中华人民共和国公司登记管理条例》第五十九条和六十条第一款,"截断后缀""和""",无照经营/登记问题
《中华人民共和国公司登记管理条例》第60条和,《中华人民共和国公司登记管理条例》第60条,"截断后缀""和""",无照经营/登记问题
《中华人民共和国公司登记管理条例》第七十六条之规定依据,《中华人民共和国公司登记管理条例》第七十六条之规定,"截断后缀""依据""",无照经营/登记问题
"《中华人民共和国合伙企业登记管理办法》第32条,",《中华人民共和国合伙企业登记管理办法》第32条,"截断后缀"",""",无照经营/登记问题
《企业法人登记条例施行细则》第六十三条和,《企业法人登记条例施行细则》第六十三条,"截断后缀""和""",无照经营/登记问题
《企业名称登记管理规定》第26条第（2项,《企业名称登记管理规定》第26条,"截断后缀""第（2项""",无照经营/登记问题
《企业名称登记管理规定》笫二十六条,《企业名称登记管理规定》,"截断后缀""笫二十六条""",无照经营/登记问题
《药品经营许可证管理办法》第十三条第二款规定,《药品经营许可证管理办法》第十三条第二款,"截断后缀""规定""",无照经营/登记问题
依据《中华人民共和国公司登记管理条,《中华人民共和国公司登记管理条,"去除前缀""依据""",无照经营/登记问题
《企业法人法定代表人登记管理规定》第十二条及,《企业法人法定代表人登记管理规定》第十二条,"截断后缀""及""",无照经营/登记问题
《印刷品承印管理规定》第三章“承印登记制度”第十七条第一款及,《印刷品承印管理规定》第三章“承印登记制度”第十七条第一款,"截断后缀""及""",无照经营/登记问题
《公司登记管理条例》第六十条及,《公司登记管理条例》第六十条,"截断后缀""及""",无照经营/登记问题
《公司登记管理条例》第六十条、,《公司登记管理条例》第六十条,"截断后缀""、""",无照经营/登记问题
《合伙企业登记管理办法》第三十一条、,《合伙企业登记管理办法》第三十一条,"截断后缀""、""",无照经营/登记问题
《公司登记管理条例》第五十九条和,《公司登记管理条例》第五十九条,"截断后缀""和""",无照经营/登记问题
《公司登记管理条例》第五十九条及国家工商局,《公司登记管理条例》第五十九条,"截断后缀""及国家工商局""",无照经营/登记问题
《公司登记管理条例》第五十九条、第六十条第一款及国家工商局,《公司登记管理条例》第五十九条、第六十条第一款,"截断后缀""及国家工商局""",无照经营/登记问题
《公司登记管理条例》第六十条和,《公司登记管理条例》第六十条,"截断后缀""和""",无照经营/登记问题
《公司登记管理条例》第六十条第一款和,《公司登记管理条例》第六十条第一款,"截断后缀""和""",无照经营/登记问题
依据《中华人民共和国市场主体登记管理条例实施细则》第六十三条第一款,《中华人民共和国市场主体登记管理条例实施细则》第六十三条第一款,"去除前缀""依据""",无照经营/登记问题
《矿产资源开采登记管理办法》第三十二条及,《矿产资源开采登记管理办法》第三十二条,"截断后缀""及""",无照经营/登记问题
《企业法人登记管理条例》第三十条第一款第（三）项及其,《企业法人登记管理条例》第三十条第一款第（三）项,"截断后缀""及其""",无照经营/登记问题
《矿产资源开采登记管理办法》第十七条、,《矿产资源开采登记管理办法》第十七条,"截断后缀""、""",无照经营/登记问题
《公司登记管理条例的》第六十条第一款和,《公司登记管理条例的》第六十条第一款,"截断后缀""和""",无照经营/登记问题
依据《危险化学品登记管理办法》第三十条第一款的规定,《危险化学品登记管理办法》第三十条第一款的规定,"去除前缀""依据""",无照经营/登记问题
依据《危险化学品经营许可证管理办法》第三十三条,《危险化学品经营许可证管理办法》第三十三条,"去除前缀""依据""",无照经营/登记问题
依据《广东省商事登记条例》第五十九条第(一)项,《广东省商事登记条例》第五十九条第(一)项,"去除前缀""依据""",无照经营/登记问题
依据《危险化学品经营许可证管理办法》第三十三条的规定,《危险化学品经营许可证管理办法》第三十三条的规定,"去除前缀""依据""",无照经营/登记问题
《合伙企业法》第十三条“合伙企业登记事项,《合伙企业法》第十三条,"截断后缀""“合伙企业登记事项""",无照经营/登记问题
《公司登记管理条例》第五十九条、第六十条、,《公司登记管理条例》第五十九条、第六十条,"截断后缀""、""",无照经营/登记问题
《食品经营许可管理办法》第二十七条第一款“食品经营许可证载明的许可事项,《食品经营许可管理办法》第二十七条第一款,"截断后缀""“食品经营许可证载明的许可事项""",无照经营/登记问题
《企业名称登记管理规定》第十九条第一款的规定依据,《企业名称登记管理规定》第十九条第一款的规定,"截断后缀""依据""",无照经营/登记问题
"《中华人民共和国工业产品生产许可证管理条例》第五条,",《中华人民共和国工业产品生产许可证管理条例》第五条,"截断后缀"",""",无照经营/登记问题
《企业法人登记管理条例施行细则》第四十八条、第五十条、,《企业法人登记管理条例施行细则》第四十八条、第五十条,"截断后缀""、""",无照经营/登记问题
《中华人民共和国工业产品生产许可证管理条例》第五条的规定依据,《中华人民共和国工业产品生产许可证管理条例》第五条的规定,"截断后缀""依据""",无照经营/登记问题
《中华人民共和国合伙企业登记管理办法》第四十二条、或,《中华人民共和国合伙企业登记管理办法》第四十二条,"截断后缀""、或""",无照经营/登记问题
《中华人民共和国合伙企业登记管理办法》第四十二条和,《中华人民共和国合伙企业登记管理办法》第四十二条,"截断后缀""和""",无照经营/登记问题
《中华人民共和国市场主体登记管理条例》第四十六条市场主体未依照本条,《中华人民共和国市场主体登记管理条例》第四十六条,"截断后缀""市场主体未依照本条""",无照经营/登记问题
《中华人民共和国市场主体登记管理条例》第十七条的规定依据,《中华人民共和国市场主体登记管理条例》第十七条的规定,"截断后缀""依据""",无照经营/登记问题
《中华人民共和国工业产品生产许可证管理条例》第四十五条的规定“……企业未依照本条,《中华人民共和国工业产品生产许可证管理条例》第四十五条的规定,"截断后缀""“……企业未依照本条""",无照经营/登记问题
根据<<中华人民共和国公司登记管理条,<<中华人民共和国公司登记管理条,"去除前缀""根据""",无照经营/登记问题
按照《广东省商事登记条例》第五十九条的规定,《广东省商事登记条例》第五十九条的规定,"去除前缀""按照""",无照经营/登记问题
《企业经营范围登记管理规定》第十五条、,《企业经营范围登记管理规定》第十五条,"截断后缀""、""",无照经营/登记问题
《企业经营范围登记管理规定》第十五条及,《企业经营范围登记管理规定》第十五条,"截断后缀""及""",无照经营/登记问题
《企业经营范围登记管理规定》第十五条和,《企业经营范围登记管理规定》第十五条,"截断后缀""和""",无照经营/登记问题
《企业经营范围登记管理规定》第十五条的规定依据,《企业经营范围登记管理规定》第十五条的规定,"截断后缀""依据""",无照经营/登记问题
《企业经营范围登记管理规定》第十五条第一款以及,《企业经营范围登记管理规定》第十五条第一款,"截断后缀""以及""",无照经营/登记问题
《企业经营范围登记管理规定》第十四条第一款第二项和,《企业经营范围登记管理规定》第十四条第一款第二项,"截断后缀""和""",无照经营/登记问题
《企业集团登记管理暂行规定》第二条第一款的规定依据,《企业集团登记管理暂行规定》第二条第一款的规定,"截断后缀""依据""",无照经营/登记问题
根据《中华人民共和国工业产品生产许可证管理条,《中华人民共和国工业产品生产许可证管理条,"去除前缀""根据""",无照经营/登记问题
根据《中华人民共和国公司登记管理条,《中华人民共和国公司登记管理条,"去除前缀""根据""",无照经营/登记问题
《公司登记管理条例》第七十三条第一款“公司登记事项,《公司登记管理条例》第七十三条第一款,"截断后缀""“公司登记事项""",无照经营/登记问题
《公司登记管理条例》第七十三条处以罚款,《公司登记管理条例》第七十三条,"截断后缀""处以罚款""",无照经营/登记问题
"《企业动产抵押物登记管理办法》第十条,",《企业动产抵押物登记管理办法》第十条,"截断后缀"",""",无照经营/登记问题
"《公司登记管理条例》第76条,",《公司登记管理条例》第76条,"截断后缀"",""",无照经营/登记问题
"《公司登记管理条例》第五十三条第二款,",《公司登记管理条例》第五十三条第二款,"截断后缀"",""",无照经营/登记问题
《公司登记管理条例》第二十六条规定的擅自改变登记事项,《公司登记管理条例》第二十六条,"截断后缀""规定的擅自改变登记事项""",无照经营/登记问题
《公司登记管理条例》第二十六条“公司变更登记事项,《公司登记管理条例》第二十六条,"截断后缀""“公司变更登记事项""",无照经营/登记问题
《公司登记管理条例》第七十八条和,《公司登记管理条例》第七十八条,"截断后缀""和""",无照经营/登记问题
《中华人民共和国合伙企业登记管理办法》第三十一条、,《中华人民共和国合伙企业登记管理办法》第三十一条,"截断后缀""、""",无照经营/登记问题
《公司登记管理条例》第七十六条及,《公司登记管理条例》第七十六条,"截断后缀""及""",无照经营/登记问题
《公司登记管理条例》第七十六条、第八十五条及,《公司登记管理条例》第七十六条、第八十五条,"截断后缀""及""",无照经营/登记问题
《公司登记管理条例》第七十六条、,《公司登记管理条例》第七十六条,"截断后缀""、""",无照经营/登记问题
《企业法人登记管理条例》第二十四条规定和,《企业法人登记管理条例》第二十四条,"截断后缀""规定和""",无照经营/登记问题
《企业法人登记管理条例》第二十条、二十二条,《企业法人登记管理条例》第二十条,"截断后缀""、二十二条""",无照经营/登记问题
《企业法人登记管理条例》第十七条条,《企业法人登记管理条例》第十七条,"截断后缀""条""",无照经营/登记问题
《企业法人登记管理条例实行细则》第五十五、六十条,《企业法人登记管理条例实行细则》,"截断后缀""第五十五、六十条""",无照经营/登记问题
《公司法》第二百一十一条第二款“公司登记事项,《公司法》第二百一十一条第二款,"截断后缀""“公司登记事项""",无照经营/登记问题
《企业年度检验办法》第二十条规定依据,《企业年度检验办法》第二十条,"截断后缀""规定依据""",未年检登记
《企业年度检验办法》第4条和,《企业年度检验办法》第4条,"截断后缀""和""",未年检登记
《企业年度检验办法》第4条和我,《企业年度检验办法》第4条,"截断后缀""和我""",未年检登记
《企业年度检验办法》第二十条的规定依据,《企业年度检验办法》第二十条的规定,"截断后缀""依据""",未年检登记
《企业年度检验办法》第二十条及,《企业年度检验办法》第二十条,"截断后缀""及""",未年检登记
《企业年度检验办法》第4条地1款,《企业年度检验办法》第4条,"截断后缀""地1款""",未年检登记
《企业年度检验办法》第二条、,《企业年度检验办法》第二条,"截断后缀""、""",未年检登记
《企业年度检验办法》第19条、,《企业年度检验办法》第19条,"截断后缀""、""",未年检登记
《企业年度检验办法》第4条、,《企业年度检验办法》第4条,"截断后缀""、""",未年检登记
"《企业年度检验办法》第4条,",《企业年度检验办法》第4条,"截断后缀"",""",未年检登记
《企业年度检验办法》第18条对其罚款,《企业年度检验办法》第18条,"截断后缀""对其罚款""",未年检登记
《企业年度检验办法》第四条第一款规定依据,《企业年度检验办法》第四条第一款,"截断后缀""规定依据""",未年检登记
《企业年度检验办法》第四条第一款的规定依据,《企业年度检验办法》第四条第一款的规定,"截断后缀""依据""",未年检登记
《企业年度检验办法》第四条第一款和,《企业年度检验办法》第四条第一款,"截断后缀""和""",未年检登记
《企业年度检验办法》第四条第一款之规定依据,《企业年度检验办法》第四条第一款之规定,"截断后缀""依据""",未年检登记
《企业年度检验办法》第四条第一款、,《企业年度检验办法》第四条第一款,"截断后缀""、""",未年检登记
《企业年度检验办法》第四条的规定依据,《企业年度检验办法》第四条的规定,"截断后缀""依据""",未年检登记
《企业年度检验办法》第四条所指的不按照规定依据,《企业年度检验办法》第四条,"截断后缀""所指的不按照规定依据""",未年检登记
《企业年度检验办法》第四条和,《企业年度检验办法》第四条,"截断后缀""和""",未年检登记
《企业年度检验办法》第四条及,《企业年度检验办法》第四条,"截断后缀""及""",未年检登记
《企业年度检验办法》第四条以及,《企业年度检验办法》第四条,"截断后缀""以及""",未年检登记
《企业年度检验办法》第20条、,《企业年度检验办法》第20条,"截断后缀""、""",未年检登记
《企业年度检验办法》第十九条和,《企业年度检验办法》第十九条,"截断后缀""和""",未年检登记
《企业年度检验办法》第四条一款,《企业年度检验办法》第四条,"截断后缀""一款""",未年检登记
《企业年度检验办法》第十九条第一款及,《企业年度检验办法》第十九条第一款,"截断后缀""及""",未年检登记
《企业年度检验办法》第十九条第一款和,《企业年度检验办法》第十九条第一款,"截断后缀""和""",未年检登记
《企业年度检验办法》第四条、,《企业年度检验办法》第四条,"截断后缀""、""",未年检登记
"《企业年度检验办法》第四条,",《企业年度检验办法》第四条,"截断后缀"",""",未年检登记
《企业年度检验办法》第十九条第二款、,《企业年度检验办法》第十九条第二款,"截断后缀""、""",未年检登记
《企业年度检验办法》第十九条一款,《企业年度检验办法》第十九条,"截断后缀""一款""",未年检登记
根据《娱乐场所管理条例》第五十条,《娱乐场所管理条例》第五十条,"去除前缀""根据""",治安管理
《娱乐场所管理条例》第四十九条：“娱乐场所违反本条,《娱乐场所管理条例》第四十九条,"截断后缀""：“娱乐场所违反本条""",治安管理
"《浙江省流动人口居住登记条例》第八条第一款,",《浙江省流动人口居住登记条例》第八条第一款,"截断后缀"",""",流动人口管理
《浙江省流动人口居住登记条例》第八条第一款、第三十四条之规定给予罚款,《浙江省流动人口居住登记条例》第八条第一款、第三十四条之规定,"截断后缀""给予罚款""",流动人口管理
《浙江省流动人口居住登记条例》第十一条、三十四条,《浙江省流动人口居住登记条例》第十一条,"截断后缀""、三十四条""",流动人口管理
《浙江省流动人口居住登记条例》第九条第一款、,《浙江省流动人口居住登记条例》第九条第一款,"截断后缀""、""",流动人口管理
《中华人民共和国船舶安全监督规则》第四十二条相关款项,《中华人民共和国船舶安全监督规则》第四十二条,"截断后缀""相关款项""",海事安全
"《中华人民共和国船舶安全监督规则》第四十六条,",《中华人民共和国船舶安全监督规则》第四十六条,"截断后缀"",""",海事安全
《中华人民共和国船舶安全监督规定》第五十三条.,《中华人民共和国船舶安全监督规定》第五十三条,"截断后缀"".""",海事安全
根据《中华人民共和国内河交通安全管理条例》第六十八条第(二)项,《中华人民共和国内河交通安全管理条例》第六十八条第(二)项,"去除前缀""根据""",海事安全
《中华人民共和国船舶安全监督规则》第五十五条第一款及,《中华人民共和国船舶安全监督规则》第五十五条第一款,"截断后缀""及""",海事安全
"《杭州市港口管理办法》第二十条,",《杭州市港口管理办法》第二十条,"截断后缀"",""",海事安全
依据《浙江省港口管理条例》第四十五条的规定,《浙江省港口管理条例》第四十五条的规定,"去除前缀""依据""",海事安全
《杭州市城市河道建设和管理条例》第四十八条第(三)项行政处罚决定:罚款,《杭州市城市河道建设和管理条例》第四十八条第(三)项,"截断后缀""行政处罚决定:罚款""",海事安全
根据《中华人民共和国内河交通安全管理条,《中华人民共和国内河交通安全管理条,"去除前缀""根据""",海事安全
依据《港口经营管理规定》四十二条第三款第四项,《港口经营管理规定》四十二条第三款第四项,"去除前缀""依据""",海事安全
依据《中华人民共和国港口法》第四十八条第一款第(一)项的规定,《中华人民共和国港口法》第四十八条第一款第(一)项的规定,"去除前缀""依据""",海事安全
"《中华人民共和国内河交通安全管理条例》第二十一条第（二）项,",《中华人民共和国内河交通安全管理条例》第二十一条第（二）项,"截断后缀"",""",海事安全
"《中华人民共和国内河交通安全管理条例》第二十五条,",《中华人民共和国内河交通安全管理条例》第二十五条,"截断后缀"",""",海事安全
《港口危险货物安全管理规定》第七十一条、,《港口危险货物安全管理规定》第七十一条,"截断后缀""、""",海事安全
《中华人民共和国内河交通安全管理条例》第二十五条、,《中华人民共和国内河交通安全管理条例》第二十五条,"截断后缀""、""",海事安全
《中华人民共和国内河交通安全管理条例》第十八条及,《中华人民共和国内河交通安全管理条例》第十八条,"截断后缀""及""",海事安全
《中华人民共和国内河交通安全管理条例》第十八条和,《中华人民共和国内河交通安全管理条例》第十八条,"截断后缀""和""",海事安全
《中华人民共和国内河交通安全管理条例》第十六条;,《中华人民共和国内河交通安全管理条例》第十六条,"截断后缀"";""",海事安全
《中华人民共和国港口法》第四十九条、,《中华人民共和国港口法》第四十九条,"截断后缀""、""",海事安全
《中华人民共和国内河交通安全管理条例》第十六条、,《中华人民共和国内河交通安全管理条例》第十六条,"截断后缀""、""",海事安全
《中华人民共和国内河交通安全管理条例》第十六条及,《中华人民共和国内河交通安全管理条例》第十六条,"截断后缀""及""",海事安全
《中华人民共和国内河交通安全管理条例》第十六条和,《中华人民共和国内河交通安全管理条例》第十六条,"截断后缀""和""",海事安全
《港口经营管理规定》第七条第二项第一目,《港口经营管理规定》第七条第二项,"截断后缀""第一目""",海事安全
《中华人民共和国内河海事行政处罚规定》第十七条第一款:违反,《中华人民共和国内河海事行政处罚规定》第十七条第一款,"截断后缀"":违反""",海事安全
依据《中华人民共和国内河交通安全管理条,《中华人民共和国内河交通安全管理条,"去除前缀""依据""",海事安全
《中华人民共和国内河交通安全管理条例》第九条和,《中华人民共和国内河交通安全管理条例》第九条,"截断后缀""和""",海事安全
《浙江省港口管理条例》第四十五条、,《浙江省港口管理条例》第四十五条,"截断后缀""、""",海事安全
"《中华人民共和国内河交通安全管理条例》第七十条,",《中华人民共和国内河交通安全管理条例》第七十条,"截断后缀"",""",海事安全
《中华人民共和国内河海事行政处罚规定》第十八条第一、三款,《中华人民共和国内河海事行政处罚规定》第十八条,"截断后缀""第一、三款""",海事安全
《中华人民共和国内河交通安全管理条例》第十八条、,《中华人民共和国内河交通安全管理条例》第十八条,"截断后缀""、""",海事安全
《中华人民共和国内河交通安全管理条例》第六十八条第(一)项:违反本条,《中华人民共和国内河交通安全管理条例》第六十八条第(一)项,"截断后缀"":违反本条""",海事安全
依据《港口危险货物安全管理规定》第八十三条的规定,《港口危险货物安全管理规定》第八十三条的规定,"去除前缀""依据""",海事安全
《中华人民共和国内河交通安全管理条例》第六十五条、,《中华人民共和国内河交通安全管理条例》第六十五条,"截断后缀""、""",海事安全
"《中华人民共和国内河交通安全管理条例》第八十二条：“违反本条,",《中华人民共和国内河交通安全管理条例》第八十二条,"截断后缀""：“违反本条,""",海事安全
《中华人民共和国内河交通安全管理条例》第八十二条：“违反本条,《中华人民共和国内河交通安全管理条例》第八十二条,"截断后缀""：“违反本条""",海事安全
《中华人民共和国内河交通安全管理条例》第八十二条：&ldquo;违反本条,《中华人民共和国内河交通安全管理条例》第八十二条,"截断后缀""：&ldquo;违反本条""",海事安全
《中华人民共和国内河交通安全管理条例》第六条第（三）项关于“船舶具备下列条,《中华人民共和国内河交通安全管理条例》第六条第（三）项,"截断后缀""关于“船舶具备下列条""",海事安全
《中华人民共和国船员条例》第五十二条第（二）项：违反本条,《中华人民共和国船员条例》第五十二条第（二）项,"截断后缀""：违反本条""",海事安全
《中华人民共和国内河交通安全管理条例》第八十一条：违反本条,《中华人民共和国内河交通安全管理条例》第八十一条,"截断后缀""：违反本条""",海事安全
《中华人民共和国内河交通安全管理条例》第八十一条、,《中华人民共和国内河交通安全管理条例》第八十一条,"截断后缀""、""",海事安全
《中华人民共和国内河交通安全管理条例》第八十一条:违反本条,《中华人民共和国内河交通安全管理条例》第八十一条,"截断后缀"":违反本条""",海事安全
依据《杭州市港口管理办法》第三十一条第(三)项的规定,《杭州市港口管理办法》第三十一条第(三)项的规定,"去除前缀""依据""",海事安全
"《中华人民共和国内河交通安全管理条例》第二十条第一款,",《中华人民共和国内河交通安全管理条例》第二十条第一款,"截断后缀"",""",海事安全
《中华人民共和国内河交通安全管理条例》第十七条、,《中华人民共和国内河交通安全管理条例》第十七条,"截断后缀""、""",海事安全
《中华人民共和国内河交通安全管理条例》第八十二条、,《中华人民共和国内河交通安全管理条例》第八十二条,"截断后缀""、""",海事安全
《中华人民共和国内河交通安全管理条例》第六十八条第(二)项、,《中华人民共和国内河交通安全管理条例》第六十八条第(二)项,"截断后缀""、""",海事安全
《中华人民共和国内河交通安全管理条例》第六条第（三）项“船舶具备下列条,《中华人民共和国内河交通安全管理条例》第六条第（三）项,"截断后缀""“船舶具备下列条""",海事安全
《中华人民共和国内河交通安全管理条例》第六条第(三)项和,《中华人民共和国内河交通安全管理条例》第六条第(三)项,"截断后缀""和""",海事安全
《中华人民共和国内河交通安全管理条例》第六十八条第（四）项、,《中华人民共和国内河交通安全管理条例》第六十八条第（四）项,"截断后缀""、""",海事安全
《中华人民共和国内河交通安全管理条例》第六十八条第(四)项、,《中华人民共和国内河交通安全管理条例》第六十八条第(四)项,"截断后缀""、""",海事安全
《中华人民共和国内河交通安全管理条例》第六十八条第（二）项、,《中华人民共和国内河交通安全管理条例》第六十八条第（二）项,"截断后缀""、""",海事安全
"《中华人民共和国内河交通安全管理条例》第六十八条第四项,",《中华人民共和国内河交通安全管理条例》第六十八条第四项,"截断后缀"",""",海事安全
《中华人民共和国船员条例》第五十二条第(一)项:违反本条,《中华人民共和国船员条例》第五十二条第(一)项,"截断后缀"":违反本条""",海事安全
《中华人民共和国船舶安全监督规则》第四十二条相关款项,《中华人民共和国船舶安全监督规则》第四十二条,"截断后缀""相关款项""",海事安全
《中华人民共和国内河交通安全管理条例》第十七条第四款及,《中华人民共和国内河交通安全管理条例》第十七条第四款,"截断后缀""及""",海事安全
《中华人民共和国内河交通安全管理条例》第十七条第四款和,《中华人民共和国内河交通安全管理条例》第十七条第四款,"截断后缀""和""",海事安全
《中华人民共和国船舶安全监督规则》第五十一条、,《中华人民共和国船舶安全监督规则》第五十一条,"截断后缀""、""",海事安全
《中华人民共和国内河交通安全管理条例》第十七条第四款、,《中华人民共和国内河交通安全管理条例》第十七条第四款,"截断后缀""、""",海事安全
《中华人民共和国内河交通安全管理条例》第二十四条第三款和,《中华人民共和国内河交通安全管理条例》第二十四条第三款,"截断后缀""和""",海事安全
《中华人民共和国内河交通安全管理条例》第二十四条第三款及,《中华人民共和国内河交通安全管理条例》第二十四条第三款,"截断后缀""及""",海事安全
《中华人民共和国内河交通安全管理条例》第二十四条第三款与,《中华人民共和国内河交通安全管理条例》第二十四条第三款,"截断后缀""与""",海事安全
《中华人民共和国内河交通安全管理条例》第二十四条第三款、,《中华人民共和国内河交通安全管理条例》第二十四条第三款,"截断后缀""、""",海事安全
《中华人民共和国内河交通安全管理条例》第二十四条第三款;,《中华人民共和国内河交通安全管理条例》第二十四条第三款,"截断后缀"";""",海事安全
《中华人民共和国内河交通安全管理条例》第二十四条第一款和,《中华人民共和国内河交通安全管理条例》第二十四条第一款,"截断后缀""和""",海事安全
《中华人民共和国内河交通安全管理条例》第二十四条第一款、,《中华人民共和国内河交通安全管理条例》第二十四条第一款,"截断后缀""、""",海事安全
依据《内河交通安全管理条例》第八十一条,《内河交通安全管理条例》第八十一条,"去除前缀""依据""",海事安全
《中华人民共和国进出口商品检验法实施条例》第四条第一款、,《中华人民共和国进出口商品检验法实施条例》第四条第一款,"截断后缀""、""",海关/进出口
《中华人民共和国进出口商品检验法实施条例》第二十四条第一款、,《中华人民共和国进出口商品检验法实施条例》第二十四条第一款,"截断后缀""、""",海关/进出口
《中华人民共和国海关加工贸易货物监管办法》第十一条、,《中华人民共和国海关加工贸易货物监管办法》第十一条,"截断后缀""、""",海关/进出口
《中华人民共和国海关行政处罚实施条例》第十五条第(四)项规定所指之进出口货物申报不实,《中华人民共和国海关行政处罚实施条例》第十五条第(四)项,"截断后缀""规定所指之进出口货物申报不实""",海关/进出口
《中华人民共和国海关法》第八十六条第三项、,《中华人民共和国海关法》第八十六条第三项,"截断后缀""、""",海关/进出口
《中华人民共和国海关法》第八十六条第(三)项、,《中华人民共和国海关法》第八十六条第(三)项,"截断后缀""、""",海关/进出口
《中华人民共和国进出口商品检验法》第十五条和,《中华人民共和国进出口商品检验法》第十五条,"截断后缀""和""",海关/进出口
《中华人民共和国进出口商品检验法》第十五条、,《中华人民共和国进出口商品检验法》第十五条,"截断后缀""、""",海关/进出口
《中华人民共和国进出口商品检验法》第十一条及,《中华人民共和国进出口商品检验法》第十一条,"截断后缀""及""",海关/进出口
《中华人民共和国进出口商品检验法》第十一条、,《中华人民共和国进出口商品检验法》第十一条,"截断后缀""、""",海关/进出口
《易制毒化学品进出口管理规定》第7号)第七条所称的“混合物”,《易制毒化学品进出口管理规定》第7号)第七条,"截断后缀""所称的“混合物”""",海关/进出口
《中华人民共和国消费者权益保护法》第二十七条第一款三项,《中华人民共和国消费者权益保护法》第二十七条第一款,"截断后缀""三项""",消费者权益/市场秩序
《中华人民共和国消费者权益保护法》第二十六条第二款“经营者不得以格式条款,《中华人民共和国消费者权益保护法》第二十六条第二款,"截断后缀""“经营者不得以格式条款""",消费者权益/市场秩序
《辽宁省消费者权益保护条例》第三十条第一款:“餐饮业经营者应当免费提供符合质量标准和卫生条,《辽宁省消费者权益保护条例》第三十条第一款,"截断后缀"":“餐饮业经营者应当免费提供符合质量标准...""",消费者权益/市场秩序
"《中华人民共和国消费者权益保护法》第二十六条第二款,",《中华人民共和国消费者权益保护法》第二十六条第二款,"截断后缀"",""",消费者权益/市场秩序
《中华人民共和国消费者权益保护法》第二十七条第一款第（十一）项及,《中华人民共和国消费者权益保护法》第二十七条第一款第（十一）项,"截断后缀""及""",消费者权益/市场秩序
《侵害消费者权益行为处罚办法》第十五条和,《侵害消费者权益行为处罚办法》第十五条,"截断后缀""和""",消费者权益/市场秩序
《侵害消费者权益行为处罚办法》第十四条以及,《侵害消费者权益行为处罚办法》第十四条,"截断后缀""以及""",消费者权益/市场秩序
《侵害消费者权益行为处罚办法》第十四条和,《侵害消费者权益行为处罚办法》第十四条,"截断后缀""和""",消费者权益/市场秩序
依照《消费者权益保护法》第五十六条,《消费者权益保护法》第五十六条,"去除前缀""依照""",消费者权益/市场秩序
《侵害消费者权益行为处罚办法》第十四条的规定和,《侵害消费者权益行为处罚办法》第十四条的规定,"截断后缀""和""",消费者权益/市场秩序
《侵害消费者权益行为处罚办法》第十四条规定,《侵害消费者权益行为处罚办法》第十四条,"截断后缀""规定""",消费者权益/市场秩序
《侵害消费者权益行为处罚办法》第十条第一款“经营者以预收款,《侵害消费者权益行为处罚办法》第十条第一款,"截断后缀""“经营者以预收款""",消费者权益/市场秩序
《侵害消费者权益行为处罚办法》第十条第二款“经营者对消费者提出的合理退款,《侵害消费者权益行为处罚办法》第十条第二款,"截断后缀""“经营者对消费者提出的合理退款""",消费者权益/市场秩序
《侵害消费者权益行为处罚办法》第十条第二款“……营者对消费者提出的合理退款,《侵害消费者权益行为处罚办法》第十条第二款,"截断后缀""“……营者对消费者提出的合理退款""",消费者权益/市场秩序
《中华人民共和国消费者权益保护法》第五十条及,《中华人民共和国消费者权益保护法》第五十条,"截断后缀""及""",消费者权益/市场秩序
《侵害消费者权益行为处罚办法》第十二条第（四）项和违反,《侵害消费者权益行为处罚办法》第十二条第（四）项,"截断后缀""和违反""",消费者权益/市场秩序
《中华人民共和国消费者权益保护法》第二十六条第二款规定：“经营者不得以格式条款,《中华人民共和国消费者权益保护法》第二十六条第二款,"截断后缀""规定：“经营者不得以格式条款""",消费者权益/市场秩序
《侵害消费者权益行为处罚办法》第五条：“经营者提供商品或者服务不得有下列行为：”第（十）项：“骗取消费者价款,《侵害消费者权益行为处罚办法》第五条：“经营者提供商品或者服务不得有下列行为：”第（十）项,"截断后缀""：“骗取消费者价款""",消费者权益/市场秩序
《侵害消费者权益行为处罚办法》第十二条“经营者向消费者提供商品或者服务使用格式条款,《侵害消费者权益行为处罚办法》第十二条,"截断后缀""“经营者向消费者提供商品或者服务使用格式...""",消费者权益/市场秩序
《福建省实施〈中华人民共和国消费者权益保护法〉办法》第二十七条、,《福建省实施〈中华人民共和国消费者权益保护法〉办法》第二十七条,"截断后缀""、""",消费者权益/市场秩序
《侵害消费者权益行为处罚办法》第十二条和,《侵害消费者权益行为处罚办法》第十二条,"截断后缀""和""",消费者权益/市场秩序
《甘肃省消费者权益保护条例》第四十六条“经营者违反本条,《甘肃省消费者权益保护条例》第四十六条,"截断后缀""“经营者违反本条""",消费者权益/市场秩序
《中华人民共和国消费者权益保护法》第五十六条和,《中华人民共和国消费者权益保护法》第五十六条,"截断后缀""和""",消费者权益/市场秩序
《四川省消费者权益保护条例》第六十八条：“经营者违反本条,《四川省消费者权益保护条例》第六十八条,"截断后缀""：“经营者违反本条""",消费者权益/市场秩序
《中国人民银行金融消费者权益保护实施办法》第六十条、,《中国人民银行金融消费者权益保护实施办法》第六十条,"截断后缀""、""",消费者权益/市场秩序
"《甘肃省消费者权益保护条例》第三十七条第一款,",《甘肃省消费者权益保护条例》第三十七条第一款,"截断后缀"",""",消费者权益/市场秩序
《浙江省消防行政处罚裁量标准》第二十一条第二项第1目和,《浙江省消防行政处罚裁量标准》第二十一条第二项,"截断后缀""第1目和""",消防安全
《浙江省消防行政处罚裁量规定》第八条和,《浙江省消防行政处罚裁量规定》第八条,"截断后缀""和""",消防安全
《中华人民共和国消防法》第三十四条和,《中华人民共和国消防法》第三十四条,"截断后缀""和""",消防安全
"《中华人民共和国消防法》第九条,",《中华人民共和国消防法》第九条,"截断后缀"",""",消防安全
《中华人民共和国消防法》第九条之规定根据,《中华人民共和国消防法》第九条之规定,"截断后缀""根据""",消防安全
《中华人民共和国消防法》第九条和,《中华人民共和国消防法》第九条,"截断后缀""和""",消防安全
"《浙江省消防行政处罚裁量标准》第五条,",《浙江省消防行政处罚裁量标准》第五条,"截断后缀"",""",消防安全
《浙江省消防条例》第五十七条第一款和,《浙江省消防条例》第五十七条第一款,"截断后缀""和""",消防安全
《浙江省消防行政处罚裁量标准》第六条和,《浙江省消防行政处罚裁量标准》第六条,"截断后缀""和""",消防安全
《浙江省消防条例》第六十二条和,《浙江省消防条例》第六十二条,"截断后缀""和""",消防安全
《广东省实施〈中华人民共和国消防法〉办法》第四十一条和,《广东省实施〈中华人民共和国消防法〉办法》第四十一条,"截断后缀""和""",消防安全
《浙江省消防条例》第六十条及,《浙江省消防条例》第六十条,"截断后缀""及""",消防安全
《浙江省消防条例》第六十六条和,《浙江省消防条例》第六十六条,"截断后缀""和""",消防安全
《浙江省消防条例》第六十一条第二阶次,《浙江省消防条例》第六十一条,"截断后缀""第二阶次""",消防安全
《浙江省消防条例》第六十条和,《浙江省消防条例》第六十条,"截断后缀""和""",消防安全
《中华人民共和国消防法》第60条第1款第1项、第3项之规定作出罚款,《中华人民共和国消防法》第60条第1款第1项、第3项之规定,"截断后缀""作出罚款""",消防安全
《浙江省消防条例》第六十一条及,《浙江省消防条例》第六十一条,"截断后缀""及""",消防安全
"《浙江省消防条例》第六十一条,决定给予建德市耀欣针纺有限公司罚款",《浙江省消防条例》第六十一条,"截断后缀"",决定给予建德市耀欣针纺有限公司罚款""",消防安全
《浙江省消防条例》第六十一条和,《浙江省消防条例》第六十一条,"截断后缀""和""",消防安全
《中华人民共和国消防法》第二十一条第二款和,《中华人民共和国消防法》第二十一条第二款,"截断后缀""和""",消防安全
"《中华人民共和国消防法》第六十条第一款第三项,",《中华人民共和国消防法》第六十条第一款第三项,"截断后缀"",""",消防安全
《中华人民共和国消防法》第六十条第一款第三项、,《中华人民共和国消防法》第六十条第一款第三项,"截断后缀""、""",消防安全
"《中华人民共和国消防法》第六十条第一款第三项之规定,现决定给予北京香味斋食品有限公司罚款",《中华人民共和国消防法》第六十条第一款第三项之规定,"截断后缀"",现决定给予北京香味斋食品有限公司罚款""",消防安全
《中华人民共和国消防法》第六十条第一款第三项以及,《中华人民共和国消防法》第六十条第一款第三项,"截断后缀""以及""",消防安全
《中华人民共和国消防法》第六十条第一款第三项及,《中华人民共和国消防法》第六十条第一款第三项,"截断后缀""及""",消防安全
《中华人民共和国消防法》第六十条第一款第三项和,《中华人民共和国消防法》第六十条第一款第三项,"截断后缀""和""",消防安全
《中华人民共和国消防法》第六十条第一款第二项和,《中华人民共和国消防法》第六十条第一款第二项,"截断后缀""和""",消防安全
《中华人民共和国消防法》第六十条第一款第七项规定,《中华人民共和国消防法》第六十条第一款第七项,"截断后缀""规定""",消防安全
《中华人民共和国消防法》第六十条第一款第七项及,《中华人民共和国消防法》第六十条第一款第七项,"截断后缀""及""",消防安全
"《中华人民共和国消防法》第六十条第一款第一项的规定,罚款",《中华人民共和国消防法》第六十条第一款第一项的规定,"截断后缀"",罚款""",消防安全
《中华人民共和国消防法》第六十条第一款第一项罚款,《中华人民共和国消防法》第六十条第一款第一项,"截断后缀""罚款""",消防安全
《中华人民共和国消防法》第六十条第一款第一项规定,《中华人民共和国消防法》第六十条第一款第一项,"截断后缀""规定""",消防安全
《中华人民共和国消防法》第六十条第一款第七项、,《中华人民共和国消防法》第六十条第一款第七项,"截断后缀""、""",消防安全
《建筑防火通用规范》第10.1.8.1条,《建筑防火通用规范》,"截断后缀""第10.1.8.1条""",消防安全
《建筑防火通用规范》第10.1.9.1条,《建筑防火通用规范》,"截断后缀""第10.1.9.1条""",消防安全
《建筑防火通用规范》第6.4.1条,《建筑防火通用规范》,"截断后缀""第6.4.1条""",消防安全
《陕西省消防行政处罚自由裁量标准》011条,《陕西省消防行政处罚自由裁量标准》,"截断后缀""011条""",消防安全
《中华人民共和国消防法》第六十条第一款第四项和,《中华人民共和国消防法》第六十条第一款第四项,"截断后缀""和""",消防安全
《中华人民共和国消防法》第六十条第一款第（二）项给予宁夏宁馨祥物业服务有限公司罚款,《中华人民共和国消防法》第六十条第一款第（二）项,"截断后缀""给予宁夏宁馨祥物业服务有限公司罚款""",消防安全
《中华人民共和国消防法》第六十条第一款第一项现决定对江苏福源中药饮片有限公司罚款,《中华人民共和国消防法》第六十条第一款第一项,"截断后缀""现决定对江苏福源中药饮片有限公司罚款""",消防安全
《建筑设计防火规范》第3.6.12条,《建筑设计防火规范》,"截断后缀""第3.6.12条""",消防安全
《建筑设计防火规范》第3.7.2、8.2.1(1)、10.3.5条,《建筑设计防火规范》第3.7.2、8.2.1(1),"截断后缀""、10.3.5条""",消防安全
《建筑设计防火规范》第3.7.2条,《建筑设计防火规范》,"截断后缀""第3.7.2条""",消防安全
《建筑设计防火规范》第3.7.5条,《建筑设计防火规范》,"截断后缀""第3.7.5条""",消防安全
《建筑设计防火规范》第5.1.2条,《建筑设计防火规范》,"截断后缀""第5.1.2条""",消防安全
《建筑设计防火规范》第5.2.2条,《建筑设计防火规范》,"截断后缀""第5.2.2条""",消防安全
《建筑设计防火规范》第5.5.13条,《建筑设计防火规范》,"截断后缀""第5.5.13条""",消防安全
《建筑设计防火规范》第6.2.9.3条,《建筑设计防火规范》,"截断后缀""第6.2.9.3条""",消防安全
《建筑设计防火规范》第6.3.5条,《建筑设计防火规范》,"截断后缀""第6.3.5条""",消防安全
《建筑设计防火规范》第6.4.11(2)条,《建筑设计防火规范》第6.4.11(2),"截断后缀""条""",消防安全
《建筑设计防火规范》第6.4.2条规定,《建筑设计防火规范》,"截断后缀""第6.4.2条规定""",消防安全
《建筑设计防火规范》第6.5.1条,《建筑设计防火规范》,"截断后缀""第6.5.1条""",消防安全
《建筑设计防火规范》第7.1.9条,《建筑设计防火规范》,"截断后缀""第7.1.9条""",消防安全
《建筑设计防火规范》第8.1.2条,《建筑设计防火规范》,"截断后缀""第8.1.2条""",消防安全
《建筑设计防火规范》第8.1.2条、第8.2.1条,《建筑设计防火规范》,"截断后缀""第8.1.2条、第8.2.1条""",消防安全
《建筑设计防火规范》第3.4.1条,《建筑设计防火规范》,"截断后缀""第3.4.1条""",消防安全
《建筑设计防火规范》第8.2.1(1)条,《建筑设计防火规范》第8.2.1(1),"截断后缀""条""",消防安全
《建筑设计防火规范》第3.3.9条,《建筑设计防火规范》,"截断后缀""第3.3.9条""",消防安全
《重庆市消防设施管理规定》第二十五条、,《重庆市消防设施管理规定》第二十五条,"截断后缀""、""",消防安全
"《中华人民共和国消防法》第六十条第一款第一项,决定给予浙江汇辰电子科技有限公司罚款",《中华人民共和国消防法》第六十条第一款第一项,"截断后缀"",决定给予浙江汇辰电子科技有限公司罚款""",消防安全
《建筑设 计防火规范》第8.3.2条,《建筑设 计防火规范》,"截断后缀""第8.3.2条""",消防安全
《建筑设计防火规范GB50016-2014》第5.4.2条规定),《建筑设计防火规范GB50016-2014》,"截断后缀""第5.4.2条规定)""",消防安全
《建筑设计防火规范》第10.1.10条,《建筑设计防火规范》,"截断后缀""第10.1.10条""",消防安全
《建筑设计防火规范》第10.1.6条,《建筑设计防火规范》,"截断后缀""第10.1.6条""",消防安全
《建筑设计防火规范》第10.3.1.5条和10.3.5条,《建筑设计防火规范》,"截断后缀""第10.3.1.5条和10.3.5条""",消防安全
《建筑设计防火规范》第10.3.1条,《建筑设计防火规范》,"截断后缀""第10.3.1条""",消防安全
《建筑设计防火规范》第10.3.5条,《建筑设计防火规范》,"截断后缀""第10.3.5条""",消防安全
《建筑设计防火规范》第11.3.2.2条,《建筑设计防火规范》,"截断后缀""第11.3.2.2条""",消防安全
《建筑设计防火规范》第3.3.5条,《建筑设计防火规范》,"截断后缀""第3.3.5条""",消防安全
《中华人民共和国消防法》第六十条第一款第一项现决定对江苏兴源食品科技有限公司罚款,《中华人民共和国消防法》第六十条第一款第一项,"截断后缀""现决定对江苏兴源食品科技有限公司罚款""",消防安全
《建筑设计防火规范》第8.2.1条、第3.7.6条,《建筑设计防火规范》,"截断后缀""第8.2.1条、第3.7.6条""",消防安全
《中华人民共和国消防法》第六十条第一款第一项之规定和,《中华人民共和国消防法》第六十条第一款第一项之规定,"截断后缀""和""",消防安全
《中华人民共和国消防法》第六十条第一款第一项之规定给予宁夏大世界物业服务有限公司罚款,《中华人民共和国消防法》第六十条第一款第一项之规定,"截断后缀""给予宁夏大世界物业服务有限公司罚款""",消防安全
《中华人民共和国消防法》第六十条第一款第一项之规定给予罚款,《中华人民共和国消防法》第六十条第一款第一项之规定,"截断后缀""给予罚款""",消防安全
《中华人民共和国消防法》第六十条第一款第一项以及,《中华人民共和国消防法》第六十条第一款第一项,"截断后缀""以及""",消防安全
《中华人民共和国消防法》第六十条第一款第一项及,《中华人民共和国消防法》第六十条第一款第一项,"截断后缀""及""",消防安全
《中华人民共和国消防法》第六十条第一款第一项和,《中华人民共和国消防法》第六十条第一款第一项,"截断后缀""和""",消防安全
《建筑设计防火规范》第8.2.1条,《建筑设计防火规范》,"截断后缀""第8.2.1条""",消防安全
《中华人民共和国消防法》第六十条第一款第一项、,《中华人民共和国消防法》第六十条第一款第一项,"截断后缀""、""",消防安全
《建筑设计防火规范》第8.3.2条,《建筑设计防火规范》,"截断后缀""第8.3.2条""",消防安全
《建筑设计防火规范》第8.3.2条、第8.4.1条,《建筑设计防火规范》,"截断后缀""第8.3.2条、第8.4.1条""",消防安全
《建筑设计防火规范》第8.3.4条,《建筑设计防火规范》,"截断后缀""第8.3.4条""",消防安全
《建筑设计防火规范》第8.4.3条,《建筑设计防火规范》,"截断后缀""第8.4.3条""",消防安全
《建筑设计防火规范》第8.4.3项,《建筑设计防火规范》,"截断后缀""第8.4.3项""",消防安全
《建筑设计防火规范》第8.5.2(1)条,《建筑设计防火规范》第8.5.2(1),"截断后缀""条""",消防安全
《建筑设计防火规范》第8.5.3.5条,《建筑设计防火规范》,"截断后缀""第8.5.3.5条""",消防安全
《建筑设计防火规范》第8.5.3条,《建筑设计防火规范》,"截断后缀""第8.5.3条""",消防安全
《建筑设计防火规范》第8.5.4条,《建筑设计防火规范》,"截断后缀""第8.5.4条""",消防安全
《建筑设计防火规范》第9.1.3.7条,《建筑设计防火规范》,"截断后缀""第9.1.3.7条""",消防安全
《建筑设计防火规范》第9.2.4条,《建筑设计防火规范》,"截断后缀""第9.2.4条""",消防安全
《建筑设计防火规范》第9.3.4条,《建筑设计防火规范》,"截断后缀""第9.3.4条""",消防安全
《建筑设计防火通用规范》第8.1.5条,《建筑设计防火通用规范》,"截断后缀""第8.1.5条""",消防安全
《建筑设计防火通用规范》第8.1.7条,《建筑设计防火通用规范》,"截断后缀""第8.1.7条""",消防安全
《中华人民共和国消防法》第六十条第一款第一项、二项,《中华人民共和国消防法》第六十条第一款第一项,"截断后缀""、二项""",消防安全
"《中华人民共和国消防法》第十六条第一款第二项,",《中华人民共和国消防法》第十六条第一款第二项,"截断后缀"",""",消防安全
《中华人民共和国消防法》第十六条第一款第二项、,《中华人民共和国消防法》第十六条第一款第二项,"截断后缀""、""",消防安全
"《中华人民共和国消防法》第十六条第一款第二项、第二十八条,",《中华人民共和国消防法》第十六条第一款第二项、第二十八条,"截断后缀"",""",消防安全
《中华人民共和国消防法》第十六条第一款第二项之规定.根据,《中华人民共和国消防法》第十六条第一款第二项之规定,"截断后缀"".根据""",消防安全
《中华人民共和国消防法》第十六条第一款第二项之规定及,《中华人民共和国消防法》第十六条第一款第二项之规定,"截断后缀""及""",消防安全
《中华人民共和国消防法》第十六条第一款第二项之规定和,《中华人民共和国消防法》第十六条第一款第二项之规定,"截断后缀""和""",消防安全
《中华人民共和国消防法》第十六条第一款第二项之规定根据,《中华人民共和国消防法》第十六条第一款第二项之规定,"截断后缀""根据""",消防安全
《中华人民共和国消防法》第十六条第一款第二项以及,《中华人民共和国消防法》第十六条第一款第二项,"截断后缀""以及""",消防安全
《中华人民共和国消防法》第十六条第一款第二项及,《中华人民共和国消防法》第十六条第一款第二项,"截断后缀""及""",消防安全
《中华人民共和国消防法》第十六条第一款第二项和,《中华人民共和国消防法》第十六条第一款第二项,"截断后缀""和""",消防安全
《中华人民共和国消防法》第十六条第一款(二)项之规定依据,《中华人民共和国消防法》第十六条第一款(二)项之规定,"截断后缀""依据""",消防安全
"《中华人民共和国消防法》第十六条第一款第(二)项,",《中华人民共和国消防法》第十六条第一款第(二)项,"截断后缀"",""",消防安全
《中华人民共和国消防法》第十六条第一款第(二)项、,《中华人民共和国消防法》第十六条第一款第(二)项,"截断后缀""、""",消防安全
《中华人民共和国消防法》第十六条第一款第(二)项及,《中华人民共和国消防法》第十六条第一款第(二)项,"截断后缀""及""",消防安全
《中华人民共和国消防法》第十六条第一款第(二)项和,《中华人民共和国消防法》第十六条第一款第(二)项,"截断后缀""和""",消防安全
《中华人民共和国消防法》第十六第一款第(二)项条,《中华人民共和国消防法》第十六第一款第(二)项,"截断后缀""条""",消防安全
《中华人民共和国消防法》第十六条第一款第（二）项条,《中华人民共和国消防法》第十六条第一款第（二）项,"截断后缀""条""",消防安全
《中华人民共和国消防法》第十六条第一款第（二）项和,《中华人民共和国消防法》第十六条第一款第（二）项,"截断后缀""和""",消防安全
《中华人民共和国消防法》第十六条第一款第（二）项及,《中华人民共和国消防法》第十六条第一款第（二）项,"截断后缀""及""",消防安全
"《中华人民共和国消防法》第十六条第一款第（二）项,",《中华人民共和国消防法》第十六条第一款第（二）项,"截断后缀"",""",消防安全
《中华人民共和国消防法》第十六条第一款第（二项,《中华人民共和国消防法》第十六条第一款,"截断后缀""第（二项""",消防安全
"《中华人民共和国消防法》第十六条第一款第四项之规定,根据",《中华人民共和国消防法》第十六条第一款第四项之规定,"截断后缀"",根据""",消防安全
"《中华人民共和国消防法》第十六第一款第(二)项条,",《中华人民共和国消防法》第十六第一款第(二)项,"截断后缀""条,""",消防安全
《中华人民共和国消防法》第十六第一款第二项条,《中华人民共和国消防法》第十六第一款第二项,"截断后缀""条""",消防安全
《中华人民共和国消防法》第十六条第一款第二项和第四项以及,《中华人民共和国消防法》第十六条第一款第二项和第四项,"截断后缀""以及""",消防安全
《中华人民共和国消防法》第十六条第一款第二项根据,《中华人民共和国消防法》第十六条第一款第二项,"截断后缀""根据""",消防安全
《中华人民共和国消防法》第十六条第一款第二项款,《中华人民共和国消防法》第十六条第一款第二项,"截断后缀""款""",消防安全
《中华人民共和国消防法》第十六条第一款第二项的规定?根据,《中华人民共和国消防法》第十六条第一款第二项的规定,"截断后缀""?根据""",消防安全
《中华人民共和国消防法》第十六条第一款第二项规定,《中华人民共和国消防法》第十六条第一款第二项,"截断后缀""规定""",消防安全
"《中华人民共和国消防法》第十六条第一款第二项规定,根据",《中华人民共和国消防法》第十六条第一款第二项,"截断后缀""规定,根据""",消防安全
"《中华人民共和国消防法》第十六条第一款第五项,",《中华人民共和国消防法》第十六条第一款第五项,"截断后缀"",""",消防安全
《中华人民共和国消防法》第十六条第一款第五项和,《中华人民共和国消防法》第十六条第一款第五项,"截断后缀""和""",消防安全
"《中华人民共和国消防法》第十条,",《中华人民共和国消防法》第十条,"截断后缀"",""",消防安全
《中华人民共和国消防法》第十六第一款第五项条,《中华人民共和国消防法》第十六第一款第五项,"截断后缀""条""",消防安全
《中华人民共和国消防法》第十三条第三款、,《中华人民共和国消防法》第十三条第三款,"截断后缀""、""",消防安全
《中华人民共和国消防法》第十九条二款,《中华人民共和国消防法》第十九条,"截断后缀""二款""",消防安全
"《中华人民共和国消防法》第十二条,",《中华人民共和国消防法》第十二条,"截断后缀"",""",消防安全
《中华人民共和国消防法》第十五条第二款和,《中华人民共和国消防法》第十五条第二款,"截断后缀""和""",消防安全
《中华人民共和国消防法》第十二n条,《中华人民共和国消防法》,"截断后缀""第十二n条""",消防安全
依据《中华人民共和国消防法》第五十九条第三项,《中华人民共和国消防法》第五十九条第三项,"去除前缀""依据""",消防安全
依据《中华人民共和国消防法》第五十八条之规定,《中华人民共和国消防法》第五十八条之规定,"去除前缀""依据""",消防安全
依据《中华人民共和国消防法》第五十八条第三款,《中华人民共和国消防法》第五十八条第三款,"去除前缀""依据""",消防安全
依据《中华人民共和国消防法》第五十八条第二款,《中华人民共和国消防法》第五十八条第二款,"去除前缀""依据""",消防安全
依据《中华人民共和国消防法》第五十八条第二项,《中华人民共和国消防法》第五十八条第二项,"去除前缀""依据""",消防安全
依据《中华人民共和国消防法》第六十五条第二款,《中华人民共和国消防法》第六十五条第二款,"去除前缀""依据""",消防安全
依据《中华人民共和国消防法》第六十六条,《中华人民共和国消防法》第六十六条,"去除前缀""依据""",消防安全
依据《中华人民共和国消防法》第六十条第一款三项,《中华人民共和国消防法》第六十条第一款,"去除前缀""依据""; 截断后缀""三项""",消防安全
依据《中华人民共和国消防法》第六十条第一款第一项,《中华人民共和国消防法》第六十条第一款第一项,"去除前缀""依据""",消防安全
依据《中华人民共和国消防法》第六十条第一款第一项规定,《中华人民共和国消防法》第六十条第一款第一项,"去除前缀""依据""; 截断后缀""规定""",消防安全
依据《中华人民共和国消防法》第六十条第一款第七项,《中华人民共和国消防法》第六十条第一款第七项,"去除前缀""依据""",消防安全
依据《中华人民共和国消防法》第六十条第一款第五项,《中华人民共和国消防法》第六十条第一款第五项,"去除前缀""依据""",消防安全
依据《中华人民共和国消防法》第六十条第一款第四项,《中华人民共和国消防法》第六十条第一款第四项,"去除前缀""依据""",消防安全
依据《中华人民共和国消防法》第十二条第一款第八项,《中华人民共和国消防法》第十二条第一款第八项,"去除前缀""依据""",消防安全
《中华人民共和国消防法》第十九条第二款和,《中华人民共和国消防法》第十九条第二款,"截断后缀""和""",消防安全
《中华人民共和国消防法》第二十八条规定,《中华人民共和国消防法》第二十八条,"截断后缀""规定""",消防安全
《广西壮族自治区实施〈中华人民共和国消防法〉办法》第六十条第一款第(一)项条,《广西壮族自治区实施〈中华人民共和国消防法〉办法》第六十条第一款第(一)项,"截断后缀""条""",消防安全
《中华人民共和国消防法》第二十四条和,《中华人民共和国消防法》第二十四条,"截断后缀""和""",消防安全
"《中华人民共和国消防法》第二十四条第一款,",《中华人民共和国消防法》第二十四条第一款,"截断后缀"",""",消防安全
《中华人民共和国消防法》第二十四条第一款、,《中华人民共和国消防法》第二十四条第一款,"截断后缀""、""",消防安全
《中华人民共和国消防法》第二十四条第一款之规定、,《中华人民共和国消防法》第二十四条第一款之规定,"截断后缀""、""",消防安全
《中华人民共和国消防法》第二十四条第一款和,《中华人民共和国消防法》第二十四条第一款,"截断后缀""和""",消防安全
《中华人民共和国消防法》第二章第十二条及,《中华人民共和国消防法》第二章第十二条,"截断后缀""及""",消防安全
《浙江省消防条例》第三十四条和,《浙江省消防条例》第三十四条,"截断后缀""和""",消防安全
"《浙江省消防条例》第三十六条第二款的规定,根据",《浙江省消防条例》第三十六条第二款的规定,"截断后缀"",根据""",消防安全
"《中华人民共和国消防法》第二十八条之规定,根据",《中华人民共和国消防法》第二十八条之规定,"截断后缀"",根据""",消防安全
《浙江省消防条例》第三十六条第二款和,《浙江省消防条例》第三十六条第二款,"截断后缀""和""",消防安全
《中华人民共和国消防法》第二十八条之规定;擅自改变建筑物防火条件,《中华人民共和国消防法》第二十八条之规定,"截断后缀"";擅自改变建筑物防火条件""",消防安全
《中华人民共和国消防法》第二十八条之规定及,《中华人民共和国消防法》第二十八条之规定,"截断后缀""及""",消防安全
《中华人民共和国消防法》第二十八条之规定和,《中华人民共和国消防法》第二十八条之规定,"截断后缀""和""",消防安全
《中华人民共和国消防法》第二十八条及,《中华人民共和国消防法》第二十八条,"截断后缀""及""",消防安全
《中华人民共和国消防法》第二十八条和,《中华人民共和国消防法》第二十八条,"截断后缀""和""",消防安全
《浙江省消防条例》第三十四条第二款之规定和,《浙江省消防条例》第三十四条第二款之规定,"截断后缀""和""",消防安全
"《中华人民共和国消防法》第二十八条,",《中华人民共和国消防法》第二十八条,"截断后缀"",""",消防安全
《浙江省消防条例》第三十四条第二款和,《浙江省消防条例》第三十四条第二款,"截断后缀""和""",消防安全
《中华人民共和国消防法》第二十七条第二款及,《中华人民共和国消防法》第二十七条第二款,"截断后缀""及""",消防安全
《中华人民共和国消防法》第二十七条第二款和,《中华人民共和国消防法》第二十七条第二款,"截断后缀""和""",消防安全
"《浙江省消防条例》第二十八条第二款,",《浙江省消防条例》第二十八条第二款,"截断后缀"",""",消防安全
《浙江省消防条例》第三十四条第二款及,《浙江省消防条例》第三十四条第二款,"截断后缀""及""",消防安全
"《中华人民共和国消防法》第二十八条的规定,根据",《中华人民共和国消防法》第二十八条的规定,"截断后缀"",根据""",消防安全
"《浙江省消防条例》第三十三条第二款,",《浙江省消防条例》第三十三条第二款,"截断后缀"",""",消防安全
《浙江省消防条例》第三十一条第二款之规定及,《浙江省消防条例》第三十一条第二款之规定,"截断后缀""及""",消防安全
"《浙江省消防条例》第三十一条第二款,",《浙江省消防条例》第三十一条第二款,"截断后缀"",""",消防安全
《浙江省消防机构行政处罚裁量基准（一）》第三项、,《浙江省消防机构行政处罚裁量基准（一）》第三项,"截断后缀""、""",消防安全
《中华人民共和国消防法》第五十九条和,《中华人民共和国消防法》第五十九条,"截断后缀""和""",消防安全
《中华人民共和国消防法》第五十九条第(三)项和,《中华人民共和国消防法》第五十九条第(三)项,"截断后缀""和""",消防安全
《河北省消防条例》第五十六条第一款和,《河北省消防条例》第五十六条第一款,"截断后缀""和""",消防安全
《中华人民共和国消防法》第六十条第一款和,《中华人民共和国消防法》第六十条第一款,"截断后缀""和""",消防安全
"《中华人民共和国消防法》第六十条第一款第(一)项,决定给予浙江峰恒电器有限公司罚款",《中华人民共和国消防法》第六十条第一款第(一)项,"截断后缀"",决定给予浙江峰恒电器有限公司罚款""",消防安全
《中华人民共和国消防法》第六十条第一款第(一)项、,《中华人民共和国消防法》第六十条第一款第(一)项,"截断后缀""、""",消防安全
《中华人民共和国消防法》第六十条第一、三、四款,《中华人民共和国消防法》第六十条,"截断后缀""第一、三、四款""",消防安全
《河北省消防行政执法裁量实施办法》第十三条第一款第(三)项(依据,《河北省消防行政执法裁量实施办法》第十三条第一款第(三)项,"截断后缀""(依据""",消防安全
《建筑消防设施的维护管理》第5.1以及5.2条,《建筑消防设施的维护管理》,"截断后缀""第5.1以及5.2条""",消防安全
《建筑消防设施的维护管理》第5.2(a)条,《建筑消防设施的维护管理》,"截断后缀""第5.2(a)条""",消防安全
《建筑消防设施的维护管理》第5.2(a、b)条,《建筑消防设施的维护管理》,"截断后缀""第5.2(a、b)条""",消防安全
《建筑消防设施的维护管理》第5.2(b)条,《建筑消防设施的维护管理》,"截断后缀""第5.2(b)条""",消防安全
《建筑消防设施的维护管理》第5.2条,《建筑消防设施的维护管理》,"截断后缀""第5.2条""",消防安全
《建筑灭火器配置设计规范》第2.1.1条,《建筑灭火器配置设计规范》,"截断后缀""第2.1.1条""",消防安全
《建筑灭火器配置验收及检查规范》第5.4.3条之规定),《建筑灭火器配置验收及检查规范》第5.4.3条之规定,"截断后缀"")""",消防安全
《建筑消防设施的维护管理》第(b)条,《建筑消防设施的维护管理》,"截断后缀""第(b)条""",消防安全
"《中华人民共和国消防法》第六十条第一款第一项,",《中华人民共和国消防法》第六十条第一款第一项,"截断后缀"",""",消防安全
《中华人民共和国消防法》第六十条和,《中华人民共和国消防法》第六十条,"截断后缀""和""",消防安全
《中华人民共和国消防法》第六十条及,《中华人民共和国消防法》第六十条,"截断后缀""及""",消防安全
《中华人民共和国消防法》第五十八条第一款第五项、,《中华人民共和国消防法》第五十八条第一款第五项,"截断后缀""、""",消防安全
《中华人民共和国消防法》第五十八条第一款第四项、,《中华人民共和国消防法》第五十八条第一款第四项,"截断后缀""、""",消防安全
《中华人民共和国消防法》第五十九条第三项、,《中华人民共和国消防法》第五十九条第三项,"截断后缀""、""",消防安全
《中华人民共和国消防法》第五十九条第二项和,《中华人民共和国消防法》第五十九条第二项,"截断后缀""和""",消防安全
《中华人民共和国消防法》第五十八条(二)及,《中华人民共和国消防法》第五十八条(二),"截断后缀""及""",消防安全
《中华人民共和国消防法》第五十八条第三款给予1000元罚款,《中华人民共和国消防法》第五十八条第三款,"截断后缀""给予1000元罚款""",消防安全
《中华人民共和国消防法》第六十一条第二款和,《中华人民共和国消防法》第六十一条第二款,"截断后缀""和""",消防安全
《中华人民共和国消防法》第六十五条第二款和,《中华人民共和国消防法》第六十五条第二款,"截断后缀""和""",消防安全
《中华人民共和国消防法》第六十六条、第六十条第一款第七项、,《中华人民共和国消防法》第六十六条、第六十条第一款第七项,"截断后缀""、""",消防安全
《中华人民共和国消防法》第六十六条与,《中华人民共和国消防法》第六十六条,"截断后缀""与""",消防安全
《中华人民共和国消防法》第六十六条及,《中华人民共和国消防法》第六十六条,"截断后缀""及""",消防安全
《中华人民共和国消防法》第六十六条和,《中华人民共和国消防法》第六十六条,"截断后缀""和""",消防安全
"《中华人民共和国消防法》第五十八条第二款,",《中华人民共和国消防法》第五十八条第二款,"截断后缀"",""",消防安全
《中华人民共和国消防法》第五十八条第二款之规定对你单位进行罚款,《中华人民共和国消防法》第五十八条第二款之规定,"截断后缀""对你单位进行罚款""",消防安全
《中华人民共和国消防法》第五十八条第二款和,《中华人民共和国消防法》第五十八条第二款,"截断后缀""和""",消防安全
《中华人民共和国消防法》第五十八条第二款第/项,《中华人民共和国消防法》第五十八条第二款,"截断后缀""第/项""",消防安全
《中华人民共和国消防法》第五十八条第二项规定,《中华人民共和国消防法》第五十八条第二项,"截断后缀""规定""",消防安全
《中华人民共和国消防法》第五十八条给予5000元罚款,《中华人民共和国消防法》第五十八条,"截断后缀""给予5000元罚款""",消防安全
《中华人民共和国消防法》第六十一条和,《中华人民共和国消防法》第六十一条,"截断后缀""和""",消防安全
根据《中华人民共和国消防法》第六十条第一款第七项之规定,《中华人民共和国消防法》第六十条第一款第七项之规定,"去除前缀""根据""",消防安全
根据《中华人民共和国消防法》第六十条第一款第三项,《中华人民共和国消防法》第六十条第一款第三项,"去除前缀""根据""",消防安全
根据《中华人民共和国消防法》第六十条第一款第二项,《中华人民共和国消防法》第六十条第一款第二项,"去除前缀""根据""",消防安全
根据《中华人民共和国消防法》第六十条第一款第五项,《中华人民共和国消防法》第六十条第一款第五项,"去除前缀""根据""",消防安全
根据《中华人民共和国消防法》第六十条第一款第六项,《中华人民共和国消防法》第六十条第一款第六项,"去除前缀""根据""",消防安全
根据《中华人民共和国消防法》第六十条第一款第四项,《中华人民共和国消防法》第六十条第一款第四项,"去除前缀""根据""",消防安全
根据《中华人民共和国消防法》第六十条第一款第（三）项,《中华人民共和国消防法》第六十条第一款第（三）项,"去除前缀""根据""",消防安全
根据《消防产品监督管理规定》第三十六条第二款,《消防产品监督管理规定》第三十六条第二款,"去除前缀""根据""",消防安全
根据《海南自由贸易港消防条例》第七十一条,《海南自由贸易港消防条例》第七十一条,"去除前缀""根据""",消防安全
根据《浙江省消防行政处罚裁量标准》第六条,《浙江省消防行政处罚裁量标准》第六条,"去除前缀""根据""",消防安全
根据《浙江省消防行政处罚裁量标准》第五条,《浙江省消防行政处罚裁量标准》第五条,"去除前缀""根据""",消防安全
根据《浙江省消防条例》第六十六条,《浙江省消防条例》第六十六条,"去除前缀""根据""",消防安全
《消防设施通用规范》第11.1.4条,《消防设施通用规范》,"截断后缀""第11.1.4条""",消防安全
《消防给水及消火栓系统技术规范》第8.1.2条及8.1.3条,《消防给水及消火栓系统技术规范》,"截断后缀""第8.1.2条及8.1.3条""",消防安全
《消防给水及消火栓系统技术规范》第7.4.6条,《消防给水及消火栓系统技术规范》,"截断后缀""第7.4.6条""",消防安全
《消防给水及消火栓系统技术规范》第7.4.2条,《消防给水及消火栓系统技术规范》,"截断后缀""第7.4.2条""",消防安全
根据《中国人民共和国消防法》第六十条第一款第一项,《中国人民共和国消防法》第六十条第一款第一项,"去除前缀""根据""",消防安全
根据《社会消防技术服务管理规定》第三十条,《社会消防技术服务管理规定》第三十条,"去除前缀""根据""",消防安全
根据《中华人民共和国消防法》第六十条第二款,《中华人民共和国消防法》第六十条第二款,"去除前缀""根据""",消防安全
根据《社会消防技术服务管理规定》第二十八条第二项,《社会消防技术服务管理规定》第二十八条第二项,"去除前缀""根据""",消防安全
根据《云南省消防条例》第五十一条第一款第二项,《云南省消防条例》第五十一条第一款第二项,"去除前缀""根据""",消防安全
按照《浙江省消防行政处罚裁量标准》第二十条,《浙江省消防行政处罚裁量标准》第二十条,"去除前缀""按照""",消防安全
按照《浙江省消防行政处罚裁量标准》第二条,《浙江省消防行政处罚裁量标准》第二条,"去除前缀""按照""",消防安全
按照《浙江省消防行政处罚裁量标准》第五条,《浙江省消防行政处罚裁量标准》第五条,"去除前缀""按照""",消防安全
根据《上海市消防条例》第六十七条第一项,《上海市消防条例》第六十七条第一项,"去除前缀""根据""",消防安全
根据《中华人民共和国消防法》第七十三条之规定,《中华人民共和国消防法》第七十三条之规定,"去除前缀""根据""",消防安全
根据《中华人民共和国消防法》第五十八条,《中华人民共和国消防法》第五十八条,"去除前缀""根据""",消防安全
根据《中华人民共和国消防法》第五十八条,《中华人民共和国消防法》第五十八条,"去除前缀""根据""",消防安全
根据《中华人民共和国消防法》第五十八条第一款第(四)项,《中华人民共和国消防法》第五十八条第一款第(四)项,"去除前缀""根据""",消防安全
根据《中华人民共和国消防法》第五十八条第一款第四项,《中华人民共和国消防法》第五十八条第一款第四项,"去除前缀""根据""",消防安全
根据《中华人民共和国消防法》第六十一条第一款,《中华人民共和国消防法》第六十一条第一款,"去除前缀""根据""",消防安全
根据《中华人民共和国消防法》第六十一条第一款、第二款,《中华人民共和国消防法》第六十一条第一款、第二款,"去除前缀""根据""",消防安全
根据《中华人民共和国消防法》第六十一条第一款之规定,《中华人民共和国消防法》第六十一条第一款之规定,"去除前缀""根据""",消防安全
"《山东省消防条例》第二十五条第一款,",《山东省消防条例》第二十五条第一款,"截断后缀"",""",消防安全
根据《中华人民共和国消防法》第六十一条第二款,《中华人民共和国消防法》第六十一条第二款,"去除前缀""根据""",消防安全
根据《中华人民共和国消防法》第六十条第一款第(五)项,《中华人民共和国消防法》第六十条第一款第(五)项,"去除前缀""根据""",消防安全
根据《中华人民共和国消防法》第六十条第一款第(五)项之规定,《中华人民共和国消防法》第六十条第一款第(五)项之规定,"去除前缀""根据""",消防安全
根据《中华人民共和国消防法》第六十条第一款第一项,《中华人民共和国消防法》第六十条第一款第一项,"去除前缀""根据""",消防安全
根据《中华人民共和国消防法》第六十条第一款第一项、第三项,《中华人民共和国消防法》第六十条第一款第一项、第三项,"去除前缀""根据""",消防安全
根据《中华人民共和国消防法》第六十条第一款第一项之规定,《中华人民共和国消防法》第六十条第一款第一项之规定,"去除前缀""根据""",消防安全
根据《中华人民共和国消防法》第六十条第一款第一项的规定,《中华人民共和国消防法》第六十条第一款第一项的规定,"去除前缀""根据""",消防安全
根据《中华人民共和国消防法》第六十条第一款第七项,《中华人民共和国消防法》第六十条第一款第七项,"去除前缀""根据""",消防安全
根据《中华人民共和国消防法》第六十条第一款第(二)项,《中华人民共和国消防法》第六十条第一款第(二)项,"去除前缀""根据""",消防安全
根据《中华人民共和国消防法》第六十条第一款第(一)项,《中华人民共和国消防法》第六十条第一款第(一)项,"去除前缀""根据""",消防安全
根据《中华人民共和国消防法》第六十六条,《中华人民共和国消防法》第六十六条,"去除前缀""根据""",消防安全
根据《中华人民共和国消防法》第六十九条,《中华人民共和国消防法》第六十九条,"去除前缀""根据""",消防安全
根据《中华人民共和国消防法》第六十九条第一款,《中华人民共和国消防法》第六十九条第一款,"去除前缀""根据""",消防安全
《社会消防技术服务管理规定》第十八条第一款第三项和,《社会消防技术服务管理规定》第十八条第一款第三项,"截断后缀""和""",消防安全
根据《中华人民共和国消防法》第六十五条第二款之规定,《中华人民共和国消防法》第六十五条第二款之规定,"去除前缀""根据""",消防安全
根据《中华人民共和国消防法》第六十六条第一款,《中华人民共和国消防法》第六十六条第一款,"去除前缀""根据""",消防安全
根据《云南省消防条例》第五十三条第一款第二项,《云南省消防条例》第五十三条第一款第二项,"去除前缀""根据""",消防安全
《消防产品现场检查判定规则》第7.1条,《消防产品现场检查判定规则》,"截断后缀""第7.1条""",消防安全
《消防产品监督管理规定》第三十六条第二款(122号令),《消防产品监督管理规定》第三十六条第二款,"截断后缀""(122号令)""",消防安全
"《消防产品监督管理规定》第三十六条第二款之规定,现决定给予唐秋明罚款",《消防产品监督管理规定》第三十六条第二款之规定,"截断后缀"",现决定给予唐秋明罚款""",消防安全
《消防产品监督管理规定》第十九条一款,《消防产品监督管理规定》第十九条,"截断后缀""一款""",消防安全
《消防产品监督管理规定》第三十六条第二款和浙江省公安机关行政处罚裁量基准第四百九十九条第一阶次,《消防产品监督管理规定》第三十六条第二款和浙江省公安机关行政处罚裁量基准第四百九十九条,"截断后缀""第一阶次""",消防安全
《消防产品监督管理规定》第三十六条第二款之规定现决定给予冯杰罚款,《消防产品监督管理规定》第三十六条第二款之规定,"截断后缀""现决定给予冯杰罚款""",消防安全
《消防产品现场检查判定规则》第6.7.2.1条,《消防产品现场检查判定规则》,"截断后缀""第6.7.2.1条""",消防安全
《消防产品现场检查判定规则》第6.7.1.1条,《消防产品现场检查判定规则》,"截断后缀""第6.7.1.1条""",消防安全
"《北京市消防条例》第二十四条第一款第五项,",《北京市消防条例》第二十四条第一款第五项,"截断后缀"",""",消防安全
《北京市消防条例》第十二条第一款第八项、,《北京市消防条例》第十二条第一款第八项,"截断后缀""、""",消防安全
《消防产品现场检查判定规则》第6.7.1条,《消防产品现场检查判定规则》,"截断后缀""第6.7.1条""",消防安全
《消防产品现场检查判定规则》第6.12.1.1条,《消防产品现场检查判定规则》,"截断后缀""第6.12.1.1条""",消防安全
《消防产品现场检查判定规则》第6.11.1.2.2条,《消防产品现场检查判定规则》,"截断后缀""第6.11.1.2.2条""",消防安全
《消防产品现场判定规则》第6.7.1.1条,《消防产品现场判定规则》,"截断后缀""第6.7.1.1条""",消防安全
《消防给水及消火栓系统技术规范》第6.1.9条,《消防给水及消火栓系统技术规范》,"截断后缀""第6.1.9条""",消防安全
《火灾自动报警系统设计规范》第10.1.4条,《火灾自动报警系统设计规范》,"截断后缀""第10.1.4条""",消防安全
根据《山东省消防条例》第六十九条第一款第二项,《山东省消防条例》第六十九条第一款第二项,"去除前缀""根据""",消防安全
根据《山东省消防条例》第七十条第四项,《山东省消防条例》第七十条第四项,"去除前缀""根据""",消防安全
根据《山东省消防条例》第七十三条,《山东省消防条例》第七十三条,"去除前缀""根据""",消防安全
根据《山东省消防条,《山东省消防条,"去除前缀""根据""",消防安全
根据《江苏省消防条例》第57条之规定,《江苏省消防条例》第57条之规定,"去除前缀""根据""",消防安全
根据《江苏省消防条例》第六十四条第一款,《江苏省消防条例》第六十四条第一款,"去除前缀""根据""",消防安全
根据《北京市消防条例》第八十条第一款,《北京市消防条例》第八十条第一款,"去除前缀""根据""",消防安全
根据《四川省消防条例》第七十条第一款第(十)项,《四川省消防条例》第七十条第一款第(十)项,"去除前缀""根据""",消防安全
《湖北省公安机关消防机构行政处罚案件裁量标准》第十三条和第三十一条规定,《湖北省公安机关消防机构行政处罚案件裁量标准》第十三条和第三十一条,"截断后缀""规定""",消防安全
根据《河北省消防条例》第五十六条第一款的规定,《河北省消防条例》第五十六条第一款的规定,"去除前缀""根据""",消防安全
根据《河北省消防条例》第五十六条第一款,《河北省消防条例》第五十六条第一款,"去除前缀""根据""",消防安全
《吉林省消防条例》第十三条、十四条,《吉林省消防条例》第十三条,"截断后缀""、十四条""",消防安全
《消防控制室通用技术要求》第4.2.2条第b项,《消防控制室通用技术要求》,"截断后缀""第4.2.2条第b项""",消防安全
《消防控制室通用技术要求》第4.2.1条规定,《消防控制室通用技术要求》,"截断后缀""第4.2.1条规定""",消防安全
《消防控制室通用技术要求》第4.2.1条第a项,《消防控制室通用技术要求》,"截断后缀""第4.2.1条第a项""",消防安全
《消防控制室通用技术要求》第4.2.1条a项,《消防控制室通用技术要求》,"截断后缀""第4.2.1条a项""",消防安全
《消防控制室通用技术要求》第4.2.1条,《消防控制室通用技术要求》,"截断后缀""第4.2.1条""",消防安全
《消防控制室通用技术要求》第4.2.1条,《消防控制室通用技术要求》,"截断后缀""第4.2.1条""",消防安全
《消防监督检查规定》第十三条第一款第三项和,《消防监督检查规定》第十三条第一款第三项,"截断后缀""和""",消防安全
《北京市电气防火检测技术规范》第5.1.11条,《北京市电气防火检测技术规范》,"截断后缀""第5.1.11条""",消防安全
《江苏省消防条例》第五十五条第二款及,《江苏省消防条例》第五十五条第二款,"截断后缀""及""",消防安全
依据《浙江省消防行政处罚裁量标准》第二十一条第三项,《浙江省消防行政处罚裁量标准》第二十一条第三项,"去除前缀""依据""",消防安全
依据《浙江省消防行政处罚裁量标准》第二条,《浙江省消防行政处罚裁量标准》第二条,"去除前缀""依据""",消防安全
依据《浙江省消防行政处罚裁量标准》第五条,《浙江省消防行政处罚裁量标准》第五条,"去除前缀""依据""",消防安全
依据《浙江省消防行政处罚裁量标准》第六条,《浙江省消防行政处罚裁量标准》第六条,"去除前缀""依据""",消防安全
依据《浙江省消防行政处罚裁量标准》第十条,《浙江省消防行政处罚裁量标准》第十条,"去除前缀""依据""",消防安全
《江西省消防条例》第二建筑有限责任公司罚款,《江西省消防条例》,"截断后缀""第二建筑有限责任公司罚款""",消防安全
依据《浙江省消防行政处罚裁量标准》第四条,《浙江省消防行政处罚裁量标准》第四条,"去除前缀""依据""",消防安全
根据《黑龙江省消防救援机构行政处罚裁量标准》第十二条,《黑龙江省消防救援机构行政处罚裁量标准》第十二条,"去除前缀""根据""",消防安全
根据据《中华人民共和国消防法》第六十条第一款第一项,据《中华人民共和国消防法》第六十条第一款第一项,"去除前缀""根据""",消防安全
依据《浙江省消防行政处罚裁量标准》第二十一条第(二)项,《浙江省消防行政处罚裁量标准》第二十一条第(二)项,"去除前缀""依据""",消防安全
依据《浙江省消防行政处罚裁量标准》第九条,《浙江省消防行政处罚裁量标准》第九条,"去除前缀""依据""",消防安全
依据《浙江省消防行政处罚裁量标准》第三条第三款,《浙江省消防行政处罚裁量标准》第三条第三款,"去除前缀""依据""",消防安全
依据《山东省消防条例》第七十三条,《山东省消防条例》第七十三条,"去除前缀""依据""",消防安全
依据《浙江省消防行政处罚裁量标准(一)》第六项,《浙江省消防行政处罚裁量标准(一)》第六项,"去除前缀""依据""",消防安全
依据《浙江省消防行政处罚裁量标准》第一条,《浙江省消防行政处罚裁量标准》第一条,"去除前缀""依据""",消防安全
依据《浙江省消防行政处罚裁量标准》第三条,《浙江省消防行政处罚裁量标准》第三条,"去除前缀""依据""",消防安全
《江苏省消防条例》第六十四条第一款及,《江苏省消防条例》第六十四条第一款,"截断后缀""及""",消防安全
根据《北京市消防安全责任监督管理法》第十八条第一款,《北京市消防安全责任监督管理法》第十八条第一款,"去除前缀""根据""",消防安全||安全生产
《北京市消防安全责任监督管理办法》第十八条第一款、,《北京市消防安全责任监督管理办法》第十八条第一款,"截断后缀""、""",消防安全||安全生产
《社会消防技术服务管理规定》第7号)第三十条之规定现决定给予安徽先河消防科技工程有限公司罚款,《社会消防技术服务管理规定》第7号)第三十条之规定,"截断后缀""现决定给予安徽先河消防科技工程有限公司罚...""",消防安全||建设工程
《北京市消防条例》第八十二条第一款第三项“建设工程的施工单位违反本条,《北京市消防条例》第八十二条第一款第三项,"截断后缀""“建设工程的施工单位违反本条""",消防安全||建设工程
《北京市消防条例》第八十二条第一款第四项“建设工程的施工单位违反本条,《北京市消防条例》第八十二条第一款第四项,"截断后缀""“建设工程的施工单位违反本条""",消防安全||建设工程
"《浙江省消防行政处罚裁量标准(试行)》第三十五条,决定给予湖州航天大酒店有限公司罚款",《浙江省消防行政处罚裁量标准(试行)》第三十五条,"截断后缀"",决定给予湖州航天大酒店有限公司罚款""",消防安全||治安管理
参照《河北省烟草专卖行政处罚自由裁量执行标准》11项,《河北省烟草专卖行政处罚自由裁量执行标准》,"去除前缀""参照""; 截断后缀""11项""",烟草
根据《中华人民共和国烟草专卖法实施条,《中华人民共和国烟草专卖法实施条,"去除前缀""根据""",烟草
《烟草广告管理暂行办法》第五条第一款的规定依据,《烟草广告管理暂行办法》第五条第一款的规定,"截断后缀""依据""",烟草
《中华人民共和国烟草专卖法》第三十二条和,《中华人民共和国烟草专卖法》第三十二条,"截断后缀""和""",烟草
根据《城镇燃气管理条例》第五十一条第一款,《城镇燃气管理条例》第五十一条第一款,"去除前缀""根据""",燃气安全
《城镇燃气管理条例(2016)》第四十六条第一款第七项;因违反本条,《城镇燃气管理条例(2016)》第四十六条第一款第七项,"截断后缀"";因违反本条""",燃气安全
《城镇燃气管理条例》第十八条第一款第五项的规定根据,《城镇燃气管理条例》第十八条第一款第五项的规定,"截断后缀""根据""",燃气安全
依据《城镇燃气管理条例》第四十六条第四项,《城镇燃气管理条例》第四十六条第四项,"去除前缀""依据""",燃气安全
依据《城镇燃气管理条例》第四十六条第五项的规定,《城镇燃气管理条例》第四十六条第五项的规定,"去除前缀""依据""",燃气安全
依据《城镇燃气管理条例》第四十六条第(五)项,《城镇燃气管理条例》第四十六条第(五)项,"去除前缀""依据""",燃气安全
依据《城镇燃气管理条例》第四十八条,《城镇燃气管理条例》第四十八条,"去除前缀""依据""",燃气安全
依据《城镇燃气管理条例》第五十三条,《城镇燃气管理条例》第五十三条,"去除前缀""依据""",燃气安全
《城镇燃气管理条例》第五十一条第一款违反本条,《城镇燃气管理条例》第五十一条第一款,"截断后缀""违反本条""",燃气安全
《城镇燃气管理条例》第五十一条第一款行政处罚决定:罚款,《城镇燃气管理条例》第五十一条第一款,"截断后缀""行政处罚决定:罚款""",燃气安全
《城镇燃气管理条例》第五十一条第一款:“违反本条,《城镇燃气管理条例》第五十一条第一款,"截断后缀"":“违反本条""",燃气安全
《城镇燃气管理条例》第三十四条和第三十七条、,《城镇燃气管理条例》第三十四条和第三十七条,"截断后缀""、""",燃气安全
《可燃气体检测报警器检定规程》第5.5条,《可燃气体检测报警器检定规程》,"截断后缀""第5.5条""",燃气安全
《城镇燃气管理条例》第五十二条“违反本条,《城镇燃气管理条例》第五十二条,"截断后缀""“违反本条""",燃气安全
《城镇燃气管理条例》第五十一条第二款:“违反本条,《城镇燃气管理条例》第五十一条第二款,"截断后缀"":“违反本条""",燃气安全
《四川燃气管理条例》第十五条三款,《四川燃气管理条例》第十五条,"截断后缀""三款""",燃气安全
依据《广西壮族自治区燃气管理条例》第四十条“违反本条例第十七条第二款第(一)、(二)、(四)项,《广西壮族自治区燃气管理条例》第四十条“违反本条例第十七条第二款第(一)、(二)、(四)项,"去除前缀""依据""",燃气安全
《城镇燃气管理条例》第四十八条(违反本条,《城镇燃气管理条例》第四十八条,"截断后缀""(违反本条""",燃气安全
《城镇燃气管理条例》第四十六条第六项“违反本条,《城镇燃气管理条例》第四十六条第六项,"截断后缀""“违反本条""",燃气安全
《城镇燃气管理条例》第四十六条第一款第五项的规定应当给予罚款,《城镇燃气管理条例》第四十六条第一款第五项的规定,"截断后缀""应当给予罚款""",燃气安全
依据《浙江省燃气管理条,《浙江省燃气管理条,"去除前缀""依据""",燃气安全
《广州市燃气管理办法（2015年修订版）》第三十九条、,《广州市燃气管理办法（2015年修订版）》第三十九条,"截断后缀""、""",燃气安全
《广西壮族自治区燃气管理条例》第十八条规定,《广西壮族自治区燃气管理条例》第十八条,"截断后缀""规定""",燃气安全
《石油化工可燃气体和有毒气体检测报警设计标准》第3.0.1条,《石油化工可燃气体和有毒气体检测报警设计标准》,"截断后缀""第3.0.1条""",燃气安全
依据《中华人民共和国特种设备安全法》第八十四条第一款第一项,《中华人民共和国特种设备安全法》第八十四条第一款第一项,"去除前缀""依据""",特种设备
《中华人民共和国特种设备安全法》第三十四条规定,《中华人民共和国特种设备安全法》第三十四条,"截断后缀""规定""",特种设备
《中华人民共和国特种设备安全法》第九十条第（一）项的规定处以罚款,《中华人民共和国特种设备安全法》第九十条第（一）项的规定,"截断后缀""处以罚款""",特种设备
《中华人民共和国特种设备安全法》第八十四条第(一)项责令停止使用有关特种设备,《中华人民共和国特种设备安全法》第八十四条第(一)项,"截断后缀""责令停止使用有关特种设备""",特种设备
《中华人民共和国特种设备安全法》第八十五条第一款第一、二项,《中华人民共和国特种设备安全法》第八十五条第一款,"截断后缀""第一、二项""",特种设备
《重庆市电梯安全管理办法》第五十条“违反本办法第二十一条规定,《重庆市电梯安全管理办法》第五十条“违反本办法第二十一条,"截断后缀""规定""",特种设备
《中华人民共和国特种设备安全法》第八十三条第（五）项和,《中华人民共和国特种设备安全法》第八十三条第（五）项,"截断后缀""和""",特种设备
《中华人民共和国特种设备安全法》第八十四条第(一)项、,《中华人民共和国特种设备安全法》第八十四条第(一)项,"截断后缀""、""",特种设备
《中华人民共和国特种设备安全法》第八十四条第(一)项依法给予行政处罚:罚款,《中华人民共和国特种设备安全法》第八十四条第(一)项,"截断后缀""依法给予行政处罚:罚款""",特种设备
《中华人民共和国特种设备安全法》第八十四条第(一)项对当事人作出如下行政处罚:罚款,《中华人民共和国特种设备安全法》第八十四条第(一)项,"截断后缀""对当事人作出如下行政处罚:罚款""",特种设备
《中华人民共和国特种设备安全法》第三十四条、三十六条,《中华人民共和国特种设备安全法》第三十四条,"截断后缀""、三十六条""",特种设备
《中华人民共和国特种设备安全法》第八十四条第<一>项,《中华人民共和国特种设备安全法》第八十四条第<一>,"截断后缀""项""",特种设备
《中华人民共和国特种设备安全法》第八十四条第(一)项规定,《中华人民共和国特种设备安全法》第八十四条第(一)项,"截断后缀""规定""",特种设备
《中华人民共和国特种设备安全法》第八十八条给予以下行政处罚:1、停止违法行为;2、处以罚款,《中华人民共和国特种设备安全法》第八十八条,"截断后缀""给予以下行政处罚:1、停止违法行为;2、...""",特种设备
《中华人民共和国特种设备安全法》第八十四条和,《中华人民共和国特种设备安全法》第八十四条,"截断后缀""和""",特种设备
"《中华人民共和国特种设备安全法》第四十条,",《中华人民共和国特种设备安全法》第四十条,"截断后缀"",""",特种设备
《中华人民共和国特种设备安全法》第四十四条第一款和,《中华人民共和国特种设备安全法》第四十四条第一款,"截断后缀""和""",特种设备
《中华人民共和国特种设备安全法》第三十三条规定,《中华人民共和国特种设备安全法》第三十三条,"截断后缀""规定""",特种设备
《中华人民共和国特种设备安全法》第四十条第一、三款,《中华人民共和国特种设备安全法》第四十条,"截断后缀""第一、三款""",特种设备
《中华人民共和国特种设备安全法》第三十三条依据,《中华人民共和国特种设备安全法》第三十三条,"截断后缀""依据""",特种设备
"《中华人民共和国特种设备安全法》第四十五条第二款,",《中华人民共和国特种设备安全法》第四十五条第二款,"截断后缀"",""",特种设备
依据《中华人民共和国特种设备安全法》第八十六条第一款第二项的规定,《中华人民共和国特种设备安全法》第八十六条第一款第二项的规定,"去除前缀""依据""",特种设备
依据《中华人民共和国特种设备安全法》第八十六条,《中华人民共和国特种设备安全法》第八十六条,"去除前缀""依据""",特种设备
依据《中华人民共和国特种设备安全法》第八十三条第一款第二项的规定,《中华人民共和国特种设备安全法》第八十三条第一款第二项的规定,"去除前缀""依据""",特种设备
依据《中华人民共和国特种设备安全法》第八十三条第一款第(六)项,《中华人民共和国特种设备安全法》第八十三条第一款第(六)项,"去除前缀""依据""",特种设备
依据《中华人民共和国特种设备安全法》第八十三条,《中华人民共和国特种设备安全法》第八十三条,"去除前缀""依据""",特种设备
根据《特种设备安全法》第八十四条第一款第一项,《特种设备安全法》第八十四条第一款第一项,"去除前缀""根据""",特种设备
"《中华人民共和国特种设备安全法》第三十二条第一款,",《中华人民共和国特种设备安全法》第三十二条第一款,"截断后缀"",""",特种设备
《中华人民共和国特种设备安全法》第三十二条的规定依据,《中华人民共和国特种设备安全法》第三十二条的规定,"截断后缀""依据""",特种设备
《中华人民共和国特种设备安全法》第四十条第三款和三十三条,《中华人民共和国特种设备安全法》第四十条第三款,"截断后缀""和三十三条""",特种设备
"《中华人民共和国特种设备安全法》第四十条第三款,",《中华人民共和国特种设备安全法》第四十条第三款,"截断后缀"",""",特种设备
《中华人民共和国特种设备安全法》第八十四条第（一）项罚款,《中华人民共和国特种设备安全法》第八十四条第（一）项,"截断后缀""罚款""",特种设备
《中华人民共和国特种设备安全法》第八十四条第（一）项和,《中华人民共和国特种设备安全法》第八十四条第（一）项,"截断后缀""和""",特种设备
"《中华人民共和国特种设备安全法》第八十四条第（一）项,",《中华人民共和国特种设备安全法》第八十四条第（一）项,"截断后缀"",""",特种设备
《中华人民共和国特种设备安全法》第八十四条第项,《中华人民共和国特种设备安全法》第八十四条,"截断后缀""第项""",特种设备
《中华人民共和国特种设备安全法》第八十四条第一项和,《中华人民共和国特种设备安全法》第八十四条第一项,"截断后缀""和""",特种设备
《中华人民共和国特种设备安全法》第八十四条第一项及,《中华人民共和国特种设备安全法》第八十四条第一项,"截断后缀""及""",特种设备
《中华人民共和国特种设备安全法》第十四条的规定依据,《中华人民共和国特种设备安全法》第十四条的规定,"截断后缀""依据""",特种设备
《中华人民共和国特种设备安全法》第七十四条和,《中华人民共和国特种设备安全法》第七十四条,"截断后缀""和""",特种设备
《中华人民共和国特种设备安全法》第十四、三十三条,《中华人民共和国特种设备安全法》,"截断后缀""第十四、三十三条""",特种设备
《中华人民共和国特种设备安全法》第十三条十四条,《中华人民共和国特种设备安全法》第十三条,"截断后缀""十四条""",特种设备
《中华人民共和国特种设备安全法》第85条第2款作出如下处罚:处罚款,《中华人民共和国特种设备安全法》第85条第2款,"截断后缀""作出如下处罚:处罚款""",特种设备
《中华人民共和国特种设备安全法》第85条第1款作出如下处罚:处罚款,《中华人民共和国特种设备安全法》第85条第1款,"截断后缀""作出如下处罚:处罚款""",特种设备
《中华人民共和国特种设备安全法》九十条,《中华人民共和国特种设备安全法》,"截断后缀""九十条""",特种设备
根据《中华人民共和国特种设备安全法》第六十一条,《中华人民共和国特种设备安全法》第六十一条,"去除前缀""根据""",特种设备
根据《中华人民共和国特种设备安全法》第八十三条规定应予处罚,《中华人民共和国特种设备安全法》第八十三条,"去除前缀""根据""; 截断后缀""规定应予处罚""",特种设备
《中国人民共和国特种设备安全法》第八十八条第二款项,《中国人民共和国特种设备安全法》第八十八条第二款,"截断后缀""项""",特种设备
根据《中华人民共和国特种设备安全法》第八十三条,《中华人民共和国特种设备安全法》第八十三条,"去除前缀""根据""",特种设备
《安徽省电梯安全管理办法》第三十四条第一项之规定责令当事人改正违法行为没收违法所得并处罚款,《安徽省电梯安全管理办法》第三十四条第一项之规定,"截断后缀""责令当事人改正违法行为没收违法所得并处罚...""",特种设备
《TSG特种设备安全技术规范TSG11-2020(锅炉安全技术规程)》第8.9条,《TSG特种设备安全技术规范TSG11-2020(锅炉安全技术规程)》,"截断后缀""第8.9条""",特种设备
"《广州市质量技术监督局行政处罚自由裁量权量化细化基准表（特种设备）》第十六条第（三）项,",《广州市质量技术监督局行政处罚自由裁量权量化细化基准表（特种设备）》第十六条第（三）项,"截断后缀"",""",特种设备
《江苏省特种设备安全条例》第二十三条第二款条,《江苏省特种设备安全条例》第二十三条第二款,"截断后缀""条""",特种设备
依据《特种设备安全法》第88条,《特种设备安全法》第88条,"去除前缀""依据""",特种设备
依据《特种设备安全法》第八十四条第(一)项,《特种设备安全法》第八十四条第(一)项,"去除前缀""依据""",特种设备
依据《特种设备安全法》第八十四条第一项的规定,《特种设备安全法》第八十四条第一项的规定,"去除前缀""依据""",特种设备
依据《特种设备作业人员监督管理办法》第三十一条第一款第（二）项,《特种设备作业人员监督管理办法》第三十一条第一款第（二）项,"去除前缀""依据""",特种设备
《电梯定期检验报告》第22项的“检验项,《电梯定期检验报告》第22项,"截断后缀""的“检验项""",特种设备
《电梯维护保养规则》第六条第一款“电梯的维保项,《电梯维护保养规则》第六条第一款,"截断后缀""“电梯的维保项""",特种设备
《电梯维护保养规则》第六条第一款:“电梯的维保项,《电梯维护保养规则》第六条第一款,"截断后缀"":“电梯的维保项""",特种设备
《电梯维护保养规则》第六条、第七条的规定以及附件A（曳引与强制驱动电梯维护保养项,《电梯维护保养规则》第六条、第七条的规定,"截断后缀""以及附件A（曳引与强制驱动电梯维护保养项""",特种设备
《特种设备安全法》第二十五条;,《特种设备安全法》第二十五条,"截断后缀"";""",特种设备
《特种设备安全法》第三十二条、三十三条,《特种设备安全法》第三十二条,"截断后缀""、三十三条""",特种设备
《特种设备安全法》第三十二、三十三条,《特种设备安全法》,"截断后缀""第三十二、三十三条""",特种设备
《特种设备安全法》第四十规定,《特种设备安全法》,"截断后缀""第四十规定""",特种设备
《特种设备安全法》第四十九条规定,《特种设备安全法》第四十九条,"截断后缀""规定""",特种设备
"《特种设备作业人员监督管理办法》第二十一条第（三）项,",《特种设备作业人员监督管理办法》第二十一条第（三）项,"截断后缀"",""",特种设备
《特种设备安全法》第40条第1、3款,《特种设备安全法》第40条,"截断后缀""第1、3款""",特种设备
根据《西安市建筑垃圾管理条例》第六十一条,《西安市建筑垃圾管理条例》第六十一条,"去除前缀""根据""",环境保护
根据《西安市建筑垃圾管理条例》第五十四条,《西安市建筑垃圾管理条例》第五十四条,"去除前缀""根据""",环境保护
依据《城市绿化条例》第二十七条,《城市绿化条例》第二十七条,"去除前缀""依据""",环境保护
根据《西安市建筑垃圾管理条例》第六十条第一款,《西安市建筑垃圾管理条例》第六十条第一款,"去除前缀""根据""",环境保护
依据《建设项目环境保护管理条例》第二十三条第一款,《建设项目环境保护管理条例》第二十三条第一款,"去除前缀""依据""",环境保护
依据《排污许可管理条例》第三十七条第三项,《排污许可管理条例》第三十七条第三项,"去除前缀""依据""",环境保护
依据《排污许可管理条例》第三十六条第五项,《排污许可管理条例》第三十六条第五项,"去除前缀""依据""",环境保护
依据《杭州市城市市容和环境卫生管理条例》第五十一条第二款,《杭州市城市市容和环境卫生管理条例》第五十一条第二款,"去除前缀""依据""",环境保护
依据《杭州市城市市容和环境卫生管理条例》第五十条第四款,《杭州市城市市容和环境卫生管理条例》第五十条第四款,"去除前缀""依据""",环境保护
根据《贵州省环境噪声污染防治条例》第五十七条,《贵州省环境噪声污染防治条例》第五十七条,"去除前缀""根据""",环境保护
依据《杭州市环境噪声管理条例》第四十一条第一款第（六）项,《杭州市环境噪声管理条例》第四十一条第一款第（六）项,"去除前缀""依据""",环境保护
根据《西安市建筑垃圾管理条例》第六十条第三款,《西安市建筑垃圾管理条例》第六十条第三款,"去除前缀""根据""",环境保护
根据《西安市建筑垃圾管理条例》第六十条,《西安市建筑垃圾管理条例》第六十条,"去除前缀""根据""",环境保护
依据《江苏省城市市容和环境卫生条例》第五十一条第一款第(九)项,《江苏省城市市容和环境卫生条例》第五十一条第一款第(九)项,"去除前缀""依据""",环境保护
依据《浙江省固体废物污染环境防治条例》第六十三条第一款,《浙江省固体废物污染环境防治条例》第六十三条第一款,"去除前缀""依据""",环境保护
依据《河北省扬尘污染防治办法》第四十条的规定,《河北省扬尘污染防治办法》第四十条的规定,"去除前缀""依据""",环境保护
依据《乐山市扬尘污染防治条例》第32条之规定,《乐山市扬尘污染防治条例》第32条之规定,"去除前缀""依据""",环境保护
依据《乐山市扬尘污染防治条例》第32条,《乐山市扬尘污染防治条例》第32条,"去除前缀""依据""",环境保护
依据《深圳经济特区环境噪声污染防治条例(2020年修正版)》第七十七条第一款第(三)项,《深圳经济特区环境噪声污染防治条例(2020年修正版)》第七十七条第一款第(三)项,"去除前缀""依据""",环境保护
依据《深圳经济特区环境噪声污染防治条例(2020年修正版)》第七十七条第一款第四项,《深圳经济特区环境噪声污染防治条例(2020年修正版)》第七十七条第一款第四项,"去除前缀""依据""",环境保护
依据《江苏省大气污染防治条例》第九十四条,《江苏省大气污染防治条例》第九十四条,"去除前缀""依据""",环境保护
根据《西安市建筑垃圾管理条例》第五十三条,《西安市建筑垃圾管理条例》第五十三条,"去除前缀""根据""",环境保护
依据《河北省生态环境保护条例》第七十四条,《河北省生态环境保护条例》第七十四条,"去除前缀""依据""",环境保护
依据《浙江省城市绿化管理办法》第三十一条的规定,《浙江省城市绿化管理办法》第三十一条的规定,"去除前缀""依据""",环境保护
依据《浙江省城市绿化管理办法》第三十条第一款第(一)项的规定,《浙江省城市绿化管理办法》第三十条第一款第(一)项的规定,"去除前缀""依据""",环境保护
依据《浙江省大气污染防治条例》第六十一条,《浙江省大气污染防治条例》第六十一条,"去除前缀""依据""",环境保护
根据《西安市建筑垃圾管理条例》第五十三条第一款,《西安市建筑垃圾管理条例》第五十三条第一款,"去除前缀""根据""",环境保护
根据《黑龙江省大气污染防治条例》第八十六条第二款,《黑龙江省大气污染防治条例》第八十六条第二款,"去除前缀""根据""",环境保护
依据《建设项目环境保护管理条例》第二十七条规定,《建设项目环境保护管理条例》第二十七条,"去除前缀""依据""; 截断后缀""规定""",环境保护
依据《安徽省大气污染防治条例》第八十九条,《安徽省大气污染防治条例》第八十九条,"去除前缀""依据""",环境保护
依据《山东省大气污染防治条例》第七十二条第一款第一项,《山东省大气污染防治条例》第七十二条第一款第一项,"去除前缀""依据""",环境保护
依据《山东省环境噪声污染防治条,《山东省环境噪声污染防治条,"去除前缀""依据""",环境保护
依据《山东省环境噪声污染防治条例》第三十七条,《山东省环境噪声污染防治条例》第三十七条,"去除前缀""依据""",环境保护
依据《山东省环境噪声污染防治条例》第三十七条之规定,《山东省环境噪声污染防治条例》第三十七条之规定,"去除前缀""依据""",环境保护
依据《宁波市建筑垃圾管理条例》第五十三条,《宁波市建筑垃圾管理条例》第五十三条,"去除前缀""依据""",环境保护
《江苏省环境噪声污染防治条例》第四十条第（二）项罚款,《江苏省环境噪声污染防治条例》第四十条第（二）项,"截断后缀""罚款""",环境保护
依据《天津市大气污染防治条例》第八十八条第一款,《天津市大气污染防治条例》第八十八条第一款,"去除前缀""依据""",环境保护
依据《城镇污水排入排水管网许可管理办法》第二十六条,《城镇污水排入排水管网许可管理办法》第二十六条,"去除前缀""依据""",环境保护
依据《城市市容和环境卫生管理条例》第三十六条第(一)项,《城市市容和环境卫生管理条例》第三十六条第(一)项,"去除前缀""依据""",环境保护
《兰州市城市生活垃圾分类管理办法》第十九条第一款二项,《兰州市城市生活垃圾分类管理办法》第十九条第一款,"截断后缀""二项""",环境保护
依据《四川省环境保护条例》第八十七条第四款,《四川省环境保护条例》第八十七条第四款,"去除前缀""依据""",环境保护
依据《城镇排水与污水处理条例》第五十三条,《城镇排水与污水处理条例》第五十三条,"去除前缀""依据""",环境保护
依据《城镇排水与污水处理条例》第五十条第一款,《城镇排水与污水处理条例》第五十条第一款,"去除前缀""依据""",环境保护
依据《城镇排水与污水处理条例》第五十条第二款,《城镇排水与污水处理条例》第五十条第二款,"去除前缀""依据""",环境保护
依据《城镇排水与污水处理条例》第五十条第二款的规定,《城镇排水与污水处理条例》第五十条第二款的规定,"去除前缀""依据""",环境保护
依据《城镇排水和污水处理条例》第五十条第一款,《城镇排水和污水处理条例》第五十条第一款,"去除前缀""依据""",环境保护
依据《大气污染防治法》第一百一十五条,《大气污染防治法》第一百一十五条,"去除前缀""依据""",环境保护
《河北省大气污染防治条例》第三十八条第二款第三、四项,《河北省大气污染防治条例》第三十八条第二款,"截断后缀""第三、四项""",环境保护
符合《环境行政处罚办法》第二十二条的立案条,符合《环境行政处罚办法》第二十二条,"截断后缀""的立案条""",环境保护
依据《北京市大气污染防治条例》第一百零九条,《北京市大气污染防治条例》第一百零九条,"去除前缀""依据""",环境保护
依据《北京市大气污染防治条例》第一百一十六条的规定,《北京市大气污染防治条例》第一百一十六条的规定,"去除前缀""依据""",环境保护
依据《北京市大气污染防治条例》一百零八条第一款,《北京市大气污染防治条例》一百零八条第一款,"去除前缀""依据""",环境保护
依据《北京市大气污染防治条,《北京市大气污染防治条,"去除前缀""依据""",环境保护
依据《北京市大气污染防治条,《北京市大气污染防治条,"去除前缀""依据""",环境保护
根据《贵州省环境噪音污染防治条例》第五十七条,《贵州省环境噪音污染防治条例》第五十七条,"去除前缀""根据""",环境保护
依据《广东省环境保护条例》第七十三条第二款,《广东省环境保护条例》第七十三条第二款,"去除前缀""依据""",环境保护
依据《北京市大气污染防治条例》第一百零九条的规定,《北京市大气污染防治条例》第一百零九条的规定,"去除前缀""依据""",环境保护
符合《环境行政处罚办法》第二十二条规定的立案条,符合《环境行政处罚办法》第二十二条,"截断后缀""规定的立案条""",环境保护
依据《兰州市建筑垃圾管理办法》第十六条第一项,《兰州市建筑垃圾管理办法》第十六条第一项,"去除前缀""依据""",环境保护
依据《北京市大气污染防治条例》第九十四条,《北京市大气污染防治条例》第九十四条,"去除前缀""依据""",环境保护
依据《北京市环境噪声污染防治办法》第三十六条的规定,《北京市环境噪声污染防治办法》第三十六条的规定,"去除前缀""依据""",环境保护
依据《北京市水污染防治条例》第八十三条第一款第(十)项和第二款,《北京市水污染防治条例》第八十三条第一款第(十)项和第二款,"去除前缀""依据""",环境保护
依据《北京市建筑垃圾处置管理规定》第四十三条,《北京市建筑垃圾处置管理规定》第四十三条,"去除前缀""依据""",环境保护
依据《北京市市容环境卫生条例》第六十四条第四款,《北京市市容环境卫生条例》第六十四条第四款,"去除前缀""依据""",环境保护
依据《北京市市容环境卫生条例》第五十九条第四款,《北京市市容环境卫生条例》第五十九条第四款,"去除前缀""依据""",环境保护
依据《北京市市容环境卫生条例》第三十五条第五款,《北京市市容环境卫生条例》第三十五条第五款,"去除前缀""依据""",环境保护
依据《北京市大气污染防治条例》第九十七条,《北京市大气污染防治条例》第九十七条,"去除前缀""依据""",环境保护
根据《安徽省大气污染防治条例》第九十条第一款之规定,《安徽省大气污染防治条例》第九十条第一款之规定,"去除前缀""根据""",环境保护
根据《沈阳市城市市容和环境卫生管理条,《沈阳市城市市容和环境卫生管理条,"去除前缀""根据""",环境保护
根据《江苏省大气污染防治条例》第五十六条第二款,《江苏省大气污染防治条例》第五十六条第二款,"去除前缀""根据""",环境保护
根据《江苏省大气污染防治条例》第九十四条第二项,《江苏省大气污染防治条例》第九十四条第二项,"去除前缀""根据""",环境保护
《江苏省内河水域船舶污染防治条例》第十二条第一款、,《江苏省内河水域船舶污染防治条例》第十二条第一款,"截断后缀""、""",环境保护
根据《杭州市环境噪声管理管理条例》第四十一条第一款第(六)项,《杭州市环境噪声管理管理条例》第四十一条第一款第(六)项,"去除前缀""根据""",环境保护
根据《宁波市大气污染防治条例》第五十三条第(二)项,《宁波市大气污染防治条例》第五十三条第(二)项,"去除前缀""根据""",环境保护
根据《杭州市环境噪声管理条例》第四十一条第一款第(六)项,《杭州市环境噪声管理条例》第四十一条第一款第(六)项,"去除前缀""根据""",环境保护
根据《排污许可管理条例》第三十四条第一项,《排污许可管理条例》第三十四条第一项,"去除前缀""根据""",环境保护
《泉州市市容和环境卫生管理办法》第二十五条第一款第〔一〕项,《泉州市市容和环境卫生管理办法》第二十五条第一款,"截断后缀""第〔一〕项""",环境保护
根据《建设项目环境保护管理条例》第二十三条第一款,《建设项目环境保护管理条例》第二十三条第一款,"去除前缀""根据""",环境保护
根据《广东省大气污染防治条例》第八十四条,《广东省大气污染防治条例》第八十四条,"去除前缀""根据""",环境保护
根据《杭州市环境噪声管理条例》第四十一条第(六)项,《杭州市环境噪声管理条例》第四十一条第(六)项,"去除前缀""根据""",环境保护
根据《大气污染防治条例》第三十八条,《大气污染防治条例》第三十八条,"去除前缀""根据""",环境保护
根据《城镇排水与污水处理条例》第四十九条,《城镇排水与污水处理条例》第四十九条,"去除前缀""根据""",环境保护
《江苏省内河水域船舶污染防治条例》第二十八条第二款、,《江苏省内河水域船舶污染防治条例》第二十八条第二款,"截断后缀""、""",环境保护
《江苏省城市市容和环境卫生管理条例》第二十二条的规定：依据,《江苏省城市市容和环境卫生管理条例》第二十二条的规定,"截断后缀""：依据""",环境保护
《江苏省城市市容和环境卫生条例》第二十九条规定,《江苏省城市市容和环境卫生条例》第二十九条,"截断后缀""规定""",环境保护
根据《兰州市城市市容和环境卫生管理办法》第三十二条的规定,《兰州市城市市容和环境卫生管理办法》第三十二条的规定,"去除前缀""根据""",环境保护
根据《北京市大气污染防治条,《北京市大气污染防治条,"去除前缀""根据""",环境保护
根据《北京市大气污染防治条例》第一百零五条第二项,《北京市大气污染防治条例》第一百零五条第二项,"去除前缀""根据""",环境保护
根据《北京市建筑垃圾处置管理规定》第四十条第二款,《北京市建筑垃圾处置管理规定》第四十条第二款,"去除前缀""根据""",环境保护
根据《北京市排水和再生水管理办法》第三十八条第(一)项,《北京市排水和再生水管理办法》第三十八条第(一)项,"去除前缀""根据""",环境保护
根据《北京市水污染防治条例》第八十三条第一款第十项和第二款,《北京市水污染防治条例》第八十三条第一款第十项和第二款,"去除前缀""根据""",环境保护
根据《取水许可和水资源费征收管理条,《取水许可和水资源费征收管理条,"去除前缀""根据""",环境保护
根据《城镇排水与污水处理条例》第五十六条,《城镇排水与污水处理条例》第五十六条,"去除前缀""根据""",环境保护
根据《城镇排水与污水处理条例》第五十条第二款,《城镇排水与污水处理条例》第五十条第二款,"去除前缀""根据""",环境保护
根据《浙江省城市绿化管理办法》第三十一条,《浙江省城市绿化管理办法》第三十一条,"去除前缀""根据""",环境保护
根据《安徽省大气污染防治条例》第八十五条,《安徽省大气污染防治条例》第八十五条,"去除前缀""根据""",环境保护
《河南省建设项目环境保护条例》第九条：依据,《河南省建设项目环境保护条例》第九条,"截断后缀""：依据""",环境保护
根据《宁波市环境污染防治规定》第三十条第(一)项,《宁波市环境污染防治规定》第三十条第(一)项,"去除前缀""根据""",环境保护
根据《安徽省大气污染防治条例》第九十条第一款,《安徽省大气污染防治条例》第九十条第一款,"去除前缀""根据""",环境保护
根据《安徽省大气污染防治条,《安徽省大气污染防治条,"去除前缀""根据""",环境保护
"《河北省扬尘污染防治办法》第十一条、第十二条,",《河北省扬尘污染防治办法》第十一条、第十二条,"截断后缀"",""",环境保护
根据《山东省环境保护条例》第五十条,《山东省环境保护条例》第五十条,"去除前缀""根据""",环境保护
根据《山东省大气污染防治条例》第七十五条,《山东省大气污染防治条例》第七十五条,"去除前缀""根据""",环境保护
根据《山东省城镇容貌和环境卫生管理办法》第五十一条,《山东省城镇容貌和环境卫生管理办法》第五十一条,"去除前缀""根据""",环境保护
根据《宜春市城市市容和环境卫生管理条例》第四十三条的规定,《宜春市城市市容和环境卫生管理条例》第四十三条的规定,"去除前缀""根据""",环境保护
根据《宜春市城市市容和环境卫生管理条例》第三十一条的规定,《宜春市城市市容和环境卫生管理条例》第三十一条的规定,"去除前缀""根据""",环境保护
根据《海南省大气污染防治条例》第五十七条第二款,《海南省大气污染防治条例》第五十七条第二款,"去除前缀""根据""",环境保护
依照《中华人民共和国水污染防治法》第八十三条,《中华人民共和国水污染防治法》第八十三条,"去除前缀""依照""",环境保护
依照《中华人民共和国水污染防治法》第八十二条第二款,《中华人民共和国水污染防治法》第八十二条第二款,"去除前缀""依照""",环境保护
根据《西安市城市市容和环境卫生管理条例》第五十一条第六项,《西安市城市市容和环境卫生管理条例》第五十一条第六项,"去除前缀""根据""",环境保护
按照《中华人民共和国环境影响评价法》第三十一条,《中华人民共和国环境影响评价法》第三十一条,"去除前缀""按照""",环境保护
根据《东营市城镇容貌和环境卫生管理条例》第30条,《东营市城镇容貌和环境卫生管理条例》第30条,"去除前缀""根据""",环境保护
依据《郑州市城市市容和环境卫生管理条例》第四十八条第(十)项,《郑州市城市市容和环境卫生管理条例》第四十八条第(十)项,"去除前缀""依据""",环境保护
《中华人民共和国大气污染》第一百一十五条罚款,《中华人民共和国大气污染》第一百一十五条,"截断后缀""罚款""",环境保护
根据《中华人民共和国大气污染防治法》第一百一十五条,《中华人民共和国大气污染防治法》第一百一十五条,"去除前缀""根据""",环境保护
根据《中华人民共和国大气污染防治法》第一百零八条第(一)项,《中华人民共和国大气污染防治法》第一百零八条第(一)项,"去除前缀""根据""",环境保护
根据《中华人民共和国大气污染防治法》第一百零八条第一项,《中华人民共和国大气污染防治法》第一百零八条第一项,"去除前缀""根据""",环境保护
根据《中华人民共和国大气污染防治法》第九十九条第二项,《中华人民共和国大气污染防治法》第九十九条第二项,"去除前缀""根据""",环境保护
根据《中华人民共和国森林法》第七十三条,《中华人民共和国森林法》第七十三条,"去除前缀""根据""",环境保护
依据《邢台市工业企业大气污染防治条例》第二十五条,《邢台市工业企业大气污染防治条例》第二十五条,"去除前缀""依据""",环境保护
《江苏省环境噪声污染防治条例》第三十一条第一、二款,《江苏省环境噪声污染防治条例》第三十一条,"截断后缀""第一、二款""",环境保护
依据《温州市市容和环境卫生管理条,《温州市市容和环境卫生管理条,"去除前缀""依据""",环境保护
依据《温州市市容和环境卫生管理条例》第五十条第一款,《温州市市容和环境卫生管理条例》第五十条第一款,"去除前缀""依据""",环境保护
依据《环境行政处罚办法》第二十二条,《环境行政处罚办法》第二十二条,"去除前缀""依据""",环境保护
依据《绍兴市市容和环境卫生管理规定》第二十三条,《绍兴市市容和环境卫生管理规定》第二十三条,"去除前缀""依据""",环境保护
依据《聊城市大气污染防治条例》第八十四条,《聊城市大气污染防治条例》第八十四条,"去除前缀""依据""",环境保护
依据《西安市建筑垃圾管理条例》第五十三条第一款,《西安市建筑垃圾管理条例》第五十三条第一款,"去除前缀""依据""",环境保护
依据《西安市建筑垃圾管理条例》第六十条条第三款,《西安市建筑垃圾管理条例》第六十条条第三款,"去除前缀""依据""",环境保护
《中华人民共和国水土保持法》第二十八条依法应当编制水土保持方案的生产建设项,《中华人民共和国水土保持法》第二十八条,"截断后缀""依法应当编制水土保持方案的生产建设项""",环境保护
根据《中华人民共和国森林法》第七十三条第一款,《中华人民共和国森林法》第七十三条第一款,"去除前缀""根据""",环境保护
根据《中华人民共和国森林法》第七十四条第一款,《中华人民共和国森林法》第七十四条第一款,"去除前缀""根据""",环境保护
根据《中华人民共和国森林法实施条,《中华人民共和国森林法实施条,"去除前缀""根据""",环境保护
根据《福建省环境保护条例》第四十二条,《福建省环境保护条例》第四十二条,"去除前缀""根据""",环境保护
《江苏省城市市容和环境卫生管理条例》第五十条第（六）项罚款,《江苏省城市市容和环境卫生管理条例》第五十条第（六）项,"截断后缀""罚款""",环境保护
根据《福建省大气污染防治条例》第七十三条第一项,《福建省大气污染防治条例》第七十三条第一项,"去除前缀""根据""",环境保护
《江苏省城市市容和环境卫生管理条例》第五十条第（二）项规定：违反本条,《江苏省城市市容和环境卫生管理条例》第五十条第（二）项,"截断后缀""规定：违反本条""",环境保护
《江苏省城市市容和环境卫生管理条例》第五十一条第（八）项之规定:违反本条,《江苏省城市市容和环境卫生管理条例》第五十一条第（八）项之规定,"截断后缀"":违反本条""",环境保护
根据《焦作市大气污染防治条例》第三十八条,《焦作市大气污染防治条例》第三十八条,"去除前缀""根据""",环境保护
根据《湖北省城市市容和环境卫生管理条例》第十五条,《湖北省城市市容和环境卫生管理条例》第十五条,"去除前缀""根据""",环境保护
根据《深圳经济特区市容和环境卫生管理条例》第十八条第二款,《深圳经济特区市容和环境卫生管理条例》第十八条第二款,"去除前缀""根据""",环境保护
根据《海南省环境保护条例》第六十六条第一项,《海南省环境保护条例》第六十六条第一项,"去除前缀""根据""",环境保护
根据《福建省生态环境保护条例》第六十六第一款,《福建省生态环境保护条例》第六十六第一款,"去除前缀""根据""",环境保护
根据《中华人民共和国水污染防治法》第八十三条第(三)项,《中华人民共和国水污染防治法》第八十三条第(三)项,"去除前缀""根据""",环境保护
根据《中华人民共和国水污染防治法》第八十三条第(二)项,《中华人民共和国水污染防治法》第八十三条第(二)项,"去除前缀""根据""",环境保护
根据《西安市城市市容和环境卫生管理条,《西安市城市市容和环境卫生管理条,"去除前缀""根据""",环境保护
根据《绍兴市市容和环境卫生管理规定》第二十三条第二款的规定,《绍兴市市容和环境卫生管理规定》第二十三条第二款的规定,"去除前缀""根据""",环境保护
根据《中华人民共和国水污染防治法》第八十三条第二项,《中华人民共和国水污染防治法》第八十三条第二项,"去除前缀""根据""",环境保护
根据《中华人民共和国水污染防治法》第八十三条第四项,《中华人民共和国水污染防治法》第八十三条第四项,"去除前缀""根据""",环境保护
《江苏省大气污染防治条例》第五十六条第二款规定,《江苏省大气污染防治条例》第五十六条第二款,"截断后缀""规定""",环境保护
依据《杭州市环境噪声管理条例》第四十一条第一款第(六)项,《杭州市环境噪声管理条例》第四十一条第一款第(六)项,"去除前缀""依据""",环境保护
"《上海市森林管理规定》第十八条,",《上海市森林管理规定》第十八条,"截断后缀"",""",环境保护
"《苏州市建筑施工噪声污染防治管理规定》第十九条第一款,",《苏州市建筑施工噪声污染防治管理规定》第十九条第一款,"截断后缀"",""",环境保护
《环评法》第二十五条和,《环评法》第二十五条,"截断后缀""和""",环境保护
《福建省生态环境保护条例》第四十九条第二款规定,《福建省生态环境保护条例》第四十九条第二款,"截断后缀""规定""",环境保护
《福建省环境保护行政处罚自由裁量权细化标准(修订)》第二类14条,《福建省环境保护行政处罚自由裁量权细化标准(修订)》,"截断后缀""第二类14条""",环境保护
《福建省环境保护条例》第二十四条第二款规定,《福建省环境保护条例》第二十四条第二款,"截断后缀""规定""",环境保护
《绍兴市市容和环境卫生管理规定》第二十三条第二款“违反前款,《绍兴市市容和环境卫生管理规定》第二十三条第二款,"截断后缀""“违反前款""",环境保护
《给排水设计说明》第七.2条,《给排水设计说明》,"截断后缀""第七.2条""",环境保护
《浙江省生态环境行政处罚裁量基准规定》第十一条第(四)项的情形,《浙江省生态环境行政处罚裁量基准规定》第十一条第(四)项,"截断后缀""的情形""",环境保护
"《建设项目环境保护管理条例》第二十三条之规定,经研究,我局决定给予你公司罚款",《建设项目环境保护管理条例》第二十三条之规定,"截断后缀"",经研究,我局决定给予你公司罚款""",环境保护
《建设项目环境保护管理条例》第二十三条关于“违反本条,《建设项目环境保护管理条例》第二十三条,"截断后缀""关于“违反本条""",环境保护
《建设项目环境保护管理条例》第十六条“建设项,《建设项目环境保护管理条例》第十六条,"截断后缀""“建设项""",环境保护
《武汉市市容环境卫生管理条例》第三十条第一、二款,《武汉市市容环境卫生管理条例》第三十条,"截断后缀""第一、二款""",环境保护
《西宁市大气污染防治条例》第六十八条规定处于伍仟圆罚款,《西宁市大气污染防治条例》第六十八条,"截断后缀""规定处于伍仟圆罚款""",环境保护
《贵州省环境保护条例》第五十四条第二项：建设项,《贵州省环境保护条例》第五十四条第二项,"截断后缀""：建设项""",环境保护
《贵州省环境保护条例》第五十七条:违反本条例第十八条第二款规定的,《贵州省环境保护条例》第五十七条:违反本条例第十八条第二款,"截断后缀""规定的""",环境保护
《西安市建筑垃圾管理条例》第十九条第一项根据,《西安市建筑垃圾管理条例》第十九条第一项,"截断后缀""根据""",环境保护
《温州市建筑施工噪声污染防治管理办法》第十七条行政处罚决定:罚款,《温州市建筑施工噪声污染防治管理办法》第十七条,"截断后缀""行政处罚决定:罚款""",环境保护
《温州市建筑施工噪声污染防治管理办法》第十七条行政处罚决定:罚款,《温州市建筑施工噪声污染防治管理办法》第十七条,"截断后缀""行政处罚决定:罚款""",环境保护
"《温州市建筑施工噪声污染防治管理办法》第八条第一款,",《温州市建筑施工噪声污染防治管理办法》第八条第一款,"截断后缀"",""",环境保护
《温州市综合执法常见违法行为行政处罚自由裁量权行使标准》第34条:“运输单位未经核准擅自处置建筑垃圾5立方米以内罚款5000元,《温州市综合执法常见违法行为行政处罚自由裁量权行使标准》第34条,"截断后缀"":“运输单位未经核准擅自处置建筑垃圾5立...""",环境保护
"《温州市市容和环境卫生管理条例》第五十条第一款,作出如下行政处罚：1、处以罚款",《温州市市容和环境卫生管理条例》第五十条第一款,"截断后缀"",作出如下行政处罚：1、处以罚款""",环境保护
《温州市市容和环境卫生管理条例》第五十条之规定行政处罚决定:罚款,《温州市市容和环境卫生管理条例》第五十条之规定,"截断后缀""行政处罚决定:罚款""",环境保护
《温州市市容和环境卫生管理条例》第二十三条第一款的规定行政处罚种类:罚款,《温州市市容和环境卫生管理条例》第二十三条第一款的规定,"截断后缀""行政处罚种类:罚款""",环境保护
"《温州市市容和环境卫生管理条例》第二十三条第一款,",《温州市市容和环境卫生管理条例》第二十三条第一款,"截断后缀"",""",环境保护
《深圳经济特区环境噪声污染防治条例》第七十七条第一款第(四)项:“违反本条,《深圳经济特区环境噪声污染防治条例》第七十七条第一款第(四)项,"截断后缀"":“违反本条""",环境保护
《深圳经济特区环境噪声污染防治条例》第七十八条第一款第（三）项“违反本条,《深圳经济特区环境噪声污染防治条例》第七十八条第一款第（三）项,"截断后缀""“违反本条""",环境保护
《深圳经济特区环境噪声污染防治条例》第七十八条第一款第（三）项及第二款的有关规定：“违反本条,《深圳经济特区环境噪声污染防治条例》第七十八条第一款第（三）项及第二款,"截断后缀""的有关规定：“违反本条""",环境保护
《深圳经济特区环境噪声污染防治条例》第七十八条第一款第（三）项：“违反本条,《深圳经济特区环境噪声污染防治条例》第七十八条第一款第（三）项,"截断后缀""：“违反本条""",环境保护
《深圳经济特区环境噪声污染防治条例》第七十八条第一款第（四）项、第二款：违反本条,《深圳经济特区环境噪声污染防治条例》第七十八条第一款第（四）项、第二款,"截断后缀""：违反本条""",环境保护
《深圳经济特区环境噪声污染防治条例》第八十五条第一款第六、七项:“本条,《深圳经济特区环境噪声污染防治条例》第八十五条第一款,"截断后缀""第六、七项:“本条""",环境保护
《深圳经济特区环境噪声污染防治条例》第七十八条第一款第（四）项：“违反本条,《深圳经济特区环境噪声污染防治条例》第七十八条第一款第（四）项,"截断后缀""：“违反本条""",环境保护
《深圳经济特区环境噪声污染防治条例》第二十九条第一款:“具有本条例第二十八条第一款第一、二项,《深圳经济特区环境噪声污染防治条例》第二十九条第一款:“具有本条例第二十八条第一款,"截断后缀""第一、二项""",环境保护
《深圳经济特区市容和环境卫生管理条例》第二十六条第二款和,《深圳经济特区市容和环境卫生管理条例》第二十六条第二款,"截断后缀""和""",环境保护
《福建省大气污染防治条例》第二十四条的第一款和,《福建省大气污染防治条例》第二十四条的第一款,"截断后缀""和""",环境保护
《海南省大气污染防治法》第五十七条第二款规定处罚决定:罚款,《海南省大气污染防治法》第五十七条第二款,"截断后缀""规定处罚决定:罚款""",环境保护
《海南省城乡容貌和环境卫生管理条例》第二十六条第一款处罚决定:罚款,《海南省城乡容貌和环境卫生管理条例》第二十六条第一款,"截断后缀""处罚决定:罚款""",环境保护
《监测报告》第183号）显示：污水站西面水坑样品化学需氧量、总磷、悬浮物项,《监测报告》第183号,"截断后缀""）显示：污水站西面水坑样品化学需氧量、总...""",环境保护
《海南经济特区林地管理条例》第三十一条之规定条,《海南经济特区林地管理条例》第三十一条之规定,"截断后缀""条""",环境保护
《福州市市容和环境卫生管理办法》第十条、,《福州市市容和环境卫生管理办法》第十条,"截断后缀""、""",环境保护
《福建省大气污染防治条例》第七十二条第二项“违反本条,《福建省大气污染防治条例》第七十二条第二项,"截断后缀""“违反本条""",环境保护
《福建省大气污染防治条例》第七十二条第二款：“违反本条,《福建省大气污染防治条例》第七十二条第二款,"截断后缀""：“违反本条""",环境保护
《福建省大气污染防治条例》第七十二条的规定：“违反本条,《福建省大气污染防治条例》第七十二条的规定,"截断后缀""：“违反本条""",环境保护
《福建省大气污染防治条例》第七十三条：“违反本条,《福建省大气污染防治条例》第七十三条,"截断后缀""：“违反本条""",环境保护
《福建省大气污染防治条例》第七十三条的第一项和,《福建省大气污染防治条例》第七十三条的第一项,"截断后缀""和""",环境保护
《福建省城市市容和环境卫生管理办法》第三十条第（三项,《福建省城市市容和环境卫生管理办法》第三十条,"截断后缀""第（三项""",环境保护
《环境影响评价法》第三十一条/,《环境影响评价法》第三十一条,"截断后缀""/""",环境保护
《环境保护主管部门实施查封、扣押办法》第四条第六项和,《环境保护主管部门实施查封、扣押办法》第四条第六项,"截断后缀""和""",环境保护
《环境行政处罚办法》第二十二条的规定的立案条,《环境行政处罚办法》第二十二条的规定,"截断后缀""的立案条""",环境保护
《环境行政处罚办法》第二十二条规定的立案条,《环境行政处罚办法》第二十二条,"截断后缀""规定的立案条""",环境保护
《浙江省水污染防治条例》第五十八条第一款和,《浙江省水污染防治条例》第五十八条第一款,"截断后缀""和""",环境保护
《重庆市环境保护条例》第一百零四条罚款,《重庆市环境保护条例》第一百零四条,"截断后缀""罚款""",环境保护
《重庆市环境保护条例》第一百零一条罚款,《重庆市环境保护条例》第一百零一条,"截断后缀""罚款""",环境保护
《重庆市环境保护条例》第一百零一条第（二）项之规定：“?违反本条,《重庆市环境保护条例》第一百零一条第（二）项之规定,"截断后缀""：“?违反本条""",环境保护
《重庆市环境保护条例》第一百零一条第(二)项之规定:“违反本条,《重庆市环境保护条例》第一百零一条第(二)项之规定,"截断后缀"":“违反本条""",环境保护
《重庆市市容环境卫生管理条例》第六十七条第二款：“违反前款,《重庆市市容环境卫生管理条例》第六十七条第二款,"截断后缀""：“违反前款""",环境保护
《重庆市大气污染防治条例》第八十四条“违反本条,《重庆市大气污染防治条例》第八十四条,"截断后缀""“违反本条""",环境保护
"《北京市生活垃圾管理条例》第三十六条第一款第(五)项,",《北京市生活垃圾管理条例》第三十六条第一款第(五)项,"截断后缀"",""",环境保护
《北京市生活垃圾管理条例》第三十六条第一款第(四)项规定,《北京市生活垃圾管理条例》第三十六条第一款第(四)项,"截断后缀""规定""",环境保护
《重庆市环境保护条例》第四十八条罚款,《重庆市环境保护条例》第四十八条,"截断后缀""罚款""",环境保护
《餐饮业大气污染物排放标准》第4.2.3条,《餐饮业大气污染物排放标准》,"截断后缀""第4.2.3条""",环境保护
《浙江省城市市容和环境卫生管理条例》第二十九条第四款和,《浙江省城市市容和环境卫生管理条例》第二十九条第四款,"截断后缀""和""",环境保护
《东莞市环境保护局行政处罚自由裁量标准》第二章中关于二类污染物项目的“需要配套污染防治设施的项,《东莞市环境保护局行政处罚自由裁量标准》第二章,"截断后缀""中关于二类污染物项目的“需要配套污染防治...""",环境保护
《东莞市环境保护局行政处罚自由裁量标准》第二章中关于二类污染物项,《东莞市环境保护局行政处罚自由裁量标准》第二章,"截断后缀""中关于二类污染物项""",环境保护
《东莞市环境保护局行政处罚自由裁量标准》第二章中关于三类污染项目的“需要配套的污染防治设施的项,《东莞市环境保护局行政处罚自由裁量标准》第二章,"截断后缀""中关于三类污染项目的“需要配套的污染防治...""",环境保护
《东莞市环境保护局行政处罚自由裁量标准》第二章中关于三类污染项目的“需要配套污染防治设施的项,《东莞市环境保护局行政处罚自由裁量标准》第二章,"截断后缀""中关于三类污染项目的“需要配套污染防治设...""",环境保护
《东莞市环境保护局行政处罚自由裁量标准》第二章中关于三类污染项目“需要配套污染防治设施的项,《东莞市环境保护局行政处罚自由裁量标准》第二章,"截断后缀""中关于三类污染项目“需要配套污染防治设施...""",环境保护
《东莞市环境保护局行政处罚自由裁量标准》第二章中关于三类污染项,《东莞市环境保护局行政处罚自由裁量标准》第二章,"截断后缀""中关于三类污染项""",环境保护
《东莞市环境保护局行政处罚自由裁量标准》第二章中关于三类污染物项目的“需要配套污染防治设施的项,《东莞市环境保护局行政处罚自由裁量标准》第二章,"截断后缀""中关于三类污染物项目的“需要配套污染防治...""",环境保护
《东莞市环境保护局行政处罚自由裁量标准》第二章中关于二类污染项目的“需要配套污染防治设施的项,《东莞市环境保护局行政处罚自由裁量标准》第二章,"截断后缀""中关于二类污染项目的“需要配套污染防治设...""",环境保护
《东莞市环境保护局行政处罚自由裁量标准》第二章中关于二类污染项,《东莞市环境保护局行政处罚自由裁量标准》第二章,"截断后缀""中关于二类污染项""",环境保护
《东莞市环境保护局行政处罚自由裁量标准》第二章中关于二类污染项,《东莞市环境保护局行政处罚自由裁量标准》第二章,"截断后缀""中关于二类污染项""",环境保护
《浙江省城市市容和环境卫生管理条例》第三十条第五款行政处罚决定:罚款,《浙江省城市市容和环境卫生管理条例》第三十条第五款,"截断后缀""行政处罚决定:罚款""",环境保护
《浙江省城市市容和环境卫生管理条例》第三十条第一款行政处罚种类及金额：处罚款,《浙江省城市市容和环境卫生管理条例》第三十条第一款,"截断后缀""行政处罚种类及金额：处罚款""",环境保护
《东莞市环境保护局行政处罚自由裁量标准》第二章中关于一类污染项,《东莞市环境保护局行政处罚自由裁量标准》第二章,"截断后缀""中关于一类污染项""",环境保护
"《浙江省城市市容和环境卫生管理条例》第三十一条第一款,",《浙江省城市市容和环境卫生管理条例》第三十一条第一款,"截断后缀"",""",环境保护
《浙江省固体废物污染环境防治条例》第六十三条第一款、,《浙江省固体废物污染环境防治条例》第六十三条第一款,"截断后缀""、""",环境保护
《浙江省固体废物污染环境防治条例》第五十六条“违反本条,《浙江省固体废物污染环境防治条例》第五十六条,"截断后缀""“违反本条""",环境保护
依据《中华人民共和国大气污染防治法》第一百二十条,《中华人民共和国大气污染防治法》第一百二十条,"去除前缀""依据""",环境保护
依据《中华人民共和国大气污染防治法》第一百一十七条,《中华人民共和国大气污染防治法》第一百一十七条,"去除前缀""依据""",环境保护
依据《中华人民共和国大气污染防治法》第108条第1项,《中华人民共和国大气污染防治法》第108条第1项,"去除前缀""依据""",环境保护
依据《中华人民共和国噪声污染防治法》第七十七条第一款第二项之相关规定,《中华人民共和国噪声污染防治法》第七十七条第一款第二项,"去除前缀""依据""; 截断后缀""之相关规定""",环境保护
依据《中华人民共和国噪声污染防治法》第七十七条第一款第二项,《中华人民共和国噪声污染防治法》第七十七条第一款第二项,"去除前缀""依据""",环境保护
依据《上海市环境保护条例》第七十二条第二款,《上海市环境保护条例》第七十二条第二款,"去除前缀""依据""",环境保护
依据《上海市排水管理条例》第四十一条,《上海市排水管理条例》第四十一条,"去除前缀""依据""",环境保护
依据《上海市市容环境卫生管理条例》第四十四条第五款,《上海市市容环境卫生管理条例》第四十四条第五款,"去除前缀""依据""",环境保护
依据《上海市市容环境卫生管理条例》第四十四条第二款,《上海市市容环境卫生管理条例》第四十四条第二款,"去除前缀""依据""",环境保护
依据《上海市市容环境卫生管理条例》第四十四条第三款,《上海市市容环境卫生管理条例》第四十四条第三款,"去除前缀""依据""",环境保护
依据《上海市市容环境卫生管理条例》第四十四条第一款,《上海市市容环境卫生管理条例》第四十四条第一款,"去除前缀""依据""",环境保护
依据《上海市市容环境卫生管理条例》第四十二条第一款,《上海市市容环境卫生管理条例》第四十二条第一款,"去除前缀""依据""",环境保护
依据《上海市市容环境卫生管理条例》第二十七条第一款,《上海市市容环境卫生管理条例》第二十七条第一款,"去除前缀""依据""",环境保护
依据《上海市市容环境卫生管理条例》第三十六条第二款,《上海市市容环境卫生管理条例》第三十六条第二款,"去除前缀""依据""",环境保护
依据《中华人民共和国大气污染防治法》第一百零八条第一项,《中华人民共和国大气污染防治法》第一百零八条第一项,"去除前缀""依据""",环境保护
依据《上海市市容环境卫生管理条例》第三十三条第四款,《上海市市容环境卫生管理条例》第三十三条第四款,"去除前缀""依据""",环境保护
依据《中华人民共和国大气污染防治法》第九十九条第(二)项的规定,《中华人民共和国大气污染防治法》第九十九条第(二)项的规定,"去除前缀""依据""",环境保护
依据《中华人民共和国大气污染防治法》第九十九条第一款第(二)项,《中华人民共和国大气污染防治法》第九十九条第一款第(二)项,"去除前缀""依据""",环境保护
依据《中华人民共和国大气污染防治法》第九十九条第一项,《中华人民共和国大气污染防治法》第九十九条第一项,"去除前缀""依据""",环境保护
依据《中华人民共和国大气污染防治法》第九十九条第二款,《中华人民共和国大气污染防治法》第九十九条第二款,"去除前缀""依据""",环境保护
依据《中华人民共和国大气污染防治法》第九十九条第二项,《中华人民共和国大气污染防治法》第九十九条第二项,"去除前缀""依据""",环境保护
依据《中华人民共和国水污染防治法》第七十四条,《中华人民共和国水污染防治法》第七十四条,"去除前缀""依据""",环境保护
依据《中华人民共和国水污染防治法》第八十三条第(三)项之规定,《中华人民共和国水污染防治法》第八十三条第(三)项之规定,"去除前缀""依据""",环境保护
依据《中华人民共和国水污染防治法》第八十三条第(二)项,《中华人民共和国水污染防治法》第八十三条第(二)项,"去除前缀""依据""",环境保护
依据《中华人民共和国水污染防治法》第八十三条第一款第三项的规定,《中华人民共和国水污染防治法》第八十三条第一款第三项的规定,"去除前缀""依据""",环境保护
依据《中华人民共和国水污染防治法》第八十三条第三项,《中华人民共和国水污染防治法》第八十三条第三项,"去除前缀""依据""",环境保护
依据《中华人民共和国环境影响评价法》第三十一条,《中华人民共和国环境影响评价法》第三十一条,"去除前缀""依据""",环境保护
依据《中华人民共和国环境影响评价法》第三十一条第一款,《中华人民共和国环境影响评价法》第三十一条第一款,"去除前缀""依据""",环境保护
依据《中华人民共和国环境影响评价法》第三十一条第一项,《中华人民共和国环境影响评价法》第三十一条第一项,"去除前缀""依据""",环境保护
依据《中华人民共和国水污染防治法》第八十三条第二项,《中华人民共和国水污染防治法》第八十三条第二项,"去除前缀""依据""",环境保护
依据《上海市生活垃圾管理条例》第五十八条第一款,《上海市生活垃圾管理条例》第五十八条第一款,"去除前缀""依据""",环境保护
依据《上海市生活垃圾管理条例》第五十八条第二款,《上海市生活垃圾管理条例》第五十八条第二款,"去除前缀""依据""",环境保护
依据《上海市餐厨垃圾处理管理办法》第二十二条第一款第(一)项、第二款,《上海市餐厨垃圾处理管理办法》第二十二条第一款第(一)项、第二款,"去除前缀""依据""",环境保护
依据《中华人民共和国水土保持法》第五十四条,《中华人民共和国水土保持法》第五十四条,"去除前缀""依据""",环境保护
依据《北京市生活垃圾管理条例》第七十一条第二款,《北京市生活垃圾管理条例》第七十一条第二款,"去除前缀""依据""",环境保护
依据《北京市生活垃圾管理条例》第七十条第二款,《北京市生活垃圾管理条例》第七十条第二款,"去除前缀""依据""",环境保护
依据《北京市生活垃圾管理条例》第六十九条第一款,《北京市生活垃圾管理条例》第六十九条第一款,"去除前缀""依据""",环境保护
依据《北京市生活垃圾管理条例》第六十八条第一款,《北京市生活垃圾管理条例》第六十八条第一款,"去除前缀""依据""",环境保护
依据《浙江省生活垃圾管理条例》第四十六条,《浙江省生活垃圾管理条例》第四十六条,"去除前缀""依据""",环境保护
依据《浙江省餐厨垃圾管理办法》第二十六条第一款,《浙江省餐厨垃圾管理办法》第二十六条第一款,"去除前缀""依据""",环境保护
依据《西安市生活垃圾分类管理条例》第六十七条第六项,《西安市生活垃圾分类管理条例》第六十七条第六项,"去除前缀""依据""",环境保护
根据《中华人民共和国水土保持法》第五十五条,《中华人民共和国水土保持法》第五十五条,"去除前缀""根据""",环境保护
根据《中华人民共和国水土保持法》第五十四条,《中华人民共和国水土保持法》第五十四条,"去除前缀""根据""",环境保护
根据《北京市生活垃圾管理条例》第六十九条第一款,《北京市生活垃圾管理条例》第六十九条第一款,"去除前缀""根据""",环境保护
根据《南京市市容管理条例》第三十八条第一款第(四)项,《南京市市容管理条例》第三十八条第一款第(四)项,"去除前缀""根据""",环境保护
根据《广东省城乡生活垃圾管理条,《广东省城乡生活垃圾管理条,"去除前缀""根据""",环境保护
根据《杭州市生活垃圾管理条,《杭州市生活垃圾管理条,"去除前缀""根据""",环境保护
根据《西安市生活垃圾分类管理条例》第六十七条第四项,《西安市生活垃圾分类管理条例》第六十七条第四项,"去除前缀""根据""",环境保护
依据《浙江省生活垃圾管理条例》四十七条第二款,《浙江省生活垃圾管理条例》四十七条第二款,"去除前缀""依据""",环境保护
《西安市生活垃圾分类管理条例》第二十四条第七项;,《西安市生活垃圾分类管理条例》第二十四条第七项,"截断后缀"";""",环境保护
《浙江省生活垃圾管理条例》第四十六条处罚决定:罚款,《浙江省生活垃圾管理条例》第四十六条,"截断后缀""处罚决定:罚款""",环境保护
《浙江省生活垃圾管理条例》第四十六条行政处罚决定:罚款,《浙江省生活垃圾管理条例》第四十六条,"截断后缀""行政处罚决定:罚款""",环境保护
《深圳市生活垃圾分类管理条例》第六十九条第二项及,《深圳市生活垃圾分类管理条例》第六十九条第二项,"截断后缀""及""",环境保护
《浙江省环境污染监督管理办法》第三十三条第一、二款,《浙江省环境污染监督管理办法》第三十三条,"截断后缀""第一、二款""",环境保护
《浙江省环境污染监督管理办法》第三十三条第一、二款,《浙江省环境污染监督管理办法》第三十三条,"截断后缀""第一、二款""",环境保护
《浙江省环境污染监督管理办法》第三十二条第一、二款,《浙江省环境污染监督管理办法》第三十二条,"截断后缀""第一、二款""",环境保护
"《浙江省环境污染监督管理办法》第三十四条第一款,",《浙江省环境污染监督管理办法》第三十四条第一款,"截断后缀"",""",环境保护
《浙江省环境污染监督管理办法》第五十一条“排污单位违反本办法第三十三条第一、二款,《浙江省环境污染监督管理办法》第五十一条“排污单位违反本办法第三十三条,"截断后缀""第一、二款""",环境保护
《浙江省环境污染监督管理办法》第五十一条“排污单位违反本办法第三十三条第一、二款,《浙江省环境污染监督管理办法》第五十一条“排污单位违反本办法第三十三条,"截断后缀""第一、二款""",环境保护
《浙江省环境污染监督管理办法》第四十八条“排污单位违反本办法第三十二条第一、二款,《浙江省环境污染监督管理办法》第四十八条“排污单位违反本办法第三十二条,"截断后缀""第一、二款""",环境保护
"《中华人民共和国大气污染防治法》第一百一十五条的规定,对山东民兴建筑工程有限公司罚款",《中华人民共和国大气污染防治法》第一百一十五条的规定,"截断后缀"",对山东民兴建筑工程有限公司罚款""",环境保护
"《深圳经济特区环境噪声污染防治条例》第二十八条第一款,",《深圳经济特区环境噪声污染防治条例》第二十八条第一款,"截断后缀"",""",环境保护
《辽宁省环境保护条例》第五十六条第二款、依据,《辽宁省环境保护条例》第五十六条第二款,"截断后缀""、依据""",环境保护
《辽宁省环境保护条例》第六十九条第三款给予罚款,《辽宁省环境保护条例》第六十九条第三款,"截断后缀""给予罚款""",环境保护
"《浙江省生活垃圾管理条例》第二十七条,",《浙江省生活垃圾管理条例》第二十七条,"截断后缀"",""",环境保护
"《嘉兴市生活垃圾分类管理条例》第十一条第一款第（三）项,",《嘉兴市生活垃圾分类管理条例》第十一条第一款第（三）项,"截断后缀"",""",环境保护
《城市容貌标准》第4.0.6条,《城市容貌标准》,"截断后缀""第4.0.6条""",环境保护
《城市生活垃圾管理办法》第四十二条规定,《城市生活垃圾管理办法》第四十二条,"截断后缀""规定""",环境保护
《郑州市大气污染防治条例》第五十八条第三项“违反本条,《郑州市大气污染防治条例》第五十八条第三项,"截断后缀""“违反本条""",环境保护
《南京市市容管理条例》第三十八条第一款第四项规定,《南京市市容管理条例》第三十八条第一款第四项,"截断后缀""规定""",环境保护
《南京市市容管理条例》第三十八条第一款第(四)项之规定:违反本条,《南京市市容管理条例》第三十八条第一款第(四)项之规定,"截断后缀"":违反本条""",环境保护
《南京市市容管理条例》第二十五条第三款规定,《南京市市容管理条例》第二十五条第三款,"截断后缀""规定""",环境保护
《浙江省城镇生活垃圾分类管理办法》第二十七条的相关规定,《浙江省城镇生活垃圾分类管理办法》第二十七条,"截断后缀""的相关规定""",环境保护
《浙江省城镇生活垃圾分类管理办法》第二十八条、,《浙江省城镇生活垃圾分类管理办法》第二十八条,"截断后缀""、""",环境保护
"《浙江省城镇生活垃圾分类管理办法》第二十六条,",《浙江省城镇生活垃圾分类管理办法》第二十六条,"截断后缀"",""",环境保护
"《浙江省城镇生活垃圾分类管理办法》第十五条,",《浙江省城镇生活垃圾分类管理办法》第十五条,"截断后缀"",""",环境保护
"《浙江省生活垃圾管理条例》第三十一条第一款,",《浙江省生活垃圾管理条例》第三十一条第一款,"截断后缀"",""",环境保护
《浙江省生活垃圾管理条例》第三十一条第一款第(二)项之规定处罚种类:罚款,《浙江省生活垃圾管理条例》第三十一条第一款第(二)项之规定,"截断后缀""处罚种类:罚款""",环境保护
《杭州市生活垃圾管理条例》第三十二条第一款第(一)项之规定行政处罚种类及金额:罚款,《杭州市生活垃圾管理条例》第三十二条第一款第(一)项之规定,"截断后缀""行政处罚种类及金额:罚款""",环境保护
《杭州市生活垃圾管理条例》第六十六条及,《杭州市生活垃圾管理条例》第六十六条,"截断后缀""及""",环境保护
《杭州市生活垃圾管理条例》第六十六条和,《杭州市生活垃圾管理条例》第六十六条,"截断后缀""和""",环境保护
《杭州市生活垃圾管理条例》第六十六条处罚决定:罚款,《杭州市生活垃圾管理条例》第六十六条,"截断后缀""处罚决定:罚款""",环境保护
《杭州市生活垃圾管理条例》第六十六条并结合,《杭州市生活垃圾管理条例》第六十六条,"截断后缀""并结合""",环境保护
《江苏省污染源自动监控管理办法(试行)》第十四条、,《江苏省污染源自动监控管理办法(试行)》第十四条,"截断后缀""、""",环境保护
《杭州市生活垃圾管理条例》第六十六条行政处罚决定:罚款,《杭州市生活垃圾管理条例》第六十六条,"截断后缀""行政处罚决定:罚款""",环境保护
《杭州市生活垃圾管理条例》第六十六条的规定：“生活垃圾分类投放管理责任人违反本条,《杭州市生活垃圾管理条例》第六十六条的规定,"截断后缀""：“生活垃圾分类投放管理责任人违反本条""",环境保护
《杭州市生活垃圾管理条例》第六十六条的规定及,《杭州市生活垃圾管理条例》第六十六条的规定,"截断后缀""及""",环境保护
《宁波市环境污染防治规定》第十条第一款的规定：“建设项,《宁波市环境污染防治规定》第十条第一款的规定,"截断后缀""：“建设项""",环境保护
《宁波市环境污染防治规定》第十条第一款、现依据,《宁波市环境污染防治规定》第十条第一款,"截断后缀""、现依据""",环境保护
《宁波市环境污染防治规定》第十条第一款“建设项目未取得环境影响评价批准文件的,《宁波市环境污染防治规定》第十条第一款,"截断后缀""“建设项目未取得环境影响评价批准文件的""",环境保护
《宁波市环境污染防治规定》第十条第一款“建设项,《宁波市环境污染防治规定》第十条第一款,"截断后缀""“建设项""",环境保护
《宁波市环境污染防治规定》第十条第一款:“建设项目未取得环境影响评价批准文件的,《宁波市环境污染防治规定》第十条第一款,"截断后缀"":“建设项目未取得环境影响评价批准文件的""",环境保护
《安徽省大气污染防治条例》第二、三、四项,《安徽省大气污染防治条例》,"截断后缀""第二、三、四项""",环境保护
《安徽省大气污染防治条例》第2167号罚款,《安徽省大气污染防治条例》第2167号,"截断后缀""罚款""",环境保护
《宁波市环境污染防治规定》第三十二条第一款和,《宁波市环境污染防治规定》第三十二条第一款,"截断后缀""和""",环境保护
《宁波市环境污染防治规定》第九条第四款“环境影响评价文件经批准后,《宁波市环境污染防治规定》第九条第四款,"截断后缀""“环境影响评价文件经批准后""",环境保护
《宁波市环境污染防治规定》第九条第四款:“环境影响评价文件经批准后,《宁波市环境污染防治规定》第九条第四款,"截断后缀"":“环境影响评价文件经批准后""",环境保护
《宁波市环境污染防治规定》第二十二条第一款;处罚依据:,《宁波市环境污染防治规定》第二十二条第一款,"截断后缀"";处罚依据:""",环境保护
《安徽省大气污染防治条例》第六十二条第二项的规定根据,《安徽省大气污染防治条例》第六十二条第二项的规定,"截断后缀""根据""",环境保护
《安徽省环境保护条例》第五十条第一款第(一)项、,《安徽省环境保护条例》第五十条第一款第(一)项,"截断后缀""、""",环境保护
《安徽省大气污染防治条例》第六十二条规定,《安徽省大气污染防治条例》第六十二条,"截断后缀""规定""",环境保护
《宁波市建筑垃圾管理办法》第五十一条第一款、,《宁波市建筑垃圾管理办法》第五十一条第一款,"截断后缀""、""",环境保护
《中华人民共和国固体废物污染防治法》第六十八条的规定对该单位处以如下行政处罚：罚款,《中华人民共和国固体废物污染防治法》第六十八条的规定,"截断后缀""对该单位处以如下行政处罚：罚款""",环境保护
《城镇排水与污水处理条例》第六章第五十条第一款:“违反本条,《城镇排水与污水处理条例》第六章第五十条第一款,"截断后缀"":“违反本条""",环境保护
《城镇排水与污水处理条例》第五十条第款,《城镇排水与污水处理条例》第五十条,"截断后缀""第款""",环境保护
《城镇排水与污水处理条例》第五十条第二款违反本条,《城镇排水与污水处理条例》第五十条第二款,"截断后缀""违反本条""",环境保护
《城镇排水与污水处理条例》第五十条第二款规定行政处罚决定:罚款,《城镇排水与污水处理条例》第五十条第二款,"截断后缀""规定行政处罚决定:罚款""",环境保护
"《城镇排水与污水处理条例》第五十条第二款的规定,现对你单位作出<br/>罚款","《城镇排水与污水处理条例》第五十条第二款的规定,现对你单位作出<br/>","截断后缀""罚款""",环境保护
《城镇排水与污水处理条例》第五十条第二款、,《城镇排水与污水处理条例》第五十条第二款,"截断后缀""、""",环境保护
《城镇排水与污水处理条例》第五十条第二款“违反本条,《城镇排水与污水处理条例》第五十条第二款,"截断后缀""“违反本条""",环境保护
《城镇排水与污水处理条例》第四十九条处罚决定:罚款,《城镇排水与污水处理条例》第四十九条,"截断后缀""处罚决定:罚款""",环境保护
《城镇污水排入排水管网许可管理办法》第二十六条及,《城镇污水排入排水管网许可管理办法》第二十六条,"截断后缀""及""",环境保护
《城镇排水与污水处理条例》第四十八条;行政处罚决定:罚款,《城镇排水与污水处理条例》第四十八条,"截断后缀"";行政处罚决定:罚款""",环境保护
"《城镇排水与污水处理条例》第四十二条第（二）项,",《城镇排水与污水处理条例》第四十二条第（二）项,"截断后缀"",""",环境保护
《城镇排水与污水处理条例》第四十二条第一项规定,《城镇排水与污水处理条例》第四十二条第一项,"截断后缀""规定""",环境保护
《宁波市大气污染防治条例》第五十三条第（三）项“违反本条,《宁波市大气污染防治条例》第五十三条第（三）项,"截断后缀""“违反本条""",环境保护
《城镇排水与污水处理条例》第五十条第一款、,《城镇排水与污水处理条例》第五十条第一款,"截断后缀""、""",环境保护
《广东省大气污染防治条列》第八十三条和,《广东省大气污染防治条列》第八十三条,"截断后缀""和""",环境保护
《中华人民共和国大气污染防治法》第一百一十七条第(一)项规定处以罚款,《中华人民共和国大气污染防治法》第一百一十七条第(一)项,"截断后缀""规定处以罚款""",环境保护
《中华人民共和国大气污染防治法》第一百一十七条、,《中华人民共和国大气污染防治法》第一百一十七条,"截断后缀""、""",环境保护
《中华人民共和国大气污染防治法》第一百一十七条第一款第一项规定,《中华人民共和国大气污染防治法》第一百一十七条第一款第一项,"截断后缀""规定""",环境保护
"《中华人民共和国大气污染防治法》第一百一十七条第一项,",《中华人民共和国大气污染防治法》第一百一十七条第一项,"截断后缀"",""",环境保护
《中华人民共和国大气污染防治法》第一百一十七条第一款第八项规定,《中华人民共和国大气污染防治法》第一百一十七条第一款第八项,"截断后缀""规定""",环境保护
《中华人民共和国土壤污染防治法》第八十六条第一款第一项处罚决定：行政罚款,《中华人民共和国土壤污染防治法》第八十六条第一款第一项,"截断后缀""处罚决定：行政罚款""",环境保护
"《山东省环境噪声污染防治条例》第二十三条,",《山东省环境噪声污染防治条例》第二十三条,"截断后缀"",""",环境保护
《山东省城镇容貌和环境卫生管理办法》第二十条规定,《山东省城镇容貌和环境卫生管理办法》第二十条,"截断后缀""规定""",环境保护
《山东省大气污染防治条例》第六十八条第三项:违反本条,《山东省大气污染防治条例》第六十八条第三项,"截断后缀"":违反本条""",环境保护
《城镇排水与污水处理条例》第五十条第一款“违反本条,《城镇排水与污水处理条例》第五十条第一款,"截断后缀""“违反本条""",环境保护
《唐山市大气污染防治若干规定》第十五条第二款罚款,《唐山市大气污染防治若干规定》第十五条第二款,"截断后缀""罚款""",环境保护
《合肥市市容和环境卫生管理条例》第二十三条第三款根据,《合肥市市容和环境卫生管理条例》第二十三条第三款,"截断后缀""根据""",环境保护
《北京市大气污染防治条例》第一百一十二条和,《北京市大气污染防治条例》第一百一十二条,"截断后缀""和""",环境保护
《北京市大气污染防治条例》第一百一十四条第二款和,《北京市大气污染防治条例》第一百一十四条第二款,"截断后缀""和""",环境保护
《中华人民共和国噪声污染防治法》第四十三条规定,《中华人民共和国噪声污染防治法》第四十三条,"截断后缀""规定""",环境保护
《中华人民共和国噪声污染防治法》第四十三条之规定行政处罚种类及金额:罚款,《中华人民共和国噪声污染防治法》第四十三条之规定,"截断后缀""行政处罚种类及金额:罚款""",环境保护
《北京市大气污染防治条例》第七十四条第二款规定,《北京市大气污染防治条例》第七十四条第二款,"截断后缀""规定""",环境保护
《北京市大气污染防治条例》第三十五条第二款规定,《北京市大气污染防治条例》第三十五条第二款,"截断后缀""规定""",环境保护
《台州市城市市容和环境卫生管理条例》第四十三条第二款之规定决定给予中岭建设集团有限公司处以罚款,《台州市城市市容和环境卫生管理条例》第四十三条第二款之规定,"截断后缀""决定给予中岭建设集团有限公司处以罚款""",环境保护
《中华人民共和国噪声污染防治法》第三十条第一款和,《中华人民共和国噪声污染防治法》第三十条第一款,"截断后缀""和""",环境保护
《中华人民共和国噪声污染防治法》第七十七条第二款:责令限期改正,《中华人民共和国噪声污染防治法》第七十七条第二款,"截断后缀"":责令限期改正""",环境保护
《中华人民共和国噪声污染防治法》第七十七条、,《中华人民共和国噪声污染防治法》第七十七条,"截断后缀""、""",环境保护
《取水许可和水资源费征收管理条例》第四十九条和吉林省实施,《取水许可和水资源费征收管理条例》第四十九条,"截断后缀""和吉林省实施""",环境保护
《取水许可和水资源费征收管理条例》第四十八条之规定：未依照批准的取水许可规定条,《取水许可和水资源费征收管理条例》第四十八条之规定,"截断后缀""：未依照批准的取水许可规定条""",环境保护
《台州市城市市容和环境卫生管理条例》第三十六条第二款违反前款第一项至第三项规定的,《台州市城市市容和环境卫生管理条例》第三十六条第二款违反前款第一项至第三项,"截断后缀""规定的""",环境保护
"《北京市排水和再生水管理办法》第十六条条第二款,",《北京市排水和再生水管理办法》第十六条条第二款,"截断后缀"",""",环境保护
"《北京市排水和再生水管理办法》第十六条第二款,",《北京市排水和再生水管理办法》第十六条第二款,"截断后缀"",""",环境保护
《北京市环境噪声污染防治办法》第37条、,《北京市环境噪声污染防治办法》第37条,"截断后缀""、""",环境保护
《中华人民共和国噪声污染防治法》第五十六条和,《中华人民共和国噪声污染防治法》第五十六条,"截断后缀""和""",环境保护
《城镇排水与污水处理条例》第五十条第一款:“违反本条,《城镇排水与污水处理条例》第五十条第一款,"截断后缀"":“违反本条""",环境保护
《中华人民共和国固体废物污染环境防治法》第六十三条第二款、,《中华人民共和国固体废物污染环境防治法》第六十三条第二款,"截断后缀""、""",环境保护
《中华人民共和国固体废物污染环境防治法》第六十八条第二项处罚决定：行政罚款,《中华人民共和国固体废物污染环境防治法》第六十八条第二项,"截断后缀""处罚决定：行政罚款""",环境保护
《中华人民共和国固体废物污染环境防治法》第六十八条第七项、,《中华人民共和国固体废物污染环境防治法》第六十八条第七项,"截断后缀""、""",环境保护
《中华人民共和国固体废物污染环境防治法》第五十七条三款,《中华人民共和国固体废物污染环境防治法》第五十七条,"截断后缀""三款""",环境保护
《中华人民共和国固体废物污染环境防治法》第三十六条第一款和,《中华人民共和国固体废物污染环境防治法》第三十六条第一款,"截断后缀""和""",环境保护
《加油站大气污染物排放标准》第5.2条,《加油站大气污染物排放标准》,"截断后缀""第5.2条""",环境保护
"《中华人民共和国固体废物污染环境防治法》第八十一条第二款,",《中华人民共和国固体废物污染环境防治法》第八十一条第二款,"截断后缀"",""",环境保护
《中华人民共和国固体废物污染环境防治法》第五十二条、第五十五条、六十二条,《中华人民共和国固体废物污染环境防治法》第五十二条、第五十五条,"截断后缀""、六十二条""",环境保护
《城市绿化条例》第二十一条、,《城市绿化条例》第二十一条,"截断后缀""、""",环境保护
《城镇排水与污水处理条例》第二十条第二款规定,《城镇排水与污水处理条例》第二十条第二款,"截断后缀""规定""",环境保护
《城镇排水与污水处理条例》第二十一条第二款、,《城镇排水与污水处理条例》第二十一条第二款,"截断后缀""、""",环境保护
"《城镇排水与污水处理条例》第二十一条第二款,根据",《城镇排水与污水处理条例》第二十一条第二款,"截断后缀"",根据""",环境保护
"《城镇排水与污水处理条例》第二十一条第二款,",《城镇排水与污水处理条例》第二十一条第二款,"截断后缀"",""",环境保护
《中华人民共和国固体废物污染环境防治法》第四十条第一款“产生工业固体废物的单位应当根据经济、技术条,《中华人民共和国固体废物污染环境防治法》第四十条第一款,"截断后缀""“产生工业固体废物的单位应当根据经济、技...""",环境保护
《中华人民共和国固体废物污染环境防治法》第四十条、,《中华人民共和国固体废物污染环境防治法》第四十条,"截断后缀""、""",环境保护
《中华人民共和国固体废物污染环境防治法》第十七条、五十二条,《中华人民共和国固体废物污染环境防治法》第十七条,"截断后缀""、五十二条""",环境保护
《城市市容和环境卫生管理条例》第十七条第二款及,《城市市容和环境卫生管理条例》第十七条第二款,"截断后缀""及""",环境保护
《城市市容和环境卫生管理条例》第九条和,《城市市容和环境卫生管理条例》第九条,"截断后缀""和""",环境保护
《城市市容和环境卫生管理条例》第十五条、,《城市市容和环境卫生管理条例》第十五条,"截断后缀""、""",环境保护
《城市市容和环境卫生管理条例》第三十六条、,《城市市容和环境卫生管理条例》第三十六条,"截断后缀""、""",环境保护
《中华人民共和国固体废物污染环境防治法》第一百一十二条第一款第六项、第一百一十二条第二款规定,《中华人民共和国固体废物污染环境防治法》第一百一十二条第一款第六项、第一百一十二条第二款,"截断后缀""规定""",环境保护
《北京市危险废物污染环境防治条例》第四十条第一款和,《北京市危险废物污染环境防治条例》第四十条第一款,"截断后缀""和""",环境保护
《四川省环境保护行政处罚自由裁量权细化标准》第2.12.2.2条,《四川省环境保护行政处罚自由裁量权细化标准》,"截断后缀""第2.12.2.2条""",环境保护
"《中华人民共和国固体废物污染环境防治法》第一百一十二条第一款第六项,",《中华人民共和国固体废物污染环境防治法》第一百一十二条第一款第六项,"截断后缀"",""",环境保护
《中华人民共和国固体废物污染环境防治法》第七十五条第一项违法情形裁量执行人民币壹万元罚款,《中华人民共和国固体废物污染环境防治法》第七十五条第一项,"截断后缀""违法情形裁量执行人民币壹万元罚款""",环境保护
《中华人民共和国固体废物污染环境防治法》第三十三条第一款“企业事业单位应当根据经济、技术条,《中华人民共和国固体废物污染环境防治法》第三十三条第一款,"截断后缀""“企业事业单位应当根据经济、技术条""",环境保护
《中华人民共和国固体废物污染环境防治法》第三十三条、,《中华人民共和国固体废物污染环境防治法》第三十三条,"截断后缀""、""",环境保护
《中华人民共和国固体废物污染环境防治法》第三十三条:“企业事业单位应当根据经济、技术条,《中华人民共和国固体废物污染环境防治法》第三十三条,"截断后缀"":“企业事业单位应当根据经济、技术条""",环境保护
《中华人民共和国固体废物污染环境防治法》第七十七条项,《中华人民共和国固体废物污染环境防治法》第七十七条,"截断后缀""项""",环境保护
《中华人民共和国固体废物污染环境防治法》第一百零二条第﹝六﹞项,《中华人民共和国固体废物污染环境防治法》第一百零二条,"截断后缀""第﹝六﹞项""",环境保护
《中华人民共和国固体废物污染环境防治法》第七十五条处以罚款,《中华人民共和国固体废物污染环境防治法》第七十五条,"截断后缀""处以罚款""",环境保护
《中华人民共和国大气污染防治法》第一百一十七条第﹝八﹞项,《中华人民共和国大气污染防治法》第一百一十七条,"截断后缀""第﹝八﹞项""",环境保护
《中华人民共和国水污染防治法》第十条的规定依据,《中华人民共和国水污染防治法》第十条的规定,"截断后缀""依据""",环境保护
《中华人民共和国水污染防治法》第十条和,《中华人民共和国水污染防治法》第十条,"截断后缀""和""",环境保护
《中华人民共和国水污染防治法》第十条、,《中华人民共和国水污染防治法》第十条,"截断后缀""、""",环境保护
《中华人民共和国水污染防治法》第十七条、,《中华人民共和国水污染防治法》第十七条,"截断后缀""、""",环境保护
《中华人民共和国水污染防治法》第十七条第三款“建设项,《中华人民共和国水污染防治法》第十七条第三款,"截断后缀""“建设项""",环境保护
《中华人民共和国环境保护法》第二十七条、,《中华人民共和国环境保护法》第二十七条,"截断后缀""、""",环境保护
《中华人民共和国环境保护法》第二十五条、,《中华人民共和国环境保护法》第二十五条,"截断后缀""、""",环境保护
《中华人民共和国环境保护法》第五十五条和,《中华人民共和国环境保护法》第五十五条,"截断后缀""和""",环境保护
《中华人民共和国环境保护法》第六十一条“建设单位未依法提交建设项,《中华人民共和国环境保护法》第六十一条,"截断后缀""“建设单位未依法提交建设项""",环境保护
《中华人民共和国环境保护法》第六十一条、,《中华人民共和国环境保护法》第六十一条,"截断后缀""、""",环境保护
《中华人民共和国环境保护法》第六十一条关于“建设单位未依法提交建设项,《中华人民共和国环境保护法》第六十一条,"截断后缀""关于“建设单位未依法提交建设项""",环境保护
《中华人民共和国环境保护法》第五十九条第一款、,《中华人民共和国环境保护法》第五十九条第一款,"截断后缀""、""",环境保护
《中华人民共和国水法》第六十九条第二款未依照批准的取水许可规定条,《中华人民共和国水法》第六十九条第二款,"截断后缀""未依照批准的取水许可规定条""",环境保护
《中华人民共和国大气污染防治法》第四十五条的规定依据,《中华人民共和国大气污染防治法》第四十五条的规定,"截断后缀""依据""",环境保护
《中华人民共和国大气污染防治法》第四十五条和,《中华人民共和国大气污染防治法》第四十五条,"截断后缀""和""",环境保护
《中华人民共和国水污染防治法》第八十四条第二款的规定：“除前款,《中华人民共和国水污染防治法》第八十四条第二款的规定,"截断后缀""：“除前款""",环境保护
《中华人民共和国水污染防治法》第八十四条第二款“除前款,《中华人民共和国水污染防治法》第八十四条第二款,"截断后缀""“除前款""",环境保护
《中华人民共和国水污染防治法》第八十四条第二款:除前款,《中华人民共和国水污染防治法》第八十四条第二款,"截断后缀"":除前款""",环境保护
"《中华人民共和国水污染防治法》第八十三条第(三)项之规定,罚款",《中华人民共和国水污染防治法》第八十三条第(三)项之规定,"截断后缀"",罚款""",环境保护
《中华人民共和国水污染防治法》第八十三条和,《中华人民共和国水污染防治法》第八十三条,"截断后缀""和""",环境保护
《晋中市扬尘污染防治条例》第二十九条规定,《晋中市扬尘污染防治条例》第二十九条,"截断后缀""规定""",环境保护
《中华人民共和国水污染防治法》第八十五条第一款第四项和第二款及参照,《中华人民共和国水污染防治法》第八十五条第一款第四项和第二款,"截断后缀""及参照""",环境保护
《中华人民共和国水污染防治法》第八十五条第七款罚款,《中华人民共和国水污染防治法》第八十五条第七款,"截断后缀""罚款""",环境保护
《中华人民共和国水污染防治法》第八十五条第三项处以人民币伍万壹仟伍佰元罚款（罚款,《中华人民共和国水污染防治法》第八十五条第三项,"截断后缀""处以人民币伍万壹仟伍佰元罚款（罚款""",环境保护
《中华人民共和国水污染防治法》第八十二条第二款、,《中华人民共和国水污染防治法》第八十二条第二款,"截断后缀""、""",环境保护
《中华人民共和国水污染防治法》第八十二条第一款第一项的法律规定,《中华人民共和国水污染防治法》第八十二条第一款第一项,"截断后缀""的法律规定""",环境保护
《中华人民共和国水污染防治法》第八十三条第三项的规定处人民币贰拾伍万元罚款,《中华人民共和国水污染防治法》第八十三条第三项的规定,"截断后缀""处人民币贰拾伍万元罚款""",环境保护
《中华人民共和国水污染防治法》第八十三条第三项的规定：处十万元罚款,《中华人民共和国水污染防治法》第八十三条第三项的规定,"截断后缀""：处十万元罚款""",环境保护
《中华人民共和国水污染防治法》第八十三条第二项处以人民币壹拾玖万元罚款（罚款,《中华人民共和国水污染防治法》第八十三条第二项,"截断后缀""处以人民币壹拾玖万元罚款（罚款""",环境保护
《中华人民共和国水污染防治法》第八十九条第二款、,《中华人民共和国水污染防治法》第八十九条第二款,"截断后缀""、""",环境保护
《中华人民共和国水污染防治法》第八十九条第二款处以罚款,《中华人民共和国水污染防治法》第八十九条第二款,"截断后缀""处以罚款""",环境保护
《中华人民共和国环境保护法》第六十一条和,《中华人民共和国环境保护法》第六十一条,"截断后缀""和""",环境保护
《中华人民共和国环境噪声污染防治法》第三十条第一款规定和,《中华人民共和国环境噪声污染防治法》第三十条第一款,"截断后缀""规定和""",环境保护
《中华人民共和国环境噪声污染防治法》第五十六条、,《中华人民共和国环境噪声污染防治法》第五十六条,"截断后缀""、""",环境保护
《中华人民共和国环境噪声污染防治法》第五十六条及,《中华人民共和国环境噪声污染防治法》第五十六条,"截断后缀""及""",环境保护
《中华人民共和国环境噪声污染防治法》第五十六条和,《中华人民共和国环境噪声污染防治法》第五十六条,"截断后缀""和""",环境保护
《中华人民共和国环境噪声污染防治法》第五十六条规定,《中华人民共和国环境噪声污染防治法》第五十六条,"截断后缀""规定""",环境保护
《中华人民共和国环境噪声污染防治法》第五十六条规定我局决定对你单位处以罚款,《中华人民共和国环境噪声污染防治法》第五十六条,"截断后缀""规定我局决定对你单位处以罚款""",环境保护
《中华人民共和国环境噪声污染防治法》第三十条、,《中华人民共和国环境噪声污染防治法》第三十条,"截断后缀""、""",环境保护
"《中华人民共和国环境噪声污染防治法》第三十条第一款,",《中华人民共和国环境噪声污染防治法》第三十条第一款,"截断后缀"",""",环境保护
《排污许可管理条例》第三十三条第二项“违反本条,《排污许可管理条例》第三十三条第二项,"截断后缀""“违反本条""",环境保护
《中华人民共和国环境噪声污染防治法》第三十条第一款、,《中华人民共和国环境噪声污染防治法》第三十条第一款,"截断后缀""、""",环境保护
《排污许可条例》第十七条二款,《排污许可条例》第十七条,"截断后缀""二款""",环境保护
《排污许可管理条例》第三十七条第(三)项;罚款,《排污许可管理条例》第三十七条第(三)项,"截断后缀"";罚款""",环境保护
《排污许可管理条例》第三十七条“违反本条,《排污许可管理条例》第三十七条,"截断后缀""“违反本条""",环境保护
《中华人民共和国环境噪声污染防治法》第三十条第一款及,《中华人民共和国环境噪声污染防治法》第三十条第一款,"截断后缀""及""",环境保护
《中华人民共和国环境噪声污染防治法》第三十条第一款和,《中华人民共和国环境噪声污染防治法》第三十条第一款,"截断后缀""和""",环境保护
《中华人民共和国环境影响评价法》第三十一条“建设单位未依法报批建设项,《中华人民共和国环境影响评价法》第三十一条,"截断后缀""“建设单位未依法报批建设项""",环境保护
《中华人民共和国环境影响评价法》第三十一条之规定罚款,《中华人民共和国环境影响评价法》第三十一条之规定,"截断后缀""罚款""",环境保护
《中华人民共和国环境影响评价法》第三十一条关于“建设单位未依法报批建设项,《中华人民共和国环境影响评价法》第三十一条,"截断后缀""关于“建设单位未依法报批建设项""",环境保护
《中华人民共和国环境影响评价法》第三十一条建设单位未依法报批建设项,《中华人民共和国环境影响评价法》第三十一条,"截断后缀""建设单位未依法报批建设项""",环境保护
《中华人民共和国环境影响评价法》第三十一条第一款“建设单位未依法报批建设项,《中华人民共和国环境影响评价法》第三十一条第一款,"截断后缀""“建设单位未依法报批建设项""",环境保护
《中华人民共和国环境影响评价法》第三十一条第一款、第二款:“建设单位未依法报批建设项,《中华人民共和国环境影响评价法》第三十一条第一款、第二款,"截断后缀"":“建设单位未依法报批建设项""",环境保护
《中华人民共和国环境影响评价法》第三十一条第一款之规定:“建设单位未依法报批建设项,《中华人民共和国环境影响评价法》第三十一条第一款之规定,"截断后缀"":“建设单位未依法报批建设项""",环境保护
《中华人民共和国环境影响评价法》第31条第1款和,《中华人民共和国环境影响评价法》第31条第1款,"截断后缀""和""",环境保护
《中华人民共和国环境影响评价法》第24条第1款和,《中华人民共和国环境影响评价法》第24条第1款,"截断后缀""和""",环境保护
《中华人民共和国环境影响评价法》第31条第1款、,《中华人民共和国环境影响评价法》第31条第1款,"截断后缀""、""",环境保护
《中华人民共和国环境噪声污染防治法》第七章第五十六条、,《中华人民共和国环境噪声污染防治法》第七章第五十六条,"截断后缀""、""",环境保护
《排污许可管理条例》第十九条第一款和,《排污许可管理条例》第十九条第一款,"截断后缀""和""",环境保护
《排污许可管理条例》第十九条第一款、,《排污许可管理条例》第十九条第一款,"截断后缀""、""",环境保护
《中华人民共和国环境保护法》第十九条、,《中华人民共和国环境保护法》第十九条,"截断后缀""、""",环境保护
《排污许可管理条例》第十七条第二款、,《排污许可管理条例》第十七条第二款,"截断后缀""、""",环境保护
《中华人民共和国环境保护法》第十九条和,《中华人民共和国环境保护法》第十九条,"截断后缀""和""",环境保护
《中华人民共和国环境保护法》第十九条第二款、,《中华人民共和国环境保护法》第十九条第二款,"截断后缀""、""",环境保护
《中华人民共和国环境保护法》第六十三条第三项、,《中华人民共和国环境保护法》第六十三条第三项,"截断后缀""、""",环境保护
《中华人民共和国环境保护法》第六十二条和,《中华人民共和国环境保护法》第六十二条,"截断后缀""和""",环境保护
《中华人民共和国环境保护法》第六十条、,《中华人民共和国环境保护法》第六十条,"截断后缀""、""",环境保护
《中华人民共和国环境保护法》第十九条“编制有关开发利用规划,《中华人民共和国环境保护法》第十九条,"截断后缀""“编制有关开发利用规划""",环境保护
《排污费征收管理条例》第二十一条、,《排污费征收管理条例》第二十一条,"截断后缀""、""",环境保护
《中华人民共和国环境保护法》第十九条第二款及,《中华人民共和国环境保护法》第十九条第二款,"截断后缀""及""",环境保护
《中华人民共和国环境保护法》第十九条第二款和,《中华人民共和国环境保护法》第十九条第二款,"截断后缀""和""",环境保护
《排污许可管理条例》第三十六条“违反本条,《排污许可管理条例》第三十六条,"截断后缀""“违反本条""",环境保护
《中华人民共和国环境保护法》第四十一条以及,《中华人民共和国环境保护法》第四十一条,"截断后缀""以及""",环境保护
《中华人民共和国环境保护法》第四十二条、,《中华人民共和国环境保护法》第四十二条,"截断后缀""、""",环境保护
《中华人民共和国环境保护法》第四十二条第一款、,《中华人民共和国环境保护法》第四十二条第一款,"截断后缀""、""",环境保护
《中华人民共和国环境保护法》第四十二条第二款和,《中华人民共和国环境保护法》第四十二条第二款,"截断后缀""和""",环境保护
《排污许可管理条例》第三十五条违反本条,《排污许可管理条例》第三十五条,"截断后缀""违反本条""",环境保护
《中华人民共和国环境保护法》第四十二条第四款和,《中华人民共和国环境保护法》第四十二条第四款,"截断后缀""和""",环境保护
《排污许可管理条例》第三十六条第七项“违反本条,《排污许可管理条例》第三十六条第七项,"截断后缀""“违反本条""",环境保护
《排污许可管理条例》第三十四条第一项之规定（第三十四条违反本条,《排污许可管理条例》第三十四条第一项之规定（第三十四条,"截断后缀""违反本条""",环境保护
《排污许可管理条例》第三十四条第一项“违反本条,《排污许可管理条例》第三十四条第一项,"截断后缀""“违反本条""",环境保护
《排污许可管理条例》第三十四条“违反本条,《排污许可管理条例》第三十四条,"截断后缀""“违反本条""",环境保护
《排污许可管理条例》第三十六条第五项“违反本条,《排污许可管理条例》第三十六条第五项,"截断后缀""“违反本条""",环境保护
《中华人民共和国环境保护法》第六十三条第三款、,《中华人民共和国环境保护法》第六十三条第三款,"截断后缀""、""",环境保护
《杭州市环境噪声管理条例》第四十一条第一款第(八)项行政处罚决定:罚款,《杭州市环境噪声管理条例》第四十一条第一款第(八)项,"截断后缀""行政处罚决定:罚款""",环境保护
《杭州市环境噪声管理条例》第四十一条第一款第(六)项“对违反本条,《杭州市环境噪声管理条例》第四十一条第一款第(六)项,"截断后缀""“对违反本条""",环境保护
《杭州市环境噪声管理条例》第四十一条第(六)项“对违反本条,《杭州市环境噪声管理条例》第四十一条第(六)项,"截断后缀""“对违反本条""",环境保护
《杭州市环境噪声管理条例》第四十一条第(八)项“对违反本条,《杭州市环境噪声管理条例》第四十一条第(八)项,"截断后缀""“对违反本条""",环境保护
《杭州市环境噪声管理条例》第二十八条第二款行政处罚种类及金额：罚款,《杭州市环境噪声管理条例》第二十八条第二款,"截断后缀""行政处罚种类及金额：罚款""",环境保护
《杭州市环境噪声管理条例》第二十八条第二款n行政处罚种类及金额：罚款,《杭州市环境噪声管理条例》第二十八条第二款,"截断后缀""n行政处罚种类及金额：罚款""",环境保护
"《杭州市环境噪声管理条例》第二十八条第二款,",《杭州市环境噪声管理条例》第二十八条第二款,"截断后缀"",""",环境保护
"《杭州市环境噪声管理条例》第四十一条第一款第(六)项“对违反本条,",《杭州市环境噪声管理条例》第四十一条第一款第(六)项,"截断后缀""“对违反本条,""",环境保护
《杭州市环境噪声管理条例》第四十一条第一款第(六)项处罚决定:罚款,《杭州市环境噪声管理条例》第四十一条第一款第(六)项,"截断后缀""处罚决定:罚款""",环境保护
《杭州市环境噪声管理条例》第四十一条第一款第（六）项“对违反本条,《杭州市环境噪声管理条例》第四十一条第一款第（六）项,"截断后缀""“对违反本条""",环境保护
《中华人民共和国森林法》第三十七条第一款规定,《中华人民共和国森林法》第三十七条第一款,"截断后缀""规定""",环境保护
《杭州市环境噪声管理条例》第四十一条第一款第（六）项n行政处罚决定:罚款,《杭州市环境噪声管理条例》第四十一条第一款第（六）项,"截断后缀""n行政处罚决定:罚款""",环境保护
《杭州市环境噪声管理条例》第四十一条第一款第(十)项行政处罚决定:罚款,《杭州市环境噪声管理条例》第四十一条第一款第(十)项,"截断后缀""行政处罚决定:罚款""",环境保护
《杭州市环境噪声管理条例》第四十一条第一款第(六)项行政处罚决定:罚款,《杭州市环境噪声管理条例》第四十一条第一款第(六)项,"截断后缀""行政处罚决定:罚款""",环境保护
"《杭州市城市绿化管理条例》第二十一条第（五）项,",《杭州市城市绿化管理条例》第二十一条第（五）项,"截断后缀"",""",环境保护
《杭州市城市绿化管理条例》第三十四条处罚决定:责令改正并处罚款,《杭州市城市绿化管理条例》第三十四条,"截断后缀""处罚决定:责令改正并处罚款""",环境保护
《杭州市城市绿化管理条例》第三十四条处罚决定:罚款,《杭州市城市绿化管理条例》第三十四条,"截断后缀""处罚决定:罚款""",环境保护
《杭州市城市绿化管理条例》第三十五条行政处罚决定:罚款,《杭州市城市绿化管理条例》第三十五条,"截断后缀""行政处罚决定:罚款""",环境保护
《杭州市城市绿化管理条例》第三十七条、,《杭州市城市绿化管理条例》第三十七条,"截断后缀""、""",环境保护
《杭州市环境噪声管理条例》第四十一条第一款第（六）项行政处罚决定:罚款,《杭州市环境噪声管理条例》第四十一条第一款第（六）项,"截断后缀""行政处罚决定:罚款""",环境保护
《杭州市环境噪声管理条例》第四十一条第一款第（六）项行政处罚决定：罚款,《杭州市环境噪声管理条例》第四十一条第一款第（六）项,"截断后缀""行政处罚决定：罚款""",环境保护
《武汉市市容环境卫生管理条例》第三十条第一、二款,《武汉市市容环境卫生管理条例》第三十条,"截断后缀""第一、二款""",环境保护
《中华人民共和国大气污染防治法》第四十八条规定和,《中华人民共和国大气污染防治法》第四十八条,"截断后缀""规定和""",环境保护
《森林法》第七十三条违反本法规定,《森林法》第七十三条,"截断后缀""违反本法规定""",环境保护
《中华人民共和国建设项目环境保护管理条例》第二十三条第一款“违反本条,《中华人民共和国建设项目环境保护管理条例》第二十三条第一款,"截断后缀""“违反本条""",环境保护
《汕头市环境噪声污染防治条例》第四十六条和五十五条,《汕头市环境噪声污染防治条例》第四十六条,"截断后缀""和五十五条""",环境保护
《中华人民共和国林森林法》第七十三条、,《中华人民共和国林森林法》第七十三条,"截断后缀""、""",环境保护
《中华人民共和国森林法》第七十三条第一款:责令限期恢复植被和林业生产条,《中华人民共和国森林法》第七十三条第一款,"截断后缀"":责令限期恢复植被和林业生产条""",环境保护
《中华人民共和国森林法》第七十三条第三款与,《中华人民共和国森林法》第七十三条第三款,"截断后缀""与""",环境保护
《杭州市城市市容和环境卫生管理条例》第五十一条第一款行政处罚种类及金额:罚款,《杭州市城市市容和环境卫生管理条例》第五十一条第一款,"截断后缀""行政处罚种类及金额:罚款""",环境保护
《杭州市城市市容和环境卫生管理条例》第五十一条第一款行政处罚依据:,《杭州市城市市容和环境卫生管理条例》第五十一条第一款,"截断后缀""行政处罚依据:""",环境保护
"《杭州市城市市容和环境卫生管理条例》第五十一条第一款,",《杭州市城市市容和环境卫生管理条例》第五十一条第一款,"截断后缀"",""",环境保护
《杭州市城市市容和环境卫生管理条例》第三十六条第一款行政处罚决定:罚款,《杭州市城市市容和环境卫生管理条例》第三十六条第一款,"截断后缀""行政处罚决定:罚款""",环境保护
《中华人民共和国水污染防治法》第七十五条第二款“除前款,《中华人民共和国水污染防治法》第七十五条第二款,"截断后缀""“除前款""",环境保护
《中华人民共和国水污染防治法》第七十五条第二款：“除前款,《中华人民共和国水污染防治法》第七十五条第二款,"截断后缀""：“除前款""",环境保护
《中华人民共和国水污染防治法》第三十五条之规定：依据,《中华人民共和国水污染防治法》第三十五条之规定,"截断后缀""：依据""",环境保护
《中华人民共和国水污染防治法》第九条、,《中华人民共和国水污染防治法》第九条,"截断后缀""、""",环境保护
"《中华人民共和国水污染防治法》第三十九条之规定,依据",《中华人民共和国水污染防治法》第三十九条之规定,"截断后缀"",依据""",环境保护
《中华人民共和国水污染防治法》第一工程有限公司南沿江城际铁路项,《中华人民共和国水污染防治法》,"截断后缀""第一工程有限公司南沿江城际铁路项""",环境保护
《中华人民共和国环境影响评价法》第三十一条第一款和,《中华人民共和国环境影响评价法》第三十一条第一款,"截断后缀""和""",环境保护
《杭州市城市市容和环境卫生管理条例》第六十一条第二款行政处罚种类及金额:罚款,《杭州市城市市容和环境卫生管理条例》第六十一条第二款,"截断后缀""行政处罚种类及金额:罚款""",环境保护
《杭州市城市市容和环境卫生管理条例》第六十一条第二款行政处罚决定：罚款,《杭州市城市市容和环境卫生管理条例》第六十一条第二款,"截断后缀""行政处罚决定：罚款""",环境保护
《杭州市城市市容和环境卫生管理条例》第六十一条第二款行政处罚决定:罚款,《杭州市城市市容和环境卫生管理条例》第六十一条第二款,"截断后缀""行政处罚决定:罚款""",环境保护
《杭州市城市市容和环境卫生管理条例》第六十一条第二款的规定：“违反前款,《杭州市城市市容和环境卫生管理条例》第六十一条第二款的规定,"截断后缀""：“违反前款""",环境保护
《杭州市城市市容和环境卫生管理条例》第六十一条第二款的规定:“违反前款,《杭州市城市市容和环境卫生管理条例》第六十一条第二款的规定,"截断后缀"":“违反前款""",环境保护
《杭州市城市市容和环境卫生管理条例》第六十一条第二款处罚决定:罚款,《杭州市城市市容和环境卫生管理条例》第六十一条第二款,"截断后缀""处罚决定:罚款""",环境保护
《杭州市城市市容和环境卫生管理条例》第五十条第四款行政处罚的履行方式：到指定银行缴纳罚款,《杭州市城市市容和环境卫生管理条例》第五十条第四款,"截断后缀""行政处罚的履行方式：到指定银行缴纳罚款""",环境保护
《杭州市城市市容和环境卫生管理条例》第五十条第四款行政处罚决定:罚款,《杭州市城市市容和环境卫生管理条例》第五十条第四款,"截断后缀""行政处罚决定:罚款""",环境保护
"《杭州市城市市容和环境卫生管理条例》第五十条第二款,",《杭州市城市市容和环境卫生管理条例》第五十条第二款,"截断后缀"",""",环境保护
"《杭州市城市市容和环境卫生管理条例》第五十条第一款,",《杭州市城市市容和环境卫生管理条例》第五十条第一款,"截断后缀"",""",环境保护
《杭州市城市市容和环境卫生管理条例》第四十五条第二款行政处罚决定:罚款,《杭州市城市市容和环境卫生管理条例》第四十五条第二款,"截断后缀""行政处罚决定:罚款""",环境保护
《杭州市城市市容和环境卫生管理条例》第六十条第一款处罚种类：罚款,《杭州市城市市容和环境卫生管理条例》第六十条第一款,"截断后缀""处罚种类：罚款""",环境保护
《杭州市城市市容和环境卫生管理条例》第六十条第二款处罚决定：罚款,《杭州市城市市容和环境卫生管理条例》第六十条第二款,"截断后缀""处罚决定：罚款""",环境保护
《杭州市城市市容和环境卫生管理条例》第六十条第二款“违反前款,《杭州市城市市容和环境卫生管理条例》第六十条第二款,"截断后缀""“违反前款""",环境保护
《中华人民共和国大气污染防治法》第四十八条的违法行为处以罚款,《中华人民共和国大气污染防治法》第四十八条,"截断后缀""的违法行为处以罚款""",环境保护
《中华人民共和国大气污染防治法》第四十八条:依据?,《中华人民共和国大气污染防治法》第四十八条,"截断后缀"":依据?""",环境保护
《中华人民共和国森林法实施条例》第四十三条第一款、,《中华人民共和国森林法实施条例》第四十三条第一款,"截断后缀""、""",环境保护
《杭州市城市市容和环境卫生管理条例》第五十一条第二款行政处罚的履行方式:到指定银行缴纳罚款,《杭州市城市市容和环境卫生管理条例》第五十一条第二款,"截断后缀""行政处罚的履行方式:到指定银行缴纳罚款""",环境保护
《杭州市城市市容和环境卫生管理条例》第五十一条第二款行政处罚决定:罚款,《杭州市城市市容和环境卫生管理条例》第五十一条第二款,"截断后缀""行政处罚决定:罚款""",环境保护
"《杭州市城市市容和环境卫生管理条例》第五十一条第二款的规定,拟对你(单位)作出如下行政处罚:罚款",《杭州市城市市容和环境卫生管理条例》第五十一条第二款的规定,"截断后缀"",拟对你(单位)作出如下行政处罚:罚款""",环境保护
"《中华人民共和国森林法实施条例》第十六条第(一)项,",《中华人民共和国森林法实施条例》第十六条第(一)项,"截断后缀"",""",环境保护
《中华人民共和国森林法实施条例》第四十三条的规定;1、处罚款,《中华人民共和国森林法实施条例》第四十三条的规定,"截断后缀"";1、处罚款""",环境保护
《中华人民共和国环境影响评价法》第三十一条第一款关于“建设单位未依法报批建设项,《中华人民共和国环境影响评价法》第三十一条第一款,"截断后缀""关于“建设单位未依法报批建设项""",环境保护
《中华人民共和国环境影响评价法》第三十一条第一款规定,《中华人民共和国环境影响评价法》第三十一条第一款,"截断后缀""规定""",环境保护
《建设项目环境保护管理条例》第二十三条的规定：“建设项,《建设项目环境保护管理条例》第二十三条的规定,"截断后缀""：“建设项""",环境保护
《建设项目环境保护管理条例》第二十三条的规定:“建设项,《建设项目环境保护管理条例》第二十三条的规定,"截断后缀"":“建设项""",环境保护
《建设项目环境保护管理条例》第二十三条及,《建设项目环境保护管理条例》第二十三条,"截断后缀""及""",环境保护
《建设项目环境保护管理条例》第二十三条关于“违反本条,《建设项目环境保护管理条例》第二十三条,"截断后缀""关于“违反本条""",环境保护
《建设项目环境保护管理条例》第二十三条关于“建设项,《建设项目环境保护管理条例》第二十三条,"截断后缀""关于“建设项""",环境保护
《建设项目环境保护管理条例》第二十三条、,《建设项目环境保护管理条例》第二十三条,"截断后缀""、""",环境保护
《建设项目环境保护管理条例》第二十三条“违反本条,《建设项目环境保护管理条例》第二十三条,"截断后缀""“违反本条""",环境保护
《中华人民共和国大气污染防治法》第一百二十一条、,《中华人民共和国大气污染防治法》第一百二十一条,"截断后缀""、""",环境保护
《建设项目环境保护管理条例》第二十三条第一款“违反本条,《建设项目环境保护管理条例》第二十三条第一款,"截断后缀""“违反本条""",环境保护
《建设项目环境保护管理条例》第二十三条第一款及,《建设项目环境保护管理条例》第二十三条第一款,"截断后缀""及""",环境保护
《建设项目环境保护管理条例》第二十三条第一款的裁量标准（罚款,《建设项目环境保护管理条例》第二十三条第一款,"截断后缀""的裁量标准（罚款""",环境保护
《建设项目环境保护管理条例》第二十三条第一款规定：“违反本条,《建设项目环境保护管理条例》第二十三条第一款,"截断后缀""规定：“违反本条""",环境保护
《建设项目环境保护管理条例》第二十八条关于“违反本条例规定,《建设项目环境保护管理条例》第二十八条,"截断后缀""关于“违反本条例规定""",环境保护
"《建设项目环境保护管理条例》第二十八条关于“违反本条,",《建设项目环境保护管理条例》第二十八条,"截断后缀""关于“违反本条,""",环境保护
《建设项目环境保护管理条例》第二十八条关于“违反本条,《建设项目环境保护管理条例》第二十八条,"截断后缀""关于“违反本条""",环境保护
《建设项目环境保护管理条例》第二十八条之规定罚款,《建设项目环境保护管理条例》第二十八条之规定,"截断后缀""罚款""",环境保护
《建设项目环境保护管理条例》第二十八条之规定:“违反本条例规定,《建设项目环境保护管理条例》第二十八条之规定,"截断后缀"":“违反本条例规定""",环境保护
《建设项目环境保护管理条例》第二十八条“违反本条例规定,《建设项目环境保护管理条例》第二十八条,"截断后缀""“违反本条例规定""",环境保护
《建设项目环境保护管理条例》第二十八条“违反本条,《建设项目环境保护管理条例》第二十八条,"截断后缀""“违反本条""",环境保护
《建设项目环境保护管理条例》第二十八条:违反本条例规定,《建设项目环境保护管理条例》第二十八条,"截断后缀"":违反本条例规定""",环境保护
《建设项目环境保护管理条例》第二十三条：“违反本条,《建设项目环境保护管理条例》第二十三条,"截断后缀""：“违反本条""",环境保护
《建设项目环境保护管理条例》第二十三条：“建设项,《建设项目环境保护管理条例》第二十三条,"截断后缀""：“建设项""",环境保护
《建设项目环境保护管理条例》第二十三条违反本条,《建设项目环境保护管理条例》第二十三条,"截断后缀""违反本条""",环境保护
《建设项目环境保护管理条例》第二十三条第一款：“违反本条,《建设项目环境保护管理条例》第二十三条第一款,"截断后缀""：“违反本条""",环境保护
《建设项目环境保护管理条例》第二十八条“建设项,《建设项目环境保护管理条例》第二十八条,"截断后缀""“建设项""",环境保护
《建设项目环境保护管理条例》第二十三条“违反本条,《建设项目环境保护管理条例》第二十三条,"截断后缀""“违反本条""",环境保护
《建设项目环境保护管理条例》第253号）第十六条关于“建设项,《建设项目环境保护管理条例》第253号）第十六条,"截断后缀""关于“建设项""",环境保护
《中华人民共和国大气污染防治法》第一百一十五条规定,《中华人民共和国大气污染防治法》第一百一十五条,"截断后缀""规定""",环境保护
《中华人民共和国大气污染防治法》第一百一十五条第（二）款规定决定对被处罚单位处以罚款,《中华人民共和国大气污染防治法》第一百一十五条第（二）款,"截断后缀""规定决定对被处罚单位处以罚款""",环境保护
《中华人民共和国大气污染防治法》第一百一十八条第一款、,《中华人民共和国大气污染防治法》第一百一十八条第一款,"截断后缀""、""",环境保护
《建设项目环境保护管理条例》第682号)第二十三条第一款“违反本条,《建设项目环境保护管理条例》第682号)第二十三条第一款,"截断后缀""“违反本条""",环境保护
《建设项目环境保护管理条例》第二十三条“建设项,《建设项目环境保护管理条例》第二十三条,"截断后缀""“建设项""",环境保护
《建设项目环境保护管理条例》第二十三条:“违反本条,《建设项目环境保护管理条例》第二十三条,"截断后缀"":“违反本条""",环境保护
《建设项目环境保护管理条例》第二十三条:“建设项,《建设项目环境保护管理条例》第二十三条,"截断后缀"":“建设项""",环境保护
《建设项目环境保护管理条例》第二十一条第（一）项、,《建设项目环境保护管理条例》第二十一条第（一）项,"截断后缀""、""",环境保护
《建设项目环境保护管理条例》第九条第一款“建设单位应当在建设项目可行性研究阶段报批建设项,《建设项目环境保护管理条例》第九条第一款,"截断后缀""“建设单位应当在建设项目可行性研究阶段报...""",环境保护
《中华人民共和国大气污染防治法》第一百一十八条第一款及,《中华人民共和国大气污染防治法》第一百一十八条第一款,"截断后缀""及""",环境保护
《建设项目环境保护管理条例》第九条“建设单位应当在建设项目可行性研究阶段报批建设项,《建设项目环境保护管理条例》第九条,"截断后缀""“建设单位应当在建设项目可行性研究阶段报...""",环境保护
《建设项目环境保护管理条例》第二十八条的规定:“违反本条例规定,《建设项目环境保护管理条例》第二十八条的规定,"截断后缀"":“违反本条例规定""",环境保护
《建设项目环境保护管理条例》第二十八条规定：处以罚款,《建设项目环境保护管理条例》第二十八条,"截断后缀""规定：处以罚款""",环境保护
《建设项目环境保护管理条例》第十六条“建设项,《建设项目环境保护管理条例》第十六条,"截断后缀""“建设项""",环境保护
《建设项目环境保护管理条例》第十六条:建设项,《建设项目环境保护管理条例》第十六条,"截断后缀"":建设项""",环境保护
《建设项目环境保护管理条例》第十五条：“建设项,《建设项目环境保护管理条例》第十五条,"截断后缀""：“建设项""",环境保护
《中华人民共和国大气污染防治法》第一百零七条的违法情形执行人民币三万元罚款,《中华人民共和国大气污染防治法》第一百零七条,"截断后缀""的违法情形执行人民币三万元罚款""",环境保护
《中华人民共和国大气污染防治法》第一百条第三项罚款,《中华人民共和国大气污染防治法》第一百条第三项,"截断后缀""罚款""",环境保护
《中华人民共和国环境影响评价法》第三十一条第一款第二款“建设单位未依法报批建设项,《中华人民共和国环境影响评价法》第三十一条第一款第二款,"截断后缀""“建设单位未依法报批建设项""",环境保护
《建设项目环境保护管理条例》第十五条、第十九条之规定;依据,《建设项目环境保护管理条例》第十五条、第十九条之规定,"截断后缀"";依据""",环境保护
《建设项目环境保护管理条例》第二十条第一款：“建设项,《建设项目环境保护管理条例》第二十条第一款,"截断后缀""：“建设项""",环境保护
《建设项目环境保护管理条例》第二十条第一款之规定：“建设项,《建设项目环境保护管理条例》第二十条第一款之规定,"截断后缀""：“建设项""",环境保护
《建设项目环境保护管理条例》第二十条第一款“建设项目竣工后,《建设项目环境保护管理条例》第二十条第一款,"截断后缀""“建设项目竣工后""",环境保护
《建设项目环境保护管理条例》第二十条第一款“建设项,《建设项目环境保护管理条例》第二十条第一款,"截断后缀""“建设项""",环境保护
《建设项目环境保护管理条例》第二十条第一款:建设项目竣工后,《建设项目环境保护管理条例》第二十条第一款,"截断后缀"":建设项目竣工后""",环境保护
《建设项目环境保护管理条例》第二十条“建设项,《建设项目环境保护管理条例》第二十条,"截断后缀""“建设项""",环境保护
《建设项目环境保护管理条例》第二十八条：“违反本条,《建设项目环境保护管理条例》第二十八条,"截断后缀""：“违反本条""",环境保护
《建设项目环境保护管理条例》第二十八条进行处罚,《建设项目环境保护管理条例》第二十八条,"截断后缀""进行处罚""",环境保护
《建设项目环境保护管理条例》第十七条第一款“编制环境影响报告书、环境影响报告表的建设项,《建设项目环境保护管理条例》第十七条第一款,"截断后缀""“编制环境影响报告书、环境影响报告表的建...""",环境保护
《建设项目环境保护管理条例》第十五条“建设项,《建设项目环境保护管理条例》第十五条,"截断后缀""“建设项""",环境保护
《建设项目环境保护管理条例》第十九条：“编制环境影响报告书、环境影响报告表的建设项,《建设项目环境保护管理条例》第十九条,"截断后缀""：“编制环境影响报告书、环境影响报告表的...""",环境保护
《建设项目环境保护管理条例》第十九条编制环境影响报告书、环境影响报告表的建设项,《建设项目环境保护管理条例》第十九条,"截断后缀""编制环境影响报告书、环境影响报告表的建设...""",环境保护
《建设项目环境保护管理条例》第十九条第一款“编制环境影响报告书、环境影响报告表的建设项,《建设项目环境保护管理条例》第十九条第一款,"截断后缀""“编制环境影响报告书、环境影响报告表的建...""",环境保护
《建设项目环境保护管理条例》第十九条“编制环境影响报告书、环境影响报告表的建设项,《建设项目环境保护管理条例》第十九条,"截断后缀""“编制环境影响报告书、环境影响报告表的建...""",环境保护
《建设项目环境保护管理条例》第十九条第一款、,《建设项目环境保护管理条例》第十九条第一款,"截断后缀""、""",环境保护
《建筑给水排水与节水通用规范》第3.3.1.3条,《建筑给水排水与节水通用规范》,"截断后缀""第3.3.1.3条""",环境保护
《中华人民共和国大气污染防治法》第一百一十五条第一款第(一)项行政处罚决定:罚款,《中华人民共和国大气污染防治法》第一百一十五条第一款第(一)项,"截断后缀""行政处罚决定:罚款""",环境保护
《中华人民共和国大气污染防治法》第一百一十五条第一款第(一)项处以罚款,《中华人民共和国大气污染防治法》第一百一十五条第一款第(一)项,"截断后缀""处以罚款""",环境保护
《中华人民共和国大气污染防治法》第一百一十五条处罚决定:罚款,《中华人民共和国大气污染防治法》第一百一十五条,"截断后缀""处罚决定:罚款""",环境保护
《中华人民共和国大气污染防治法》第一百一十五条以及,《中华人民共和国大气污染防治法》第一百一十五条,"截断后缀""以及""",环境保护
《中华人民共和国大气污染防治法》第一百一十五条、,《中华人民共和国大气污染防治法》第一百一十五条,"截断后缀""、""",环境保护
《中华人民共和国大气污染防治法》第一百一十五条处罚决定：罚款,《中华人民共和国大气污染防治法》第一百一十五条,"截断后缀""处罚决定：罚款""",环境保护
《中华人民共和国大气污染防治法》第一百一十五条第一款规定,《中华人民共和国大气污染防治法》第一百一十五条第一款,"截断后缀""规定""",环境保护
"《中华人民共和大气污染防治法法》第六十九条,",《中华人民共和大气污染防治法法》第六十九条,"截断后缀"",""",环境保护
《中华人民共和国大气污染防治法》第一百一十五条第一款第(一)项规定,《中华人民共和国大气污染防治法》第一百一十五条第一款第(一)项,"截断后缀""规定""",环境保护
《中华人民共和国大气污染防治法》第一百一十五条第一款第一、二项,《中华人民共和国大气污染防治法》第一百一十五条第一款,"截断后缀""第一、二项""",环境保护
《中华人民共和国大气污染防治法》第一百一十五条第一款第(二)项规定,《中华人民共和国大气污染防治法》第一百一十五条第一款第(二)项,"截断后缀""规定""",环境保护
《中国人民共和国森林法》第三十九条;,《中国人民共和国森林法》第三十九条,"截断后缀"";""",环境保护
《中华人民共和国大气污染防治法》第六十九条第三款和,《中华人民共和国大气污染防治法》第六十九条第三款,"截断后缀""和""",环境保护
《中华人民共和国大气污染防治法》第六十九条第三款及,《中华人民共和国大气污染防治法》第六十九条第三款,"截断后缀""及""",环境保护
《中华人民共和国大气污染防治法》第六十九条第三款、,《中华人民共和国大气污染防治法》第六十九条第三款,"截断后缀""、""",环境保护
《中华人民共和国大气污染防治法》第六十九条第三、五款,《中华人民共和国大气污染防治法》第六十九条,"截断后缀""第三、五款""",环境保护
《中华人民共和国大气污染防治法》第六十九条三款,《中华人民共和国大气污染防治法》第六十九条,"截断后缀""三款""",环境保护
《中华人民共和国大气污染防治法》第十一条第一款、第三款和,《中华人民共和国大气污染防治法》第十一条第一款、第三款,"截断后缀""和""",环境保护
《中华人民共和国大气污染防治法》第八十条规定,《中华人民共和国大气污染防治法》第八十条,"截断后缀""规定""",环境保护
《中华人民共和国大气污染防治法》第十一条第三款、,《中华人民共和国大气污染防治法》第十一条第三款,"截断后缀""、""",环境保护
《中华人民共和国大气污染防治法》第十八条：“企业事业单位和其他生产经营者建设对大气环境有影响的项,《中华人民共和国大气污染防治法》第十八条,"截断后缀""：“企业事业单位和其他生产经营者建设对大...""",环境保护
《中华人民共和国大气污染防治法》第十八条的规定;依据,《中华人民共和国大气污染防治法》第十八条的规定,"截断后缀"";依据""",环境保护
《中华人民共和国大气污染防治法》第十八条“企业事业单位和其他生产经营者建设对大气环境有影响的项,《中华人民共和国大气污染防治法》第十八条,"截断后缀""“企业事业单位和其他生产经营者建设对大气...""",环境保护
《中华人民共和国大气污染防治法》第十八条;依据,《中华人民共和国大气污染防治法》第十八条,"截断后缀"";依据""",环境保护
《中华人民共和国大气污染防治法》第十二条第二款关于“前款,《中华人民共和国大气污染防治法》第十二条第二款,"截断后缀""关于“前款""",环境保护
《中华人民共和国大气污染防治法》第一百零七条第一款按肆万元罚款,《中华人民共和国大气污染防治法》第一百零七条第一款,"截断后缀""按肆万元罚款""",环境保护
《中华人民共和国大气污染防治法》第二十四条第一款、,《中华人民共和国大气污染防治法》第二十四条第一款,"截断后缀""、""",环境保护
《中华人民共和国大气污染防治法》第二十四条和第一百条第二款进行罚款,《中华人民共和国大气污染防治法》第二十四条和第一百条第二款,"截断后缀""进行罚款""",环境保护
《中华人民共和国大气污染防治法》第二十四条和,《中华人民共和国大气污染防治法》第二十四条,"截断后缀""和""",环境保护
《中华人民共和国大气污染防治法》第九十六条、,《中华人民共和国大气污染防治法》第九十六条,"截断后缀""、""",环境保护
《中华人民共和国大气污染防治法》第八十一条第一款、,《中华人民共和国大气污染防治法》第八十一条第一款,"截断后缀""、""",环境保护
《中华人民共和国大气污染防治法》第五十一条第一款规定,《中华人民共和国大气污染防治法》第五十一条第一款,"截断后缀""规定""",环境保护
《中华人民共和国大气污染防治法》第二十条第二款、第四十五条、,《中华人民共和国大气污染防治法》第二十条第二款、第四十五条,"截断后缀""、""",环境保护
"《中华人民共和国大气污染防治法》第二十条第二款,",《中华人民共和国大气污染防治法》第二十条第二款,"截断后缀"",""",环境保护
《中华人民共和国环境影响评价法》第二十二条第一款、,《中华人民共和国环境影响评价法》第二十二条第一款,"截断后缀""、""",环境保护
《中华人民共和国环境影响评价法》第二十二条第一款及,《中华人民共和国环境影响评价法》第二十二条第一款,"截断后缀""及""",环境保护
《中华人民共和国环境影响评价法》第二十二条第一款和,《中华人民共和国环境影响评价法》第二十二条第一款,"截断后缀""和""",环境保护
《中华人民共和国环境影响评价法》第二十二条第一款：“建设项,《中华人民共和国环境影响评价法》第二十二条第一款,"截断后缀""：“建设项""",环境保护
《中华人民共和国环境影响评价法》第二十二条第二款、,《中华人民共和国环境影响评价法》第二十二条第二款,"截断后缀""、""",环境保护
《中华人民共和国环境影响评价法》第二十五条:“建设项,《中华人民共和国环境影响评价法》第二十五条,"截断后缀"":“建设项""",环境保护
《中华人民共和国环境影响评价法》第二十五条:依据,《中华人民共和国环境影响评价法》第二十五条,"截断后缀"":依据""",环境保护
《中华人民共和国环境影响评价法》第二十五条“建设项,《中华人民共和国环境影响评价法》第二十五条,"截断后缀""“建设项""",环境保护
《中华人民共和国环境影响评价法》第二十五条、,《中华人民共和国环境影响评价法》第二十五条,"截断后缀""、""",环境保护
《中华人民共和国环境影响评价法》第二十二条第一款“建设项,《中华人民共和国环境影响评价法》第二十二条第一款,"截断后缀""“建设项""",环境保护
《中华人民共和国环境影响评价法》第二十五条之规定：建设项,《中华人民共和国环境影响评价法》第二十五条之规定,"截断后缀""：建设项""",环境保护
《中华人民共和国环境影响评价法》第二十二条和,《中华人民共和国环境影响评价法》第二十二条,"截断后缀""和""",环境保护
《中华人民共和国环境影响评价法》第三十一条第一款规定:建设单位未依法报批建设项,《中华人民共和国环境影响评价法》第三十一条第一款,"截断后缀""规定:建设单位未依法报批建设项""",环境保护
《中华人民共和国环境影响评价法》第三十一条第一款规定：,《中华人民共和国环境影响评价法》第三十一条第一款,"截断后缀""规定：""",环境保护
《中华人民共和国环境影响评价法》第三十一条第一款规定：建设单位未依法报批建设项,《中华人民共和国环境影响评价法》第三十一条第一款,"截断后缀""规定：建设单位未依法报批建设项""",环境保护
《中华人民共和国环境影响评价法》第三十一条第一款：“建设单位未依法报批建设项,《中华人民共和国环境影响评价法》第三十一条第一款,"截断后缀""：“建设单位未依法报批建设项""",环境保护
《中华人民共和国环境影响评价法》第三十一条第一款：“建设单位未依法报批建设项,《中华人民共和国环境影响评价法》第三十一条第一款,"截断后缀""：“建设单位未依法报批建设项""",环境保护
《中华人民共和国环境影响评价法》第三十一条第一款：建设单位未依法报批建设项,《中华人民共和国环境影响评价法》第三十一条第一款,"截断后缀""：建设单位未依法报批建设项""",环境保护
《中华人民共和国环境影响评价法》第三十一条第三款“建设单位未依法备案建设项,《中华人民共和国环境影响评价法》第三十一条第三款,"截断后缀""“建设单位未依法备案建设项""",环境保护
《中华人民共和国环境影响评价法》第三十一条第二款“建设项,《中华人民共和国环境影响评价法》第三十一条第二款,"截断后缀""“建设项""",环境保护
《中华人民共和国环境影响评价法》第二十二、第二十五条和,《中华人民共和国环境影响评价法》第二十二、第二十五条,"截断后缀""和""",环境保护
《中华人民共和国环境影响评价法》第二十二条“建设项,《中华人民共和国环境影响评价法》第二十二条,"截断后缀""“建设项""",环境保护
《中华人民共和国环境影响评价法》第二十五条和,《中华人民共和国环境影响评价法》第二十五条,"截断后缀""和""",环境保护
《中华人民共和国环境影响评价法》第二十五条的规定：建设项,《中华人民共和国环境影响评价法》第二十五条的规定,"截断后缀""：建设项""",环境保护
《中华人民共和国环境影响评价法》第十六条第二款第(二)项、第二十二条第一款、,《中华人民共和国环境影响评价法》第十六条第二款第(二)项、第二十二条第一款,"截断后缀""、""",环境保护
《中华人民共和国环境影响评价法》第十六条：“国家根据建设项,《中华人民共和国环境影响评价法》第十六条,"截断后缀""：“国家根据建设项""",环境保护
《中华人民共和国大气污染防治法》第四十五条、,《中华人民共和国大气污染防治法》第四十五条,"截断后缀""、""",环境保护
《中华人民共和国环境影响评价法》第十六条第二款“国家根据建设项,《中华人民共和国环境影响评价法》第十六条第二款,"截断后缀""“国家根据建设项""",环境保护
《中华人民共和国环境影响评价法》第二十五条规定,《中华人民共和国环境影响评价法》第二十五条,"截断后缀""规定""",环境保护
《中华人民共和国环境影响评价法》第二十五条：“建设项,《中华人民共和国环境影响评价法》第二十五条,"截断后缀""：“建设项""",环境保护
"《中华人民共和国环境影响评价法》第二十五条：“建设项,",《中华人民共和国环境影响评价法》第二十五条,"截断后缀""：“建设项,""",环境保护
《中华人民共和国环境影响评价法》第二十五条：建设项,《中华人民共和国环境影响评价法》第二十五条,"截断后缀""：建设项""",环境保护
《中华人民共和国环境影响评价法》第二十四条第一款“建设项,《中华人民共和国环境影响评价法》第二十四条第一款,"截断后缀""“建设项""",环境保护
《中华人民共和国环境影响评价法》第二十四条第一款和,《中华人民共和国环境影响评价法》第二十四条第一款,"截断后缀""和""",环境保护
《中华人民共和国环境影响评价法》第十六条、,《中华人民共和国环境影响评价法》第十六条,"截断后缀""、""",环境保护
《中华人民共和国环境影响评价法》第十六条、第二十二条第一款、第二十五条和,《中华人民共和国环境影响评价法》第十六条、第二十二条第一款、第二十五条,"截断后缀""和""",环境保护
《中华人民共和国环境影响评价法》第二十四条第一款、,《中华人民共和国环境影响评价法》第二十四条第一款,"截断后缀""、""",环境保护
《中华人民共和国大气污染防治法》第九十九条第二项处罚决定：行政罚款,《中华人民共和国大气污染防治法》第九十九条第二项,"截断后缀""处罚决定：行政罚款""",环境保护
《中华人民共和国大气污染防治法》第一百零八条第一项的规定罚款,《中华人民共和国大气污染防治法》第一百零八条第一项的规定,"截断后缀""罚款""",环境保护
《中华人民共和国大气污染防治法》第一百零八条第五项、,《中华人民共和国大气污染防治法》第一百零八条第五项,"截断后缀""、""",环境保护
"《中华人民共和国大气污染防治法》第七十二条第一款,",《中华人民共和国大气污染防治法》第七十二条第一款,"截断后缀"",""",环境保护
"《中华人民共和国大气污染防治法》第七十二条,依据",《中华人民共和国大气污染防治法》第七十二条,"截断后缀"",依据""",环境保护
《中华人民共和国大气污染防治法》第九十九条第﹝一﹞项,《中华人民共和国大气污染防治法》第九十九条,"截断后缀""第﹝一﹞项""",环境保护
《中华人民共和国大气污染防治法》第一百零八条第﹝一﹞项,《中华人民共和国大气污染防治法》第一百零八条,"截断后缀""第﹝一﹞项""",环境保护
《中华人民共和国大气污染防治法》第一百零八条第六项的规定罚款,《中华人民共和国大气污染防治法》第一百零八条第六项的规定,"截断后缀""罚款""",环境保护
《建设项目竣工环境保护验收暂行办法》第八条第二项和,《建设项目竣工环境保护验收暂行办法》第八条第二项,"截断后缀""和""",环境保护
《中华人民共和国大气污染防治法》第一百零八条第(五)项规定我局拟对你公司作出以下行政处罚:罚款,《中华人民共和国大气污染防治法》第一百零八条第(五)项,"截断后缀""规定我局拟对你公司作出以下行政处罚:罚款""",环境保护
《中华人民共和国大气污染防治法》第七十二条第一款、,《中华人民共和国大气污染防治法》第七十二条第一款,"截断后缀""、""",环境保护
《徐州市大气污染防治条例》第四十九条及,《徐州市大气污染防治条例》第四十九条,"截断后缀""及""",环境保护
《中华人民共和国大气污染防治法》第九十九条第(二)项和,《中华人民共和国大气污染防治法》第九十九条第(二)项,"截断后缀""和""",环境保护
《中华人民共和国大气污染防治法》第九十九条处罚决定:罚款,《中华人民共和国大气污染防治法》第九十九条,"截断后缀""处罚决定:罚款""",环境保护
《中华人民共和国大气污染防治法》第九十九条、,《中华人民共和国大气污染防治法》第九十九条,"截断后缀""、""",环境保护
《中华人民共和国大气污染防治法》第九十九条第三项、,《中华人民共和国大气污染防治法》第九十九条第三项,"截断后缀""、""",环境保护
"《中华人民共和国大气污染防治法》第九十九条第三项,",《中华人民共和国大气污染防治法》第九十九条第三项,"截断后缀"",""",环境保护
《中华人民共和国大气污染防治法》第九十九条第一款责令停产整改,《中华人民共和国大气污染防治法》第九十九条第一款,"截断后缀""责令停产整改""",环境保护
《中华人民共和国大气污染防治法》第九十九条第一款第三项及,《中华人民共和国大气污染防治法》第九十九条第一款第三项,"截断后缀""及""",环境保护
《中华人民共和国大气污染防治法》第七十条第一款和,《中华人民共和国大气污染防治法》第七十条第一款,"截断后缀""和""",环境保护
《突发环境事件应急管理办法》第六条及十三条,《突发环境事件应急管理办法》第六条,"截断后缀""及十三条""",环境保护||安全生产
《GB 3836.1-2000爆炸性气体环境用电气设备第一部分：通用要求》第16.2条,《GB 3836.1-2000爆炸性气体环境用电气设备第一部分：通用要求》,"截断后缀""第16.2条""",环境保护||安全生产
《中华人民共和国环境影响评价法》第十六条第三款“国家根据建设项目对环境的影响程度,《中华人民共和国环境影响评价法》第十六条第三款,"截断后缀""“国家根据建设项目对环境的影响程度""",环境保护||建设工程
《中华人民共和国环境影响评价法》第二十四条第一款“建设项目的环境影响评价文件经批准后,《中华人民共和国环境影响评价法》第二十四条第一款,"截断后缀""“建设项目的环境影响评价文件经批准后""",环境保护||建设工程
第028号)、《关于西宁市第一污水处理厂提标改造工程建设项,第028号,"截断后缀"")、《关于西宁市第一污水处理厂提标改造工...""",环境保护||建设工程
《建设项目环保管理条例》二十八条,《建设项目环保管理条例》,"截断后缀""二十八条""",环境保护||建设工程
《建设项目环境影响评价分类管理名录》第二十六类“橡胶和塑料制品业29”第53项“塑料制品业292”的项,《建设项目环境影响评价分类管理名录》第二十六类“橡胶和塑料制品业29”第53项,"截断后缀""“塑料制品业292”的项""",环境保护||建设工程
《杭州市环境噪声管理条例》第四十一条第一款第(六)项行政处罚履行方式:到中国建设银行缴纳罚款,《杭州市环境噪声管理条例》第四十一条第一款第(六)项,"截断后缀""行政处罚履行方式:到中国建设银行缴纳罚款""",环境保护||金融/账户
《杭州市环境噪声管理条例》第四十一条第一款第（八）项n行政处罚的履行方式：指定银行缴纳罚款,《杭州市环境噪声管理条例》第四十一条第一款第（八）项,"截断后缀""n行政处罚的履行方式：指定银行缴纳罚款""",环境保护||金融/账户
《杭州市环境噪声管理条例》第四十一条第一款第（六）项n行政处罚的履行方式：到指定银行缴纳罚款,《杭州市环境噪声管理条例》第四十一条第一款第（六）项,"截断后缀""n行政处罚的履行方式：到指定银行缴纳罚款""",环境保护||金融/账户
《杭州市环境噪声管理条例》第四十一条第一款第（六）项n行政处罚的履行方式：指定银行缴纳罚款,《杭州市环境噪声管理条例》第四十一条第一款第（六）项,"截断后缀""n行政处罚的履行方式：指定银行缴纳罚款""",环境保护||金融/账户
《杭州市环境噪声管理条例》第四十一条第一款第（六）项行政处罚的履行方式：到指定银行缴纳罚款,《杭州市环境噪声管理条例》第四十一条第一款第（六）项,"截断后缀""行政处罚的履行方式：到指定银行缴纳罚款""",环境保护||金融/账户
《杭州市环境噪声管理条例》第四十一条第一款第(六)项行政处罚的履行方式:指定银行缴纳罚款,《杭州市环境噪声管理条例》第四十一条第一款第(六)项,"截断后缀""行政处罚的履行方式:指定银行缴纳罚款""",环境保护||金融/账户
《杭州市环境噪声管理条例》第四十一条第一款第(六)项行政处罚的履行方式:到指定银行缴纳罚款,《杭州市环境噪声管理条例》第四十一条第一款第(六)项,"截断后缀""行政处罚的履行方式:到指定银行缴纳罚款""",环境保护||金融/账户
依据《中华人民共和国电力法》第六十六条,《中华人民共和国电力法》第六十六条,"去除前缀""依据""",电力
《爆炸危险环境电力装置设计规范》第5.2.2项,《爆炸危险环境电力装置设计规范》,"截断后缀""第5.2.2项""",电力
根据《中华人民共和国电力法》第六十六条,《中华人民共和国电力法》第六十六条,"去除前缀""根据""",电力
依据《福建省电力设施建设保护和供用电秩序维护条例》第五十七条规定第一款,《福建省电力设施建设保护和供用电秩序维护条例》第五十七条规定第一款,"去除前缀""依据""",电力
《中华人民共和国电力法》第六十六条处罚内容:1、警告;处11.165万元罚款,《中华人民共和国电力法》第六十六条,"截断后缀""处罚内容:1、警告;处11.165万元罚...""",电力
《福建省电力设施建设保护和供用电秩序维护条例》第二十四条规定,《福建省电力设施建设保护和供用电秩序维护条例》第二十四条,"截断后缀""规定""",电力
《中华人民共和国电力法》第四十四条第一款规定,《中华人民共和国电力法》第四十四条第一款,"截断后缀""规定""",电力
《承装(修、试)电力设施许可证管理办法》第二十四条、第三十四条、,《承装(修、试)电力设施许可证管理办法》第二十四条、第三十四条,"截断后缀""、""",电力
《中华人民共和国个人所得税法》第一、二、三、六、八、九、十三条,《中华人民共和国个人所得税法》,"截断后缀""第一、二、三、六、八、九、十三条""",税收违规
《中华人民共和国个人所得税法》第一、二、三、八条,《中华人民共和国个人所得税法》,"截断后缀""第一、二、三、八条""",税收违规
《中华人民共和国消费税暂行条例》第135号)第一条“在中华人民共和国境内生产、委托加工和进口本条,《中华人民共和国消费税暂行条例》第135号)第一条,"截断后缀""“在中华人民共和国境内生产、委托加工和进...""",税收违规
《河北省规范税务行政处罚裁量权实施办法》第二十条及,《河北省规范税务行政处罚裁量权实施办法》第二十条,"截断后缀""及""",税收违规
《河北省规范税务行政处罚裁量权实施办法》第三十三条第一款规定（偷税（逃避缴纳税款,《河北省规范税务行政处罚裁量权实施办法》第三十三条第一款,"截断后缀""规定（偷税（逃避缴纳税款""",税收违规
《河北省税务行政处罚裁量基准》违反税款,《河北省税务行政处罚裁量基准》,"截断后缀""违反税款""",税收违规
《中华人民共和国增值税暂行条例》第二条、第五条及,《中华人民共和国增值税暂行条例》第二条、第五条,"截断后缀""及""",税收违规
《河北省税务行政处罚裁量基准》第13条规定,《河北省税务行政处罚裁量基准》第13条,"截断后缀""规定""",税收违规
依据《中华人民共和国税收征收管理法》第六十三条第一款,《中华人民共和国税收征收管理法》第六十三条第一款,"去除前缀""依据""",税收违规
《中华人民共和国增值税暂行条例》第九条和,《中华人民共和国增值税暂行条例》第九条,"截断后缀""和""",税收违规
《中华人民共和国增值税暂行条例》第九条及,《中华人民共和国增值税暂行条例》第九条,"截断后缀""及""",税收违规
《中华人民共和国增值税暂行条例》第九条、,《中华人民共和国增值税暂行条例》第九条,"截断后缀""、""",税收违规
"《中华人民共和国增值税暂行条例》第九条,",《中华人民共和国增值税暂行条例》第九条,"截断后缀"",""",税收违规
《中华人民共和国增值税暂行条例》第一条、第四条、第九条、,《中华人民共和国增值税暂行条例》第一条、第四条、第九条,"截断后缀""、""",税收违规
《中华人民共和国增值税暂行条例》第一条、第十九条第一项、第十条第四项、,《中华人民共和国增值税暂行条例》第一条、第十九条第一项、第十条第四项,"截断后缀""、""",税收违规
《中华人民共和国增值税暂行条例》第一条、第五条、第六条及,《中华人民共和国增值税暂行条例》第一条、第五条、第六条,"截断后缀""及""",税收违规
《中华人民共和国企业所得税实施条例》第九条、第四十条、,《中华人民共和国企业所得税实施条例》第九条、第四十条,"截断后缀""、""",税收违规
《中华人民共和国个人所得税法》第二条“下列各项,《中华人民共和国个人所得税法》第二条,"截断后缀""“下列各项""",税收违规
《中华人民共和国个人所得税法》第一条、第三条、,《中华人民共和国个人所得税法》第一条、第三条,"截断后缀""、""",税收违规
《中华人民共和国个人所得税法》第十一条第一款及,《中华人民共和国个人所得税法》第十一条第一款,"截断后缀""及""",税收违规
《中华人民共和国个人所得税法》第二条及,《中华人民共和国个人所得税法》第二条,"截断后缀""及""",税收违规
《中华人民共和国增值税暂行条例实施细则》第十九条、,《中华人民共和国增值税暂行条例实施细则》第十九条,"截断后缀""、""",税收违规
《中华人民共和国增值税暂行条例实施细则》第三十八条：“采取直接收款,《中华人民共和国增值税暂行条例实施细则》第三十八条,"截断后缀""：“采取直接收款""",税收违规
《中华人民共和国增值税暂行条例实施细则》第三十八条第四款“条例第十九条第一款第(一)项规定的收讫销售款项或者取得索取销售款项,《中华人民共和国增值税暂行条例实施细则》第三十八条第四款“条例第十九条第一款第(一)项,"截断后缀""规定的收讫销售款项或者取得索取销售款项""",税收违规
《中华人民共和国增值税暂行条例实施细则》第三十八条“条例第十九条第一款第(一)项规定的收讫销售款项或者取得索取销售款项,《中华人民共和国增值税暂行条例实施细则》第三十八条“条例第十九条第一款第(一)项,"截断后缀""规定的收讫销售款项或者取得索取销售款项""",税收违规
《中华人民共和国增值税暂行条例实施细则》第50号）第十九条、,《中华人民共和国增值税暂行条例实施细则》第50号）第十九条,"截断后缀""、""",税收违规
《中华人民共和国增值税暂行条例实施细则》第十四条、,《中华人民共和国增值税暂行条例实施细则》第十四条,"截断后缀""、""",税收违规
《中华人民共和国增值税暂行条例实施细则》第十条第一款“下列项目的进项税额不得从销项税额中抵扣：（一）用于非增值税应税项目、免征增值税项,《中华人民共和国增值税暂行条例实施细则》第十条第一款“下列项目的进项税额不得从销项税额中抵扣：（一）,"截断后缀""用于非增值税应税项目、免征增值税项""",税收违规
《中华人民共和国增值税暂行条例》第十条第（一）项“下列项目的进项税额不得从销项税额中抵扣：（一）用于非增值税应税项目、免征增值税项,《中华人民共和国增值税暂行条例》第十条第（一）项“下列项目的进项税额不得从销项税额中抵扣：（一）,"截断后缀""用于非增值税应税项目、免征增值税项""",税收违规
《中华人民共和国增值税暂行条例》第十条第（一）款及其,《中华人民共和国增值税暂行条例》第十条第（一）款,"截断后缀""及其""",税收违规
"《中华人民共和国增值税暂行条例》第十条第一项“下列项目的进项税额不得从销项税额中抵扣：用于非增值税应税项目、免征增值税项,",《中华人民共和国增值税暂行条例》第十条第一项,"截断后缀""“下列项目的进项税额不得从销项税额中抵扣...""",税收违规
《中华人民共和国增值税暂行条例》第十条第一项“下列项目的进项税额不得从销项税额中抵扣：用于非增值税应税项目、免征增值税项,《中华人民共和国增值税暂行条例》第十条第一项,"截断后缀""“下列项目的进项税额不得从销项税额中抵扣...""",税收违规
《中华人民共和国增值税暂行条例》第十条“下列项目的进项税额不得从销项税额中抵扣:(一)用于非增值税应税项目、免征增值税项,《中华人民共和国增值税暂行条例》第十条“下列项目的进项税额不得从销项税额中抵扣:(一),"截断后缀""用于非增值税应税项目、免征增值税项""",税收违规
《中华人民共和国增值税暂行条例》第十九条第(一)项:“销售货物或者应税劳务,《中华人民共和国增值税暂行条例》第十九条第(一)项,"截断后缀"":“销售货物或者应税劳务""",税收违规
《中华人民共和国增值税暂行条例》第六条、第八条及第九条、,《中华人民共和国增值税暂行条例》第六条、第八条及第九条,"截断后缀""、""",税收违规
"《中华人民共和国增值税暂行条例》第十条第一项“下列项目的进项税额不得从销项税额中抵扣:用于非增值税应税项目、免征增值税项,",《中华人民共和国增值税暂行条例》第十条第一项,"截断后缀""“下列项目的进项税额不得从销项税额中抵扣...""",税收违规
《中华人民共和国增值税暂行条例》第十条第一项“下列项目的进项税额不得从销项税额中抵扣:用于非增值税应税项目、免征增值税项,《中华人民共和国增值税暂行条例》第十条第一项,"截断后缀""“下列项目的进项税额不得从销项税额中抵扣...""",税收违规
《中华人民共和国增值税暂行条例》第十条第一款“下列项目的进项税额不得从销项税额中抵扣,《中华人民共和国增值税暂行条例》第十条第一款,"截断后缀""“下列项目的进项税额不得从销项税额中抵扣""",税收违规
《中华人民共和国增值税暂行条例》第十条“下列项目的进项税额不得从销项税额中抵扣：（四）用于非增值税应税项目、免征增值税项,《中华人民共和国增值税暂行条例》第十条“下列项目的进项税额不得从销项税额中抵扣：（四）,"截断后缀""用于非增值税应税项目、免征增值税项""",税收违规
《中华人民共和国增值税暂行条例》第十条“下列项目的进项税额不得从销项税额中抵扣：第一款：用于非增值税应税项目、免征增值税项,《中华人民共和国增值税暂行条例》第十条“下列项目的进项税额不得从销项税额中抵扣：第一款,"截断后缀""：用于非增值税应税项目、免征增值税项""",税收违规
《营业税暂行条例实施细则》第二十四条“条例第十二条所称收讫营业收入款项,《营业税暂行条例实施细则》第二十四条“条例第十二条,"截断后缀""所称收讫营业收入款项""",税收违规
《营业税改征增值税试点实施办法四十五条第一项规定：“增值税纳税义务、扣缴义务发生时间为：n纳税人发生应税行为并收讫销售款项或者取得索取销售款项凭据的当天；先开具发票的,《营业税改征增值税试点实施办法四十五条第一项,"截断后缀""规定：“增值税纳税义务、扣缴义务发生时间...""",税收违规
《营业税改征增值税试点实施办法》第四十五条第二项及附件二,《营业税改征增值税试点实施办法》第四十五条第二项,"截断后缀""及附件二""",税收违规
《营业税改征增值税试点实施办法》第十五条第一项“纳税人发生应税行为,《营业税改征增值税试点实施办法》第十五条第一项,"截断后缀""“纳税人发生应税行为""",税收违规
《营业税改征增值税试点实施办法》第二条、第三十五条以及附件,《营业税改征增值税试点实施办法》第二条、第三十五条,"截断后缀""以及附件""",税收违规
《营业税改征增值税试点实施办法》第二十七条第一项“下列项目的进项,《营业税改征增值税试点实施办法》第二十七条第一项,"截断后缀""“下列项目的进项""",税收违规
《营业税改征增值税试点实施办法》第二十七条“下列项目的进项税额不得从销项税额中抵扣:(一)用于简易计税方法计税项目、免征增值税项,《营业税改征增值税试点实施办法》第二十七条“下列项目的进项税额不得从销项税额中抵扣:(一),"截断后缀""用于简易计税方法计税项目、免征增值税项""",税收违规
《广东省税务系统规范税务行政处罚裁量权实施办法》第三条、第十二条、,《广东省税务系统规范税务行政处罚裁量权实施办法》第三条、第十二条,"截断后缀""、""",税收违规
《税收征管法》第六十二条规定和,《税收征管法》第六十二条,"截断后缀""规定和""",税收违规
《中华人民共和国企业所得税法》第六条及,《中华人民共和国企业所得税法》第六条,"截断后缀""及""",税收违规
《中华人民共和国增值税暂行条例》第一条、第二条、第四条、第九条、,《中华人民共和国增值税暂行条例》第一条、第二条、第四条、第九条,"截断后缀""、""",税收违规
《中华人民共和国增值税暂行条例》第一条、第九条、,《中华人民共和国增值税暂行条例》第一条、第九条,"截断后缀""、""",税收违规
《江西省税务行政处罚自由裁量权》第六类第(十四)项第四点规定,《江西省税务行政处罚自由裁量权》第六类第(十四)项,"截断后缀""第四点规定""",税收违规
《中华人民共和国增值税暂行条例》第一条“、第十九条;,《中华人民共和国增值税暂行条例》第一条“、第十九条,"截断后缀"";""",税收违规
《中华人民共和国增值税暂行条例》第538号）第十条第（一）项“下列项目的进项税额不得从销项税额中抵扣：（一）用于非增值税应税项目、免征增值税项,《中华人民共和国增值税暂行条例》第538号）第十条第（一）项“下列项目的进项税额不得从销项税额中抵扣：（一）,"截断后缀""用于非增值税应税项目、免征增值税项""",税收违规
《中华人民共和国增值税暂行条例》第538号）第十条第一款即“下列项目的进项税额不得从销项税额中抵扣：（一）用于非增值税应税项目、免征增值税项,《中华人民共和国增值税暂行条例》第538号）第十条第一款即“下列项目的进项税额不得从销项税额中抵扣：（一）,"截断后缀""用于非增值税应税项目、免征增值税项""",税收违规
《中华人民共和国增值税暂行条例》第538号）第十九条第（一）项以及,《中华人民共和国增值税暂行条例》第538号）第十九条第（一）项,"截断后缀""以及""",税收违规
《中华人民共和国企业所得税法》第63号）第六条及,《中华人民共和国企业所得税法》第63号）第六条,"截断后缀""及""",税收违规
《中华人民共和国企业所得税法》第一条、,《中华人民共和国企业所得税法》第一条,"截断后缀""、""",税收违规
《中华人民共和国企业所得税法》第一条、第二条、第四条及,《中华人民共和国企业所得税法》第一条、第二条、第四条,"截断后缀""及""",税收违规
《中华人民共和国增值税暂行条例》第538号）第二条第（一）项及,《中华人民共和国增值税暂行条例》第538号）第二条第（一）项,"截断后缀""及""",税收违规
《中华人民共和国企业所得税法》第八条、,《中华人民共和国企业所得税法》第八条,"截断后缀""、""",税收违规
《中华人民共和国企业所得税法》第八条及,《中华人民共和国企业所得税法》第八条,"截断后缀""及""",税收违规
《中华人民共和国增值税暂行条例》第538号）第十九条及根据,《中华人民共和国增值税暂行条例》第538号）第十九条,"截断后缀""及根据""",税收违规
《中华人民共和国增值税暂行条例》第538号）第九条、,《中华人民共和国增值税暂行条例》第538号）第九条,"截断后缀""、""",税收违规
"《中华人民共和国增值税暂行条例》第538号）第九条,",《中华人民共和国增值税暂行条例》第538号）第九条,"截断后缀"",""",税收违规
《中华人民共和国增值税暂行条例》第538号）第一条、第四条、第九条、,《中华人民共和国增值税暂行条例》第538号）第一条、第四条、第九条,"截断后缀""、""",税收违规
《中华人民共和国税收征收管理法》第六十九条的规定：“扣缴义务人应扣未扣、应收而不收税款,《中华人民共和国税收征收管理法》第六十九条的规定,"截断后缀""：“扣缴义务人应扣未扣、应收而不收税款""",税收违规
《中华人民共和国税收征收管理法》第六十九条的规定按应扣未扣个人所得税税款的2倍处以罚款,《中华人民共和国税收征收管理法》第六十九条的规定,"截断后缀""按应扣未扣个人所得税税款的2倍处以罚款""",税收违规
《中华人民共和国税收征收管理法》第六十九条的规定对所偷企业所得税、房产税处以百分之五十的罚款,《中华人民共和国税收征收管理法》第六十九条的规定,"截断后缀""对所偷企业所得税、房产税处以百分之五十的...""",税收违规
《中华人民共和国税收征收管理法》第六十九条的规定;2.,《中华人民共和国税收征收管理法》第六十九条的规定,"截断后缀"";2.""",税收违规
"《中华人民共和国税收征收管理法》第六十九条的规定,处于0.5倍的罚款,",《中华人民共和国税收征收管理法》第六十九条的规定,"截断后缀"",处于0.5倍的罚款,""",税收违规
《中华人民共和国税收征收管理法》第六十九条有关规定,《中华人民共和国税收征收管理法》第六十九条,"截断后缀""有关规定""",税收违规
《中华人民共和国税收征收管理法》第六十九条所列之应扣未扣税款,《中华人民共和国税收征收管理法》第六十九条,"截断后缀""所列之应扣未扣税款""",税收违规
《中华人民共和国税收征收管理法》第六十九条对以上少扣缴个人所得税的行为属扣缴义务人应扣未扣税款,《中华人民共和国税收征收管理法》第六十九条,"截断后缀""对以上少扣缴个人所得税的行为属扣缴义务人...""",税收违规
《中华人民共和国税收征收管理法》第六十九条和,《中华人民共和国税收征收管理法》第六十九条,"截断后缀""和""",税收违规
《中华人民共和国税收征收管理法》第六十九条及,《中华人民共和国税收征收管理法》第六十九条,"截断后缀""及""",税收违规
《中华人民共和国税收征收管理法》第六十九条“扣缴义务人应扣未扣、应收而不收税款的,《中华人民共和国税收征收管理法》第六十九条,"截断后缀""“扣缴义务人应扣未扣、应收而不收税款的""",税收违规
《中华人民共和国税收征收管理法》第六十九条“扣缴义务人应扣未扣、应收而不收税款,《中华人民共和国税收征收管理法》第六十九条,"截断后缀""“扣缴义务人应扣未扣、应收而不收税款""",税收违规
《中华人民共和国税收征收管理法》第六十九条“扣缴义务人应扣未扣,《中华人民共和国税收征收管理法》第六十九条,"截断后缀""“扣缴义务人应扣未扣""",税收违规
《中华人民共和国税收征收管理法》第六十九条:“扣缴义务人应扣未扣、应收而不收税款的,《中华人民共和国税收征收管理法》第六十九条,"截断后缀"":“扣缴义务人应扣未扣、应收而不收税款的""",税收违规
"《中华人民共和国税收征收管理法》第六十九条,",《中华人民共和国税收征收管理法》第六十九条,"截断后缀"",""",税收违规
《中华人民共和国税收征收管理法》第六十三条规定,《中华人民共和国税收征收管理法》第六十三条,"截断后缀""规定""",税收违规
《中华人民共和国税收征收管理法》第六十九条规定,《中华人民共和国税收征收管理法》第六十九条,"截断后缀""规定""",税收违规
《中华人民共和国税收征收管理法》第六十九条规定你单位处以应扣未扣个人所得税税款百分之五十罚款,《中华人民共和国税收征收管理法》第六十九条,"截断后缀""规定你单位处以应扣未扣个人所得税税款百分...""",税收违规
《中华人民共和国税收征收管理法》第六十四条第一款之规定罚款,《中华人民共和国税收征收管理法》第六十四条第一款之规定,"截断后缀""罚款""",税收违规
《中华人民共和国税收征收管理法》第六十四条第一款之规定处罚决定:对你单位的税收违法行为处罚款,《中华人民共和国税收征收管理法》第六十四条第一款之规定,"截断后缀""处罚决定:对你单位的税收违法行为处罚款""",税收违规
《中华人民共和国税收征收管理法》第六十四条第一款“纳税人不进行纳税申报,《中华人民共和国税收征收管理法》第六十四条第一款,"截断后缀""“纳税人不进行纳税申报""",税收违规
《中华人民共和国税收征收管理法》第六十四条二款,《中华人民共和国税收征收管理法》第六十四条,"截断后缀""二款""",税收违规
《中华人民共和国税收征收管理法》第六十四条“纳税人不进行纳税申报,《中华人民共和国税收征收管理法》第六十四条,"截断后缀""“纳税人不进行纳税申报""",税收违规
《中华人民共和国税收征收管理法》第六十四条;,《中华人民共和国税收征收管理法》第六十四条,"截断后缀"";""",税收违规
《中华人民共和国税收征收管理法》第六十二条规定决定对你单位处以100元罚款,《中华人民共和国税收征收管理法》第六十二条,"截断后缀""规定决定对你单位处以100元罚款""",税收违规
《中华人民共和国税收征收管理法》第六十二条规定,《中华人民共和国税收征收管理法》第六十二条,"截断后缀""规定""",税收违规
《中华人民共和国税收征收管理法》第六十二条罚款,《中华人民共和国税收征收管理法》第六十二条,"截断后缀""罚款""",税收违规
《中华人民共和国税收征收管理法》第六十九条：扣缴义务人应扣未扣、应收而不收税款,《中华人民共和国税收征收管理法》第六十九条,"截断后缀""：扣缴义务人应扣未扣、应收而不收税款""",税收违规
《中华人民共和国税收征收管理法》第六十九条：“扣缴义务人应扣未扣、应收而不收税款,《中华人民共和国税收征收管理法》第六十九条,"截断后缀""：“扣缴义务人应扣未扣、应收而不收税款""",税收违规
《中华人民共和国税收征收管理法》第六十九条规定：“扣缴义务人应扣未扣、应收而不收税款,《中华人民共和国税收征收管理法》第六十九条,"截断后缀""规定：“扣缴义务人应扣未扣、应收而不收税...""",税收违规
《中华人民共和国税收征收管理法》第六十九条规定对应扣未扣个人所得税税款处以百分之五十的罚款,《中华人民共和国税收征收管理法》第六十九条,"截断后缀""规定对应扣未扣个人所得税税款处以百分之五...""",税收违规
《中华人民共和国税收征收管理法》第六十九条规定对你单位处以应扣未扣个人所得税税款百分之五十罚款,《中华人民共和国税收征收管理法》第六十九条,"截断后缀""规定对你单位处以应扣未扣个人所得税税款百...""",税收违规
《中华人民共和国税收征收管理法》第六十九条规定之情形,《中华人民共和国税收征收管理法》第六十九条,"截断后缀""规定之情形""",税收违规
"《中华人民共和国税收征收管理法》第六十三条对处少缴税款667660.03元百分之五十的罚款,罚款",《中华人民共和国税收征收管理法》第六十三条,"截断后缀""对处少缴税款667660.03元百分之五...""",税收违规
"《中华人民共和国税收征收管理法》第六十九条的规定,对以上违法行为,我局决定处以13060元罚款",《中华人民共和国税收征收管理法》第六十九条的规定,"截断后缀"",对以上违法行为,我局决定处以13060...""",税收违规
"《中华人民共和国税收征收管理法》第六十九条规定,处以应扣未扣个人所得税百分之五十的罚款",《中华人民共和国税收征收管理法》第六十九条,"截断后缀""规定,处以应扣未扣个人所得税百分之五十的...""",税收违规
《中华人民共和国税收征收管理法》第六十三条第一款处罚决定:罚款,《中华人民共和国税收征收管理法》第六十三条第一款,"截断后缀""处罚决定:罚款""",税收违规
《中华人民共和国税收征收管理法》第六十三条第一款处罚决定:对追缴的企业所得税税款处以100%的罚款,《中华人民共和国税收征收管理法》第六十三条第一款,"截断后缀""处罚决定:对追缴的企业所得税税款处以10...""",税收违规
《中华人民共和国税收征收管理法》第六十三条第一款处罚决定:对其偷税行为处于偷税款3801.89元百分之五十罚款,《中华人民共和国税收征收管理法》第六十三条第一款,"截断后缀""处罚决定:对其偷税行为处于偷税款3801...""",税收违规
《中华人民共和国税收征收管理法》第六十三条第一款处罚决定:对上述违法事实处罚款,《中华人民共和国税收征收管理法》第六十三条第一款,"截断后缀""处罚决定:对上述违法事实处罚款""",税收违规
《中华人民共和国税收征收管理法》第六十三条第一款处罚决定:处以应补税款50%的罚款,《中华人民共和国税收征收管理法》第六十三条第一款,"截断后缀""处罚决定:处以应补税款50%的罚款""",税收违规
《中华人民共和国税收征收管理法》第六十三条第一款处以少缴税款百分之五十的罚款,《中华人民共和国税收征收管理法》第六十三条第一款,"截断后缀""处以少缴税款百分之五十的罚款""",税收违规
《中华人民共和国税收征收管理法》第六十三条第一款处156405.06元罚款,《中华人民共和国税收征收管理法》第六十三条第一款,"截断后缀""处156405.06元罚款""",税收违规
《中华人民共和国税收征收管理法》第六十三条第一款和,《中华人民共和国税收征收管理法》第六十三条第一款,"截断后缀""和""",税收违规
《中华人民共和国税收征收管理法》第六十三条第一款规定对追缴企业所得税处以企业所得税税款百分之五十罚款,《中华人民共和国税收征收管理法》第六十三条第一款,"截断后缀""规定对追缴企业所得税处以企业所得税税款百...""",税收违规
《中华人民共和国税收征收管理法》第六十三条第一款规定处少缴城市维护建设税税款百分之七十的罚款,《中华人民共和国税收征收管理法》第六十三条第一款,"截断后缀""规定处少缴城市维护建设税税款百分之七十的...""",税收违规
《中华人民共和国税收征收管理法》第六十三条第一款规定处以追缴企业所得税税款50%的罚款,《中华人民共和国税收征收管理法》第六十三条第一款,"截断后缀""规定处以追缴企业所得税税款50%的罚款""",税收违规
《中华人民共和国税收征收管理法》第六十三条第一款规定,《中华人民共和国税收征收管理法》第六十三条第一款,"截断后缀""规定""",税收违规
《中华人民共和国税收征收管理法》第六十三条第一款的规定对追缴城市维护建设税处以百分之五十的罚款,《中华人民共和国税收征收管理法》第六十三条第一款的规定,"截断后缀""对追缴城市维护建设税处以百分之五十的罚款""",税收违规
《中华人民共和国税收征收管理法》第六十三条第一款的规定处罚款,《中华人民共和国税收征收管理法》第六十三条第一款的规定,"截断后缀""处罚款""",税收违规
《中华人民共和国税收征收管理法》第六十三条第一款的规定处罚决定:罚款,《中华人民共和国税收征收管理法》第六十三条第一款的规定,"截断后缀""处罚决定:罚款""",税收违规
《中华人民共和国税收征收管理法》第六十三条第一款的相关规定,《中华人民共和国税收征收管理法》第六十三条第一款,"截断后缀""的相关规定""",税收违规
《中华人民共和国税收征收管理法》第六十三条第一款的有关规定,《中华人民共和国税收征收管理法》第六十三条第一款,"截断后缀""的有关规定""",税收违规
《中华人民共和国税收征收管理法》第六十三条第一款有关规定,《中华人民共和国税收征收管理法》第六十三条第一款,"截断后缀""有关规定""",税收违规
《中华人民共和国税收征收管理法》第六十三条第一款对该纳税人处以额一倍的罚款,《中华人民共和国税收征收管理法》第六十三条第一款,"截断后缀""对该纳税人处以额一倍的罚款""",税收违规
《中华人民共和国税收征收管理法》第六十三条第一款对其所偷税款,《中华人民共和国税收征收管理法》第六十三条第一款,"截断后缀""对其所偷税款""",税收违规
《中华人民共和国税收征收管理法》第六十三条第一款对你单位偷税行为处以少缴企业所得税税款百分之五十的罚款,《中华人民共和国税收征收管理法》第六十三条第一款,"截断后缀""对你单位偷税行为处以少缴企业所得税税款百...""",税收违规
《中华人民共和国税收征收管理法》第六十三条第一款处罚款,《中华人民共和国税收征收管理法》第六十三条第一款,"截断后缀""处罚款""",税收违规
《中华人民共和国税收征收管理法》第六十四条第一款的有关规定,《中华人民共和国税收征收管理法》第六十四条第一款,"截断后缀""的有关规定""",税收违规
《中华 (一)列支税前不能扣除项目,《中华 (一),"截断后缀""列支税前不能扣除项目""",税收违规
"《中华人民共和国增值税暂行条例》第十九条第(一)项:“销售货物或者应税劳务,为收讫款项或者取得索取销售款项",《中华人民共和国增值税暂行条例》第十九条第(一)项,"截断后缀"":“销售货物或者应税劳务,为收讫款项或者...""",税收违规
《中华人民共和国税收征管法》第六十三条第一款规定处罚款,《中华人民共和国税收征管法》第六十三条第一款,"截断后缀""规定处罚款""",税收违规
《中华人民共和国营业税暂行条例》第十五条第二款及,《中华人民共和国营业税暂行条例》第十五条第二款,"截断后缀""及""",税收违规
《中华人民共和国营业税暂行条例》第一条在中华人民共和国境内提供本条,《中华人民共和国营业税暂行条例》第一条,"截断后缀""在中华人民共和国境内提供本条""",税收违规
《中华人民共和国营业税暂行条例》第一条、第十二条、,《中华人民共和国营业税暂行条例》第一条、第十二条,"截断后缀""、""",税收违规
《中华人民共和国营业税暂行条例》第一、二、四、五、十二条、,《中华人民共和国营业税暂行条例》,"截断后缀""第一、二、四、五、十二条、""",税收违规
《中华人民共和国税行政处罚法》第五十一条第(一)项规定,《中华人民共和国税行政处罚法》第五十一条第(一)项,"截断后缀""规定""",税收违规
《中华人民共和国税收征管法》第六十九之规定处罚决定:处应扣未扣税款百分之五十的罚款,《中华人民共和国税收征管法》第六十九之规定,"截断后缀""处罚决定:处应扣未扣税款百分之五十的罚款""",税收违规
《中华人民共和国税收征收管理法》第四十条、,《中华人民共和国税收征收管理法》第四十条,"截断后缀""、""",税收违规
"《中华人民共和国税收征收管理法》第六十四第二款,",《中华人民共和国税收征收管理法》第六十四第二款,"截断后缀"",""",税收违规
《中华人民共和国税收征收管理法》第六十四条规定,《中华人民共和国税收征收管理法》第六十四条,"截断后缀""规定""",税收违规
《中华人民共和国税收征收管理法》第六十四条等罚款,《中华人民共和国税收征收管理法》第六十四条,"截断后缀""等罚款""",税收违规
《中华人民共和国税收征收管理法》第六十四条第二款规定,《中华人民共和国税收征收管理法》第六十四条第二款,"截断后缀""规定""",税收违规
《中华人民共和国税收征收管理法》第六十四条第二款罚款,《中华人民共和国税收征收管理法》第六十四条第二款,"截断后缀""罚款""",税收违规
"《中华人民共和国税收征收管理法》第六十四条第二款的规定,处于0.5倍的罚款",《中华人民共和国税收征收管理法》第六十四条第二款的规定,"截断后缀"",处于0.5倍的罚款""",税收违规
《中华人民共和国税收征收管理法》第六十四条第二款对你公司未申报缴纳印花税处50%罚款,《中华人民共和国税收征收管理法》第六十四条第二款,"截断后缀""对你公司未申报缴纳印花税处50%罚款""",税收违规
《中华人民共和国税收征收管理法》第六十四条第二款处以少申报缴纳印花税税款一倍罚款,《中华人民共和国税收征收管理法》第六十四条第二款,"截断后缀""处以少申报缴纳印花税税款一倍罚款""",税收违规
《中华人民共和国税收征收管理法》第六十四条第二款和,《中华人民共和国税收征收管理法》第六十四条第二款,"截断后缀""和""",税收违规
《中华人民共和国税收征收管理法》第六十四条第二款及,《中华人民共和国税收征收管理法》第六十四条第二款,"截断后缀""及""",税收违规
《中华人民共和国税收征收管理法》第六十四条第二款、,《中华人民共和国税收征收管理法》第六十四条第二款,"截断后缀""、""",税收违规
《中华人民共和国税收征收管理法》第六十四条第二款“纳税人不进行纳税申报,《中华人民共和国税收征收管理法》第六十四条第二款,"截断后缀""“纳税人不进行纳税申报""",税收违规
《中华人民共和国税收征收管理法》第六十四条第二款:“纳税人不进行纳税申报,《中华人民共和国税收征收管理法》第六十四条第二款,"截断后缀"":“纳税人不进行纳税申报""",税收违规
"《中华人民共和国税收征收管理法》第六十四条第二款,",《中华人民共和国税收征收管理法》第六十四条第二款,"截断后缀"",""",税收违规
《中华人民共和国税收征收管理法》第六十条的有关规定,《中华人民共和国税收征收管理法》第六十条,"截断后缀""的有关规定""",税收违规
《中华人民共和国税收征收管理法》第四十九号）第六十四条第二款、,《中华人民共和国税收征收管理法》第四十九号）第六十四条第二款,"截断后缀""、""",税收违规
《中华人民共和国税收征收管理法》第四十九号第六十九条规定)：扣缴义务人应扣未扣、应收而不收税款的,《中华人民共和国税收征收管理法》第四十九号第六十九条,"截断后缀""规定)：扣缴义务人应扣未扣、应收而不收税...""",税收违规
《中华人民共和国税收征收管理法》第四十九号第六十九条)对扣缴义务人处应扣未扣、应收未收税款0.5倍罚款,《中华人民共和国税收征收管理法》第四十九号第六十九条,"截断后缀"")对扣缴义务人处应扣未扣、应收未收税款0...""",税收违规
《中华人民共和国税收征收管理法》第四十九号)第六十九条:“扣缴义务人应扣未扣、应收而不收税款的,《中华人民共和国税收征收管理法》第四十九号)第六十九条,"截断后缀"":“扣缴义务人应扣未扣、应收而不收税款的""",税收违规
《中华人民共和国税收征收管理法》第六十三条第一款及,《中华人民共和国税收征收管理法》第六十三条第一款,"截断后缀""及""",税收违规
《中华人民共和国税收征收管理法》第十九条、二十四条,《中华人民共和国税收征收管理法》第十九条,"截断后缀""、二十四条""",税收违规
《中华人民共和国税收征收管理法》第十九条、,《中华人民共和国税收征收管理法》第十九条,"截断后缀""、""",税收违规
《中华人民共和国税收征收管理法》第六十条第一款第（二）项罚款,《中华人民共和国税收征收管理法》第六十条第一款第（二）项,"截断后缀""罚款""",税收违规
《陕西省房产税实施细则》第五条:“根据,《陕西省房产税实施细则》第五条,"截断后缀"":“根据""",税收违规
《陕西省房产税实施细则》第五条：“根据,《陕西省房产税实施细则》第五条,"截断后缀""：“根据""",税收违规
《中华人民共和国税收征收征收管理法》第六十九条“扣缴义务人应扣未扣、应收而不收税款的,《中华人民共和国税收征收征收管理法》第六十九条,"截断后缀""“扣缴义务人应扣未扣、应收而不收税款的""",税收违规
《广西壮族自治区人民政府关于同意 （一）你公司2016年至2018年进行虚假的纳税申报,《广西壮族自治区人民政府关于同意 （一）,"截断后缀""你公司2016年至2018年进行虚假的纳...""",税收违规
《中华人民共和国税收征收管理法》第49号】第六十三条第一款之规定处百分之五十罚款,《中华人民共和国税收征收管理法》第49号】第六十三条第一款之规定,"截断后缀""处百分之五十罚款""",税收违规
《中华人民共和国税收征收管理法》第49号)第六十九条规定对你单位处以应扣未扣个人所得税税款百分之五十罚款,《中华人民共和国税收征收管理法》第49号)第六十九条,"截断后缀""规定对你单位处以应扣未扣个人所得税税款百...""",税收违规
《中华人民共和国税收征收管理法》第49号)第六十九条处罚决定:对应扣未扣个人所得税税款,《中华人民共和国税收征收管理法》第49号)第六十九条,"截断后缀""处罚决定:对应扣未扣个人所得税税款""",税收违规
《中华人民共和国税收征收管理法》第49号)第六十九条之规定对你单位处以应扣未扣个人所得税税款的百分之五十罚款,《中华人民共和国税收征收管理法》第49号)第六十九条之规定,"截断后缀""对你单位处以应扣未扣个人所得税税款的百分...""",税收违规
《中华人民共和国税收征收管理法》第49号)第六十九条、第六十三条第一款处以应扣未扣(或应收而不收)个人所得税税款,《中华人民共和国税收征收管理法》第49号)第六十九条、第六十三条第一款,"截断后缀""处以应扣未扣(或应收而不收)个人所得税税...""",税收违规
《中华人民共和国税收征收管理法》第49号)第六十三条第一款和,《中华人民共和国税收征收管理法》第49号)第六十三条第一款,"截断后缀""和""",税收违规
《中华人民共和国税收征收管理法》第49号)第六十三条处罚决定:罚款,《中华人民共和国税收征收管理法》第49号)第六十三条,"截断后缀""处罚决定:罚款""",税收违规
《云南省税务行政处罚裁量权基准（实行）》第二类七项,《云南省税务行政处罚裁量权基准（实行）》,"截断后缀""第二类七项""",税收违规
《中华人民共和国税收征收管理法》第49号）第六十三条处所偷城市维护建设税税款0.5倍罚款,《中华人民共和国税收征收管理法》第49号）第六十三条,"截断后缀""处所偷城市维护建设税税款0.5倍罚款""",税收违规
《中华人民共和国税收征收管理法》第六十三条“对纳税人偷税的,《中华人民共和国税收征收管理法》第六十三条,"截断后缀""“对纳税人偷税的""",税收违规
《中华人民共和国税收征收管理法》第二十五条第一款和,《中华人民共和国税收征收管理法》第二十五条第一款,"截断后缀""和""",税收违规
《中华人民共和国税收征收管理法》第二十五条第一款、第三十一条第一款及,《中华人民共和国税收征收管理法》第二十五条第一款、第三十一条第一款,"截断后缀""及""",税收违规
"《中华人民共和国税收征收管理法》第二十五条第一款、第三十一条第一款,",《中华人民共和国税收征收管理法》第二十五条第一款、第三十一条第一款,"截断后缀"",""",税收违规
《中华人民共和国税收征收管理法》第二十五条n,《中华人民共和国税收征收管理法》第二十五条,"截断后缀""n""",税收违规
《中华人民共和国税收征收管理法》第二十一条第二款和,《中华人民共和国税收征收管理法》第二十一条第二款,"截断后缀""和""",税收违规
《中华人民共和国税收征收管理法》第二十一条第二款、,《中华人民共和国税收征收管理法》第二十一条第二款,"截断后缀""、""",税收违规
《中华人民共和国税收征收管理法》第六十三条、,《中华人民共和国税收征收管理法》第六十三条,"截断后缀""、""",税收违规
《中华人民共和国税收征收管理法》第六十三条第一款之规定处罚决定:罚款,《中华人民共和国税收征收管理法》第六十三条第一款之规定,"截断后缀""处罚决定:罚款""",税收违规
《中华人民共和国税收征收管理法》第六十三条第一款之规定处罚决定:对你单位处以应追缴税款百分之五十的罚款,《中华人民共和国税收征收管理法》第六十三条第一款之规定,"截断后缀""处罚决定:对你单位处以应追缴税款百分之五...""",税收违规
《中华人民共和国税收征收管理法》第六十三条第一款之规定:对追缴的增值税税款增值税101935.50元处以壹倍的罚款,《中华人民共和国税收征收管理法》第六十三条第一款之规定,"截断后缀"":对追缴的增值税税款增值税101935....""",税收违规
《中华人民共和国税收征收管理法》第六十三条第一款、第六十九条之规定处罚决定:对违法事实一处罚款27434.22元;对违法事实二处罚款,《中华人民共和国税收征收管理法》第六十三条第一款、第六十九条之规定,"截断后缀""处罚决定:对违法事实一处罚款27434....""",税收违规
《中华人民共和国税收征收管理法》第六十三条第一款、六十四条第一款、第六十九条处罚决定:罚款,《中华人民共和国税收征收管理法》第六十三条第一款、六十四条第一款、第六十九条,"截断后缀""处罚决定:罚款""",税收违规
《中华人民共和国税收征收管理法》第六十三条第一款、,《中华人民共和国税收征收管理法》第六十三条第一款,"截断后缀""、""",税收违规
"《中华人民共和国税收征收管理法》第六十三条第一款,",《中华人民共和国税收征收管理法》第六十三条第一款,"截断后缀"",""",税收违规
《中华人民共和国税收征收管理法》第六十三条的规定已构成偷税,《中华人民共和国税收征收管理法》第六十三条的规定,"截断后缀""已构成偷税""",税收违规
《中华人民共和国税收征收管理法》第六十三条对处少缴税款667660.03元百分之五十的罚款,《中华人民共和国税收征收管理法》第六十三条,"截断后缀""对处少缴税款667660.03元百分之五...""",税收违规
《中华人民共和国税收征收管理法》第六十三条处罚决定:罚款,《中华人民共和国税收征收管理法》第六十三条,"截断后缀""处罚决定:罚款""",税收违规
《中华人民共和国税收征收管理法》第六十三条和,《中华人民共和国税收征收管理法》第六十三条,"截断后缀""和""",税收违规
《中华人民共和国税收征收管理法》第六十三条及,《中华人民共和国税收征收管理法》第六十三条,"截断后缀""及""",税收违规
《中华人民共和国税收征收管理法》第二十一条和,《中华人民共和国税收征收管理法》第二十一条,"截断后缀""和""",税收违规
《中华人民共和国税收征收管理法》第三十条、第三十一条第一款、,《中华人民共和国税收征收管理法》第三十条、第三十一条第一款,"截断后缀""、""",税收违规
《中华人民共和国税收征收管理法》第三十一条第一款、,《中华人民共和国税收征收管理法》第三十一条第一款,"截断后缀""、""",税收违规
《中华人民共和国税收征收管理法》第七十条和,《中华人民共和国税收征收管理法》第七十条,"截断后缀""和""",税收违规
《中华人民共和国税收征收管理法》第49号）第六十至七十三条,《中华人民共和国税收征收管理法》第49号,"截断后缀""）第六十至七十三条""",税收违规
《中华人民共和国税收征收管理法》第49号）第六十三条第一款规定对你单位处以少缴房产税税款一倍罚款,《中华人民共和国税收征收管理法》第49号）第六十三条第一款,"截断后缀""规定对你单位处以少缴房产税税款一倍罚款""",税收违规
"《中华人民共和国税收征收管理法》第三十二条""纳税人未按照规定期限缴纳税款",《中华人民共和国税收征收管理法》第三十二条,"截断后缀""""纳税人未按照规定期限缴纳税款""",税收违规
《中华人民共和国税收征收管理法》第三十二条：纳税人未按照规定期限缴纳税款,《中华人民共和国税收征收管理法》第三十二条,"截断后缀""：纳税人未按照规定期限缴纳税款""",税收违规
《中华人民共和国税收征收管理法》第三十二条规定：纳税人未按照规定期限缴纳税款,《中华人民共和国税收征收管理法》第三十二条,"截断后缀""规定：纳税人未按照规定期限缴纳税款""",税收违规
《中华人民共和国税收征收管理法》第三十二条规定：“纳税人未按照规定期限缴纳税款,《中华人民共和国税收征收管理法》第三十二条,"截断后缀""规定：“纳税人未按照规定期限缴纳税款""",税收违规
《陕西省房产税实施细则》第五条“根据,《陕西省房产税实施细则》第五条,"截断后缀""“根据""",税收违规
《中华人民共和国税收征收管理法》第三十二条及,《中华人民共和国税收征收管理法》第三十二条,"截断后缀""及""",税收违规
《中华人民共和国税收征收管理法》第三十二条“纳税人未按照规定期限缴纳税款,《中华人民共和国税收征收管理法》第三十二条,"截断后缀""“纳税人未按照规定期限缴纳税款""",税收违规
"《增值税专用发票使用规定》第十二条,",《增值税专用发票使用规定》第十二条,"截断后缀"",""",税收违规
根据《中华人民共和国税收征收管理法》第六十三条第一款,《中华人民共和国税收征收管理法》第六十三条第一款,"去除前缀""根据""",税收违规
根据《中华人民共和国税收征收管理法》第六十四条第二款,《中华人民共和国税收征收管理法》第六十四条第二款,"去除前缀""根据""",税收违规
《浙江省税务行政处罚裁量基准实施办法》第3号）第三条和,《浙江省税务行政处罚裁量基准实施办法》第3号）第三条,"截断后缀""和""",税收违规
《浙江省税务行政处罚裁量基准实施办法》第9号）第三条和,《浙江省税务行政处罚裁量基准实施办法》第9号）第三条,"截断后缀""和""",税收违规
《国家税务总局关于纳税人取得虚开增值税专用发票处理问题的通知》第二条、,《国家税务总局关于纳税人取得虚开增值税专用发票处理问题的通知》第二条,"截断后缀""、""",税收违规
《中华人民共和国印花税暂行条例》第2、3、7条,《中华人民共和国印花税暂行条例》,"截断后缀""第2、3、7条""",税收违规
《中华人民共和国印花税暂行条例》第一、二、三、七条,《中华人民共和国印花税暂行条例》,"截断后缀""第一、二、三、七条""",税收违规
《中华人民共和国印花税暂行条例》第一、二、三、七条,《中华人民共和国印花税暂行条例》,"截断后缀""第一、二、三、七条""",税收违规
《中华人民共和国印花税暂行条例》第一、二、三、五、七条,《中华人民共和国印花税暂行条例》,"截断后缀""第一、二、三、五、七条""",税收违规
《中华人民共和国印花税暂行条例》第一、二、三条,《中华人民共和国印花税暂行条例》,"截断后缀""第一、二、三条""",税收违规
《中华人民共和国印花税暂行条例》第一条“在中华人民共和国境内书立、领受本条,《中华人民共和国印花税暂行条例》第一条,"截断后缀""“在中华人民共和国境内书立、领受本条""",税收违规
《中华人民共和国印花税暂行条例》第一条“在中华人民共和国境内树立、领受本条,《中华人民共和国印花税暂行条例》第一条,"截断后缀""“在中华人民共和国境内树立、领受本条""",税收违规
《中华人民共和国印花税暂行条例》第一条、第二条及第三条的规定:你公司2016年签订借款,《中华人民共和国印花税暂行条例》第一条、第二条及第三条的规定,"截断后缀"":你公司2016年签订借款""",税收违规
《中华人民共和国发票管理办法》第三十九条的规定处以所偷企业所得税百分之五十的罚款,《中华人民共和国发票管理办法》第三十九条的规定,"截断后缀""处以所偷企业所得税百分之五十的罚款""",税收违规
第一条第一款、《国家税务总局关于纳税人虚开增值税专用发票征补税款,第一条第一款,"截断后缀""、《国家税务总局关于纳税人虚开增值税专用...""",税收违规
《印花税暂行条例》第二条、,《印花税暂行条例》第二条,"截断后缀""、""",税收违规
《中华人民共和国印花税暂行条例》第一条规定“在中华人民共和国境内书立、领受本条,《中华人民共和国印花税暂行条例》第一条,"截断后缀""规定“在中华人民共和国境内书立、领受本条""",税收违规
《中华人民共和国印花税暂行条例》第十三条处应补税款50%罚款,《中华人民共和国印花税暂行条例》第十三条,"截断后缀""处应补税款50%罚款""",税收违规
《国家税务总局关于印花税违章处罚有关问题的通知》第一项及,《国家税务总局关于印花税违章处罚有关问题的通知》第一项,"截断后缀""及""",税收违规
共计106189.02元在企业所得税汇算未进行纳税调整。根据《中华人民共和国企业所得税法》第十条“在计算应纳税所得额时,共计106189.02元在企业所得税汇算未进行纳税调整。根据《中华人民共和国企业所得税法》第十条,"截断后缀""“在计算应纳税所得额时""",税收违规
《中华人民共和国城市维护建设税暂行条例》第二、三、四条,《中华人民共和国城市维护建设税暂行条例》,"截断后缀""第二、三、四条""",税收违规
《中华人民共和国城市维护建设税暂行条例》第二、三、四、五条,《中华人民共和国城市维护建设税暂行条例》,"截断后缀""第二、三、四、五条""",税收违规
"《中华人民共和国城市维护建设税暂行条例》第三条,",《中华人民共和国城市维护建设税暂行条例》第三条,"截断后缀"",""",税收违规
"《中华人民共和国城镇土地使用税暂行条例》第二条,",《中华人民共和国城镇土地使用税暂行条例》第二条,"截断后缀"",""",税收违规
《福建省税务行政处罚裁量权基准》第16项罚款,《福建省税务行政处罚裁量权基准》第16项,"截断后缀""罚款""",税收违规
"《中华人民共和国城市维护建设税暂行条例》第二条,",《中华人民共和国城市维护建设税暂行条例》第二条,"截断后缀"",""",税收违规
《中华人民共和国城市维护建设税暂行条例》第二条至第四条、,《中华人民共和国城市维护建设税暂行条例》第二条至第四条,"截断后缀""、""",税收违规
《中华人民共和国城市维护建设税暂行条例》第二条、第三条、第四条及,《中华人民共和国城市维护建设税暂行条例》第二条、第三条、第四条,"截断后缀""及""",税收违规
《中华人民共和国房产税暂行条例》第一、二、三、四条,《中华人民共和国房产税暂行条例》,"截断后缀""第一、二、三、四条""",税收违规
构成《实施条例》第十五条第四项之影响国家税款,构成《实施条例》第十五条第四项,"截断后缀""之影响国家税款""",税收违规
根据《中华人民共和国印花税暂行条例》第一、二、三、七条,《中华人民共和国印花税暂行条例》,"去除前缀""根据""; 截断后缀""第一、二、三、七条""",税收违规
"《中华人民共和国房产税暂行条例》第二条,",《中华人民共和国房产税暂行条例》第二条,"截断后缀"",""",税收违规
《中华人民共和国城市建设维护税暂行条例》第二、三、四条,《中华人民共和国城市建设维护税暂行条例》,"截断后缀""第二、三、四条""",税收违规
"《中华人民共和国房产税暂行条例》第二条“房产税由产权所有人缴纳”、第四条,",《中华人民共和国房产税暂行条例》第二条“房产税由产权所有人缴纳”、第四条,"截断后缀"",""",税收违规
"《中华人民共和国统计法》第四十一条第一款第(二)项和第二款,",《中华人民共和国统计法》第四十一条第一款第(二)项和第二款,"截断后缀"",""",统计相关
依据《中华人民共和国统计法》第四十二条第一款及第二款,《中华人民共和国统计法》第四十二条第一款及第二款,"去除前缀""依据""",统计相关
《中华人民共和国统计法》第七条规定和,《中华人民共和国统计法》第七条,"截断后缀""规定和""",统计相关
《中华人民共和国统计法》第二十七条第一款第三项和第二款、,《中华人民共和国统计法》第二十七条第一款第三项和第二款,"截断后缀""、""",统计相关
《中华人民共和国统计法》第四十一条第一款、第二款和,《中华人民共和国统计法》第四十一条第一款、第二款,"截断后缀""和""",统计相关
根据《中华人民共和国统计法》第三十三条,《中华人民共和国统计法》第三十三条,"去除前缀""根据""",统计相关
"《统计执法监督检查办法》第二十七条第(三)项和第二十八条,",《统计执法监督检查办法》第二十七条第(三)项和第二十八条,"截断后缀"",""",统计相关
"《统计执法监督检查办法》第二十七条第(三)项及第二十八条,",《统计执法监督检查办法》第二十七条第(三)项及第二十八条,"截断后缀"",""",统计相关
"《中华人民共和国统计法实施条例》第四条第三款,",《中华人民共和国统计法实施条例》第四条第三款,"截断后缀"",""",统计相关
根据《中华人民共和国统计法》第四十一条第一款第(二)项和第二款,《中华人民共和国统计法》第四十一条第一款第(二)项和第二款,"去除前缀""根据""",统计相关
《中华人民共和国统计法》第七条规定,《中华人民共和国统计法》第七条,"截断后缀""规定""",统计相关
《中华人民共和国统计法》第七条和,《中华人民共和国统计法》第七条,"截断后缀""和""",统计相关
《中华人民共和国统计法》第七条、第四十一条第二款和,《中华人民共和国统计法》第七条、第四十一条第二款,"截断后缀""和""",统计相关
"《中华人民共和国统计法》第七条,",《中华人民共和国统计法》第七条,"截断后缀"",""",统计相关
《计算机信息网络国际联网安全保护管理办法》第十二条、,《计算机信息网络国际联网安全保护管理办法》第十二条,"截断后缀""、""",网络/数据安全||安全生产
《计算机信息网络国际联网安全保护管理办法》第十二条、二十三条,《计算机信息网络国际联网安全保护管理办法》第十二条,"截断后缀""、二十三条""",网络/数据安全||安全生产
《计算机信息网络国际联网安全保护管理办法》第十二条、第二十三条;,《计算机信息网络国际联网安全保护管理办法》第十二条、第二十三条,"截断后缀"";""",网络/数据安全||安全生产
《计算机信息网络国际联网安全保护管理办法》第十一条、第十二条、二十三条,《计算机信息网络国际联网安全保护管理办法》第十一条、第十二条,"截断后缀""、二十三条""",网络/数据安全||安全生产
根据《中华人民共和国网络安全法》第六十四条第一款,《中华人民共和国网络安全法》第六十四条第一款,"去除前缀""根据""",网络安全
根据《中华人民共和国网络安全法》第五十九条,《中华人民共和国网络安全法》第五十九条,"去除前缀""根据""",网络安全
"《中华人民共和国网络安全法》第二十五条,",《中华人民共和国网络安全法》第二十五条,"截断后缀"",""",网络安全
根据《中华人民共和国网络安全法》第五十九条第一款,《中华人民共和国网络安全法》第五十九条第一款,"去除前缀""根据""",网络安全
《中华人民共和国网络安全法》第五十九条、,《中华人民共和国网络安全法》第五十九条,"截断后缀""、""",网络安全
"《中华人民共和国网络安全法》第二十一条,,根据",《中华人民共和国网络安全法》第二十一条,"截断后缀"",,根据""",网络安全
"《中华人民共和国网络安全法》第二十一条,",《中华人民共和国网络安全法》第二十一条,"截断后缀"",""",网络安全
《网络交易管理办法》第五十三条和,《网络交易管理办法》第五十三条,"截断后缀""和""",网络市场交易/市场秩序
《网络交易管理办法》第七条及,《网络交易管理办法》第七条,"截断后缀""及""",网络市场交易/市场秩序
《快递市场管理办法》第四十五条的相关规定,《快递市场管理办法》第四十五条,"截断后缀""的相关规定""",网络市场交易/市场秩序
《中华人民共和国广告法》第十四条第一款第（四）项、,《中华人民共和国广告法》第十四条第一款第（四）项,"截断后缀""、""",虚假广告/虚假宣传
《中华人民共和国广告法》第34条、,《中华人民共和国广告法》第34条,"截断后缀""、""",虚假广告/虚假宣传
《中华人民共和国广告法》第十六条第一款第（五）项和,《中华人民共和国广告法》第十六条第一款第（五）项,"截断后缀""和""",虚假广告/虚假宣传
《户外广告登记管理规定第五条第一款第（一）项的规定。 经核查,《户外广告登记管理规定第五条第一款第（一）项的规定,"截断后缀""。 经核查""",虚假广告/虚假宣传
《中华人民共和国广告法》第七条二款,《中华人民共和国广告法》第七条,"截断后缀""二款""",虚假广告/虚假宣传
《中华人民共和国广告法》第七条第二款第三项的规定依据,《中华人民共和国广告法》第七条第二款第三项的规定,"截断后缀""依据""",虚假广告/虚假宣传
《中华人民共和国广告法》第七条第二款第（九）项、,《中华人民共和国广告法》第七条第二款第（九）项,"截断后缀""、""",虚假广告/虚假宣传
《中华人民共和国广告法》第七条第二款第（二）项、,《中华人民共和国广告法》第七条第二款第（二）项,"截断后缀""、""",虚假广告/虚假宣传
《中华人民共和国广告法》第七条第二款第（二）项及,《中华人民共和国广告法》第七条第二款第（二）项,"截断后缀""及""",虚假广告/虚假宣传
《中华人民共和国广告法》第四条规定,《中华人民共和国广告法》第四条,"截断后缀""规定""",虚假广告/虚假宣传
《中华人民共和国广告法》第三、四条,《中华人民共和国广告法》,"截断后缀""第三、四条""",虚假广告/虚假宣传
《中华人民共和国广告法》第三十七条和,《中华人民共和国广告法》第三十七条,"截断后缀""和""",虚假广告/虚假宣传
《中华人民共和国广告法》第九条第（三）项的规定依据,《中华人民共和国广告法》第九条第（三）项的规定,"截断后缀""依据""",虚假广告/虚假宣传
《中华人民共和国广告法》第九条第（八）、,《中华人民共和国广告法》第九条第（八）,"截断后缀""、""",虚假广告/虚假宣传
《中华人民共和国广告法》第九条第（二）项的规定依据,《中华人民共和国广告法》第九条第（二）项的规定,"截断后缀""依据""",虚假广告/虚假宣传
《中华人民共和国广告法》第四条的规定依据,《中华人民共和国广告法》第四条的规定,"截断后缀""依据""",虚假广告/虚假宣传
《中华人民共和国广告法》第四条第一、二款,《中华人民共和国广告法》第四条,"截断后缀""第一、二款""",虚假广告/虚假宣传
《中华人民共和国广告法》第九条第(三)项规定,《中华人民共和国广告法》第九条第(三)项,"截断后缀""规定""",虚假广告/虚假宣传
《中华人民共和国广告法》第三十四条的规定依据,《中华人民共和国广告法》第三十四条的规定,"截断后缀""依据""",虚假广告/虚假宣传
"《中华人民共和国广告法》第三十四条,",《中华人民共和国广告法》第三十四条,"截断后缀"",""",虚假广告/虚假宣传
《中华人民共和国广告法》第三十九条和,《中华人民共和国广告法》第三十九条,"截断后缀""和""",虚假广告/虚假宣传
《中华人民共和国广告法》第七条第二款第（三）项所禁止性条款,《中华人民共和国广告法》第七条第二款第（三）项,"截断后缀""所禁止性条款""",虚假广告/虚假宣传
"《中华人民共和国广告法》第三十九条,",《中华人民共和国广告法》第三十九条,"截断后缀"",""",虚假广告/虚假宣传
《中华人民共和国广告法》第九条第一款的规定依据,《中华人民共和国广告法》第九条第一款的规定,"截断后缀""依据""",虚假广告/虚假宣传
《中华人民共和国广告法》第二十五条第（一）项的规定依据,《中华人民共和国广告法》第二十五条第（一）项的规定,"截断后缀""依据""",虚假广告/虚假宣传
"《中华人民共和国广告法》第七条第二款第（三）项,",《中华人民共和国广告法》第七条第二款第（三）项,"截断后缀"",""",虚假广告/虚假宣传
《中华人民共和国广告法》第七条第二款第（三）项和,《中华人民共和国广告法》第七条第二款第（三）项,"截断后缀""和""",虚假广告/虚假宣传
《中华人民共和国广告法》第四十三条的规定依据,《中华人民共和国广告法》第四十三条的规定,"截断后缀""依据""",虚假广告/虚假宣传
《中华人民共和国广告法》第四十六条;,《中华人民共和国广告法》第四十六条,"截断后缀"";""",虚假广告/虚假宣传
《中华人民共和国广告法》第四十六条的规定依据,《中华人民共和国广告法》第四十六条的规定,"截断后缀""依据""",虚假广告/虚假宣传
"《中华人民共和国广告法》第二十八条第二款第(二)项,",《中华人民共和国广告法》第二十八条第二款第(二)项,"截断后缀"",""",虚假广告/虚假宣传
《中华人民共和国广告法》第十条、,《中华人民共和国广告法》第十条,"截断后缀""、""",虚假广告/虚假宣传
《中华人民共和国广告法》第十条之规定依据,《中华人民共和国广告法》第十条之规定,"截断后缀""依据""",虚假广告/虚假宣传
《中华人民共和国广告法》第十条的规定依据,《中华人民共和国广告法》第十条的规定,"截断后缀""依据""",虚假广告/虚假宣传
《中华人民共和国广告法》第四条、第十条的规定依据,《中华人民共和国广告法》第四条、第十条的规定,"截断后缀""依据""",虚假广告/虚假宣传
《中华人民共和国广告法》第四条之规定、构成,《中华人民共和国广告法》第四条之规定,"截断后缀""、构成""",虚假广告/虚假宣传
《中华人民共和国广告法》第四条之规定依据,《中华人民共和国广告法》第四条之规定,"截断后缀""依据""",虚假广告/虚假宣传
依照《广告法》有关条款处罚,《广告法》,"去除前缀""依照""; 截断后缀""有关条款处罚""",虚假广告/虚假宣传
《中华人民共和国广告法》第四条和第二十八条根据,《中华人民共和国广告法》第四条和第二十八条,"截断后缀""根据""",虚假广告/虚假宣传
《中华人民共和国广告法》第四十条、,《中华人民共和国广告法》第四十条,"截断后缀""、""",虚假广告/虚假宣传
"《中华人民共和国广告法》第四条,",《中华人民共和国广告法》第四条,"截断后缀"",""",虚假广告/虚假宣传
"《中华人民共和国广告法》第二十八条第一款、第二款,",《中华人民共和国广告法》第二十八条第一款、第二款,"截断后缀"",""",虚假广告/虚假宣传
《户外广告登记管理规定》第十八条及,《户外广告登记管理规定》第十八条,"截断后缀""及""",虚假广告/虚假宣传
《广告法》无具体处罚条款,《广告法》,"截断后缀""无具体处罚条款""",虚假广告/虚假宣传
《广告法》有关条款,《广告法》,"截断后缀""有关条款""",虚假广告/虚假宣传
《中华人民共和国广告法》第十一条第一款和,《中华人民共和国广告法》第十一条第一款,"截断后缀""和""",虚假广告/虚假宣传
《广告法》第七条第二款第（三）项规定依据,《广告法》第七条第二款第（三）项,"截断后缀""规定依据""",虚假广告/虚假宣传
《中华人民共和国广告法》第六十一条第一款决定责令当事人改正违法行为,《中华人民共和国广告法》第六十一条第一款,"截断后缀""决定责令当事人改正违法行为""",虚假广告/虚假宣传
《中华人民共和国广告法》第五十七条第一款、,《中华人民共和国广告法》第五十七条第一款,"截断后缀""、""",虚假广告/虚假宣传
《中华人民共和国广告法》第五十七条第(一)项和,《中华人民共和国广告法》第五十七条第(一)项,"截断后缀""和""",虚假广告/虚假宣传
"《中华人民共和国广告法》第五十五条第一款,",《中华人民共和国广告法》第五十五条第一款,"截断后缀"",""",虚假广告/虚假宣传
依据《中华人民共和国广告法》第五十九条第一款,《中华人民共和国广告法》第五十九条第一款,"去除前缀""依据""",虚假广告/虚假宣传
依据《中华人民共和国广告法》第五十八条第(一)款第(一)项,《中华人民共和国广告法》第五十八条第(一)款第(一)项,"去除前缀""依据""",虚假广告/虚假宣传
依据《中华人民共和国广告法》第五十九条第一款第(二)项,《中华人民共和国广告法》第五十九条第一款第(二)项,"去除前缀""依据""",虚假广告/虚假宣传
依据《中华人民共和国广告法》第五十九条,《中华人民共和国广告法》第五十九条,"去除前缀""依据""",虚假广告/虚假宣传
《广告法》第九条第（三）条,《广告法》第九条第（三）,"截断后缀""条""",虚假广告/虚假宣传
"《户外广告登记管理规定》第五条第一款第（一）项,",《户外广告登记管理规定》第五条第一款第（一）项,"截断后缀"",""",虚假广告/虚假宣传
《户外广告登记管理规定》第五条第一款第（一项,《户外广告登记管理规定》第五条第一款,"截断后缀""第（一项""",虚假广告/虚假宣传
《中华人民共和国广告法》第五十九条第三款规定,《中华人民共和国广告法》第五十九条第三款,"截断后缀""规定""",虚假广告/虚假宣传
《中华人民共和国广告法》第八条第三款、第十二条第一、二款,《中华人民共和国广告法》第八条第三款、第十二条,"截断后缀""第一、二款""",虚假广告/虚假宣传
根据《中华人民共和国广告法》第五十九条,《中华人民共和国广告法》第五十九条,"去除前缀""根据""",虚假广告/虚假宣传
根据《中华人民共和国广告法》第五十七条,《中华人民共和国广告法》第五十七条,"去除前缀""根据""",虚假广告/虚假宣传
《户外广告登记管理规定》第五条之规定依据,《户外广告登记管理规定》第五条之规定,"截断后缀""依据""",虚假广告/虚假宣传
《户外广告登记管理规定》第五条和,《户外广告登记管理规定》第五条,"截断后缀""和""",虚假广告/虚假宣传
《中华人民共和国广告法》第五十九条第一款第(一)项处罚决定:罚款,《中华人民共和国广告法》第五十九条第一款第(一)项,"截断后缀""处罚决定:罚款""",虚假广告/虚假宣传
《户外广告登记管理规定》第三条、第五条第一款第㈠项,《户外广告登记管理规定》第三条、第五条第一款,"截断后缀""第㈠项""",虚假广告/虚假宣传
《中华人民共和国广告法》第五十七条第（一）项和,《中华人民共和国广告法》第五十七条第（一）项,"截断后缀""和""",虚假广告/虚假宣传
《中华人民共和国广告法》第五十七条（一）项规定以及,《中华人民共和国广告法》第五十七条（一）项,"截断后缀""规定以及""",虚假广告/虚假宣传
《中华人民共和国广告法》第五十八条、,《中华人民共和国广告法》第五十八条,"截断后缀""、""",虚假广告/虚假宣传
《中华人民共和国广告法》第五十八条和,《中华人民共和国广告法》第五十八条,"截断后缀""和""",虚假广告/虚假宣传
《中华人民共和国广告法》第五十五条第一款、,《中华人民共和国广告法》第五十五条第一款,"截断后缀""、""",虚假广告/虚假宣传
《中华人民共和国广告法》第五十五条第一款、第五十七条第（一）项、,《中华人民共和国广告法》第五十五条第一款、第五十七条第（一）项,"截断后缀""、""",虚假广告/虚假宣传
《中华人民共和国广告法》第五十五条第一款及,《中华人民共和国广告法》第五十五条第一款,"截断后缀""及""",虚假广告/虚假宣传
《中华人民共和国广告法》第五十五条第一款和,《中华人民共和国广告法》第五十五条第一款,"截断后缀""和""",虚假广告/虚假宣传
《中华人民共和国广告法》第五十五条第一款罚款,《中华人民共和国广告法》第五十五条第一款,"截断后缀""罚款""",虚假广告/虚假宣传
《中华人民共和国广告法》第五十八条第一款（八）项和,《中华人民共和国广告法》第五十八条第一款（八）项,"截断后缀""和""",虚假广告/虚假宣传
《中华人民共和国广告法》第五十八条第一款第（八）项及,《中华人民共和国广告法》第五十八条第一款第（八）项,"截断后缀""及""",虚假广告/虚假宣传
《户外广告登记管理规定》第十八条、,《户外广告登记管理规定》第十八条,"截断后缀""、""",虚假广告/虚假宣传
《中华人民共和国广告法》第二十八条第二款（五项,《中华人民共和国广告法》第二十八条第二款,"截断后缀""（五项""",虚假广告/虚假宣传
《中华人民共和国广告法》第二章第九条和,《中华人民共和国广告法》第二章第九条,"截断后缀""和""",虚假广告/虚假宣传
《中华人民共和国广告法》第二款第（三）项和,《中华人民共和国广告法》第二款第（三）项,"截断后缀""和""",虚假广告/虚假宣传
《户外广告登记管理规定》第五条第一款第（一）项、,《户外广告登记管理规定》第五条第一款第（一）项,"截断后缀""、""",虚假广告/虚假宣传
依据《中华人民共和国广告法》第五十八条第一款第(二)项和第三款,《中华人民共和国广告法》第五十八条第一款第(二)项和第三款,"去除前缀""依据""",虚假广告/虚假宣传
《户外广告登记管理规定》第五条第一款第（一）项之规定依据,《户外广告登记管理规定》第五条第一款第（一）项之规定,"截断后缀""依据""",虚假广告/虚假宣传
《户外广告登记管理规定》第五条第一款第（一）项的规定依据,《户外广告登记管理规定》第五条第一款第（一）项的规定,"截断后缀""依据""",虚假广告/虚假宣传
《户外广告登记管理规定》第五条第一款项,《户外广告登记管理规定》第五条第一款,"截断后缀""项""",虚假广告/虚假宣传
《中华人民共和国广告法》第五十七条、,《中华人民共和国广告法》第五十七条,"截断后缀""、""",虚假广告/虚假宣传
依据《中华人民共和国广告法》第五十八条第二项,《中华人民共和国广告法》第五十八条第二项,"去除前缀""依据""",虚假广告/虚假宣传
《中华人民共和国广告法》第二十六条和,《中华人民共和国广告法》第二十六条,"截断后缀""和""",虚假广告/虚假宣传
"《户外广告登记管理规定》第五条第（一）项,",《户外广告登记管理规定》第五条第（一）项,"截断后缀"",""",虚假广告/虚假宣传
《中华人民共和国广告法》第十五条第二款“前款,《中华人民共和国广告法》第十五条第二款,"截断后缀""“前款""",虚假广告/虚假宣传
依据《中华人民共和国广告法》第六十二条第一款,《中华人民共和国广告法》第六十二条第一款,"去除前缀""依据""",虚假广告/虚假宣传
《中华人民共和国广告法》第二十六条第一款第一项和,《中华人民共和国广告法》第二十六条第一款第一项,"截断后缀""和""",虚假广告/虚假宣传
《中华人民共和国广告法》第二十六条第（二）项及,《中华人民共和国广告法》第二十六条第（二）项,"截断后缀""及""",虚假广告/虚假宣传
《中华人民共和国广告法》第二十六条第（二）项、,《中华人民共和国广告法》第二十六条第（二）项,"截断后缀""、""",虚假广告/虚假宣传
《中华人民共和国广告法》第二十六条第一款第（一）项、,《中华人民共和国广告法》第二十六条第一款第（一）项,"截断后缀""、""",虚假广告/虚假宣传
《房地产广告发布暂行规定》第六条第（一）项的规定依据,《房地产广告发布暂行规定》第六条第（一）项的规定,"截断后缀""依据""",虚假广告/虚假宣传||房地产/土地
《房地产广告发布暂行规定》第十五条之规定依据,《房地产广告发布暂行规定》第十五条之规定,"截断后缀""依据""",虚假广告/虚假宣传||房地产/土地
《房地产广告发布暂行规定》第十条及,《房地产广告发布暂行规定》第十条,"截断后缀""及""",虚假广告/虚假宣传||房地产/土地
《房地产广告发布暂行规定》第六条之规定依据,《房地产广告发布暂行规定》第六条之规定,"截断后缀""依据""",虚假广告/虚假宣传||房地产/土地
《房地产广告发布暂行规定》第二十一条“违反本规定发布广告,《房地产广告发布暂行规定》第二十一条,"截断后缀""“违反本规定发布广告""",虚假广告/虚假宣传||房地产/土地
《房地产广告发布暂行规定》第二十一条：“违反本规定发布广告依照,《房地产广告发布暂行规定》第二十一条,"截断后缀""：“违反本规定发布广告依照""",虚假广告/虚假宣传||房地产/土地
《甘肃红柳广告》第1015、1020、1021期上刊登了“云鼎官邸”的房地产项,《甘肃红柳广告》,"截断后缀""第1015、1020、1021期上刊登了...""",虚假广告/虚假宣传||房地产/土地
《房地产广告发布暂行规定》第十条第一款之规定依据,《房地产广告发布暂行规定》第十条第一款之规定,"截断后缀""依据""",虚假广告/虚假宣传||房地产/土地
依据《定量包装商品计量监督管理办法》第十七条,《定量包装商品计量监督管理办法》第十七条,"去除前缀""依据""",计量/器具
《保险营销员管理规定》第五十七条规定,《保险营销员管理规定》第五十七条,"截断后缀""规定""",财税与金融监管
《企业财务会计报告条例》第十八条、,《企业财务会计报告条例》第十八条,"截断后缀""、""",财税与金融监管
根据《保险公司管理规定》第六十九条,《保险公司管理规定》第六十九条,"去除前缀""根据""",财税与金融监管
"《保险营销员管理规定》第四十七条,",《保险营销员管理规定》第四十七条,"截断后缀"",""",财税与金融监管
《中华人民共和国发票管理办法》第三十六条罚款,《中华人民共和国发票管理办法》第三十六条,"截断后缀""罚款""",财税与金融监管
《中华人民共和国发票管理办法》第三十六条罚款,《中华人民共和国发票管理办法》第三十六条,"截断后缀""罚款""",财税与金融监管
《中国保险统计管理暂行规定》第三十八条规定,《中国保险统计管理暂行规定》第三十八条,"截断后缀""规定""",财税与金融监管
《中华人民共和国发票管理办法》第三十六条第二款规定,《中华人民共和国发票管理办法》第三十六条第二款,"截断后缀""规定""",财税与金融监管
《中华人民共和国发票管理办法》第三十六条第二款罚款,《中华人民共和国发票管理办法》第三十六条第二款,"截断后缀""罚款""",财税与金融监管
《中华人民共和国发票管理办法》第三十六条第二款处罚决定:罚款,《中华人民共和国发票管理办法》第三十六条第二款,"截断后缀""处罚决定:罚款""",财税与金融监管
《流动资金贷款管理办法》第九条、,《流动资金贷款管理办法》第九条,"截断后缀""、""",财税与金融监管
《中华人民共和国发票管理办法》第三十六条第二款处罚决定:丢失发票-罚款,《中华人民共和国发票管理办法》第三十六条第二款,"截断后缀""处罚决定:丢失发票-罚款""",财税与金融监管
根据《中华人民共和国发票管理办法》第三十九条,《中华人民共和国发票管理办法》第三十九条,"去除前缀""根据""",财税与金融监管
《中华人民共和国发票管理办法实施细则》第四十九条规定,《中华人民共和国发票管理办法实施细则》第四十九条,"截断后缀""规定""",财税与金融监管
《中华人民共和国发票管理法》第36条规定拟处罚款,《中华人民共和国发票管理法》第36条,"截断后缀""规定拟处罚款""",财税与金融监管
《人身意外伤害保险业务经营标准》第二条、第三条和,《人身意外伤害保险业务经营标准》第二条、第三条,"截断后缀""和""",财税与金融监管
《全国发票管理办法》第二十二条第二款规定,《全国发票管理办法》第二十二条第二款,"截断后缀""规定""",财税与金融监管
《中华人民共和国发票管理办法》第二十四条、第三十九条规定处罚决定:对上述违法行为处罚款,《中华人民共和国发票管理办法》第二十四条、第三十九条,"截断后缀""规定处罚决定:对上述违法行为处罚款""",财税与金融监管
《中华人民共和国发票管理办法》第二十四条第一款第(二)项、第三十九条的规定处罚决定:处罚款,《中华人民共和国发票管理办法》第二十四条第一款第(二)项、第三十九条的规定,"截断后缀""处罚决定:处罚款""",财税与金融监管
《中华人民共和国发票管理办法》第二十四条第一款第(二)项、第三十九条第一款规定,《中华人民共和国发票管理办法》第二十四条第一款第(二)项、第三十九条第一款,"截断后缀""规定""",财税与金融监管
依据《保险许可证管理办法》第二十九条的规定,《保险许可证管理办法》第二十九条的规定,"去除前缀""依据""",财税与金融监管
依据《保险营销员管理规定》第五十八条,《保险营销员管理规定》第五十八条,"去除前缀""依据""",财税与金融监管
"《中华人民共和国发票管理办法》第二十二条,",《中华人民共和国发票管理办法》第二十二条,"截断后缀"",""",财税与金融监管
依据《保险营销员管理规定》第五十七条,《保险营销员管理规定》第五十七条,"去除前缀""依据""",财税与金融监管
《中华人民共和国发票管理办法》第二十九条、,《中华人民共和国发票管理办法》第二十九条,"截断后缀""、""",财税与金融监管
依据《保险兼业代理管理暂行办法》第三十七条,《保险兼业代理管理暂行办法》第三十七条,"去除前缀""依据""",财税与金融监管
依据《保险公司管理规定》第六十九条的规定,《保险公司管理规定》第六十九条的规定,"去除前缀""依据""",财税与金融监管
依据《保险公司管理规定》第六十九条,《保险公司管理规定》第六十九条,"去除前缀""依据""",财税与金融监管
依据《保险公司管理规定》第九十九条,《保险公司管理规定》第九十九条,"去除前缀""依据""",财税与金融监管
《中华人民共和国发票管理办法》第二十一条、,《中华人民共和国发票管理办法》第二十一条,"截断后缀""、""",财税与金融监管
《社会保险费征缴暂行条例》第十条、,《社会保险费征缴暂行条例》第十条,"截断后缀""、""",财税与金融监管
《中华人民共和国发票管理办法》第二十二条\\\\,《中华人民共和国发票管理办法》第二十二条,"截断后缀""\\\\""",财税与金融监管
《中华人民共和国发票管理办法》第二十二条第二款、,《中华人民共和国发票管理办法》第二十二条第二款,"截断后缀""、""",财税与金融监管
《流动资金贷款管理暂行办法》第三十一条、第三十二条和,《流动资金贷款管理暂行办法》第三十一条、第三十二条,"截断后缀""和""",财税与金融监管
《流动资金贷款管理暂行办法》第九条、第三十条及,《流动资金贷款管理暂行办法》第九条、第三十条,"截断后缀""及""",财税与金融监管
《中华人民共和国发票管理办法》第三十五条和,《中华人民共和国发票管理办法》第三十五条,"截断后缀""和""",财税与金融监管
《中华人民共和国发票管理办法》第三十五条之规定:拟处罚款,《中华人民共和国发票管理办法》第三十五条之规定,"截断后缀"":拟处罚款""",财税与金融监管
《中华人民共和国发票管理办法》第三十九条规定处罚款,《中华人民共和国发票管理办法》第三十九条,"截断后缀""规定处罚款""",财税与金融监管
《中华人民共和国发票管理办法》第三十九条第二项的有关规定,《中华人民共和国发票管理办法》第三十九条第二项,"截断后缀""的有关规定""",财税与金融监管
《中华人民共和国发票管理办法》第587号)第二十四条第一款第二项、第三十九条第二项的规定处罚决定:处罚款,《中华人民共和国发票管理办法》第587号)第二十四条第一款第二项、第三十九条第二项的规定,"截断后缀""处罚决定:处罚款""",财税与金融监管
《中华人民共和国发票管理办法》第三十九条第二项、,《中华人民共和国发票管理办法》第三十九条第二项,"截断后缀""、""",财税与金融监管
《销售服务、无形资产、不动产注释》第五条第一款“贷款,《销售服务、无形资产、不动产注释》第五条第一款,"截断后缀""“贷款""",财税与金融监管
《中华人民共和国发票管理办法》第三十七条和,《中华人民共和国发票管理办法》第三十七条,"截断后缀""和""",财税与金融监管
"《保险公司管理规定》第九十五条,",《保险公司管理规定》第九十五条,"截断后缀"",""",财税与金融监管
"《保险公司管理规定》第九十九条规定,应当给予你分公司警告并罚款,",《保险公司管理规定》第九十九条,"截断后缀""规定,应当给予你分公司警告并罚款,""",财税与金融监管
"《保险公司管理规定》第六十九条,",《保险公司管理规定》第六十九条,"截断后缀"",""",财税与金融监管
《保险公司管理规定》第九十九条规定,《保险公司管理规定》第九十九条,"截断后缀""规定""",财税与金融监管
《流动资金贷款管理暂行办法》第十三条第（八）项和,《流动资金贷款管理暂行办法》第十三条第（八）项,"截断后缀""和""",财税与金融监管
"《中华人民共和国发票管理办法》第三十六条第二款,",《中华人民共和国发票管理办法》第三十六条第二款,"截断后缀"",""",财税与金融监管
《保险公司中介业务违法行为处罚办法》第二十一条和,《保险公司中介业务违法行为处罚办法》第二十一条,"截断后缀""和""",财税与金融监管
《保险公司管理规定》第99条的有关规定,《保险公司管理规定》第99条,"截断后缀""的有关规定""",财税与金融监管
《保险公司管理规定》第九十九条;,《保险公司管理规定》第九十九条,"截断后缀"";""",财税与金融监管
《保险公司管理规定》第九十九条、,《保险公司管理规定》第九十九条,"截断后缀""、""",财税与金融监管
"《保险公司管理规定》第六十条、第七十三条、第九十五条,",《保险公司管理规定》第六十条、第七十三条、第九十五条,"截断后缀"",""",财税与金融监管
《保险公司营销服务部管理办法》第11条第1款、,《保险公司营销服务部管理办法》第11条第1款,"截断后缀""、""",财税与金融监管
《中华人民共和国发票管理办法》第三十五条这规定,《中华人民共和国发票管理办法》第三十五条,"截断后缀""这规定""",财税与金融监管
《保险法》第一百七十二条及,《保险法》第一百七十二条,"截断后缀""及""",金融/信贷违规
《保险法》第一百七十三条及,《保险法》第一百七十三条,"截断后缀""及""",金融/信贷违规
《保险法》第一百七十一条规定,《保险法》第一百七十一条,"截断后缀""规定""",金融/信贷违规
《保险法》第一百七十二条和,《保险法》第一百七十二条,"截断后缀""和""",金融/信贷违规
《保险法》第一百七十二条规定,《保险法》第一百七十二条,"截断后缀""规定""",金融/信贷违规
"《保险法》第一百七十条,",《保险法》第一百七十条,"截断后缀"",""",金融/信贷违规
"《保险法》第一百三十九条第一款,",《保险法》第一百三十九条第一款,"截断后缀"",""",金融/信贷违规
《保险法》第一百三十九条、,《保险法》第一百三十九条,"截断后缀""、""",金融/信贷违规
《保险法》第一百七十条和,《保险法》第一百七十条,"截断后缀""和""",金融/信贷违规
"《保险法》第一百七十一条之规定,我局决定对吴彪予以警告并罚款4万元的行政处罚,对熊远松予以警告并罚款",《保险法》第一百七十一条之规定,"截断后缀"",我局决定对吴彪予以警告并罚款4万元的行...""",金融/信贷违规
《保险法》第86条规定,《保险法》第86条,"截断后缀""规定""",金融/信贷违规
"《保险法》第一百一十九条,",《保险法》第一百一十九条,"截断后缀"",""",金融/信贷违规
《保险法》第一百一十六条第四项规定,《保险法》第一百一十六条第四项,"截断后缀""规定""",金融/信贷违规
《保险法》第一百一十六条第八项规定,《保险法》第一百一十六条第八项,"截断后缀""规定""",金融/信贷违规
"《保险法》第一百一十六条第八款,",《保险法》第一百一十六条第八款,"截断后缀"",""",金融/信贷违规
《保险法》第一百零六条规定,《保险法》第一百零六条,"截断后缀""规定""",金融/信贷违规
《保险法》第一百零六条、,《保险法》第一百零六条,"截断后缀""、""",金融/信贷违规
《保险法》第一百四十五条第六款、,《保险法》第一百四十五条第六款,"截断后缀""、""",金融/信贷违规
《保险法》第一百四十七条规定,《保险法》第一百四十七条,"截断后缀""规定""",金融/信贷违规
"《保险法》第一百四十七条第一款第(一)项的规定,就该项违法行为,我局决定对你公司处以罚款,",《保险法》第一百四十七条第一款第(一)项的规定,"截断后缀"",就该项违法行为,我局决定对你公司处以罚...""",金融/信贷违规
《保险法》第一百四十七条和,《保险法》第一百四十七条,"截断后缀""和""",金融/信贷违规
"《保险法》第八十六条,",《保险法》第八十六条,"截断后缀"",""",金融/信贷违规
《保险法》第八十六条、第一百一十六条、,《保险法》第八十六条、第一百一十六条,"截断后缀""、""",金融/信贷违规
《中华人民共和国保险法》第一百零六条、第一百二十二条及,《中华人民共和国保险法》第一百零六条、第一百二十二条,"截断后缀""及""",金融/信贷违规
《社会保险法》第60、63、86条,《社会保险法》,"截断后缀""第60、63、86条""",金融/信贷违规
《保险法》第八十条第一款、,《保险法》第八十条第一款,"截断后缀""、""",金融/信贷违规
《保险法》第八十六条第二款规定,《保险法》第八十六条第二款,"截断后缀""规定""",金融/信贷违规
《保险法》第一百六十七条规定,《保险法》第一百六十七条,"截断后缀""规定""",金融/信贷违规
《保险法》第一百六十七条第(二)项及,《保险法》第一百六十七条第(二)项,"截断后缀""及""",金融/信贷违规
"《保险法》第一百二十二条,",《保险法》第一百二十二条,"截断后缀"",""",金融/信贷违规
《保险法》第一百二十三条和,《保险法》第一百二十三条,"截断后缀""和""",金融/信贷违规
《保险法》第一百六十六条及,《保险法》第一百六十六条,"截断后缀""及""",金融/信贷违规
根据《中华人民共和国保险法》第一百四十七条,《中华人民共和国保险法》第一百四十七条,"去除前缀""根据""",金融/信贷违规
根据《中华人民共和国保险法》第一百六十八条的规定,《中华人民共和国保险法》第一百六十八条的规定,"去除前缀""根据""",金融/信贷违规
根据《中华人民共和国保险法》第一百六十一条,《中华人民共和国保险法》第一百六十一条,"去除前缀""根据""",金融/信贷违规
根据《中华人民共和国保险法》第一百七十条规定,《中华人民共和国保险法》第一百七十条,"去除前缀""根据""; 截断后缀""规定""",金融/信贷违规
根据《中华人民共和国保险法》第一百七十条第一项的规定,《中华人民共和国保险法》第一百七十条第一项的规定,"去除前缀""根据""",金融/信贷违规
根据《中华人民共和国保险法》第一百七十条第一项,《中华人民共和国保险法》第一百七十条第一项,"去除前缀""根据""",金融/信贷违规
根据《中华人民共和国保险法》第一百七十条,《中华人民共和国保险法》第一百七十条,"去除前缀""根据""",金融/信贷违规
根据《中华人民共和国保险法》第一百七十二条,《中华人民共和国保险法》第一百七十二条,"去除前缀""根据""",金融/信贷违规
"《保险法》第一百六十二条规定,我局现给予你公司罚款",《保险法》第一百六十二条,"截断后缀""规定,我局现给予你公司罚款""",金融/信贷违规
《保险法》第一百六十二条规定,《保险法》第一百六十二条,"截断后缀""规定""",金融/信贷违规
《保险法》第一百六十二条和,《保险法》第一百六十二条,"截断后缀""和""",金融/信贷违规
《保险法》第一百六十二条、第一百七十二条和,《保险法》第一百六十二条、第一百七十二条,"截断后缀""和""",金融/信贷违规
《保险法》第一百六十二条、第一百七十二条、,《保险法》第一百六十二条、第一百七十二条,"截断后缀""、""",金融/信贷违规
《中华人民共和国保险法》第144条规定,《中华人民共和国保险法》第144条,"截断后缀""规定""",金融/信贷违规
《中华人民共和国保险法》第107条、第122条和,《中华人民共和国保险法》第107条、第122条,"截断后缀""和""",金融/信贷违规
《中华人民共和国保险法》第一百七十一条和,《中华人民共和国保险法》第一百七十一条,"截断后缀""和""",金融/信贷违规
《中华人民共和国保险法》第一百七十三条及,《中华人民共和国保险法》第一百七十三条,"截断后缀""及""",金融/信贷违规
《人身保险新型产品信息披露管理办法》第六、七、八、十条,《人身保险新型产品信息披露管理办法》,"截断后缀""第六、七、八、十条""",金融/信贷违规
《人身保险新型产品信息披露管理办法》第三十四条和,《人身保险新型产品信息披露管理办法》第三十四条,"截断后缀""和""",金融/信贷违规
《人身保险新型产品信息披露管理办法》第三十四、三十五条和,《人身保险新型产品信息披露管理办法》,"截断后缀""第三十四、三十五条和""",金融/信贷违规
《人身保险新型产品信息披露管理办法》第三十三条规定,《人身保险新型产品信息披露管理办法》第三十三条,"截断后缀""规定""",金融/信贷违规
依据《中华人民共和国社会保险法》第八十六条,《中华人民共和国社会保险法》第八十六条,"去除前缀""依据""",金融/信贷违规
依据《保险法》第一百三十九条,《保险法》第一百三十九条,"去除前缀""依据""",金融/信贷违规
依据《保险法》第一百七十条第(一)项,《保险法》第一百七十条第(一)项,"去除前缀""依据""",金融/信贷违规
依据《保险法》第一百七十条,《保险法》第一百七十条,"去除前缀""依据""",金融/信贷违规
依据《保险法》第一百七十二条的规定,《保险法》第一百七十二条的规定,"去除前缀""依据""",金融/信贷违规
依据《保险法》第一百七十二条,《保险法》第一百七十二条,"去除前缀""依据""",金融/信贷违规
依据《保险法》第172条第(三)项、第173条的规定,《保险法》第172条第(三)项、第173条的规定,"去除前缀""依据""",金融/信贷违规
依据《保险法》第172条第(一)项、第173条的规定,《保险法》第172条第(一)项、第173条的规定,"去除前缀""依据""",金融/信贷违规
依据《保险法》第一百六十二条,《保险法》第一百六十二条,"去除前缀""依据""",金融/信贷违规
依据《保险法》第172条第(一)项、第173条,《保险法》第172条第(一)项、第173条,"去除前缀""依据""",金融/信贷违规
依据《保险法》第162条的规定,《保险法》第162条的规定,"去除前缀""依据""",金融/信贷违规
依据《保险法》第162条、第172条第(一)项,《保险法》第162条、第172条第(一)项,"去除前缀""依据""",金融/信贷违规
依据《保险法》(2015修正)第一百七十条,《保险法》(2015修正)第一百七十条,"去除前缀""依据""",金融/信贷违规
依据《保险法》(2009年修订)第一百七十二条,《保险法》(2009年修订)第一百七十二条,"去除前缀""依据""",金融/信贷违规
依据《保险专业代理机构监管规定》第八十一条,《保险专业代理机构监管规定》第八十一条,"去除前缀""依据""",金融/信贷违规
依据《人身保险新型产品信息披露管理办法》第三十四条,《人身保险新型产品信息披露管理办法》第三十四条,"去除前缀""依据""",金融/信贷违规
依据《人身保险新型产品信息披露管理办法》第34条的规定,《人身保险新型产品信息披露管理办法》第34条的规定,"去除前缀""依据""",金融/信贷违规
依据《保险法》第172条的规定,《保险法》第172条的规定,"去除前缀""依据""",金融/信贷违规
依据《保险法》第一百六十二条的规定,《保险法》第一百六十二条的规定,"去除前缀""依据""",金融/信贷违规
依据《保险法》第一百六十六条,《保险法》第一百六十六条,"去除前缀""依据""",金融/信贷违规
依据《保险法》第一百四十七条,《保险法》第一百四十七条,"去除前缀""依据""",金融/信贷违规
《中华人民共和国保险法》第145条、第147条和,《中华人民共和国保险法》第145条、第147条,"截断后缀""和""",金融/信贷违规
《中华人民共和国保险法》第55条:“投保人不得为无民事行为能力人投保以死亡为给付保险金条,《中华人民共和国保险法》第55条,"截断后缀"":“投保人不得为无民事行为能力人投保以死...""",金融/信贷违规
《中华人民共和国保险法》第一百七十二条和,《中华人民共和国保险法》第一百七十二条,"截断后缀""和""",金融/信贷违规
《保险法》第147条和,《保险法》第147条,"截断后缀""和""",金融/信贷违规
"《保险专业代理机构监管规定》第四十六条第（四）项,",《保险专业代理机构监管规定》第四十六条第（四）项,"截断后缀"",""",金融/信贷违规
《保险专业代理机构监管规定》第四十九条和中华人民共和国,《保险专业代理机构监管规定》第四十九条,"截断后缀""和中华人民共和国""",金融/信贷违规
"《保险专业代理机构监管规定》第八十六条第（一）项,",《保险专业代理机构监管规定》第八十六条第（一）项,"截断后缀"",""",金融/信贷违规
《保险专业代理机构监管规定》第七十条“保险专业代理机构发生第十四条、第三十九条、第五十二条所列事项,《保险专业代理机构监管规定》第七十条“保险专业代理机构发生第十四条、第三十九条、第五十二条,"截断后缀""所列事项""",金融/信贷违规
《保险专业代理机构监管规定》第七十九条以及,《保险专业代理机构监管规定》第七十九条,"截断后缀""以及""",金融/信贷违规
《中华人民共和国保险法》第一百三十九条、第一百四十七条规定,《中华人民共和国保险法》第一百三十九条、第一百四十七条,"截断后缀""规定""",金融/信贷违规
《保险法》第145条责令你公司立即予以改正,《保险法》第145条,"截断后缀""责令你公司立即予以改正""",金融/信贷违规
《中华人民共和国保险法》第一百零七条第一款、,《中华人民共和国保险法》第一百零七条第一款,"截断后缀""、""",金融/信贷违规
《中华人民共和国保险法》第一百三十九条、第一百四十五条、第一百四十七条规定,《中华人民共和国保险法》第一百三十九条、第一百四十五条、第一百四十七条,"截断后缀""规定""",金融/信贷违规
《保险法》第107条、第122条及,《保险法》第107条、第122条,"截断后缀""及""",金融/信贷违规
"《中华人民共和国保险法》第八十二条第三项规定,依据",《中华人民共和国保险法》第八十二条第三项,"截断后缀""规定,依据""",金融/信贷违规
《中华人民共和国保险法》第八十二条第三项规定,《中华人民共和国保险法》第八十二条第三项,"截断后缀""规定""",金融/信贷违规
《中华人民共和国保险法》第一百零六条规定,《中华人民共和国保险法》第一百零六条,"截断后缀""规定""",金融/信贷违规
"《中华人民共和国保险法》第一百零六条、第一百零七条、第一百二十二条、第一百三十四条,",《中华人民共和国保险法》第一百零六条、第一百零七条、第一百二十二条、第一百三十四条,"截断后缀"",""",金融/信贷违规
"《中华人民共和国保险法》第八十六条,",《中华人民共和国保险法》第八十六条,"截断后缀"",""",金融/信贷违规
《中华人民共和国保险法》第一百七十二条第（一）项及,《中华人民共和国保险法》第一百七十二条第（一）项,"截断后缀""及""",金融/信贷违规
"《中华人民共和国保险法》第八十六条第二款,",《中华人民共和国保险法》第八十六条第二款,"截断后缀"",""",金融/信贷违规
"《中华人民共和国保险法》第一百七十二条的规定,我局责令你公司改正,并决定对你公司作出罚款",《中华人民共和国保险法》第一百七十二条的规定,"截断后缀"",我局责令你公司改正,并决定对你公司作出...""",金融/信贷违规
依据《中华人民共和国保险法》第一百七十二条规定,《中华人民共和国保险法》第一百七十二条,"去除前缀""依据""; 截断后缀""规定""",金融/信贷违规
《反洗钱法》第32条有关规定对单位罚款,《反洗钱法》第32条,"截断后缀""有关规定对单位罚款""",金融/信贷违规
《反洗钱法》第32条有关规定处以人民币四十五万元的罚款,《反洗钱法》第32条,"截断后缀""有关规定处以人民币四十五万元的罚款""",金融/信贷违规
依据《中华人民共和国保险法》第166条的规定,《中华人民共和国保险法》第166条的规定,"去除前缀""依据""",金融/信贷违规
依据《中华人民共和国保险法》第172条的规定,《中华人民共和国保险法》第172条的规定,"去除前缀""依据""",金融/信贷违规
依据《中华人民共和国保险法》第一百七十二条,《中华人民共和国保险法》第一百七十二条,"去除前缀""依据""",金融/信贷违规
依据《中华人民共和国保险法》第一百七十二条的规定,《中华人民共和国保险法》第一百七十二条的规定,"去除前缀""依据""",金融/信贷违规
依据《中华人民共和国保险法》第一百七十二条第(一)项,《中华人民共和国保险法》第一百七十二条第(一)项,"去除前缀""依据""",金融/信贷违规
《中华人民共和国反洗钱法》第三十二条第一款第一项规定处以40万元人民币的罚款,《中华人民共和国反洗钱法》第三十二条第一款第一项,"截断后缀""规定处以40万元人民币的罚款""",金融/信贷违规
《中华人民共和国反洗钱法》第三十二条第一款第一项规定,《中华人民共和国反洗钱法》第三十二条第一款第一项,"截断后缀""规定""",金融/信贷违规
根据《保险法》第一百六十二条的规定,《保险法》第一百六十二条的规定,"去除前缀""根据""",金融/信贷违规
根据《保险法》第一百六十一条,《保险法》第一百六十一条,"去除前缀""根据""",金融/信贷违规
根据《保险法》第一百七十条,《保险法》第一百七十条,"去除前缀""根据""",金融/信贷违规
根据《保险法》第一百七十二条的规定,《保险法》第一百七十二条的规定,"去除前缀""根据""",金融/信贷违规
根据《保险法》第一百七十二条,《保险法》第一百七十二条,"去除前缀""根据""",金融/信贷违规
根据《保险法》第146条,《保险法》第146条,"去除前缀""根据""",金融/信贷违规
依据《中华人民共和国保险法》第一百三十九条,《中华人民共和国保险法》第一百三十九条,"去除前缀""依据""",金融/信贷违规
依据《中华人民共和国保险法》第一百三十九条的规定,《中华人民共和国保险法》第一百三十九条的规定,"去除前缀""依据""",金融/信贷违规
依据《中华人民共和国保险法》第一百三十九条规定,《中华人民共和国保险法》第一百三十九条,"去除前缀""依据""; 截断后缀""规定""",金融/信贷违规
《中华人民共和国保险法》第一百三十六条有关保险条款,《中华人民共和国保险法》第一百三十六条,"截断后缀""有关保险条款""",金融/信贷违规
"《中华人民共和国反洗钱法》第三十二条第一款第（二）项,",《中华人民共和国反洗钱法》第三十二条第一款第（二）项,"截断后缀"",""",金融/信贷违规
《中华人民共和国反洗钱法》第三十二条第（一）项、,《中华人民共和国反洗钱法》第三十二条第（一）项,"截断后缀""、""",金融/信贷违规
《中华人民共和国反洗钱法》第三十二条规定,《中华人民共和国反洗钱法》第三十二条,"截断后缀""规定""",金融/信贷违规
《中华人民共和国反洗钱法》第三十二条规定和,《中华人民共和国反洗钱法》第三十二条,"截断后缀""规定和""",金融/信贷违规
《中华人民共和国反洗钱法》第三十二条规定对单位处30万元罚款,《中华人民共和国反洗钱法》第三十二条,"截断后缀""规定对单位处30万元罚款""",金融/信贷违规
依据《中华人民共和国保险法》第一百五十条,《中华人民共和国保险法》第一百五十条,"去除前缀""依据""",金融/信贷违规
《中华人民共和国保险法》第一百六十二条规定,《中华人民共和国保险法》第一百六十二条,"截断后缀""规定""",金融/信贷违规
《中华人民共和国保险法》第一百六十二条和,《中华人民共和国保险法》第一百六十二条,"截断后缀""和""",金融/信贷违规
《中华人民共和国保险法》第一百六十二条及,《中华人民共和国保险法》第一百六十二条,"截断后缀""及""",金融/信贷违规
《中华人民共和国保险法》第一百六十二条、,《中华人民共和国保险法》第一百六十二条,"截断后缀""、""",金融/信贷违规
《中华人民共和国反洗钱法》第二十条第一款、,《中华人民共和国反洗钱法》第二十条第一款,"截断后缀""、""",金融/信贷违规
依据《中华人民共和国保险法》第一百六十九条的规定,《中华人民共和国保险法》第一百六十九条的规定,"去除前缀""依据""",金融/信贷违规
依据《中华人民共和国保险法》第一百六十二条的规定,《中华人民共和国保险法》第一百六十二条的规定,"去除前缀""依据""",金融/信贷违规
依据《中华人民共和国保险法》第一百四十七条,《中华人民共和国保险法》第一百四十七条,"去除前缀""依据""",金融/信贷违规
《中华人民共和国保险法》第一百四十五条第(八)项、,《中华人民共和国保险法》第一百四十五条第(八)项,"截断后缀""、""",金融/信贷违规
《中华人民共和国保险法》第一百二十二条、第一百零七条、,《中华人民共和国保险法》第一百二十二条、第一百零七条,"截断后缀""、""",金融/信贷违规
《中华人民共和国保险法》第一百二十二条规定及,《中华人民共和国保险法》第一百二十二条,"截断后缀""规定及""",金融/信贷违规
"《中华人民共和国保险法》第一百四十四条规定,我局决定对你分公司责令改正,给予罚款,",《中华人民共和国保险法》第一百四十四条,"截断后缀""规定,我局决定对你分公司责令改正,给予罚...""",金融/信贷违规
《中华人民共和国保险法》第一百六十一条规定,《中华人民共和国保险法》第一百六十一条,"截断后缀""规定""",金融/信贷违规
依据《中华人民共和国保险法》第一百四十七条第(一)项,《中华人民共和国保险法》第一百四十七条第(一)项,"去除前缀""依据""",金融/信贷违规
依据《中华人民共和国保险法》第一百四十七条第(一)项的规定,《中华人民共和国保险法》第一百四十七条第(一)项的规定,"去除前缀""依据""",金融/信贷违规
依据《中华人民共和国保险法》第一百四十六条,《中华人民共和国保险法》第一百四十六条,"去除前缀""依据""",金融/信贷违规
依据《中华人民共和国保险法》第一百四十四条规定,《中华人民共和国保险法》第一百四十四条,"去除前缀""依据""; 截断后缀""规定""",金融/信贷违规
《中华人民共和国保险法》第一百四十七条及,《中华人民共和国保险法》第一百四十七条,"截断后缀""及""",金融/信贷违规
《中华人民共和国反洗钱法》第三十二条第一款及,《中华人民共和国反洗钱法》第三十二条第一款,"截断后缀""及""",金融/信贷违规
《中华人民共和国反洗钱法》第三十二条第一款、第三款及,《中华人民共和国反洗钱法》第三十二条第一款、第三款,"截断后缀""及""",金融/信贷违规
《中华人民共和国保险法》第一百四十七条和,《中华人民共和国保险法》第一百四十七条,"截断后缀""和""",金融/信贷违规
《中华人民共和国保险法》第一百四十七条第(一)项规定及,《中华人民共和国保险法》第一百四十七条第(一)项,"截断后缀""规定及""",金融/信贷违规
《中华人民共和国保险法》第一百四十七条规定,《中华人民共和国保险法》第一百四十七条,"截断后缀""规定""",金融/信贷违规
《中华人民共和国反洗钱法》第三十二条第(一)项规定,《中华人民共和国反洗钱法》第三十二条第(一)项,"截断后缀""规定""",金融/信贷违规
"《中华人民共和国保险法》第一百四十七条规定,我局决定对你营销服务部作出罚款,",《中华人民共和国保险法》第一百四十七条,"截断后缀""规定,我局决定对你营销服务部作出罚款,""",金融/信贷违规
"《中华人民共和国反洗钱法》第三十二条第一款第（一）项,",《中华人民共和国反洗钱法》第三十二条第一款第（一）项,"截断后缀"",""",金融/信贷违规
根据《机动车交通事故责任强制保险条例》第三十八条第(二)项,《机动车交通事故责任强制保险条例》第三十八条第(二)项,"去除前缀""根据""",金融/信贷违规||交通运输违规
《机动车交通事故责任强制保险条例》第三十八条、,《机动车交通事故责任强制保险条例》第三十八条,"截断后缀""、""",金融/信贷违规||交通运输违规
《机动车交通事故责任强制保险条例》第38条:“保险公司违反本条,《机动车交通事故责任强制保险条例》第38条,"截断后缀"":“保险公司违反本条""",金融/信贷违规||交通运输违规
《机动车交通事故责任强制保险条例》第三十七条规定,《机动车交通事故责任强制保险条例》第三十七条,"截断后缀""规定""",金融/信贷违规||交通运输违规
《机动车交通事故责任强制保险条例》第三十八条和,《机动车交通事故责任强制保险条例》第三十八条,"截断后缀""和""",金融/信贷违规||交通运输违规
《机动车交通事故责任强制保险条例》第三十八条第二款、,《机动车交通事故责任强制保险条例》第三十八条第二款,"截断后缀""、""",金融/信贷违规||交通运输违规
《机动车交通事故责任强制保险条例》第六条、,《机动车交通事故责任强制保险条例》第六条,"截断后缀""、""",金融/信贷违规||交通运输违规
《机动车交通事故责任强制保险条例》第六条、第二十条规定,《机动车交通事故责任强制保险条例》第六条、第二十条,"截断后缀""规定""",金融/信贷违规||交通运输违规
《保险销售从业人员监管办法》第三十四条、,《保险销售从业人员监管办法》第三十四条,"截断后缀""、""",金融/信贷违规||劳动保障/用工
根据《保险销售从业人员监管办法》第三十二条,《保险销售从业人员监管办法》第三十二条,"去除前缀""根据""",金融/信贷违规||劳动保障/用工
《保险销售从业人员监管办法》第三十一条、,《保险销售从业人员监管办法》第三十一条,"截断后缀""、""",金融/信贷违规||劳动保障/用工
《中华人民共和国银行业监督管理法》第四十六条规定,《中华人民共和国银行业监督管理法》第四十六条,"截断后缀""规定""",金融/账户
《中国银监会办公厅关于加强银行承兑汇票业务监管的通知》第一条、,《中国银监会办公厅关于加强银行承兑汇票业务监管的通知》第一条,"截断后缀""、""",金融/账户
《中国人民银行假币收缴、鉴定管理办法》第十七条、,《中国人民银行假币收缴、鉴定管理办法》第十七条,"截断后缀""、""",金融/账户
《中国人民银行假币收缴、鉴定管理办法》第四条、,《中国人民银行假币收缴、鉴定管理办法》第四条,"截断后缀""、""",金融/账户
《商业银行授信工作尽职指引》第四十一条、,《商业银行授信工作尽职指引》第四十一条,"截断后缀""、""",金融/账户
《中华人民共和国银行业监督管理法》第四十六条第（五）项、,《中华人民共和国银行业监督管理法》第四十六条第（五）项,"截断后缀""、""",金融/账户
《商业银行法》第五十五条、,《商业银行法》第五十五条,"截断后缀""、""",金融/账户
《商业银行法》第七十七条、,《商业银行法》第七十七条,"截断后缀""、""",金融/账户
"《中国人民银行假币收缴、鉴定管理办法》第十七条,",《中国人民银行假币收缴、鉴定管理办法》第十七条,"截断后缀"",""",金融/账户
《人民币银行结算账户管理办法》第六十七条规定,《人民币银行结算账户管理办法》第六十七条,"截断后缀""规定""",金融/账户
《人民币银行结算账户管理办法》第六十七条第（六）项和,《人民币银行结算账户管理办法》第六十七条第（六）项,"截断后缀""和""",金融/账户
《人民币银行结算账户管理办法》第六十七条、,《人民币银行结算账户管理办法》第六十七条,"截断后缀""、""",金融/账户
《人民币银行结算账户管理办法》第二十八条“符合开立一般存款账户、其他专用存款,《人民币银行结算账户管理办法》第二十八条,"截断后缀""“符合开立一般存款账户、其他专用存款""",金融/账户
《期货交易管理条例》第二十六条和,《期货交易管理条例》第二十六条,"截断后缀""和""",金融/账户
《企业银行结算账户管理办法》第四十四条、,《企业银行结算账户管理办法》第四十四条,"截断后缀""、""",金融/账户
《中华人民共和国商业银行法》第二十四条和,《中华人民共和国商业银行法》第二十四条,"截断后缀""和""",金融/账户
《金融许可证管理办法》第十四条、十六条、十八条,《金融许可证管理办法》第十四条,"截断后缀""、十六条、十八条""",金融/账户
"《征信业管理条例》第四十条,",《征信业管理条例》第四十条,"截断后缀"",""",金融/账户
"《金融违法行为处罚办法》第十四条,",《金融违法行为处罚办法》第十四条,"截断后缀"",""",金融/账户
《金融机构大额交易和可疑交易报告管理办法》第十三条第二、九、十三项,《金融机构大额交易和可疑交易报告管理办法》第十三条,"截断后缀""第二、九、十三项""",金融/账户
《中华人民共和国银行业监督管理法》第四十六条的相关规定,《中华人民共和国银行业监督管理法》第四十六条,"截断后缀""的相关规定""",金融/账户
依据《中华人民共和国食品安全法》第一百二十六条第一款第三项,《中华人民共和国食品安全法》第一百二十六条第一款第三项,"去除前缀""依据""",食品药品
依据《中华人民共和国药品管理法》第七十四条,《中华人民共和国药品管理法》第七十四条,"去除前缀""依据""",食品药品
《农药管理条例》第四十五条第一款第﹝一﹞项,《农药管理条例》第四十五条第一款,"截断后缀""第﹝一﹞项""",食品药品
《农药管理条例》第十六条、,《农药管理条例》第十六条,"截断后缀""、""",食品药品
依据《中华人民共和国食品安全法》第一百二十五条第一款、第一百二十六条第一款,《中华人民共和国食品安全法》第一百二十五条第一款、第一百二十六条第一款,"去除前缀""依据""",食品药品
"《中华人民共和国食品安全法实施条例》第二十一条,",《中华人民共和国食品安全法实施条例》第二十一条,"截断后缀"",""",食品药品
《药品管理法》和本条,《药品管理法》,"截断后缀""和本条""",食品药品
《药品管理法》第一百一十七条第一款和,《药品管理法》第一百一十七条第一款,"截断后缀""和""",食品药品
《化妆品监督管理条例》第三十八条第一款和,《化妆品监督管理条例》第三十八条第一款,"截断后缀""和""",食品药品
依据《中华人民共和国食品安全》第一百二十四条第一款第一项,《中华人民共和国食品安全》第一百二十四条第一款第一项,"去除前缀""依据""",食品药品
《中华人民中华国食品安全法》第三十四条十三项,《中华人民中华国食品安全法》第三十四条,"截断后缀""十三项""",食品药品
依据《中华人民共和国药品管理法》第一百二十六条,《中华人民共和国药品管理法》第一百二十六条,"去除前缀""依据""",食品药品
《药品管理法》第一百二十六条的规定给予湖北金龙药业有限公司罚款,《药品管理法》第一百二十六条的规定,"截断后缀""给予湖北金龙药业有限公司罚款""",食品药品
《化妆品监督管理条例》第六十二条第一款第二项进行处罚:1.警告;2.罚款,《化妆品监督管理条例》第六十二条第一款第二项,"截断后缀""进行处罚:1.警告;2.罚款""",食品药品
《化妆品卫生监督条例实施细则》第五十六条“,《化妆品卫生监督条例实施细则》第五十六条,"截断后缀""“""",食品药品
"《中国人民共和国食品安全法》第42条,",《中国人民共和国食品安全法》第42条,"截断后缀"",""",食品药品
《中国人民共和国食品安全法》第86条第1项、,《中国人民共和国食品安全法》第86条第1项,"截断后缀""、""",食品药品
《广西壮族自治区药品监管行政处罚自由裁量权裁量基准》第四条第一款、第二款及第二款第(二)项:“本条是对,《广西壮族自治区药品监管行政处罚自由裁量权裁量基准》第四条第一款、第二款及第二款第(二)项,"截断后缀"":“本条是对""",食品药品
《中华人民共和国食品安全法实施条例》第六十九条第三项转,《中华人民共和国食品安全法实施条例》第六十九条第三项,"截断后缀""转""",食品药品
《药品经营质量管理规范》第一百一十七条和,《药品经营质量管理规范》第一百一十七条,"截断后缀""和""",食品药品
《中华人民共和食品安全法》第八十四条和,《中华人民共和食品安全法》第八十四条,"截断后缀""和""",食品药品
《药品经营质量管理规范》第一百六十一条第(一)项和,《药品经营质量管理规范》第一百六十一条第(一)项,"截断后缀""和""",食品药品
根据《中华人民共和国药品管理法》第七十八条,《中华人民共和国药品管理法》第七十八条,"去除前缀""根据""",食品药品
《浙江省食品行政处罚自由裁量细化标准》第（一）条,《浙江省食品行政处罚自由裁量细化标准》第（一）,"截断后缀""条""",食品药品
《安徽省食品安全条例》第十条和,《安徽省食品安全条例》第十条,"截断后缀""和""",食品药品
《安徽省食品安全条例》第三十五条第一款第（四）项、,《安徽省食品安全条例》第三十五条第一款第（四）项,"截断后缀""、""",食品药品
《安徽省食品安全条例》第八十五条和,《安徽省食品安全条例》第八十五条,"截断后缀""和""",食品药品
根据《中华人民共和国食品安全法》第一百二十四条,《中华人民共和国食品安全法》第一百二十四条,"去除前缀""根据""",食品药品
根据《中华人民共和国食品安全法》第一百二十六条第二款,《中华人民共和国食品安全法》第一百二十六条第二款,"去除前缀""根据""",食品药品
根据《中华人民共和国食品安全法》第一百二十六条第一款,《中华人民共和国食品安全法》第一百二十六条第一款,"去除前缀""根据""",食品药品
根据《中华人民共和国食品安全法》第一百二十五条第一款第二项,《中华人民共和国食品安全法》第一百二十五条第一款第二项,"去除前缀""根据""",食品药品
"《北京市排水和再生水管理办法》第三十六条的规定,对北京腾飞大灶台餐饮有限公司作出罚款",《北京市排水和再生水管理办法》第三十六条的规定,"截断后缀"",对北京腾飞大灶台餐饮有限公司作出罚款""",食品药品
《吉林省食品药品监督管理系统行政处罚裁量基准一(食品类)（2015版）》第五条第（四）项：“,《吉林省食品药品监督管理系统行政处罚裁量基准一(食品类)（2015版）》第五条第（四）项,"截断后缀""：“""",食品药品
《北京市食品安全条例》第二十七条的规定依据,《北京市食品安全条例》第二十七条的规定,"截断后缀""依据""",食品药品
《北京市食品安全条例》第二十七条第一款的规定依据,《北京市食品安全条例》第二十七条第一款的规定,"截断后缀""依据""",食品药品
《化妆品广告管理办法》第十四条及,《化妆品广告管理办法》第十四条,"截断后缀""及""",食品药品
《国务院关于加强食品等产品安全监督管理的特别规定》第三条第二款、,《国务院关于加强食品等产品安全监督管理的特别规定》第三条第二款,"截断后缀""、""",食品药品
根据《广东省食品安全条例》第七十三条,《广东省食品安全条例》第七十三条,"去除前缀""根据""",食品药品
《国务院关于加强食品等产品安全监督管理的特别规定》第四条第二款和,《国务院关于加强食品等产品安全监督管理的特别规定》第四条第二款,"截断后缀""和""",食品药品
《化妆品广告管理办法》第十三条、第十四条及,《化妆品广告管理办法》第十三条、第十四条,"截断后缀""及""",食品药品
《化妆品广告管理办法》第八条第（三）项的规定依据,《化妆品广告管理办法》第八条第（三）项的规定,"截断后缀""依据""",食品药品
《药品流通监督管理办法》第三十五、依据,《药品流通监督管理办法》,"截断后缀""第三十五、依据""",食品药品
《药品、医疗器械、保健食品、特殊医学用途配方食品广告审查管理暂行办法》第二十条和,《药品、医疗器械、保健食品、特殊医学用途配方食品广告审查管理暂行办法》第二十条,"截断后缀""和""",食品药品
《药品广告审查发布标准》第七条第一款的规定依据,《药品广告审查发布标准》第七条第一款的规定,"截断后缀""依据""",食品药品
《药品生产质量管理规范》第二十七、三十四、一百五十三条,《药品生产质量管理规范》,"截断后缀""第二十七、三十四、一百五十三条""",食品药品
《广东省化妆品安全条例》第十条;,《广东省化妆品安全条例》第十条,"截断后缀"";""",食品药品
依据《食品生产许可管理办法》第五十三条第一款,《食品生产许可管理办法》第五十三条第一款,"去除前缀""依据""",食品药品
依据《食品标识管理规定》第二十七条的规定,《食品标识管理规定》第二十七条的规定,"去除前缀""依据""",食品药品
《检验报告》第五页序号03检验项目：食品标签标示内容各项,《检验报告》,"截断后缀""第五页序号03检验项目：食品标签标示内容...""",食品药品
《浙江省食品小作坊小餐饮店小食杂店和食品摊贩管理规定》第二十一条第二款款,《浙江省食品小作坊小餐饮店小食杂店和食品摊贩管理规定》第二十一条第二款,"截断后缀""款""",食品药品
《直接接触药品的包装材料和容器管理办法》第六十五条、,《直接接触药品的包装材料和容器管理办法》第六十五条,"截断后缀""、""",食品药品
依据《中华人民共和国食品安全法》第一百二十六条第一款第五项,《中华人民共和国食品安全法》第一百二十六条第一款第五项,"去除前缀""依据""",食品药品
依据《药品召回管理办法》第三十二条,《药品召回管理办法》第三十二条,"去除前缀""依据""",食品药品
《广东省食品安全条例》第二十九条第一款规定,《广东省食品安全条例》第二十九条第一款,"截断后缀""规定""",食品药品
依据《广东省食品安全条例》第六十条,《广东省食品安全条例》第六十条,"去除前缀""依据""",食品药品
《生活饮用水卫生监督管理办法》第二十六条第一款第(四)项本机关决定作出1、警告;2、罚款,《生活饮用水卫生监督管理办法》第二十六条第一款第(四)项,"截断后缀""本机关决定作出1、警告;2、罚款""",食品药品
依据《药品流通监督管理办法》第三十八条第一款,《药品流通监督管理办法》第三十八条第一款,"去除前缀""依据""",食品药品
《福建省食品药品监督管理局行政处罚裁量基准（二）》第SPAQ-22条第A项,《福建省食品药品监督管理局行政处罚裁量基准（二）》,"截断后缀""第SPAQ-22条第A项""",食品药品
《化妆品监督管理条例》第三十八条规定,《化妆品监督管理条例》第三十八条,"截断后缀""规定""",食品药品
《广东省药品规范行政处罚自由裁量权适用规则》第九条第（二）项、,《广东省药品规范行政处罚自由裁量权适用规则》第九条第（二）项,"截断后缀""、""",食品药品
《北京市生活饮用水卫生监督管理条例》第七条第(十一)项规定,《北京市生活饮用水卫生监督管理条例》第七条第(十一)项,"截断后缀""规定""",食品药品
《北京市生活饮用水卫生监督管理条例》第十条第一款规定,《北京市生活饮用水卫生监督管理条例》第十条第一款,"截断后缀""规定""",食品药品
"《北京市生活饮用水卫生监督管理条例》第十条第一款规定,依据",《北京市生活饮用水卫生监督管理条例》第十条第一款,"截断后缀""规定,依据""",食品药品
《饲料和饲料添加剂管理条例》第十八条和,《饲料和饲料添加剂管理条例》第十八条,"截断后缀""和""",食品药品
依据《生活饮用水卫生监督管理办法》第二十六条第四项的规定,《生活饮用水卫生监督管理办法》第二十六条第四项的规定,"去除前缀""依据""",食品药品
依据《生活饮用水卫生监督管理办法》第二十六条第(四)项;????行政处罚内容:罚款,《生活饮用水卫生监督管理办法》第二十六条第(四)项,"去除前缀""依据""; 截断后缀"";????行政处罚内容:罚款""",食品药品
依据《生活饮用水卫生监督管理办法》第二十五条第(三)项,《生活饮用水卫生监督管理办法》第二十五条第(三)项,"去除前缀""依据""",食品药品
依据《生活饮用水卫生监督管理办法》第二十七条,《生活饮用水卫生监督管理办法》第二十七条,"去除前缀""依据""",食品药品
依据《浙江省城市供水管理办法》第四十条第一款第（四）项、第三款,《浙江省城市供水管理办法》第四十条第一款第（四）项、第三款,"去除前缀""依据""",食品药品
《中华人民共和国食品安全法》第一百二十四条第二款处以罚款,《中华人民共和国食品安全法》第一百二十四条第二款,"截断后缀""处以罚款""",食品药品
依据《北京市生活饮用水卫生监督管理条例》第二十一条第一项,《北京市生活饮用水卫生监督管理条例》第二十一条第一项,"去除前缀""依据""",食品药品
依据《北京市生活饮用水卫生监督管理条例》第二十一条第(二)项,《北京市生活饮用水卫生监督管理条例》第二十一条第(二)项,"去除前缀""依据""",食品药品
《中华人民共和国食品安全法》第一百二十四条第二款、,《中华人民共和国食品安全法》第一百二十四条第二款,"截断后缀""、""",食品药品
依据《化妆品监督管理条例》第六十二条第一款第二项,《化妆品监督管理条例》第六十二条第一款第二项,"去除前缀""依据""",食品药品
依据《化妆品监督管理条例》第六十一条第一款第一项,《化妆品监督管理条例》第六十一条第一款第一项,"去除前缀""依据""",食品药品
依据《化妆品监督管理条例》第六十一条第一款,《化妆品监督管理条例》第六十一条第一款,"去除前缀""依据""",食品药品
依据《化妆品卫生监督条例实施细则》第四十五条第七项,《化妆品卫生监督条例实施细则》第四十五条第七项,"去除前缀""依据""",食品药品
《中华人民共和国食品安全法》第一百二十四条第二款;,《中华人民共和国食品安全法》第一百二十四条第二款,"截断后缀"";""",食品药品
《中华人民共和国食品安全法》第一百二十四条第一款第五项的规定罚款,《中华人民共和国食品安全法》第一百二十四条第一款第五项的规定,"截断后缀""罚款""",食品药品
《中华人民共和国药品管理法》第一百一十七条第一款和,《中华人民共和国药品管理法》第一百一十七条第一款,"截断后缀""和""",食品药品
《中华人民共和国药品管理法》第一百一十六条、,《中华人民共和国药品管理法》第一百一十六条,"截断后缀""、""",食品药品
《中华人民共和国药品管理法》第一百条第二款和,《中华人民共和国药品管理法》第一百条第二款,"截断后缀""和""",食品药品
《中华人民共和国药品管理法》第七十三条条,《中华人民共和国药品管理法》第七十三条,"截断后缀""条""",食品药品
"《中华人民共和国食品安全法》第一百二十四条第一款第(一)项,",《中华人民共和国食品安全法》第一百二十四条第一款第(一)项,"截断后缀"",""",食品药品
《中华人民共和国食品安全法》第一百二十四条第一款和,《中华人民共和国食品安全法》第一百二十四条第一款,"截断后缀""和""",食品药品
依据《黑龙江省生活饮用水卫生监督管理条例》第四十八条第(一)项,《黑龙江省生活饮用水卫生监督管理条例》第四十八条第(一)项,"去除前缀""依据""",食品药品
"《中华人民共和国食品安全法》第三十四条第（十三）项,",《中华人民共和国食品安全法》第三十四条第（十三）项,"截断后缀"",""",食品药品
"《中华人民共和国食品安全法》第三十四条第（十一）项,",《中华人民共和国食品安全法》第三十四条第（十一）项,"截断后缀"",""",食品药品
《中华人民共和国食品安全法》第三十四条第（二）款（法律法规名称及其条、款、项,《中华人民共和国食品安全法》第三十四条第（二）款,"截断后缀""（法律法规名称及其条、款、项""",食品药品
《中华人民共和国食品安全法》第三十四条第﹝四﹞项,《中华人民共和国食品安全法》第三十四条,"截断后缀""第﹝四﹞项""",食品药品
《中华人民共和国食品安全法》第三十四条第﹝六﹞项、第四十六条第﹝二﹞项,《中华人民共和国食品安全法》第三十四条第﹝六﹞项、第四十六条,"截断后缀""第﹝二﹞项""",食品药品
《中华人民共和国食品安全法》第三十四条第二项依据,《中华人民共和国食品安全法》第三十四条第二项,"截断后缀""依据""",食品药品
"《中华人民共和国食品安全法》第三十四条第二项,",《中华人民共和国食品安全法》第三十四条第二项,"截断后缀"",""",食品药品
"《进出口食品安全管理办法》第五十二条,",《进出口食品安全管理办法》第五十二条,"截断后缀"",""",食品药品
《中华人民共和国食品安全法》第二十八条二项,《中华人民共和国食品安全法》第二十八条,"截断后缀""二项""",食品药品
《中华人民共和国食品安全法》第二十九条第一款的规定依据,《中华人民共和国食品安全法》第二十九条第一款的规定,"截断后缀""依据""",食品药品
《中华人民共和国食品安全法》第二十九条第一款之规定依据,《中华人民共和国食品安全法》第二十九条第一款之规定,"截断后缀""依据""",食品药品
《中华人民共和国食品安全法》第三十四条规定,《中华人民共和国食品安全法》第三十四条,"截断后缀""规定""",食品药品
《中华人民共和国食品安全法》第二十九条第一款和,《中华人民共和国食品安全法》第二十九条第一款,"截断后缀""和""",食品药品
《中华人民共和国药品管理法》第七十四条、,《中华人民共和国药品管理法》第七十四条,"截断后缀""、""",食品药品
《中华人民共和国食品安全法》第三十三条第一款第六项条,《中华人民共和国食品安全法》第三十三条第一款第六项,"截断后缀""条""",食品药品
《中华人民共和国食品安全法》第三十七条第四十一条规定,《中华人民共和国食品安全法》第三十七条第四十一条,"截断后缀""规定""",食品药品
《中华人民共和国食品安全法》第七十三条第一款和,《中华人民共和国食品安全法》第七十三条第一款,"截断后缀""和""",食品药品
根据北京市生活饮用水卫生监督管理条例》第二十一条第(三)项,北京市生活饮用水卫生监督管理条例》第二十一条第(三)项,"去除前缀""根据""",食品药品
根据《生活饮用水卫生监督管理办法》第二十六条第(四)项的规定;行政处罚内容:罚款,《生活饮用水卫生监督管理办法》第二十六条第(四)项的规定,"去除前缀""根据""; 截断后缀"";行政处罚内容:罚款""",食品药品
"《中华人民共和国食品安全法》第七十一条第一款,",《中华人民共和国食品安全法》第七十一条第一款,"截断后缀"",""",食品药品
根据《北京市生活饮用水卫生监督管理条例》第二十一条第(三)项,《北京市生活饮用水卫生监督管理条例》第二十一条第(三)项,"去除前缀""根据""",食品药品
根据《北京市生活饮用水卫生监督管理条例》第二十一条第(一)项,《北京市生活饮用水卫生监督管理条例》第二十一条第(一)项,"去除前缀""根据""",食品药品
根据《农药管理条例》第五十五条第一款第二项,《农药管理条例》第五十五条第一款第二项,"去除前缀""根据""",食品药品
《中华人民共和国食品安全法》第一百四十条第一款和,《中华人民共和国食品安全法》第一百四十条第一款,"截断后缀""和""",食品药品
"《中华人民共和国食品安全法》第七十一条第二款,",《中华人民共和国食品安全法》第七十一条第二款,"截断后缀"",""",食品药品
《中华人民共和国食品安全法》第三十四条第一款二项,《中华人民共和国食品安全法》第三十四条第一款,"截断后缀""二项""",食品药品
《中华人民共和国食品安全法》第三十四条第〔二〕项,《中华人民共和国食品安全法》第三十四条,"截断后缀""第〔二〕项""",食品药品
"《中华人民共和国食品安全法》第三十四条第(二)项,",《中华人民共和国食品安全法》第三十四条第(二)项,"截断后缀"",""",食品药品
《中华人民共和国食品安全法》第三十四条第(三)项及六十八条,《中华人民共和国食品安全法》第三十四条第(三)项,"截断后缀""及六十八条""",食品药品
《中华人民共和国食品安全法》第三十四条第(三)项及,《中华人民共和国食品安全法》第三十四条第(三)项,"截断后缀""及""",食品药品
《中华人民共和国食品安全法》第三十四条第〔四〕项,《中华人民共和国食品安全法》第三十四条,"截断后缀""第〔四〕项""",食品药品
《中华人民共和国药品管理法》第七十四条以及,《中华人民共和国药品管理法》第七十四条,"截断后缀""以及""",食品药品
《中华人民共和国药品管理法》第七十四条依据,《中华人民共和国药品管理法》第七十四条,"截断后缀""依据""",食品药品
《中华人民共和国食品安全法》第一百二十五条第一款、第一百二十六条第一款七项,《中华人民共和国食品安全法》第一百二十五条第一款、第一百二十六条第一款,"截断后缀""七项""",食品药品
《中华人民共和国食品安全法》第一百二十二条第一款和,《中华人民共和国食品安全法》第一百二十二条第一款,"截断后缀""和""",食品药品
《中华人民共和国食品安全法》第一百二十二条第一款、,《中华人民共和国食品安全法》第一百二十二条第一款,"截断后缀""、""",食品药品
"《中华人民共和国食品安全法》第一百二十六条第一款第十三项,",《中华人民共和国食品安全法》第一百二十六条第一款第十三项,"截断后缀"",""",食品药品
"《中华人民共和国食品安全法》第一百二十五条第二项,",《中华人民共和国食品安全法》第一百二十五条第二项,"截断后缀"",""",食品药品
《中华人民共和国食品安全 法》第一百二十四第一款第(一):“项,《中华人民共和国食品安全 法》第一百二十四第一款第(一),"截断后缀"":“项""",食品药品
"《济南市生活饮用水卫生监督管理办法》第九条(五),依据",《济南市生活饮用水卫生监督管理办法》第九条(五),"截断后缀"",依据""",食品药品
《中华人民共和国食品安全法》第一百二十三条第（一）项、,《中华人民共和国食品安全法》第一百二十三条第（一）项,"截断后缀""、""",食品药品
《生活饮用水卫生监督管理办法》第二十七条、,《生活饮用水卫生监督管理办法》第二十七条,"截断后缀""、""",食品药品
《中华人民共和国药品管理法》第五十九条第二款之规定依据,《中华人民共和国药品管理法》第五十九条第二款之规定,"截断后缀""依据""",食品药品
《中华人民共和国药品管理法》第十六条第一款、第十八条和,《中华人民共和国药品管理法》第十六条第一款、第十八条,"截断后缀""和""",食品药品
《中华人民共和国药品管理法》第五十九条第一款的规定依据,《中华人民共和国药品管理法》第五十九条第一款的规定,"截断后缀""依据""",食品药品
《中华人民共和国药品管理法》第四十九条第一款的规定因按,《中华人民共和国药品管理法》第四十九条第一款的规定,"截断后缀""因按""",食品药品
《中华人民共和国药品管理法》第七十四条和,《中华人民共和国药品管理法》第七十四条,"截断后缀""和""",食品药品
《中华人民共和国药品管理法》第九十八条第一款和,《中华人民共和国药品管理法》第九十八条第一款,"截断后缀""和""",食品药品
《中华人民共和国药品管理法》第九条第一款、,《中华人民共和国药品管理法》第九条第一款,"截断后缀""、""",食品药品
《生活饮用水卫生监督管理办法》第二十六条第(四)项行政处罚的履行方式和期限:罚款,《生活饮用水卫生监督管理办法》第二十六条第(四)项,"截断后缀""行政处罚的履行方式和期限:罚款""",食品药品
《中华人民共和国药品管理法实施条例》第六十八条和,《中华人民共和国药品管理法实施条例》第六十八条,"截断后缀""和""",食品药品
《中华人民共和国药品管理法实施条例》第四十三条和,《中华人民共和国药品管理法实施条例》第四十三条,"截断后缀""和""",食品药品
《中华人民共和国食品安全法》第一百二十四条第一、二款,《中华人民共和国食品安全法》第一百二十四条,"截断后缀""第一、二款""",食品药品
《食品安全法》第三十四条以及,《食品安全法》第三十四条,"截断后缀""以及""",食品药品
《食品安全法》第七十一条;,《食品安全法》第七十一条,"截断后缀"";""",食品药品
《食品安全法》第一百二十六第一款第（七）项和,《食品安全法》第一百二十六第一款第（七）项,"截断后缀""和""",食品药品
《食品安全法》第一百二十六条我们建议对当事人作如下处罚：罚款,《食品安全法》第一百二十六条,"截断后缀""我们建议对当事人作如下处罚：罚款""",食品药品
《食品安全法》第八十五条第（七）项、第八十七条第（二）（五）-警告、没收物品、罚款,《食品安全法》第八十五条第（七）项、第八十七条第（二）（五）,"截断后缀""-警告、没收物品、罚款""",食品药品
《食品安全国家标准预包装食品标签通则》第4.1.3.1.4条,《食品安全国家标准预包装食品标签通则》,"截断后缀""第4.1.3.1.4条""",食品药品
《食品安全国家标准糕点、面包》第一项检验项,《食品安全国家标准糕点、面包》第一项,"截断后缀""检验项""",食品药品
《食品安全实施条例》第七十条规定,《食品安全实施条例》第七十条,"截断后缀""规定""",食品药品
《食品安全法》第八十六第一款第二项“根据,《食品安全法》第八十六第一款第二项,"截断后缀""“根据""",食品药品
《中华人民共和国食品安全法》第四十八条第三款和,《中华人民共和国食品安全法》第四十八条第三款,"截断后缀""和""",食品药品
《食品生产加工企业质量安全监督管理实施细则（试行）》第八十条第一款“取得食品生产许可证的企业生产条,《食品生产加工企业质量安全监督管理实施细则（试行）》第八十条第一款,"截断后缀""“取得食品生产许可证的企业生产条""",食品药品
《中华人民共和国食品安全法》第四十六条第一款第二项“食品生产企业应当就下列事项,《中华人民共和国食品安全法》第四十六条第一款第二项,"截断后缀""“食品生产企业应当就下列事项""",食品药品
《中华人民共和国食品安全法》第四十六条第（二）项：“食品生产企业应当就下列事项,《中华人民共和国食品安全法》第四十六条第（二）项,"截断后缀""：“食品生产企业应当就下列事项""",食品药品
《食品安全法》第四十二条第一项第九款和,《食品安全法》第四十二条第一项第九款,"截断后缀""和""",食品药品
《食品安全法》第四十二条第一款第（七）项及,《食品安全法》第四十二条第一款第（七）项,"截断后缀""及""",食品药品
《食品生产加工企业质量安全监督管理实施细则（试行）》第三十五条第二款“企业的生产条,《食品生产加工企业质量安全监督管理实施细则（试行）》第三十五条第二款,"截断后缀""“企业的生产条""",食品药品
《食品广告发布暂行规定》第七条及第十三条的规定依据,《食品广告发布暂行规定》第七条及第十三条的规定,"截断后缀""依据""",食品药品
《食品广告发布暂行规定》第七条的规定依据,《食品广告发布暂行规定》第七条的规定,"截断后缀""依据""",食品药品
《食品法安全法》第六十八条的规定和,《食品法安全法》第六十八条的规定,"截断后缀""和""",食品药品
《食品标识管理规定》第三十条、,《食品标识管理规定》第三十条,"截断后缀""、""",食品药品
《食品广告发布暂行规定》第七条和第十三条的规定依据,《食品广告发布暂行规定》第七条和第十三条的规定,"截断后缀""依据""",食品药品
《食品广告发布暂行规定》第四条的规定依据,《食品广告发布暂行规定》第四条的规定,"截断后缀""依据""",食品药品
《食品广告发布暂行规定》第十三条的规定依据,《食品广告发布暂行规定》第十三条的规定,"截断后缀""依据""",食品药品
《食品广告发布暂行规定》第十三条之规定依据,《食品广告发布暂行规定》第十三条之规定,"截断后缀""依据""",食品药品
《食品广告发布暂行规定》第九条的规定依据,《食品广告发布暂行规定》第九条的规定,"截断后缀""依据""",食品药品
《中华人民共和国食品安全法》第六十七、七十一条,《中华人民共和国食品安全法》,"截断后缀""第六十七、七十一条""",食品药品
《中华人民共和国食品安全法》第八十四条及,《中华人民共和国食品安全法》第八十四条,"截断后缀""及""",食品药品
《中华人民共和国食品安全法》第八十四条、进行处罚：没收、罚款,《中华人民共和国食品安全法》第八十四条,"截断后缀""、进行处罚：没收、罚款""",食品药品
《中华人民共和国食品安全法》第八十四条、第八十七条第（五）项的规定罚款,《中华人民共和国食品安全法》第八十四条、第八十七条第（五）项的规定,"截断后缀""罚款""",食品药品
《中华人民共和国食品安全法》第八十六条和,《中华人民共和国食品安全法》第八十六条,"截断后缀""和""",食品药品
《中华人民共和国食品安全法》第八十五条第的规定依据,《中华人民共和国食品安全法》第八十五条第的规定,"截断后缀""依据""",食品药品
《中华人民共和国食品安全法》第八十四条、第八十七条第（五）项的规定罚款,《中华人民共和国食品安全法》第八十四条、第八十七条第（五）项的规定,"截断后缀""罚款""",食品药品
《中华人民共和国食品安全法》第二十八条二项,《中华人民共和国食品安全法》第二十八条,"截断后缀""二项""",食品药品
"《中华人民共和国食品安全法》第六十二条第一款,",《中华人民共和国食品安全法》第六十二条第一款,"截断后缀"",""",食品药品
"《中华人民共和国食品安全法》第六十七条第一款第九项,",《中华人民共和国食品安全法》第六十七条第一款第九项,"截断后缀"",""",食品药品
《中华人民共和国食品安全法》第六十七条第一款第二项及,《中华人民共和国食品安全法》第六十七条第一款第二项,"截断后缀""及""",食品药品
《中华人民共和国食品安全法》第二十八条第二项规定依据,《中华人民共和国食品安全法》第二十八条第二项,"截断后缀""规定依据""",食品药品
《中华人民共和国食品安全法》第二十八条第二项的规定依据,《中华人民共和国食品安全法》第二十八条第二项的规定,"截断后缀""依据""",食品药品
《中华人民共和国食品安全法》第八十五条和,《中华人民共和国食品安全法》第八十五条,"截断后缀""和""",食品药品
《中华人民共和国食品安全法》第五十二条规定,《中华人民共和国食品安全法》第五十二条,"截断后缀""规定""",食品药品
《中华人民共和国食品安全法》第五十二条第一款的规定依据,《中华人民共和国食品安全法》第五十二条第一款的规定,"截断后缀""依据""",食品药品
《中华人民共和国食品安全法》第五十二条的规定依据,《中华人民共和国食品安全法》第五十二条的规定,"截断后缀""依据""",食品药品
《食品安全国家标准 预包装食品标签通则》第4.1.4.1条款,《食品安全国家标准 预包装食品标签通则》,"截断后缀""第4.1.4.1条款""",食品药品
《食品安全国家标准GB25190-2010》第5.1项,《食品安全国家标准GB25190-2010》,"截断后缀""第5.1项""",食品药品
《中华人民共和国食品安全法》第四十二条第一款的规定依据,《中华人民共和国食品安全法》第四十二条第一款的规定,"截断后缀""依据""",食品药品
《中华人民共和国食品安全法》第四十一条第二款的规定依据,《中华人民共和国食品安全法》第四十一条第二款的规定,"截断后缀""依据""",食品药品
《化妆品监督管理条例》第十七条规定,《化妆品监督管理条例》第十七条,"截断后缀""规定""",食品药品
《中华人民共和国食品安全法》第四十八条第一款的规定依据,《中华人民共和国食品安全法》第四十八条第一款的规定,"截断后缀""依据""",食品药品
《预包装食品营养标签通则》第6.2项,《预包装食品营养标签通则》,"截断后缀""第6.2项""",食品药品
《预包装食品营养标签通则》第6.2条,《预包装食品营养标签通则》,"截断后缀""第6.2条""",食品药品
《预包装食品标签通则》第3.4条、第4.1.4.2条,《预包装食品标签通则》,"截断后缀""第3.4条、第4.1.4.2条""",食品药品
《预包装食品标签通则》第3.4条,《预包装食品标签通则》,"截断后缀""第3.4条""",食品药品
《中华人民共和国食品安全法》第四十五条条,《中华人民共和国食品安全法》第四十五条,"截断后缀""条""",食品药品
《化妆品监督管理条例》第六十九条、,《化妆品监督管理条例》第六十九条,"截断后缀""、""",食品药品
《化妆品监督管理条例》第六十八条化妆品经营者履行了本条,《化妆品监督管理条例》第六十八条,"截断后缀""化妆品经营者履行了本条""",食品药品
《预包装食品标签通则》第4.1.4.2条,《预包装食品标签通则》,"截断后缀""第4.1.4.2条""",食品药品
